Store,Analyst,Industry,Type,Title,Link,Published,Summary,Date_Appended
O'Reilly Auto Parts,Bhavesh Phulwani,Mass Merchandisers,Closing,Allgaier passes Crews late for O’Reilly Series win at Nashville - NASCAR.com,https://news.google.com/rss/articles/CBMingFBVV95cUxQXzZFR2FILWczWE1YbmRYelpyUnpmaVlzS3FwQnZZZ19LTXZQRHl0OGZYcmRSLTNUdk85NWR6V0FVT2o1d1Zhdkl0V0p0X0ZjS1hieTlySFEtakgtNHBVcFU5X3BiMkpCRWpZSHBKME1JOFczYThlME9ub2h1OWRpS2VEVGpQVHFoMTFWX0k5ejhBbUpEbmRMdHNUZm9oQQ?oc=5,2026-05-31 04:14:52+00:00,Allgaier passes Crews late for O’Reilly Series win at Nashville NASCAR.com,2026-05-31
O'Reilly Auto Parts,Bhavesh Phulwani,Mass Merchandisers,Closing,Justin Allgaier prevails in door-to-door NASCAR O’Reilly Auto Parts Series showdown in Nashville - roundtable.io,https://news.google.com/rss/articles/CBMi0wFBVV95cUxNMTVVOVFpVWFmQ2VJUzM1S3FJMzZGOXh4b1ItenBrTEtlb3Bxa0FzbHB5ZmQtbHl3NE5lcl9Sc0dhN1dvb1VYN2FiSlRqcVUzaUc1c0M3Q1JpX1FJSjFZMHBKU1kxdS1fOFp0V0VCUEdoMmhQeTJiT1ZjNl9rSXF4X3Vna2htWVgySU1Hdi1uYjdCR2VaYloxVndteTJBT2dVUTloV2JBYzVzS2c0ZVMwdENReFljcFBrYlYzRi1oUjRsaXgzOWtoQncwZzFXWnB3WUU0?oc=5,2026-05-31 03:55:02+00:00,Justin Allgaier prevails in door-to-door NASCAR O’Reilly Auto Parts Series showdown in Nashville roundtable.io,2026-05-31
Love's Travel Stops and Country Stores,Harsimranjeet Singh Ghelani,Convenience Stores / Distributors,Closing,This Buc-ee's competitor is making a $6M investment in its Texas rest stops - AOL.com,https://news.google.com/rss/articles/CBMifEFVX3lxTE5uZHAxVV8zVkl0UFI0STNQTjNUTTNyWXdDdF9FeHZia1hxZFpwSExpMjc5SWxTYmRTZEpydFhIYTJUck5EUDNkRVVWUlFDQTRTTUtlZ19yZlpxZzU1b3lPSmlHWFdCZ2JVN2dSMGp1X21WZ1R6Wm15Zm1YV2E?oc=5,2026-05-31 03:50:45+00:00,This Buc-ee's competitor is making a $6M investment in its Texas rest stops AOL.com,2026-05-31
Papa John's,Vishwas Shah,Restaurants,Closing,Major pizza chain might sell business after closing 250 locations - thestreet.com,https://news.google.com/rss/articles/CBMimwFBVV95cUxOMFE3Z1laN3ZvaEkwZHNhVXJmM3B4M0JGcXFSdFhWak1VZVl5aW1aeHdUUUpDWU9yZFdwUldGTm5iSVBwT3lNcU9KZjdTbWZNZHFZTGY4aFBLNzdtYk9JTWowVzcyNmVxeURJVXJib3doVGptUlFvU19sOWUycFBxZUp0RXpFWWFtaGxnSEFsR2xqRnZ4T1ZVdzZocw?oc=5,2026-05-31 00:09:00+00:00,Major pizza chain might sell business after closing 250 locations thestreet.com,2026-05-31
Domino's Pizza,Dhiraj Manghani,Restaurants,Closing,Major pizza chain might sell business after closing 250 locations - thestreet.com,https://news.google.com/rss/articles/CBMimwFBVV95cUxOMFE3Z1laN3ZvaEkwZHNhVXJmM3B4M0JGcXFSdFhWak1VZVl5aW1aeHdUUUpDWU9yZFdwUldGTm5iSVBwT3lNcU9KZjdTbWZNZHFZTGY4aFBLNzdtYk9JTWowVzcyNmVxeURJVXJib3doVGptUlFvU19sOWUycFBxZUp0RXpFWWFtaGxnSEFsR2xqRnZ4T1ZVdzZocw?oc=5,2026-05-31 00:09:00+00:00,Major pizza chain might sell business after closing 250 locations thestreet.com,2026-05-31
Piggly Wiggly,Harsimranjeet Singh Ghelani,Grocery,Closing,Downtown Sumter Piggly Wiggly to close July 12 after 42 years - WLTX,https://news.google.com/rss/articles/CBMi6AFBVV95cUxOUDJnSXBpWm1YVDEwU2U2OWFXbFVCeDJxNTAxM2ZIMlFDdGgyZFBUVjVJbE5VdUhPSFc4QWFFSHRrVURMdkVTQzFXMlBONXNxU21PNFhpeW52ZEc1OW96YUpYeTJTYURaWTUyZm1id1QtRU1taWZJTUYtelJJYTJFNHUzR3ZneDdkX1ZvNVA3ZGs4N2RxU1RfUFZqTUtfRjJmWHZjNUthSGhfMktmdDBFZWtOS2xNaF91ZTJkQWw0eEwxNVFVVm9PMFlONENQbHFNUFA4Sld1MTdxMld2M19qRjNiNFFfTDh2?oc=5,2026-05-30 23:22:00+00:00,Downtown Sumter Piggly Wiggly to close July 12 after 42 years WLTX,2026-05-31
Piggly Wiggly,Harsimranjeet Singh Ghelani,Grocery,Closing,Downtown Sumter Piggly Wiggly closing after more than 40 years - WLTX,https://news.google.com/rss/articles/CBMi8wFBVV95cUxOXzRCdkFPalJ0RzRXemNhQkRKckdhSW5RMWUxbEk4X0xkQUtsczl2RWd2SG4xRnlOVGFFbThpQjZyakFkeUEwSFF1LU9Jb3pBenMwVDl6M056SUp4SC1YVkc1WW1TTEl2dXZfS05mNjlLdVZBaDR5RmlXeVhZZ3FEMmRQd0hfU3B2SXowOUlZWlQwb1EyVjBVZF9vNlJ4MmFoTnBmX2hqbnlocVExNGxBUU54c1E2bTh6ZFcyeE95LXZRRmlGMnBEZ09UU2pHNENOemZxMU5QRzBnNWJxV1llZmxINVNSQV96NnZvT0Z0RnFPajg?oc=5,2026-05-30 23:05:00+00:00,Downtown Sumter Piggly Wiggly closing after more than 40 years WLTX,2026-05-31
Barnes and Noble,Ashwin Nair,Mass Merchandisers,Opening,Barnes & Noble announces Turlock grand opening date - Turlock Journal,https://news.google.com/rss/articles/CBMilwFBVV95cUxQY2VQR3FQLTdjaU1IR2VoVDZ3eFQxSlZ4WERCdWpGUXhxVWs0WHJqTkw1a0FFQVNpM1VDWmlXOGVSVExzc3JnQWJ4VEVtUU50dFdJMm9GNWFSUjFTRVByTWVDc09uNmR1eDhtWHF4alRLOVVscm1ibEVOMEx5Y3VxSXV3Z1lERGNyN0RNWTBoVENjcEUwVU5n?oc=5,2026-05-30 20:05:29+00:00,Barnes & Noble announces Turlock grand opening date Turlock Journal,2026-05-31
Golf Galaxy,Bhavesh Phulwani,Mass Merchandisers,Closing,Dick’s Sporting Goods may close many of its Golf Galaxy stores - GolfWRX,https://news.google.com/rss/articles/CBMimAFBVV95cUxQVW9jSklReWt0aHBMQVJKc0tZWlRQRGxqUkFDZ0JtNU0teEZ4VUl4MFpsOTN5X3R6SnhpZTc0cERpaWthRU1tQ2JHQWNncTZMOUFtc3dCT0t4c25uU2VTUkhyY2VsbmZaLUtNdEZKeDFSZWRwejNGU1BWVXF2eTdSU1BIRGVrRWRDeTVOemdiYlJsZGNPbnpuOA?oc=5,2026-05-30 16:06:27+00:00,Dick’s Sporting Goods may close many of its Golf Galaxy stores GolfWRX,2026-05-31
Dick's Sporting Goods,Ashwin Nair,Mass Merchandisers,Closing,Dick’s Sporting Goods may close many of its Golf Galaxy stores - GolfWRX,https://news.google.com/rss/articles/CBMimAFBVV95cUxQVW9jSklReWt0aHBMQVJKc0tZWlRQRGxqUkFDZ0JtNU0teEZ4VUl4MFpsOTN5X3R6SnhpZTc0cERpaWthRU1tQ2JHQWNncTZMOUFtc3dCT0t4c25uU2VTUkhyY2VsbmZaLUtNdEZKeDFSZWRwejNGU1BWVXF2eTdSU1BIRGVrRWRDeTVOemdiYlJsZGNPbnpuOA?oc=5,2026-05-30 16:06:27+00:00,Dick’s Sporting Goods may close many of its Golf Galaxy stores GolfWRX,2026-05-31
Party City,Dhiraj Manghani,Mass Merchandisers,Opening,Book lovers rejoice as Barnes & Noble moves into old Party City store and teases shoppers it's 'opening soon' - the-sun.com,https://news.google.com/rss/articles/CBMinAFBVV95cUxNRVZJTk1tcFB6N0pNcnNjMWpJeTFYSFBQZk9rU2RONV9ZZ2xJSXhGZm5kaDZPTnRNRW55ZkxMcUthRHBVSDRQZm1jcU9BTjUtM2hLNDNIdGJLbXloaWRhYzk1QVhnNEJTa2Y3SFlNR1BRbHZCZ3RDTzBpMVA0SUdfdXFZcXFfTkJQaGlpN2ZGVmVhNFBjNm9PaktSano?oc=5,2026-05-30 13:01:00+00:00,Book lovers rejoice as Barnes & Noble moves into old Party City store and teases shoppers it's 'opening soon' the-sun.com,2026-05-31
The Container Store,Dhiraj Manghani,Mass Merchandisers,Opening,New and Coming Soon to Downtown Crown (Spring 2026 Edition) - The MoCo Show -,https://news.google.com/rss/articles/CBMilAFBVV95cUxPTUZXSHZPekhMMzh0U1M1NF9UQ2t4eldqMmhUbWw1Q3ZXY0dqd0F2azlhWlRxWVZuc0tWNmp2ZUJ2dXlxQ29TRER0QkFSSW91LVVPQ05RVGhPRDA3d29XUFowVHpjV09mOUVYTjY5V3FUVjhBbW0xR0pETUhXQlpDcGE0b1hpX2FOdGZxOGYzZ2tJSTlp?oc=5,2026-05-30 12:47:50+00:00,New and Coming Soon to Downtown Crown (Spring 2026 Edition) The MoCo Show -,2026-05-31
Kroger,Moksh Kashyap,Grocery,Closing,Kroger shutters four Starbucks kiosks in central Ohio stores - The Columbus Dispatch,https://news.google.com/rss/articles/CBMixwFBVV95cUxPdlZPazkzaXVLbnhYWnpnaWN4ZGVuWjZyalVEMDJtNmVHb3dMd2xOZDY4QzByM3h1ZTBqMy0xSjRzanhMRFpQbWhwYkpSQnBDbF81LW03NU44UGI4SG5yNndlVlNtcnQzcDJLQjVZc3BNeTNLWUppbVY4c29uajE5a2xBZmtOYnh5TjlCTEpobnc2N3luY3hwS3BybmhvUWJ3V29MNFY3cjhzc2g4WUdVdnpTQ2E1TTBXUHdweFkxUlNjS1BDaEJN?oc=5,2026-05-30 10:03:00+00:00,Kroger shutters four Starbucks kiosks in central Ohio stores The Columbus Dispatch,2026-05-31
At Home,Rahul Shinde,Housewares & Home Furnishings,Closing,2 S. Koreans closing in on top-10 finish at LIV Golf tourney at home - Yonhap News Agency,https://news.google.com/rss/articles/CBMiWkFVX3lxTE0tLWdlTl9GcHQ0ekszOGl2UWs2STYwZmRmZzRKVzR0MGtOSkNMXzJ6dGN2VGlrTnBMLWRRWmlydU9VN04td1Jpc2czZWNQZi12VjRMZlZ0cGs3QQ?oc=5,2026-05-30 09:27:15+00:00,2 S. Koreans closing in on top-10 finish at LIV Golf tourney at home Yonhap News Agency,2026-05-31
King Soopers,Moksh Kashyap,Grocery,Opening,"King Soopers Celebrates New Denver Store Grand Opening with Lots of Giveaways, Colorado Lottery Wheel & Free Food - Mile High on the Cheap",https://news.google.com/rss/articles/CBMisAFBVV95cUxQanpnT2ZBd2xoaks3QmttcG5mTURhb3cwS0RpMUdZbEtuMmhXLVV2alVNVDZhZzFkMW1pdUFvOGJoM0tOMTloenlGbFpGVmpiXzc1NVFNbHo1ckh2M0xlMGxMaWV1UTBYaGJVVURZSUw0eHdMeExxUjRzQWhYejRCZkl6WXNIcDNHZXN2WU9BbU1Ga0VfVGdIb19vX1RYbUY4NGlNdnVGVi1QR3dPY2d4TQ?oc=5,2026-05-30 03:14:08+00:00,"King Soopers Celebrates New Denver Store Grand Opening with Lots of Giveaways, Colorado Lottery Wheel & Free Food Mile High on the Cheap",2026-05-30
Walmart,Rahul Vasaya,Mass Merchandisers,Closing,Heading to Uark campus next week? Expect road closures and traffic delays during Walmart Associates Week - KHBS,https://news.google.com/rss/articles/CBMiaEFVX3lxTE1hdlBrSXZ6UjEzNmxiUlRBVksyRE5kLXd6TVdzZlV4bmdpd0RWUkttSE5DWG1UYXM5MEQ2cDc3R2hDZE1vS3d5NVcxOUFqcG5ueXRqZVl2OTQwelFZTTFHdFZad1M3dmRU?oc=5,2026-05-30 02:19:00+00:00,Heading to Uark campus next week? Expect road closures and traffic delays during Walmart Associates Week KHBS,2026-05-30
Casey's General Stores,Rahul Vasaya,Convenience Stores / Distributors,Closing,Why is 7-Eleven Closing Hundreds of North American Stores - Kavout,https://news.google.com/rss/articles/CBMilwFBVV95cUxQRGZ1WHRHVzF4aWh0cVJSbnJxTzVvTTdCV2c4aXVGdl9uSW1hckNmRWM4aGJJUFA2STNSZTFPWVN3NUxqdGVUWFNuZzFlV2VZR29XY2c5aEpscWdISWIxMHdldHZtc3d0VWFOaDR0WTgxTVo3X2l3MTJIYU9YS1IwUTZpTjlrQ2hvRmh6VWVvTEVDQ05TR2tF?oc=5,2026-05-29 23:51:23+00:00,Why is 7-Eleven Closing Hundreds of North American Stores Kavout,2026-05-30
Ross Stores,Rahul Vasaya,Mass Merchandisers,Closing,Why are Off-Price Retailers Like Ross Stores Thriving in Today's Economy - Kavout,https://news.google.com/rss/articles/CBMiqwFBVV95cUxOUWhuNk1CRFN0Vk9HYk5PQm9jM19sTWZEU1Z1Qk9ZNFpSUkJDU0ctTVJveTJCYldRNEhta2pIemlrRjRkalRvaWdqSjRLY1VuYlN5aDdrbS1LUWxtbmVGRmZYM0FZQWRqSEZvQldlWWttNWExQzdOcDlvQ20zTWx4VjZnQ2tybjUzZXdEY3ByUGdtMG1fV2dFYjFmaEVZaVhUdlZRYnJVNFd3UjA?oc=5,2026-05-29 23:42:55+00:00,Why are Off-Price Retailers Like Ross Stores Thriving in Today's Economy Kavout,2026-05-30
Chick-fil-a,Rahul Vasaya,Restaurants,Opening,Chick-fil-A opens new Bridgewater drive-thru June 4 - NJBIZ,https://news.google.com/rss/articles/CBMibkFVX3lxTE5MUm9kdWtNXzkwQkJtaG9hLTItdkxZM3RiQ1hkZVdNaVA0OExwdXdTTjFzMFNsOGxIWlhwX2pIVEVXNkZnWW1LNFFMd0N2UHZPX3hiRDkzNXU2Mm1DUXpUcUVfU1VGYnFsdE9Ualhn?oc=5,2026-05-29 23:39:42+00:00,Chick-fil-A opens new Bridgewater drive-thru June 4 NJBIZ,2026-05-30
Sprouts Farmers Market,Rahul Vasaya,Grocery,Opening,Sprouts Farmers Market Expands With New Cibolo Location - WhatNow,https://news.google.com/rss/articles/CBMimwFBVV95cUxPNzVoRjhJYVFQNUlLQkk5YWxoUEN5ZUR1QnV3M19tcTUxQlhLbm9tZDlReEpyZWw5YmpuSUQtdk9CbFpROW1WOWp3bERlRi1FY0FXMHNZOXltX2o3T3k0T3Bxb0lPb3dOSU5uUlhWZFFMRUhJa0l3OXNFQW1QS3RhX3BuMUdXSTBGb3dBd1M1MFNtczM0bi1qNWQtQQ?oc=5,2026-05-29 23:35:59+00:00,Sprouts Farmers Market Expands With New Cibolo Location WhatNow,2026-05-30
King Soopers,Moksh Kashyap,Grocery,Closing,Belcaro King Soopers Shutters as Super-Sized Store Debuts in Virginia Village - Hoodline,https://news.google.com/rss/articles/CBMiqwFBVV95cUxQZ1VDUjNxbjRxaVdBbVM1Rk5GZlc2S1pwQVFqTVhWMkFfWHN5dmtkVHdKWmRFSHh6Wm5rUDRSSFhvc0FCYy01YVlXaTVURERvX1JiYUV4VGFHcGFNdVVNbGZjWVVIeUxGcUZ4MlpIT0lIYnBYc2wtbWx1NFFpZzA3RGVyVmNNX0JFeE1mTUs1cXRua2JJMzNSRFVSbXZzUFhXVkdsZDJPU21CZ2s?oc=5,2026-05-29 21:59:10+00:00,Belcaro King Soopers Shutters as Super-Sized Store Debuts in Virginia Village Hoodline,2026-05-30
Burlington Stores,Ashwin Nair,Mass Merchandisers,Opening,"Burlington Raises Full-Year Guidance, New Store Plan Following Strong Q1 - HomePage News",https://news.google.com/rss/articles/CBMiuAFBVV95cUxQVE9fbXVyRnN2VDVIVVlsWU80R1ZXeXNVdmRwV25KeS1IUGk3S0lWRThzNnZzeGV4aFZYc0QycXRVTjJjZ2tHQWZsdWpTTHFQdHNJeWpMVWhRYWRzRWVCdW9sQTJHYUFPTHlGSmF1MExTdDJfQURFTmxpai1VU0h3NnloelJ0TXl3ODFUb2pvVkhzSWRyb1hOTm56M3g5MW11QU5JdDNvLXJsR2tjd0k2X1NyS3lvbkYy?oc=5,2026-05-29 20:48:01+00:00,"Burlington Raises Full-Year Guidance, New Store Plan Following Strong Q1 HomePage News",2026-05-30
King Soopers,Moksh Kashyap,Grocery,Opening,Belcaro King Soopers is dead. Long live the Virginia Village King Soopers - Denverite,https://news.google.com/rss/articles/CBMie0FVX3lxTFAzNWpUVThCak51SmQ1bUd1SnRMS2hBOGZBenNaalZSZTJqWHYyYzhMNzBZaVdPQTlxdkVuVElBZVZJQTM5N3VCV1MwaEpFYklGQ3BHTlRuMi15OW52ZjBYdlJkNVNFdG9SOTRzeEE1emRDam1HdE9zczRzaw?oc=5,2026-05-29 20:47:00+00:00,Belcaro King Soopers is dead. Long live the Virginia Village King Soopers Denverite,2026-05-30
BJ's Wholesale Club,Ashwin Nair,Mass Merchandisers,Opening,"BJ's Groundbreaking in Port St. Lucie, FL - Bluefield Daily Telegraph",https://news.google.com/rss/articles/CBMiygFBVV95cUxNU25sUjQxTlc2U2NVODRSY3RPcnNJZmR5eXNDT0NPcnBQbGJobkViZGU2ZVJFMEZMb194Q2hxOWMwSzZfTTBXUVM1b1ZMWWV6d1p4THg5VVJCbEJ0SENEZnhSMmtTQzJmTGprUVFxenRjRmh2SjFQY1dISjRNUE9iRGtoN3lrSk5zRHhzVGpNVDljQmR6Ty1IWU5Wc2owZ2JXSFRReTZWaDliRkNnT3JOamFoWjBySEZxYktFbGNON092UlRmX0J3ekJn?oc=5,2026-05-29 20:46:25+00:00,"BJ's Groundbreaking in Port St. Lucie, FL Bluefield Daily Telegraph",2026-05-30
BJ's Wholesale Club,Ashwin Nair,Mass Merchandisers,Opening,"BJ's Groundbreaking in Port St. Lucie, FL - Bluefield Daily Telegraph",https://news.google.com/rss/articles/CBMiygFBVV95cUxNcVhWTWlaVF83VS0zWG5HZWEzbGxkZW44UHhTWHhhSkh6QXBDaWFjSVFfQ0lSM3h5MHZQZG9teUxpMlgxTFJWRmVhR0xJYURQZnBQQXEycU1CQW8zZi1XQmtwalQ5VEJrRHNCdzlhMHFJMXBheHZkR1psV2o2QlVwSTBVbE5kek5jY2h0ZFMwZDFVcjFlM2JRbzh0M0tvUGlYSXlNeWVGZ0RTUHYtZjAtUWkzdDBhQVlPRnpkOER6X09vSXI5cDZsLWdR?oc=5,2026-05-29 20:46:04+00:00,"BJ's Groundbreaking in Port St. Lucie, FL Bluefield Daily Telegraph",2026-05-31
Chick-fil-a,Rahul Vasaya,Restaurants,Opening,Grand opening for Oceanway Chick-fil-A that received community pushback in 2024 - Action News Jax,https://news.google.com/rss/articles/CBMi5gFBVV95cUxOZEJobmJ3RDA5NVpuTmlxM3lXNTZnNlFiUjhKOTJjcE1HY1Rka1pQWjJaLVY0ZjU4VnNOdHhxZEZ5b1BrMnltd2ZrOV9UUEFZMlhuYU1HcDlWYmtTelNtQ2k2YVpRY1R5a2pQZ3F5MXBVOW5qQUpTZV81NHZoRGtXZTBQUTdiZ1FuTUtFZEw4YkZhUXBqcUZ5eGZNTWJ3bWZjTXVudjVXVm01WFNjS25Ma2ZzNlFIdjFvTmxDWFIxT1lDcEZ3RkVaWnk1X3VPcTNwX1hjM045ZnBfckZtQ2xQMk4yTUowQQ?oc=5,2026-05-29 20:42:18+00:00,Grand opening for Oceanway Chick-fil-A that received community pushback in 2024 Action News Jax,2026-05-30
Chick-fil-a,Rahul Vasaya,Restaurants,Opening,Grand opening for Oceanway Chick-fil-A that received community pushback in 2024 - Action News Jax,https://news.google.com/rss/articles/CBMi2AFBVV95cUxOaW5fNVk1M2VJMjZ5aW5qQ1QyWENEMElwMnFsV1lFUFRNNU1HVnhiRkFES0FpQzA5S09sSUlyNGlHMmFCTm1heXFUYXE1cHFmSGk1N0o5WXR4Q2xEU0dTRTM5VHZOV0U2YWZ4Wm5qa19BYVFHenFHM2t1R25GN1I4NG5XRkdIbHgwZGFlLUxDZzlOOFFELTdKb2NNamowR2MxVjUzeHJIYVdoX3dINTgzQnMtREtDR1U0YnMzXy05Q1JLMUsySmxSWHg1U1BPcFh2RU5QNjFZdlXSAewBQVVfeXFMTlNrVXNWbUtOeWdDcUhrcmt5M0ZRYWUxY24tbmxYanpVQ3hyaGFsajFDS0V5V0trOXNkYThzbVAwVnV0OVpJdnZNZ2IwU0xGUDBCbEFpb2NoQkhJQkhaVU00VGl4WUxoZjQ2ajFlMjBnT1FfWnh2MXJPanZ3OFZjTkNVMEdMLVZXeDFiWGlUam1TVWxHdkVpU0JLdWh3VkpncF9uSWVYTGh4TmJqRmM4UnNMX05lNzdfWlVyNUEwNnFfbTlBa0pYdkFBLVF2VG5CalptNXEzbWE5VmJPU0ctYmhfc3l0T1YydnZuTjE?oc=5,2026-05-29 20:39:49+00:00,Grand opening for Oceanway Chick-fil-A that received community pushback in 2024 Action News Jax,2026-05-30
Chick-fil-a,Rahul Vasaya,Restaurants,Opening,Grand opening for Oceanway Chick-fil-A that received community pushback in 2024 - WOKV,https://news.google.com/rss/articles/CBMizAFBVV95cUxQOTYyb2RfaDNaWG02MEY3OWJVUmFMRHd0ci1JLV9yNlpnMTVUQ2hhUEFNNGJ4emtLWUctRnAtaHNuZkhnaDJQUndzLUZsMUZMRGR6bWJwOEItcWtvN2tGLWR4VEx6MkRiZmhnZDRpVXk1NWY1UUN0bjIwOE8tR1ZXRVJJd1pPWTlOdlZlX3QtY2NNNVB3VGxrUzVMVjllb19MMG4yNnlDZWlBLTdacmhIeVNtVW5CYzV3MmFkWUlOOFBXcDRCSXd2NEdvUnQ?oc=5,2026-05-29 20:39:49+00:00,Grand opening for Oceanway Chick-fil-A that received community pushback in 2024 WOKV,2026-05-31
Pick 'n Save,Rishi Nagar,Grocery,Opening,St. Vincent de Paul gears up for thrift store grand opening on Green Bay’s Main St. - WBAY,https://news.google.com/rss/articles/CBMiqgFBVV95cUxPOENrZkVkTkZTY0V4aDJubTFpT08wUnU3NERSc0lub0pYMFY5X2ZMd1ZaMkx3SzVBMmZPMDE2NE5DSDZCelRWWFA5bGI3SEtXMUROV1I0YU5OVXFyTlQ2ZXI4aGtiek9qc1BJc0VIWlNtVzNLNl9oUkpWUlU0YVNHbWNtRllhRkZYajJPQkJzUndFTzY1bU1UbWVoV1NCa3F2R0huVUZ2SW0yUQ?oc=5,2026-05-29 20:02:00+00:00,St. Vincent de Paul gears up for thrift store grand opening on Green Bay’s Main St. WBAY,2026-05-30
Whole Foods Market,Rahul Shinde,Grocery,Opening,"Whole Foods To Open New Market In Seekonk, MA - The Shelby Report",https://news.google.com/rss/articles/CBMijAFBVV95cUxQSUlhLWlXV2VQSFQzVHYwM1NsOXhLNTBfRlprQ3BsWEU1dG9BMWdTbVlweEJiSmE3OGh0NGpLQ09BS1BkeXlSMzNqYXN4Z05jeHFDaUhKN3FDbE04ZVdPbEpDemI5SzVLMEU1MnNZWE13b3gxYkZDdDJDNWJMb1RBWk1MRWdWQjZETkFQcQ?oc=5,2026-05-29 19:50:23+00:00,"Whole Foods To Open New Market In Seekonk, MA The Shelby Report",2026-05-30
Sears,Harsimranjeet Singh Ghelani,Department Stores,Opening,"Bass Pro Shops eyes former Sears property in Hicksville, asks Nassau County IDA for tax breaks - LI Press",https://news.google.com/rss/articles/CBMifkFVX3lxTFA0U2x5eHQ1cmFaUFpxRV8xeThtTkNvR3drazk3ZGt4TF9FNVdyN3hKVHF5YXBCbXZNbHY2bTdGdUNwZHhwMjlPM3A5R1Mza0JYd2M2eHpmYjMwbUJ5ajNpeUUwblRCSFVpSHBSWWI2Y2szYzNYQU1QUGRtcnRVZw?oc=5,2026-05-29 19:28:13+00:00,"Bass Pro Shops eyes former Sears property in Hicksville, asks Nassau County IDA for tax breaks LI Press",2026-05-30
Barnes and Noble,Ashwin Nair,Mass Merchandisers,Closing,Barnes & Noble is returning to Edgewood this summer with a stunning new floor plan & café - Secret Atlanta,https://news.google.com/rss/articles/CBMiZkFVX3lxTE9oRW0zT3ZlT1ZWN0NVUEw1ckduSWU3MHBZbHdTalJoUHhFa1RqWUxYZ19maktVcFB3aUR0akZXZXByOWV4d0JHTWhWV3d3bjJWWkdxRFRYdnNNVHdBcTVjSXBJcFJHZw?oc=5,2026-05-29 19:24:27+00:00,Barnes & Noble is returning to Edgewood this summer with a stunning new floor plan & café Secret Atlanta,2026-05-30
Sprouts Farmers Market,Rahul Vasaya,Grocery,Opening,Sprouts eyes 30-40 stores in New England - Supermarket News,https://news.google.com/rss/articles/CBMiiwFBVV95cUxNTVJ5NnlWRFdDd1ZYZFJwNG80R2llcEF2WnZmZWkwanNHWG1RaXNfUmxRYVk4T1p6UUhCZHpIc05DWDJYQmZvcjllZUc3VHJRVEpBTUlRTnhkWW42c29iSmlhNHJJXzE4NWpsSDhselpHU05OTDB1Q256VEZNVEdkVVUxakRGb3BVYlNr?oc=5,2026-05-29 18:37:50+00:00,Sprouts eyes 30-40 stores in New England Supermarket News,2026-05-30
Marshalls,Bhavesh Phulwani,Mass Merchandisers,Opening,Marshalls sister store cuts ribbon on new location as mayor tells locals to ‘go shopping’ - the-sun.com,https://news.google.com/rss/articles/CBMijwFBVV95cUxQXzRoMC16eDlLUVpvV0FoOERpdTE5MFBBUTlhU0RVTG5jWnVxeC1nUWdITXRITV9KSkRCcUU1QlpVc01OdkFhMFlyYjFQbjdFWF9nbWZMMlBZaHVPRGs4ZjBqaGg1VHpad1dKMDhqSzZFbU52bEpGNjdTbGRlcm9nTEo5eTRFTFdsVUh0cUFNMA?oc=5,2026-05-29 18:18:49+00:00,Marshalls sister store cuts ribbon on new location as mayor tells locals to ‘go shopping’ the-sun.com,2026-05-30
Burlington Stores,Ashwin Nair,Mass Merchandisers,Opening,Burlington in 14th straight quarter of double-digit EPS growth; to open 115 stores - Chain Store Age,https://news.google.com/rss/articles/CBMinwFBVV95cUxPMjR1YXdvdzBZc3ljUUZmZVgxQjY4aG5kdUZfWU9ISGhuT0VzZFRZVXdpaktFamRqUzFORWV1YjhoRmNWSDFUYXlKLU4tOFVRMm1QYlQ3NWozRUtiTTBud3EtV1QtX2lLUm1ZM1FDRUhEZDZuNURWQU41M1JpWnByVHowd0VLX0RCczNPaEZXZWJiQ3lndjR0TWhjSVhzQjA?oc=5,2026-05-29 17:34:27+00:00,Burlington in 14th straight quarter of double-digit EPS growth; to open 115 stores Chain Store Age,2026-05-30
Raising Cane's,Rahul Shinde,Restaurants,Opening,Popular chicken chain sets opening date for next Seattle-area location - The Seattle Times,https://news.google.com/rss/articles/CBMilgFBVV95cUxPVktGaW5ndEN1Ukg5c2F6VEVUSE1xLXcwc25md3RtaHF5b0dsY1VJMVNsX2hxc05KMVNUNVBpOHFQSFI0ZE5WTi1QaE0yVGxTeGdoMkd5VUQ2OGdJdFZSM0xNX3lQOGh1c18zTE5Balp0Vlh0VkVOWkIyckZjcDd0Z2JVUmtiWkNBOHVkLU5hUi1MQXVNUEE?oc=5,2026-05-29 17:00:00+00:00,Popular chicken chain sets opening date for next Seattle-area location The Seattle Times,2026-05-31
Tesco Stores,Rahul Shinde,Grocery,Opening,Kingston coffee chain receives help from Tesco for plans to open more stores - Kingston Nub News,https://news.google.com/rss/articles/CBMiwwFBVV95cUxOS080bXVjLVZESE0tRXVzR2NnaUt3dFRiYlpOUllnSE92VUhRNWFHNmZQWFhRQjJrcnUzbVFCTWZOUlpMWThZMjFXT0RMLUcwU2NIaWVIVTJ6UHVBMWNaMy14em1GTk9rT1ltMnN0d2FXdG1UdDdfd1doUGNsN1lKZzh3cmQxTWRkMmc1Ym53ajhrTlRPQXZ3c0JUWTFWQi1YdGIzZC1Gb196MHBLOVo5UWdTU0M4OWJJcFhUeVc3U0paSVk?oc=5,2026-05-29 15:30:00+00:00,Kingston coffee chain receives help from Tesco for plans to open more stores Kingston Nub News,2026-05-30
Whole Foods Market,Rahul Shinde,Grocery,Opening,Whole Foods Market announces opening date for new Seekonk store - The Providence Journal,https://news.google.com/rss/articles/CBMi3wFBVV95cUxNaTZoSkVvWk1nY3BhdHdCRjdFWTh1NlA2SWZhdnJkdURldElrNlpvZUt3VmtNVm5rOVMzSkFPTFQwY3N1Zll1dkQ1RVFfV1lyWWVUaGZPcDhueGFVSEFRTWZ2Q1BVQ0llejZOMkpUME8wakxaekZIQk9BRFlaT3VzcVBwYnc5QmpmQ2hxdGE0cEhnQldvOFdwZzdtZV9zaTBSVXBHREJxeUNiLWRqSU1FWmxLYVJpdzd5dnU5eFRRcThyWU9uQ0gxRzJvMmRKNmswN1pEa2gyaFFTSnRDYi1Z?oc=5,2026-05-29 15:22:00+00:00,Whole Foods Market announces opening date for new Seekonk store The Providence Journal,2026-05-30
Sprouts Farmers Market,Rahul Vasaya,Grocery,Opening,Rapidly Expanding Grocery Chain Has Big Plans For CT - Patch,https://news.google.com/rss/articles/CBMikgFBVV95cUxQZHFDd29VREg0YVlJOWtKaU1aekk3TjdWMnFjdmtpWlE0MmhQTGJMSFdpZUNRRDdpVXEyLXhYcUR0SVZtUEwxNzFjUElCRkVRTEFxdmEwWk5VZDRnbm9ITWtuS2FIZkZ5RHJveU16T0VsREEtZEtnYVF0S2lyeWU2dEhWWHhkYVdqYXYteGIzdkF5Z9IBqAFBVV95cUxQa1NpbFdtQmhVNWtMcjcwOGhUdDR4QjZOaVpYVklPLWhLbWVtRW5SMHNIUE9IX21NblBzX1NOU0Q4RlRsOTJnT20xQlJMa3ltRkxHamdhX0h1TUFodVV6YjMzal9qdThpT2JIVTlqV0NNY005Y09jWDRtbWpsWU5uZ3NRTDRCNjJxaElKRG1YenluZmU5dnlBX20zUnFvamd4Vm1mYkNVSlA?oc=5,2026-05-29 14:55:11+00:00,Rapidly Expanding Grocery Chain Has Big Plans For CT Patch,2026-05-30
Sprouts Farmers Market,Rahul Vasaya,Grocery,Opening,Food Company Shutters + MA Pizza Named Among Best In U.S.: Food Week - Patch,https://news.google.com/rss/articles/CBMinAFBVV95cUxPd1ZpWjk4SGJUbkszZ3BiNGszRE1LMmVBSHJZSEhsTzFXMjNWN3d1WTlPVmd5a1o3WjJHU0R2dGRTajZ5V0RfNmU3N2tiSXZoa05kLVVTZURIbGNRQVNPSHRHd0xnU2ZoU1V4OGp2U0dkajhqd1ltb3N2THBIanVGR0VoZVpTRDVtRDN0OS1vQ2xBTk1IdmFfY2JOWFbSAbsBQVVfeXFMT1NvWWFRb3k2bmRMRUZJNEdFaG16eDhaLVRZZ2lKNkdjYmtvbUZtNU40YW9nOHRaWC1jR0UzWjNHSDdHaXpaeGJRdjNMMFNRQkVNZXI1N1ZteDlPYkdZbE50eGhWY1pOTUZpN0REbWNva04xNVlRaVpjZUk3UnJ3bi1DMEt5bFBFR3p4WTJBaVVWblgwZEwySkZ6cDktb1pRUUVDdi1XcVVXMFVRYXMxeFhuM3RQODNnWG1Naw?oc=5,2026-05-29 14:49:32+00:00,Food Company Shutters + MA Pizza Named Among Best In U.S.: Food Week Patch,2026-05-30
H-E-B,Komal Agrawal,Grocery,Closing,H-E-B closing longtime Texas store sparks shopper concerns over rising grocery changes. More closures coming? - MSN,https://news.google.com/rss/articles/CBMi8wFBVV95cUxPVEk2b1Ywa2JtUFVxcVNMeHF0OHRfWGVDUmU0UGM2aU5EM2h6dGd1enduQUVzQ3VKUmhEcTNsN2M3cDB1TWFzc3VkTFhiUHFZZlJjVXNfbDdaTkx4OWJPc1RkcVRSTlhPakhnaERPeWN5RHZCM0Z3MTFPZXg2d19WYTNGb0J3eC1zN2c4SVVEVzQ0VExXZ1NWQlJ2Unpzci1JbUhEZUNVWm43cWdwbGc0ZXBpOTlBeG9UYWVHbnFFUWZydVE5bk9hT2hkdzFZemhQQlc2QzhDSkFQRWY5TEpheDZYSnE3dWVZckxCYjd1bEZsR0k?oc=5,2026-05-29 14:34:52+00:00,H-E-B closing longtime Texas store sparks shopper concerns over rising grocery changes. More closures coming? MSN,2026-05-30
Sprouts Farmers Market,Rahul Vasaya,Grocery,Opening,Rapidly Expanding Grocery Chain Has Big Plans For MA - Patch,https://news.google.com/rss/articles/CBMikwFBVV95cUxQazhoT3lVaUR5TnVJQm04WkUxa0JiUnJCUFZKdkoyVl9OMjZJLVpMckdQRVFMVFN1ajBEZkloOVItNXFxUHp5TFRWOGxPTllNRmdGenZYM3pnUFRaakJUQlhvQmg0S0dsVll6eUNsZ0ItN3B3YU9iX0I5NnlKUDR0X2tPcmJqYWhtbnZmc3dhOUlLYU3SAaoBQVVfeXFMTl8yaGNod0IxTk1wWi1vMFYzb0VLejNjTFU4S1dhSkU5NFBCZFhvb3ZFNWtwdS0yaktuS3BmN19uNTZDTjJDOFpCYUlFZElHLWdJQ0dLc3pQRVFKbWh2RkR4Y3lPZnI3VmM5TnZ6dDF4TUpBVFRSb3pnRzFvTUFBY2dPbGdQYUE3Q2ZqeGZEaVNUY1pES2RwUHVQa2N2R1hyYjVndmplZkU5aVE?oc=5,2026-05-29 13:57:29+00:00,Rapidly Expanding Grocery Chain Has Big Plans For MA Patch,2026-05-30
BJ's Wholesale Club,Ashwin Nair,Mass Merchandisers,Opening,BJ's Wholesale Club expands with new store planned for SW Ocala - Ocala StarBanner,https://news.google.com/rss/articles/CBMivAFBVV95cUxNZHpmcTdwM0tSVHF5cElHTndIanZLSWNZNzRXbjRPQTBrOFdKc1JBUlZrNkVvWklvVHhfcFhPWlJUVFhLem5pYW9ydHpzLVlkMksydHVwSG5OSXZDS3RLVGFTRXFyaGZld1l3aTAyUzVWdWZFTFhwZ2UwM3p5TlE0NlRRaTNXaWxBSzJXeldiQ2NYbjhuOTdOU3ZhU3NkMjNWeU5UOUExOFZrb0E4V2Q1UElRN2dKS1k0NnM5aw?oc=5,2026-05-29 13:20:18+00:00,BJ's Wholesale Club expands with new store planned for SW Ocala Ocala StarBanner,2026-05-30
BJ's Wholesale Club,Ashwin Nair,Mass Merchandisers,Opening,"BJ's Groundbreaking in Port St. Lucie, FL - Goshen News",https://news.google.com/rss/articles/CBMizAFBVV95cUxOVVlnMEVoRS1zSVR0T21RZW02UU1FOUQwZkd1VU14ZUhCTWN4N0toUC03ZUNwWS1ZTUV4TTBrdUpBOXRkZnlVaDYwMWxuWWtiUVBjdzFFclVJUkZ4Uk80dmNRQXB6VnRab0F4TlVSeTRXMmhzNUNZVl90RmRRT0JsOF9SRlFoUVA3YVBPMEpSZmx5V1J0S3hHN1ZmYnE3ay1pUUZhaExPZEZTTElTVmh6MHF0TXdvdFNUMzhaWGRxNVlsaXNjUHlfSjBtY2c?oc=5,2026-05-29 13:00:44+00:00,"BJ's Groundbreaking in Port St. Lucie, FL Goshen News",2026-05-30
Family Dollar Stores,Rishi Nagar,Mass Merchandisers,Closing,"Popular discount retailer closes 350 U.S. stores, but not in these 6 states - NJ.com",https://news.google.com/rss/articles/CBMiswFBVV95cUxQNXViRGQ2bEI2clhKSkJQMXhNa2FsNFJvM0tITS1vVEg0QThkOS1yeHJ1aEYwNWRiQ1pNVzQ4Tm5qcGFqRmlSZm1aUmZJdHlSdTI1VWR3VFg0Q2RxN21yckgzd0FVRjZlWWZHVzNacklpMlJPaU9xS1pEbVEwX0ZjOEpyNUxfR2xERlJmekU5M2plU3h1VDF2cjFNMDBoNlpJNGlKenhCZHhoNnBpODlQT0pnVdIBxwFBVV95cUxNQUJ2M3Ezdi10TWUwdzlzVjhhbmxONmJzdGtHZ2dNd2s2dE4yb3lGY3JEdjFLd01tQUVxRVBvWlZHMFJOSzlJMTVldkY5dnNUems3Z0ZndDBVYlVCcGozS3hzSFpCRlpEczNvUTVpZG94ZlY0NmZwcUU2a2stSlkxSk92aGFCa3Z4UEJGUWQzOWxXNmVZSEpHQkY2LVZfZXlrUGpYeTlyMUdmOVozSGpGdHdkWnRiV0dGaVpSTEtYVXhtSS1FNUJn?oc=5,2026-05-29 13:00:00+00:00,"Popular discount retailer closes 350 U.S. stores, but not in these 6 states NJ.com",2026-05-30
Kmart,Bhavesh Phulwani,Mass Merchandisers,Opening,City officials tease abandoned Kmart site's future 6 years after it closed down - the-sun.com,https://news.google.com/rss/articles/CBMilAFBVV95cUxNWTB0U0VJWmlZeGh4S25TUUV6V2EwdE5YVGFQeFdHcU5IVXYybkNBNHBqdm1raDJ4d1Z6VVJVUGxHbEJsRkpnMzJkbERRb2NxSHdnUk80MnY1czV3R1dPUER2YkJzMUVncHlhSmlPYVNUdVpyMEJtU1lwN2wxdHowV2FGMUlLRGZHUWo2RlN1SlJYRGNX?oc=5,2026-05-29 12:59:03+00:00,City officials tease abandoned Kmart site's future 6 years after it closed down the-sun.com,2026-05-31
H-E-B,Komal Agrawal,Grocery,Closing,H-E-B Closing Longtime Texas Store Sparks Shopper Concerns Over Rising Grocery Changes More Closures Coming? - mibolsillo.co,https://news.google.com/rss/articles/CBMi6AFBVV95cUxQc0ZybGk2OS12LXRFRC16NzJHaXpYdEtqMDVFSnp5cXV3cGt4N0dxLW9ld2RPa1BRRktyaGZuLTJpdzdBTm1fWHNIZnhUWjFOQ2h6Y3hLN0VyMlB1OWUwSmFwdXVSMTBiM1g3cmFITjdicmZSWWwyMFRjcjRVLS0za2NFdUhpMzhUdTEtc2Z0Vk9LTHFiYnNPX1ZzRF91Sy1JX1VDbkU3Q3k3R0JRS0V4c0JFWnBPZ3M0SlJhdlJPWTZnWEdndktPSTh3THZqZHF5LVdMMGV3dmZKc1JHOWQxV1pNMmItYUQ1?oc=5,2026-05-29 12:39:00+00:00,H-E-B Closing Longtime Texas Store Sparks Shopper Concerns Over Rising Grocery Changes More Closures Coming? mibolsillo.co,2026-05-30
Pet Food Express,Vishwas Shah,Pet Care,Opening,Hollywood Feed to open new store in Georgia - Pet Food Processing,https://news.google.com/rss/articles/CBMilwFBVV95cUxQTDZiclVpMjViSzRYS3FleHJKeU5RZmZZSnlncEtzMnA5dVRFYkdvS1U5WVd1UzRDMmk0VDlVVDliU3RoamxpLWF4ODVnSG9FeDVXTk5iRGxBeGdZYzZYWm5CNzdOMHh5MlFITDM4blVFOVFaTDBELUVab1hjM0xrYWZ0STVETnlvdDd6bS1yQzY4bnVZUEg0?oc=5,2026-05-29 12:00:00+00:00,Hollywood Feed to open new store in Georgia Pet Food Processing,2026-05-30
Hollywood Feed,Suryakant Rajput,Pet Care,Opening,Hollywood Feed to open new store in Georgia - Pet Food Processing,https://news.google.com/rss/articles/CBMilwFBVV95cUxQTDZiclVpMjViSzRYS3FleHJKeU5RZmZZSnlncEtzMnA5dVRFYkdvS1U5WVd1UzRDMmk0VDlVVDliU3RoamxpLWF4ODVnSG9FeDVXTk5iRGxBeGdZYzZYWm5CNzdOMHh5MlFITDM4blVFOVFaTDBELUVab1hjM0xrYWZ0STVETnlvdDd6bS1yQzY4bnVZUEg0?oc=5,2026-05-29 12:00:00+00:00,Hollywood Feed to open new store in Georgia Pet Food Processing,2026-05-30
Chick-fil-a,Rahul Vasaya,Restaurants,Opening,"Oceanway Chick-fil-A opening Friday says it has addressed community feedback over safety, traffic concerns - News4JAX",https://news.google.com/rss/articles/CBMi3AFBVV95cUxPbEw3LV9Fak5zS1NVVEdHMlBUd2JDUHZvMGhLLXhWd2pvSDE1Vl9JUjRORE04dUlfcDg0SjVNYzFzWW50emtja3VOWVlqRVUwV0xRS0Y4ZWZPZ2t6ZmhaS1JTVFVsX0M0dXp1R1Qxa0x5ajh5QkxGbUZGeGRCUTRmZFJoUExnZWt3bnZsNzlabmZ1UHliU0xaZlNNZDRFR05KSlFseGg4aFpJS3d4blhabzJDQmlKdWhPZ01WckJkSXZZa3M2amxHMGlxN1RXdTFJZk5TYlk1VFF0UW01?oc=5,2026-05-29 11:58:58+00:00,"Oceanway Chick-fil-A opening Friday says it has addressed community feedback over safety, traffic concerns News4JAX",2026-05-30
Costco Wholesale Corp.,Ashwin Nair,Mass Merchandisers,Closing,"Stock Market Today: S&P 500, Dow Futures Inch Up - State Street SPDR S&P 500 ETF Trust (ARCA:SPY) - Benzinga",https://news.google.com/rss/articles/CBMimAJBVV95cUxOYVU1RkhoS1hfQzhSb3lsUlFPNzRvSmhra3ZHX1ByaEhWNmtrODhsc2pHVGFhVHlSSjZqSi03ZmtWRDZpVUV6ZW5fY1VXNlJjZEljV0pGdnlDSXloUjRSdk96cDFlcUhkU0JxNW5sQUdEVm1xNXBiYllmYm9yaVBmdjQ3a1FaSnRWZFFwR1Y3OUlBWXFYeFM5OURMY2x2UnBxWUloNGNwQ0pURlNzbENYNWhKTmpBV2hNLXNvcTM4MHNpNm1wSHhieTBMOFo4X0QwU0RpRE82VDdlUTVFcmFyNjNjZFVlZ2g2WGFXbE1fYVBWNDNqNG56Y2Z2VTNqb0Q0WnozR3RkQUIxSmJaV2JBamJxc3IyWUVH?oc=5,2026-05-29 09:39:15+00:00,"Stock Market Today: S&P 500, Dow Futures Inch Up - State Street SPDR S&P 500 ETF Trust (ARCA:SPY) Benzinga",2026-05-30
Whole Foods Market,Rahul Shinde,Grocery,Opening,Whole Foods Market location in Seekonk to open in June - coastalabc.com,https://news.google.com/rss/articles/CBMiiwJBVV95cUxPSUVyYTNERWN4MXJkNDlJN2NaU2NwN1hPVHBNUlJnc256TG5LZHoyeEhBcHRQQ0dEQVBFY3lQVmhodS1ZallidVNyWEhJVVlTY2ZLNk9UQ2Zpc016T1kzaVR5ODlHNUR6eXhPSVBUVER4Zm1WVTRuWVJlX2ZZWlVkR2gzRzBVMVZMT1psNjFTN1prcGxnUDNCZklhUjlBZXdaSlRlYThaUkxfTmhRZGhDX1BreXc2VkRoOE1rb2FwM04yLWoxM0kzUHMtdUZxWk1BZzNiTC16a3diNUZ0UmpBUTVKS3ptT2VEdFFISFIxbWV0VlNUTGNSV1RFbXV4LUZhdmxTMkZ4MHB6b1k?oc=5,2026-05-29 06:02:07+00:00,Whole Foods Market location in Seekonk to open in June coastalabc.com,2026-05-29
At Home,Rahul Shinde,Housewares & Home Furnishings,Opening,'Make or break' - date set for inquiry into controversial energy from waste plant - News & Star,https://news.google.com/rss/articles/CBMilwFBVV95cUxONGhrTFZHSWR6Q3ByektvbnVJQXg2MU8yX3VKT1plVzhZdGVtZVFCcEk4ZU1oaHNOS3dUUElmWC16NGFjenQ3cEQ1YUxkbm1KZVI1aTJJdXlhb2M0VVFnSnBSNm9xZlRfeGJkal9HUjNjbWNTODMyc2tKcEVxbDQzRGo1QkRoSGlsaXlpbXdybmNXY3M4UmZJ?oc=5,2026-05-29 04:00:00+00:00,'Make or break' - date set for inquiry into controversial energy from waste plant News & Star,2026-05-31
Lidl US,Moksh Kashyap,Grocery,Closing,Report: Signet Jewelers to buy natural diamond jewelry brand The Clear Cut - Chain Store Age,https://news.google.com/rss/articles/CBMilwFBVV95cUxPeFRjSnhfOTM5OFVRcU5iSVZHY2x5dHI4U0pGaXZ2aFV3ckNrQXFuU2daSGQ5bGhQeTItOUtFQ3ExTFJXdzNZR1owZUhiSHhlaDlqSkdhMTVjOXZPcS1qM3EwRjcwUFNIN1UzQXNhQVZjZVZSdjVkZlBqOXZDZmdoRGlweWxWYzZiNmRlR0tjZGNHeTVSUFhn?oc=5,2026-05-29 03:43:52+00:00,Report: Signet Jewelers to buy natural diamond jewelry brand The Clear Cut Chain Store Age,2026-05-30
REI,Dhiraj Manghani,Mass Merchandisers,Closing,Outdoor retail giant REI closing SoHo flagship store - MSN,https://news.google.com/rss/articles/CBMiowFBVV95cUxOSzVuOVlZSmRIYUN3SHNyR1hXNldIOURSbEtTTHlxTGRBTlQ4ZFNyT3daQUFFd0RnRV9ZdnpwZmZOWEhsUjJQMzBzOFBieUZ0OWVWLVA3Z0NMSm1HNjhwbUFReUREa0tVamNWT2FZTEdEOFF6WTFDZjhCM0I0MzAzbGhNOVRJc0lfcnFXeHVWM2lLckI3ZHlmTm5SOEpzdDVFOHFv?oc=5,2026-05-29 02:34:23+00:00,Outdoor retail giant REI closing SoHo flagship store MSN,2026-05-31
Dollar Tree,Ashwin Nair,Mass Merchandisers,Opening,"News | Dollar Tree’s 9,000 stores get second job: Delivery hubs - CoStar",https://news.google.com/rss/articles/CBMinAFBVV95cUxNV296c1VyRTdOcXU3ZEJhdVdUYlE5bnFhbEhBR2RxOVFuSUJ6cl9vTjJ6MHF4UTVLWC1nZXJkV2VCV25VQlZpOHdkMVViOUs2VGVWX3RWUmpqUzlhRndGUk11SWtkUnFsbVZZVTFZSDZhb2luLTJvZVR5UUFKWTkwMG54aDRSZmZPNlZaRldNNGRpNXg4ckl5emlRVno?oc=5,2026-05-29 02:15:00+00:00,"News | Dollar Tree’s 9,000 stores get second job: Delivery hubs CoStar",2026-05-29
Quiktrip,Ankit Rawat,Convenience Stores / Distributors,Opening,"First QuikTrip in Topeka opening soon, what to know - AOL.com",https://news.google.com/rss/articles/CBMif0FVX3lxTE1sUjZUODJlUFVteVZBbkVwcHJ0SzY3YTdCR1RRSUZJUzFLN2w0aUVhcENKdXl4VlVrSUNwNXoyakZvTFMzbVpEb1pyVWxwb09PaFB6VVViNWJsXzUxLUJGb0xfOEp3bmxlUFM1cm0wanhSbmk2RmhycnpaMmZBVGc?oc=5,2026-05-28 23:28:01+00:00,"First QuikTrip in Topeka opening soon, what to know AOL.com",2026-05-29
Whole Foods Market,Rahul Shinde,Grocery,Opening,Whole Foods Market location in Seekonk to open in June - WJAR,https://news.google.com/rss/articles/CBMi6wFBVV95cUxOOU5haTREa3JHcExZMm1Mbk8wcDJ6dmwzOU85VFVPeXdaSUktTTdQTVJuUEFSNldvU0RSZmd2TzB1cUdrNXNoZ0hLMGloNnptOFoyVlozZ3BCeDgyU3p6Qm9ZZ25laGxpSDd6SGFTblpoS0ZJckFYQkJEU2tmWGU0Nm80eFNRQjFJQ091REdFbDd5bEEzSEYySjdoWUhjU2pCcVVWdzR0X3dlSkVIam1KdVFCMnpseFJNakJHSGtEckJ4OFNGREw2aUtVMS1RbDY4MVU0bWJtUklMcmV5Tms2a2tWdS1ReEp6NXpR?oc=5,2026-05-28 23:16:24+00:00,Whole Foods Market location in Seekonk to open in June WJAR,2026-05-29
BJ's Wholesale Club,Ashwin Nair,Mass Merchandisers,Opening,"BJ's Groundbreaking in Lecanto, FL - Bluefield Daily Telegraph",https://news.google.com/rss/articles/CBMiwgFBVV95cUxQUGxEYTQxSUJyZzFBR1pHS25iYkQwSWxsTkRRYlBlWk5tRDl5RkpER3VMMU9oTzNnRFhPdFkycndDMFA3ZzhmdVBVbGRUNE5DaXUyc1ltbWNCemdTcW53N0F2VFdZUnE1MjVUVTF1UGhoUnRvQ3NUTEhQMGtLUUpXQnIxVjFudEV5RXJDUGtqeVlHY2Mzc2ZCQzUwVUNVMm82NzZXeDhaM3lQZDhsenhYU04zVHV1NmtreVNGQUszQ2Rldw?oc=5,2026-05-28 20:11:28+00:00,"BJ's Groundbreaking in Lecanto, FL Bluefield Daily Telegraph",2026-05-29
BJ's Wholesale Club,Ashwin Nair,Mass Merchandisers,Opening,"BJ's Groundbreaking in Lecanto, FL - Bluefield Daily Telegraph",https://news.google.com/rss/articles/CBMiwgFBVV95cUxQZ2pCYVl5NW51SkFWRGFSMnpMcnVwbFhOWV9WQjBmb1VSbVpFM2tUOHN1LXlvMG9Gek5KZmxHQ3djTHNWOVdRRTUzNWszLWpSNjQyZE85a0g3SWxmY1RLSy10MG41eXpDWWpNTGhNU1VqeUNiZXNTWXAyQTQ4VE5hVVB5cnFQQUlDR3ZVYlNIRGdXRkJRUjlSQlhIUEZLb2VPMWFWc0RwUGpmN01NOGVrX0xyX2cta0p2a2hpU3c5R2Qzdw?oc=5,2026-05-28 20:10:48+00:00,"BJ's Groundbreaking in Lecanto, FL Bluefield Daily Telegraph",2026-05-29
Barnes and Noble,Ashwin Nair,Mass Merchandisers,Opening,"Independent bookstores are multiplying, although many people still think they’re dying out - Capitol City Now",https://news.google.com/rss/articles/CBMixwFBVV95cUxQeGMtZkdPTnNnTzRRNFBka2N1bkpkamF1OU93LVA0WVNYdDNQYU41MmpIR0pKNGFqTVhyS3ZVc21HX2NMU3k2cG1TUVBrOGVvT3hyQ2llZ2hLMzk0T3BDWGtyckludDFQa2k1cDJTWFhLVnd0TmczeEM3cHFwc3dqWi1EYV9qVmpITUZVMWVGVmh0S3RqRnM1dU01dlJTWDJPbEMxYXZWWV8wcG1NQ0l6OEdBMW5zX0xMTGpiUjJHUld0ejd3cE9F?oc=5,2026-05-28 18:23:20+00:00,"Independent bookstores are multiplying, although many people still think they’re dying out Capitol City Now",2026-05-29
Whole Foods Market,Rahul Shinde,Grocery,Opening,Whole Foods Market to Open Massachusetts Store in Seekonk - Progressive Grocer,https://news.google.com/rss/articles/CBMiiAFBVV95cUxPd0tJTFk5V28yRENDd0d2bXRqMnR2LTR0dEdWUnlTaGhLWjhDdjdKUktoajFUaHZWMVExVDFBdElyVy11RkEtTGhMZ1gtUVR6UHV0cm1Od0NEMVFJVWZJaUdfOGFsZnpNVVBYdkFsOGRJNTdTUUw3dTJoWk4yNHFiOHdQM01MNFl1?oc=5,2026-05-28 18:06:11+00:00,Whole Foods Market to Open Massachusetts Store in Seekonk Progressive Grocer,2026-05-29
Whole Foods Market,Rahul Shinde,Grocery,Opening,Whole Foods Market location in Seekonk to open in June - WJAR,https://news.google.com/rss/articles/CBMi9gFBVV95cUxPWlZYSW9UVHhSOXZ2clNMbGRWYmNBd3B2cHd1bTJqZkt6SDg3VDlMUmwxamN0V0cyRUFKV0p2TnJrMHJ0SlVDRXlhWnM4M2dKanMyWUlHellJLVhUMHFMN0VURkkwd3VqMFZfMHNUYjBSRl9EbDJpUHRMSUthajFvYkdFNXpwWExzQnNvdERIZUk4S3l5QUlfejZHRXFOVzBCUTZNTkhVbmlwV3MwQm05YXhqeDVnWjQ0VWExdG5KY0c4RGsxVk1TWWtLYXFIaGtwSVRtclVEa1k0NEtHYXlINUFLQzJoSV84ZjlPVjE1d2dnbnppcnc?oc=5,2026-05-28 18:00:51+00:00,Whole Foods Market location in Seekonk to open in June WJAR,2026-05-29
Whole Foods Market,Rahul Shinde,Grocery,Opening,Whole Foods plans grand opening in Seekonk with free coffee and limited-edition tote bags - The Business Journals,https://news.google.com/rss/articles/CBMiogFBVV95cUxPZFEyVmlYenZrd1hYR0RqVXZKUFZ6NkJueHRGOFFGNXNkckxNNUJQclRYS0FVaWdURkZ5UmpqQmtuNTBOb0hKSXZvZE5neXBRQkxpR05YaHd5Z0J3REVjalhoc21ZbFJLclA1UHRUWUE5NDZzTDRyS0NYeW5jbWNFTFJJN3Mza0UtTVVWNExYVk12M19rdUpQRDlKaFJHRHkweHc?oc=5,2026-05-28 17:56:00+00:00,Whole Foods plans grand opening in Seekonk with free coffee and limited-edition tote bags The Business Journals,2026-05-29
BJ's Wholesale Club,Ashwin Nair,Mass Merchandisers,Opening,BJ's Wholesale Club breaks ground on new Port St. Lucie store opening this winter - WPTV,https://news.google.com/rss/articles/CBMi3AFBVV95cUxPWnpvaXYtV1R2RlpmRWRBZkMxYWFHdFRfMGxMdDBPTUJtZ0ZsdXRaNG5LWnhBcTRBMHNSaFhDRnBmMHhYM04zZERLWXpLMEc3bHJyQzRiUWtFVXdtM3BRcnEzaHNURjYwMDlxa0JiLUtGZ1N4RldDa1RFeDl1TzVwZzZzYWFUZVYtTVZpYWx3S3BJeFo1OWVTSG5Qd1czOU4yc09KWEI5UEQzVzFhZFdJQUlJeENnVG9SU3N5aEs4N0FFMzczOFZiQ1JLckl6Tm5SQmxvQVB1NklXQkQw?oc=5,2026-05-28 17:42:51+00:00,BJ's Wholesale Club breaks ground on new Port St. Lucie store opening this winter WPTV,2026-05-29
Whole Foods Market,Rahul Shinde,Grocery,Opening,Here's When the SouthCoast's First Whole Foods Is Opening - 1420 WBSM,https://news.google.com/rss/articles/CBMiX0FVX3lxTE5hYVZxOGx5UFdIMkVjMmRjMkNXaTVMMVQ5bHFGc3VXZ0lrWktPSjM0SndGVEtFS2Z0REZEWkpIVDhxVlVpRU43SVhLV0xuejJKOHJ1Y0poUXFHYkFBNENJ?oc=5,2026-05-28 16:53:27+00:00,Here's When the SouthCoast's First Whole Foods Is Opening 1420 WBSM,2026-05-29
ARCO,Harsimranjeet Singh Ghelani,Convenience Stores / Distributors,Opening,"News | Arco National Construction breaks ground on E3 XPS warehouse in Lenexa, Kansas - CoStar",https://news.google.com/rss/articles/CBMiugFBVV95cUxQbHpCUDZqZVZsRnU2TWpjbGRZeGFSaE9fWktpR0pHQmJWUDlJN0VyYmc2NXRodTJfVE1rRUlka1FCaVBPMjUxWXlKMzRVQm1KMEs1bG96NmJvcU9JZ2ZDcDFlaDBpZHVoSE4yb2VuVTg2amxZNVdIaWVWejhyOGljLUlybVNPazM2eEFOeFhwMkhkNTctUldMQnlac2xYWFNQak15Wk9hTWFySkUtdi1UemxydjhScEpkMlE?oc=5,2026-05-28 16:24:20+00:00,"News | Arco National Construction breaks ground on E3 XPS warehouse in Lenexa, Kansas CoStar",2026-05-29
Raising Cane's,Rahul Shinde,Restaurants,Opening,Raising Cane's opening new location in Washington next month - Kitsap Sun,https://news.google.com/rss/articles/CBMitgFBVV95cUxNdGwyWVBzTTZ1eVhiV2FEX2tQTTlJc01lVkR1dlViUF9Vd3diVVhYTGtMR2FhNjMwaHlaMjB6clJ0eTJDTkMzSll0LVlndFRaWGtEcXBfXzAyU1FKbFZmWXZnTDUwMnZwb1pHWVQzVXp3bXRYTFhWVl9yVVZjNTN5U0owSHNWc3RzbWhpVkRlTFc3dXctaUlXc2h1UlN5N2pYaEZMT2R6Q1dybERnUmhDVUlQVDhGdw?oc=5,2026-05-28 16:16:00+00:00,Raising Cane's opening new location in Washington next month Kitsap Sun,2026-05-29
JCPenney,Harsimranjeet Singh Ghelani,Department Stores,Opening,Fort Fisher Aquarium breaks ground on $65 million renovation - WECT | TV6,https://news.google.com/rss/articles/CBMipwFBVV95cUxPVlB2bmU4VVl0UHhwcWxhUGlSMXgzc2JGeTAtbHNzcjFUcFBYeVJjc3FuYnROV3p4VUFfcHNnWlNzdlRKREkwV0h2cGlUR3lhRW9YQ293RjMxamdjLU9vcmFzTlBPQ1UycWZrck4xVXYyNTNPUHAtcnlkOEpzTV9pX0tGZkYtckF1SW5TRUFfQU1wcjM1M3ZOU0g4bkpWa1d6eFNrX3Zjc9IBpwFBVV95cUxPVlB2bmU4VVl0UHhwcWxhUGlSMXgzc2JGeTAtbHNzcjFUcFBYeVJjc3FuYnROV3p4VUFfcHNnWlNzdlRKREkwV0h2cGlUR3lhRW9YQ293RjMxamdjLU9vcmFzTlBPQ1UycWZrck4xVXYyNTNPUHAtcnlkOEpzTV9pX0tGZkYtckF1SW5TRUFfQU1wcjM1M3ZOU0g4bkpWa1d6eFNrX3Zjcw?oc=5,2026-05-28 16:15:00+00:00,Fort Fisher Aquarium breaks ground on $65 million renovation WECT | TV6,2026-05-29
Domino's Pizza,Dhiraj Manghani,Restaurants,Opening,New Domino's Pizza store opening in Kirkby - Liverpool Echo,https://news.google.com/rss/articles/CBMingFBVV95cUxPRUlfNUFBX2RBMFhIZjlmNjZldkdzbFNtU1Z0dUxIekxuXzloLWRYTGVjeXY0ZlRaZHlBZEh3dEJ0VmpUYnR5VFZmVWI2WGVsYXhEdHk1a09yelc3b2RwclcxM0IzcWhNZjhHNnpkMms3QUFMSmVwclNPT0dpc185dHplWmtpSnY1VlZ2aDVTWERKUkVsZ2EyX3NwODU5UdIBowFBVV95cUxOZkJJOVozUUVxVXZ5WkdfYW1OZnJ4RllqNXNIOWZ0RnBGSmpnWTJSNHNlaDBkakQ4YXY1a01wRnBDblJCaE5FZ2NPTG5yM0xnbnpZVGlfSzd2Y2RIYkRJTGFsVExiRnJ0YjJDWm4xVFRvREtBQVAxbW15QjJkaGNPQTNrc0t0bGhldXc1VEctOE1wNnVhbjVBQVQtejZBWHFtSGFZ?oc=5,2026-05-28 16:04:00+00:00,New Domino's Pizza store opening in Kirkby Liverpool Echo,2026-05-29
Raising Cane's,Rahul Shinde,Restaurants,Opening,Win free Raising Cane's for a year at their Owings Mills grand opening - WMAR 2 News Baltimore,https://news.google.com/rss/articles/CBMiqAFBVV95cUxQNU9XY29IRmw5RjR0MENDa0xMU0ZPWnhtUEFERUFQY1A5d1hjbDJVQ1JOSTJscUo3WTVja0JyNkhOeS1LaHV3NWJoZlNQMThWT2JnR1d3emZtVzZZMDZkZ3poRU1ZTW92cTFvZEt2VHpfNzJVVGZ5TnFIVmE0UWpmSldvMDVHQTdHbVVQeHJVNldlR2wyMHBsamFUbVR5VXNwVVA1UHltQ1E?oc=5,2026-05-28 15:47:55+00:00,Win free Raising Cane's for a year at their Owings Mills grand opening WMAR 2 News Baltimore,2026-05-29
Sprouts Farmers Market,Rahul Vasaya,Grocery,Opening,National grocery chain looking to open 30 to 40 New England locations - NBC Boston,https://news.google.com/rss/articles/CBMizwFBVV95cUxQUUVxbEJtYWZLdDA4SlFFaFJHbmJDTG95UlVPVkVLbG5qeGdsT3RfZDl5SkhIZXBKaE1HN3JZSkszWE1POFFHalVxU19ZWkRDLVhsOWhYX1I4elpvWmNEWGQ1RXd0U0I3TGFhVFJLNFQ5UjdKWk0yT3BsaFBvbXM3bDJqQmF6WkhfdHc0TWFPRHJGQjJHOHNDOWhPZjZscEtHN01mYmFGSVoxNmhmOGNNUkxoRHdPVjNPa2IwRlliRU9qWGl2UnJKXzA3THJVd0nSAc8BQVVfeXFMUFFFcWxCbWFmS3QwOEpRRWhSR25iQ0xveVJVT1ZFS2xuanhnbE90X2Q5eUpISGVwSmhNRzdyWUpLM1hNTzhRR2pVcVNfWVpEQy1YbDloWF9SOHpab1pjRFhkNUV3dFNCN0xhYVRSSzRUOVI3SlpNMk9wbGhQb21zN2wyakJhelpIX3R3NE1hT0RyRkIyRzhzQzloT2Y2bHBLRzdNZmJhRklaMTZoZjhjTVJMaER3T1YzT2tiMEZZYkVPalhpdlJySl8wN0xyVXdJ?oc=5,2026-05-28 15:32:52+00:00,National grocery chain looking to open 30 to 40 New England locations NBC Boston,2026-05-29
Sprouts Farmers Market,Rahul Vasaya,Grocery,Opening,Fast-growing Sprouts grocery chain plans 30 to 40 stores across New England - The Business Journals,https://news.google.com/rss/articles/CBMipgFBVV95cUxPWlFkRDc5cXB1N1hUNnQxdjJuZHk3VmQ2amVXLVR5aDdQcEI0YzlGV2NPcjE0T2M3ZVhqVVhMTS1yWnBWbURrX0U2cDYwZVMyUEdYb3NIVVpZc01GcU9yQkV5UENlUkVGVndXdHUwcngtX2t4ZHgxZzFZOU1Ed3VqelRvcFYtNkg4RHozVWVOU0RKTjhZSkU0bjZTQUhZZVJUVmlXNkJ3?oc=5,2026-05-28 15:32:00+00:00,Fast-growing Sprouts grocery chain plans 30 to 40 stores across New England The Business Journals,2026-05-29
Chick-fil-a,Rahul Vasaya,Restaurants,Opening,Bridgewater Chick-fil-A To Open Next Week At Towne Center On Route 202 - Patch,https://news.google.com/rss/articles/CBMiogFBVV95cUxQb0dYNzB1dWRIR0liRlMxa3RRRk05bEJVZGpkT0dKbW1fanBvSTVITzFNTEUwMXpxNnljOXliNGlFMlZCTE45cVhjX2oxUjRKVlRrcWoxZDhnMUJxWU9ERllpZGlzbGIxd1dnNEs3R2MyckZlTkdnTW9KbUo5R2JteE1rSzZNZ3VVczJGdkM5S0RMVUF4RnR0bElaa1VsY3JUYlHSAcIBQVVfeXFMTzVLLWwycjQyMmlHZTI4NThJTWppQU8tX3FZdVNqQUl4ZmNiYllVSkFycWNOeGl2M254WE5tUkEwMWNzVkU4MElOQ0g0MTNsQ0p0aGNJQWVYV3hJR2VrcmF2S3pCRTF0Rm85eFpLcTFIcFk4RU56MUJEOWtHR3poU3dsbVlRVFZVbTlGXzdnSk0xUHM3SEFYaTlxT3FDS0JBcWo4V2x3TUprZVl5NTNCSXh4YTExcGE0OHJicjVQQ0dHNUE?oc=5,2026-05-28 15:23:39+00:00,Bridgewater Chick-fil-A To Open Next Week At Towne Center On Route 202 Patch,2026-05-29
REI,Dhiraj Manghani,Mass Merchandisers,Closing,Outdoor retail giant REI closing SoHo flagship store - MSN,https://news.google.com/rss/articles/CBMinAFBVV95cUxQd05NbGNSYmtEOXJTcFZhdGxJcnFYWXUxUHgzQ2tQSnlEUktoYWhSZGtwQ0ktS3RlTFpEVEp4NHpqWkFZTXhkTUp1OWtGUW4yTzdkS1RyM1F2aFdvYi1odlVXemc2OVNva256RlB0TWZCVFhMeXFlbi03MVlxVDNyZ21YbEZ4VV8zTXFqdV9UcGxXNDk5bkNqa1FUYVk?oc=5,2026-05-28 15:12:03+00:00,Outdoor retail giant REI closing SoHo flagship store MSN,2026-05-30
Wawa,Ayushi Chandel,Convenience Stores / Distributors,Closing,A Longtime New Jersey Wawa Closing For Good After 43 Years - 92.7 WOBM,https://news.google.com/rss/articles/CBMiYEFVX3lxTE0yYzU1MWtvcW1YYmNrR01lX09qZzVsWnlCN1BjcHlSX29TNTU4S05kYlpOOTRCOTlTMi1BUmhiOGR1ZXI4TmlaNlRJeWxnRlZENVdtN2hqeGtyTG5DcDJRRA?oc=5,2026-05-28 14:51:19+00:00,A Longtime New Jersey Wawa Closing For Good After 43 Years 92.7 WOBM,2026-05-29
Dollar Tree,Ashwin Nair,Mass Merchandisers,Opening,Dollar Tree Saw Same-Store Sales Grow 3.5% in Q1 - Progressive Grocer,https://news.google.com/rss/articles/CBMifkFVX3lxTFBqeWtaRWo1MThWc001TUsxbTRYYkZMYlVjbTUzdlNyMm5iWTBRb3p2Tm5UMEg3MC1RZEZqRlFOZldiTHM2amZqR0lNemd4NVoyek5uZVk5b2xhbWdhV2l4NUcyVEkwcXNlZzlNQVgwLVpEVUJHa1pXb21NNHZCZw?oc=5,2026-05-28 14:15:45+00:00,Dollar Tree Saw Same-Store Sales Grow 3.5% in Q1 Progressive Grocer,2026-05-29
REI,Dhiraj Manghani,Mass Merchandisers,Closing,Outdoor retail giant REI closing SoHo flagship store - MSN,https://news.google.com/rss/articles/CBMinAFBVV95cUxQXzQtRk1ZbGdYTzUySEpsVVhMakFfQzQxMzhkT0ViRVI2aU5HTnI4Mk5yQmM1RHlLV25mdW1TUWtQdjFFTlZLcTlOODJ6UnEwQXpZRHA2T1AyQlgzM3JGWXNEQ3BZUFlUaEk2NkxYNHdyd1Z2WE1RWGNDajJDbmh5NDN4bHUtREhLRDRSM3M5aGJWZXhTaWx5ank4WVE?oc=5,2026-05-28 13:18:58+00:00,Outdoor retail giant REI closing SoHo flagship store MSN,2026-05-30
BJ's Wholesale Club,Ashwin Nair,Mass Merchandisers,Opening,"BJ's Groundbreaking in Lecanto, FL - Times Argus",https://news.google.com/rss/articles/CBMivgFBVV95cUxQclRFd1dFNktCMHhER3JldHF0R3piLXJxSWNYZG5RM25xVmFUTU5vM3loMUZMc1dSZ0tjYTRzLU51TmdrM3BtSHBXbldJNzhWZGZKOUl0MDJDNUpJZzZYZUZZV1pzNkZDUDB1WnZVa0xoQ1lkaTVKUGxaRkdqTDZmQjRGT2xqYzlxVlpxQlpGUmY4MlpRMUhiV2hHaHZJdFg2S01OVjVYNWg1UC1NQnAzcEJWUXJTempSdjVpb2pn?oc=5,2026-05-28 13:16:42+00:00,"BJ's Groundbreaking in Lecanto, FL Times Argus",2026-05-29
BJ's Wholesale Club,Ashwin Nair,Mass Merchandisers,Opening,"BJ's Groundbreaking in Lecanto, FL - WV News",https://news.google.com/rss/articles/CBMitgFBVV95cUxQdzJNbkZiLXNfeTMya3A1c293b1ZMTEtDZ3JoN3k2YU1zMVowMlBQam53RVRkeDEyeV9jd0ZjOUlOZm1JY0FwTEZQYzd1eVJ6U29WRG04R3U2QVoya2RvVUpDZEtTOENielpscVVuUnFDSDJxM2ZtSDBZLUZQelVBQnF2TTVZakRnTlVaN1VSM0hqWE1pZ0NLVGZYTmc2aTlDdmwzTlZHaGkwSkpaem5qOC1tT1Aydw?oc=5,2026-05-28 13:00:53+00:00,"BJ's Groundbreaking in Lecanto, FL WV News",2026-05-29
BJ's Wholesale Club,Ashwin Nair,Mass Merchandisers,Opening,BJ's Wholesale Club starts building SW Ocala store - Ocala StarBanner,https://news.google.com/rss/articles/CBMixwFBVV95cUxQQk12eTdFY1NSM3I1UzZNTkI0azlNdG8xQTZWSk9nTTQxeHJDbHVYVGtGM3lMV2RJZ1A1UVVUZkgtUXhaUnMzUjhQYUt1T1lrZ2xPLWhnMHU3cVVlVkZNUzA4LWhMb3o5NkVOeE1lMDhidWtIc05YZ2dHWGE5em92UW1TNWFlYTNDSXZhejd3am16WEtlNmpkMnNvSGJIQ28zZXNRNDAyZ2ZfTjVqOVpyMVdhRmZMUVZjSFNudVhBZThWSFFSLWxv?oc=5,2026-05-28 12:55:00+00:00,BJ's Wholesale Club starts building SW Ocala store Ocala StarBanner,2026-05-29
Burlington Stores,Ashwin Nair,Mass Merchandisers,Opening,"Burlington Stores, Inc. Expects to Open Approximately 115 Net New Stores for the Fiscal Year Ending January 30, 2027 - marketscreener.com",https://news.google.com/rss/articles/CBMi5AFBVV95cUxQc0RKZjROa3VrUko2ZXVtcGxZcWgzUXRhQlF1d3ZoMHQ0aHh6eUUtS3VIbjJicEhRU3dZc0piTkhwZDVHS0RUTUNHWE1LNVEyRUdLbkR2TGJLNmZZSE9NY21ySzRLajFpVUF0dzZ2NktJLXJaazd2UUk1TWJQSjU5SlFBdWIxVGtkSVQ5LUJWdEk1ZHZxTnBFcVBzRWR3WUNuNzQ5TGtPVG1TYi0xb0pBM1RBZksya211eGV4Q0dQZmlyV1N1VFZOTlZFLWpzRFAzTW05cXNkbUdya0NpbFZDc3k5MV8?oc=5,2026-05-28 12:07:54+00:00,"Burlington Stores, Inc. Expects to Open Approximately 115 Net New Stores for the Fiscal Year Ending January 30, 2027 marketscreener.com",2026-05-28
Raising Cane's,Rahul Shinde,Restaurants,Opening,Chicken congestion: New Raising Cane’s in Lynnwood expected to impact traffic - MyNorthwest.com,https://news.google.com/rss/articles/CBMif0FVX3lxTFBldjEyTnhtT0d6dzRUN3QxaGtlaW5Zb21hSXR2MXp2N3RYWk9iOXM2VGI0amxfZ1p4N19YNXJGRUJneElFU0hzTVJONHZSOTl5T01ZMjlyN3lORWJtQVJ6Y21uZE9Md0ZWMEpkUHg5cVFacm9RS29hRUxsMjBIVlk?oc=5,2026-05-28 12:00:18+00:00,Chicken congestion: New Raising Cane’s in Lynnwood expected to impact traffic MyNorthwest.com,2026-05-28
Safeway,Rahul Vasaya,Grocery,Closing,"Safeway closing Newport pharmacy on Tuesday, entire store July 25. Replacements may not open until next year - Lincoln Chronicle",https://news.google.com/rss/articles/CBMilgFBVV95cUxQZzEtSnItV25jRGQ1WGtLdGNoLXozWE1WQUZ1NEhFS0E1ajFVQnpRWE02M3FGaWN2dFAzdHo2NkJSMFJRbUhwSk9SWldOcmVJaGt3eGY2N2dTZzE1Z0lWSXlZb0g2VlE4OVVQVjN0NF91N09tMy01UzRBRENKdy14akVMQnlrSEFybndFWFhQenUtN3BPeHc?oc=5,2026-05-28 11:35:09+00:00,"Safeway closing Newport pharmacy on Tuesday, entire store July 25. Replacements may not open until next year Lincoln Chronicle",2026-05-30
Bloomingdale's,Ankit Rawat,Department Stores,Closing,Road closures coming for Bloomingdale's Rock the Country festival - WJCL,https://news.google.com/rss/articles/CBMipAFBVV95cUxQTjNNM1c4LW90dkZPVmNXbW42cllUamhpdHpYQ2MwR2owT1RoV2ZzLXRzZ09WNldrY2NBM1pkOGpyQ0xxaUE3RnViQnJZZWdXdUtsUVRsZDhGcGVvRk1vQkNKRHNYbG9GR1BRSnoxOUVQeEl1VHVlLTF1YnQ3MVk2VW15b0VHelBzSUdtMlJ1ZzEtZlpJVHVOTXQzRGlQZzJuaHZsRA?oc=5,2026-05-28 11:27:00+00:00,Road closures coming for Bloomingdale's Rock the Country festival WJCL,2026-05-28
VCA Animal Hospitals,Unassigned,Pharmaceutical / Medical,Closing,A complete guide on how to get your new best friend - KHON2,https://news.google.com/rss/articles/CBMif0FVX3lxTE94V1JGYjl0TF9nRzVBYjlHcEt2SmVGaE05ZGxKUUdXaENTTDVPaTFhVHpybEN6dmZWVFdhYWRBZ3hPaTh1YVEyejlBOXgtVlZvVFIwUmdHam9KT0I3VzBUZ1BWTmJnbUtvTkZkVFNuV2FrUUFpV0xvdjcyLWhXWlHSAX9BVV95cUxPeFdSRmI5dExfZ0c1QWI5R3BLdkplRmhNOWRsSlFHV2hDU0w1T2kxYVR6cmxDenZmVlRXYWFkQWd4T2k4dWFRMno5QTl4LVZWb1RSMFJnR2pvSk9CN1cwVGdQVk5iZ21Lb05GZFRTbldha1FBaVdMb3Y3Mi1oV1pR?oc=5,2026-05-28 11:00:00+00:00,A complete guide on how to get your new best friend KHON2,2026-05-29
QFC (Quality Food Centers),Rishi Nagar,Grocery,Opening,Kroger Agrees to $100M Refrigeration Overhaul at 600 Stores to Settle Clean Air Act Violations - Natural Refrigerants,https://news.google.com/rss/articles/CBMioAFBVV95cUxOV0hKRjhoU0RrWVJaZlB1Rzd4dUF3dnNMZzRMNEtLNUVMN0V4MFBpUmZLN3pLRGVBUXd2czFnWHpqeU1kWDJjSUR4NmRISUROd00tbUQ3MUNYTVNjeF9jYkdtMHMwZ0VDU3BRS1BVTG1iaWxFTUd2X29XR0tuNG16R1lhZ0tDYzFIUUNoZHYtcnY1RE5wWTZXUkZmLWJpTnFE?oc=5,2026-05-28 10:59:00+00:00,Kroger Agrees to $100M Refrigeration Overhaul at 600 Stores to Settle Clean Air Act Violations Natural Refrigerants,2026-05-28
Nordstrom,Rishi Nagar,Department Stores,Opening,Nordstrom Rack to open in Huntsville by spring 2027 - MSN,https://news.google.com/rss/articles/CBMiqAFBVV95cUxPc01qYTlWWFN0TF9wOFcwbVVzSXI4aDRwcndhZlEtMmRLclBEN2dWTUY4cmZVcGVHVkozYU1MNHltRWZMWWd2X0NST3N5ckNRTjRwQklpTXdCVjFyZklScDhWOFEyZ2NfNkFxWlhKVk9vNXltTC14bldNU0x3Vk5pc1JhazNCRXkxeGZIYTRXSXAyWHhsVXdENTdFR0t4bUM0c3dZbWRZRGg?oc=5,2026-05-28 09:13:33+00:00,Nordstrom Rack to open in Huntsville by spring 2027 MSN,2026-05-28
Albertsons,Kabeer Pandya,Grocery,Closing,Albertsons shutters 12 stores across 7 states amid restructuring - MSN,https://news.google.com/rss/articles/CBMiugFBVV95cUxQNnJfZDhQU1U1cFczX3prTktVNHU3a1d4WHQyczl6TnNIem5pUEZodmpIcndsLVZsdWtFdzRVTUIteWJlcVZwaUVGOHJTYXNGejBTVUtOUDJJOHh6TFlYU2Z1YW5rWnVXR25MLXNJZ2VScWxXRDRFcG16RnZoWWxpX05pd0tCVncwSEdidUlTVm11Q21MZXowZmlyUFM5ZXVqQTExV3NSTnJMM0xTUmZEN2g5QWdPQ3lCQUE?oc=5,2026-05-28 07:46:07+00:00,Albertsons shutters 12 stores across 7 states amid restructuring MSN,2026-05-28
Albertsons,Kabeer Pandya,Grocery,Closing,Albertsons shutters 12 stores across 7 states amid restructuring - MSN,https://news.google.com/rss/articles/CBMiuAFBVV95cUxOMnFXYng2THh4dXB1cXE5YlB5UlNoX2d1VDBrOFQ1UGRZckN0cWFqU2FBSVRRNEhLNklqZkU2TDNCaDRMUTc2VFdPZXlsalZNLTc1Q1poVlNqWVRyTk8tVFppR3NXYVpfanJQSkZ2RHZFMHh4b0NyZUJ5R3ZPWjh3UDg5WGZCdm1ZSFRteGcyN21CM2xFR1N6U3hlVE00UGl5U08xQUp4Q3V6NGdZbGFlVlRsMzlWcjBs?oc=5,2026-05-28 07:46:07+00:00,Albertsons shutters 12 stores across 7 states amid restructuring MSN,2026-05-29
Costco Wholesale Corp.,Ashwin Nair,Mass Merchandisers,Closing,Costco Gears Up For Q3 Print; Here Are The Recent Forecast Changes From Wall Street's Most Accurate Analysts - Benzinga,https://news.google.com/rss/articles/CBMijgJBVV95cUxPbTJSS1VYdTNMNmxuVlE2OE1SYWpqQ1BYU21oX0dqa1NhTW1vQU9CUzJMQ2YyYWhGck44X0htckp0NkFxdV96ZEt1X1duTlVSY3cxX0tZWEI1bzFKdFR0V2pFbjNETVVLN2x6QU5hRU5aSW53YWk1aHdHMGg1d1FoUm1tODRlSlNhZFM4ZUoxMk1BcFVIUW9uTE9KcUF4NHJMbk1RbW5nNWVxNkpnUTJKdEx5Y3RZUnJXdlB3bUVaRkJpSFJMMUlsTHZVc3FPX0xmNG9HN0pjbG8tdUhIVU1sZWd0QnBGd2FjV0lpUFkwU2JVcV85V3R0OEdwc2lHM2tOYWxiTkM1c19GU0RRUXc?oc=5,2026-05-28 06:54:17+00:00,Costco Gears Up For Q3 Print; Here Are The Recent Forecast Changes From Wall Street's Most Accurate Analysts Benzinga,2026-05-28
BJ's Wholesale Club,Ashwin Nair,Mass Merchandisers,Opening,"BJ’s Wholesale Club Accelerates Growth with New Locations in Kentucky, Florida and Indiana; Bill Werner Comments - AndNowUKnow",https://news.google.com/rss/articles/CBMiyAFBVV95cUxQWGJpN3NWVWcwT1dNNEcwOERlWmN2R1h2bVY2bDZSUENmWWN5UHBQX0tJMWdVMGM2M1I1RlY0SVJ4UXZUNGQwdjVTZGRDSUg1aUZXd1Jlckg1UEdkOUdteFcyOUczTkgzMDhWWk50UWFuUm1lLWNJWUdhUnB3eTRUUzk1M2tKcFJNU3hFcGpZX0hqQ3ZQQlZkVVlSYVpmdlBsT2xkcU1CLUc2N0ItbTBqU25pSlZha3hpNFcxSjFJSnVoaHpMeWpvbA?oc=5,2026-05-28 05:54:31+00:00,"BJ’s Wholesale Club Accelerates Growth with New Locations in Kentucky, Florida and Indiana; Bill Werner Comments AndNowUKnow",2026-05-28
Costco Wholesale Corp.,Ashwin Nair,Mass Merchandisers,Closing,"Best Buy, Snowflake And 3 Stocks To Watch Heading Into Thursday - Benzinga",https://news.google.com/rss/articles/CBMixgFBVV95cUxNRDk2ckJPcDBLVnlveW5BSk95MENQUnVEVlNjOG1DVnZRNjJKNTVKaWl4MXdBbVd5dXhwdURFRUd5N29ZTFBNQy1PdmREWExYRzRDLWU0VFVfLUVrVGJ4RmNHdzYtRGJLUHlxczlZN1RNRk1NUDhKajBwZFVicFplUDQ3bm9tYXF6RFZ0VVluUXNHOTYwRnpzZE02Vl8tRzVZUVl5YU1NMTFzSVFsQXd0aVhnNWxRUHRhdU5YS0FFaFUwQVhaekE?oc=5,2026-05-28 05:08:56+00:00,"Best Buy, Snowflake And 3 Stocks To Watch Heading Into Thursday Benzinga",2026-05-28
ConocoPhillips,Harsimranjeet Singh Ghelani,Convenience Stores / Distributors,Closing,Assessing ConocoPhillips (COP) Valuation After Recent Share Price Pullback And LNG Growth Plans - simplywall.st,https://news.google.com/rss/articles/CBMiygFBVV95cUxOUTFoZldsNmhlajJ3dlh5V3owV3JFck9RWVJWVGF6TW1uU1ZLVWNJeHV2ZTl0eFhpZURuZldaVjZYRTl5NHVLMVQyZjE3TDN3d1FoNHV1WWlqdTJfUnd1OERISkRnbDh5eURoVjVsdFF5T1dMSm9fRWlKd2NkaG1PdDJzbUtfSDlMbGdGX2hsU1VBeGRQX3hJQkJuQW5DRXVPOWdiajIzWnlkdlpMbUwxMmc5LUhUZU9QWXRLRTB0dnk0NHB1MnFpZ1ln0gHPAUFVX3lxTFBKZ1M2RExyZExQMXJBMXJCbWpIVUtfYzBDVFNhekJwbUE0aHR2UnhqVmRlZUN4TmlLVnZRaWRVeS0waGRSQWhkTnBHZzJoMzlvVjk2bkVrU0NsMVhPa2RzeV9wWG1wWkxvc3VVbXFfaFl1Uy1rUFE4UjZPbWlINGVod1V1YjZQcFFtbkV1eURMU3FabjUxcUg1WHptSzBsbGFvZXJKa3RoWnNLeU92bE5jREFpMm5VbkxRRUJtdzJnekIwNl9pT1RRRmg2MTVDUQ?oc=5,2026-05-28 04:45:46+00:00,Assessing ConocoPhillips (COP) Valuation After Recent Share Price Pullback And LNG Growth Plans simplywall.st,2026-05-28
CVS,Dhiraj Manghani,Drug Retailers,Opening,Jensen Huang pledges $150 billion a year in Taiwan as Nvidia breaks ground on new HQ - qz.com,https://news.google.com/rss/articles/CBMifkFVX3lxTFA2QjFvOFFCY3prYlQwWUE1ejNXNFg3Vjc4QW5ucnVhRkVTV2cxdWwtR3E4emtvenBoZ2J3NUpUQ202T2ltc3ktMENZUHRyRXV5LVhJak55UFNlVHJjbTJsM0xkaVdvNU5IeXVKMjNabzNORDdfX0x2b0Ezbk9VQQ?oc=5,2026-05-28 03:28:01+00:00,Jensen Huang pledges $150 billion a year in Taiwan as Nvidia breaks ground on new HQ qz.com,2026-05-28
BJ's Wholesale Club,Ashwin Nair,Mass Merchandisers,Opening,"BJ's Groundbreaking in Ocala, FL - Bluefield Daily Telegraph",https://news.google.com/rss/articles/CBMivwFBVV95cUxNUEpKc3lkLTR6allnMGZTb0lvUi1yaFhfQlNoaWNPVGE3M1F4SEJUc1ZQYTJGcjh3QXRWUmp3U01tTkNqY2xNUUJGckROWTd4bHMxeldjeFFMSEh5NXNGMTJmenh1dm94U0F0czF5Q05FSTM4dUQxWWhWZFAwVFExdzEzOUdKMEpjMk1ZVzFqemVQVzRZU2RfNGJaZWJBTDVQa0o2OHp4ZlFZUzNObHplRWo5OFFpRy10TjBsUFRLNA?oc=5,2026-05-28 00:05:16+00:00,"BJ's Groundbreaking in Ocala, FL Bluefield Daily Telegraph",2026-05-28
Chick-fil-a,Rahul Vasaya,Restaurants,Opening,Edley’s BBQ announces new Brentwood location - WSMV,https://news.google.com/rss/articles/CBMiigFBVV95cUxQWkpMdEhsZnlPUFZLNC1SR1NnZHZ6cko5VFVSZFVQcXdwMGw3QmtmS2pJbDBTY3FnWnFBb0NEV01ZMkNOdkc5RWFXQ0c5MW9GSmJsWDdGMWk5a1pDM240SXc5VXVOUVBvWkFsOEsxWmVzajY1ZFhidmhhNTZVUXhXR0EzbkxWbDhIZVE?oc=5,2026-05-27 22:01:00+00:00,Edley’s BBQ announces new Brentwood location WSMV,2026-05-28
Albertsons,Kabeer Pandya,Grocery,Closing,Albertsons shuts down stores across 7 states (full list) - mibolsillo.co,https://news.google.com/rss/articles/CBMioAFBVV95cUxNYzZkSy1IejhOMEJsajNGSXIxZ25vSmxxdjdITzk3S1dOSGp2MjRnTjVjSF9RdXJ5elZIZk0tbmhLb1AtM3Yyd0xhYm1fRGpEd2ZPWERmMmYwSkh3TUlFbTJ1SlFMY3EyZGczRWw4YWRjN01rQUFBVVhxLUppUERkMFh4VDBZallicXZHUGZ4M0lTN2pZeG9vZlZ6SVQ3MlNM?oc=5,2026-05-27 21:24:00+00:00,Albertsons shuts down stores across 7 states (full list) mibolsillo.co,2026-05-29
Dick's Sporting Goods,Ashwin Nair,Mass Merchandisers,Closing,Foot Locker Ramps Up Store Remodels and Closures Ahead of Critical Back-to-School Season - WWD,https://news.google.com/rss/articles/CBMirwFBVV95cUxOeHZJUktmQWIzeWtPd3V3QTlqLUkwVTVJVG5zSW5qTXhIbTR4NDA4MGxieWRVVVE4Mk10OUFFTnNGdnlBY0RySFRrQ0hobTJVNTVRaHY3NVZvRkl1QW95VXZrajlzSzJPZzgzcFFUQ3QwcnRxOHBTT1FObWdBODByQ3FwWWk0ZEZGNGxkaVRTSlBUVnlSOU5qRGxkcFdTem1GMjFIVnpybTNEZnJMVC1r?oc=5,2026-05-27 21:18:41+00:00,Foot Locker Ramps Up Store Remodels and Closures Ahead of Critical Back-to-School Season WWD,2026-05-28
Wawa,Ayushi Chandel,Convenience Stores / Distributors,Closing,Wawa closing busy N.J. store after 43 years - NJ.com,https://news.google.com/rss/articles/CBMiigFBVV95cUxNcC1lRTlHYU9RSll4LUdkVllRMHJZMlZyT1RHWnRXenNpRl83bDZzRG96QWRVWW5ocm9EcUgxMDcxc29IOGFGRDhCRGFzMGlaWl96bC16WEpwZ3pseFhwTV9Mb1pLMXNscEZHcTdXalBvbDVReEtOT1pPY1NVNGx0MWQ2ckNWUmx6Q1HSAZ4BQVVfeXFMTXM5UkVHVTl2SHVyaTlQX2x2MFd5TmtPTlhBVWpTTmJVempic3NLXy1xZlYzaWNGR1pyS3BMQmtJNW00T3RXOXVvQkRpRVVjb21kel9KTjFUdEZCcWIzZlUwVzZEQlRxYkR6aEtNQURVblk1djl3TGQ5bVNqZVo2TzJZVG1WempEU1pmQ216WnZTbXI2aG9MWU51Q2ZjVFE?oc=5,2026-05-27 20:23:00+00:00,Wawa closing busy N.J. store after 43 years NJ.com,2026-05-28
Chick-fil-a,Rahul Vasaya,Restaurants,Opening,Now open: New Chick-Fil-A debuts in Naples near Golden Gate - Naples Daily News,https://news.google.com/rss/articles/CBMivAFBVV95cUxNUi13Nm5aTU9kek5Zd3ZOelBmMERVcjhmRXlMTFd5akloZlpkMW13cUlCRzFQMTNmbVJ6cEFxZ0JvcElJVzVLUE1NUURvZm50T1VJSjRTeDVfa0poWTRwX1VkNTVaTnducy1kTC1vZk93WWF0QnprSUpCWEt3eng0cUVWOUJ1dEhEc0F6czQxZWd4QzA3Y050QW11aks3Q2pkTUhpanZyeG93RVJwcEJ4eUlsQXlmTDZPS0l4Vw?oc=5,2026-05-27 20:17:00+00:00,Now open: New Chick-Fil-A debuts in Naples near Golden Gate Naples Daily News,2026-05-28
Chick-fil-a,Rahul Vasaya,Restaurants,Opening,New Chick-fil-A serves Prosper along Dallas Tollway - Star Local Media,https://news.google.com/rss/articles/CBMi5AFBVV95cUxQX2tFem5aaXFtMUxaZWZ1TVA2ZmQ2X0piMGdJVXBjRkRBUlA1Mk9fQUphVk9mbmltNlI4cVI0VnRDaHZVUDh6cVM0eVlHMm9WMGlZUHRIUTNnNFJkckdjbzJrRGVwd094ZDFBV3RvM2swUFZ4U1ZpZVluVTNfU1BvT3lSVDVvUWY2N0hheXM3OW56ZlNYN3Q1Z1ItTVYxVElYUFFCZ21LWFM4N2EzUEZ6b0ZVWThHWWhrd2dKRzV3bHRBOFlJanVZVTFfZFMzUnJTR2I0b3JNUzF0Si1WOXRSTmlOZjg?oc=5,2026-05-27 19:32:00+00:00,New Chick-fil-A serves Prosper along Dallas Tollway Star Local Media,2026-05-28
Balducci's,Kabeer Pandya,Grocery,Opening,Albertsons says no Westchester Acme or Balducci’s stores are closing - Lohud,https://news.google.com/rss/articles/CBMiuwFBVV95cUxPTENHeEV1UzVJVHdHMG9xUFlWOVd1UGp5TzEybzBCTE90eC1iQ1pzLUJsOFJuVjI3MjNldm5TcXFhOVI1NXNPeDBjRjcyZzBCV0tlOE8zT3dRWDBmWG1RMzVzUWpDdGFPY09oUTlWUWxMZWhmTlpMalpaZzNtdkNYV3F0Q2dETllxN05vQ1NtdHdnNEZvbnI0YXRfZ0JEVElONlJrR1pNcnVrTXpiUENFT05OMHNiZV84TEdR?oc=5,2026-05-27 19:24:00+00:00,Albertsons says no Westchester Acme or Balducci’s stores are closing Lohud,2026-05-28
Albertsons,Kabeer Pandya,Grocery,Closing,Albertsons says no Westchester Acme or Balducci’s stores are closing - Lohud,https://news.google.com/rss/articles/CBMiuwFBVV95cUxPTENHeEV1UzVJVHdHMG9xUFlWOVd1UGp5TzEybzBCTE90eC1iQ1pzLUJsOFJuVjI3MjNldm5TcXFhOVI1NXNPeDBjRjcyZzBCV0tlOE8zT3dRWDBmWG1RMzVzUWpDdGFPY09oUTlWUWxMZWhmTlpMalpaZzNtdkNYV3F0Q2dETllxN05vQ1NtdHdnNEZvbnI0YXRfZ0JEVElONlJrR1pNcnVrTXpiUENFT05OMHNiZV84TEdR?oc=5,2026-05-27 19:24:00+00:00,Albertsons says no Westchester Acme or Balducci’s stores are closing Lohud,2026-05-28
Raising Cane's,Rahul Shinde,Restaurants,Opening,Raising Cane's opens a second location in Gainesville Florida - Gainesville Sun,https://news.google.com/rss/articles/CBMiygFBVV95cUxPOFhjQlpoelBwbWlZTmw4Vmd1dVEySU9TanZ4VFhINTFKYWxWb3l4RUFDaDBMS0ZtTk5nWmFnUlFVYlhOcVJUdGYzOUZxakVLMVFCYXVUNlk2cWpUSURMODlLNjF0ZldPSERpc1JVNmJMaC1KQkJ5T3V6bWRnTmxNTnFUYlh1WnpGVHR5cW9fNzV3b0N2ZHRYeDFIR2dZQW15Mk5YLTI4aDJMSzVRc2Q1WHFReDd2aFV1U2VlNEdzTnhvWnB0cUdQSTN3?oc=5,2026-05-27 18:22:03+00:00,Raising Cane's opens a second location in Gainesville Florida Gainesville Sun,2026-05-28
Chick-fil-a,Rahul Vasaya,Restaurants,Opening,Chick-fil-A opens second Prosper restaurant - Dallas News,https://news.google.com/rss/articles/CBMitAFBVV95cUxNZFNnQTZUbHNhMHlvUkJsYksxTXoyamZIOFZUVnNRdU1lYXYySnVXbUdmYTF5V1ZLZDd3ZmJfZU44bU9vM3pudkV0SjZmdjJXeUtGTEp4bUpTZGJ3Z3FDMDlxMWtRandJQmxORVZpaHBOUXd0X3NVa29lclNZb3JXUTY0VnBBazhvWGxNSno0ZTdSbmlRT0JoUnE4aFNPTXo5eUxhaFp4ZzN3X0N5LUpPUldpM2E?oc=5,2026-05-27 18:19:55+00:00,Chick-fil-A opens second Prosper restaurant Dallas News,2026-05-27
Family Dollar Stores,Rishi Nagar,Mass Merchandisers,Closing,"Budget retail giant shutters 350 stores — including 3 in California, as hundreds more closures planned - New York Post",https://news.google.com/rss/articles/CBMiqgFBVV95cUxQLUhFNGw4M2tUVzVaSVdyRHB6b19GN1hoUFJ4NUJXV3lmOGtKaUJqY0N6UWZjVmY3dTFpT29XQW5Cbk9zMmxtaDdrS1NXQVpYTldUVVEwbmVSZVNlSmdTUkdTeXdjQ3VBb3pDclozUzJxOGNjQ2xOaGFwOEwycmJsaGVMRm85c3JwWXlkZEVoblc2M0FMOWtERUNwc2tuTzFNVmhGU01PdXRrQQ?oc=5,2026-05-27 18:14:00+00:00,"Budget retail giant shutters 350 stores — including 3 in California, as hundreds more closures planned New York Post",2026-05-27
Dollar Tree,Ashwin Nair,Mass Merchandisers,Closing,"Budget retail giant shutters 350 stores — including 3 in California, as hundreds more closures planned - New York Post",https://news.google.com/rss/articles/CBMiqgFBVV95cUxQLUhFNGw4M2tUVzVaSVdyRHB6b19GN1hoUFJ4NUJXV3lmOGtKaUJqY0N6UWZjVmY3dTFpT29XQW5Cbk9zMmxtaDdrS1NXQVpYTldUVVEwbmVSZVNlSmdTUkdTeXdjQ3VBb3pDclozUzJxOGNjQ2xOaGFwOEwycmJsaGVMRm85c3JwWXlkZEVoblc2M0FMOWtERUNwc2tuTzFNVmhGU01PdXRrQQ?oc=5,2026-05-27 18:14:00+00:00,"Budget retail giant shutters 350 stores — including 3 in California, as hundreds more closures planned New York Post",2026-05-27
Chick-fil-a,Rahul Vasaya,Restaurants,Opening,Chick-fil-A sets opening of once-controversial Jacksonville restaurant - The Florida Times-Union,https://news.google.com/rss/articles/CBMi2wFBVV95cUxPTjQ5aG5oam9sTUhJamdXcTR3WGxLS2lVYWhaMk5QLTA0V25YNFdvOHZrTXdiUFZDNmxRQzhZZk5ubk8zb3lhSDU5R2cyOVpfZVZMV2hSSzB1RjVpck1LRDJUazJkTkhEZXkzdk9ZTDk3ZDVZTVBMVVdld3JsT2ItZWJ5VWo2MzRFVk9GNHBrUTBHRk1NRHhEXy1NV0lfdEVVSk1xNzBtNmVFTlZxVG9PYnRrbmVENnNrRDVrcm8tcXZfNlVSakd0U1VoR1hRbmpCNEF5dEV0eHVHX2c?oc=5,2026-05-27 18:12:30+00:00,Chick-fil-A sets opening of once-controversial Jacksonville restaurant The Florida Times-Union,2026-05-27
Raising Cane's,Rahul Shinde,Restaurants,Opening,Big crowd greets new Raising Cane’s opening in Gainesville - Gainesville Sun,https://news.google.com/rss/articles/CBMizAFBVV95cUxQSG0zLXlOZ2JKWGlFVnZZUDJhbXktVUt5U0dhT1NVWGZiWGotNGtTSHJtVXVUOEh4QW04SXItZC1GcTh4V29XTjR0MmlnNG04djZfRHVIZW9IZHhUOTZIZHRibXVvd3RRY1BlYWxzWFFoaGlIMVdUZjRNMlIyQ3hKbjVoME9xLW5FVEhUV0c4TFlYX1hScld0VllNN3N5Njd4SUduXzFDUXI1YlZmVjJkOHVaZHo1a2hCUmRCUElxOTF3eWVqWjhyQjVPS1I?oc=5,2026-05-27 18:11:00+00:00,Big crowd greets new Raising Cane’s opening in Gainesville Gainesville Sun,2026-05-27
Nordstrom,Rishi Nagar,Department Stores,Opening,"Nordstrom Rack to open new 24,000-square-foot store in popular mall - the-sun.com",https://news.google.com/rss/articles/CBMimAFBVV95cUxPN0s0cWZzZElxZHpjTl8tOThXbWVsWkV0U2N3SVhjaUxrRjM1bk9ybXJidEgyZDVOSTllV1dzYjNwUEI3RGM1N3kyWDd1UXVUUC1oUWw1OTdYTE40cnUzaHZCYXdXNDA5Wm51b1o5WjBmMGQ3dkZEMGhrWnZYaEo4NGVnVVFLQmZGaWczdXRUbWNQUVVVWU9qNg?oc=5,2026-05-27 18:05:01+00:00,"Nordstrom Rack to open new 24,000-square-foot store in popular mall the-sun.com",2026-05-27
Raising Cane's,Rahul Shinde,Restaurants,Opening,"Licensable picture: Raising Cane's restaurant leader Seneca Cook cuts the ribbon during the grand opening of Raising Cane's in Gainesville, FL on - reutersconnect.com",https://news.google.com/rss/articles/CBMixAJBVV95cUxQSEVydnRJajJFdVJpQ0pjemtLUjQ4SFZQN08tbm5jaUxRVk14SURPaEZqQ0RNZy1fNEhraUpPaVBQYkh3RWlCT2Fzb3ZadjlURThwYlFINFpKdmw3eks4Vy1aV3laTW1wd2hkZjRsZmU2V3M2TGNmcmhYbDdNUmg2a0M3WXBESlpyajBlRGd3WUdleFREeHVkbVFPb2dWRDgyNDkyajg5T0hWMlFqQ3gtLU0xaXh3bzQ4Rjh6dnhFYUZvMkxmT2xoY2s2cURubjd4UUh1TkFray1uRE9SQ3hJM0syS3hBMWhEVXVjR1R5M3d4Zlo0aG51SEYzbDZyU0pYaDExNllkVk8xMmpLaDk1MHctQTFUNjlQb1pTZ3pJWF9VRF82dHV4b2ZOSlJydFliamZWRnJOSFdhUE0wZUc0TnBBaXc?oc=5,2026-05-27 17:41:00+00:00,"Licensable picture: Raising Cane's restaurant leader Seneca Cook cuts the ribbon during the grand opening of Raising Cane's in Gainesville, FL on reutersconnect.com",2026-05-29
Raising Cane's,Rahul Shinde,Restaurants,Opening,"Licensable picture: Raising Cane's restaurant leader Seneca Cook cuts the ribbon during the grand opening of Raising Cane's in Gainesville, FL on - Reuters Connect",https://news.google.com/rss/articles/CBMixAJBVV95cUxQSEVydnRJajJFdVJpQ0pjemtLUjQ4SFZQN08tbm5jaUxRVk14SURPaEZqQ0RNZy1fNEhraUpPaVBQYkh3RWlCT2Fzb3ZadjlURThwYlFINFpKdmw3eks4Vy1aV3laTW1wd2hkZjRsZmU2V3M2TGNmcmhYbDdNUmg2a0M3WXBESlpyajBlRGd3WUdleFREeHVkbVFPb2dWRDgyNDkyajg5T0hWMlFqQ3gtLU0xaXh3bzQ4Rjh6dnhFYUZvMkxmT2xoY2s2cURubjd4UUh1TkFray1uRE9SQ3hJM0syS3hBMWhEVXVjR1R5M3d4Zlo0aG51SEYzbDZyU0pYaDExNllkVk8xMmpLaDk1MHctQTFUNjlQb1pTZ3pJWF9VRF82dHV4b2ZOSlJydFliamZWRnJOSFdhUE0wZUc0TnBBaXc?oc=5,2026-05-27 17:41:00+00:00,"Licensable picture: Raising Cane's restaurant leader Seneca Cook cuts the ribbon during the grand opening of Raising Cane's in Gainesville, FL on Reuters Connect",2026-05-28
Autozone,Komal Agrawal,Mass Merchandisers,Opening,AutoZone MegaHub Opening in Regency Plaza - WhatNow,https://news.google.com/rss/articles/CBMiigFBVV95cUxNYUpna3ItTVJRTm1nQ2VraE9ZNDl5bnVxc21mUFZMOGRzaHdmX2VIRWExQl9oVk9uTWVDelZqS050SzNGWjVFR2hFM1lWOHp6WXJCWERfODgtVGdOSnV1ZW1WUzZGdVFBRHFqMnEyVkJtUWVYRHhabS13Tld0Rnhqd2FZbjFFcXVLQmc?oc=5,2026-05-27 17:29:40+00:00,AutoZone MegaHub Opening in Regency Plaza WhatNow,2026-05-28
The Fresh Market,Rahul Shinde,Grocery,Opening,Popular grocery chain will open its first MO location in the Northland. What to expect - Kansas City Star,https://news.google.com/rss/articles/CBMib0FVX3lxTE9XcHRiMGNLOUhBTC1sd25CSWF1Yk1lMENUMHJKQ0lCcDNWbEtQUnRTX0JTOG1GUXJwZkxFR3FmcHFfLWRWRzQ1SXF0RUdrakk5dWFDNE5zZ3ZKYldQSlN0SGlvZFhiZ1dSWHJveUZVb9IBb0FVX3lxTFB3czNMREI2ZDl5ZWc5MjI0ZE4xTnMyS1gyTUY3U0U2S0ZvLWZXY1FTbG9XcEpvLXFKcXNQTlVtanZiYUFIckNwQUlZWlF1Ty1DMkdSVS1idFczZUFEaWtmX25fcVBLNHdJc1pseWg1VQ?oc=5,2026-05-27 17:26:16+00:00,Popular grocery chain will open its first MO location in the Northland. What to expect Kansas City Star,2026-05-27
The Fresh Market,Rahul Shinde,Grocery,Opening,Popular grocery store will open new location in the Northland. What to expect - Kansas City Star,https://news.google.com/rss/articles/CBMib0FVX3lxTE9XcHRiMGNLOUhBTC1sd25CSWF1Yk1lMENUMHJKQ0lCcDNWbEtQUnRTX0JTOG1GUXJwZkxFR3FmcHFfLWRWRzQ1SXF0RUdrakk5dWFDNE5zZ3ZKYldQSlN0SGlvZFhiZ1dSWHJveUZVb9IBb0FVX3lxTFB3czNMREI2ZDl5ZWc5MjI0ZE4xTnMyS1gyTUY3U0U2S0ZvLWZXY1FTbG9XcEpvLXFKcXNQTlVtanZiYUFIckNwQUlZWlF1Ty1DMkdSVS1idFczZUFEaWtmX25fcVBLNHdJc1pseWg1VQ?oc=5,2026-05-27 17:26:00+00:00,Popular grocery store will open new location in the Northland. What to expect Kansas City Star,2026-05-28
BJ's Wholesale Club,Ashwin Nair,Mass Merchandisers,Opening,"BJ's Groundbreaking in Ocala, FL - Rutland Herald",https://news.google.com/rss/articles/CBMivAFBVV95cUxQQkRDWDY5SnVFa3A3RlRUTjMzWGtQYzZwekh1ZzI2MTgxN2xQWndpczFmRnY5VkNtbU91WW8tcFRuS3EweENzeWtXVDNtaDRWT2xNVjZfanJ4N0swdjVvenVIRWx3dzhRN0RQMGhPRG9wMW1JTVpuQnJpdDQzWkZubUNQY1ZVdXZqbTNNSHJuQ3ZXMHRabGk5U2NJWmFHekc0TENnY25ySUNtbm9yXzBldDBNdVZSb2pJc3d4aQ?oc=5,2026-05-27 17:25:33+00:00,"BJ's Groundbreaking in Ocala, FL Rutland Herald",2026-05-27
Dollar Tree,Ashwin Nair,Mass Merchandisers,Closing,Ohio sees 28 Family Dollar store closures since summer 2025 - The Columbus Dispatch,https://news.google.com/rss/articles/CBMipwFBVV95cUxPSmVlU1d5eEZQd3NjWGZ3YjlRYkpSYTBoN3VTcTZwWkJ4dGpvOVFYck1TaHFmNHJreEhpc05kdXNXOWY2R0RWSU82M0tYeU8ySTQ5TFhtN0wtYWk1MzVUQnpWQlVPWUNsYXlnQlpuV2hIa3pkUjhKQTA1aF9iaEpYRENldnRXazB1eG1ISmxhNW1rel8zb3JsVFphMWplSHJycWpEYU9Qaw?oc=5,2026-05-27 17:16:00+00:00,Ohio sees 28 Family Dollar store closures since summer 2025 The Columbus Dispatch,2026-05-27
Family Dollar Stores,Rishi Nagar,Mass Merchandisers,Closing,Ohio sees 28 Family Dollar store closures since summer 2025 - The Columbus Dispatch,https://news.google.com/rss/articles/CBMipwFBVV95cUxPSmVlU1d5eEZQd3NjWGZ3YjlRYkpSYTBoN3VTcTZwWkJ4dGpvOVFYck1TaHFmNHJreEhpc05kdXNXOWY2R0RWSU82M0tYeU8ySTQ5TFhtN0wtYWk1MzVUQnpWQlVPWUNsYXlnQlpuV2hIa3pkUjhKQTA1aF9iaEpYRENldnRXazB1eG1ISmxhNW1rel8zb3JsVFphMWplSHJycWpEYU9Qaw?oc=5,2026-05-27 17:16:00+00:00,Ohio sees 28 Family Dollar store closures since summer 2025 The Columbus Dispatch,2026-05-27
Hollywood Feed,Suryakant Rajput,Pet Care,Opening,"Hollywood Feed to Open North Atlanta-Area Location, Plans Future Stores Across Southeast - Pet Age",https://news.google.com/rss/articles/CBMieEFVX3lxTE56SDhmMk9tMFFJQmJkcWJMNncwMHBidjJ0Q3dzZ2Yzd2xkZFZram9uTS1VTUZQSk5JQUZaZDE0RGFKS0NoM1gzRU1uQk1DSkNCZWtxbnFYYjlRY0pzaHpCeEdSTjU0R2dIU1diaUhLUFR5RGlDU2lNUg?oc=5,2026-05-27 17:07:09+00:00,"Hollywood Feed to Open North Atlanta-Area Location, Plans Future Stores Across Southeast Pet Age",2026-05-27
Raising Cane's,Rahul Shinde,Restaurants,Opening,Security moves PETA protester Shannon Blair off the Raising Cane's property during the restaurant's grand opening in - Reuters Connect,https://news.google.com/rss/articles/CBMiugJBVV95cUxQV3FEeGx3dnF4cmhBeU5OQWo0cE9adjVpREVJbk9BLUtDdkxUdG4wRlZLSjdhdEd2T0d0NFY4WVlPZ3h6WGVnOExHRnBFZXZEaV9NRU1iSXl5dUpTSFEybW1LUXNfNENTaFMwcExoaGEtYnYxNl9WWGp6ajUwYW1xZmZ6aUh0S28yN0FCZzVoWjYzU1FTMEpaMWtXTWpaeFgyMFdSeDVsZlZpU0VzNkhQbnJnb2pMOGFpdnhhUFhpVWlyY2F4SXZyWFpNMEk0Q0lzRVp3OENuMmpKVHU4QVRaaS02eDRPOElFUE02Q1VmNHRkcTFUc2twMi1SSkJ6M2NvOGc4OWZCeG8xcVZNVE9PUjBjc0xNZ0ZPbDdYLUswZHB0aU9zVDJzUVc5UXBqRUtoRVJSLWpCOVpiUQ?oc=5,2026-05-27 17:04:00+00:00,Security moves PETA protester Shannon Blair off the Raising Cane's property during the restaurant's grand opening in Reuters Connect,2026-05-27
Raising Cane's,Rahul Shinde,Restaurants,Opening,Raising Cane's celebrates opening of second Gainesville restaurant - Gainesville Sun,https://news.google.com/rss/articles/CBMi3gFBVV95cUxQemFnTVF1cGhlNDNvNkhKekNPa1NjcDdfcnctdUc0dW96Wm9TVGJvQmlaU05HWjZiSWlqSHRMa2hzQTV3YzRNSlZuNDMxRFBILV9CYnZVMF9KWUh1bHFhc25rcFN3QXAwZk9fVHI1bm1rRWVxWGFyRVl2cmhkbU9XN1ZXS0YwSEZEeF90YUlWNHMtQnRsS2FLV3gxYkJtcTlmLWl0am5LTjlYNncyUF9EQ2pYcEp0MjYxSEd2cWd2M19zMTY0bGNONVM0OVJUOW80VF83elhuX3VoaWJvR1E?oc=5,2026-05-27 17:03:00+00:00,Raising Cane's celebrates opening of second Gainesville restaurant Gainesville Sun,2026-05-27
Barnes and Noble,Ashwin Nair,Mass Merchandisers,Opening,Barnes & Noble to open new East Village store - Crain's New York,https://news.google.com/rss/articles/CBMinAFBVV95cUxNb194RjVkYVoya1lBYzFBcjhjWmpnVFBqSjdMazBxWWJJZDBVYk9mRmdtaFhFdE9DWUFqSkRlT2tYdm55WU5fRzM0YldPWU9DQkhHZHk5dnFzbGtGeEc2QTMwZEhzelg1d2JTOWZwQUJpak9MbW9hU2x4TURxbFVZRjU3MklNY0o5Y3JTV2c1Sll3X0FpRDEySDJybHc?oc=5,2026-05-27 16:54:00+00:00,Barnes & Noble to open new East Village store Crain's New York,2026-05-29
Barnes and Noble,Ashwin Nair,Mass Merchandisers,Opening,Barnes & Noble to open new East Village store - Crain's New York Business,https://news.google.com/rss/articles/CBMinAFBVV95cUxNb194RjVkYVoya1lBYzFBcjhjWmpnVFBqSjdMazBxWWJJZDBVYk9mRmdtaFhFdE9DWUFqSkRlT2tYdm55WU5fRzM0YldPWU9DQkhHZHk5dnFzbGtGeEc2QTMwZEhzelg1d2JTOWZwQUJpak9MbW9hU2x4TURxbFVZRjU3MklNY0o5Y3JTV2c1Sll3X0FpRDEySDJybHc?oc=5,2026-05-27 16:54:00+00:00,Barnes & Noble to open new East Village store Crain's New York Business,2026-05-28
JCPenney,Harsimranjeet Singh Ghelani,Department Stores,Closing,JCPenney says it's closing the Ross Park Mall store - WTAE,https://news.google.com/rss/articles/CBMiigFBVV95cUxPTDJjSXlqS2YtZjJlYURjaEhRbnE1N205eWxEWk9mOHZaTzR3VE9RekdBa1B4VDVxcU1KZHQtMHVMeUkxRmNiMmRoeFZLcnJOYkxzd1N4a0V1OUFFNURoQ0lSbWhLNndxUHhkdDhsbDRTZ0RXV1Y0NTJTTVhSWV9HWXlYZVIwUjZLOGc?oc=5,2026-05-27 16:42:00+00:00,JCPenney says it's closing the Ross Park Mall store WTAE,2026-05-27
Trader Joe's,Rahul Shinde,Grocery,Opening,Trader Joe’s is opening dozens of locations across 15 states: See full list - MassLive,https://news.google.com/rss/articles/CBMitwFBVV95cUxNQWlVTi1zb1RpM2ZMWU9EbkYyTkNycHl3djNPRnpzVUlRalZtaHFzNnFxeWFKSUVtYmkwNXoxb3dlMEZjTXRFdDVpbUx6bWNucEhEYlk5Zno2d0dnYzZ1d3Q1WmFKM3JaZm5ZcVhwYm9xc3loTXZrR0dFM2p2S0hWajc5RC0ybnNXMnNsOHM4Zk1XcDRrTnhuTEtSbVdPMUp1WEJTNEtpSk5GcVZVNlpBd1hkZEdaMG_SAcsBQVVfeXFMUGxhWlE1UElBMmxsbU12NkV5bFdvT2RtZThMTFhibVBTQWRubDF4Rk5rclhJb2lwRnNhMGZFSF9XVTZFdEFfUGhnUFJlN25rdUt1NXZoV3AwMUkzTXB2UjczTi1FaUZ3WWxsN1k0NDMwTjdwcnBKdkhnc1kyTkR5dXdNNExLLUd1UnA3LUpMeTZhSlRRWHFtNVpwQnAzTEMwVWVoNkMzc0s2aDlNNnByRC1ka1QxNUpZZjRhRWctQklwM21ERmJKcEU2d3c?oc=5,2026-05-27 16:39:00+00:00,Trader Joe’s is opening dozens of locations across 15 states: See full list MassLive,2026-05-27
dd's DISCOUNTS,Ashwin Nair,Mass Merchandisers,Closing,Will Ross Stores' Expansion and Strategic Initiatives Drive Growth? - TradingView,https://news.google.com/rss/articles/CBMivgFBVV95cUxPX1JRblItemlKUVRTRXkyT1lLTFpnT29nSUZxaHp3akJGSk9zdnJpS19Ia3gxQVpGMUVLb3Z3SlpZRE9jc0FkQ2JFLWRrWGJlS1VHcjBzVTBJZ09VS0N6VjBGbU5zTmtDcF9WdU9RODFBZkk5VVlGaUtjN2l0dzJ6NGIyUkRTOXZiMTdpbU9DT3JlOU5melRoczB3dllQUzAtOGV1b0phRzNkcTRfNFNqakptd21iazdGS1ZZbXZn?oc=5,2026-05-27 16:03:00+00:00,Will Ross Stores' Expansion and Strategic Initiatives Drive Growth? TradingView,2026-05-27
Ross Stores,Rahul Vasaya,Mass Merchandisers,Closing,Will Ross Stores' Expansion and Strategic Initiatives Drive Growth? - TradingView,https://news.google.com/rss/articles/CBMivgFBVV95cUxPX1JRblItemlKUVRTRXkyT1lLTFpnT29nSUZxaHp3akJGSk9zdnJpS19Ia3gxQVpGMUVLb3Z3SlpZRE9jc0FkQ2JFLWRrWGJlS1VHcjBzVTBJZ09VS0N6VjBGbU5zTmtDcF9WdU9RODFBZkk5VVlGaUtjN2l0dzJ6NGIyUkRTOXZiMTdpbU9DT3JlOU5melRoczB3dllQUzAtOGV1b0phRzNkcTRfNFNqakptd21iazdGS1ZZbXZn?oc=5,2026-05-27 16:03:00+00:00,Will Ross Stores' Expansion and Strategic Initiatives Drive Growth? TradingView,2026-05-27
Hollywood Feed,Suryakant Rajput,Pet Care,Opening,See what is going into this former Rite Aid in Baton Rouge - The Advocate,https://news.google.com/rss/articles/CBMi0AFBVV95cUxPX1ZJRUMyeUhOQ3ZJZTN5TExJU21pRXdsbmc0Zk9BOVM3UmRRSGtnYURNd3FwWi1faEVZVExyQnlvRGdKOGh1cUtHV3JqSW1HUnhlRFJyemQtSEhEMTYzMmhTX1B0MTI4YkwwbWJmeU1PS1pCclJSLXhHbmF2cDkzMnFKLWhkRmUyN3JWQ2Q1T21XWU5lREUwVUVpMkZxSjdEU1BnZ2RzaXR6N041T0tEcmR2TnEzMU43dWpCT3JTU2dwSnN0M08xcnBqem1XWFh4?oc=5,2026-05-27 14:57:00+00:00,See what is going into this former Rite Aid in Baton Rouge The Advocate,2026-05-27
Hollywood Feed,Suryakant Rajput,Pet Care,Opening,A major pet supplies retailer is moving into this former Rite Aid in Baton Rouge - The Advocate,https://news.google.com/rss/articles/CBMi0AFBVV95cUxPX1ZJRUMyeUhOQ3ZJZTN5TExJU21pRXdsbmc0Zk9BOVM3UmRRSGtnYURNd3FwWi1faEVZVExyQnlvRGdKOGh1cUtHV3JqSW1HUnhlRFJyemQtSEhEMTYzMmhTX1B0MTI4YkwwbWJmeU1PS1pCclJSLXhHbmF2cDkzMnFKLWhkRmUyN3JWQ2Q1T21XWU5lREUwVUVpMkZxSjdEU1BnZ2RzaXR6N041T0tEcmR2TnEzMU43dWpCT3JTU2dwSnN0M08xcnBqem1XWFh4?oc=5,2026-05-27 14:57:00+00:00,A major pet supplies retailer is moving into this former Rite Aid in Baton Rouge The Advocate,2026-05-28
JCPenney,Harsimranjeet Singh Ghelani,Department Stores,Closing,JCPenney in Ross Park Mall closing later this year - Audacy,https://news.google.com/rss/articles/CBMib0FVX3lxTE1XN0tIRXJRbUdEamNsY2FqRmwtS0NRVWc1eF81M1FYUFZEN1VzWFBNUS0xbmY2V0ZXRllvYlFpR3ZsTWtLemhBMnRCT2haX0NxSW1YY05GVi1vN3dVeEUtemMzTHNrYzRldG80X2R1VQ?oc=5,2026-05-27 14:50:03+00:00,JCPenney in Ross Park Mall closing later this year Audacy,2026-05-27
Dogtopia,Suryakant Rajput,Pet Care,Closing,Doggy Day Care Staff See A Pup Waiting Outside All Alone — Then Realize Why - MSN,https://news.google.com/rss/articles/CBMi-wJBVV95cUxOdGxScE01bU0wSmNtNWRsaWFvdWtjZHVWVld6R21pd2xCT2hScVdjMTI5TGRRc1VWSTl1em1mZDFKbE5ITUxqVFE2LTNmUmVjZEpGd2RDOTFRd2l4c0pzNHEzbU1PSEVzZV9OZmo2RXY5SENDZ19ub0hKdUxTb1ZESnJOS3hOU3FmNjYxMFBMamZta1ZuVWF3Q3lFeV9ZbXhQM2lhTno2cWlHckhTcUhpQkI0TUVNTEtoZ2MxMm5NSEFKSTN6SkNrOTJCREVjLW5PZ1BVeE5JX1U0M2JqZTRkSEtCUXhHWHdaQkFheXg0QUc2Rlp2NFQ4bEMxbXVVQ1dnQVdRdEpRWVJHTnFSd0JUNVhKSkVxaTZRTWQ2ejFHbzdhWE0yTUR1V2w2aW1kQV9uTTVCZ0pRVFphZWc4SXh5ODRVTmdaLUdqaGswNDM4enpEcEZGbF9na0hKZ0p0ZGlWYldOV2dQYnJrMG9vc3hlZ3N1bTVqT2NMNnNj?oc=5,2026-05-27 13:50:29+00:00,Doggy Day Care Staff See A Pup Waiting Outside All Alone — Then Realize Why MSN,2026-05-27
Sprouts Farmers Market,Rahul Vasaya,Grocery,Opening,Sprouts Farmers Market to open Webster store near Baybrook Mall this week - The Business Journals,https://news.google.com/rss/articles/CBMipgFBVV95cUxPRF9nWXJySkVUOFktN3IxRE9CU0pjSVRSUHdOTHdmcW8xRDFROXhEczBKYno3U0F5V0hBaXhJZkpWVG8xNW5RcU1qVnozRm9DYklpMzJ5cWkxSDZSR1Bha014VTJrNS14d2luWTVGdHR5MUl6c3pPZkt4LWc0NzUwS3JUVjJKaHhpWmFDNk5IVkdYRThNaGpjMXZxeERNRTdEYTNIT2Z3?oc=5,2026-05-27 13:00:00+00:00,Sprouts Farmers Market to open Webster store near Baybrook Mall this week The Business Journals,2026-05-27
Papa John's,Vishwas Shah,Restaurants,Closing,Papa John’s Is Closing Hundreds of Stores Across the U.S. - Sunnyside Sun,https://news.google.com/rss/articles/CBMi8AFBVV95cUxPVE5wUUtfZW9MSG1fUFdjQTloR3gxeERpbjc4QXhvUV9HdDNhcTB4ZU9IUTlqZnRZM1JuS2RaMjIyT1RlMFRIMzJLbUZ2Vmk2aGNYenhnN3lRd2VLcEZmZTVncDJaZnpFRDYxbmxaSjZWaVdTS0twWjE5aEFyZm42a3FhbVVvMGNsNjFBMkgzX0w1b3BaSkJuSkhEanJMTGxIcVo0LXVhVFE5cmlubWRmaDYxU3c5TU9hWmI3SUVHT2hrMVFiOWQ1aGdlX1hhVy10LTNCZ0IyZ1VtcEJValppS19yYi1fSEFldkd3VUo3aEk?oc=5,2026-05-27 12:59:52+00:00,Papa John’s Is Closing Hundreds of Stores Across the U.S. Sunnyside Sun,2026-05-28
Chick-fil-a,Rahul Vasaya,Restaurants,Opening,Photos: New Chick-Fil-A now open & busy in Naples - Naples Daily News,https://news.google.com/rss/articles/CBMi1gFBVV95cUxNVEhBUWxnVE9yYkhlSTB2eHppVjNZZFhSbExOU2R1M0pXVkVRNC1EUG9IYmZNekdhc0xEdm5rd0FhXzFiZzhYWTlhMDRBaWd0VENZYmFxUy15TGpHWS1KNHM1SDFfSVhZdnJubXpDWHVKNkdPMXVQUGpxVDY4MXh6czh5TlpnQWRQYWQyVWFQWFVGVHktNF9PU25xVEk0LXdnX2o2Q3BaSU5LaHV5NW9mWGdOTlNyUndzc3p3dGI3VkZFZm1DajBIcGJXRE5OVVp5bnVTWUxB?oc=5,2026-05-27 12:14:00+00:00,Photos: New Chick-Fil-A now open & busy in Naples Naples Daily News,2026-05-27
ULTA Beauty,Kashish Kasar,Mass Merchandisers,Opening,"Alshaya Group Signs Agreement With Mabanee to Open H&M, Primark, Ulta Beauty and Over 20 More Stores at Aventura Mall - Retail & Leisure International",https://news.google.com/rss/articles/CBMi1AFBVV95cUxPbXZaMkRmajlsQnktcVIwenU1d1BFZElLT0dfVlVVUHhsNEdMRzZyMHZKeWp2dDdtU0RLSXQ4RlViXzU2cnN4RC1HamRmWGs4NTFRVC1GUXNoV3lrdzduNFBRTjVaMGF2SjQtbWJQNjNZbV9DVEQydWotMmE1aXYxVE5HSzJ3cThEVUZjcm40YU5jdUVlUlN6Si1UNGY3OFFwN01YUm1NVWRnM1F1VEZoWGRnam9kSDdPU0dGZExNMEhKN1VkbWJMN3V2dC1mR2I5d1J0Yw?oc=5,2026-05-27 11:14:19+00:00,"Alshaya Group Signs Agreement With Mabanee to Open H&M, Primark, Ulta Beauty and Over 20 More Stores at Aventura Mall Retail & Leisure International",2026-05-27
City Market,Ayushi Chandel,Grocery,Opening,Sliderlicious food truck plans new location at NewBo City Market - thegazette.com,https://news.google.com/rss/articles/CBMi5wFBVV95cUxNc2Z1UlgtSFFnZnF2YUdONnUtelo4NWYyNUVXMktxYlZ1UmNGWHVxbk9WdXQxc1Z3RGpMOEhUUUtBRERDMm11RWVSZ0V3M24zeXpjZjBWcklJdTZ2ZzVMUmNXSUltWkY1VXlrdGZGMlZUakJLWG1qYWw1NVhkSW9wMjBoOElpQUZrdVVMd1RKYkx6MUdoNFJPRFJGYUtuYUdyQU9ZN2hiM3lXT1NmUzloSm0ta2V3UVBOd1FhVS1zNDZkU29GVlYxUnhXaEtzTjUzS3pydjFwa0NVT2p3ckNsZUVGUzQ4dVk?oc=5,2026-05-27 11:00:00+00:00,Sliderlicious food truck plans new location at NewBo City Market thegazette.com,2026-05-27
Raising Cane's,Rahul Shinde,Restaurants,Opening,Raising Cane’s to open new location in Akron: Opening day contest will give 20 customers free food for a year - WKYC,https://news.google.com/rss/articles/CBMikgJBVV95cUxPaktVeVB1SXVnTTh5c3N0alJ4RlphcTIyQ2xVMWZRWGdrdTN1bUtReXg0NEpKcHJqOG5LVGN0RDlqWFdfd0oyanBJZmlTMl8zUzB0UW5aT1FNQzFmV0UtcjBpNHdxZFNmNlNBeXVqMzFDcGpBb3ZMclVjZW90YllpY3E3VTJrOHJRZmZJX2x3SzAycDZrVFN0VUx6TWtfSkRERzFoQmhoWUR0TDB5dHRhdFdzNk1rNTg0dmNXcXhUNHFmbFFEQjFQTndXZWNIT0FsUzNlRGVkaExmVlRXSzQyT19xUXVTSE1jcVlDOFZGOFlqLUNjaDhna1o1MzZ3bDBqVXNROTNpWk9BczlmQ29WdXV3?oc=5,2026-05-27 09:51:00+00:00,Raising Cane’s to open new location in Akron: Opening day contest will give 20 customers free food for a year WKYC,2026-05-27
Taco Bell,Kashish Kasar,Restaurants,Opening,New fast food giant set to occupy drive-thru restaurant - Newark Advertiser,https://news.google.com/rss/articles/CBMipwFBVV95cUxQd0R6dnl6bzFzSXBwcDMtbU9TRnd5ODBKVFZIMF8yRkRTd2ZLNUdic2ZGWHN6WlVMTHdpZkk1a2R3Y0FIRUtnY2NMVGVjNGxEbnkyTEJ3SWVxdnE4LVNmZmhlb2FVRWFHM2RwZENQMUJ0Z2hCSUMwLVAyT2o3MFVySFc0bXRBMXd1Y3FCQmxoRGxyQTdKbU1zeExSNW5iel9XWHR5SlBwQQ?oc=5,2026-05-27 09:22:00+00:00,New fast food giant set to occupy drive-thru restaurant Newark Advertiser,2026-05-27
H-E-B,Komal Agrawal,Grocery,Closing,H-E-B closing North Austin store after 40 years ahead of lease expiring - MSN,https://news.google.com/rss/articles/CBMi6gJBVV95cUxPNHphakRjUUZJR1BkSjZnd28yd0J1LW05Z0Zfd05lN1pKV1EyWjg3THM5NjVWemp4Y2pPbUx3M196NHBEWmIwWG5nek1NTEpKOTZYXzFybThxWnJjaW5jUkY0U3J3MGFNOTZ5OC1YTTJfMXNrekVXWl9QNzJUVkwteTFZOS05SnJEdGkwYkowNmROelVLSVRTaDgtVzYxbFUwalFwSTFDRzd2cjhPeVlYVWxmWElEbXhtVFJuZkE0aXd6YjJHX2JiSlNsRkEtMlNadVUzM2RIR2hJSk8wSkNuR19QbnJwUFZhMEptU3Q2a0NkcTJnZF9DVU14eVNRczhmU1FQWGxLRFJmZ0J5QUxjSTBOSVlCLXkxbzczc29URXlhdzlublpBTHRjV1BRenUtRWlYWVNoLWJGZTRTdGcyaHFrZVZ4WUZPSDJtdGFyUk4xb1NRU2NIZEVKaHNFY3NhRF9Celc1ZGZPUQ?oc=5,2026-05-27 09:02:41+00:00,H-E-B closing North Austin store after 40 years ahead of lease expiring MSN,2026-05-29
BJ's Wholesale Club,Ashwin Nair,Mass Merchandisers,Opening,"BJ's Wholesale expands, and it's getting closer to Southwest Ohio - Cincinnati Enquirer",https://news.google.com/rss/articles/CBMiwwFBVV95cUxPNG1vQ2s2UHZEWHcxZzFoakJ2clVEZ2NjclkwU0RLWXJCLV9WaGFnM3NJV2xGb3Y2ZW1ISWR0MEF6MWlmOTFrUXg4ajJPMTBRUjhaUVRRYmdWaGFzemFiWDBsVHpQbGt6R2hZcTA3YlN6bVE1WmxtQlZzWlgwV1p4alFENDJ4WjE5RzA0OTNvbEpDVW9pTGRqMlhYVExIQ21xOENTekVCYjBsQmdoOTA4MVd3dDU2S2ZrWDdtMTBPMGUwMTA?oc=5,2026-05-27 08:14:00+00:00,"BJ's Wholesale expands, and it's getting closer to Southwest Ohio Cincinnati Enquirer",2026-05-27
Autozone,Komal Agrawal,Mass Merchandisers,Closing,AutoZone reports earnings beat amid retail sector struggles - MSN,https://news.google.com/rss/articles/CBMiswFBVV95cUxQR1BNeG02cGh4alRQZmVwNDFhU3JpZVB4TURqS2F4a3NHdXF6NEtvVjZRck9IS09CeEdKNWxVRlE0QVljZjdEWjQzQzc4dXJFZjlVbzB6ZDFac1NTY3N6Uy11S1BDOUI2aHhIWThvMVpNME9nYWJ1ZXRCMmVTNUFwcjFCd3dLSXJNYXBpY1V3VEFPY1NBVUpaVHo2NDAtRE81ejJsa051WnRFZWFSeXZGWklOcw?oc=5,2026-05-27 06:04:45+00:00,AutoZone reports earnings beat amid retail sector struggles MSN,2026-05-28
Autozone,Komal Agrawal,Mass Merchandisers,Closing,AutoZone reports earnings beat amid retail sector struggles - MSN,https://news.google.com/rss/articles/CBMi1gFBVV95cUxPN2hhdlpHcU94emZ2RkxCUDdNcFd0TDlORmQ4WkZXVmFqckNTRll6a2Npd05YaHE3NGczUkpEZXpYWHd2YVg0MURpUXBieEdzeUl4QVdtbjVQN1hvS3FxakdlRFJQaXRUT1BITE5HSzVTVWEtUzM4eHRnNmlQN2xnQzlXa0oxNHRpcm9BdkxlOEhyMkpRVGZzQmdjbURFYV8zOHJmMDBIUVBzalR1RldUc09YLS01SmJKUHFZdWxiVXgzakZYZHpjeXF5cHJwcVVONkl6NXB3?oc=5,2026-05-27 05:12:42+00:00,AutoZone reports earnings beat amid retail sector struggles MSN,2026-05-27
Sam's Club,Dhiraj Manghani,Mass Merchandisers,Closing,Sam's Club Customers Flood West Allis Store After Closing Announcement Alan Ritchson (DTbxRBgBpF) - Mshale,https://news.google.com/rss/articles/CBMiW0FVX3lxTE5pWEh4Z29kNTQ0MlZiTDVLTUkxOE9zMTh4UjFZR0llTXU4RGdjMXZaWGxvMGFMV1I0czFfUHQxNFd0M3JfSzVCSUVMcHRiRnlhLUd5d3k2VEZxVnc?oc=5,2026-05-27 04:15:10+00:00,Sam's Club Customers Flood West Allis Store After Closing Announcement Alan Ritchson (DTbxRBgBpF) Mshale,2026-05-28
Nordstrom,Rishi Nagar,Department Stores,Opening,Nordstrom Rack to open in Huntsville by spring 2027 - MSN,https://news.google.com/rss/articles/CBMiwAFBVV95cUxNdU1LV1U1eDRxVFNRU3ROV1BoUEM0QU5TUVF0MkxhQUhDUWtpOGVwOGhvcGh3M1VfQzR4OU45N1pOVzlPWlM2VlpraXZ5R21kcFZlcXo4WndCSnp2dE4ycGdBX2FicDdGR19aaVlBYW9RQy1uYXREVVJkS19hVlVkSkVqbTlQSmhtYXlfSDU4WXhTRU85dmJyUW9QYURwQ3RiMzZkZHRLY0I1VmhDTnQtMHF4NUNnMllldXQ3YmlveVE?oc=5,2026-05-27 03:48:14+00:00,Nordstrom Rack to open in Huntsville by spring 2027 MSN,2026-05-29
BP,Komal Agrawal,Convenience Stores / Distributors,Opening,"'Removed Without Warning, Explanation': BP's Ousted Chairman Manifold Albert Breaks Silence - NDTV Profit",https://news.google.com/rss/articles/CBMixwFBVV95cUxON2E4endUNThnWlNvdlN0SE9lRUw0UGVNU19JMnNJR25NXzdwRzc1OGlWV2IwY3plNXhHVnl4c1dPazRyNTRiZ1BFNnBGTl80UnZIMy1IS3hBdlJJcmNWM1FHTVE1Qmd6aEJvT1RzWEtONU5ORFVXY1pCa0tUNzV3aEdoZmpMTjZIUkR3d3Zrd2tJRjJpS2R5aFNtbWdiektOYmhyNUtlQUFTbTE3YVNJc2kyeWpYR0RGZG0ySm1CRXRleGtWRUZn0gHPAUFVX3lxTE04S3pNaXN3RlY5emdsVU1OX0g4b2l4ajMyNjBVZUJybXN3R0h3blFneW1uMUtZWGxwRFlLTTZNbFVlc3BkNUlucmFqZnJCdGF1OHA1dlI2ZHpHVXZCMF8xZmh2ZUxMUFZNMHRfSFFTWXhXeS03YXQ1TnNoYmhmU0s3eFJzZ01acDRaT3FqMzFzdmZVcGZxUWREUkw1YW41anUtQVFVM0xIUjJwcHc4SG94Z3ZxTDJRblZod1p3LUY3TTNlbUJtelZKRlNCTS1NVQ?oc=5,2026-05-27 02:15:55+00:00,"'Removed Without Warning, Explanation': BP's Ousted Chairman Manifold Albert Breaks Silence NDTV Profit",2026-05-27
Trader Joe's,Rahul Shinde,Grocery,Opening,"Trader Joe’s to open soon at Desert Ridge Marketplace, be 1st store in north Phoenix - KTAR News 92.3 FM",https://news.google.com/rss/articles/CBMidkFVX3lxTE1ERXRoODNKQ2FwaFd5ejFsX2NmZER0OVQ1eHM2N3NSd1NESFo4bFJmQ3VkUElPUnNvWjFBcHowbEJKMFVQbmc3eGQ5NXZVd194d25xM21yeTQ4eW9MR0ZrUjBOLU9VWlE0Qk50ZkV2b0NzSmlqZGc?oc=5,2026-05-26 23:20:49+00:00,"Trader Joe’s to open soon at Desert Ridge Marketplace, be 1st store in north Phoenix KTAR News 92.3 FM",2026-05-27
BJ's Wholesale Club,Ashwin Nair,Mass Merchandisers,Opening,BJ’s Wholesale Club to open Portage location - Inside INdiana Business,https://news.google.com/rss/articles/CBMilAFBVV95cUxQZXlqeGV5RjlObXppaG1zUUdNaVlic1UzUG95emZHbi1OVkg1Ni03LTZzZHUtbWp6THVYaDJnMWc3WnJtVVIyd3pWMzFhT3dKcnE0RjJON2lQSXlPQ3UwRXEwbHhOdUxJclU4QUNLTWs5aldJUmJVeURqMlVjaWZ4YlZpYVpjSWRmcVZGbDhNdnloNmVR?oc=5,2026-05-26 21:42:49+00:00,BJ’s Wholesale Club to open Portage location Inside INdiana Business,2026-05-27
Sam's Club,Dhiraj Manghani,Mass Merchandisers,Closing,Jamestown Sam's Club Among 63 Closing The Motley Fool Canada (478LyNPskL) - Mshale,https://news.google.com/rss/articles/CBMiW0FVX3lxTFBwb0JwR1VjbTNMUWUxTm1iR25qR1l4MU5jUll6MGYtSXhMOXAtelBMNG5LZWtVa0ZFYVRFX3ZWcDQ5R0RHT2pWcEJGUFVLR2txaFZKOVVaMXFEY28?oc=5,2026-05-26 21:30:05+00:00,Jamestown Sam's Club Among 63 Closing The Motley Fool Canada (478LyNPskL) Mshale,2026-05-27
BJ's Wholesale Club,Ashwin Nair,Mass Merchandisers,Opening,"BJ’s Wholesale Club, a Costco rival, to open this year in Portage - nwitimes.com",https://news.google.com/rss/articles/CBMiiAFBVV95cUxOTW9maEJrYkNqdkJLRkdxQnRDQU81cUMtZG5Fd2lzVVl3X19TeUN3TlhwbzJwSG9reDBVUjZiMlU1ZkRPbnFPSm5ScDVqQkZjbXpiazU1UlViYU1MZ0U5bkhSRDlWdllaR1lyRlRPcjJ4cE1RZ2xTOWV0LURpbDZTRzBTZUZNdEVx?oc=5,2026-05-26 21:30:00+00:00,"BJ’s Wholesale Club, a Costco rival, to open this year in Portage nwitimes.com",2026-05-27
Save-A-Lot,Shuvechha Dere,Grocery,Opening,Save A Lot to move from downtown Glasgow to East Main Street site - WCLU Radio,https://news.google.com/rss/articles/CBMipgFBVV95cUxQUi11bzJQLVBTT0xlQ0xlNGpQaXNld3FodmhOQzd6dHpjRldraGxsRmdpQ1U3UGJGM1hzTmFaZk1VZWtLVWs2ZlRreE9XdFJySXVnY01kbldWRU82aDBlTHdzbGJfOTVzY2RJSGJyWmU5U00wWFI5c1NfZlBoVmhiZWFpd1BUTWhFN2tDbDZsUExOSzlKUmZ6dHEzeW1rWnhZdWRlR2h3?oc=5,2026-05-26 20:07:37+00:00,Save A Lot to move from downtown Glasgow to East Main Street site WCLU Radio,2026-05-27
REI,Dhiraj Manghani,Mass Merchandisers,Closing,REI flagship NYC store announces official closing date - New York Post,https://news.google.com/rss/articles/CBMimwFBVV95cUxQZ194M0NXNlJOSVpZbDlxeW9oQV9EWjV2YlJvRWlaT2FNdnFyTnc1d3k1OW9SeThBbkxUcHN5dXlLaTI3ejI0T0IxSnhLRVlqRHZHcWRhRXd3R1dBbEVTM2d3QVpxUE82WlNldmlLb1BKZVZ1Wktvek01Q3J0T2FHRjBkVlJSVnBTUnRiZWVYYk5ZbFFuUG5FcmJoNA?oc=5,2026-05-26 19:44:00+00:00,REI flagship NYC store announces official closing date New York Post,2026-05-27
Wawa,Ayushi Chandel,Convenience Stores / Distributors,Closing,Wawa sets closing date for 43-year-old South Jersey store - The Business Journals,https://news.google.com/rss/articles/CBMirwFBVV95cUxPNzM5THg4MFRMc2p4Nno4Y1kzZ09JT1BtQWNiUk8xdHdTOE9Fb05vcTAxVXRBTk1VMnMyY3QzY09NX09YVWVtUXBCWjZLU0U2V3VvWHBLbGZtODl1VElHaTBObjZQdk40UXUxOTB6RW5xR2Nsbm80UlNCcFBSaWxpNHVTdXVib2hvMnZBTlpXZzRLNzZDbFIwaHAtelZhQ0NydzhUTTFEaFlfVDFOSGlF?oc=5,2026-05-26 19:06:00+00:00,Wawa sets closing date for 43-year-old South Jersey store The Business Journals,2026-05-27
Target,Vishwas Shah,Mass Merchandisers,Opening,"Padres' Joe Musgrove Breaks Silence on Injury, Reveals Target Return Date - Sports Illustrated",https://news.google.com/rss/articles/CBMipgFBVV95cUxNNWxwek9TV3dIUG1kcGhGbF9ja3FzSkg0TXdIajZERW5wRExnMjlncHRrdld6RWs5MEM3VDdVUGZSSkNQbFd4LVdYSU9ad1ZTVzZIQU9zMC1HQkFRdWZyd3M2emlHTmczZjF3b3JYcF96cE9QbUZrTklRS2tXaGNCTWRTN21hbzgzV1FTNTlLLWVvNERuX0hmQVo2TWs1VVJQSnBJa19B?oc=5,2026-05-26 19:00:00+00:00,"Padres' Joe Musgrove Breaks Silence on Injury, Reveals Target Return Date Sports Illustrated",2026-05-27
Raising Cane's,Rahul Shinde,Restaurants,Opening,Raising Cane’s to open new Summit County location - Cleveland 19 News,https://news.google.com/rss/articles/CBMijgFBVV95cUxORERKdDRIVGZtV0J0d1JqYXhTU1QydWR4c2hRak0tY2ZwckhteVRMbEZPV2loTVdxcjRnR0JYOG9oSVVHOUgyTUp0SzMzSFdEbHAtWV9mODlkVlJsQ3Y2dnRtVW1sQU9tNVdJV2p0c1NUYkVTaFh2S0dvQlVpSkVPb1R1d0pibDlwcTBWOTR3?oc=5,2026-05-26 18:52:00+00:00,Raising Cane’s to open new Summit County location Cleveland 19 News,2026-05-27
Macy's,Harsimranjeet Singh Ghelani,Department Stores,Closing,Macy’s Permanently Closing 14 Stores Despite Strong Holiday Sales - AOL.com,https://news.google.com/rss/articles/CBMieEFVX3lxTE5ORk5zczdfY1ZFMjFLVkI1VzV5TnBqeWt5MzltaVNoX01GczBXNlpBakRHN3dYOFAtUUU3MkF3dnlaSURYVkFzeXNFamRRQWFqVThCVUg3VldFU1FWWXZMWS1BdFVja253WDVFejhfMU0xTTVGU1Nncg?oc=5,2026-05-26 18:09:22+00:00,Macy’s Permanently Closing 14 Stores Despite Strong Holiday Sales AOL.com,2026-05-27
Autozone,Komal Agrawal,Mass Merchandisers,Closing,AutoZone earnings climb as new mega-hub stores beat sales expectations - Daily Memphian,https://news.google.com/rss/articles/CBMilwFBVV95cUxNMDRQQnZWYzczTlZuaDF4UVRad3RYOVFSNl9STWw3eEtEdllSdWI5cTIzS1BjbXg4N2I2dl9MVzZuVlQtekNmUk02STJMNjV5blBUS3F3VXl2emMzUE96c2hEMXo1Tk5zdnM3RzR0WVZoYll2SDFTVTdQNDlTM3Z2clg0NVNnZ1AzeEdRWDFTS1Q5dVNoVld3?oc=5,2026-05-26 17:52:00+00:00,AutoZone earnings climb as new mega-hub stores beat sales expectations Daily Memphian,2026-05-27
Albertsons,Kabeer Pandya,Grocery,Closing,87-year-old retail grocery giant closes a dozen stores across 7 states - thestreet.com,https://news.google.com/rss/articles/CBMitAFBVV95cUxOUXc4QjhzblZheDdOVWwzQ3NhLTFnVWRsM25yN1ZfeFdjUUh1YU00NEpHX1VPX1N5LXd0MzRnOEFkYWR4bnBUX3ZWRzJyWmY2VDUzTGF0dS14UHNoNWpiTV9IaVhTLVEtM1RvYVhYakFLUW5Gd0Y1cHlTSlFOTXUwOFppaVo5SzhzMnBScTJTOU9yNEJPOGhucEM4S3FoUmk0SmdLS3lMVlpIb3RRc3RJZWp2WFc?oc=5,2026-05-26 17:33:00+00:00,87-year-old retail grocery giant closes a dozen stores across 7 states thestreet.com,2026-05-28
Hornbacher's,Komal Agrawal,Grocery,Closing,Change.org petition launched in hopes of saving Fargo's Hornbacher's Express store - InForum,https://news.google.com/rss/articles/CBMiswFBVV95cUxNRWRXNU8tVWw3bTVaVnkwVUZlMy1PS1FsQzRDOE1mU0lGbEFtYmhZOEowU1czX05YMjVzNDVmSXdyeVJBZl9OZjY4TDlLTVRHQkw5YUJ2NDdLRzg3cTRsZFFYVU9VMWo3M1I3N3E5YjNRSDVPOG1kX2E2STlKX0RjVzktb2t2RksyT3hMUkFURzY4Uzh4TDNLRklXNkVORzd5dHhHWmJmUXZNQktUNU5PTFFqdw?oc=5,2026-05-26 16:54:03+00:00,Change.org petition launched in hopes of saving Fargo's Hornbacher's Express store InForum,2026-05-27
Chick-fil-a,Rahul Vasaya,Restaurants,Opening,"Licensable picture: Chick-Fil-A is now open at City Gate in Naples, Florida, right by Paradise Coast Sports Complex. - Reuters Connect",https://news.google.com/rss/articles/CBMingJBVV95cUxNcl9MTXI3cndwa0NqZXdVZ1NXT2tFNlV4YWFneUZsYXc2OHRwVDJHOWFlWC14VWxENXVTNjhLbTlTNlVrdTVBMHk3cEpGVXlCeTI2YnJmLWdRQnA3ZGYwUXl6OXdNX2U0VUhadVYzODNrZ01QaXZZNGVxMG9yUURPVXJzRHZxMHBMa0Ztd0NPSEZnNVJJcDZ0VXlCV3BrQVN6ZnNHX0ZBcnFVb1Vsbnpvc1NDZlZ4cHlZZVN6cWpUZUE2VmJRZ0FYY1lhbkxRY2hsOXQ1N0hYY1JQWG11aERmaG1YQnRMWU9RQzBCMmhXYkM0cHdpZTJqREtiX05IOWItMF9kUTg0b2NlTWFjWGd0S2FuZVlqMjBqS3ZtRjhn?oc=5,2026-05-26 16:54:00+00:00,"Licensable picture: Chick-Fil-A is now open at City Gate in Naples, Florida, right by Paradise Coast Sports Complex. Reuters Connect",2026-05-27
BJ's Wholesale Club,Ashwin Nair,Mass Merchandisers,Opening,Four New Stores Propel BJ’s Wholesale Club Expansion Strategy - HomePage News,https://news.google.com/rss/articles/CBMiqgFBVV95cUxPTjc2cGF6VW04RnZSRXJtWXZzTGF1ZExJMWJLUjQ0LWN4WGU3U0RWSXFuekxkOU5UOExEa1RfNFh4aWp2OW9zMV9Mem5mNDZVVUR5eG15c0FUWGF6a1ZpcTF6dlN1TFJReE1JQWkyTWsyaG5WSEg3T1NYTUw4MlpVd3duSVNXQ0ZOVUhnRGZuUk5tLXBLckFBUUxlWVhxYk9sSmw5QmJJZndoQQ?oc=5,2026-05-26 16:29:53+00:00,Four New Stores Propel BJ’s Wholesale Club Expansion Strategy HomePage News,2026-05-27
Raising Cane's,Rahul Shinde,Restaurants,Opening,Raising Cane’s to open new location in Akron on Wednesday: Opening day contest will give 20 customers free food for a year - WKYC,https://news.google.com/rss/articles/CBMi9gFBVV95cUxNREFHVEY4UDhGT25RYnVGNTlyQ1BXblBOTWx0UkprSEtTY0paMjJyWHFkSzdSU1o3Z205Nl9fS1lmQzF4dHpsaUY5QktvX0E4SjhpYWhaTEMyN1NXYXNHTkpNcTlONTZ3d2lXWHAybDNXOHp3QlZIcjFYQ0t0RXZBbkNZeEZINEZyNHpFUXM2ODVsRnpnMGU3S1dPUDQtZGxWYTg5RWZJb2czRzE5blFOdGNkM2lFSGo2NFN0S0lSVmVZdHJISFNoQnd5LXFBcVdwNHUzcWc3MmxqZkdLb2dzNEFlY2xtWXFkM2l4UzZoT3pQZ1U5V2c?oc=5,2026-05-26 15:49:00+00:00,Raising Cane’s to open new location in Akron on Wednesday: Opening day contest will give 20 customers free food for a year WKYC,2026-05-27
Raising Cane's,Rahul Shinde,Restaurants,Opening,Raising Cane’s opens new location in Akron - WKYC,https://news.google.com/rss/articles/CBMi9gFBVV95cUxNREFHVEY4UDhGT25RYnVGNTlyQ1BXblBOTWx0UkprSEtTY0paMjJyWHFkSzdSU1o3Z205Nl9fS1lmQzF4dHpsaUY5QktvX0E4SjhpYWhaTEMyN1NXYXNHTkpNcTlONTZ3d2lXWHAybDNXOHp3QlZIcjFYQ0t0RXZBbkNZeEZINEZyNHpFUXM2ODVsRnpnMGU3S1dPUDQtZGxWYTg5RWZJb2czRzE5blFOdGNkM2lFSGo2NFN0S0lSVmVZdHJISFNoQnd5LXFBcVdwNHUzcWc3MmxqZkdLb2dzNEFlY2xtWXFkM2l4UzZoT3pQZ1U5V2c?oc=5,2026-05-26 15:49:00+00:00,Raising Cane’s opens new location in Akron WKYC,2026-05-27
REI,Dhiraj Manghani,Mass Merchandisers,Closing,The End Is Near for the Soho REI - Curbed,https://news.google.com/rss/articles/CBMihwFBVV95cUxOczhHbTFHdGtfRkI1MzFoYVZHTFR4TGFMb3dMY0kwc09UY2NLWUpMRnJKbUNFYk5rU3NvbXVUSVVrcC1VLVRFcndZQWxUMnRiM0pHWjQ5c3dpYlUxZEtXSkhiU3pyalFiWFVwM1l1MnFMR0kwZEhLZTRzWEZaMkwwbFl0NXY4ekE?oc=5,2026-05-26 14:47:08+00:00,The End Is Near for the Soho REI Curbed,2026-05-27
Raising Cane's,Rahul Shinde,Restaurants,Opening,Here’s where Raising Cane’s new Florida location is opening this week - Daytona Beach News-Journal,https://news.google.com/rss/articles/CBMizgFBVV95cUxPRTNpUUYxTXJDT1hobTB6OXVBc1p4MGRBa2x5NldaSjFCQlFvU1otT0JSam5tV1JxSllSallVX1VxOERLN1NOcTFwQWZlbVMyemY1czNvVmxhWWxZU1oyVHBhdDU3QkF5bnEzV2JfazE5QzVOSk5od0UxVUlMTkhGWjU4TzhrYXAwdWszX3Z5d1RDbjRyQWtrMzVsajdNSmU1bldRTDFUdGpKYmhEcUdMdzE2OUtJbXJyTXloUVgyQmVkNk5xZWVIYU13dlFTdw?oc=5,2026-05-26 14:31:00+00:00,Here’s where Raising Cane’s new Florida location is opening this week Daytona Beach News-Journal,2026-05-27
Autozone,Komal Agrawal,Mass Merchandisers,Closing,"AutoZone Down Over 8%, on Pace for Largest Percent Decrease Since May 2022 -- Data Talk - Moomoo",https://news.google.com/rss/articles/CBMizwFBVV95cUxPNjlUR1pGbjFKWmlINklFS1Z4NUIzTExlNWVNenRDRkUtVWg4bmpFWHB6dHo0QlpHMVptY0ZqMmJZdnExVjBxbm5DcUZjVGtNWTc4QUYydF9GT25Ic2tYdDJzRjBfelJnOEJpMzg1TWVwVE9VcGduWXJRTUNxdEVRRFhlTTBfemFOVEZ3Rjh4UjN3YV9NSUxRSFBXUThNS3p5eHlSUkNmZ2hiVzdEZG5Eai13T0wwd05VdXlycGhtRGRULUlQVWk5S2UxdWpvRWc?oc=5,2026-05-26 14:02:00+00:00,"AutoZone Down Over 8%, on Pace for Largest Percent Decrease Since May 2022 -- Data Talk Moomoo",2026-05-27
Chick-fil-a,Rahul Vasaya,Restaurants,Opening,New Chick-fil-A Opening in Jacksonville - Chick-fil-A,https://news.google.com/rss/articles/CBMigAFBVV95cUxOLTVfRlhPUktoeFVHcXE4dl9zV19ydzRZNTVuZnRqTGRPTDBrWndSTEcwYzVNU1Zadm00cmJ4b0N1TEFZdmExY1FXVTdjSU9iLU80QksxcHNTVlpLVjROdUZGM21TdHZvaHZWR01fOXNjVnAxdkVRYW5OenQxb2NMYw?oc=5,2026-05-26 13:55:55+00:00,New Chick-fil-A Opening in Jacksonville Chick-fil-A,2026-05-27
BJ's Wholesale Club,Ashwin Nair,Mass Merchandisers,Opening,BJ's Wholesale Club bets big on Florida with 3 new locations - Treasure Coast News,https://news.google.com/rss/articles/CBMiwgFBVV95cUxOMEoxbDl1MzVGZENvRXZtTHVsUDkyWFBfYS1XMXpyNVpvSmhMbFlNRXdtSHZTM2JTSndXWi1EdmJBd25SbDRvNWtjMWlJRlFKRklDelpjQ3l0LXNsYTRPbXFvVFM5VlltR05YREg3NElvSW1QMjBHV0JZRUtkRFl5M0FRZlNOZHZ5cm1FQk5WaWtZdWFJWkIycFVKRDlHSURTZ1dkYlRFcVJzNzgwamdFMWZQMDRVTUFwc3hNMnE1cEQ2Zw?oc=5,2026-05-26 13:51:00+00:00,BJ's Wholesale Club bets big on Florida with 3 new locations Treasure Coast News,2026-05-27
Scheels,Dhiraj Manghani,Mass Merchandisers,Closing,Everything you need to know about the 2026 Air Force Academy Graduation - KOAA News 5,https://news.google.com/rss/articles/CBMirAFBVV95cUxNQVVtcnE4dTZKN0hzTEt0YTE1TFB6R2VzSjdBNDBwN1lOWGZpcmNWTktxeVprZmppakhYbURCT054QVU2NFlhTDgtaWZzV2thbWVIckxFQ3dzbDAtWWFBUlJJTnNXWWlLaTdQQXBhV2xvN3VIekFPbjlGMnU3SjFaM0pxdklkV1VJdV9jcWtwbWt1cXlKSzdRcGNnVkVhM19lanBnXzhwQ2RVYnpz?oc=5,2026-05-26 13:41:39+00:00,Everything you need to know about the 2026 Air Force Academy Graduation KOAA News 5,2026-05-27
Chick-fil-a,Rahul Vasaya,Restaurants,Opening,"Business Beat: Chick-fil-A, Ruby's, Likewise Coffee expand; plus a vintage shop, Sephora and more restaurants - Tyler Morning Telegraph",https://news.google.com/rss/articles/CBMi1AFBVV95cUxPZUNzcFFmQjlrTkpkT0pxVVVhM1BYSlJBOENMSTcyeXhiZVUyS1dsY2RYakg0cXNCOUV3YkMtRVVDR3pkODR5M1NURkZFa085LWVER2MxRkJhdGdHRElCQkNOQWo0QUY2UTc1bFp4MXE4RklabnIwUEdmblh4NS1CV1h4ZWlrYllpZ0pieXBDS0kyQlRPMEtRX0VjTjVUZE11UVlVWG9zTVlqUnlBWERFTEdJUWlxM1lwRjdpdXdrOW56S2w0NmQ1ZTZmTHRveFBfOTl5MA?oc=5,2026-05-26 11:02:02+00:00,"Business Beat: Chick-fil-A, Ruby's, Likewise Coffee expand; plus a vintage shop, Sephora and more restaurants Tyler Morning Telegraph",2026-05-27
Party City,Dhiraj Manghani,Mass Merchandisers,Opening,Gardner Outlet Furniture and Party City on the move in Leominster - Sentinel and Enterprise,https://news.google.com/rss/articles/CBMitgFBVV95cUxOZlR4LVlocC0tT3VNUTBEbFViZ3E1NFdrcE45VTQyNEFYdFQzeFBkZzduOWZka1czRnZudzZWYm1pVHd0enRWSEx4QzZ4YVprQlhRNWxFREc2SDc4NWdsNDNCMGVRZUVSaU5pd2poLU1BRmlRX1pDMHl2ZDlaSFdWQlVueDc2cHhIam5jZV8wUzBodXhGUjRGNmN6Q2xQMHFDcTFVT2ZURU92Tm4wVWlORkxKRllSdw?oc=5,2026-05-26 10:49:10+00:00,Gardner Outlet Furniture and Party City on the move in Leominster Sentinel and Enterprise,2026-05-27
H-E-B,Komal Agrawal,Grocery,Closing,H-E-B closing North Austin store after 40 years ahead of lease expiring - MSN,https://news.google.com/rss/articles/CBMi6AJBVV95cUxOdVZJQkR3NGViQ09jTm5Td2k2QTBiSEI4QTQ1OGYzWWdoRHFqMXRSSElIYk5ZX1B0QlI3TXhINGIwdnNjaXNEZ3ZBblhyYkxyZlhuUUp6ejNXbjVGS3lIYlRhVnVCdlR3blZmMkFHSUZMWlU2QzVTNEtOT2x4ckpseXFMcmN4UWVaNThOMTVOMWtBZ19iaEdrSjFOOXUtaXBpZVJzamRCSHpYdlhVX0V3QjlxdlNqNGhKM1N2eWlCZFdCZjE3MGE5b0s4VGg3dmlGZHRaOGlab1F3TWRYbXBOQmZuNDBRZWVVcFM0bFBFNEpHNGM0QVRhYk40QVdYOWpmNVV4aVAzemRudzIwUE1FdVdNNERTQ0luVGQ2ei1zMWhOVjFmQW5sdlZSc3Qwa2ctSWxYcEVsaXBRenBDei02ZGxjM2ZjdENzTm01SG5FbHhSdDlMMEpEaWdvejd6UDNuMFZBeXhwNVU?oc=5,2026-05-26 09:13:01+00:00,H-E-B closing North Austin store after 40 years ahead of lease expiring MSN,2026-05-27
Hornbacher's,Komal Agrawal,Grocery,Closing,Woman starts petition to try and save Hornbacher’s Express in Fargo - KFGO,https://news.google.com/rss/articles/CBMimwFBVV95cUxPY1gxTVgwQnpxMXNYUlJwcnR5RnlrbDNaRDdWcUpQaFMxSHROQmQzRnlVWk4yckNrN2xPWS15bm03aGdoX3RHVW1OcEtfd0p2aUpDaFByVmkwclBMbHNmSDI5cVE2ZU9yaUFIZDZDSU9tb0tHRDNJYU13TmFJWEJRVVUtdURrQS0wZHdTNzBXVG1wTUlIbHptUWpTZw?oc=5,2026-05-26 09:01:57+00:00,Woman starts petition to try and save Hornbacher’s Express in Fargo KFGO,2026-05-27
Tesco Stores,Rahul Shinde,Grocery,Closing,"Asda, Morrisons, Aldi, Tesco, Lidl and Sainsbury opening times on Bank Holiday Monday May 25 - Bristol Live",https://news.google.com/rss/articles/CBMikAFBVV95cUxPZWVjbExtcE4wN29oN2NTNnlMRmhDZjhfdWduY1hXaHdSYmFuTWFfU2FQdlk5aDNZV2hFSUVPWnNpRkNkaGZxMDZHR2lKVmdQb2l6czE1THV0djhKTEhwS0N3YU1ibWI0b0lEMHF5VHAyb3lmSFpKTkxNcE04cG9veFB3Qm9CWDZrbURMLTE1dmQ?oc=5,2026-05-26 08:52:26+00:00,"Asda, Morrisons, Aldi, Tesco, Lidl and Sainsbury opening times on Bank Holiday Monday May 25 Bristol Live",2026-05-28
H-E-B,Komal Agrawal,Grocery,Closing,H-E-B closing North Austin store after 40 years ahead of lease expiring - MSN,https://news.google.com/rss/articles/CBMi0wFBVV95cUxNN1dzdnN3Nk9XWWRoRXdxeldUQ3Z1OGZNQ0Q4ZzBja1FSUFk4V3hLMzRDTWNDTzZYeDM0enJsLWhsNWU4dk1LTkhGNlU2aFhzWHRXRXBmcnppZ1BIMlVIQ0NNNEpMUVE3dXJBU29MVHlHdWtBdjdvbXg5ckt6WVNCQ0F4d19uWHlqS0tFVy1rMDY2a1E4X1BrTUozQldYdWt6UTNKckJhcllfNnZLSkpNaEFfVHp0LVZicXBPNEdNRlIxNHB5QTFtVnV6cGVsbEJVODU0?oc=5,2026-05-26 06:58:56+00:00,H-E-B closing North Austin store after 40 years ahead of lease expiring MSN,2026-05-27
RaceTrac,Kabeer Pandya,Convenience Stores / Distributors,Opening,RaceTrac opens new location on Kubota Way in Gainesville - accesswdun.com,https://news.google.com/rss/articles/CBMijAFBVV95cUxPZEd5OG1GeEh3U214XzR4WGZXd21KdnhkZlZPZVNNRlhxaEx3alZyUVpheGJ0VWk0RmtPSWN2OERIUjdQRXEwOUFrZ0FxdjJTQUdLY2d0NEg1RXAzZU9NM2xrSVFMbFc4RHJpS1dESm5EZG44TWJLUF93VVJyU2xOVFdqeElkN3d0VjlPRQ?oc=5,2026-05-26 05:29:45+00:00,RaceTrac opens new location on Kubota Way in Gainesville accesswdun.com,2026-05-28
Saks Fifth Avenue,Harsimranjeet Singh Ghelani,Department Stores,Closing,DC-area malls grapple with closures of former ‘anchors’ - WTOP,https://news.google.com/rss/articles/CBMimAFBVV95cUxQc2FjTFdFX2REbGpaempDLVVqN2w4VzlsVWVDcWF4VGdWOC1oY0FTcll2Nk9ZUHZqbFdSNTZKeVdlZkZSb1FVT3hXX0tIdUs3OWFyd3lkbl9JODFKS0JtQjdDVU9XSllYTXFtUkxqNjB5S090cmJBUWEtRHFrby02ZGp0ZFlvM2JRajhsYWc1VVlMdUFlVUxyVg?oc=5,2026-05-26 00:33:11+00:00,DC-area malls grapple with closures of former ‘anchors’ WTOP,2026-05-27
Target,Vishwas Shah,Mass Merchandisers,Opening,Lockheed Martin breaks ground for new THAAD missile manufacturing facility - The Jerusalem Post,https://news.google.com/rss/articles/CBMiY0FVX3lxTE5qRUNWbHRWREQwellQTDhqSi1rM2lxNTZYOWhGOWFzeGJkTG5sZ1RLbTQ5YThCd01LYnRuZFRRSUhkRVBJWERzM0o4MzM0VUpCR2JwaFRTOGt2YXNPNHp3ZEdSOA?oc=5,2026-05-25 21:19:31+00:00,Lockheed Martin breaks ground for new THAAD missile manufacturing facility The Jerusalem Post,2026-05-27
BJ's Wholesale Club,Ashwin Nair,Mass Merchandisers,Closing,A Look At BJ's Wholesale Club (BJ) Valuation After Q1 Beat And Sharp Share Price Pullback - simplywall.st,https://news.google.com/rss/articles/CBMi5gFBVV95cUxQZ1ZlNTRGdFZGempQVFRWT0lXRmNhRUlwWU5QQ0ViZVdzbjBsaFRjaFhvd3hpOUs1Tk1CQlFTWjZfSE1XUjdiS0gycDVvMW5pdVRjaDhXMFVGeHZJWUNjU19EYktUYkRCVkY4bXZ5UzhKNWVyUDgyUUlmeE5nVlJaeVUzNFY4Szhaa3o0LWs1dTdCYlo3ekw1a3ZLZW9EeFRMQ2dLZjlsbW5TRnJnNnJWM2Q0OHZtblhCTk42bGFUQUlYUFZyRm9LSEhYOXVKR2M5T29TSVNqM3Q3dlM2TUlOZThIelR6Z9IB6wFBVV95cUxQaEFPNkhUR2dKaDlaRm5RQjRXS1M2YnhyQ29GSWZTWmN1Sk51bHA1TzJRaTRQRnVETUdmbGgyaDY3SkctamNFUGF5WUd0MW1Kb01NVlFqOENYNTBuTkNPWWxla003YmFiUlYtSjZaZVNRZ0Z5bXJwY1gwMkItTzkyUEFhZVFlR2JiYlhtcDBLMm5TWEgtU2V5Y2RkVlJNNmlScUZHVHVPdkhuSl9lNmFLeExuUUFyUTg5TjZHYkFsT01aQzBGN1JlbEhZV3J4Vkk5UmExZVgwb0gwNlpFLWZfZkEyXzM1OGxSWmxJ?oc=5,2026-05-25 18:36:40+00:00,A Look At BJ's Wholesale Club (BJ) Valuation After Q1 Beat And Sharp Share Price Pullback simplywall.st,2026-05-26
Trader Joe's,Rahul Shinde,Grocery,Opening,Trader Joe's is opening 9 new stores across several states - WKYC,https://news.google.com/rss/articles/CBMizAFBVV95cUxNQ0F2N2pNTWIwbTVoOGRHV3FtdE1fd0xUalZieEktcVd5REI2WTB0WHExMVFUV1VFS3FhRTNPbEoxOUdtNjhQYzE3U01CYk9vWFNReDFpWktXbmFrb0VzVGVnY09CRWRGZTNRa0Y1Q09sNnpyeUlydnd2WkxFc3N0T3JBMHZhRFp5bEFqV2FxUmpGOGhId08xNjJQOGpyeEpIbkJjWGY5RzFKdTRQZ1JLUmp3RFp6WjZjc25kUTB2TzFSbWxqRTZ1cDJpTHo?oc=5,2026-05-25 17:59:00+00:00,Trader Joe's is opening 9 new stores across several states WKYC,2026-05-27
ULTA Beauty,Kashish Kasar,Mass Merchandisers,Opening,Ulta Beauty Coming Soon: Tanger Outlets Fort Worth Enhances Store Lineup with New and Refreshed Brands - Fort Worth Magazine,https://news.google.com/rss/articles/CBMi3wFBVV95cUxPcXp6R2FEUWlLS0gzdnhiYW1DZTlaSUVUcWlWWWFNRWNOVHhHSm5NYXp2X2hBUndtejBvbnZUN0xUZnN3a3ctaE9iUlgweFhoZ0lsYzJ1WUljMHYtMHR3S2trOWtlRFRESXhmQVZZdFNLQWcwU2gwb21oVFZyV1dkbjh3Q01vTUNvYTV2R0JHZzJOUXpwQnkwRENQQUNOd2VZNHFpTmVqVDl2bEhScWt2WlJOQmlZTXdkSnVUWHNpZC15ajRnWlZiR0lGUFYtbHF4NWZ0NHlQZ3FLV1cwTnRR?oc=5,2026-05-25 16:13:32+00:00,Ulta Beauty Coming Soon: Tanger Outlets Fort Worth Enhances Store Lineup with New and Refreshed Brands Fort Worth Magazine,2026-05-27
FIELDS,Harsimranjeet Singh Ghelani,Department Stores,Closing,ATH Jaiden Fields breaks down his recruitment's closing stretch - On3,https://news.google.com/rss/articles/CBMisAFBVV95cUxOc1p6OEN3RThtNGNoMnZIR2hEVFVLSVc0T0dGNXJEaXZUUE9rZ1lldmxSNWRKMWNUT2xiT3NGZm9mdUJaSXQxaTE1NG9uR2ZTSjdVOGowNkxyUWNxeEVNNjl3TW1xcmticmtPWjQ2M2ZSQ2NLZmZXNm51SEw5RC13bmUxZzlueUlnYW5GVEpUUkFzSmd4SDEzaXpNQWV4UEJSdnUyTE9Ya2lnRTN4cW1uTQ?oc=5,2026-05-25 15:22:25+00:00,ATH Jaiden Fields breaks down his recruitment's closing stretch On3,2026-05-27
Albertsons,Kabeer Pandya,Grocery,Closing,Albertsons is closing stores: See a list of doomed locations for 2026 as the grocery giant evaluates its footprint - Fast Company,https://news.google.com/rss/articles/CBMikwFBVV95cUxNbXRrZzNITjBSR2oxRHFCaEJCajI2TTRjNUlUQWIzamdURUo5TWpLczZhTUlkMEhTMkFMU0N6LVJIT3NRdkE5Wlp2M2huUmw4eEFmTk1ZNENtOERyWmdScVk5emczZWlJUjg5d0d1MWx1N2Fhb2h0X1hxeXhvdFVtQnJfZVFSRkpNdTdVX0djdFhqLTQ?oc=5,2026-05-25 12:19:38+00:00,Albertsons is closing stores: See a list of doomed locations for 2026 as the grocery giant evaluates its footprint Fast Company,2026-05-27
Balducci's,Kabeer Pandya,Grocery,Closing,Albertsons is closing stores: See a list of doomed locations for 2026 as the grocery giant evaluates its footprint - Fast Company,https://news.google.com/rss/articles/CBMikwFBVV95cUxNbXRrZzNITjBSR2oxRHFCaEJCajI2TTRjNUlUQWIzamdURUo5TWpLczZhTUlkMEhTMkFMU0N6LVJIT3NRdkE5Wlp2M2huUmw4eEFmTk1ZNENtOERyWmdScVk5emczZWlJUjg5d0d1MWx1N2Fhb2h0X1hxeXhvdFVtQnJfZVFSRkpNdTdVX0djdFhqLTQ?oc=5,2026-05-25 12:19:38+00:00,Albertsons is closing stores: See a list of doomed locations for 2026 as the grocery giant evaluates its footprint Fast Company,2026-05-27
Tesco Stores,Rahul Shinde,Grocery,Closing,"UK Spring Bank Holiday Monday 2026: Check Opening & Closing Times for Morrisons, Aldi, Lidl, Tesco, Asda, Waitrose, M&S & More Supermarkets – Full List Here - The Sunday Guardian",https://news.google.com/rss/articles/CBMiswJBVV95cUxPZ212el9xMUdvZXhrcGExb2IwVmZkT2NYbnN1ZEVwX2Flb1pncEFBbTFSMVdXQkd5OGc3WFg2ZDZjZm1HSUVTVnJFa0tPQ1FWUUFfbWdBSlpGZnlpbWxfSVlYTWF0c0RJOWtxOV9uQXcwelUwVThNbEZwNGVjZXZKY2o1eVd4bmtqZ2tBQ2dIbkEtU1ZITVl0dUxwYWpmX2ZxUHlfeDdXZWhPa1lzcXBTLWxOQXllc1Z1a3V4M212eV8tenU4RU8wRjJmdEpZb0k2WTNhNXJQTzNaMGJmN1ZnMXZZcHRUOXFRelQzUTk2WmtZaVMyemlFaEFSUjE5Ym05RlhOSTNucWplUFYtMHBaeVppcGtVdWYzRHluWHIyVjg5SVpTaTdOaVlJQ0FPbjdtT1RZ0gGzAkFVX3lxTE9nbXZ6X3ExR29leGtwYTFvYjBWZmRPY1huc3VkRXBfYWVvWmdwQUFtMVIxV1dCR3k4ZzdYWDZkNmNmbUdJRVNWckVrS09DUVZRQV9tZ0FKWkZmeWltbF9JWVhNYXRzREk5a3E5X25BdzB6VTBVOE1sRnA0ZWNldkpjajV5V3hua2pna0FDZ0huQS1TVkhNWXR1THBhamZfZnFQeV94N1dlaE9rWXNxcFMtbE5BeWVzVnVrdXgzbXZ5Xy16dThFTzBGMmZ0SllvSTZZM2E1clBPM1owYmY3VmcxdllwdFQ5cVF6VDNROTZaa1lpUzJ6aUVoQVJSMTlibTlGWE5JM25xamVQVi0wcFp5Wmlwa1V1ZjNEeW5YcjJWODlJWlNpN05pWUlDQU9uN21PVFk?oc=5,2026-05-25 11:05:19+00:00,"UK Spring Bank Holiday Monday 2026: Check Opening & Closing Times for Morrisons, Aldi, Lidl, Tesco, Asda, Waitrose, M&S & More Supermarkets – Full List Here The Sunday Guardian",2026-05-27
Tesco Stores,Rahul Shinde,Grocery,Closing,"Bank Holiday Monday supermarket opening times for Tesco, Aldi, Lidl, Asda - full list - The Mirror",https://news.google.com/rss/articles/CBMimgFBVV95cUxNeFN3RkNKZWotazFydTdZV2JBRkF3Z05pcWRISldwZ2FBVzNUV1BuN3ZNNlNLWlpJcXdJbEU3OFFtZzg3NVR1UEJFYzMwM2w5eWV5YTE0NTZoa05wbnU5c0dwZWFyUDFmR3ZyUlg5U1R6TGs5UlJhTmFxak9QMk9OSG1EbDhDQ1Nza3JScGVXbkphWkpDWG95UHN30gGfAUFVX3lxTE14d0pwUWdvV0d4SlRVNmlXWmdaODJHWloxYjRrRmczVUxJUTBQYkF0OV9KUVVsd3laM3dOT1dQeUxxY25BRVVtU1ZMbHVJRkFBcWJWUW92emdMN1NXZENBWkN0VnN3bXFGQmpBZlBTVC1vZGRCU1ZaX240el9rYl9leG1xSVExODNZNU1TR1A1dVFOMmRuU2I2bDNYMXBoaw?oc=5,2026-05-25 10:21:00+00:00,"Bank Holiday Monday supermarket opening times for Tesco, Aldi, Lidl, Asda - full list The Mirror",2026-05-27
Trader Joe's,Rahul Shinde,Grocery,Closing,'World's busiest' Trader Joe's is closing for months - what to know - AOL.com,https://news.google.com/rss/articles/CBMihAFBVV95cUxOWFI2TktxQlo0OGVxMFBNbWs0c0NaUS1kYVRjZmRZUy1wdU8zUXAzLV9NZ1lJMld2N0psN3c4SG1IZ2RGQ2MxejM5R3F3ZVpaZlFkQnN2N1hWb2QzU282bWRWWnhwcG00OVJiUlFDSVRLT05IeU9Pc1VZZkE5azlGMGJVUFE?oc=5,2026-05-25 10:10:38+00:00,'World's busiest' Trader Joe's is closing for months - what to know AOL.com,2026-05-27
Quicklee's,Ankit Rawat,Convenience Stores / Distributors,Closing,Newly built Town of Niagara travel plaza sells for almost $17M - cnhi.com,https://news.google.com/rss/articles/CBMilwFBVV95cUxPTkI1VXBtWXNOaDdEaG1RN3liTnBtbERIN2JiM2luZDF5Q0FLcnM2ek0ybHRMRHlOUnYzb0lEMEFYcVpfR3AzWWM1R1VhT0lCS3dWSE1WakRjUjQwRnRIWWpnelhDTzVkYzVjWGNWNVFsSjNXTGVOMGVWR2hrOVFxa1YwdGEyVDRmQkRZcnllTTRrMFR6ZGhr?oc=5,2026-05-25 07:00:00+00:00,Newly built Town of Niagara travel plaza sells for almost $17M cnhi.com,2026-05-27
Tesco Stores,Rahul Shinde,Grocery,Closing,"Tesco, Aldi, Lidl, Morrisons, Asda and Sainsbury opening times on Bank Holiday Monday May 25 - Liverpool Echo",https://news.google.com/rss/articles/CBMikwFBVV95cUxOWi1xc1FTQ2RkNkJhRTRPRURpSzFveGpMdzRWeUlsX09sVXpaNUpiRUZ1Wmp0OFA2SjhwZnBySjJlb0NzWHFvVkFZSkZiVnJQS01BdERtZk45M20xNm00UUwwZ1NiQjYteFZnTGU0cnRtbG5PZjBtNzdYUTFOZF9TMUhUNnQtXzRPNi1pMHZJZFNtSVXSAZgBQVVfeXFMUEpNbmZ4M0pBMmkzeVBRTEsyZkNRSFZGa3BnZ2RfTHAxVEVwRW0tajloeWp2SnZDazZVODROUHFaczhEWkJmS3VrT2Z3U2VKdHFlYjR4NDdpN3pUNWhPUlcyUzlrVmpWOFhmUG51aTQ0Sk5IbERpWE8tNTg2S2xxSm1UYzh0cktZckhNSzdyZ2Y3QTBlUWI1SE8?oc=5,2026-05-25 05:00:00+00:00,"Tesco, Aldi, Lidl, Morrisons, Asda and Sainsbury opening times on Bank Holiday Monday May 25 Liverpool Echo",2026-05-27
At Home,Rahul Shinde,Housewares & Home Furnishings,Opening,Sounders fall to LAFC 1-0 in finale before World Cup break - Seattle Sports,https://news.google.com/rss/articles/CBMitgFBVV95cUxQT0hVY3ZtdmNCR2lHUDFLbWQ1TTREcXBwSS1md1lvN2J3NHFiaG43bWY3Q0lOT2phY1BmdWpJZFNWamYtWU1JMGhMQUpUOUV0WTE4dldVZ2tkdm5WNm1lUHgyS084TmFLOVYyWk42d1o0WlhZazRrZ3MtNW41VmJhSGNGZW9RSnRISHVWNE1tdndEbFRBS2M3S1M0eG5rZDV2WUpGQU1vLXNmQWxCeGE2aVVkXzk2UQ?oc=5,2026-05-25 04:29:16+00:00,Sounders fall to LAFC 1-0 in finale before World Cup break Seattle Sports,2026-05-27
O'Reilly Auto Parts,Bhavesh Phulwani,Mass Merchandisers,Closing,Alex Palou closing in on rare Indy 500 history as rivals watch modern dynasty unfold - Read Motorsport,https://news.google.com/rss/articles/CBMiwAFBVV95cUxPRlV1VTc1dUVZOGtnTmdhUkRkWTJGRjg3c1VMN2Yza1Z6RlNZbHhxV3hmbVJiYm10SkNtQUx1NzdhT180dUN6SDc0WjJYVUc3VWtRYmxxYVh2aXZ4R2dVb0tmYVpXdnFYeHlvU3VXMXd3eDJGck1wSDR4YmZudTRZanE2cDJEalJON3k4NzdXQW1FQlZyUjd3ZFdmZFg3TGhsYmttbnY5Y2VoUlRnMURXSXVDZ0dfSzc4cXlnVU4zZjk?oc=5,2026-05-24 17:34:35+00:00,Alex Palou closing in on rare Indy 500 history as rivals watch modern dynasty unfold Read Motorsport,2026-05-25
King Soopers,Moksh Kashyap,Grocery,Opening,New Discounts Added! King Soopers Closing Belcaro Store Soon for New Location - 50% Off Closeout Sale Now! - Mile High on the Cheap,https://news.google.com/rss/articles/CBMisAFBVV95cUxQanpnT2ZBd2xoaks3QmttcG5mTURhb3cwS0RpMUdZbEtuMmhXLVV2alVNVDZhZzFkMW1pdUFvOGJoM0tOMTloenlGbFpGVmpiXzc1NVFNbHo1ckh2M0xlMGxMaWV1UTBYaGJVVURZSUw0eHdMeExxUjRzQWhYejRCZkl6WXNIcDNHZXN2WU9BbU1Ga0VfVGdIb19vX1RYbUY4NGlNdnVGVi1QR3dPY2d4TQ?oc=5,2026-05-24 15:16:16+00:00,New Discounts Added! King Soopers Closing Belcaro Store Soon for New Location - 50% Off Closeout Sale Now! Mile High on the Cheap,2026-05-25
Autozone,Komal Agrawal,Mass Merchandisers,Closing,Motor Oil Prices Are Projected To Rise in June. Here's What Prices Look Like in May - autoevolution,https://news.google.com/rss/articles/CBMiyAFBVV95cUxQVU1KdW16N1h0YW1lQUxXUmsxRFdDZ3M4U0FnSlNpTWEyXzI3NUNPSHhhYjBWX3Yyby1rd3diSTBPdmEzY2trNVd6TkZEUV9wekFpdDJnalk3d3VIaFhJX0RESkFHM0dsRTJ0aWdNR09pWjdEbGdtaXFuREVnRTNZYUtvd1NzazdPeTBiMThYSW44bDdqWGVRQVlndEQ4NzNKdVRSU3l5WDkzd2FaaDdZWmJ0MEZseFJPelJQR3U5dUdYbHFoSXZHeQ?oc=5,2026-05-24 12:17:10+00:00,Motor Oil Prices Are Projected To Rise in June. Here's What Prices Look Like in May autoevolution,2026-05-25
Raising Cane's,Rahul Shinde,Restaurants,Opening,Here’s the latest on Raising Cane’s expansion on Long Island - Greater Long Island,https://news.google.com/rss/articles/CBMiswFBVV95cUxNbmNqQ1FOMGUzTk94RXp6cDJXcG1xWHhGR280M2IzYmpuM0tYTHRiVlI1U0NkU2p5ZE5ZWmRkX25aRFBtYVIxVE9rUTFON25PQUIwUHhzRzM2OVpNVEg2NHZnQy1YdnpBSXcwVlFNbXdldE85UDRsVHhucFpkY1F5Sk9pTDZmMzZQMGxBcUZMVDhqZGVyRW5QSFFPcXVFemtvX193Vjl5WmN1eXk5RlRoN294QQ?oc=5,2026-05-23 22:38:29+00:00,Here’s the latest on Raising Cane’s expansion on Long Island Greater Long Island,2026-05-25
At Home,Rahul Shinde,Housewares & Home Furnishings,Closing,"Japan’s izakaya pubs closing at record pace, failing to attract foreign tourists - Japan Today",https://news.google.com/rss/articles/CBMixwFBVV95cUxOVHRXX2o3RzRzYXFVS1ZZbzJCek5nYlpEOWoyUWtheTNNal9DdnU5S0J5SENodXhXMFZGVkJmbjB3a2JzekFKT2FGVnBUY3hPNEowVTNmZDYyVU1IMEpRU0lOMzNLZzE2NlVGUGhrN2R4UW42S0UxTE8wSS1JS3NDTmowaUtGSUF6RVh0NTFlSWVTT1RXS2NiYXQ1MUQyRjZ1SHhHUk15ZDNIdjBvRUtSdXdCRVVTR29xMVBBSUZleE92UW5CLWRv?oc=5,2026-05-23 21:25:00+00:00,"Japan’s izakaya pubs closing at record pace, failing to attract foreign tourists Japan Today",2026-05-25
O'Reilly Auto Parts,Bhavesh Phulwani,Mass Merchandisers,Opening,2026 Charlotte Motor Speedway Coca-Cola 600 race weekend pit stall assignments - NASCAR.com,https://news.google.com/rss/articles/CBMiwgFBVV95cUxPMjhCVE90dVQxUnI5RDEtME8wUVhIdTU2TVFJUTk1M2N6TnhVN0E5Y3V6SGVuRGJpd1V0bnozZFRydkZHajdJbjF0aDh3RU56QU1NZmZqeWN1amVGcFpPdXEzRVByTDM3V2FRUXRQTk9FQ0xha3dYYkpBNmp5RmQzLURPWWVoaFh6c1FXRWV2WmI5WmFuRUxqdlFwWG9IejhhY1NWMFZ2dlZDXy1Gdy02MkNtdWNXbHF0S2Q2VHdqbnR3UQ?oc=5,2026-05-23 17:53:10+00:00,2026 Charlotte Motor Speedway Coca-Cola 600 race weekend pit stall assignments NASCAR.com,2026-05-24
At Home,Rahul Shinde,Housewares & Home Furnishings,Opening,"Formula One great Alain Prost suffers head injury during robbery at home, Swiss media say - Sky Sports",https://news.google.com/rss/articles/CBMi0wFBVV95cUxNeDVsc3FYRXRTY3RaWVJmYi1lOFFHUVZhMXl3RkU3bUp4bzcxRTJVTFZFYzVadEhSY1BLRGhocmpfNjBzb0p2S0JlWEhUU0R1dEU2Mzg5MXBZSlVvWExQMTNBMFB1UEZrMGw2aFZhcnRRdldQaVZtWFhxZlViWXQ4ZV9FVEJtdUl6cUF4WDZfVks2d3hBVjFwVjJjVWNHSjhDYUF6eHFBTFRmRVo3MnlJNlMzU2FLUkw1RUtBTjFOYjhkNWZjR1pIa3U1U1prM3JIa24w?oc=5,2026-05-23 16:38:57+00:00,"Formula One great Alain Prost suffers head injury during robbery at home, Swiss media say Sky Sports",2026-05-24
At Home,Rahul Shinde,Housewares & Home Furnishings,Opening,Alain Prost reportedly injured in robbery at Swiss home - Pakistan Today,https://news.google.com/rss/articles/CBMioAFBVV95cUxPOXczNS1DSXdSLUEtTlpaUnM1QXVZLVAwX1phOENlcnZDUWRnT0d6WHBDbTRLX3k4eGFyNHlCaWZvTVhmX2ZacjBZWFhTMWpJWjk3Z1hwMlpqbEVBRGFGTVdCc1RnbGpfYkl2MTAyZ21YTk1RN3VYcXZwalJsVUpOZWo0dXR6Zjk3N1d2TTZjNnFJby1ISC0zSEJNanpnUl9k?oc=5,2026-05-23 16:04:50+00:00,Alain Prost reportedly injured in robbery at Swiss home Pakistan Today,2026-05-24
CVS,Dhiraj Manghani,Drug Retailers,Closing,CVS sues Tennessee after Gov. Bill Lee signs Fair RX Act - The Tennessean,https://news.google.com/rss/articles/CBMiywFBVV95cUxQUUlvQTFFU3laZHZRanV1RGZhTUktOGtrWEpnMTFaejhIV2t2Qlo0dkZfdjJYZmd6c3E0TEx5ZEg3aGpYMjFvTjVWLVNGTHZvYVA2WlZUdzQ2aWk3TzZ2ZGhtdjQ0Y01XTmwyLXNHZmtNU2lIaXdQNEJseS1lRFlORjBzd2ltNmxERGRzSTVpSEMtNklxRHRkV0N6ZnpTZFZpSTZSRTh4SWs4NW5GbHMxZ2o4NGg2cU1fVDJWb2M0U00wQjFaaWp3VXJrQQ?oc=5,2026-05-23 16:00:00+00:00,CVS sues Tennessee after Gov. Bill Lee signs Fair RX Act The Tennessean,2026-05-24
Whole Foods Market,Rahul Shinde,Grocery,Opening,Whole Foods in downtown Jacksonville is now open. Here's what we know - AOL.com,https://news.google.com/rss/articles/CBMiiAFBVV95cUxQaDRwY1JtalJoRnZWV21OaVFNVmR2TG9XOGVKVUdtNUliZTZmakdkYURubnFJRjlQOWpRMFFfYmlUajhlQXY5T1M5ckVUNEVsVG52U214c0FFQ1lnNEV5VE9vTmFjTGNNRFZBcEFwR19FbDdGbVEwQzNrNTRFUmc0S3JGeW04Wng2?oc=5,2026-05-23 14:07:26+00:00,Whole Foods in downtown Jacksonville is now open. Here's what we know AOL.com,2026-05-24
El Pollo Loco,Ankit Rawat,Restaurants,Closing,Every opening and closing this week: Two Denver staples close early - Westword,https://news.google.com/rss/articles/CBMisgFBVV95cUxNVXBVYVpGM3IzcTM2NG5nekJfbkVNd2FrUkZIdlV1UEhhZzBtWWNuRzdTYTl5ZFBwYWdmTnRPbmg2bV9uQ0lORkd3NkJZS244N1RNVlNxWlFRazlJa0RTY2R5ckhkMkt2M252STVwbEotVVpEU21UTk9uX3doYTlYaTk0Yzc2QWNUY21XdloxOGZMcXhUSzN0S3VnY2ZZSVg2OHZZMDAtajc4UVBVWXFOWHRn?oc=5,2026-05-23 13:07:13+00:00,Every opening and closing this week: Two Denver staples close early Westword,2026-05-24
BJ's Wholesale Club,Ashwin Nair,Mass Merchandisers,Opening,BJ’s Wholesale Club expanding in Florida with 3 new locations - WFLA,https://news.google.com/rss/articles/CBMimwFBVV95cUxONFdkYUlTc09KZExjcWdlLXZqRXlucU44QVFXbzZBemdQM0tELW93aHpfRXgwSkxuWDdMbmJUclh1ZnNOWlByTU5CbW5CM293aGFEVUd6X2RRbkFJQ1RQaWNnZDZTMzJGTWF5SldlemtqYmowc0ZkOUFmY0tFei1LTTlDUzNSX1JoVDQtRXdJa2dyVnJ4ZkZnWUlWRdIBoAFBVV95cUxPZ0pWelZDUTlhcUpYRFd2SmNZcV9DZExrMm5BZVBNOVZLUl91enZMclc2SDZTNzM0ZklGaDVRd2xvM21QWm1ZaWtMUGVGb25WZ3BDeVRpQmJoRlNVQk5OV2JFSW5zOWE1cEc0eUphUmpvR1lDQjd1TE5ZMzlQM2xkZmt4NTM1ajRrZWlCOGJ6QTVtd1BfWUxFLXFQajJwYUZi?oc=5,2026-05-23 11:27:42+00:00,BJ’s Wholesale Club expanding in Florida with 3 new locations WFLA,2026-05-24
Pet Evolution,Suryakant Rajput,Pet Care,Opening,Catch a Monster Evolutions Guide - Pro Game Guides,https://news.google.com/rss/articles/CBMidEFVX3lxTE1xODFpMkp2Zm5rTkxmbndEY244NTdpNlBURXhKUGc4OVdmQXVwckE4Q3MyVDdmTFJLcl9vZU1jaVpMeGNKS3Rzc1JUZWJmY0ZYV0ZtTUx2OXRRbUtPTDdhNGw0M3hQdjVqZjFXS1hha0JXS002?oc=5,2026-05-23 05:12:53+00:00,Catch a Monster Evolutions Guide Pro Game Guides,2026-05-24
The Container Store,Dhiraj Manghani,Mass Merchandisers,Opening,Franchise News: Clog London Opens New Store in Bareilly - Indian Retailer,https://news.google.com/rss/articles/CBMipwFBVV95cUxObmY5c0pabkpNSkpuZmtrY2tzbkRIS3VTajRJUXJPUU8tSWNZcW1oT0JWMHpPdkJBa1JqeGl0U2hMOHp4bExiQ3NZMzJJSU1XazJ2X2JyNkIzenY4M1BIeExOY05lUVdIaUhWWHhHRE1YS1ptaHRlRU5XMUJ6X21ySG9wd0dJSnFPRkZEWU16Ni1DVHI4a3ZnTURjTGRycE1TUXhIOTIyRQ?oc=5,2026-05-22 23:45:32+00:00,Franchise News: Clog London Opens New Store in Bareilly Indian Retailer,2026-05-23
Party City,Dhiraj Manghani,Mass Merchandisers,Closing,"After Closing All of Its Stores in 2024, Party City Is Officially Back—in an Unexpected Place - inc.com",https://news.google.com/rss/articles/CBMiwAFBVV95cUxOSHhHbFNIUl9PbFludEdQZEJDdDdIelRnakhnamRLWklnMTFqMjh5VmVGSFBKZTVMRWFtdFNOcFp1bVFfeEJwaWtSS1hrcjJCWFdEZEFadENxLXNVT1gwenlUcEkwUzlabG9IRWt4QTI2bWZRSjduTVRqa0FYTmdHWWNncm5yQWhEWmlGZ3FkWGdGSlYwVW12bXpaZzdvNFFYUHF2M2xMZ1loT1FrMUZHWklvVE0wWExsYnhkRm4tSXY?oc=5,2026-05-22 20:51:30+00:00,"After Closing All of Its Stores in 2024, Party City Is Officially Back—in an Unexpected Place inc.com",2026-05-23
BJ's Wholesale Club,Ashwin Nair,Mass Merchandisers,Opening,BJ’s Wholesale to open five stores - Worcester Business Journal,https://news.google.com/rss/articles/CBMickFVX3lxTE1zY2FFeThTRFN1d2ljaGhLdlVObHNoeHF4Ykw1QzI1U0syMmpjTkRTWWlpZXZDcEQwNmFqa3BaeVhQOXNmRmlWQnUzZXUzSFE3ZkNXTmp2eFFjWGtqQkFMSFE0akNad29xLTBjVDlqLVdHdw?oc=5,2026-05-22 20:43:53+00:00,BJ’s Wholesale to open five stores Worcester Business Journal,2026-05-23
Trader Joe's,Rahul Shinde,Grocery,Opening,Trader Joe’s announces new store openings: when and where - Revista Merca2.0,https://news.google.com/rss/articles/CBMihwFBVV95cUxQZ2lxUmxLdDFicVJFUk0yRndHR0xma2lIeWd4X1lQY0w2Zmg5VjFCNmpiMFNkZWZvVml3Q2hvc1BjeDZ3YVNnN3VKZWVXbXRmclh3VkQ5dklEOUs5aVVrZ1FOaXBlUkpLVFg1Sk04WndMU2hiMXlaTG5JajBiSktkYndYODBGOFE?oc=5,2026-05-22 20:35:21+00:00,Trader Joe’s announces new store openings: when and where Revista Merca2.0,2026-05-23
BJ's Wholesale Club,Ashwin Nair,Mass Merchandisers,Opening,BJ’s Wholesale Club to open new stores in three states - bluebookservices.com,https://news.google.com/rss/articles/CBMikAFBVV95cUxQMkYxOHZXcjI2eEQ5SGdQSVppR3Y1YVBKQTlEaUlMWC1RYlVEMzdfOUUxeXRmdFAycXFkNXQ3UEhXaVBHeWJ4QnZ5bjlOLVF4QTJqUVNtdDR5VEh5UmZUTmtPNTdEdXpCQ3pfc3YybGY4YldqUVhCV0NzOFdzR2J1VlFQMk9lNHQzTVZ6eEFvN3Y?oc=5,2026-05-22 19:42:04+00:00,BJ’s Wholesale Club to open new stores in three states bluebookservices.com,2026-05-24
Trader Joe's,Rahul Shinde,Grocery,Opening,Trader Joes Opening Soon | Pizzeria Plans 2nd Location | Brewery Closing Taproom: FL Business News - Patch,https://news.google.com/rss/articles/CBMiswFBVV95cUxPcFZWZjE2ZTgxUEp4VzVxRy03TXdKWGR6Wk9hbU5sOVVTZmJlRHdGLUJfSlRnVEs2dWhONFRlaVlHZ2hRUG9rY1NOQjNDRXhBQ1RhTjlfckE3RnptWTFWVmNQTTZZZ25MSVdrWXZNRGdnNW1BcXNLTW9ZenlGSHZNUGlPVnBZZ2RkLWpIYVlrLTZVa3l1UXpJRS00Y29yRGlwUFZEeThxU3JxcENiOWFyTlI4Z9IB1wFBVV95cUxPOTQyYmxDSGZkSDVvQ2JERVBnN1B6V1lmME9IMGdvWDM4NWloZzZpZ2EtRXpjMW1Kd1RQVkR2c184dlp2VEJEaG9xSGt6SDJoRGxOQ2RxS1JlZVZIUE5tb0hVY01feDlQdThONDFRS3YzQnJqQ3hleFhEb21HYXlyLWZ2MDRyclkxTGoyU2xYM2Q4cXdlaFNGZWJkWnBZVkxRVnh3ZGlpWjl3SWpGUTlwbERvX1MzU2V5U1A3eWM5VEVQUjRPM3pkY0xIeVBDT19oTFZnMTNPWQ?oc=5,2026-05-22 19:12:17+00:00,Trader Joes Opening Soon | Pizzeria Plans 2nd Location | Brewery Closing Taproom: FL Business News Patch,2026-05-23
Piggly Wiggly,Harsimranjeet Singh Ghelani,Grocery,Opening,Greensboro neighbors hopeful Piggly Wiggly will open soon after delays - FOX8 WGHP,https://news.google.com/rss/articles/CBMiwwFBVV95cUxOWEQ1UWFXSTFjNmV6TktYeUozNktXcjZnM2s1cUd4SDFFODJXbGdrVFhnaHhabHhHYnY1QVFBWjI4cjNtcWp2dlp2Y0FWWkZocWd1Qm1IOWUtdWdVenEzWDZGTmh6cklmNUM1SVFpUk9KME82S05kNXJyQVFBSkJ6YS1yV3ZpdnNDdk1ta3NEZjRrZjF1X0JkVlFUUGxXaVhxVTJUanpFMTh0bHdzcF9tM0RlS2ZRQXNwQVkxd3NxM2kwZjDSAcMBQVVfeXFMTlhENVFhV0kxYzZlek5LWHlKMzZLV3I2ZzNrNXFHeEgxRTgyV2xna1RYZ2h4Wmx4R2J2NUFRQVoyOHIzbXFqdnZadmNBVlpGaHFndUJtSDllLXVnVXpxM1g2Rk5oenJJZjVDNUlRaVJPSjBPNktOZDVyckFRQUpCemEtcld2aXZzQ3ZNbWtzRGY0a2YxdV9CZFZRVFBsV2lYcVUyVGp6RTE4dGx3c3BfbTNEZUtmUUFzcEFZMXdzcTNpMGYw?oc=5,2026-05-22 19:01:28+00:00,Greensboro neighbors hopeful Piggly Wiggly will open soon after delays FOX8 WGHP,2026-05-23
Morton Williams Supermarkets,Rishi Nagar,Grocery,Closing,"NYC is the city that never sleeps once again — restaurants, salons and gyms are scrambling to feed your 24/7 needs - New York Post",https://news.google.com/rss/articles/CBMi5wFBVV95cUxOclpvTzNEdW1KQ2k2a1ZLYWEzWmUyWFkzN3hheU5STXozVFh2ckdIT29LNXY2aWFsODhHcTNZM0ZuR2VfRGNSelBXdTlkTF9TS2hUbWljRDVvbjVIZVVlWVAyMnpReHd6alNhQVo4Ukt6TFE5WTJTZENJd1hkVHN1QklURTZ1WWJyemVOMlREUGRXT2dfN0ZPSUNTRkJLZ3BGSzdjM3lidml3V3NQS2lab2NLWjJWemJ1QnpBY3RjN3ItU3c2TVNXaWdIZXFCcXNPY3hHcEpEbGxjLUNyLTA4YUpSLUdsRU0?oc=5,2026-05-22 18:52:00+00:00,"NYC is the city that never sleeps once again — restaurants, salons and gyms are scrambling to feed your 24/7 needs New York Post",2026-05-23
H-E-B,Komal Agrawal,Grocery,Closing,End of the road for HEB as popular store to permanently close July 31 - but curbside perk lasts through August - the-sun.com,https://news.google.com/rss/articles/CBMikgFBVV95cUxNekdsR1BDR2dOU2NKdWs4T25Ra3IzVjdGR3ZFVXVfZWlqbVYwTFhzVGlheWxPcnlIcTRBaGJtOGxzMUxWeGIwN1FlSHd3RkRNZnRGUURpYWVBNUFoamlJR2lpbDNNaklJU1N6c3JCbkZkVXU2alJEVFl0ak1QUmlZWXMwSW9OUm9NRDg0U2V4T2U4UQ?oc=5,2026-05-22 18:15:33+00:00,End of the road for HEB as popular store to permanently close July 31 - but curbside perk lasts through August the-sun.com,2026-05-23
Trader Joe's,Rahul Shinde,Grocery,Opening,Trader Joe’s to open new Tucson store - KGUN 9,https://news.google.com/rss/articles/CBMiqgFBVV95cUxNY0h5bUNILWdwN29pczZ1WDZyUmd5eEZzRmxwaU1CeUVwNy1ETE1Mdzd1THpqanprSEUtclNCTTNvTmNTME5xMDdPZjREdGlhV05lVnFpNEVPVTBEeXJLMGk4aW9qSk5aejJYUzhkWGZwZWlSWjRuRWozYXNieHBYTmd1d0NfUGhFSGk2Ti1IYTk3czRsM1RGZVdfLVNPaElzdWxNOEdCZEo3QQ?oc=5,2026-05-22 16:51:58+00:00,Trader Joe’s to open new Tucson store KGUN 9,2026-05-23
Schnucks,Ankit Rawat,Grocery,Opening,Final cook draws crowd before Wood River Kiwanis barbecue moves on - Alton Telegraph,https://news.google.com/rss/articles/CBMinAFBVV95cUxNbHI0bGRjb2VYZEx6OEtjeTZfZFRVSi0tMU9JeGwza2NiVTI4ZGpwMUh4dXNMODZ4VW5RMlp4V2w4SVlYUVJIT2NhWVA1eS1HOWs4dEkzYmJkWktwb3ZfZ3JNY2pMdV9tc1A0TW1zbFh2QU00ZlNXOTNvWTE4dTRXeWFkejlGRHIwVldRY2oxMDQ0bWlTMmF3aHhnRVY?oc=5,2026-05-22 16:17:14+00:00,Final cook draws crowd before Wood River Kiwanis barbecue moves on Alton Telegraph,2026-05-23
Trader Joe's,Rahul Shinde,Grocery,Opening,Trader Joe’s picks Sarasota for new store - Tampa Bay Business & Wealth,https://news.google.com/rss/articles/CBMiakFVX3lxTFByb0UxaGQzeVNRdTJhLTBmZzBjaGZLRmE1bGFXQjBtc2dUckVmWFhmWC1HZlJaOTE1WldvYzJROVB2R1hEdWt0cEJPeGt5N203STJzcFplc1BQeFh5UjQzbEg4TTRnTXhBVGc?oc=5,2026-05-22 16:01:52+00:00,Trader Joe’s picks Sarasota for new store Tampa Bay Business & Wealth,2026-05-23
Kroger,Moksh Kashyap,Grocery,Closing,Kroger CEO focuses on closing gap with low-price rivals - Mass Market Retailers,https://news.google.com/rss/articles/CBMikgFBVV95cUxPRFVCZy05UTRCbTM0RjRFRk9FZXU0cDM0c092Vm9JbjBoRF92MWMtM1NhZ3BrUk1zOGs3QVYyOWVFWEZHV25VdVZYRklfeVpoV2YweEpzM0ozQUZ3RjgzcUU1TkVMX3N0SHRPblZXRWZHaml6OHdwOVhKWTEtdThqMlI1N3BKSF9RbzZoaVdkZ0FyUQ?oc=5,2026-05-22 15:45:13+00:00,Kroger CEO focuses on closing gap with low-price rivals Mass Market Retailers,2026-05-23
H-E-B,Komal Agrawal,Grocery,Closing,H-E-B explains why it's closing one of its Austin grocery stores - Chron,https://news.google.com/rss/articles/CBMifEFVX3lxTFBRVXpNSHh6dHM0VnVPMTVncjJqWnFKUVV0RHJoNGVjcVMwbE5oY1N2YWFtaFJSUlRycnJ6QWgzdnRYa3pKc0w5Y3NaWlp2TEFwVnV1aWplRTBrcm5pX25YdmtQS0gzcGxGaE1jNU8zNWE4dVlhRUE0RC0waXI?oc=5,2026-05-22 15:30:58+00:00,H-E-B explains why it's closing one of its Austin grocery stores Chron,2026-05-23
H-E-B,Komal Agrawal,Grocery,Closing,H-E-B closing North Austin store after 40 years ahead of lease expiring - MSN,https://news.google.com/rss/articles/CBMiwwFBVV95cUxQLTEtaVJMMXR2WW9NRi1NbzlwYUZUb2JfTjVSV3pjVGhIOERfZmlEdWk2R0ZTVTdfNFdGbUdRU2xoXzNnWGlwbFowcUJUbng1MnRoR2g1Sm9nbDhFcFRfLVhMVTdqWkYzVDJSSDc2ZjdjeFlWV0lOeE5fdFhST2p3R2pSZnhROG9OU19yaXlsbFRtUVNZandSNWt5YUtaaGdJcE40ckJQcWM3QkJYM2pkMXpfQlk2SHBBcE1RRnk0eVNPbVU?oc=5,2026-05-22 15:20:49+00:00,H-E-B closing North Austin store after 40 years ahead of lease expiring MSN,2026-05-24
Dick's Sporting Goods,Ashwin Nair,Mass Merchandisers,Closing,"42-year-old sporting goods, sneakers chain closed over 175 stores - thestreet.com",https://news.google.com/rss/articles/CBMipgFBVV95cUxPVGxjOTF6aHlib3ZYSDNBWlI4d2ZoNW9TdnVCTGZ6WGt5WF93S05faERTRE03bTVJYUR2UE9GaHR4UEd5X2tkRnc3dzZ5UkhWVVRZMFJXQWhTVl9lRWdqRFRQVlphNDA3Qnd6N3Z6SE14UGlWalI3SUYxY0l5emlZbDlwS09hVmQwQ1RPOTVnM3VYbjZMeVBubTFFSlhKSWNqcFpKaVRB?oc=5,2026-05-22 15:13:48+00:00,"42-year-old sporting goods, sneakers chain closed over 175 stores thestreet.com",2026-05-23
Safeway,Rahul Vasaya,Grocery,Opening,"Safeway rival sets October deadline for sprawling new 110,000 square-foot store - the-sun.com",https://news.google.com/rss/articles/CBMimgFBVV95cUxQVGROZnRCOUZwcWFxLXBEeXZrSjRFbVFrQ3NnR3BsQm5pSzd4a1ZFaXNfQ0plQXhacURzczZWeWtfU1dhN2hUS2JLdjhGakt6d2NzZEVlQVdwUjhBMkRGbTlIZEV6eC02ak5pR1JPakNIU1h5dVFNSTVGMnJuTEJsSUZTY19yMGVzLUp3eDBURUI4cXdublJXV1lR?oc=5,2026-05-22 15:06:26+00:00,"Safeway rival sets October deadline for sprawling new 110,000 square-foot store the-sun.com",2026-05-23
BJ's Wholesale Club,Ashwin Nair,Mass Merchandisers,Closing,BJ’s Wholesale Club Holdings (BJ) Drops 8.3% to $86.59 - AlphaStreet,https://news.google.com/rss/articles/CBMihgFBVV95cUxONEFDOXlFYjBreDB3dURmcVNIMnNYaEJGVE1kWGtzbEdTOGZIOXZqdzBnSk1vLTU4UndkU0lWNVpUcU5oMzBkWkRKbFhxNTJrc0ZBNkhnZjFyTENGaHRlemNwNUtBZFRqTVJrbUpraDRpYi0xR3R3ck1MU2VRek9XVzEyeXI3d9IBhgFBVV95cUxONEFDOXlFYjBreDB3dURmcVNIMnNYaEJGVE1kWGtzbEdTOGZIOXZqdzBnSk1vLTU4UndkU0lWNVpUcU5oMzBkWkRKbFhxNTJrc0ZBNkhnZjFyTENGaHRlemNwNUtBZFRqTVJrbUpraDRpYi0xR3R3ck1MU2VRek9XVzEyeXI3dw?oc=5,2026-05-22 14:42:23+00:00,BJ’s Wholesale Club Holdings (BJ) Drops 8.3% to $86.59 AlphaStreet,2026-05-23
BJ's Wholesale Club,Ashwin Nair,Mass Merchandisers,Opening,BJ’s sales climb 10%; to open five new clubs — here’s where - Chain Store Age,https://news.google.com/rss/articles/CBMiggFBVV95cUxObVVfVXFQUTNUU3ZVcUtiYlJvSi1yWWxGTUpkYlZHQ1lvSDlPLXZJVkVON29LSXlsNWpiT2xWVG02Z0FZV2FOYm5oSUZsekZiRjZnV0RvQ25RdVlESE5OV1FxYzBIZ3J6R3luTGU4ZGtjY1FGWWU4Unh5RzgxU3c0eTdB?oc=5,2026-05-22 14:07:05+00:00,BJ’s sales climb 10%; to open five new clubs — here’s where Chain Store Age,2026-05-23
BJ's Wholesale Club,Ashwin Nair,Mass Merchandisers,Opening,"BJ's Wholesale Club to Open New Locations in Kentucky, Florida, Indiana - Moomoo",https://news.google.com/rss/articles/CBMimwFBVV95cUxOb28tVy1QVTVPdGFMQ2puVkRzcDJMQUItOVR3SG85Q0tXZUVGcGlmSnJtZ19jNU1ZY2pVVTVRVGliMTNtbU1OZ1c2UWZHLW1EWHlQQW1sNWI4YUl1YmxmeTVsbDdOa29pZWtQLVB4UXhLZGRxZ3ZaT0NkQTlGR2VpME13YWFJOEJqY003VE9YZ0l3Z2ZNelJTV3JjZw?oc=5,2026-05-22 13:58:48+00:00,"BJ's Wholesale Club to Open New Locations in Kentucky, Florida, Indiana Moomoo",2026-05-23
dd's DISCOUNTS,Ashwin Nair,Mass Merchandisers,Closing,"Rost Stores Q1 Earnings & Sales Beat Estimates, Comp Up 17% Y/Y - TradingView",https://news.google.com/rss/articles/CBMitgFBVV95cUxOdDQyNlNHOXlJSENyXy10cnZNdGViRUhUSXEzdHdOdzRRRTllQnhTeTNKWXMxMlVDS1p1a0ZyZFkwVldXTWhIUVdWQnZHakxwZEFoTmlJQUV4dGxWUXF3TU85V1g3cHREV1VlYl9Bc294dTktdkRpRVA3SlVzZ3d2UmhTVW1SVE5yLTJZd3kzcG9hZll2RTRFbk1YMGd2VE5qZjZ0RHkzdGJiQ2RINjVBcnBxWm4zUQ?oc=5,2026-05-22 13:48:00+00:00,"Rost Stores Q1 Earnings & Sales Beat Estimates, Comp Up 17% Y/Y TradingView",2026-05-24
Food City,Kashish Kasar,Grocery,Opening,Food City breaks ground on new Madison store - AOL.com,https://news.google.com/rss/articles/CBMigAFBVV95cUxOdHU0V0NkZjFXLW0zaHliLW1vRXB5UmlCRGdoLThOdTNITVdYU3Q3SS1VYkRJMU8wSDdSeHhrZElycU5FV2hyM0s1TlJCSl9hM29SOHhwaDgyZFJmVmpiaGYyaEdja1E5ZDNqUG9Kd1pJZG5ra2s1X1I0bHIxMXB4WQ?oc=5,2026-05-22 13:39:11+00:00,Food City breaks ground on new Madison store AOL.com,2026-05-24
BJ's Wholesale Club,Ashwin Nair,Mass Merchandisers,Opening,"BJ’s Wholesale Club Expands Into Kentucky, Indiana and Additional Florida Markets - citybiz",https://news.google.com/rss/articles/CBMiugFBVV95cUxQWkdkWllZdjlDN0NkNnphNVQ1cnh5ZE52R1p2YVAwSlBUdmJkUm9kSDZpTzZfMEVweEN6c010TmFjVnREN1BnSUg2U3lYWnZmWU5mQThsYlVTZlcxTFk0MUpQOGs2V1Utc3ZjaGdhMV9lcHI3dmtGWS14OHA2U0FzMWxsaWlWbjFiSUFFMUJCZ1Y3N0pLemNTNzgwVmJLUzZFNzFiS09RcVJWNi1WM0l1ZDhsNE5yTGUyWGc?oc=5,2026-05-22 13:22:54+00:00,"BJ’s Wholesale Club Expands Into Kentucky, Indiana and Additional Florida Markets citybiz",2026-05-23
dd's DISCOUNTS,Ashwin Nair,Mass Merchandisers,Closing,Ross Stores (ROST) Stock Soars 5% on Record-Breaking Q1 Performance - MEXC,https://news.google.com/rss/articles/CBMiSEFVX3lxTFBvc3FWUmJDb0wxaVJrdVJCbE5xc0owTXBzS3l4NnB1dVNMMHpKMGsxX3ZTbFJFZHo0NWd6UEpRM3hrcWpWQlJQYg?oc=5,2026-05-22 13:09:06+00:00,Ross Stores (ROST) Stock Soars 5% on Record-Breaking Q1 Performance MEXC,2026-05-24
BJ's Wholesale Club,Ashwin Nair,Mass Merchandisers,Opening,"BJ’s Wholesale Club Accelerates Growth with New Locations in Kentucky, Florida and Indiana - Business Wire",https://news.google.com/rss/articles/CBMi3gFBVV95cUxQSFo2TXFHMEd2LTRfZ2Q3cWJIOHdDZkhkblJDV0YxRlpoSTl2eXQ0ZHQ3UG1lUzE2bktSVDdoekUwR24tTmhIS3l5T1QzSGgwQXVjY0xUV0tBVmp4aWN2MzVJRHhrdkpfU0tkWGFibnhkTkVhX0RBVzZPS2pSOGF3SXVoa0dyZW1DQWlRd2pmQ3BMMndMU205YU1Zd0VLREZ3MWJaTXI0M2N4eXRzMTk3aDRoMFNjVHp0bWFWT0ZPREUyOWF1dXZQSmtheFpYcU44VDlVd09WX0JPNEhPcVE?oc=5,2026-05-22 13:00:00+00:00,"BJ’s Wholesale Club Accelerates Growth with New Locations in Kentucky, Florida and Indiana Business Wire",2026-05-23
Scheels,Dhiraj Manghani,Mass Merchandisers,Closing,Decades-old Home Depot rival announces last location’s closing date - MSN,https://news.google.com/rss/articles/CBMivgFBVV95cUxNX0xBRXBPVTNQaDNVV0F5OVA5YllybmdpWjNUb0hFZXdGYWhMMGc5YkVVLVpnTGFsQWtEWWtnYVF6dFBWRlJNTFpmdEZRTkcxcW9MNGJNd01QOGRMenFwaGQzR3ozZl9ZNUZyUjNWUng2SnVZOGdhc1FKa0tGcDJ6VlZuQnVZRi1yRDhsblAwUjVaZVFTc283WnRITTVmZlo1LS1mVmhEdkZRXzFBZmhQZlZsLXY5ZzRfamRuWE5n?oc=5,2026-05-22 12:10:53+00:00,Decades-old Home Depot rival announces last location’s closing date MSN,2026-05-24
dd's DISCOUNTS,Ashwin Nair,Mass Merchandisers,Closing,Ross Stores (ROST) Stock Jumps 5% After Blowout Q1 Earnings - MEXC,https://news.google.com/rss/articles/CBMiSEFVX3lxTFB1eml4Z0pVYURHcnB0ZjVGOVNsYXVQLW04Yi0tRy1RMXBLVUQ1bzFJeU83RmVXSi1pQVd6YjZ2TEhHZ2FKNDFOTw?oc=5,2026-05-22 12:02:35+00:00,Ross Stores (ROST) Stock Jumps 5% After Blowout Q1 Earnings MEXC,2026-05-23
Jay C,Komal Agrawal,Grocery,Closing,Shoppers could see cheaper groceries under Kroger price blitz to match Walmart - the-sun.com,https://news.google.com/rss/articles/CBMie0FVX3lxTE9yVVFCY3FVZDd0T2txOXUxRWw1elRfZXBzYjgwM1dXOUpsSU93azVlX091ZFhPVVFYalZnRDg4cnpDY0NWdXhhM0w4Tzg5U2QteUwyUlJNVWhDS0xsRjktVFBXZ0RHSGVidFpLZzdyYlpPd0hQb2V6d0d5OA?oc=5,2026-05-22 11:51:21+00:00,Shoppers could see cheaper groceries under Kroger price blitz to match Walmart the-sun.com,2026-05-23
BJ's Wholesale Club,Ashwin Nair,Mass Merchandisers,Opening,BJ’s Wholesale Club Receives First-Time Investment Grade Rating from Fitch - Yahoo Finance,https://news.google.com/rss/articles/CBMingFBVV95cUxOck42aGxZZXBYTGctZ0d6d1d4OXc1cUVla1dIYWdhMTlkVHRycTdfOF9YUTBQM2dRNkZZZUlrTEJKRkVxUlloVlEyY3E2NVJXZjVYSTVLRHV4OU41WkZxcmZVMmIyZEVMMXRsb1d1SU00YVhGUEh3SFBUM1ZlOGhfY2NTTy1IQ2NRblJiVUU3WXZ6T3NLNVdHVXc5a19fQQ?oc=5,2026-05-22 11:00:00+00:00,BJ’s Wholesale Club Receives First-Time Investment Grade Rating from Fitch Yahoo Finance,2026-05-23
The Container Store,Dhiraj Manghani,Mass Merchandisers,Opening,The Container Store + Bed Bath & Beyond Make Debut - Retail & Leisure International,https://news.google.com/rss/articles/CBMiekFVX3lxTE5jQWQ3MVRmWjRMY2FIODUtbklsdHFkZnlMWVZEcWVwYkpmRzlFMmZKQjVnbHZUUXNJV1d4akFKVndyTVVRc3dLTzFTNXVhb0M4blpSZVd2ZTQ1VDE0dloyQUIyU0hQQUllSnFwUDVSdF9tSHJGeDJ6QUh3?oc=5,2026-05-22 09:19:22+00:00,The Container Store + Bed Bath & Beyond Make Debut Retail & Leisure International,2026-05-23
Family Dollar Stores,Rishi Nagar,Mass Merchandisers,Closing,Dollar Tree stock (US2567461080): investors react to weak outlook and strategic review of Family Dol - AD HOC NEWS,https://news.google.com/rss/articles/CBMiwwFBVV95cUxPcFlvaFMzN1VWX1ZDM1JFRG1qU2Zpc3dzUTVYUW5LTFFPeHpHQmdabzRxVHF4T0UzRV9WNjdTTWtVWS0zbHZ2UEpBWWIzeUo4VFptSzUzMGJULWZIc1p5WmpTSzhES0RDOTFTY1hTVWZXY0tBamNSMmNkMW9VM3dTNjN5cERodFdKVFY5SnNPRWl0d05TYTdqVFBlNWctREgzSld0c2JidTZFYVhKQ21YUUVsOU1jeEJiVk5wMnVpWGlhdVk?oc=5,2026-05-22 04:14:24+00:00,Dollar Tree stock (US2567461080): investors react to weak outlook and strategic review of Family Dol AD HOC NEWS,2026-05-23
Dollar Tree,Ashwin Nair,Mass Merchandisers,Closing,Dollar Tree stock (US2567461080): investors react to weak outlook and strategic review of Family Dol - AD HOC NEWS,https://news.google.com/rss/articles/CBMiwwFBVV95cUxPcFlvaFMzN1VWX1ZDM1JFRG1qU2Zpc3dzUTVYUW5LTFFPeHpHQmdabzRxVHF4T0UzRV9WNjdTTWtVWS0zbHZ2UEpBWWIzeUo4VFptSzUzMGJULWZIc1p5WmpTSzhES0RDOTFTY1hTVWZXY0tBamNSMmNkMW9VM3dTNjN5cERodFdKVFY5SnNPRWl0d05TYTdqVFBlNWctREgzSld0c2JidTZFYVhKQ21YUUVsOU1jeEJiVk5wMnVpWGlhdVk?oc=5,2026-05-22 04:14:24+00:00,Dollar Tree stock (US2567461080): investors react to weak outlook and strategic review of Family Dol AD HOC NEWS,2026-05-23
At Home,Rahul Shinde,Housewares & Home Furnishings,Opening,Schaumburg Boomers sweep Down East at home - Daily Herald,https://news.google.com/rss/articles/CBMioAFBVV95cUxNdlg5VjdJNFZpMzFmUW9KQl9MazhpVFpGNUNEdlJVMXNRMW9nTmJkcjFCdmhpZlNXTThfRExlMU0xaTBNdnZ1YnEtdGN4U3VnRmU3UjRrLU5IZUlGVmF6ZmJWM3dhQzNMaDhMWjh3YVEzRjdrMVFHeW5aNzRyeFdpQi1IbTluYUNjOThBT1JFSVZHVU1kQUY3Q2hwTVkzWHFV?oc=5,2026-05-22 04:02:02+00:00,Schaumburg Boomers sweep Down East at home Daily Herald,2026-05-23
ULTA Beauty,Kashish Kasar,Mass Merchandisers,Closing,Landing International wraps first K-Beauty Week with Nasdaq closing bell ceremony - The Korea Times,https://news.google.com/rss/articles/CBMi1AFBVV95cUxPZ3Z2LW5jeGprVm5CS3FrRExXVkEtMzhqdGZvcGNaRjNGazVuMmQycW9nUXhzYUJuOVNsMTk5LTJhZ0NCbGlpd2g0VEJDaDU1RUl5RWNkZ1R3ZXlhN3k3NzNKSDd6djNSd1F0WUFIZmtfTDZhLVdVd2R5ck9KcEJxQ2RLLWJ3aWZjQ0hyZ2g2NGhtUEdLbGZUQlE0XzlTVW8yRVBvNi13Z2FLNnh6SHA3U1FrRjAzZk5WWVFJMFFzeTBfdHZlc25yZmVybThfTE5PMjNFYtIB2gFBVV95cUxOTU02LVp1WGtNeDVyV2dlcWQxb2RkMnJUdUEyRTVEVGlzbjdfR1ZYLUxXMWR5ekNZZFplREJtTUVGZjJ4ZXFJXzNFcEgtVFN6WHZaY3N1WWdGSEZ1eDZGOC1MVGh5QTB6Q3YyZTN1UXo2OTZCSTFLVjduVjUzNXZ1N2puemJ4MGpCM3NLNmUxOXVvNUltanFVX21tcmdvUk8zUTNPcENqQkx0MzFvZW9sT3lSQkFRXzRmX2dXV2F1V3lVV2ZiQlZqd05oamo4V2hBbWFHalVxcnc0dw?oc=5,2026-05-22 04:01:02+00:00,Landing International wraps first K-Beauty Week with Nasdaq closing bell ceremony The Korea Times,2026-05-23
At Home,Rahul Shinde,Housewares & Home Furnishings,Opening,Canadiens pounce on Hurricanes early in 6-2 win to open Eastern Conference Final - KING5.com,https://news.google.com/rss/articles/CBMiiwJBVV95cUxPS051YUpPTmVqOXJoUXAyVmJsN0lna0ctZTFGRzd0cklIMmlZRDZxV1p4a0JVN3dlcTZIY3JkM3J4MkUzNEZteWJUd3I3ZG1ZQ2FhMm8zUGFTQURZSUNpUVZGSjJZZXhsT010dXd4bzVfdVVEWGR0T1dTVVp4ZlhYWHA4THJIY0p3c04wdE05M2lnWlMyYVRQNmYyVE9CVV9UWGlXZ21XdEJEM0JRNWtNZ3g0eUlRMnViczQ5c25jaFc4ZzR0M29BZjhTTUVlOUJOS1dlbHFkRjlsb0Ixd240WEx4V21SN1ZScEZ3TkZneURKZGtzVkMxNVBiaEswSkxxZjRJemczZERpNUE?oc=5,2026-05-22 02:59:00+00:00,Canadiens pounce on Hurricanes early in 6-2 win to open Eastern Conference Final KING5.com,2026-05-24
CVS,Dhiraj Manghani,Drug Retailers,Closing,"Layoffs, closures tracker: Intermountain to close 10 clinics - Modern Healthcare",https://news.google.com/rss/articles/CBMimwFBVV95cUxNQWc1TGJHTXk5NDdDUktkZHE0U1VkcTJPbUpfY2ROX2JHYk9nWkRaX0M1eGVOdDRCTDR4ZXduUExPM2VabnFiREZVUWRMenZnczNSSzY3Y3doOXA0YnVWVzhMZ2I2SEVFQWZ1NXNsN2ROVF9FMHlRcElCU29GNTJMUVVFY0pET0ltOUU2UHBUNlNBUUc2WlplNko3NA?oc=5,2026-05-21 23:40:26+00:00,"Layoffs, closures tracker: Intermountain to close 10 clinics Modern Healthcare",2026-05-23
Trader Joe's,Rahul Shinde,Grocery,Opening,Trader Joe’s confirms highly anticipated Sarasota store - Sarasota Herald-Tribune,https://news.google.com/rss/articles/CBMitAFBVV95cUxQWGR1bGk1d0d5OFNIbXZIR1FPbmhFb0NxSmF5RWQ4RTlfbVFjS1NSckR6dHZqY2dYSzNBVnEzbG14Ykh1ZWVrVmhudVNVZ3ZfRDFOekF2MTlyVUV0cDV0VXNiRjhVOGZQU3E4NWlBY2pnRFZZX2ZBaHR6VFNFd3FUTERDN2lTSllVMU4tWmNGXy05Z1NGek91U25PQzVYXzktNXRfS3U0SnhncURHdWNPRkxJRkc?oc=5,2026-05-21 22:07:00+00:00,Trader Joe’s confirms highly anticipated Sarasota store Sarasota Herald-Tribune,2026-05-22
Dick's Sporting Goods,Ashwin Nair,Mass Merchandisers,Closing,42-year-old sporting goods chain quietly closed over 175 stores - thestreet.com,https://news.google.com/rss/articles/CBMipgFBVV95cUxPVGxjOTF6aHlib3ZYSDNBWlI4d2ZoNW9TdnVCTGZ6WGt5WF93S05faERTRE03bTVJYUR2UE9GaHR4UEd5X2tkRnc3dzZ5UkhWVVRZMFJXQWhTVl9lRWdqRFRQVlphNDA3Qnd6N3Z6SE14UGlWalI3SUYxY0l5emlZbDlwS09hVmQwQ1RPOTVnM3VYbjZMeVBubTFFSlhKSWNqcFpKaVRB?oc=5,2026-05-21 21:54:46+00:00,42-year-old sporting goods chain quietly closed over 175 stores thestreet.com,2026-05-22
Trader Joe's,Rahul Shinde,Grocery,Opening,Trader Joe’s confirms new location - WSYR,https://news.google.com/rss/articles/CBMif0FVX3lxTFBzZHlPREJTanJtZjhLMjZITG5IVVBUX3dXQWVRNlpjRVNBbGNxWDdFc0xlc3NpMkxuRXQwdWZqY1JOY0laVThIaUpEMTlTdUpnSUdhZEprT0JCcDU4V3MwNHhIYi0tWDkwYU5lRExneEItUXJuN29iTFNDZTZiUGM?oc=5,2026-05-21 21:32:09+00:00,Trader Joe’s confirms new location WSYR,2026-05-23
Trader Joe's,Rahul Shinde,Grocery,Opening,Trader Joe's Plans to Open Farmington Hills Store - Deadline Detroit,https://news.google.com/rss/articles/CBMinAFBVV95cUxNcFctS21zcDBOZEppUEFLVDY1dmxvOW9FSFR2YTdrREYtaWNyM1RIV05ObGs3Y0JkdmFSUXJCVXUtcU1lbzZzSXBFVGlINzBidmlCQWhmTXNETDJuYzQwZERweUYyR2t5Njh0RVBsbE1kdEp0ZExfUDRaSUxzRkloMlhseFRqb3YzVUFOb0NMNUVrTlFFNExPcnlweVk?oc=5,2026-05-21 19:32:00+00:00,Trader Joe's Plans to Open Farmington Hills Store Deadline Detroit,2026-05-22
Trader Joe's,Rahul Shinde,Grocery,Opening,Is Trader Joe’s coming to your neighborhood? 25 new stores announced - Cleveland.com,https://news.google.com/rss/articles/CBMirwFBVV95cUxOQUF0QmZCRnRzVDNUVkpMNm5TOGJId2pST2xTOWxwRHZ2d3dzZUpLakNpeXRoWTJ0Rk9TNWhubm91S2FXV051cnVUa3JYSXpqYklNN3Vib3pqdU9PZXhkaVJ3TEx1QVF5ZFJRd1QzakluZ3hzaTEtRnF0RG1TWkd5OGJ3QmV5VjhsbWFMTzJSc1FuaHhMT3V6MUNJd0o2cHJjWFdvVTkxU0R5eHlIT3Y00gHDAUFVX3lxTFByOGt0VXZNUDlNdDM0bllzTlZqZTRfQkFOWHNlcWZjNXFPVEVJcnBfclhlVTE3ZExJejhGTlBNWGNTMlFMWkhMclQyOWJWNEszWUR0Qk5sRmFsYndiRko3Y05QbE4weElvQkRvMm9DTDNkemN4RnMtTkVJS1lnYjltRWk2emlHT2NSeE5NYl9KWTBmRjI5YzZtQlNnRmo4dVZOVEZBb1hlblVqeEh0NUFqZkI4VUM2WmhhZkM4OHoxa29KTQ?oc=5,2026-05-21 19:29:00+00:00,Is Trader Joe’s coming to your neighborhood? 25 new stores announced Cleveland.com,2026-05-22
Trader Joe's,Rahul Shinde,Grocery,Opening,Trader Joes Opening New Metro Detroit Location - Patch,https://news.google.com/rss/articles/CBMikAFBVV95cUxOc3BTX2xGQTRGWEFkWkM0bEpiWEJ5VEtzUnhTZWhCdGRWLWRDeTVtNW5TUTRHSS1qaHBPMDFwNml2eWJDRHNBd2N5V3puSmZ0dDhRemVrREliMVcyWDFvYWFIMHh2SnplN3M1MzgwZlpGd1N3NlJHS01QdUJUZDlrd1hKR0JnVjNBdjV5MzdCbjDSAaMBQVVfeXFMTTNEamFVRXZqTEE4QURoUGJ4S1lkMVdPZnZ4V2R5OFZycml6bl9pNURWQl9VS2JDSXFoRTd2Y2lOWnZLWkRjWnJ0R281VlRnSXJ6SFFaS1ljZGZEM0lFUUp1amtXalVxbTRWaXB2Y2djSUI2RnFhQ2NMV0QtQy1oVFQ3Y2NzdDJsQ0NDcTFrdnA4a2pUSkpYREhtTUJkbFRHX2k0Zw?oc=5,2026-05-21 19:20:46+00:00,Trader Joes Opening New Metro Detroit Location Patch,2026-05-22
Dollar Tree,Ashwin Nair,Mass Merchandisers,Closing,"Discount retail giant closes 350 U.S. stores , sparing only six states - thestreet.com",https://news.google.com/rss/articles/CBMitAFBVV95cUxOZFdjOVVJakZCMXo1bVZNaWpvQ3AtcS1BaFFuWTBtRGEtOVhjTFhuekRCaHoxOGczc1JYYXdDVnJkb2x2aHdhUTRBZlRHOE5fbW8tVkNOLW12V2JneDR3VmVaY2I1S3loMEt0RlhWWGJROVB2LUtxcmR5a1hkUUU3alpqT3ZUYUZDOHhYVEdCV2JvSGNJV0NpOTE4TjhkX1ZaRTd3ZGNYNWZJNER5ckVkZng3cGg?oc=5,2026-05-21 19:14:12+00:00,"Discount retail giant closes 350 U.S. stores , sparing only six states thestreet.com",2026-05-22
Sprouts Farmers Market,Rahul Vasaya,Grocery,Opening,Popular Grocery Store To Open 3rd Location In MoCo - Patch,https://news.google.com/rss/articles/CBMiiAFBVV95cUxOaXQzZVJLTGFJMXlxeDVya0Q1dDJJajMzV3FKcHJvS0hQRzVMaHF5eURncGU5X0lnODRsb1BmMUdHbi1QZ3hWZ2s1a1NxVlgtQWdzaUZLV0lQbkZ1ejZZT19QZGNTZlNoc2IzUjJsUm5EQ0x1RzZLZE10QzEyQXZ1VVRQWlFHZWVs0gGiAUFVX3lxTFBNRTBYd0tzZkxJRHVJb0Z5MEpOVVhDSmFSU0NYamtaZTNKLURzUEhXNGpwXzFTdTB4YUprTnVUTlBzSzdRVnlMeGpGYXJtNEpvOVZNdkxGX2xiRWt3UWpFMnhtYU9TSHJZdGxnWk9IVXJvZmVLaEd6OVFLcWhVaUU2UkR1VVNQbUJUYWtfX2x2eFZfblVtazZuMXJsYTNnSFRKQQ?oc=5,2026-05-21 18:59:06+00:00,Popular Grocery Store To Open 3rd Location In MoCo Patch,2026-05-22
Publix Super Markets,Ashwin Nair,Grocery,Opening,Publix Opens Palm Beach Gardens Store Following Nearly 2-Year Delay - Progressive Grocer,https://news.google.com/rss/articles/CBMingFBVV95cUxNMTAyMVFsbmZwNXJzMTc5ajdKejBjblZMcFZPZ09TSHN6bF85cUdZSDdvV3BrZnItWkdHZWlNSGMyUEFlM19BbDQ2MWdPRmpQbjQzX2dPN1BXLXlsQzB6b1hwdldPbFk5dm1KTVBxYnRFRjgzSThYMHNMZGd2LUlianA3Y25kd19RZEZfVC1XR3duNmVjYnIxNG9hNWp3dw?oc=5,2026-05-21 18:25:39+00:00,Publix Opens Palm Beach Gardens Store Following Nearly 2-Year Delay Progressive Grocer,2026-05-22
Friendly Pets,Suryakant Rajput,Pet Care,Closing,"Over 6,110 mines shut across Rajasthan, govt seeks reports for revival - The Times of India",https://news.google.com/rss/articles/CBMi3wFBVV95cUxNQ0thYU10bkd6TkJKUi10djhIdkFxVFhUSlJCRmZoVEJHQy1QMXVJa1pPc0ZxWE1yN1RqZ0M1cXBSTjVfQ3FSNmVNTFl4endxV0pnZmExWGdwREVuYkRwTTJzUDVQZzFWSmhRUGVMbGRkal9RejNXN2hzS18xV205Z1U1cVJwLXBQY0JjTlpaSE9nbGg4UTZJeENuLVMzbzJkdmdaQlU2THZMYlFVU09WMHhNbGQ4Rnd0emJtR3UwWURkTXJneTlhRVdCdHVPbE0wcFdhNWEzMVRHSVYtWmhF0gHfAUFVX3lxTE1DS2FhTXRuR3pOQkpSLXR2OEh2QXFUWFRKUkJGZmhUQkdDLVAxdUlrWk9zRnFYTXI3VGpnQzVxcFJONV9DcVI2ZU1MWXh6d3FXSmdmYTFYZ3BERW5iRHBNMnNQNVBnMVZKaFFQZUxsZGRqX1F6M1c3aHNLXzFXbTlnVTVxUnAtcFBjQmNOWlpIT2dsaDhRNkl4Q24tUzNvMmR2Z1pCVTZMdkxiUVVTT1YweE1sZDhGd3R6Ym1HdTBZRGRNcmd5OWFFV0J0dU9sTTBwV2E1YTMxVEdJVi1aaEU?oc=5,2026-05-21 18:12:00+00:00,"Over 6,110 mines shut across Rajasthan, govt seeks reports for revival The Times of India",2026-05-22
Trader Joe's,Rahul Shinde,Grocery,Opening,"Trader Joe's Plans Over 20 New Stores Across 14 States, Including New Spots In Wasington - NewsRadio 560 KPQ",https://news.google.com/rss/articles/CBMiXkFVX3lxTE52WW96Q0tkNDVyNVYyTnNmY1V6TUdYRkxENE8zY2RTRUdLdm9rUmZOUVN5VVZPa0hId0tlc0hxNW1qMDNpV2lIZnFORVYzcFY0WkR2ZWE1T2FxM041Nnc?oc=5,2026-05-21 18:05:47+00:00,"Trader Joe's Plans Over 20 New Stores Across 14 States, Including New Spots In Wasington NewsRadio 560 KPQ",2026-05-22
Burlington Stores,Ashwin Nair,Mass Merchandisers,Opening,Major Off-Price Retailer Opens New Houston Location With Opening Day Promotion - WhatNow,https://news.google.com/rss/articles/CBMitAFBVV95cUxNVFNiQ21PSmRGX3RRRXEwSm5RNGUyUVFwRWVib2cyQWNuZmx6aGp4YmIwYk5iOFFuRk9CZlYweTdKT0NQTzE2VzNDdzBVZjZWeEY1cGRSckx4SGsyNXRmMTdGNjd4Tm5vSy1zZmxBVGgxM0JXN21EREY0M2ZmaUpQaV85UDI1VWptZVpIZ2RFal9yTkhGeEJSOElGWVdLTEhVWTNrXzRQSlFDLUgxYkk2Z3NhdWk?oc=5,2026-05-21 17:57:08+00:00,Major Off-Price Retailer Opens New Houston Location With Opening Day Promotion WhatNow,2026-05-23
Wegmans Food Markets,Rahul Shinde,Grocery,Opening,Wegmans Ballantyne Announces Grand Opening Date - Wegmans,https://news.google.com/rss/articles/CBMingFBVV95cUxQdkpBTjhJdHlTdkdweHllZVo0SlE3ZXZBcU1mcmZrWFVzTGxJVUl5WEJPUGh4cjBqZHUtbWFfT1J3dEZHMzdIamlhak1xVXZ5MjU1RmxwOWw5WFk1SFNNUDZDQTNkR3JnLXUxckhUZGtxN3BUU09GQkJ0SlZXWFJleFpzZWwtZTROajRMTU9RSFZ3SHRISXhVb05sVTR1UQ?oc=5,2026-05-21 17:48:53+00:00,Wegmans Ballantyne Announces Grand Opening Date Wegmans,2026-05-22
Wegmans Food Markets,Rahul Shinde,Grocery,Opening,Wegmans reveals new Charlotte grocery store’s opening date. See first look inside - Charlotte Observer,https://news.google.com/rss/articles/CBMieEFVX3lxTE1kTnl1MGl6YmhiSFhWNlBBcG1ZYlZyLTA1Y3lEV3F2SUp2Y05BNXZydTdhVXdQQlVLcG11TDZIZTdlQjdaeW9EU25NLTR0amhkSzdmQWQ4UjFPY2RmZUlWT1JMNWdjcm0taVgteGxZTDFaNUtCRUNZctIBeEFVX3lxTFAwUFJWY0tFWEFXZWNJalF6eGhHZXdPb1kzTC1pNDVjQXhYa29HaUVxbC1JejI3eWwyYnN5c0F2dHZXNWpFZ2hXQ1ZlSWFPemhGVmRkTUtHSW1kbnV5YV9PMUctSjVZOGtZaklWY2NoOW0tQ2xILXdHUw?oc=5,2026-05-21 17:00:00+00:00,Wegmans reveals new Charlotte grocery store’s opening date. See first look inside Charlotte Observer,2026-05-23
Chick-fil-a,Rahul Vasaya,Restaurants,Opening,Chick-fil-A opens in Prosper with a ‘Moove-In Party’ - CW33.com,https://news.google.com/rss/articles/CBMiqgFBVV95cUxOS0RWZ213NTc1Nk1DN2xmUWxDZ3RDb0dfazE4eGdWRHg3YW1DNEdCQnZYN1h1WE1pa0J4Tkx6eUhJS01HMVo2UjJhcExpU3loaVJUdFJQYmYzaHl3OGktVzFVUmhKZDZ5eHljYVhUb3NBdEdnMHRtdWEyRHdFalZVWW95S1ZHbFlKWmZGSjBnTUdFb2FpWVUzdE5INFJ2dWxNbzY2dnVsd2V6QdIBrwFBVV95cUxQNmZUdFQ2d25KUkdGVXdxdWgxS1JpN1JUN0hyMU85U2dHQ2tGMGk4NkFXTzdnQUZvUFVhdWJUWTZ4cG9kTXZkQ2JDYnQwUzYtb3ZzZVBiTTE2NHlkM2pXRW1tTWdEbjV5VE9hU2R6RWF1Q2s4Um9KTVRmZ2Y2QW40bTJ2TXhyVDREenN5MTBXQmxSQkh4NVQ4TjZOOHJSTVBtMTdHS193eXgtVnEzRTA0?oc=5,2026-05-21 16:40:00+00:00,Chick-fil-A opens in Prosper with a ‘Moove-In Party’ CW33.com,2026-05-22
Trader Joe's,Rahul Shinde,Grocery,Opening,New Trader Joe’s coming to Warrensville Center Road - Cleveland.com,https://news.google.com/rss/articles/CBMipgFBVV95cUxQSDgwREdVSWY2UW9DdEJMc081VXNGUEJYbmFWX2pvM1BESGtGQ3dZelpXVHk5aEQ4Rm82djN5RGN6UlFNSmdZaDVrcWV2MWVfMHFySFhBY0Y4NTExS2xZbk90dmxFZGlWZ1REOHlvRnVOa0VZZUUxUm5wRUU1UXR0M3RTYmcwZy1ZYVlsZjh6VFdpd3lyRVN0MUVrOEQxdG9hQUpqd0Jn0gG6AUFVX3lxTE5wR243Q1M1Q2xOTVVpMTcwRnFXSDdqOVlDU0ptWlRnaERPaldscjgzeGpfeWd4YTMyUDZpckhfMXJlU2RoSUplYmltUWFZVm14WXgxWFFVdDlBREgza3hjVE03eWdYaDQxSzZJeDNoLTJsMy1Pb2ZKYm84OHM1RGZ6TEpvRmhlbkV2RXNVVFR0VVc1c3dPamQ5eDhROUxHQUQ4cjJRbjZZTFVIZWhIcUNFQ2JsM182Sk5WUQ?oc=5,2026-05-21 16:30:00+00:00,New Trader Joe’s coming to Warrensville Center Road Cleveland.com,2026-05-22
Whole Foods Market,Rahul Shinde,Grocery,Opening,Whole Foods in downtown Jacksonville is now open. Here's what we know - The Florida Times-Union,https://news.google.com/rss/articles/CBMimAFBVV95cUxQbndfc2R2cUJVR3l0SUxtNGpNb2VDWmFHM1NTRHBwYXVFbm42MkJQX0pfdXpUVnZTcEVrSmhnMFRxV3lOdUNJWWE1Mk1jekdQWXc0RnlPa1plRmZ6N18wT3dhTmE1Qi00aGxxc043MFN2SnBiOE50b0RIRlVRdTViVW9iWVlSZWdWSTVhM0JTeU8wMHdxT1pYMQ?oc=5,2026-05-21 16:03:51+00:00,Whole Foods in downtown Jacksonville is now open. Here's what we know The Florida Times-Union,2026-05-22
Chick-fil-a,Rahul Vasaya,Restaurants,Closing,Lane closures planned for Chick-fil-A construction in Cornelius - Forest Grove News-Times,https://news.google.com/rss/articles/CBMirAFBVV95cUxPVl9tOXlhbG5VM2RWZnJVUi1MU2VFMDQ0dVZPeGVEMzVMaENRbG1iemJLRWVsN3ZuY2pMWEhfakcxRzRaZkpVNVJ6RlM4alpaaWs1S1RMdS1reUY1bk5JN2hVVFdnTmlHLWtzbXBZcWk4VER4RDVzTGFXTUZWVGlLQXA4cGc3cUJTUktjSnhnYkRMZk8yZzJjc0k3Zzc3UTV5OHF6Rk9sRnVDeXdN?oc=5,2026-05-21 16:03:17+00:00,Lane closures planned for Chick-fil-A construction in Cornelius Forest Grove News-Times,2026-05-22
Whole Foods Market,Rahul Shinde,Grocery,Opening,See the new Whole Foods now open on Riverside Ave. - The Florida Times-Union,https://news.google.com/rss/articles/CBMizgFBVV95cUxOM184TmtaMmFfQXhjaG9VcTNUR3JvbldadXN2VURtYTBtcmRUNFpMMm1vXy16LVFyX3dJSFB4V25sTFZXQXM4TW00WGxLa0I2bThiZ2F2dExQSUhmRl9sVXRCUG9vZTUyeWdMWVo5MkpidGlrQXVRQkc3M0F6aXl5Umg2V3RaLV9aR0d0WEQ0WmdhbjFCeDZweFpKVUVkQzJrNzZSdVFsTmk4UkxuUGEzbGlPak5Ka1REUG82dTNVLTk4TGt6VVBRbndfN0xpUQ?oc=5,2026-05-21 16:03:07+00:00,See the new Whole Foods now open on Riverside Ave. The Florida Times-Union,2026-05-22
Whole Foods Market,Rahul Shinde,Grocery,Opening,Whole Foods in downtown Jacksonville is now open. Here's what we know - AOL.com,https://news.google.com/rss/articles/CBMigwFBVV95cUxQUzItamxQb29QOXZUTlBNSGlhQzFxOGFIc1lUNWpka05kVm5qbHNsWmdobHNIb05OTzJEM1BpREs4S0MtbTV2b2t2VzRQT1otRmxuRno4OTdJRnlXV0R0VmtXT3lqUmd0VDRuVkJZUHhvM0M0THM5LUV1R3NLcEhzdkljZw?oc=5,2026-05-21 16:01:39+00:00,Whole Foods in downtown Jacksonville is now open. Here's what we know AOL.com,2026-05-22
Sprouts Farmers Market,Rahul Vasaya,Grocery,Opening,Sprouts Signs On For Third Montgomery County Location - The MoCo Show -,https://news.google.com/rss/articles/CBMijwFBVV95cUxPLWxxZnFwRDJYQUNRV2JsVkF3bDYtZU5kNFo3a1dlYmszZnc5OEw5b3hkRFJNZ2dHWVJ6c1dHY1BTUjFmY1VVOXk5QWhGQUVkVHU3TlRwOWltN2lqVVlTY2RKMkZUeWxMNklpdzdmRV9KeHF4Q01zSkc3eGVEVi1iYWZoSDQ5MnMwVi1oVDF0TQ?oc=5,2026-05-21 15:50:18+00:00,Sprouts Signs On For Third Montgomery County Location The MoCo Show -,2026-05-22
Burlington Stores,Ashwin Nair,Mass Merchandisers,Opening,New Burlington Store In Watchung To Open With Grand Opening Giveaway - Patch,https://news.google.com/rss/articles/CBMiqgFBVV95cUxOZUl1cy1rWnVzT1R4anREWDd2TmZQcE92TDhDYktoWTZsbG94cE1ZdnhwWnhRYVI0V0JHRU4ydlhsNGZGR00xTWtlOHZJLTAtNkUwclpaWGNKU2lTSnp4bWtWTUtGdkthQ3c3WmVjRHAtT2xJSXFhWUZadlczb0QwQ0FmNWNfcEY3WnZYeWNLLWpNUzVRVXF5c05WZ3U5bHVaYm5qMDBfVWZKd9IBygFBVV95cUxOSUYtM2tvcHE0RmtmdTRPaFRlX2lUVGd6a1FkcDNFanVxX3UtZnh6QlFZaFVZekNCa0dSS3ZzVFdlejlzTmVJSC1TNTlhZUI3WVFmQVROYTFyQUZPd3Ywd2VqdlA5a1IzeUVDeFdCWU85NHN2ODRydmtEdFRjbU4tV1VZOXV5NnpfakFvRFdWbW1mdnlzcGhtNDNTT0t2bWcydkRIU3g0TlFreGJaYy0tQWoxbDZrenhPWVo0TUFmSG14Y09MM2tKWmJR?oc=5,2026-05-21 15:29:12+00:00,New Burlington Store In Watchung To Open With Grand Opening Giveaway Patch,2026-05-22
T.J. Maxx,Dhiraj Manghani,Mass Merchandisers,Opening,TJ Maxx rival welcomes shoppers to new store as location opens to public in days - the-sun.com,https://news.google.com/rss/articles/CBMiiwFBVV95cUxPSHJLaGlCWGZYM21hSU4xbnd0bkFodWR5dTBzdzZzWENmYm1waFR6TE8tbktrRDNCVWFReU00eUpFbU0xaURORU1mZGNCS01oY3JZUVQtM0lHR0xITF9rMmtiTUg4a1dTQ1ZYbEZ4YjRLNGc3Umt0eVVWZjk3QWF4aE1NcGNGdHhDcWk0?oc=5,2026-05-21 15:15:46+00:00,TJ Maxx rival welcomes shoppers to new store as location opens to public in days the-sun.com,2026-05-22
H-E-B,Komal Agrawal,Grocery,Closing,H-E-B announces Austin store closure due to lease ending - FOX 7 Austin,https://news.google.com/rss/articles/CBMijgFBVV95cUxNRWUyOUJUOGt4NkxGZ2E2TWJza3A4N05qMlFNM3N1WGpycVRZTkN5VTNsSVBfdmg4M0VHVklZdFFqblRGY1ZpNGFMaXlBRGp6aDlGTjB1REpRZUthREdUTTRQUk81d1pIejlwNDhiUnlZNzhwNGoxMzd5STZ5RlRQdWhiRVd5M1YtT05QRkZ30gGTAUFVX3lxTE04dFJBY0NrMEhrb3U0bi1HWmg3VWFya2s5bGxkRTdVUG9PUi00YjhRaHJSMG54RUY1RGhLZ1g4R1M2MENTamZrdlFXaGtPZS01MThBMWVkYUhQUG1MNmpoSGdBMGRZM1Y0SkRXbVVyNXUtUkY0Tjh4QkhXSkpLRWhQVUk0eTIwbFpBaDl2VEQ3bXN2Yw?oc=5,2026-05-21 15:10:59+00:00,H-E-B announces Austin store closure due to lease ending FOX 7 Austin,2026-05-22
Giant Eagle,Komal Agrawal,Grocery,Opening,New Giant Eagle pharmacy opens in Kittanning - Pittsburgh Post-Gazette,https://news.google.com/rss/articles/CBMixgFBVV95cUxPc1JWWjFXbTBXRFhUb0Y0V3VvWGZNX2hFQ0NHNk9lRWFrQnVVZXZHZWVCTmtod2s4aDdlOFNUdzBrbEt2VGljMXdxMkJ5aFVwdXMwMHdNejNmY2JxTUNiU25TN2F0TzdwNzhDQkNZSERJWWdCd29ibmtMWHZZNlZhVi1rMzRYVjJxMktULWtjdEJYZG1RVXlSZEcwNFF2T0FHUGVtNGFOaXJQNkI4UjdkcWRXbVZ3UHExOEFDbWdsLTFIQU5Za1E?oc=5,2026-05-21 15:07:40+00:00,New Giant Eagle pharmacy opens in Kittanning Pittsburgh Post-Gazette,2026-05-22
Family Dollar Stores,Rishi Nagar,Mass Merchandisers,Closing,Family Dollar Closed 350 Stores - AOL.com,https://news.google.com/rss/articles/CBMigAFBVV95cUxQTkd1RS1SeUZfeHlURkxYNlMweS1ad3duYUdSclo0VFJsU1kxaWxfbHg1SWhlNjB3elRlcFlBNXpUNkd2RU4xWEFMVEtPLUpiOGl1UW12TnpLSGxOSXZ2MVhPR2dieVhoOUlvT2NVN1BqWWlaNTBUdFlpMFhSa2lfSQ?oc=5,2026-05-21 15:00:00+00:00,Family Dollar Closed 350 Stores AOL.com,2026-05-22
Trader Joe's,Rahul Shinde,Grocery,Opening,A new Trader Joe's store is headed to Farmington Hills - Detroit Free Press,https://news.google.com/rss/articles/CBMiqwFBVV95cUxQVVFMcnVpd1dDY2Nwa1l0Q2xoWHl4S0hLLXlBd05CUmlwWGlEMFJhS3dDZVFZZ05IOW5pRWpMOWdBMGI4b05XUUdLRWYtSWtnOEhhVnFRMXRuUGN6SGV1VzZvNkUwUFZwU3BMRTZXck05VjNWd1Q3MWwxZTJkTGVaR29iOEJsNVZweEI3NWQtd2c5N1ZZUHhCYnlHQVBZTUlIdHdZbUdOWXZfbHM?oc=5,2026-05-21 14:51:00+00:00,A new Trader Joe's store is headed to Farmington Hills Detroit Free Press,2026-05-22
Trader Joe's,Rahul Shinde,Grocery,Opening,"Trader Joe’s to open store in Fairmount Fair Plaza in Camillus, company confirms - InformNNY.com",https://news.google.com/rss/articles/CBMivgFBVV95cUxNcEsxNjl1ZGp5R0tJb0V1b3JnT3pTU2VSRXNvdFhUM3cwSEVGMmY5S1dESWlkR0J0WkJmZTMyaTk5aFBuSUtmdWVzYkFNUDhXT0p4dEJqbnJOQS0tSUpHSzNfTVctTFZxaFlfWjRJQlNXT1dRN3dhVXl5MXVRSkpNM0hZTUNYYUZ2Wkg4Z0FDaHJjUWhxWEtlMkx4S2tRQmZveklWSWk3U21xSWpUbUtSeGtJY25lS2lNRWMteXV30gHDAUFVX3lxTE1TN3BGZWF0T1ZvaHM5Q2VFaU5vRW1laGxWcnNzTDV2bWpRa3VvNnpTejV4VVg2OTJFd0U2dWlIMnU5OEhsdXFCblp4Zl9ZNlNadGlXdjBoN2FiSjBUUHFkU21KSE5UUUFvZ09MbGtZZ2I1bEN4U2FNblo1emctN0hQb0RtbFRuZzVBSWxYSko3YktHYTdyQWxQX1N5aGtEUWkySW1ialZhTGdJaUpYZmhWQXdYaEtKZFB2eDhuQ2x4dkRaTQ?oc=5,2026-05-21 13:40:44+00:00,"Trader Joe’s to open store in Fairmount Fair Plaza in Camillus, company confirms InformNNY.com",2026-05-23
H-E-B,Komal Agrawal,Grocery,Closing,Northwest Austin shoppers will lose a longtime H-E-B this summer. See where - Austin American-Statesman,https://news.google.com/rss/articles/CBMilwFBVV95cUxQZURCRG00TU1YUEFLVmdDRTlfS3FtZEpYZ0VWUHpTMlp5b21VbzRpZnl0aVpMZGRIWkthU0FMakdqdlc1dnNrN2lreUFBWTJYb1NjY3p5YkNVbVZWazg4M2VJTWNxLVZMU3k0VEJSbmFST1EwVTVzMlNFQ0VTZVhhbVJ3UFlGV3RRRUt6ejFoVlNleFFid21R?oc=5,2026-05-21 13:18:59+00:00,Northwest Austin shoppers will lose a longtime H-E-B this summer. See where Austin American-Statesman,2026-05-22
Pay Less Super Markets,Rishi Nagar,Grocery,Opening,Kroger looks to lower prices to become 'America's best grocer' — update (KR:NYSE) - Seeking Alpha,https://news.google.com/rss/articles/CBMiqAFBVV95cUxPR0htOEVKZl9ZTl9VaGlZOVJjR0tac1NWcTJNWGNwWDNrVHBkb0NDaWc1THhZWmJteXRFby1Ndl9GT2kxS3c0R2hXRTZiUVgzVXgwSVJOWjNtTkdITmVQbloySkdVaUFSMFJlOVR2VlZFNk10cXJBYU1QZnRuRG04Z1AzVUZtdVVpYzBxN0FDVlp1YWhlcVc4UU43SjZfemEtTmhzVjdSY18?oc=5,2026-05-21 13:00:23+00:00,Kroger looks to lower prices to become 'America's best grocer' — update (KR:NYSE) Seeking Alpha,2026-05-22
Publix Super Markets,Ashwin Nair,Grocery,Opening,South Florida Publix Now Open After Tornado-Related Delay - The Shelby Report,https://news.google.com/rss/articles/CBMingFBVV95cUxNbWRQUVRfYzNsclZxenVpWkdWMTZqWDQyeERGMGZ6UzF0a0xDQklWZDFaaEU0Q05JcXFqTG1kSUxLX2EtaEl5Zi0xYlJDZHZhU2JjWmhwak1tOW5RUDQ5eVFWMnpZRGlRZU5pcXVqUjZWNGFMd1pJS2pXallTQ1Y0SVhmbzVUd2ZKa2Y3VHpKbkpXTWdhZ0d5clZoemVHdw?oc=5,2026-05-21 12:51:05+00:00,South Florida Publix Now Open After Tornado-Related Delay The Shelby Report,2026-05-22
Trader Joe's,Rahul Shinde,Grocery,Opening,Trader Joe’s confirms its second location in Onondaga County - Syracuse.com,https://news.google.com/rss/articles/CBMiqgFBVV95cUxOV1MxaWg3WEVuYVRTRDhKeThxTEdHUENoUlJfM3JzUTZVY250Mkw4eWVBb05lcV9PR2hnYU9wNmxVblMtc1JYZVUyNExoeE00TDZfZ2lHc01fdU15TmYtdFJEb21GYVlKcWMzdE5LYWpyMlZfSVRIU0lvV2Y0VEFHdkdFREx6Z01KYTluYnpQT1FINlFuUWZVVHU1UHlkYjJ6MllmRHZ0MVlRUdIBvgFBVV95cUxOT2dXUF9MczVvZWFEVk0wajlOYWQ0VHd5NklSN0xRZzl5SjcyVzhtbUtTa0hQQkM5RGRnUlFBdWlrY3loeVlqRnBxM0FyZ3JJbEVuZXVzVWlPSVpfa1J5Z0VjRXFuRWtPcVV6ZTJpSDRTQ1VVSEJFeHR0Q3NSaV9XSjZqTVItbG45emhyRUpDc2Q4ekd6c05kWEo2WEdHeFJpYmlSNW1OWlFBQjBHS1ZCZ3BETU5HUUJ5OGJzSnFn?oc=5,2026-05-21 11:52:00+00:00,Trader Joe’s confirms its second location in Onondaga County Syracuse.com,2026-05-23
Trader Joe's,Rahul Shinde,Grocery,Opening,"Trader Joe’s to open store in Fairmount Fair in Camillus, company confirms - WSYR",https://news.google.com/rss/articles/CBMivwFBVV95cUxNa1ZMZ0JpMTNDM2J2Y1V4Vi1xc0NfMFF3aTN3LWF6NXM1dV95bzhUVjhHaVFEWU9GbkpPam9qcnN4QThPZklrcjJWTERlWWY2LUgtVTlRLS16d0ZVVlAzejFHWkV6UXBzMVp0NjBUN2dmMDVKZ3d5c1VKWDhLdnluc09FTm8ySFNSUllSb2NFWkxrRUN4bUV0U0xLMGxIekV4RGphTzlwTHo1VnpfZUlZOG95NDhLalN6X1BpV25rVdIBxAFBVV95cUxNZ0tsWFpIZWRPV09FSWxNSGY1SVNxa0V0OUY5bmxsMGxuMzlvTVI3RHZGWEhocVZrMVhuV2NfWVFWTTFMVGViMUlLNXNwZHczY2NONF9LZjE4QmM1SlU3V0tGMWtWaHRPekU2Sl9aMXZwWmNzTUo3THU4SWJSZWwtZzRqNlZUWVlCanJSM2JncTFHRHB0V3RPWkl2Ym1uZ3dXQVd4QVNubDMxd19LeXZuWW5CTEFKaENQRmo3cDkyb2h3eHMt?oc=5,2026-05-21 11:22:38+00:00,"Trader Joe’s to open store in Fairmount Fair in Camillus, company confirms WSYR",2026-05-22
Autozone,Komal Agrawal,Mass Merchandisers,Closing,Great American River Run returns this weekend to cap off Memphis in May - FOX13 Memphis,https://news.google.com/rss/articles/CBMi6wFBVV95cUxOWVBiY2E3S1pwOFlaMlJmdkNKUEt6eTdiV1JHVl9CRVNiWk5ZS1Q4M3MtWEVJd0JmMHo1NjRaV1MxVlNSTjdsT3dsVWRWV3BNZFVhcUVwQmhhT1RmZUlCLXVyaThEd0dhRElhalhjZ2dnMlAxSW9CWHdLZU9rMVZOVUxFb3JObWlDcl91MGFudFpZQTJjblRqbzB6TU12WVhKSEg0UktKWWRfX1V1amwyQzBfYWh6WVB3S1JQS3Q3NWxNbnhLbUtfS1pzenNOQ1JNTFZtc0t3VmRaY3AtZGlBZ2lNb0plMVEwVlI0?oc=5,2026-05-21 11:15:00+00:00,Great American River Run returns this weekend to cap off Memphis in May FOX13 Memphis,2026-05-23
Ross Stores,Rahul Vasaya,Mass Merchandisers,Closing,Ross Stores Likely To Report Higher Q1 Earnings; These Most Accurate Analysts Revise Forecasts Ahead Of E - Benzinga,https://news.google.com/rss/articles/CBMimwJBVV95cUxONUc2amk5MWNSTGx6akZYb0VDdW1uSk1nWWppWU9heGtiTHotLTllSC0za2tRQmJRaGFQZERLc19Ea21iWVhXOV9NS2FUNE5hRnNDb2NfUjlacnE1QUc4TkwzbmZHdExYTnVpcGZYc19OZExIWEZSYXppNWRXbVhuQktodjJiYm9rUDBtUHVVaDNEV0dKbm05Yll0d0p3dWtfRkRmYVRRSEg0TWctZFgxMFVmdmVSYkROOEpMcWF2amYyUUNtSE43cXlVREtnQnF6N19BM19JVWhOWmFlRFBVa3pRbEkwM1ZGTE02NEw4U1RpeG9QMFA1MzBjRWk4am9yQTFIUTVDZFgxX1B6VUNvMmZPQWlsMWI3UEIw?oc=5,2026-05-21 10:22:08+00:00,Ross Stores Likely To Report Higher Q1 Earnings; These Most Accurate Analysts Revise Forecasts Ahead Of E Benzinga,2026-05-22
Save-A-Lot,Shuvechha Dere,Grocery,Closing,Discount supermarket launches closing sale with 'incredibly painful' ending - The Mirror,https://news.google.com/rss/articles/CBMigwFBVV95cUxNc2xHXzljOUJKd0k1WldzRDlBUjdLZFlzWmhwa0JNdzgxUlVwa3g0U1BjYkgza29qLVNDMmxoRG14aWV2c1NmdzdSWk5mTWg0T2ZTZjdLMGJnQjVtQUIxSy01MThRMGpxbTd6aWVMSVgydk5hMTZLbFRtTGZGMG8waE9oY9IBgwFBVV95cUxNc2xHXzljOUJKd0k1WldzRDlBUjdLZFlzWmhwa0JNdzgxUlVwa3g0U1BjYkgza29qLVNDMmxoRG14aWV2c1NmdzdSWk5mTWg0T2ZTZjdLMGJnQjVtQUIxSy01MThRMGpxbTd6aWVMSVgydk5hMTZLbFRtTGZGMG8waE9oYw?oc=5,2026-05-21 04:44:00+00:00,Discount supermarket launches closing sale with 'incredibly painful' ending The Mirror,2026-05-23
Trader Joe's,Rahul Shinde,Grocery,Opening,Trader Joe’s set to open 25 new stores across 14 states this year - The Independent,https://news.google.com/rss/articles/CBMimgFBVV95cUxPQVdXQng4S2NNbEJkZGdneW5CSVQzLUg0Zm9BeEtNaDNDOTN1dlBnVENDUjhoTThzRlNjdGV0enh1OFpzNWZWQXFKM0RvWGR1SXlZUWFuNDRMLUo4OU56ZE45a3NEM2huRW1BV2JTRzloRElVczRCYmNpaGJ4OEt6RjN6YnY3VDljNzNLNUV0Xy1takVmV2FtMnp3?oc=5,2026-05-21 04:04:00+00:00,Trader Joe’s set to open 25 new stores across 14 states this year The Independent,2026-05-22
Raising Cane's,Rahul Shinde,Restaurants,Opening,Raising Cane’s to open Archer Road location on May 27 - Mainstreet Daily News Gainesville,https://news.google.com/rss/articles/CBMijwFBVV95cUxOWWFOSHlIUEtmZ3hCRXlxTUN0RlcxSzNsQmswYU5jQ0tvbWlwNVllUFZRSXhUNGdMR1I3cjVMYzBSRHFuSWp0Zk5DODhQVlRteGNKMmZIcUJzVFNLUTNqU0lQSTRKbHdZUFYzSzJ0NkFjMDhjQlFsOFh1c3lYQ1d1bVRjaVBBTUxCWm56Um9QYw?oc=5,2026-05-21 00:24:37+00:00,Raising Cane’s to open Archer Road location on May 27 Mainstreet Daily News Gainesville,2026-05-21
H-E-B,Komal Agrawal,Grocery,Closing,H-E-B to close North Austin store - The Business Journals,https://news.google.com/rss/articles/CBMingFBVV95cUxNME5XbV9qazAtQUs1ei1ma0h4NWRrYmRzRmZRSXpraGQ0MENxcDQxM2FnLU1KS05kRGZ0eFlET1NLMUZKd0NacE5HTjI3dldlRmhWbjZVWUVHZ19yVFlaeG92MnVPejlRMGZGR3pwYjRsTTlCaEdLeDlzQmcwM2t1SWpKUzhqaVBTOC1UTFg1bnNNMm92RHNSRlBKTFZ1dw?oc=5,2026-05-21 00:24:00+00:00,H-E-B to close North Austin store The Business Journals,2026-05-22
Chick-fil-a,Rahul Vasaya,Restaurants,Opening,Chick-fil-A sets opening for new restaurant in Clovis on Shaw Avenue - Fresno Bee,https://news.google.com/rss/articles/CBMic0FVX3lxTE5DemRDMGdZYW5uclgtM1hSMVlGTXBiNy1HMXVmT2lMWmNRb2RtU0Rxa2x1bFN2ZWRHSlpkQ0pzQ1VaSHk2VTNZNEJyRnpEQTFkMnJ0RTNSUmZjcEhXeU9IZUR0dmNNcXZzTTZUVnVwYnBSUkHSAXNBVV95cUxNUjZTcXNtZ0F6VElobGZoaDJ3ZS1nSi0waVhKT3AxZElUME1zWUl2X0dTTDg1OU93RDJoUlZ1ZTltb2RONnJKeUw1ZzhacnVxUXNWVGV5MkpjTGNiWWRjbG44b1JnU1MzNExJMmdaRFNodGVR?oc=5,2026-05-21 00:06:00+00:00,Chick-fil-A sets opening for new restaurant in Clovis on Shaw Avenue Fresno Bee,2026-05-22
RaceTrac,Kabeer Pandya,Convenience Stores / Distributors,Opening,RaceTrac opens new location on Kubota Way in Gainesville - AccessWDUN,https://news.google.com/rss/articles/CBMijAFBVV95cUxPZEd5OG1GeEh3U214XzR4WGZXd21KdnhkZlZPZVNNRlhxaEx3alZyUVpheGJ0VWk0RmtPSWN2OERIUjdQRXEwOUFrZ0FxdjJTQUdLY2d0NEg1RXAzZU9NM2xrSVFMbFc4RHJpS1dESm5EZG44TWJLUF93VVJyU2xOVFdqeElkN3d0VjlPRQ?oc=5,2026-05-20 23:41:19+00:00,RaceTrac opens new location on Kubota Way in Gainesville AccessWDUN,2026-05-21
Walgreens,Komal Agrawal,Drug Retailers,Closing,Walgreens store closures spark protests as communities fear losing pharmacy access - MSN,https://news.google.com/rss/articles/CBMiowNBVV95cUxPTWpiSzQ3dWIwcjBNOXZBdmtISl9sWndRaUl4QVA0T09vREZVQV9VWm5odFRUdHV3aDJBampsNkgycFFNX3ZHVUJSMTRBQUtPVWk3TmpYNVBqU253WDBjRUx5OEItNDZudkdPLTltbFhENG9iYlhOWVRUel83NUdmcnVPcDlyR242UnRBTjBNNmI4SHRjSzMxdVB3cTlQOWlXWlJESWJGTXZoRG9uNFBHbzMyWUdNWDloQVRCcmdFeGVwZ2hrUENrdVdhendoeDNLeWZndmxQa3JHbzZBVmI3YUFfOUctd3YyYjlGVjR0WWhGeDBqRzkwbHJ2SkJNQk11S3ZzZUlWa2dTY0puYS1Uc09HWEhMUHhxdXVUSGxaR05fVDRuR0FZaG1kbUdzY0lnOG5sWnFqMXFKMzg0bzRWYXRzYzlrcEk2enVpUDRkcEhaMHdLNlZRN2tNRzlOVFRSWFhETFJRTnB2NzZOTGU3QUt3WEFKS2t3aVQyM2NyZVl3WWYzVTdBaElIU3ItMFk4MVA4c3VVbU9ONHd1Q3hjWTlMRQ?oc=5,2026-05-20 22:51:01+00:00,Walgreens store closures spark protests as communities fear losing pharmacy access MSN,2026-05-22
RaceTrac,Kabeer Pandya,Convenience Stores / Distributors,Opening,Boil water advisory in effect in Cleveland due to water main break - AccessWDUN,https://news.google.com/rss/articles/CBMimgFBVV95cUxQeC1Ic2tzRktmWWpCZmdheEowY2RTMjgwSllINzRyVUNHZUFEcU1wZDZpa1NOUUFDdjFNckF6N2E1ZDIzeFRvdjI5QVBRZmlRYTJMT3YyY0NoZ3NvZ2w0VGlzX1F4aERBS1d0eVFHUUkya1JCbXYybFJ3NHRJaGdJWUNvV3hOb2w5aE1VeEJPN05RNE1qdFJudE9B?oc=5,2026-05-20 22:50:59+00:00,Boil water advisory in effect in Cleveland due to water main break AccessWDUN,2026-05-22
H-E-B,Komal Agrawal,Grocery,Closing,H-E-B to close Spicewood Springs store off Research Boulevard as location's lease ends - KVUE,https://news.google.com/rss/articles/CBMi4wFBVV95cUxPdUtmZnhQcVFYUlpPOC0tVjl5bE9NUUxvT0dCU0owSFlEMWNRYmlnRjJGdmw0b3N1UnZicUJUajBiWmo5Z0M2OGtVX1RPMDY0dGVGM3dZVFdZVFpmX0xpLUpIOFNvdWpvSE1YdnRtbGtPUVZGaTF2WG14Y0ZJTGZ2cHdRR21WU2lYMURxVmpsLTFldEhqSERvSHRETnpoakIyclJ2UmNCV1lXRGFuOGgtdDQtaHFRQlpCUlFwNU9zalhNckxGaHV5WU8yWThzTGZrTWIta25iY05MUWR2ZmhFMEZsVQ?oc=5,2026-05-20 22:45:00+00:00,H-E-B to close Spicewood Springs store off Research Boulevard as location's lease ends KVUE,2026-05-21
CVS,Dhiraj Manghani,Drug Retailers,Closing,Mystery as iconic ‘Ballerina Clown’ CVS abruptly announces it will close down - New York Post,https://news.google.com/rss/articles/CBMikgFBVV95cUxOdjZTWm1zSEJwajVDeFp6NGYyWEVNcmhRdUEzV2daRmkxSnlyT0thVEFPeHE5UklLOUs3eWF4WUVNNXVYWnlJbTNLVzVySW90RmgzYUxjblRndHhqaHZGYmtnQUpwNTVMNUhJYllTS3Uxc1dyZWpfald5NC1IZm1UNWFrU0JMWFlYMG5vZWJqaVpldw?oc=5,2026-05-20 22:27:00+00:00,Mystery as iconic ‘Ballerina Clown’ CVS abruptly announces it will close down New York Post,2026-05-21
Chick-fil-a,Rahul Vasaya,Restaurants,Closing,Austin Chick-fil-A franchisee sued over Saturday Sabbath firing - MSN,https://news.google.com/rss/articles/CBMi6AFBVV95cUxQZXpMb0ZwdlFMQjByR21adXMydGRzcFVWZEhzRTE3SHU3YVdpTmJaTmYzcXFlMklaZ2RjWVdDTFF4WUpPNzhLbFNtZ2FRYmhlaDNHa3BYdUxsbjBQWTA1SkxEdkNKUDRlU3oyV1V4REw3cDFuM3phb2t3TDVOZ2tOel93bEdBVk10VlEzMlFYN21zYW84RDBZdTB6VUpod1VBZWZPSlBSODE2NGFmY00wXzdkZ2tmODNDZFZrT1dvYm4wR0pLMTllS3pSR2xxbmMyNDNiNWsxZUJXamY5ZUZJdGtYSGV1enFz?oc=5,2026-05-20 22:25:58+00:00,Austin Chick-fil-A franchisee sued over Saturday Sabbath firing MSN,2026-05-22
At Home,Rahul Shinde,Housewares & Home Furnishings,Opening,"New tuition-free charter school in Midland breaks ground, aims to open in the fall - WSMH",https://news.google.com/rss/articles/CBMiuwFBVV95cUxOZmFLU194ZDEzd2RSdFFvci1xRVdrSjVTMGxXYk1MaWp3VVc2YzR5aEJjak1EU0M3MG1DVHRTRW13TGlDTHZNc0VESnlUeDNLTjZvTkV5SUF5ZXJUeWdNX1g1RlZ3VlZqY0R2SGxJdUJON20zeDRXVmZxczRlSDFFM0xpNVBEQWpTNnBiVU9LNHYtVGpRcm1EVS12aUExak1xNjNUcVpTTGY2Q0FwNEFBVnV0NVJ3MUVYNmU0?oc=5,2026-05-20 22:03:59+00:00,"New tuition-free charter school in Midland breaks ground, aims to open in the fall WSMH",2026-05-22
Family Dollar Stores,Rishi Nagar,Mass Merchandisers,Closing,"Discount retail giant closes 350 U.S. stores , sparing only six states - thestreet.com",https://news.google.com/rss/articles/CBMitAFBVV95cUxOZFdjOVVJakZCMXo1bVZNaWpvQ3AtcS1BaFFuWTBtRGEtOVhjTFhuekRCaHoxOGczc1JYYXdDVnJkb2x2aHdhUTRBZlRHOE5fbW8tVkNOLW12V2JneDR3VmVaY2I1S3loMEt0RlhWWGJROVB2LUtxcmR5a1hkUUU3alpqT3ZUYUZDOHhYVEdCV2JvSGNJV0NpOTE4TjhkX1ZaRTd3ZGNYNWZJNER5ckVkZng3cGg?oc=5,2026-05-20 21:37:00+00:00,"Discount retail giant closes 350 U.S. stores , sparing only six states thestreet.com",2026-05-21
O'Reilly Auto Parts,Bhavesh Phulwani,Mass Merchandisers,Opening,O’Reilly Auto Parts to develop 3rd San Marcos location - Community Impact | News,https://news.google.com/rss/articles/CBMiygFBVV95cUxNRkxhLTNxTk9ubjNLeGw2N3kza3lhamVvX1BjaEY4VURnMUNUMldiampSWkNJcnlXMzczbHlsckg1RFhaS2Q5NDRZc2dndk1nazNMSVdEcTA2X0RsRXJDQ2RqZ2lUZF96Q0R2WVIzMUNMaHpybDZZVS1NMTNGc0M0RFM1Zmc2RHd1MlNMNlVjWGtZZExZbWU2TjRXNWlad0xWRFNLbUktb1JQM0NWbl9IM0M0VkJzTGs4dHVINk1JV0xOeEJrTkpLaE1n?oc=5,2026-05-20 21:21:00+00:00,O’Reilly Auto Parts to develop 3rd San Marcos location Community Impact | News,2026-05-21
At Home,Rahul Shinde,Housewares & Home Furnishings,Opening,"Teton Pass Trail to break ground next week; final costs coming soon - Buckrail - Jackson Hole, news",https://news.google.com/rss/articles/CBMikgFBVV95cUxOeEZzOVlxeFVZTERhS0NlamJJOTZkZmlhNlZERGp4MUx2RGx4N1NCeExqZ2R3UW1CdkZ5NWJjUllKOXZFd0xKTDhVSmRjbThETjhybGItdzFQZVZmMUlXUkFhNnVPRi1BcldKVTNqZG5Mak9TS3BuTE5zcERza2k1eWdxRHhRUnRid3REMlVSOWoydw?oc=5,2026-05-20 21:00:00+00:00,"Teton Pass Trail to break ground next week; final costs coming soon Buckrail - Jackson Hole, news",2026-05-22
Barnes and Noble,Ashwin Nair,Mass Merchandisers,Opening,Barnes & Noble to open new Louisville store at Mall St. Matthews - WDRB,https://news.google.com/rss/articles/CBMi3wFBVV95cUxQOWlDZlgwN0ZHX0pvX1MtdXpmY3dLUnR1LXN2T0VCNV9ZNmxSQzMzM1E5SURDekZGZ3lGemFZUUZiREdObExMUGZKR2tQc3cxLWJzUUV0Z0xWaGtVT1pHYVhZMG5Wa2Fwdk9RZGx3bC1XQ3o5S2U4R1Q4RUlscXNEWC1uck9CS19leFFFZ1J5R2hFTFEzWm9FdTVDN3VjVUkydjAxd0tmak5wblpxZ1lvM09DTzR3OVFob3BuZGJyYWFpd0w1Vm5rVjc2bGpnZm81ZjlSSXZGa0tUN2hsa1Yw?oc=5,2026-05-20 20:48:00+00:00,Barnes & Noble to open new Louisville store at Mall St. Matthews WDRB,2026-05-21
Mud Bay,Suryakant Rajput,Pet Care,Opening,BIZNOTE FOLLOWUP: Thunder Road Guitars’ opening date for new Admiral space - West Seattle Blog...,https://news.google.com/rss/articles/CBMirgFBVV95cUxNU2M3UjJERjRuR0lobFl2U3lWT3BnN3U1cXNNcWdlZDd3UURaNUVucnFWRklwQnpNQl9iT1VUZk5Hejlpb3RfekRyUXR6c1BSN1VCbDdUYVFqLTRmUk45VjFkVWx5bE1rOGFQU0pVOVVISDdxOW9nNHp5aGU1SHo1THRCaWVBZE8yQ3FwMG1NenVpYm01VWhGenhSNmlKUGsyTUlqQnZmN29oa0dNVHc?oc=5,2026-05-20 19:58:00+00:00,BIZNOTE FOLLOWUP: Thunder Road Guitars’ opening date for new Admiral space West Seattle Blog...,2026-05-21
Giant Eagle,Komal Agrawal,Grocery,Opening,Newest Giant Eagle pharmacy opens Thursday - Audacy,https://news.google.com/rss/articles/CBMickFVX3lxTE5sb0ZOR1MwR0p4X055b3ctSUZXNlZYZG1veXJOc3VPc3hLNURfOXN6TmpHXy0wY0gxOER5UFVuNjRDYTM4cUY4LWdOejZZZ1ZjZ0RoRFFqZFlZNUtoTVBmUndpdHZ1d1c3M1lQbFBXamhCZw?oc=5,2026-05-20 19:05:50+00:00,Newest Giant Eagle pharmacy opens Thursday Audacy,2026-05-21
Giant Eagle,Komal Agrawal,Grocery,Opening,New Pharmacy Kittanning: Bonus Perks & Gift Cards | 100.1 FM and AM 1020 KDKA - Audacy,https://news.google.com/rss/articles/CBMickFVX3lxTE5sb0ZOR1MwR0p4X055b3ctSUZXNlZYZG1veXJOc3VPc3hLNURfOXN6TmpHXy0wY0gxOER5UFVuNjRDYTM4cUY4LWdOejZZZ1ZjZ0RoRFFqZFlZNUtoTVBmUndpdHZ1d1c3M1lQbFBXamhCZw?oc=5,2026-05-20 19:05:50+00:00,New Pharmacy Kittanning: Bonus Perks & Gift Cards | 100.1 FM and AM 1020 KDKA Audacy,2026-05-22
Barnes and Noble,Ashwin Nair,Mass Merchandisers,Opening,Barnes & Noble plans Mall St. Matthews location - The Business Journals,https://news.google.com/rss/articles/CBMimAFBVV95cUxNQXNveUtuT2dsdzFJRFB3em8wWnVmLV9IUUptWXc3V1hVd0JJUE5uR29ucFhBdElQTHRaU0UwMlhGVUFVV3hrdDF5MjQ0QmFaY3o0cG9XMDFjLWY0WEJaN0llUldhUm9hcENTWXdGQzdabWNZOTAxczBUWWxvTkh3d09fbk1VTWlzUVlVd20xQWpyOGl1bWd0Mg?oc=5,2026-05-20 18:32:00+00:00,Barnes & Noble plans Mall St. Matthews location The Business Journals,2026-05-21
Whole Foods Market,Rahul Shinde,Grocery,Opening,"Whole Foods Market to open on Riverside Ave. Thursday, first 300 customers to receive tote bags and coupons - News4JAX",https://news.google.com/rss/articles/CBMi6AFBVV95cUxONlJzRVRnTG9vR0FPZENIaUh4MmZSZnR2V3B3Q2ZBNlhGQW92cG95UzBBcXptZUVtWWQxVFdhOGNJbGYzd1dGZGJrS0t6bmRuQlZ5SEZlZXFEam5QbzRIVFcyYUJ1ZVFpNWkwQlhxWFdsUTFuc0tVaE11SGJvb3RvOHRFTUg1UlI5TXZtUnVhVnA2Q0ZIOFRleDVpQ3BUODFfYzR6Q19mUERGZjVmUFRpTmhvRlQyNlhfQTlmejhPVmxhOGltS3hESGVFekFvVjdYM2J5aVZaZ090SnlQemFsd2VtM056ZmVR?oc=5,2026-05-20 18:25:14+00:00,"Whole Foods Market to open on Riverside Ave. Thursday, first 300 customers to receive tote bags and coupons News4JAX",2026-05-21
Trader Joe's,Rahul Shinde,Grocery,Opening,At least 25 Trader Joe’s stores expected to open this year: Here’s where - The Hill,https://news.google.com/rss/articles/CBMiqwFBVV95cUxQX2dUek5CYTN1Rl9lX1EtTGh5QmVGR3RYdi13TklyWFNkMFB3YVlOWTJKSWNEc0RqVlpUaVZ0LVJDLVRlUlAtQjA2bE1DZG4yWnlyVThnb0xtQXVMeTM3NS10Vk44VXhiS01JQ09vS0JoZHc5N2VpblJQLVpuWHhUdGpEMmkyczJLR0U4UGNwY3FzXzE1azNOVXVIVzRzcVNqVHFxeExsaXlLTDjSAbABQVVfeXFMTTUyTHhfd2NjNGJQWnFvS3dLSDNCUjcyVnhjY05hZVo5NlNIZzdqbS0yYUpkLS1xVEphb2tLM3FoUzVXODh2NWNEQlFVNTFWakZzNHlUYkZqZGloRE9NaGtLWXZsUmR4QjN2OWlBODktX0hlWGZpY3pfcTdTMXJpMjVnZ0V3UHpya1E0WHdFeEROVTFiYjJrbVF1UHQ3X0YyQkpKSW95N1dEMkVhNnoyQy0?oc=5,2026-05-20 18:04:00+00:00,At least 25 Trader Joe’s stores expected to open this year: Here’s where The Hill,2026-05-21
REI,Dhiraj Manghani,Mass Merchandisers,Closing,REI’s SoHo store to lay off 72 workers when it shutters in July - Crain's New York Business,https://news.google.com/rss/articles/CBMilgFBVV95cUxQb3M5TU1iZlcydVRqYjdZajJMUWNvZmFoLWhweU1XZC1kdVlRNk94Y2NJWTJqci11NVNQNlpEa201LU44c3ZWUHI0Rm1tQThiM2tvWlk1a1U4TzYxNFdRcGdVVVhxbnR2SUVBQ0hOdE5wSUhiU2R6RnowMzNGb0ZxTXhlNnF3ZVpURXFzQ3NFd3k2Q0hqaHc?oc=5,2026-05-20 17:46:00+00:00,REI’s SoHo store to lay off 72 workers when it shutters in July Crain's New York Business,2026-05-21
Family Dollar Stores,Rishi Nagar,Mass Merchandisers,Closing,Family Dollar stores are slowly disappearing — Here’s how shoppers can adapt and still save - ConsumerAffairs,https://news.google.com/rss/articles/CBMi0wFBVV95cUxOczdnb200am02UTJlbTdvYmhrSk1HRFBQaHd4ZzlsdmFQU2tLdExjdFg4S2daaU5oQXVhaXMxTUI3bTJMM3VkcGNDLTRaUTJSNmN2Z3ZyUm9ucnBkSFdZck8ySV9EazE5b0tic29Ed1lZWFlIWk5jVmQyRmNxcXBTNWZBSkVoVkRCVFItTG83blpHSFdUSWdjTTA3N0N5bTlCUkFjcWtnQWlteVdzUl9rb3dXWkEwQ3E1U25QU2VobllqWDVhcUg5aFV1S3hJQXUxbU9F?oc=5,2026-05-20 17:01:54+00:00,Family Dollar stores are slowly disappearing — Here’s how shoppers can adapt and still save ConsumerAffairs,2026-05-21
RaceTrac,Kabeer Pandya,Convenience Stores / Distributors,Closing,Wendy’s appoints Bob Wright as CEO - Restaurant Dive,https://news.google.com/rss/articles/CBMijAFBVV95cUxNQ1VfS1MxU1NSbU5TZGdaTFdXNVBKWmRpSlVNM0tLQ2xsMGpubGEtOXYzcXF6SE9LbHpJRFNYd3B6RHNzMlU2Ql9fQ3Atd2Nfd0J2UmtvZ2JURWpwa1VyMXplNFZHdUVxOG42WHNJN0xXRjdfNW1oVVdfci1jVDM5Zy1zdmstQWlyNEhyVw?oc=5,2026-05-20 17:01:39+00:00,Wendy’s appoints Bob Wright as CEO Restaurant Dive,2026-05-21
Chick-fil-a,Rahul Vasaya,Restaurants,Opening,Chick-Fil-A Submits Preliminary Plans for DuBois Location - connectradio.fm,https://news.google.com/rss/articles/CBMilgFBVV95cUxPRVdQaFM5MGlZR3c3bVJXcVlzaFVSS0F2MGNFY3gzbk51RS1Pa29QcjZKbUtleU1Ia09aZEpOaFh6M2ltVkhfM0RCM2FueG93U0lVRHh6a3hfZzNPSzBteFZBOGl6TWZKUTRYLXNnd1FTbTlCX1lyN3pQYmM4OGdFc1dOUE9JYnZQalliZVZyUk1tWnJodHc?oc=5,2026-05-20 16:10:39+00:00,Chick-Fil-A Submits Preliminary Plans for DuBois Location connectradio.fm,2026-05-21
At Home,Rahul Shinde,Housewares & Home Furnishings,Closing,"Japan’s izakaya pubs closing at record pace, failing to attract foreign tourists - SoraNews24",https://news.google.com/rss/articles/CBMiswFBVV95cUxNRWp6enE1S1FZZG1yWGl4c0NhYlVHNzkwZDh3VFdhVVFmZTJsNm5aRVZBbWtkNkI4VmVFdFhWWW5tSVQwakszNzFaWkh5eEs5d2Z0dEJZcUNPbkZBYncwRXU4RjRvVlFLTkQ4UHRRSmtZZG9rTEpyUHljY3RJdHNDT2xyODVueXlUV3BNeHFBSVNtbHJLV0NZeTE4bUhPZ1BlcmF2T093X0w3VXlhejFISU4xTdIBuAFBVV95cUxQQ1VCaXdsUmZseTg4ekpYcngyZlJxSFN5TTd1YS0zR0FvT01odmJUbWhDVUUwamFjZ2pRbU05TmYyWHNBcXVmLUdrRjdVV2RWUWUzRldrcDhrS2NqbEI3WG1Iek1FMXhXWHBqNk1ycEtfQTBPRC1oa1VVUFdZSkhNYzBSQjVyd3ZBOFBNM3ZxRVdZZVp6YTdlbjZqaFFqRnFLUTJBbng4VmJqbE9FWnhkVlZyalpFOEYx?oc=5,2026-05-20 15:00:40+00:00,"Japan’s izakaya pubs closing at record pace, failing to attract foreign tourists SoraNews24",2026-05-21
Scheels,Dhiraj Manghani,Mass Merchandisers,Closing,Decades-old Home Depot rival announces last location’s closing date - PennLive.com,https://news.google.com/rss/articles/CBMiwgFBVV95cUxNNEgyM2xpb2RKa2FMc09iM2YxZ29ISkdCV3N2amxxdUd6Tlh6MGJjLTBLM1BZNWJKc0NSWWU2NTVmdnJDdGlEY1RpMUZtcGtKYVlRS1dWYmNPQkVnUGtuMnd5TUlkSzVhRUszdnUydmVBaGppVkdkNzZ4dzcwLWR4MlhlTVd2a0dScnd1TTczTEFXUjlsMG1ES2gxejJobFcyYVl4YXJBMVNIVGxxNkZMczU0VFZMYllYNFVHZFhSUmZjUdIBwgFBVV95cUxNNEgyM2xpb2RKa2FMc09iM2YxZ29ISkdCV3N2amxxdUd6Tlh6MGJjLTBLM1BZNWJKc0NSWWU2NTVmdnJDdGlEY1RpMUZtcGtKYVlRS1dWYmNPQkVnUGtuMnd5TUlkSzVhRUszdnUydmVBaGppVkdkNzZ4dzcwLWR4MlhlTVd2a0dScnd1TTczTEFXUjlsMG1ES2gxejJobFcyYVl4YXJBMVNIVGxxNkZMczU0VFZMYllYNFVHZFhSUmZjUQ?oc=5,2026-05-20 14:17:00+00:00,Decades-old Home Depot rival announces last location’s closing date PennLive.com,2026-05-22
Scheels,Dhiraj Manghani,Mass Merchandisers,Closing,Decades-old Home Depot rival announces last location’s closing date - PennLive.com,https://news.google.com/rss/articles/CBMirgFBVV95cUxNVlZKVDNNLU9PMTB3MmZJWUs2T3ZCRm5YTmc3MkkxYlZMNWtHbzZzYVNmN3JLNjB4aUktWU8tcTBUQkUzZkh0aVRLa2J2Um9ZTHB6VUpRMWVmNE5zMzRDN1JjNzBwdU5yeGJ5T3ZYQmo2RTJVN1k1YXVRVFBnZzlaakdSZ1V3d1o3VjNyeE1rNVpQcjBnMkNuT2V3Rkh3c0tTTm45ejVoSFNFZThMVUHSAcIBQVVfeXFMTTRIMjNsaW9kSmthTHNPYjNmMWdvSEpHQldzdmpscXVHek5YejBiYy0wSzNQWTViSnNDUlllNjU1ZnZyQ3RpRGNUaTFGbXBrSmFZUUtXVmJjT0JFZ1BrbjJ3eU1JZEs1YUVLM3Z1MnZlQWhqaVZHZDc2eHc3MC1keDJYZU1XdmtHUnJ3dU03M0xBV1I5bDBtREtoMXoyaGxXMmFZeGFyQTFTSFRscTZGTHM1NFRWTGJZWDRVR2RYUlJmY1E?oc=5,2026-05-20 14:17:00+00:00,Decades-old Home Depot rival announces last location’s closing date PennLive.com,2026-05-21
Family Dollar Stores,Rishi Nagar,Mass Merchandisers,Closing,Sales hit 40% as Family Dollar set to close another reliable spot - the-sun.com,https://news.google.com/rss/articles/CBMijAFBVV95cUxPXzhMR3p0R0ZGZmZyTG1JbnB6a2tGdGNzMjB1QUM1TzlIUVl2XzlDZG5weFRQNERORUVGR3VIM0hoVVFHTzRkV2JYR2lPRHk2TG85MjdHdmoyWTNHNmhaWV81MnUyd1FUTi1fYU9LZENBdXlsQW54YURZV0dZZmFyUFh1My1SVjNBZm1KdQ?oc=5,2026-05-20 13:49:17+00:00,Sales hit 40% as Family Dollar set to close another reliable spot the-sun.com,2026-05-21
Trader Joe's,Rahul Shinde,Grocery,Opening,Trader Joe’s confirms latest Florida expansion with this new location - Sarasota Herald-Tribune,https://news.google.com/rss/articles/CBMivgFBVV95cUxOWHNvTU16bDhRR09jM1o4WTAtcFVueDMzTmg0LUVlbmdHUENFcDRVVWZMcUJoUm9OUlBKVjZoNVRVWDM5MkZCWmZ5S0NXT0R6bDgwZmZ4SGZwZldYMzh1RlZHWXNqSjd6WEpDbUFYaGdYTVZNUmJNY1dUZTRUYnpJaHk0cG5uSjJ6ZTFIUXJNVkg2ekVVdjhWY056aHVRM3BSV1BISUF0OVZoWnpESUpBSUY1WmdOa3N3OUlSTDdB?oc=5,2026-05-20 13:35:31+00:00,Trader Joe’s confirms latest Florida expansion with this new location Sarasota Herald-Tribune,2026-05-21
Sprouts Farmers Market,Rahul Vasaya,Grocery,Opening,Sprouts Farmers Market plans first store in nearby Cibolo - The Business Journals,https://news.google.com/rss/articles/CBMirwFBVV95cUxQQm8telQzOWx4VFJDcHVGdjVvUFVhMGNSUjVmMFlsWTVWeHVkT1ZhSjBLdUkzbmM3UkNfLWlhbnc4V2MyRmd3RWV5dFR5WlcxbmFUd1BfelVXWk5jUDZrMXFJYVR3aXdCMGFKaUxUb0FDUlN4Xzk1Zm9rZlUwRmhlV05HWE1KSzN6Yno3bi1oRkdXcGNPVVFRMXZzSVc4MU5abUE2NzJCd3VwX3RqSFBN?oc=5,2026-05-20 12:16:00+00:00,Sprouts Farmers Market plans first store in nearby Cibolo The Business Journals,2026-05-21
Save-A-Lot,Shuvechha Dere,Grocery,Closing,Final days of Save-A-Lot store after bosses confirm ‘incredibly painful ending’ and launch closing down sales - the-sun.com,https://news.google.com/rss/articles/CBMihgFBVV95cUxNM0U4SWRmRXdYVERzcDZuVHFjUkFvbnJaaFlJSk5hTFdReXk4MVYyU2k0eXNxMVBhOEdqVnF6bVRmWFc1RHd2MlRJbEtjTnVxUl82bXI2ZGJPTWZ6eGl0VXduNmo1NDdVc192RFk0LWNEODA1MTcyZThybnk2TndmRDZ6ZUxSQQ?oc=5,2026-05-20 11:54:38+00:00,Final days of Save-A-Lot store after bosses confirm ‘incredibly painful ending’ and launch closing down sales the-sun.com,2026-05-21
Dollar Tree,Ashwin Nair,Mass Merchandisers,Closing,Dollar Tree stock (US2567461080): shares slide after cutting guidance and announcing store closures - AD HOC NEWS,https://news.google.com/rss/articles/CBMiyAFBVV95cUxObDJoZF8tWW1rVWUwM1RldVFyZWJMdmpoT1VZd2QzRWpYeUFYMTcweXI5TWQtUmdfT1RzZl9iZUtockFVclFEbVg0Vk1xaVNibW9IYnc4Y0hPeE40NTJZcFV0MnVLY19CRXRIeGZEOGprY3JmMVdrWXJVX3pDQVlfY2JDOEVsVHBLTDN4S3hnRU42bzlwQXNrQmR5UzA0bktKdG9OUWVuaERITWdqYWVPRjVuUEZ5NGllN3dhMTl5M0g0bXEwOTJZSw?oc=5,2026-05-20 11:14:49+00:00,Dollar Tree stock (US2567461080): shares slide after cutting guidance and announcing store closures AD HOC NEWS,2026-05-21
Chick-fil-a,Rahul Vasaya,Restaurants,Opening,Chick-fil-A hiring in Bridgewater ahead of expected summer opening - Central New Jersey News,https://news.google.com/rss/articles/CBMizwFBVV95cUxQZ3loTXlicFpCMnhRcUt3LVdLX2J3M1dXRTZRaDNEM3ZWbW9jaVBJeG9ON3RtZXpidFZyX2lfM1lmcEFObkVMOF9GeEh2UTJZeU5kLTktbmJBZDRXU2QtLXZBZGxybmJ3SjFDSGJfNWlWaVdKbWNjaTAxc3VGNVYxMG1yOTN0a2o4TjV2TmRwYXpwR1g3N0x3RTUwVHlWV003ZU1XSmVKelFXaVFsSmVjemV5Vy1PeXpKbFA4N1hfZXR2TUYzNmlMT3JFb3RmNjQ?oc=5,2026-05-20 08:57:00+00:00,Chick-fil-A hiring in Bridgewater ahead of expected summer opening Central New Jersey News,2026-05-21
Piggly Wiggly,Harsimranjeet Singh Ghelani,Grocery,Opening,Piggly Wiggly to open new store in Tuscaloosa's Five Points - The Tuscaloosa News,https://news.google.com/rss/articles/CBMipAFBVV95cUxQU0tiVVRjX25TSTR5TGZpUHpiRjh6MjNOaXoycWJqcmE2bDJ1S2pld2FLUUxONUs5MnA0OG9jWlV1cHpENG1JQjItdy13LW9RZk9mcnQ1RHZsa0xzYzl1M0lxMk0zNHJiSkJHeWJJYk5FMWQxSmVSWmNfbThJeEs2b2tyMmlpY0tCZlFJemtzSFRUdDE4bjVuYXBIdnRnRGM4YzZjTg?oc=5,2026-05-20 08:56:00+00:00,Piggly Wiggly to open new store in Tuscaloosa's Five Points The Tuscaloosa News,2026-05-21
Chick-fil-a,Rahul Vasaya,Restaurants,Opening,Tyler Is Getting Another Chick-fil-A - 101.5 KNUE,https://news.google.com/rss/articles/CBMiUEFVX3lxTFB3NjlkeTJEVEk2NDhqVVdVekpvVDNYdVo0cE1nUk82c0hZT2wyeUNsQ2g4ZXJQYm1oamUyZF9WNXV5UmxKdTFjQmdDTXZhNmly?oc=5,2026-05-20 08:43:17+00:00,Tyler Is Getting Another Chick-fil-A 101.5 KNUE,2026-05-21
Trader Joe's,Rahul Shinde,Grocery,Opening,Here’s where Trader Joe’s will open its first West Jordan store - The Salt Lake Tribune,https://news.google.com/rss/articles/CBMiiwFBVV95cUxQaTNmV01sZFdDTXNhQi16TktxdERoX3VnYVpTWGl2QnlXTWFuY2doelZ6ZDJKV2lucVNTa09ObllRYXJwbHh3alpxLWNSM1lPWUdlUkhVaHRpSDRyWmcxa1Q0V09EZ1lCZU9aNGdSejVRTm44Y1o1M2FyQTZ1T1lhajZhSTd2QnJ4YnZR?oc=5,2026-05-20 08:24:36+00:00,Here’s where Trader Joe’s will open its first West Jordan store The Salt Lake Tribune,2026-05-21
Piggly Wiggly,Harsimranjeet Singh Ghelani,Grocery,Opening,Piggly Wiggly to open new store in Tuscaloosa's Five Points - Dothan Eagle,https://news.google.com/rss/articles/CBMiowFBVV95cUxOdjNqYjN0aExWaExGbjJRaGxTQi1HQ2F6SXdwN21VbzU3VnhCT0lpNXhOVi1DNFFLYlpmQjVLeVZ0a0o2VkFrRjY5T0pmam03elpURjBaTW1nUVloOGNBUmtYLVh2cFloMURrSDZ2aGxYLWo2RGk5WjFiUXd5akhOeWlzRGZtNFNyYng1UDl2SEh4ZE9rUWp4NUlXaGRPZUZkZTFZ?oc=5,2026-05-20 08:12:32+00:00,Piggly Wiggly to open new store in Tuscaloosa's Five Points Dothan Eagle,2026-05-21
Hollywood Feed,Suryakant Rajput,Pet Care,Closing,What's that coming to old Hollywood Feed on Goodman in Olive Branch? - MSN,https://news.google.com/rss/articles/CBMixAFBVV95cUxObzktN3dRTlJGNDJtVXJ2RjdvX1EwdGJmSlMtdFNWaGxWTmluYmpWN3JmWDVtWXZKa2Q4TEZ5N3ViM082S1lSQTEzQzRsak1USDVlM3NVVlBidTN2ZmJiak8wS0ozZGlFUEhqSWxHSExqc29VWDkzalNoS19nNEl3Q1ZXbzJLMm9fWTFLZF9OcnF6SlI5RUhXVkhwTExSaElZcnlSdEJoR29mdGZyeWRYRi1UX0pudUhlX3VqU0VuaFppRWdH?oc=5,2026-05-20 07:59:44+00:00,What's that coming to old Hollywood Feed on Goodman in Olive Branch? MSN,2026-05-22
Piggly Wiggly,Harsimranjeet Singh Ghelani,Grocery,Opening,Piggly Wiggly Coming To Five Points + New Principal At Rock Quarry Elementary - Patch,https://news.google.com/rss/articles/CBMiqgFBVV95cUxNMUVGRF80OVdMcEVWR2hDNUVBSXFiMnd1U1NFVE1ISHAwRnJ3UnVJaFk3SFpRbHQzemhtRnMyV3ZZc3NiMTlqSzJHUTBTd1lQNjR2anlqUWlaaThyR2Y1dXRxMUpndzI5dk5penh0T285QXVsamxrbU5UVFg1aDVEOWE1ZlhJZ3hlMGtQSmpqLW4zSEdCUExKdExSUmthQVNGdkkwenFHT3BjQdIBwwFBVV95cUxQMGZfeDZhT1FIVTBqV3BzZ0U2LTJVT3A4X1c0SFNhS1E2c2t1YzY2SnM0Sm5xOC1sMzZ2VlBELTc5aXo5emxtRkdfZlg2aFRlTmdHUFJ2Q0JOdExrMzN4U0tiMUFrZUx3SHA5LUh2eGJORWxFVHFTaTJ3OEFOSHZfWW5hV045SkVnUW96T3hwNElrNW5JZ0NUSnBKdFJ6OWVyTnVXcVY2NjUtMzV3TG1Jc1ZIQXA1eHhNVThhZTVMeUtzbk0?oc=5,2026-05-20 03:23:00+00:00,Piggly Wiggly Coming To Five Points + New Principal At Rock Quarry Elementary Patch,2026-05-21
Trader Joe's,Rahul Shinde,Grocery,Opening,'It's happening:' West Jordan is the latest Utah city confirmed to get a Trader Joe's - KSL.com,https://news.google.com/rss/articles/CBMiuAFBVV95cUxOSC1mRmx2VGRjVkd0bHIteEJjY1hacThNTmoxVXZkMVgtbXhDWW43cEhKSHNaSjFYdzZjZEF3Q2JETTM2UGpwa3ZqSjBHbVhlZjE5YW1saGhjRkY1UjV6MDNhY0hyLVZQMTh0Ri1LYlhNZnZySGxjZlNVQWhyQlo3YkgybEFtbzRWcVRFTld3OUlSLUJNV3BDTklLaVlGcDRoU2pEcU9pNHZDb3M5RFhUT3pRZ3VlMXlI?oc=5,2026-05-20 02:36:57+00:00,'It's happening:' West Jordan is the latest Utah city confirmed to get a Trader Joe's KSL.com,2026-05-21
Hornbacher's,Komal Agrawal,Grocery,Closing,Fargo's Hornbacher's Express to close - InForum,https://news.google.com/rss/articles/CBMid0FVX3lxTE1WUTJuU1JKTExwRlBXT3NQcy1IemxXWERQT0JfSVp2RmRyaEdFa195OTRqMXo2cEZWdmR1dHZjbXlQTWpEMVlpNnRwMDc5VW5FNWlsdzVsdUlEbThnUHU0OHR1T0Q4ZTRHVzlQcm5PQVlnZ0lIMXZJ?oc=5,2026-05-20 00:40:03+00:00,Fargo's Hornbacher's Express to close InForum,2026-05-20
O'Reilly Auto Parts,Bhavesh Phulwani,Mass Merchandisers,Opening,O'Reilly's Auto Parts wants to open on former Local Craft Kitchen site in Branford - MSN,https://news.google.com/rss/articles/CBMi4wJBVV95cUxQMzdFdjhqZnVkMDk4VkFhLTFhb1Ytd3NEU3lqZkRRRThSelFXRmhnb2FDYXd1dVhJWjgyaFpLTzktNUh2R2VWOFRGU1dWSmpwU0g2SHF0THYtbW5wNWp1bHJ4SjNCaVhTbWN2NnpCdjJZVUYySTA5NDZfMDUyRWFSUWVsc3ZmSzZMQldOVldzenc3ZjkyekVrNldja3VpdmZlWkRhUW9JMHdQQUhBdWRPdjU0UFdhd0VKRU9hc1ZLWkxkUWRPTFV4RU5HZG9meEdvY1BmU2EzNE1qRjJ5eHpVaWx4OFAxZ2FSd2VTZGJHR0VMbXJGMnY2NFhsMXNGVWxRMGRlRUJTbm5JUmRZTFdtT0d0Q0VkYl9DSWJNcGlPVHlZUUZMVkZnZzZyMXpBeFM1ZHRCRXI5SVFTWlJQY01BTFgtN3pHQWx2OHRoTGJtZHI2OHJHQWhPNUhUSHJEMXRLQ1U4?oc=5,2026-05-20 00:34:24+00:00,O'Reilly's Auto Parts wants to open on former Local Craft Kitchen site in Branford MSN,2026-05-21
Dick's Sporting Goods,Ashwin Nair,Mass Merchandisers,Opening,Dick’s to Open House of Sport in San Diego - SGB Media,https://news.google.com/rss/articles/CBMickFVX3lxTE1QM28tU1BxcUV6U2g1WXFPVGFURHhnZnF1bm1QSUpJZ1VxbGFIQzBnZmQweXMzYWxTWHJpOGZnYzZiNGJ1MkJPODBLTkVpd0tCUlFjSFNRc3Fpa0FQTUo3aXkycnRMa2h6X3pxQTBSVWtBZw?oc=5,2026-05-19 21:05:03+00:00,Dick’s to Open House of Sport in San Diego SGB Media,2026-05-20
Dick's Sporting Goods,Ashwin Nair,Mass Merchandisers,Opening,Dick’s to Open House of Sport in San Diego - SGB Media Online,https://news.google.com/rss/articles/CBMickFVX3lxTE1QM28tU1BxcUV6U2g1WXFPVGFURHhnZnF1bm1QSUpJZ1VxbGFIQzBnZmQweXMzYWxTWHJpOGZnYzZiNGJ1MkJPODBLTkVpd0tCUlFjSFNRc3Fpa0FQTUo3aXkycnRMa2h6X3pxQTBSVWtBZw?oc=5,2026-05-19 21:05:03+00:00,Dick’s to Open House of Sport in San Diego SGB Media Online,2026-05-21
Whole Foods Market,Rahul Shinde,Grocery,Opening,"36,000 sq. ft. Thrifty Foods to open in new development next to Brentwood SkyTrain station - Daily Hive",https://news.google.com/rss/articles/CBMiiwFBVV95cUxPbUdVR0pKQWlhdHNNRVpybDAyblBoLW1xZVZvQUZwUktfbFpMNTFhaTcyNnhfQmswNWN1UE13Q2tZUjhyUjJDLXpjSExYQm1KcGtaRVppLU9Fb09SVzJpa09kenNFSUJuUzRfQzJ4Z0VJUnlKTzhlaUJkUFVhQ1hYREJ2WDMtWkxKcTdB?oc=5,2026-05-19 20:59:00+00:00,"36,000 sq. ft. Thrifty Foods to open in new development next to Brentwood SkyTrain station Daily Hive",2026-05-21
Piggly Wiggly,Harsimranjeet Singh Ghelani,Grocery,Opening,Piggly Wiggly opening new store at former Tuscaloosa Winn-Dixie location - The Bama Buzz,https://news.google.com/rss/articles/CBMingFBVV95cUxQZlRLMElRRDVwUDBaLUtfZlJmTjhkZEdnVUw1bWpNelZ3anNrMnEyQV93R2IwRGZCV3pYbFVjTl9UU0hVS3pJZXFrdmRvSmN0NjAyMXNaTUhVUFlZU1RTcWZyQm5YT0oyYUFKTlA5VzltZ1FzellMcWtwNkpKUFBtRGFYOWZ2QU81bjZvTE5IaTJYbjFtck05S2tKZVBPZw?oc=5,2026-05-19 20:22:47+00:00,Piggly Wiggly opening new store at former Tuscaloosa Winn-Dixie location The Bama Buzz,2026-05-20
Raising Cane's,Rahul Shinde,Restaurants,Opening,Raising Cane's paves way for first Sioux Falls location - Argus Leader,https://news.google.com/rss/articles/CBMi0gFBVV95cUxPYWx0WmxxMmR3Y20tczFJMF91eUgwc2pCSHpVY3RpcmNEWlVDaFJLVm9mdVFZYVJLejluRjkyVTJ5NkZ1Y3d2ZFppS25pY1RTWktkU0k4QmUtUjhpM2pSRk1SWlozMm9JWWhTMG5DazVIT25Xd1I0RlJYT2dnNWZDaXZ5Ym9QZkdBSEdJVkZ4b1FiTGhtdFpRc0FRWHAtb0NvOGJ2TWVlUjVNd05CVFJObS1wd2NLTWItOEsySlhDc3RqNXVuRWlhUGlRckQtMlNKcHc?oc=5,2026-05-19 19:55:00+00:00,Raising Cane's paves way for first Sioux Falls location Argus Leader,2026-05-20
BJ's Wholesale Club,Ashwin Nair,Mass Merchandisers,Opening,Columbia will be sliding and gliding with new indoor ‘action park’ - Baltimore Sun,https://news.google.com/rss/articles/CBMibEFVX3lxTFBqS0g1dUNUc3V6bFZVWHd1OTdGWEw4djFQOVZCNkRzc3NEZWtnMGlnN3FCM0pEZnlHal9ETXAxcldINkdIeGpNR0xNMnk4bU50UThZWWJVYXdXS25YbWFTWW9TalFfaTNQMEFfcQ?oc=5,2026-05-19 19:28:44+00:00,Columbia will be sliding and gliding with new indoor ‘action park’ Baltimore Sun,2026-05-20
Burlington Stores,Ashwin Nair,Mass Merchandisers,Opening,Burlington announces grand opening date for new store in Rochester - kaaltv.com,https://news.google.com/rss/articles/CBMimwFBVV95cUxNM2dpTENpbHpjSVdMV0dWWDRKOE1ZdDlfQkNLXzN5NGNJYzFYMjNxbVo1T3huWWMwcVBOTnVtX2RTX2YyYTRDLWZkRVJPV2VnV2JPVUVUOTlNQlFCbFgtX2xzZ0xxU3lVVEdjSlg5T1lVYk5KSF9MSkNFWGVvX1BSbWVSM0VVM3RzU1lkR3hMWm5HSkM4WnY2ekJacw?oc=5,2026-05-19 19:14:25+00:00,Burlington announces grand opening date for new store in Rochester kaaltv.com,2026-05-20
Central Market,Kabeer Pandya,Grocery,Closing,Bakery Inside Grand Central Market Announces Final Weekend of Service - WhatNow,https://news.google.com/rss/articles/CBMitAFBVV95cUxNVmpZREVFWS10ODFrV0VhNUdNbkNaZkUzdk9Zb3FJSno5YU4waHd3VThVWkxKb2FZemdVb2h5SlRUczROcEk1XzFlYzA5V2RlazVIUjVQU3NjNXhKcF9nR3IzT2gxTnBiQXhLOXNPRHNQdjYtX1h1Mlk3REpSeU1RdGZFdWVsbnlPWTJSLTJJTkVwUlp6X2lzbnBSVHZWYWY0dkdkOS04N08yS2FLSlkzeTBubDU?oc=5,2026-05-19 18:52:00+00:00,Bakery Inside Grand Central Market Announces Final Weekend of Service WhatNow,2026-05-20
Lowe's,Rahul Vasaya,Mass Merchandisers,Opening,Home Depot confirms 65 new locations coming in 2026 - the-sun.com,https://news.google.com/rss/articles/CBMie0FVX3lxTE5YQ29aN25IYU1ZMWtBZlhLeXJQTzhzMzJhVlZqWU1Tdmhyc1UwcXNVLXBaaWtwMGJ1QkdQNmtTRFBvQ2pFYS1TSV94dVZ4SkNfeEdaUHhCdXNFNG1WMHN5MzNlRXh0Sy13UHVuTGlLUGk5enUzZDVTN0tWQQ?oc=5,2026-05-19 18:50:18+00:00,Home Depot confirms 65 new locations coming in 2026 the-sun.com,2026-05-20
Hornbacher's,Komal Agrawal,Grocery,Closing,Fargo Hornbacher’s Express on University Drive to close in June - Valley News Live,https://news.google.com/rss/articles/CBMinAFBVV95cUxNZDdaTFg3WHp6M2Qtb21zQjk4ZkpObC0tSzdjcWszazIwNk1LbXZSR0lSZlBFa0dPQXNyWURoQkRpMUlnTHlOZ3FNeEpEekJUZFhXeDlnUjBZVGxRNUJLNjIxd0h3ajNlRHNRd01WdTBHclR6V2xLcl9FQVN1czV1QVhQbUFjNzlhUmQ1QmVxM2t6UENGVF9oa292TWPSAbABQVVfeXFMTWhDbXczUDk3NUZKSEhiVXdrNFZzamR5ZjdxZGFTbmtidHdYLXJ4MWlDNE1fcG9tM1hIOFFMTXhwUlRwQnVhUW4zWGRJcV83OGdJQ3drV1NEeGx5SHo4dUo0MGZwRnlScHY0T1FSVVpYOG1uVmVaWnVFSUdyVlEtUGJab1JkNlczaVM4WjY5eVV1TlgwdHpxeEtCeDdoc1FhRmtZczh1N01HVjBEQWJaZ3Q?oc=5,2026-05-19 17:40:00+00:00,Fargo Hornbacher’s Express on University Drive to close in June Valley News Live,2026-05-20
Hornbacher's,Komal Agrawal,Grocery,Closing,Coborn’s to close Hornbacher’s Express Store in Fargo - KFGO,https://news.google.com/rss/articles/CBMihwFBVV95cUxQWS1YZEV2VWsxX2l2UENoVnpENHJON2hDb21FbnV2WXdOUzIzUGZ2dkFlQTlFY0d2d1FBUlEzaU1Jb0I4eEpPaGVSR3NhUFVJMWlVNEdVMnQtLXNmWnZ6RzhUTVZLYmFYR0pDa2g4YkhGdjBsVi15aWdiWkZHT3dJWEVJXzZtaGc?oc=5,2026-05-19 17:00:53+00:00,Coborn’s to close Hornbacher’s Express Store in Fargo KFGO,2026-05-20
Walgreens,Komal Agrawal,Drug Retailers,Closing,"Another Walgreens Is Closing in Chicago—Blame Criminals, Not the Company - City Journal",https://news.google.com/rss/articles/CBMiiAFBVV95cUxNVElGbHI0RHdFMk5uemU3blNmaC1GLUUtT01QbjJuWlJKUnN5RE5pc1R2WE9fTXdFR1FwSmVxblJvMU9hMjd4cDZqb1lJUjhEaW1jdW81UGI5WnAtdWJLRkNFcnI2TU5qcXhZTXpDQl95bVl0WkNxMHFTRm1oY3VkRzBrTkFHaTFT?oc=5,2026-05-19 15:55:57+00:00,"Another Walgreens Is Closing in Chicago—Blame Criminals, Not the Company City Journal",2026-05-20
Whole Foods Market,Rahul Shinde,Grocery,Opening,A brand-new Whole Foods Market is officially coming to Encino — replacing the Amazon Fresh location - Secret Los Angeles,https://news.google.com/rss/articles/CBMihAFBVV95cUxQSjB6UnVUR24tVVJHTVZBeTQtaENVRWdkS0lLYVBwbEhmeDFVRERuSHQ4dlBSV1NfRHZyb3RsNmFoYUJWVk4ycDJRODVWZS0waWtGSXZEZ1NyM2ZDNXVXakkweW9tR2tEZzY5RDRxd25YR3Q2bTQ3dGZwOUg4bGFZMGN1X3I?oc=5,2026-05-19 15:45:00+00:00,A brand-new Whole Foods Market is officially coming to Encino — replacing the Amazon Fresh location Secret Los Angeles,2026-05-20
Save-A-Lot,Shuvechha Dere,Grocery,Opening,Save A Lot Debuts Newest Store in Illinois - Progressive Grocer,https://news.google.com/rss/articles/CBMidkFVX3lxTFBDS2RRdjd0Wjd6bXd4SThsMUd3ZjI2UERqbGU2XzlybHM3ZEhHZk8tOGYySldIeUtLVWkxWmliVXR6cFE1VzFGS3BPU3ZyWmQ5MU1XYmpmdHFiTEhqY1JqcXgwRDNjMUItMVBjQXJoNE9wVEpTSmc?oc=5,2026-05-19 15:37:58+00:00,Save A Lot Debuts Newest Store in Illinois Progressive Grocer,2026-05-20
Saks Fifth Avenue,Harsimranjeet Singh Ghelani,Department Stores,Closing,It’s lights out on Saks Fifth Avenue as iconic location permanently shuts after 97 years - the-sun.com,https://news.google.com/rss/articles/CBMikAFBVV95cUxNcnV6NHUzQVd5ZEhEaXBpcktmQjBIV2lQc0VMQjhDSmZrZ0dMWVduekVaN2JCSEdqcHdmZnMyZzZ5ZG1USFYzMFhxQWpZRXF6NUU5Rm5KZzQtX3BmSzZYQ3IzUUlZTUtwOENoSjBEOGhtRTYxNkViNXdqYi1adFlBdGxycTYwZW5oZFFfNHpzQWY?oc=5,2026-05-19 15:33:22+00:00,It’s lights out on Saks Fifth Avenue as iconic location permanently shuts after 97 years the-sun.com,2026-05-20
Piggly Wiggly,Harsimranjeet Singh Ghelani,Grocery,Opening,Piggly Wiggly Coming to Tuscaloosa’s Five Points Area - WBMA,https://news.google.com/rss/articles/CBMiiwFBVV95cUxQM3JvVEVOZFRHMlVEZ3JKekF0YlBBWDZuUE96OWJvT1Zfal9qNTFwMFNyVUhvY0pzWWV5cmNaYlotMkx5TUthYV9Rd29GbEUyVFVsY195bGFMay0tdzRadDNFa3h3S2NyWjFLNGNVaHFHdnowUnV5UTQyckU3cGR3LVZVcUYtaHRKTGhZ?oc=5,2026-05-19 15:03:40+00:00,Piggly Wiggly Coming to Tuscaloosa’s Five Points Area WBMA,2026-05-20
Whole Foods Market,Rahul Shinde,Grocery,Opening,Whole Foods Market Expands Florida Footprint With New Jacksonville Store - Store Brands,https://news.google.com/rss/articles/CBMilgFBVV95cUxNbndoX3pOM2FQVGZ1czNUbnRUMUZDOE90RHU1THdUMDRUWGhiU1pFR2tvOTVXQWFzUmRBd2ZsX3EyS3JkTHE2clJjak9Uc01FZGktQlZTVmQ0T0lrZ3lmc01lOWwybTdzaVVrQmdTdjVXM1lSZmdUTmhXdDVHUEhjYU8zVFVfNnRobmdmdXdnanhkcTA1VFE?oc=5,2026-05-19 14:38:02+00:00,Whole Foods Market Expands Florida Footprint With New Jacksonville Store Store Brands,2026-05-20
Piggly Wiggly,Harsimranjeet Singh Ghelani,Grocery,Opening,New Piggly Wiggly Slated To Open In Former Five Points Winn-Dixie This Fall - Patch,https://news.google.com/rss/articles/CBMiowFBVV95cUxNRURhZUV5Nlp3NXdBQ01sSkt0TGdrWWk3eWlDZWd6cGlUd0RJRHRoVW5NUzhoandUQUp2T3JXOFdjMllyTW45bDFJWGFpS0JNbDZ4SVg2MkVzYk5Ud1h5VHc2S3M2bktaYWNqSmRTWXd4VV9uZW5nM3VJZHMyOFVVcm9XQ0FmYVNVMDlENTQ2bk5BaXRFbE44ZVVTM29kRldGcXIw0gHDAUFVX3lxTE40Ul9oQ3J3V1NJVFlveE83WWRsTVlOa29UcUR2RE1kQlh6aXZPbFFlZEVOWWlNMVFTLTNQQkRzdVhaNE5jb2ZmbTh2RW1adWJFUG9QZXlIY19aQkhYWWVUczN2aW9EYndINnZpamhoUU13X3RWcDZkZTFUc1VLYXJTRkhqYk9KNXZoYncwSm9MbTVxVDAyRUx3aXZTVHZFMkJjUGxsNGNTVmYxeFZ3SHJTM2VCQkNBdDFkTUZvN1cwSDRxZw?oc=5,2026-05-19 14:37:39+00:00,New Piggly Wiggly Slated To Open In Former Five Points Winn-Dixie This Fall Patch,2026-05-20
JCPenney,Harsimranjeet Singh Ghelani,Department Stores,Closing,JCPenney closing after 90+ years in Great Bend - Great Bend Tribune,https://news.google.com/rss/articles/CBMikgFBVV95cUxOZW8yWTJNNzQ2aU9JZDcwNnNkTmZocVptQmFBRDJoNTJZeE5pQTF2ZHJkWUgtemp6LXU1SGRpWUZjT0tsaUF4SUNFWTAzRzVQNHdPcTVmYkJjUVY2WWV3aTJ3STI3SmplZm9rLXN6ZEpxQlNPZXRFTF9QMTBJUlNyZWVFeUVCVk9EU1B5eWFrS2YxQQ?oc=5,2026-05-19 14:37:35+00:00,JCPenney closing after 90+ years in Great Bend Great Bend Tribune,2026-05-20
Chick-fil-a,Rahul Vasaya,Restaurants,Opening,"Chick-fil-A pursuing DuBois location, preliminary plans submitted to city - The Courier Express",https://news.google.com/rss/articles/CBMi8wFBVV95cUxPTG1wOWFjTEVLb1dWMUZUSkpMRlpPR21waFRLaWc5cXhYMlVOUUZ1UC1Kbm5lVXFubnA5ZE9aSUZjMXRuNXR6WEVjcDlkOFY4TV9YQUwyd3gtRzVSNVkxcGNoYkFIMml0RFRZaVJNZ2RCTGlGZl9OQnN0ejVHLU9PTDJMMGN1RWJfazA4RHZzUXRVU1pRYjM3RU9iQUxJRmk2VzZmbHFST2xjclY3NWg3WG4xTFZwX1BYcWVSRjlOY0o4bnRWN2RkQTVyOUlXMks3aDJCSFNyMHlyRnkyQkt1NzNWZUJTNVpHcXZJREpKQjVQLVU?oc=5,2026-05-19 14:15:00+00:00,"Chick-fil-A pursuing DuBois location, preliminary plans submitted to city The Courier Express",2026-05-20
Piggly Wiggly,Harsimranjeet Singh Ghelani,Grocery,Opening,New Piggly Wiggly to Replace Closed Winn Dixie in Tuscaloosa’s Five Points - Tuscaloosa Thread,https://news.google.com/rss/articles/CBMidEFVX3lxTE01YVhKUXJaYzBKYzNURjYwdjFyTHZsRkNNQWpHSlRnbkI2d21TVy1CLXFMajNNNnl5UG1iZXVuSHFTbl9uaVhtMUczRWEyRUZXOVRZZXdWbG1JUV9VSDNrSmJiZWgzbTgtSHFzdlAzOGRIazA2?oc=5,2026-05-19 14:07:24+00:00,New Piggly Wiggly to Replace Closed Winn Dixie in Tuscaloosa’s Five Points Tuscaloosa Thread,2026-05-20
Save-A-Lot,Shuvechha Dere,Grocery,Closing,Lewiston Save-A-Lot offers 10% off everything as it shuts down for good - WGME,https://news.google.com/rss/articles/CBMinwFBVV95cUxOelNjMGpZZWZzNGJxZ2lMeWhJaExpbnNkbnBNRzBWYWlXNXI1Nmprc3FWNXJTX0tubl9kRE12TENKbHlnSTY5SlRUcUh0Qm9OX180VjVsbXBsaU96OVZCczJFXzdqOUVfTVhmbjVtRW15MDMzbWJ4cy1VMU9ISWs3TzJ5Z1ZSTzBRR0lGTWlzX2VyV2U3Mm9iekJTdXRIX2M?oc=5,2026-05-19 13:59:50+00:00,Lewiston Save-A-Lot offers 10% off everything as it shuts down for good WGME,2026-05-20
Academy Sports + Outdoors,Ashwin Nair,Mass Merchandisers,Opening,Academy Sports + Outdoors Adding Three New Stores - Store Brands,https://news.google.com/rss/articles/CBMie0FVX3lxTE0wbk1iTkNXUElvUXhBWFpTdWtOcGs5aVlqbzducDVhSF9VQUJHbDEzSXpTY2dCalVaOXNjbS1yRDFmbllPWHNCTUFQeGNUbm5odVhHdWFsV0RISnJma2xjYXhWajc2dGFFNWNoZ250Y0E0cUVic1hGTkN4dw?oc=5,2026-05-19 13:58:17+00:00,Academy Sports + Outdoors Adding Three New Stores Store Brands,2026-05-20
Publix Super Markets,Ashwin Nair,Grocery,Opening,Publix sets opening date for 2nd new store of the year in Polk County - Lakeland Ledger,https://news.google.com/rss/articles/CBMizAFBVV95cUxOa1ptRlVqNmxQVjJnTTVGRm1PNHBrczUzQVk0alNEdUhOeUh5bGN6TkZab1RzYmhadVN1WW5BWDBRMjlLeXZhV2tFSm1vY2RnMENsN21ZWFlPVVVvd21TVXlmazRfckVrdzRPNXBzM196M3pNWU11RHg1U3FJa2dobnRmenFac1Fmb2p3aEVsOHNxYmp1eHBNNmNvMldRRmwyaHFjbTdlMGtOQkdidzh6WjdoU19wMVZjM0pDR0dEeEtPNWxrZ25BbWx2am4?oc=5,2026-05-19 13:27:00+00:00,Publix sets opening date for 2nd new store of the year in Polk County Lakeland Ledger,2026-05-20
Academy Sports + Outdoors,Ashwin Nair,Mass Merchandisers,Opening,Academy Sports + Outdoors to Open Three New Stores in Q2 - Morningstar,https://news.google.com/rss/articles/CBMitgFBVV95cUxQQmpkOGhkd29TRXEwZkpHVjNGV01oeGI4dnFpTnFjYUc4NUwweGd0dEg2RDBobTdrdlh6RWFsTzNQSGtVb1ktUXRzM0V6SHJqSTNKa29nSVhQXzlrUzJyX1JYNXdqd0lMbTR3RlRZV2tFWWxwWndISlJRck5fX0RVVlNNTG9KX1J0Wi1PY0RBVnhPR254aTV2Nnh0WjdsTWpNb2stVmIyVm5Ta09ndHltaTRIbWRhdw?oc=5,2026-05-19 13:04:00+00:00,Academy Sports + Outdoors to Open Three New Stores in Q2 Morningstar,2026-05-20
The Container Store,Dhiraj Manghani,Mass Merchandisers,Opening,"Bain Barbecue set to open, Container Store in Germantown rebranding - The Commercial Appeal",https://news.google.com/rss/articles/CBMizAFBVV95cUxQaEdFUXA2cWt2aFB3U2M4Y1h3TGhJS3BpOU9uOFhSczZBeUo3LS1oUjhUbVR2dEZJZ0w3cmZQQVZRX1hKRGZRcWwtLXpYQlVSdk1mV1VoUFpRdEVxMVRIT0kzZ09rbENJaU5BVFMxY0d0bEhSRFdBZDdrekZWNzhQdHlTUmZvSlFiOTdleHlzY3BlSGJCb2EwWUloNXczTVJHQUVvcTRHem9QcEU2OTZ2WFJrOVZGZ0MwVEtWcDRpcXJOZDRtU0JkMWw4ZXk?oc=5,2026-05-19 12:37:00+00:00,"Bain Barbecue set to open, Container Store in Germantown rebranding The Commercial Appeal",2026-05-20
CVS,Dhiraj Manghani,Drug Retailers,Closing,Venice Beach’s ‘Ballerina Clown’ CVS is Closing - Santa Monica Mirror,https://news.google.com/rss/articles/CBMif0FVX3lxTE1UZ3p5OUZzOE0tc3Q4UEFTMEJyTkJTSDROUzIzdmhpNE1wRWRja0RxUGFCNHNaTUotSllBYmNkeklOZ3Q2dWJFSmhFZWRWWC1IZ3BMU1lMV2N0V254X0hWUnNDUW14NTU5RjJPandxTUljM1JhU2xMRC0tSVJmSTg?oc=5,2026-05-19 12:15:42+00:00,Venice Beach’s ‘Ballerina Clown’ CVS is Closing Santa Monica Mirror,2026-05-20
Barnes and Noble,Ashwin Nair,Mass Merchandisers,Opening,Barnes & Noble bookstore opening at this Louisville mall - WHAS11,https://news.google.com/rss/articles/CBMi2AFBVV95cUxNVGN6VEZ0VFN1UmNrcU5SdVFVbWYxeU95YzVPYVBOUFFtZ1ZlY3ptY0NJVEJzdW9HTzRDOGNCbXlCYV9HVDEtc2Zmc3RqOGJLc19ZaFVtbnpseV9RRmlUczdObDZIVGp6M3FHWEs1MVdnTlJNX1VNa2FWU2loVEFEZklCRGhWak9iUmZZUWpZWE13d3VJUkd4ZWxZUGkzUF9ZQUtCMmJLaTNFOUQ3cC03UmxSSDN5RnI5TlNNTU9mV3BEOUNpS18waGYtVFNHTlhucDZDNWtnLV8?oc=5,2026-05-19 12:12:00+00:00,Barnes & Noble bookstore opening at this Louisville mall WHAS11,2026-05-20
Raising Cane's,Rahul Shinde,Restaurants,Opening,"Future Raising Cane’s exterior, signage in place - Rocky Mount Telegram",https://news.google.com/rss/articles/CBMi2wFBVV95cUxOSWVNYmx2ZkRMSEFNbjZuYzBYWVhQNnEyT3pybVBOX2tLTUdObGpqNU1jZjlGV2dGTnNmdkEtMVo4d0xPUEVrYlJlZWxVOFZhQ240UnZvc2N6XzU1aVpVTEFfZ0pVeWFibks5aE1VMzVwRGxzWDdiZVJwVzFQNTg2Q3VMcEUxWjNILTZUUkx3WnllLTZzRkhuMnM4ZWtRenJTQlI4YWY5NHpUZjRjTmtET2wzbXlTdk9hS28yN2FjNE5QekMzOGR4YmxleXUzQ0RuQlA0NzVqLXk3MzQ?oc=5,2026-05-19 11:55:00+00:00,"Future Raising Cane’s exterior, signage in place Rocky Mount Telegram",2026-05-20
Raising Cane's,Rahul Shinde,Restaurants,Opening,Raising Cane's headed to Eastern North Carolina city - The Business Journals,https://news.google.com/rss/articles/CBMiowFBVV95cUxPMGRpdGhrSmJOVk5XRE92dFAxLVBmNnRWY0w0RFhseHZEYzhrUkNCMFJ6ZjVieUl3QjJfWVJLSTB6QUd6ZTdGbURPWHJjVTNLaU1aT3VwTHVDOHhlZXVFbEt0cUgyN2pmZ1RyS0YxMzBMM1IzX21FTjFiVnhRdHlFamVmdl9MTnJKdUZ2cXR4NzNjWlp4VmIxcUtlOXM5RTd4dl8w?oc=5,2026-05-19 11:22:00+00:00,Raising Cane's headed to Eastern North Carolina city The Business Journals,2026-05-20
The Container Store,Dhiraj Manghani,Mass Merchandisers,Opening,"Bain Barbecue set to open, Container Store in Germantown rebranding - The Commercial Appeal",https://news.google.com/rss/articles/CBMiywFBVV95cUxNZTFySm1uRzlZdWtrM2ZpeEFxSUlnQUpjZThYaFY1YW0wQThnb0NaMmV6ZHpmcXBmTVlCSE1rVkp0NjdRMUF0ZWxraWVrMzRnNHhfQnhTQmNHVnAzRjNaWkRkTlBNM0hUUDJza2xtaTJfQjRwMkZWNDZFZ2ExV2RTRFd6NUgzNU5FTEhUbnJZRFZXLTl6OUFzR3I4OF9oYURkX0tQWElmekxlbncxSTJKeHNDdVJGY2hRUDdSdy1iRDFPNWxPWllUY3JlWQ?oc=5,2026-05-19 10:03:00+00:00,"Bain Barbecue set to open, Container Store in Germantown rebranding The Commercial Appeal",2026-05-21
Costco Wholesale Corp.,Ashwin Nair,Mass Merchandisers,Closing,Costco Stock Just Hit a High—Here’s the Next Thing Traders Are Watching - TechStock²,https://news.google.com/rss/articles/CBMilgFBVV95cUxOdUxRc0FSOVRNU3FKU2pxMWk0LUQydG5KdXNBWFZQOTVGY1loNk1ZM3dJX2oxbnJnUnI3M1h6eDFkM3NfaXdKOElTUXNGaHFwYXNDdktuTEtScjI0UUVjdUxXaFpRcDlhNUk3WmxneGZmOWVCWXZ0dGZCejktcEZXZmdNenM1bllXSWZNeS1zZlZ2b0pxUHc?oc=5,2026-05-19 08:39:06+00:00,Costco Stock Just Hit a High—Here’s the Next Thing Traders Are Watching TechStock²,2026-05-20
Rite Aid,Shuvechha Dere,Drug Retailers,Closing,Rite Aid Lake Hiawatha Pharmacy Joins List of Closures Across New Jersey - Parsippany Focus,https://news.google.com/rss/articles/CBMiowFBVV95cUxPLU5rWEhDX3IwR0hYd09MMEpnSVFyOHRaano2YVBPUG8wdUhPeWJfT0tla2s0U0Q0VndOeHJ2cDlsRUlOZVdtdkFNV2s4dVhGWUo1NVZhNGNOOWR4VWNkMVhBUG8tVDI4eWhCRV9oaFBWUFNvREFTMEpWbkh3VkxZWlF4M3Y0VlBqZmtpMjNMcE1VQ2drQmhFNnJBbGhIU3dNSGMw?oc=5,2026-05-19 01:17:29+00:00,Rite Aid Lake Hiawatha Pharmacy Joins List of Closures Across New Jersey Parsippany Focus,2026-05-20
FIELDS,Harsimranjeet Singh Ghelani,Department Stores,Opening,From Central Valley fields to CSU leadership: Raji Brar makes history as board vice chair - 23ABC News Bakersfield,https://news.google.com/rss/articles/CBMi5gFBVV95cUxQRDQwWTVWa28xZHR5Zm1wSFBsSzZtZVl5Z2w0QUtpV3cxVWQ4Y3F6ZWlWTGhRUm13eEhFRHZ3ZkplcGljb1l1VnNPOEl6LTVRd1lGWElxZFl0RV9yZGZneEk5SUNsRm5pWG5QTDF6SXItUExPNHYtZzdHdTBLSld5OGtHcEhBcW1xbHhLRW10MzFLcnZfTkVaVWs3bjVIaFZabE5fZXZJVXFqdmtJU0xuLUhSdG91NG9SWFE0WUtsRTBad1M2WHVVUXFQd2xDVnBDOWJwS3RoV3c3bUdSRTJaS3BxWlRpZw?oc=5,2026-05-18 23:09:23+00:00,From Central Valley fields to CSU leadership: Raji Brar makes history as board vice chair 23ABC News Bakersfield,2026-05-19
Food City,Kashish Kasar,Grocery,Opening,"Food City Breaks Ground On Sixth Location In Metro Huntsville, AL - The Shelby Report",https://news.google.com/rss/articles/CBMingFBVV95cUxNS0NVTUxmWXMtTVE5U0g0QVZYbjJIaHNta1dzdWlqOWZyQkpSTjFHZTFETi1DeHJNemp1c2dzQzA2WlVNNVhoSFVPV0pXR0ZyanB6R0tYbTRnSlluU09VU1Q3elQ2dGZ3ek1XdVlUR1V3amdySkxGV19sQU9DQkVna09YX0dHeDcwOXBhR0Z6d1RpSm1LdDFnUTN0UGdfZw?oc=5,2026-05-18 23:07:37+00:00,"Food City Breaks Ground On Sixth Location In Metro Huntsville, AL The Shelby Report",2026-05-20
Chick-fil-a,Rahul Vasaya,Restaurants,Opening,Chick-fil-A set to add new location in Tyler - cbs19.tv,https://news.google.com/rss/articles/CBMiwAFBVV95cUxPdlowOWdBR2o5WGhJWC00NmdGNGxtamdwRk9iZ1J1NGVRdVAwVS1UWFVOaXd6YU55alhhMnBBTEJIcUt2Vm5VNXpUb01zU0xVZWlzUUZOcm54dGUxcVJnUzNUZDBfVzdPbzBOZzRjY1dKUFVObDFkMHR3RWVNMURwSGc3Tkw0VDJPQVNzVElZR1hOai1YTzVHa3VHekVuV2Q2dWduTHpXYlZYRkVDd1Vsak5WM3lOSU54c0U5SEdxRjc?oc=5,2026-05-18 23:01:00+00:00,Chick-fil-A set to add new location in Tyler cbs19.tv,2026-05-19
Chick-fil-a,Rahul Vasaya,Restaurants,Closing,The jaw-dropping fortune Chick-fil-A sacrifices by closing every Sunday - MSN,https://news.google.com/rss/articles/CBMivAFBVV95cUxNdjdoRjFvR0VkZHVBM3lEcDVyaUdaNlA3ckN0TmxBRlZzcEdFRFN3SUtVc2dHMzF0UmgzbnhpYk1tbEUzdlJDR0FVM3UyaFpwSkd4RHNQR1BNUTJkcmRuM3N4dGVmOUltOGt5TmdwMVdvejhoWmxXZlB2MVExaGFFWVh2elNXMjJVV2VDSkhRaXE4UkdaakJnMF9pbDREdEh5TWZMd2dxZ3VqUEZOOWVpV3l6UE9wb0J6U2pKSA?oc=5,2026-05-18 22:31:09+00:00,The jaw-dropping fortune Chick-fil-A sacrifices by closing every Sunday MSN,2026-05-20
O'Reilly Auto Parts,Bhavesh Phulwani,Mass Merchandisers,Closing,"NASCAR OARS results Dover: BetRivers 200 results, O’Reilly series results and stage winners - MSN",https://news.google.com/rss/articles/CBMi3wFBVV95cUxQU1dLWUlUek9kZnZDZDVaeEJJOE96MWUwQWJuaGJjVUMxeEROMmI0WUM2QS00X3FhOFhicHBZQkI1X0JJMFRCYXBUTzdNS3lmaVRJcWtLa0s1dFJnY1dBMDlxTDFjbUl1eW50dXcyRXpZTHZfanJrcF9NanhONFZLanZJR1R2RmEzRGszVmZKcjl2TlJ1bmw5QldnMC1QYzVZWnJaQThZWEEwdDdmR24wOFFzT1RldVhzMzVUVHNIQXctRmhvZHFEbEtRUTZmRFV2dE1kUEF1STZlQ2hWanVB?oc=5,2026-05-18 22:13:51+00:00,"NASCAR OARS results Dover: BetRivers 200 results, O’Reilly series results and stage winners MSN",2026-05-19
Dick's Sporting Goods,Ashwin Nair,Mass Merchandisers,Opening,Dick’s House of Sport will open its first California store in San Diego - San Diego Union-Tribune,https://news.google.com/rss/articles/CBMiuwFBVV95cUxQVHJDQmJlOVZXQ0VNSmNIM3dXaDhLeXNfNXZzd2hUc05HRmlneWd5WnNwVVFTeFV2cS1NTTBuXzNvcVZsVVlJZkhRX0RELTVNWHBhdThqUHd6NlhfTm10U01zSUR6ZFNBS1htU3NIRThDSWJha2FkeWtkZklkV1ZwdUZWTDhVWFQyOVd2M0IxZ2U3MVBMMER4UDNOcl9VdlkyNElSRkUwdkhtUFc3eTFTQnFaZnMzaHYtN3Bj?oc=5,2026-05-18 21:58:56+00:00,Dick’s House of Sport will open its first California store in San Diego San Diego Union-Tribune,2026-05-20
Dillard's,Ankit Rawat,Department Stores,Closing,Which 10 brands are closing stores in D-FW in a year of change for retail - Dallas News,https://news.google.com/rss/articles/CBMisgFBVV95cUxQUERGeUU3Q1lCMWpHc2NRSHFmRk50cDYxMExtbzcxd2xtc0F5LTVhQTF1cGw2LXpWa1VjYlZFR2RDenF5akU3MzBQYTJWU3liZ2VxSWRwNEpnLXpma0RrNHY3dHhFNW9mclp5SEc5RTc1c2pMYzhUQkhjdm41dDU5cmZpTThLc0FOaWlSSVlXUUZfMS1hTC1wckUzOXg2emUzYzBlRmZ4QWdPVk5rZlNtWXZR?oc=5,2026-05-18 21:32:41+00:00,Which 10 brands are closing stores in D-FW in a year of change for retail Dallas News,2026-05-20
City Market,Ayushi Chandel,Grocery,Closing,Madisonville's Big City Market & Coffee Bar closing its doors - wevv.com,https://news.google.com/rss/articles/CBMi2wFBVV95cUxOamxIT050NkZaUUIzSnRMZ1lCZVh2RzdYZ0tpS24xZW5YWXVHb2JTT0xJblJNTm9zYmV0YVZ3dFNUUmdBS1NPcUI1OTE1SW9BSjZQbDFiWUZDSDNiZHZtN1lOT09HWEdYNTFoWk9tQjdaOUp2TnFuQm5EcE1Gc20xUVN3azJXdG9pQk1LckdkTVNkMjNVYnJiaUpmUnZaSkdmaWluSkZVclBNYTVqMjRhMFd2QTVtd0lVdkJiRzM2ZkJ1cjY0TVdLSno0MElSX0tob3JoNTU3WE5iOVE?oc=5,2026-05-18 21:22:00+00:00,Madisonville's Big City Market & Coffee Bar closing its doors wevv.com,2026-05-19
Burlington Stores,Ashwin Nair,Mass Merchandisers,Opening,New Burlington location to open in Northwest Austin - Community Impact | News,https://news.google.com/rss/articles/CBMiwgFBVV95cUxOX1lnX1ZGUldOWmxBcHhGWUE3UWg2TTJhSnRkdVVsNGQwSXhMcU5MWEFTc19YMHA1QWxKblJTcE1ZbWFCc1NVOUhESVQ1MDd3a0hobWRXOFpPZG1OaVozYUlBZDFjS21hY3hYOUtsV0pUYkxQQksyWU9QWXRkUDIxLTFtX1RkTkJDdFAyMEV0b1owMUdrV1M5OHUtQVBzZXRoc2dydzNHRlhsLVpaM3hvVWNIdTczWmJxMnJaUFRfZFA0Zw?oc=5,2026-05-18 20:49:00+00:00,New Burlington location to open in Northwest Austin Community Impact | News,2026-05-19
Rite Aid,Shuvechha Dere,Drug Retailers,Opening,Goodwill snaps up former Rite Aid location as bosses confirm doors fly open in the fall - the-sun.com,https://news.google.com/rss/articles/CBMimgFBVV95cUxQOUF3bk5FczlRSkFIQTc2RkFGVEstd1VROUNLdVM5NV9fSlZxaDk0eFliOFdnN0N4Wk0wWEtlbmY4OG9xOTJKSWR2Qm43WVJJZ3E0NlJLSmtxRFFWMjRtWHlnY283U1dlT1F2U192Y1FSdjFISVhRNzB6TDAyVnpsRmktX0dqNjh1blRJcnVBcjZEejlTVUQ1enpB?oc=5,2026-05-18 20:42:55+00:00,Goodwill snaps up former Rite Aid location as bosses confirm doors fly open in the fall the-sun.com,2026-05-19
Food City,Kashish Kasar,Grocery,Opening,Food City Breaks Ground On Sixth Huntsville-Area Location - The Shelby Report,https://news.google.com/rss/articles/CBMingFBVV95cUxNS0NVTUxmWXMtTVE5U0g0QVZYbjJIaHNta1dzdWlqOWZyQkpSTjFHZTFETi1DeHJNemp1c2dzQzA2WlVNNVhoSFVPV0pXR0ZyanB6R0tYbTRnSlluU09VU1Q3elQ2dGZ3ek1XdVlUR1V3amdySkxGV19sQU9DQkVna09YX0dHeDcwOXBhR0Z6d1RpSm1LdDFnUTN0UGdfZw?oc=5,2026-05-18 20:19:10+00:00,Food City Breaks Ground On Sixth Huntsville-Area Location The Shelby Report,2026-05-19
Hollywood Feed,Suryakant Rajput,Pet Care,Opening,What's that coming to old Hollywood Feed on Goodman in Olive Branch? - AOL.com,https://news.google.com/rss/articles/CBMie0FVX3lxTFBlQ1k5ejVXdzdXcm5odmZXcE11VVlaUjVkZnNtQTJ4LXN1dktFY1RJOWdQNWhrdXBRMk93X3BaQzJ1WlhGYXVCYWFTWmtxOGMySXpCVmdQNldJYkZTY0Jtd282amRYQXhCak1kUWxMSVo5R3ZtZGM5Q3Vnaw?oc=5,2026-05-18 19:55:35+00:00,What's that coming to old Hollywood Feed on Goodman in Olive Branch? AOL.com,2026-05-19
Burlington Stores,Ashwin Nair,Mass Merchandisers,Opening,"Burlington announces second Lubbock store coming soon, here's where - Lubbock Avalanche-Journal",https://news.google.com/rss/articles/CBMi1AFBVV95cUxPem11YXhXTXBTNXZZVk5iMEt2RkRaUDJoSTNxbDJXc2VabEo3bHNEalR2NUdzY1YzTzYzNHpiR0NYOTRXekJCS3VuT2hhS2xRYm9YYXV2dVB6QlhhMlpDd0dSQ2NLOWpMckwyRV9jUW1FLVdZckhrbGNZaW43bzhuWHJyaEw2NzVVUTFBekhhSjFDNGhCTkdhVHZabElpb09ubWFfakQ1VXd6U1BDVzhGeklrcXZZRGJwd2lVekF3SFlFYVpSaTczaUdsWDZHZ0xrVVFpWg?oc=5,2026-05-18 19:45:00+00:00,"Burlington announces second Lubbock store coming soon, here's where Lubbock Avalanche-Journal",2026-05-19
O'Reilly Auto Parts,Bhavesh Phulwani,Mass Merchandisers,Closing,NASCAR team cease operations and notifies employees they are relieved of duties - The Mirror US,https://news.google.com/rss/articles/CBMijAFBVV95cUxON1BIbjhmalBETWpmZFFTblRteUg2LTJnVnotQzBJQ0M2ZDJwOUo0VHV6SUE5TEdlLXB3cDBnM1BJSXBMd1F3TmEzeEFzeWlVMTBSYlFWNTFjX0ZyQXZ5ZE5VTTZMOExRejVUWlFHeXpFRWYzVV9oUlRubGVrbzRkeVlCY041QnRLelB0TdIBjAFBVV95cUxON1BIbjhmalBETWpmZFFTblRteUg2LTJnVnotQzBJQ0M2ZDJwOUo0VHV6SUE5TEdlLXB3cDBnM1BJSXBMd1F3TmEzeEFzeWlVMTBSYlFWNTFjX0ZyQXZ5ZE5VTTZMOExRejVUWlFHeXpFRWYzVV9oUlRubGVrbzRkeVlCY041QnRLelB0TQ?oc=5,2026-05-18 19:43:00+00:00,NASCAR team cease operations and notifies employees they are relieved of duties The Mirror US,2026-05-20
O'Reilly Auto Parts,Bhavesh Phulwani,Mass Merchandisers,Closing,NASCAR team cease operations and notifies employees they are relieved of duties - The Mirror US,https://news.google.com/rss/articles/CBMihwFBVV95cUxPb1dtYnBrQ3dDVzlVeGhzUFduaDNzOHIyU3gxZ0hFX1RMaXdXTWx4bzdNTi1sUFNoaVdnT3ZvNW5RZmJXaVlBaUNNUEluV1ZLM25CenNZb3AxbmRVWUJ5aWRXNjczUndWbE9BNjdvelJ0VTJucmJHLW5UUnJKYXhHeHNnY0ZXR2fSAYwBQVVfeXFMTjdQSG44ZmpQRE1qZmRRU25UbXlINi0yZ1Z6LUMwSUNDNmQycDlKNFR1eklBOUxHZS1wd3AwZzNQSUlwTHdRd05hM3hBc3lpVTEwUmJRVjUxY19GckF2eWROVU02TDhMUXo1VFpRR3l6RUVmM1VfaFJUbmxla280ZHlZQmNONUJ0S3pQdE0?oc=5,2026-05-18 19:43:00+00:00,NASCAR team cease operations and notifies employees they are relieved of duties The Mirror US,2026-05-19
Central Market,Kabeer Pandya,Grocery,Closing,Nicole Rucker’s Beloved Pie Shop Fat + Flour Is Closing in Grand Central Market - Eater Los Angeles,https://news.google.com/rss/articles/CBMiugFBVV95cUxOZk0tdUtRbUFNN3lHVW9TTnU5UEJyUDlJRndNeGdmeEhtODNIcURLZVBibnRhdVd4NnNfZnc5d0dOSDhfUHBlMGVYSGdsck9QMzU5NkxzX2kwekV0bVE5Z1ZRX2hzU3RsV2VWOXRSQkFWMDdUREpoTGJyZkgtdUtxTG1MZUhvWWh0enVfcXdIQmFCeDFEampaTjNQOUpyYkxyTzhfVnJ5dzNoX01DbWtOY09oemNYb1BPSmc?oc=5,2026-05-18 19:30:00+00:00,Nicole Rucker’s Beloved Pie Shop Fat + Flour Is Closing in Grand Central Market Eater Los Angeles,2026-05-19
At Home,Rahul Shinde,Housewares & Home Furnishings,Closing,CT restaurant closing after 14 years. Customers lament loss of ‘home away from home’ - Hartford Courant,https://news.google.com/rss/articles/CBMiqgFBVV95cUxNUWdNV2NmODlNRW5wckZ5UjhRRDJBbnh6NExVOXFoRWFDS1lET2Z5Mmdtc3AwRFZQRGVXZ0lWM1Zma2g3czJjblYwZS1lME5GMFRiMjQ3T3VxMGlsdWMyeXNGQkdzQ2NQZDQyTXB4TGNfMlZjbWxTdHRFNFIzOEotUEpXUlpObF9mci1Kc0d6YjV0MzgxOVE5bW5sdGw5M2JlekJXMXFqS0pPUQ?oc=5,2026-05-18 18:07:00+00:00,CT restaurant closing after 14 years. Customers lament loss of ‘home away from home’ Hartford Courant,2026-05-19
Whole Foods Market,Rahul Shinde,Grocery,Opening,Whole Foods to Open Smaller-Format Concept in Philadelphia - WhatNow,https://news.google.com/rss/articles/CBMisAFBVV95cUxPN2huZXVFYU9kYmExb3g3Z3RmM1Y2ZHdxWEhjOFdIWkw2ODNFZHpvbjBXTGtFQnJITGNLWDA5LUw4THVFNXZfUXFWODQ5eFhFTVpZWVlxTGdTMHZlMWNOQ3d3R3piQlhTckttZnpaQ2JBWmZ0UXIxbjg3QzE5NVRsVWM4VVJIblVXU3p4S0dTdjJ2U2w4WkV6bU90Y21GN2ZYSkJlcENnOUUxWm15ZDA4QQ?oc=5,2026-05-18 17:59:49+00:00,Whole Foods to Open Smaller-Format Concept in Philadelphia WhatNow,2026-05-19
Save-A-Lot,Shuvechha Dere,Grocery,Closing,Paris Save A Lot to shut doors as revenue tanks - ​​Lewiston Sun Journal​​ ​​​ ​​​,https://news.google.com/rss/articles/CBMilwFBVV95cUxOZ2wyRVdSUEhrY1BVdGMwckRObnh3dXhNY1h5Q2VudDByd3o2WG5DdHA4T2xaZG82NWoxbklINW5vUjlQTjhaYnE4S2NjMlZEZDIxTDdDaVR3T0x6QWNzRTJuaDdnTTBwYTgwckVtQjA5bjNlckRzS09XU05XVnVYbk9Mc0RoRmltQXdodUhhM0VGM0pBUmo4?oc=5,2026-05-18 17:58:25+00:00,Paris Save A Lot to shut doors as revenue tanks ​​Lewiston Sun Journal​​ ​​​ ​​​,2026-05-19
Chick-fil-a,Rahul Vasaya,Restaurants,Closing,Chick-fil-A franchise sued by EEOC for religious discrimination - Baptist News Global,https://news.google.com/rss/articles/CBMinAFBVV95cUxPS29lbS1henMweWpCT0hvUm1wT3FDTDVRc093MzNlX19lVDFwZm96bjNObGFURktDc1F5Z2NfZ0x5NDhOaFRDVl9JZGdKT3N1YkdLNWN2Vl9Xd25pb2s1dWxUYm1wQzZicVM2VTVHNkszQlBxSmFteG56MEVzOFpsOGdUaTlzYzdNa3pxdUx5ZW1IWld1RmdrYlNBczE?oc=5,2026-05-18 17:55:37+00:00,Chick-fil-A franchise sued by EEOC for religious discrimination Baptist News Global,2026-05-19
Petco,Vishwas Shah,Mass Merchandisers,Opening,Padres to open City Connect 2.0 pop up “La Conexión” at Petco Park - fox5sandiego.com,https://news.google.com/rss/articles/CBMie0FVX3lxTE95c2xJX1J4NVRkNExSMVRKNTNMaTd6cThrY0doQm5xam1Ma1d5Sm9CZWJNTlVQa0dUYlJEdnhsVXcwZVUycTI3TUlxSi1tZmtrSkFmZWQ0azVYQ3cxVGxMQU5wbmZvMXBkY2V0Z1FqZUVQRmplYnAyZUhPY9IBgAFBVV95cUxPUWgyTUl6R3VkeDBNeVhuZUg1NHByQnN0c0N1Ym5teEJGVlc3NDJQek1jb0w1bm9QWmV2M1dhU3dRUWhYTGU3RGR3NHlhanRQZ0VwSjNkZWlVZ2d5NU1jLUVldjYxMnhZVDF4MlZDV2hXbHNBREt1OHAxX3FvbEo1aw?oc=5,2026-05-18 17:27:00+00:00,Padres to open City Connect 2.0 pop up “La Conexión” at Petco Park fox5sandiego.com,2026-05-20
Petco,Vishwas Shah,Mass Merchandisers,Opening,Padres to open City Connect 2.0 pop up “La Conexión” at Petco Park - Yahoo Sports,https://news.google.com/rss/articles/CBMigAFBVV95cUxOUXVpNUo2QWpIM2RvNE9ZcFdnMFh3UWowTElaXzBNVGpsbE5vUjR5bnNXaWNGSWY0RUxObW56OVNBd05xUGtTSkZrckNidFFlb1lRRGNsRGNkbHNNTWxDLWF5SXdsRUpYTHpDWXFfX05pci0tNXhBbTc1bjlTdDhBQg?oc=5,2026-05-18 17:27:00+00:00,Padres to open City Connect 2.0 pop up “La Conexión” at Petco Park Yahoo Sports,2026-05-19
Trader Joe's,Rahul Shinde,Grocery,Opening,Woodinville's New Trader Joe's Location Now Open - 425magazine.com,https://news.google.com/rss/articles/CBMisAFBVV95cUxQMUJFbW1MR241MElwNFFSZmhUczJrVVE5Yy1SVTE2RXJTbjVoand3NFJJZHV6LUhTVkpOR0NMaWlxTmo0VHpjTTlHek1VZ3BWSzRBTW5VdkVVWjRmMUk3eGQ2cldJWllGeHFmQXNlWTNSS2lQZUdwTTc4QU1DUV9ndTdNZFgxal9IelVRLW53UkhfRXduLVN6Ymw1MzNEYWo5ajZiTF9ObmVVc2l0bDZnbA?oc=5,2026-05-18 17:20:00+00:00,Woodinville's New Trader Joe's Location Now Open 425magazine.com,2026-05-19
Barnes and Noble,Ashwin Nair,Mass Merchandisers,Opening,Barnes & Noble to open new Louisville-area store. Here's when it'll open - The Courier-Journal,https://news.google.com/rss/articles/CBMi3gFBVV95cUxQTndVbEkwby1lMDlVMHY0Vmw2YWtVeHlNTmhpRk1OSF92cXNmamRGdHBpYmlnUXlOaVZfVFJiRXBiaG1PRThZbTY2QWNlOFh4XzhrVjdvOHNGTXI3ZW9FTHBhMXRLbF9hNEdOYzJxNm82bFkyMVVfYmItTlVXR3o3NVE5dmFqY2JvazJKcXZRSkt0Tk5QTE1rNVl5VEZUMXh5RWQ5RE9hZXM2UExXYmJ4XzJlMUpPa0p5dmtiMGpHWl9DWWlNcENhNTBfbmpqWGtkOGUzbFVIUzZsaUpmZnc?oc=5,2026-05-18 16:16:00+00:00,Barnes & Noble to open new Louisville-area store. Here's when it'll open The Courier-Journal,2026-05-19
Walgreens,Komal Agrawal,Drug Retailers,Opening,Goodwill officially replaces Walgreens & thrift giant confirms new opening hours - the-sun.com,https://news.google.com/rss/articles/CBMimgFBVV95cUxNeXZnTXZVbEV2VG5UVjV4TWtZb2dhbGdBeDFKbVE4NmRWbkRoYUZDTjRpbUlqd0ZGcERzd3QzcDQwdmhRbUZUR1pPa0IyNVlpanBRUmx2WkxYOTZFUTJYd2R1NjFtYkJ0Mk1iODB0MzBpV1FJUDItdk5lczJ4LWw1aWNoSHVueWR0bVlXejVTSGRSV1RYOFUzaFF3?oc=5,2026-05-18 15:47:52+00:00,Goodwill officially replaces Walgreens & thrift giant confirms new opening hours the-sun.com,2026-05-19
Whole Foods Market,Rahul Shinde,Grocery,Opening,Whole Foods Market opens new ‘Daily Shop’ store in Boston - Boston 25 News,https://news.google.com/rss/articles/CBMivAFBVV95cUxQRjNqLVIxaUd3RmJrZnhDZzlFT3A4ZUd4aGNLd1pOYU4xaFRSc0NjQkZ6WFBoOE5RUW1Tdy1NUWliNkZWTHJRdDdZNnV2di1RcHc4dVljRG5lSzlJNU1GazBWbElVOUcta1JIWTYzVVI5RVpPQmJGYlhCNXR1YncxVzh6UDJVM0stOVJ6MTlBN0hDSUh0V0lBa3ROYU94M3BsUkVsWUFJZUZNRV9nemFXc1pMZk4xQWIzLTB1atIB0AFBVV95cUxNaElvY1BmWFlXZFJjRHJhYVZ4YmdMRGdaRFhFYzlKTHVyOWtjYzdRdVh5akpFQXRUS2V4UDdXc2UtZE1jRk9OV3ZvbzJMVENnZU1ndGx1NW1mVWJVU0hSTjVFMGdlVk9GQWpzY2tEZDBUNnN5c183VVJTLVhBS2k3cWNHQkdnMGUxUDVDdTRRaTc0SFk3cXNfcmVtSjBrNFdlV0xPY1M5bFdwaTA3UUY1TF91Y2pvLWR0NTRqd2JYUFdRek5NVkZsaTIzN3h2elMx?oc=5,2026-05-18 15:38:31+00:00,Whole Foods Market opens new ‘Daily Shop’ store in Boston Boston 25 News,2026-05-19
Save-A-Lot,Shuvechha Dere,Grocery,Closing,"Save-a-Lot in Lewiston, Maine, to Close Permanently - 94.3 WCYY",https://news.google.com/rss/articles/CBMiaEFVX3lxTFBqUjk0VmRLVktfN0tVTHJ4eTVQYmNkV2pXVHYtd1BiUFdnX1E3NW1tYzdzTDhUUmh5N1BSbzBtbnNHSGRZZzhPTWlFdzZxNWpseW9pWTVJaHd1cVQyMU5TSTVjaDlnY0d1?oc=5,2026-05-18 15:20:50+00:00,"Save-a-Lot in Lewiston, Maine, to Close Permanently 94.3 WCYY",2026-05-19
Grocery Outlet,Rahul Shinde,Grocery,Closing,"Grocery Outlet is closing stores in South Jersey, Philadelphia, and Kennett Square - MSN",https://news.google.com/rss/articles/CBMigwNBVV95cUxOZF9GRXFOUmJaS1JWWTYxY0hhRUpORDlKTVRNblpQZkhTZFVJa0pLVlRXYkk4NEw3RV9ueVZSUkRLUTJORXFVUGI0SFZ0T285MWNmenNwUjNhLXhoZm10bEswc2RHV2dLcEp3S2VKc2hBd1dFUUNSODAwRjNOSEJwenNDVmZSTldJTnZRSFoxVTNOMHhBMHUyWW9DVm5weC1ub2pYb3V4VWd0dENVRXBFU05Ycmg5UmJFLUllaHRMVWVXTmdpbjVRYVMwa21rX0doUF9lYUFBSElaajJ6NzQyckNWSWE3S0RYSjBsdlFMOTFEc3ZaV1RyNnY1b2FUaFRjcVRXOG8wSWs2SlQ2ZE44Yy1zb0k2T253ckp6TTdJMFlMbk5VQ19EOFlYTy1HUnh4NURfVEdPQWNPX3pQZm5FaGNCNVFIc3p3U0JyaFhPZmtDdFQ1WmVTcm82Y0RNdTc5VFlsRDUzLUE5M00waVo3NXA0azR3TmYtQV9fYmc3X2RaVUk?oc=5,2026-05-18 15:10:45+00:00,"Grocery Outlet is closing stores in South Jersey, Philadelphia, and Kennett Square MSN",2026-05-19
Dollar General,Shuvechha Dere,Mass Merchandisers,Opening,Dollar General opens brand-new store in Beloit - WFMJ,https://news.google.com/rss/articles/CBMizgFBVV95cUxQMDI2VTRrVV9teUlUN3JaLVN4QWdzbU5lQW9KTFZnVEtBanFmZ0tDY25pOWNvelprbTNRd0w1bVQtT1NNWDdzVTcyUEMzRjJFNHh0V1B0djRlRVdhOGhkWG5lNzVHMlNhR3dXRDh4eENrRWdtV0E5TGJBeEdhbTRUSFFXSFZXb29XUDI4RFlvM0FMRDY3VmFiTWcwZHNySHdLelNNY04zSDRackZoZjl5aDNMdnlMRWRxbms1SlpteVJpWWt4TE9FRzk1cDUwZw?oc=5,2026-05-18 15:02:17+00:00,Dollar General opens brand-new store in Beloit WFMJ,2026-05-19
Dick's Sporting Goods,Ashwin Nair,Mass Merchandisers,Opening,Dick’s Plans to Replace JCPenney at Springfield Town Center - Northern Virginia Magazine,https://news.google.com/rss/articles/CBMiuAFBVV95cUxQX0M2V29na3RoV0V1cTg4Z1RKdXQ4T3NCQVQ5WjhGRUJsQVM0Qk9nXzJfU2pYWElDY05aVEplYjFvOGtNLUNJaHZUVnNwLTVLV1hQLWNIeU1XZmFpd04wT1p5WmxIWWJ4S2h0ckZoR0txSzFkMVhVRFJ0bnhlZjBoNjN6aTJUTU1KX2ZOZjFaNVR5eEZTNkpJOU1xY09nYVlCelhzUVp3eFNnQi1Hb1o2NVFYTVRzQmNy?oc=5,2026-05-18 15:00:35+00:00,Dick’s Plans to Replace JCPenney at Springfield Town Center Northern Virginia Magazine,2026-05-19
Family Dollar Stores,Rishi Nagar,Mass Merchandisers,Opening,Study: Family Dollar closed ‘at least’ 350 stores in past 10 months — here’s where - Chain Store Age,https://news.google.com/rss/articles/CBMinAFBVV95cUxNS3I0SDdmcHh5NldwVWFya1BQcDdhd3NXdXhia2theGZQUUdISlFKcGtJQVVuNkJHVUFESkRCX1Z4WFJQSlhwTElvM3VwNHZJRTBmb1NGS0pYU3MwVXRPZW0xTWtHd2swb3Q2VEJyQzF1czZUQlNKYTFPMWtzVHE1SXZDbXNwMHF5NVljUkxWUjFzSFctWTR6QnZfZEY?oc=5,2026-05-18 14:59:09+00:00,Study: Family Dollar closed ‘at least’ 350 stores in past 10 months — here’s where Chain Store Age,2026-05-19
BJ's Wholesale Club,Ashwin Nair,Mass Merchandisers,Closing,A Look At BJ’s Wholesale Club (BJ) Valuation After UBS Buy Rating And Leadership Update - simplywall.st,https://news.google.com/rss/articles/CBMi5wFBVV95cUxPUkItVkZqZmJRMGlEN2VjRHFhSDlSdGkyTEZnUWFURENLVWVUUzNld1dveTZnR2RVX0RiOXJTdXl0bnZERGhBNzJ1dm83bXVqX0M5dGd3VG96d2EwLTdSS29fcTAzZlN3R2tjcy01aWdhX2JSOWZtSGlSZGJ6Y3FPMUItUElwRVBMU0Nod0RGdW80SUlGajlIU3NQel9lWHZqZG8tRkhnX0NjNWgwUDZVcy1oR3NEWWNxUmIxRHRDVV93Nlk5RGVxY0k2b2k4dk1uSVBlNWQxMWxWemdXRE5wWTZnWndLdlnSAewBQVVfeXFMUDVkcUFYMVZhdXZhWGdKaUdobWRESmxLWU83WnFRZmo5UHF1QlIwcTdSNlBnc3htdEZvQWJ6OHUtYVJtckV6N2x2TVpnQ29CSG9lM1JPWFNWR0ZiaHZxc3RzS2x4M0pRSGkyUGZFQnpEU25TSnp2NzNuWXd3ZmY4aXNSb0dwU083bjhvVkpkWS04dnp6bjA3c2pEa3hFNks1NkJzTXF1b0FhazFuWG4wZlJWc1dYSERhOVFLZnhWX040d2gzQ1ZvaVRaS2VlOUZ4b0M0RENWUFlzcFY4RmdFNEZ5cTdFMWh2Sm10V0k?oc=5,2026-05-18 14:38:44+00:00,A Look At BJ’s Wholesale Club (BJ) Valuation After UBS Buy Rating And Leadership Update simplywall.st,2026-05-19
Save-A-Lot,Shuvechha Dere,Grocery,Closing,Lewiston’s Save A Lot grocery store says it is closing - ​​Lewiston Sun Journal​​ ​​​ ​​​,https://news.google.com/rss/articles/CBMilwFBVV95cUxNLTJIMjM1a29EVlN1ZFAwaXlrZkI1ZGVDODI5bzBGUWVVZmYyVzhkUzMwNTJtMllCYkFSNExNMG9XczcyVE9TM1dLd1U4MVo4OEljbGRYSGQwTjZOVm84RldyOHdsRFBRMkxHaGYyb1kwbV83d2F3Z3pINVZ4TGlMX0JHRzFaVDlkRVdBTkZDTWx1MTVSVnpF?oc=5,2026-05-18 14:30:32+00:00,Lewiston’s Save A Lot grocery store says it is closing ​​Lewiston Sun Journal​​ ​​​ ​​​,2026-05-19
Sprouts Farmers Market,Rahul Vasaya,Grocery,Opening,Sprouts sets sights on Ohio - Grocery Dive,https://news.google.com/rss/articles/CBMiiAFBVV95cUxPd1dDRnhOLVhDNjBWMmhOSHlBVTA4QUw1MlRNd01RWG5md2JBT0xDSThnVXV1TXhHYzgxU1BLVngxWVh2OWxIbEhiUmRQSmpfX044WDR2YmJKenV6c0FWb3A1S2FmQUs2QUd4MVhMbDY0cE5HM2U2azFDZ25obDBmQXZLNmljc0VN?oc=5,2026-05-18 14:08:09+00:00,Sprouts sets sights on Ohio Grocery Dive,2026-05-19
Chick-fil-a,Rahul Vasaya,Restaurants,Opening,New Chick-fil-A opening this week in Collier County - Gulfshore Business,https://news.google.com/rss/articles/CBMi6AFBVV95cUxNMGlpZkNNN3A1czl5RHFGSmJyQTBBYmd4VWZVVEw4aUxqWldkZ0swNHNYUk5wdG9ubGxoVDhTYjc0NGlnZldpMHRhbnhxTGltTHFZT256cXZtWDNIVTJIdVpqcE41QzhmcnBMZG1nOThhOUQ1eDdlY1dIQ2xmMlNTVUhqR3E4Qm5TdEpFdTJfanZQOWRkaGg0WUkyWDl4cXBDSGRNT2dRMU5ZVTdoYTlyXy0yeTRZMUY3QWdHWkhsb2xWNks1TEZTRGtxUEdkWF9VR1NfZWpJODdEWm5KbmZYcEoyMkxMS0ls?oc=5,2026-05-18 14:02:00+00:00,New Chick-fil-A opening this week in Collier County Gulfshore Business,2026-05-20
At Home,Rahul Shinde,Housewares & Home Furnishings,Opening,'Extraordinary’ new tiny home village breaks ground in Hollywood with rent free housing and extended dining space - the-sun.com,https://news.google.com/rss/articles/CBMikAFBVV95cUxQY09PcG11d0gta2JZbW9pSGw4TDJPeXZxd1pIRXpJMHdMc285bUctQWZQOEkwZTZWdlRRSkdWLUxYNEVxWUlpNEdsOUpLWWp2WE9UUFJMWGV0VzlRZjVuVm8tdjVfeHhfcS1aMnljdGVVbVB5ak1LLUl1Sm1nMnZ6azFlbElYQXZGdHZRYXp6NHI?oc=5,2026-05-18 13:07:43+00:00,'Extraordinary’ new tiny home village breaks ground in Hollywood with rent free housing and extended dining space the-sun.com,2026-05-19
Trader Joe's,Rahul Shinde,Grocery,Opening,Trader Joe's New Dessert Tastes Like A Classic Treat From Childhood - Southern Living,https://news.google.com/rss/articles/CBMib0FVX3lxTFAzanVFT05ybl85bjJ2alRKSWVMYUpfM1U4czFtZDRGaU9zVjMzSVRZT1IwNU12R0dyR0R3VVNxcVNacVdIVlduM2d0RjlRanBHOU92MDM5SUhqWU56RnltMThEbC1LY3NvS1d5V3NWZw?oc=5,2026-05-18 11:41:00+00:00,Trader Joe's New Dessert Tastes Like A Classic Treat From Childhood Southern Living,2026-05-19
T.J. Maxx,Dhiraj Manghani,Mass Merchandisers,Closing,It’s so long to TJ Maxx store after retail giant officially confirms closure by May 24 - the-sun.com,https://news.google.com/rss/articles/CBMiekFVX3lxTFBoTGtORnBkWkwtdzVvWXJfZWRZZE0yS19id2RFd3hDNDJUZUR0cHl6enNHUkNqYXRJVHRfODdTcnJnWnVJNXJpUDE3eXFWS1BFZ3ZTVS1ON2hIUDJlZHRldWl5V25aaFVVRndISDUzNVZjOGFWcFVpYkZ3?oc=5,2026-05-18 10:57:41+00:00,It’s so long to TJ Maxx store after retail giant officially confirms closure by May 24 the-sun.com,2026-05-19
Stop & Shop,Rahul Shinde,Grocery,Opening,Westfield River Elementary opens new food pantry with a grant from Stop & Shop - MassLive.com,https://news.google.com/rss/articles/CBMixwFBVV95cUxNdzFOYTFyNVdTelBkejRSanNzczB3MGZfRGx6VThYVTVRcEF1TzhDbnJTR3I2Y0RrTGtuWWZVQ2gwU2FLWVhkLWc2RHpOclZBaWU3UnFBdkpPZlVMY3c5cDlLRmYwLXdHSEpjU19DbUctSjNtWjhnRGhXRTlhY2NlRnk0VXhwaHF1Y3M1eTd0SEg4N1dEeS1Rb2lkVXFzTGEwT3h6MXNockRYNzJsbGgxQ2hnVl9GbnVZOEhYN3YxNENLMUZpZ0s0?oc=5,2026-05-18 10:00:00+00:00,Westfield River Elementary opens new food pantry with a grant from Stop & Shop MassLive.com,2026-05-19
O'Reilly Auto Parts,Bhavesh Phulwani,Mass Merchandisers,Opening,O'Reilly's Auto Parts wants to open on former Local Craft Kitchen site in Branford - MSN,https://news.google.com/rss/articles/CBMiygFBVV95cUxQcDl0Q3RGX21wZXVGbkhsSHEtOHl6TGpLOHBxemxDYzhkSGJ6T2l3a3o3SUpwQ1RrSnJiU3o3RnNkS25sVmtWVmd6ZjJvOGFLbDNIUUVhWXd0QXNNV2ZWYkdLTUd6YXN5U2l1SGh1SEZ1WnFXYy1RbzRLWGwxSVN0NjBCR2JEei15WXBVZ2FoTF9LWmVYbUN2YjlPdG9GRURsLWlZekJXdGh3Wkp1Vy1Ob2tXZmYxNlpFOUVXeFdvcHNkY20zUUI5SGp3?oc=5,2026-05-18 04:52:37+00:00,O'Reilly's Auto Parts wants to open on former Local Craft Kitchen site in Branford MSN,2026-05-20
O'Reilly Auto Parts,Bhavesh Phulwani,Mass Merchandisers,Opening,O'Reilly Auto Parts to open its 52nd CT store at the Milford Plaza - MSN,https://news.google.com/rss/articles/CBMi3wFBVV95cUxOaUo2TWxFa3NBMFhxSlJpQmRqalBkVlZoVm4xb1pDYklFY2x0Rzl4b2NWV1FMRXBWMl82TllETkJpbmUyZW42czktQXF3VTVnamNZU1o4NjMwZUNWY0dEN3VQLUZ0MGhmVWtsaUhfYTM2aXlnc2ZmWTQ5SEljemJjVjRSb0lNVXg5RUc2YXotZDJkUGxyTU9ES3p4SHIwTVlucHA1NWw0UWJreGlaZ0hvWm9kSXJ0aHdlaUpSTldMbjZqUkFBdmhBWTQxTHNOVFhWYWNaTi1ucERXeUhsRE13?oc=5,2026-05-18 02:19:59+00:00,O'Reilly Auto Parts to open its 52nd CT store at the Milford Plaza MSN,2026-05-19
Barnes and Noble,Ashwin Nair,Mass Merchandisers,Opening,Barnes & Noble to open new Aurora store - MSN,https://news.google.com/rss/articles/CBMiwgJBVV95cUxQU3NGUDQteVh3anFoSVdmVUgwUUVNMXY0SmlDU1pHVUZ6LXBfaXNSRTlxWVRZdXFZNG15ME9DbjlwdC1aclM1d1U1NHlZdWgzSHltWEdfSjdkazcwbXgtdDBUVkpVYW5hdEN5VG1zejMzS3JfVjdHczdhZ0ZkSGMzaW41MUFjZEN3c0p6RDlnc1IxVWhUT01wTmdPYjF5LTJQRVNhRldYaE9Gdm1vdV8xajNHR0M0RE0xNHY0ZV96ZE9BTEZxUEJsMUZuRzBEc2tNMlNyT3E5NnBnTTJ1YzY2ZXdHT0dUMm5PUVBNS05ZRnNoeDlDN0wzUkZEdkVVMjkzQ1FsMzNqeEtaVHJFLVdod0tQZ0ZNdWtSQU41YUdUTGsxRV9FUDZxeTlleDdOR1lFUGgyajdDUWx3WWRUSlFZc0ZR?oc=5,2026-05-18 01:44:10+00:00,Barnes & Noble to open new Aurora store MSN,2026-05-19
Trader Joe's,Rahul Shinde,Grocery,Closing,"Upper West Side Trader Joe's, deemed world's busiest, is temporarily shutting down - MSN",https://news.google.com/rss/articles/CBMiwgFBVV95cUxQeVRCTUR2Nmw1QzhvTWlsRk9vQmRYVHlBU3FMY0I2TGZZZmE1VlFzdmotUnZZZkE4WGlQTjlhQmZuU21iTG1VdFZ5cldWZzNmbUFMWUtIbkc2TzdWcHU2LW1pcldaMmxlUzVnQmUyNTFsVlprY3Q0M21UMC1nOTlwMTUzTWV2M3ZVQnZqRGFGNkoyZXJhXzJtemFJd2tkQzc5eHdqMmhTdHdLckhQWGlBaTVDcWFNRlJ6ak1zMnI3R0NCUQ?oc=5,2026-05-18 00:06:26+00:00,"Upper West Side Trader Joe's, deemed world's busiest, is temporarily shutting down MSN",2026-05-18
Chick-fil-a,Rahul Vasaya,Restaurants,Closing,Chick-fil-A franchisee sued by US government for religious discrimination - MyJoyOnline,https://news.google.com/rss/articles/CBMipAFBVV95cUxOQi12VWx1VHpvcWVWeWtoc3V0YXMwV1RtelZibXByZDBuM3VvbUQxdDhKU3R4b25COXkzSTduR1UtVENkbHFIYzZGS3RNZHdZM0xJbnh3ZUhJLTczRzBoQlJCSmNXUmtYbUtnYmpGdV9QVlRINWtLN0lBOU1ZQ1c4TW9yR3lIM0JDV2JmcGpnTGJjSFI2ZHZmM3V2WmdSQ2VGN2FQdg?oc=5,2026-05-18 00:00:33+00:00,Chick-fil-A franchisee sued by US government for religious discrimination MyJoyOnline,2026-05-18
Sam's Club,Dhiraj Manghani,Mass Merchandisers,Closing,Sam’s Club sets record straight on hours change at all 602 stores in days as Costco shoppers seek alternative - the-sun.com,https://news.google.com/rss/articles/CBMiiwFBVV95cUxONTNBbWk3S0VpcmhvdDJOdm9URUUya1NXd2dlTnhOaWhHMU9kWWlzTGNQaUtQaGdrUTdMZUF2dXYtNzVuMy1YZmk1ZWtBMGFpU2xzS2hjQlU4cEpIUzRmbHJEeFp1NDZNMGpVdjRxMHJwTFltdUlVTWJ3bUdWcU1SZE11ZGZQR1JvVHN3?oc=5,2026-05-17 23:12:16+00:00,Sam’s Club sets record straight on hours change at all 602 stores in days as Costco shoppers seek alternative the-sun.com,2026-05-18
The Container Store,Dhiraj Manghani,Mass Merchandisers,Opening,The Container Store & Bed Bath & Beyond Opens First Co-Branded Store in Texas - Home Furnishings Business,https://news.google.com/rss/articles/CBMiuwFBVV95cUxNTDUyNnl1b1FGM2RWWFlmeXBNQy1aWmhxbVpIUEtWdERuVU5ra3J4eDNtU2NCd3dKLVFYWVJBa2l1VnN3bWlaXzctUExfR0RUYXVDZG5vRVRBVDJoenFZMXBkQ0FHUDE0M2d3T2ptalhaQVdZS3ZCN3RrSmhFTDlwY2tfSWZQbElhdXJndVFqVkVLS1h6YlM2LWplaXZWSDRsZjAzREhTS3piQ0hHXzhvdWxwSzdBT3ExMGJF?oc=5,2026-05-17 22:44:27+00:00,The Container Store & Bed Bath & Beyond Opens First Co-Branded Store in Texas Home Furnishings Business,2026-05-18
Party City,Dhiraj Manghani,Mass Merchandisers,Opening,Coming Soon Signage Up at Former Party City Space in Kentlands - The MoCo Show -,https://news.google.com/rss/articles/CBMimwFBVV95cUxOWmdKNmdKOWtOVkQ2N0ROUUxab2RvNUhrTERsWXlZMHdQTUxCS3QzX28xU2dsLTlYUGhWeDd1WVF0WVh3WDFVTTVUNFV6ZURWQWItNlpTSXBIWDhtQTZQOVNXZ1VOWXVSZ0RLTkxWNm10YmpYWlVWenUtNmtmTlBJSlNUVGJUdEo5TGJmaUFTbEl4M24zUXdfdDNkaw?oc=5,2026-05-17 22:07:00+00:00,Coming Soon Signage Up at Former Party City Space in Kentlands The MoCo Show -,2026-05-18
T.J. Maxx,Dhiraj Manghani,Mass Merchandisers,Opening,"TJ Maxx officially swings doors open to brand new 25,000-square-foot store - the-sun.com",https://news.google.com/rss/articles/CBMimgFBVV95cUxNaEM0Z0hwcGRHbDFZZUVYUzNSMktMQnpMZnUtNlBLU1E1OUJTNzk4dXZWNWtCeXIyc2R2NDZiTDRiMTJGeTZYX1NtLTlkcGZfMm42ckNEZk9tNE1UNlg0Z0V1WE5YM3pLNE13RDhDRzRpUWNfaFNCcE9iQnZKRFlJQkpOakZtUk11NERzd3ZvZHhQZGZkeGNrRHNR?oc=5,2026-05-17 22:02:16+00:00,"TJ Maxx officially swings doors open to brand new 25,000-square-foot store the-sun.com",2026-05-19
O'Reilly Auto Parts,Bhavesh Phulwani,Mass Merchandisers,Closing,"NASCAR OARS results Dover: BetRivers 200 results, O’Reilly series results and stage winners - MSN",https://news.google.com/rss/articles/CBMi9gJBVV95cUxOWDFESk1oaW1SanRTMUFhQ0FkejJleDd0dm5LeDVrNXltekxtcS1YdUFDU0tBWTI1SEU5WE5vc2t3bUw4UzA4ZzVPUzZkenhFZnRQbktYVDNudENaV29iS2NKaDFnNFNtdjlVSkVCV3M1VFplQVlTMXRMcnBNb1FYUWhFXzZnSkluVFB0TlV5VTM5YzB6c3ZEcG5GeTY2ekNSdE9vMjdRNkZHQUhJOUs1S2NPWmJ1alRVMUd2WXJDOUVwRWJjV09YZTRlV1VqbHRIV0lvV2IzdnV4dDdNRHRrMm5rbExzUURnMWY2ZVNnLXZ5bXJQdF9IeTdtMnRVaGk4Q2hLSDB3Wk4zYkhWQlhiVGF0YUVFRTlkRHE0TXM2RGxINGZ6aEJqSHpvNE1vcHhTZ0JNQmk4TXcxSUI5RjVuS1dmdG9KWkZIYlh0Tkd1NEt1bU9BdVNOS0xWUEJWWm1WejIwQkdwcDh6WnBGSTFSTElsUjBKQQ?oc=5,2026-05-17 21:07:52+00:00,"NASCAR OARS results Dover: BetRivers 200 results, O’Reilly series results and stage winners MSN",2026-05-18
Chick-fil-a,Rahul Vasaya,Restaurants,Opening,"Chick-fil-A donates $25,000 to food bank ahead of Yorktown opening - Williamsburg Yorktown Daily",https://news.google.com/rss/articles/CBMiyAFBVV95cUxNWWltVUttamxtUzY1WVdUZTRSUk1NSnV6M3hrNERLTEJYMlJwM2NMa2lCbnFjQkRBM0REejV0cnBUaEg5Rmx2M0V5aFlqa3BwcHdXbWs4TnRtR2lXN2ZuR0duMnpYN1F1UG5JYVplVFZrMnktajR5amNHMEg1cnd5ZkpYdENPX0ZiWGduN3ljdGo3ajRkQlF4RlM4dnlGZFZlREVJSFFuYW5vOTVybVVFMFo4akVHN25YLTBjcVFGYUVKMGhmZUNtdA?oc=5,2026-05-17 20:35:12+00:00,"Chick-fil-A donates $25,000 to food bank ahead of Yorktown opening Williamsburg Yorktown Daily",2026-05-18
FIELDS,Harsimranjeet Singh Ghelani,Department Stores,Closing,"Hackney Half 2026 route map, race tracker, road closures and how to register for 2027 - My London",https://news.google.com/rss/articles/CBMijAFBVV95cUxOQnVWdWk1LUhYOGROcTNMRG9XS3JvV21zemRFVXh3MWh6SUNVN1pEUGliRHFCWXdrODN5bFVub2tObkVWekQ4X3k3VnZ0T2g3NXJqNEtWQ3JoeTMya0J2Y0JCVU1zc2lydnB1bWpVVjIyUFVKcldOa3pKWGY2d3BGQkllWS10SmVHa0Vlc9IBkgFBVV95cUxPMHlUenQ1aVdVUXkwYzJwMk13eWpfUFowc19mLURnWi1yTkZVbTlab3JLWGc4ODVDVGZMQXNPU1BJaEdSUzNCX1NJYXYwSTd1dW9Fc0ZXS1BiaFJiT3lOX1NoTEFseDZHRkVRVjZsMjJZWWEzV0oyaU9heU9MbzEwWFEzZDNUNEMyMmpwQ2V1Ty1odw?oc=5,2026-05-17 14:22:52+00:00,"Hackney Half 2026 route map, race tracker, road closures and how to register for 2027 My London",2026-05-18
Costco Wholesale Corp.,Ashwin Nair,Mass Merchandisers,Closing,Costco Wholesale Corp stock (US22160K1051): analyst targets and valuation in focus after strong run - AD HOC NEWS,https://news.google.com/rss/articles/CBMiyAFBVV95cUxON0lRWF9Hd3NrUHFDVnZURFZseUpYdjQyZXFDaW8tUDFQNFBDbEpYM01qcFMtX1dHQUN2VXJpRTdaTmwwYzdRaThSUXU1ZFFEbzFUYW9hYWpxTURjZWlZOUE5RktGSjFUd2J0cUxJUzk1b0d6MklxUUtWYzd1aXlhY1dQMG9CTkROdVktazZIWHdzZjZnWlZ1VWFGZzJ4QmFCWGw3ODYwZFFlRF8xTWItVi15bzN5bDF0alVmUkwtbzliTkw2U2V1VQ?oc=5,2026-05-17 14:22:31+00:00,Costco Wholesale Corp stock (US22160K1051): analyst targets and valuation in focus after strong run AD HOC NEWS,2026-05-18
Central Market,Kabeer Pandya,Grocery,Opening,"COMING SOON: Sensory House is Adelaide Central Market's new 8-seat bar, cellar door & apothecary - Glam Adelaide",https://news.google.com/rss/articles/CBMivAFBVV95cUxOclBnLWdqT08xVTBXS0hGSnptb3JyYXlSb0pBZzI5WVA4Wjdqb2JybXlxRW10NlMtUWtGVTFnak1QTGptS0h6VmVud1BmMk9RRkVIZUxBZ2k2V0hmQTF2QWhlekVHTzROZGtqTGVsaDdPUWlacEd5MjNzZ1hRMVFRUnhvdWl1RUptM0ZLZngyTDNnOElmWldlcEw2LXRWa3pJczFDVUNiRUhQS0I0MHB3X2kxc3BMNy1UbTB2Sg?oc=5,2026-05-17 11:39:51+00:00,"COMING SOON: Sensory House is Adelaide Central Market's new 8-seat bar, cellar door & apothecary Glam Adelaide",2026-05-18
At Home,Rahul Shinde,Housewares & Home Furnishings,Closing,Closing down sales hit At Home location as bosses confirm July shutter date - the-sun.com,https://news.google.com/rss/articles/CBMigwFBVV95cUxOdUJZQm1CR0pXVnplZGhtakYzVl9WUjJYVnQtWW9iVHFXLUJwenp0TlV3ajVNWGxFSXIwbEJWVWNHcFVzRU1YMlFNaE5WNWlQcHhsWm9MNWhLbW9WcnpNakpFWnVabGlIRGk4LUlRWm1BeVMxdE8wNGozUWIyeW15VkowMA?oc=5,2026-05-17 11:32:00+00:00,Closing down sales hit At Home location as bosses confirm July shutter date the-sun.com,2026-05-18
Casey's General Stores,Rahul Vasaya,Convenience Stores / Distributors,Closing,"Casey's General Stores stock (US1475281036): Earnings date, dividend history and 2026 share-price mo - AD HOC NEWS",https://news.google.com/rss/articles/CBMiwAFBVV95cUxQVElkdUVrLTFIYy1RUFQ0ZWRkcmo5Z2dXdWdpUzVBWk4xdVFYRURrRWFqYU1VZEdvNWpOVEk3dHI0VW4yNmgzaWM5LUZ6WlFGdFVETHVhX01KelBkSHJXRWNyTnhSWkNOa3RWaDFEX0lOYW14c2tTZGZYVkE2Q2hRR1N2VGlQSnd5dUd0eFR4TjJaSjV2dmYtZVBVdzBhaTFWRE92YlhTbjZMMW5VX1ZWUlVMeE9BbnpnRXhzZ0FlV0E?oc=5,2026-05-17 10:51:22+00:00,"Casey's General Stores stock (US1475281036): Earnings date, dividend history and 2026 share-price mo AD HOC NEWS",2026-05-18
Food City,Kashish Kasar,Grocery,Opening,Aldi breaks ground on new store in downtown St. Paul. Here's why it matters - MSN,https://news.google.com/rss/articles/CBMi3gJBVV95cUxNUWRXU2lnRGFWUVlsQldsRE9FOC1fNXlBSzNlOVJrSnEzbW56aVQzU3dCbVdHS05ySlVRYzlJZDF0NXdCMEI3dl8xNjhlbWs4RlVpcUtLeUxXcXpTakI5UjI1dnRnYzhTMmJra094YWFuc1JvYVVrb21FQ2JDeGhiMWJUb3gzNlJRMDByc3pvSzc3dVlFd1F0bjdhOC1DOUk4blVxYjJ3M3VpYlFsRlVhdXlzQzJ3cFRSSk5CRjViZUQtOE55a3ZIcl9tUkJwUUtuaWVlMDc1VUwzRTNVRU5SblFuRG94SEZRS0s5ZFJCVl9sTER1SVEzeE5YWmFsaUZtZHpONVNRZnlOY0MyYWpaaGtYdGZGZFhYbkhueUp2TFl0WVhuUXNlWmhEdjF4alo1MHFibHllT0RkV0hueDNwUUdyTDNIVG1BVGhKc0d0bWRQZ0JXVkU0WkxrZkF3Zw?oc=5,2026-05-17 09:43:12+00:00,Aldi breaks ground on new store in downtown St. Paul. Here's why it matters MSN,2026-05-18
O'Reilly Auto Parts,Bhavesh Phulwani,Mass Merchandisers,Closing,Justin Allgaier wishes lapped traffic would've acted differently in closing laps at Dover - MSN,https://news.google.com/rss/articles/CBMi3wFBVV95cUxOWU1KMW1LTEhEdV96cHdQUFV4SHlYTDNJWGZkQy1yMW94aDE1LVUzcVRWazFBSUJBM0xtV0tOd2pXbXQwbkRvczhoSkwzNkFMV0RwRTFUUzRwaUxVbEU5TjA2WmU0YmpBaHBDWnlfN1NDVGE5YVVxT2hJaWh6ZG1uQmFjdDY5dEtpNkJJTzRBSmdCX0RvamI3RUh5YkZHaE9RV2hxbXA5MVo3MkJNYXlNMFdadTl0VnhwUGpFZmVwX2hJSS03ZFduUTg1TE8wRWNyZFpLWVg3NDVPZV9mOGU0?oc=5,2026-05-17 02:27:37+00:00,Justin Allgaier wishes lapped traffic would've acted differently in closing laps at Dover MSN,2026-05-18
O'Reilly Auto Parts,Bhavesh Phulwani,Mass Merchandisers,Closing,"NASCAR OARS Results Dover: BetRivers 200 Results, O'Reilly Series Results and Stage Winners - Sportsnaut",https://news.google.com/rss/articles/CBMimAFBVV95cUxNcDh0N3hBazg5UE9UMXBHQXVwbDhKd3VnUHdwc2NrZlI1MXBsZmxwQmVDUS1tYm9ta3hOREhTeWc3TklEa1ZrWllTTzVlV3p3UEFuZEgybWhGSnJtOUpxVkV1cExpYzVqZ29DZGt0d3RyTTdnUjdLU09jbF8zMzliLWJnMjJFaUFwWjJlOUdjQVNJRm0ydjh4ZQ?oc=5,2026-05-17 01:32:02+00:00,"NASCAR OARS Results Dover: BetRivers 200 Results, O'Reilly Series Results and Stage Winners Sportsnaut",2026-05-18
O'Reilly Auto Parts,Bhavesh Phulwani,Mass Merchandisers,Closing,Youth Prevails Over Experience In NASCAR O'Reilly Race At Dover - Sports Illustrated,https://news.google.com/rss/articles/CBMiqgFBVV95cUxPc1N1WkxPNW9QNnJURlJCeUZtOElGUHJvM1NXeWNWV0U5ZDNDZEhjSDJkUHRsQmk4M2JTR3lLbnQ0Y2h6M3VFSkd6SkxZMW5CNFVMZjlDakR4QTVlbGF5RmNZaWF6TGwzY1BBVGtvWlIzSXRGdjRDZE5fWUlqellPMERfVGp4Wk10bmJEMDJXZkxuSVhEbl9hNmFKS3drTW00aTdGbHlOY2lWUQ?oc=5,2026-05-17 00:44:55+00:00,Youth Prevails Over Experience In NASCAR O'Reilly Race At Dover Sports Illustrated,2026-05-18
O'Reilly Auto Parts,Bhavesh Phulwani,Mass Merchandisers,Closing,Corey Day passes Justin Allgaier in closing laps to win Dover - Jayski,https://news.google.com/rss/articles/CBMinAFBVV95cUxQQS1YbkVzYlkyYnBxTzA5Z1hjamRodHJjTjZ3LWZqbEZaZC1OMDdRNHFsWnNWTFo0UUVxMWRKRVhEQUtpMGtSajRyU285UHp1cF90RGxhdUdpRU1nVGpjZWt3S2xMLTduaEtQUm5IbkRLekx1MWQ4UjM1QkdRU0piVV9vYnlXdXFLREpJeUVoZnpzcWxVTUdhNjg4cUQ?oc=5,2026-05-16 23:29:08+00:00,Corey Day passes Justin Allgaier in closing laps to win Dover Jayski,2026-05-18
Trader Joe's,Rahul Shinde,Grocery,Closing,'World's busiest' Trader Joe's is closing for months - what to know - MSN,https://news.google.com/rss/articles/CBMixwJBVV95cUxQYlhCdGFqOFgxbFpRQUVaVG5PWWpPX0lPckFGUHl4NDJINmVucVh6WEhjaTZ1ZEtnMnRQQUpGaWMweGdtU0hXMTRxQlRFbFdsQ3gxVUpGZjZBNy1BUl9tLVJXZTdXYllOLVl3TFREQXdxSEt4R1pYZ291OG1vRUdUbjVNM2NsY3pZMVlLdllyeVJVcjJwQzJ4RkVMVm4ybnp6d3BXRG1MR1BRdmZtYzVlazJnakYtQ2FHRzJ6cFN3c19SY0Q5a0ZscDRqd0NaMEZtdnJkNW5hdExFRUwyU3kzU2YxVW4tSnp1MEIwXzNRbmtaVnY2SkwySnllSnpwdGFTMGx6c1ZhVC1VdzR0R1FBZEsxYXEyVGc5aUN0VTctNjBUOUJBZWxhb1RGdUZRc3BtYTFVS0VIejVDUFFBYlN6VHV6OEJkMmM?oc=5,2026-05-16 23:09:42+00:00,'World's busiest' Trader Joe's is closing for months - what to know MSN,2026-05-18
Whole Foods Market,Rahul Shinde,Grocery,Opening,Whole Foods expands small-format concept to these US cities - Scripps News,https://news.google.com/rss/articles/CBMinAFBVV95cUxOTGRyMWlZSjdRaGJ5OGJyek90VnVxM1VEeDR4eU9Pb1ZERWVmUERJNW5iQ3QtVjBSVEhzbXpxcXR4NlpPdEpCc0o4ckY1VGdjRDk3NHhQbDBLR2FGMk5LLU9vQzhpQWFrd09INURwRXdYSFM4QkxjMDlDNmdwWC1mNDdwYXhNU1ZQVXdxQUQ3eEF2TVdYVHE1TW9OeEQ?oc=5,2026-05-16 15:28:39+00:00,Whole Foods expands small-format concept to these US cities Scripps News,2026-05-18
Nordstrom,Rishi Nagar,Department Stores,Closing,Say goodbye to Nordstrom anchor store as it sells last items and closes doors for good as part of overhaul - the-sun.com,https://news.google.com/rss/articles/CBMigAFBVV95cUxNLVVPMGdKN1pDaDdTUjVoclplaFpiMm9ITTcxQ2ZVSDYxaC1jTXIwbjM3a0JjeThXQVRRd0RlT3FWN0J5UFplOFg4akN1N1NQT0c0cWJpSGtsd05hODB0TU1FMnNCc25SRTlwOVpWRlNCazdWRXhoLU96UEg5d244MA?oc=5,2026-05-16 14:06:48+00:00,Say goodbye to Nordstrom anchor store as it sells last items and closes doors for good as part of overhaul the-sun.com,2026-05-18
Chick-fil-a,Rahul Vasaya,Restaurants,Opening,Free Chick-Fil-A? How to get free entree at new Naples location - Naples Daily News,https://news.google.com/rss/articles/CBMitAFBVV95cUxPYnc1RURUWDJqQnBtZnVkRlo5TEhhb0pqbDRWZTIxalk5TjZNMW43T2t5b1lVbzA5TGJvZWRPd1UzRl85SXZOc3l1cjNidmZyZlJGWkt5Vm5WYzZ0ZmpZM0pKOThlbGVnUTJoaW1WbTBtTGNSa3VMeGdxLWY4NURPY0JicGpQRWpsVU5yOW5TeWFSRUVITUJrUnpfRmpRRkJacmtzX0NaeEthM3RXZmU5YUNkRGI?oc=5,2026-05-16 09:04:00+00:00,Free Chick-Fil-A? How to get free entree at new Naples location Naples Daily News,2026-05-18
Whole Foods Market,Rahul Shinde,Grocery,Opening,"Popular restaurants, retailers to join Whole Foods at Sarasota Square - Sarasota Herald-Tribune",https://news.google.com/rss/articles/CBMi4wFBVV95cUxQMXpzQjBVSHNBLWNPRFdabHB1Z2RmaWlOdEVHUzRIWDVyM0xWbGw2NlBLcm51Q0ZtWmUwS3JUVEdRekJGczUzM1ZiWlhTdExVc2ZUVGhCV25ycHBSMHBid1NiTTZaUThxOHlwZFBYa2hHb25NS1ExOFpKaWdUYmVxX3BSejZMbjZsb1pMR2tDTHFlVFlOajBSRXR0eE1uZ21VU0FLbVVJeGswR0l2R0hwWWNra1l0UVpZT0VUN19kc2YyeWd4ZTdUSkFpV2xGUDFMc245OFBjd2tONHJLcmd6T0JXRQ?oc=5,2026-05-16 08:03:00+00:00,"Popular restaurants, retailers to join Whole Foods at Sarasota Square Sarasota Herald-Tribune",2026-05-18
Autozone,Komal Agrawal,Mass Merchandisers,Closing,Man Tries To Price-Match Between O’Reilly And AutoZone. Then He Makes A Decision—And Learns An Expensive Lesson: 'I Can Look' - Motor1.com,https://news.google.com/rss/articles/CBMic0FVX3lxTE5TdEljRUJrR0YwVEV5NlcxZVdkRE1rc0NsNVFpdklrMEJMNG1kTWtadGFJV1M0OFg1QVJBekhwb0NMTDBKZFZxNnpoZGhJMHhhVzdBQjZhdkRYZmlfaUtiOE9yU0hQNExEZUJ5Q3dZNzJQNGs?oc=5,2026-05-16 08:00:15+00:00,Man Tries To Price-Match Between O’Reilly And AutoZone. Then He Makes A Decision—And Learns An Expensive Lesson: 'I Can Look' Motor1.com,2026-05-18
Food City,Kashish Kasar,Grocery,Opening,Food City breaks ground on new Madison store - MSN,https://news.google.com/rss/articles/CBMitAJBVV95cUxQR29HM2ZsSjJiWGN4UTV5YVI4SlB4TTVpUGVZX1E5TlBjZ2drNlJ2Q2lOWmpKZHZFa2tSZWxqMTZzd3NFZjVYYzFtdTZMSG1MSzFYa0FDaXUtb1ZscWZ2NV9vc0xpM0g2djkwRFVCZ0VCMjRMR1REWUxzOFhIcmlGRHcwU2pDd1E0YVgzSEJEby1uSHlSc0lRV3RuSWVZRnhfY0FfaTBzTW5seFpJZEFoSkZiUGtWNF9IdG5KX2RIc1ZoUWdDX21hUGpiOHNOR1lMQWZfV1lidWx0U2wxNUZEU0NsSnVxd3lQQmo4c1JaNFhlekY5VTdYXzZjS1RoZ0xaa0xRNDNkUFJpZlcxQUl1NUxrazVfLVZrWVJrczUzbEw1NWt1WXhkMjVmR3RrenUyTS1GXw?oc=5,2026-05-16 05:35:34+00:00,Food City breaks ground on new Madison store MSN,2026-05-18
Chick-fil-a,Rahul Vasaya,Restaurants,Opening,WINDSOR LOCKS SCOOP: Chick-Fil-A coming to Bradley International Airport this fall! - The Connecticut Scoop,https://news.google.com/rss/articles/CBMi2wFBVV95cUxNQjFpcGdpbmNIX2E4Yi1LOUtiRHl2RmJmU0M0ZGdiWmdEeWRqUG1vRDBKZW52bmRsR1FlZEt0WTAxdHpFaU5fdXRXbVZkODdiSzhjQzh0TENVTndrZW1XTDM3Y09hZmE2NWxfWl84YlNBeGtESlBlSmdZRTFtMnNGbXRnNkR0MnpGV0R5VXdudXhCOTBYMEh6RmRJMFNoRmZlY3ZZWlllcGdPb2Q3TWZHdmc2ZUY0bnhYNjNhS2pmd2NVMVRrQk84cXZJNXNCXzd6WGQtVlF0SWVYTFE?oc=5,2026-05-16 03:05:39+00:00,WINDSOR LOCKS SCOOP: Chick-Fil-A coming to Bradley International Airport this fall! The Connecticut Scoop,2026-05-18
At Home,Rahul Shinde,Housewares & Home Furnishings,Opening,Patrick Reed shoots a bogey-free 68 to open the PGA Championship in 1st action since Masters - The Washington Post,https://news.google.com/rss/articles/CBMixwFBVV95cUxPNUVJSG9fX2x0bTdKenY0X21XOS1FMUJYWGhOQ0sxd0FKLUJQN1FxVDgwVWZkb2tfYk1sVm5ydE9ySDR5NTZUbVA4TWxJRlRyQnlDMzJGZzZzbndhcWpILXJYaUF3NUY2bkRXenBWdHV0Q2U2WEk1M3JRYTQ3MERKVkxCcTlfZkQzakZ1U3dvMHRaNDJLMTkzbF9JaGRYMGJ1d3hnbjdSN2lWdlNfeXF3Vy1UbHlLb0M4Y3d5LUdwR19FWENXU3gw?oc=5,2026-05-15 00:22:01+00:00,Patrick Reed shoots a bogey-free 68 to open the PGA Championship in 1st action since Masters The Washington Post,2026-05-15
At Home,Rahul Shinde,Housewares & Home Furnishings,Opening,Patrick Reed shoots a bogey-free 68 to open the PGA Championship in 1st action since Masters - Toronto Star,https://news.google.com/rss/articles/CBMiigJBVV95cUxOdU1ZenFIZjBWazc5N2tlVFk1V3pDSlFCNjRmVXFjcXFvMDdxWS1aOTRMTGdub0Y4MkhiOVBGYms0N1BYNTZDSkI5dGJoQ2o4S1NaWDJKODBGYVljY3NOTjJqdXR4ekFGVHhSdFF0ZUU2dlJkVUVuX3VOeVlpeS03RzJQVnpDblNIcHQweFlNUFR2RU1KeGNocVpyakl2Z2EwanRuMkdpdDluMUtpUVF0MWtmRUlGSmlFbWhkaFVHemJwb1ZHWHhaVlk0aENBdkl2X2Y3LXktSzRKb3dERGJTMWJhTno5cnItc1B3SlRwazl5MWhwWVNyQVFQSTBDaWlEbldHSVlEZjRNZw?oc=5,2026-05-15 00:15:15+00:00,Patrick Reed shoots a bogey-free 68 to open the PGA Championship in 1st action since Masters Toronto Star,2026-05-15
At Home,Rahul Shinde,Housewares & Home Furnishings,Opening,Patrick Reed shoots a bogey-free 68 to open the PGA Championship in 1st action since Masters - The Killeen Daily Herald,https://news.google.com/rss/articles/CBMi8gFBVV95cUxNdHBxVDVXSFc3WjVWYmRiS21NM25YOVhKWXlKVkZ3c1dveUJPUEhzZWN4aEhuSFVKTlljcW80RjdOZjN2Q3BLTUF4STdad3p2dWltcHUzVklNbW9tY211OUI5SlNtOVhXWHBoOV9vQ1F3UFBNSGplX3RIRzhibVVRWUVrWXVKT1RNUnQwamxFR3gyX1haTU5KbVhKdU9YS2ZsV2xVZ2JuVWxuSU9WQ3Q4Zy16dUFaTXhmMkd1QUNrTjkxX19ubU5UWV8zN2F2eTRMWi1QREtpOXRENGhIdHBsRkRKcDNpOEMwY0huZjZCNWRNdw?oc=5,2026-05-15 00:14:13+00:00,Patrick Reed shoots a bogey-free 68 to open the PGA Championship in 1st action since Masters The Killeen Daily Herald,2026-05-15
Chick-fil-a,Rahul Vasaya,Restaurants,Opening,Chick-fil-A to Open New Location in St. Albert - Connect CRE Canada,https://news.google.com/rss/articles/CBMihwFBVV95cUxPRWxMcUNlSDZNbzRDQWtBX09GelV2Qjk4S3FDSF9mSERLSW5aT3Vod3c3T2tLRlczcnRqTk5lam1IeXF5X2xqNXdqRUhFQTBvY25LN1BmeFNGVGV0RjdsQUdSaElGSXFjcXRfSmlXUlZLMnZkbFduOWpjNV9wTVhBcEZnLU5Vc1E?oc=5,2026-05-14 23:39:36+00:00,Chick-fil-A to Open New Location in St. Albert Connect CRE Canada,2026-05-15
Stop & Shop,Rahul Shinde,Grocery,Opening,Extra Space Storage Celebrates Grand Opening At Former Stop & Shop Site In Bridgeport - DoingItLocal,https://news.google.com/rss/articles/CBMivgFBVV95cUxPellIUDBFNEFZeWJ5QldCZXFzMTRWellXQi1tcXRObVp6eTlEQTkzSFBsTHBVdV9PczRDWnlPY1JiUmZhTkpEYVpITk5xNlpvYUVqZTFyWDhadE5DaEI2MUQxZFcwX2JWcVRicWE5LVBSNE5Cbk9iTmZIVDROLWFfbFlhWnpnNlVaSnRieWdIZVNBZUk4VjQtc0JMWS11c1EtcWNLT1gyQnl2MTl2M2NfR2Q3N2pHbmd1dEdJN0RR?oc=5,2026-05-14 21:00:00+00:00,Extra Space Storage Celebrates Grand Opening At Former Stop & Shop Site In Bridgeport DoingItLocal,2026-05-15
Chick-fil-a,Rahul Vasaya,Restaurants,Opening,Yorktown Chick-fil-A gets opening date - The Virginian-Pilot,https://news.google.com/rss/articles/CBMickFVX3lxTE1CTzZyNHpxazZLQjJ3YzN6NE1laHBSS05CY0RydjFnU1V5M28taXFMQ0J2TFVZTkZ2R3JnbWFMa1RWNVUxRWt2clN2OWEyU0VYTWdVRUpIbWJHVUR0R1MtOUpRNVJfc2xraUdUQ0c1ckJkZw?oc=5,2026-05-14 20:30:33+00:00,Yorktown Chick-fil-A gets opening date The Virginian-Pilot,2026-05-15
Academy Sports + Outdoors,Ashwin Nair,Mass Merchandisers,Closing,Academy Sports (NASDAQ: ASO) sells $500 million in 5.875% secured notes due 2031 - Stock Titan,https://news.google.com/rss/articles/CBMitgFBVV95cUxQeFhObHM2YWhhekVUbUNKQ0FGZXd1VHZMUWFESGVoX0drckZuVVVLNDZuN1pxMlY2YXRTWWdKZ3BIRV9vVlhmWXhKdmFvVHBVT2U4LUExVWdwTU9wWGIwSlA1RlhiV01KUVE2eGRYd3o4c1E2XzhocFlQS0oyQkczWGlRZUpVYUpqZWRHWXhiclBBRzJDMzY3VVFQVmkxY0lfZF9OcjF3ZVd0eGJPYnpsNlE3aTJGZw?oc=5,2026-05-14 20:21:41+00:00,Academy Sports (NASDAQ: ASO) sells $500 million in 5.875% secured notes due 2031 Stock Titan,2026-05-15
Academy Sports + Outdoors,Ashwin Nair,Mass Merchandisers,Closing,Academy Sports + Outdoors Announces Closing of Senior Secured Notes - TPI Media Group,https://news.google.com/rss/articles/CBMi8wFBVV95cUxPTkczMmpRVnctbkk0akpyU3ZMWk9rTnZod3otUDR1YlpKM0pmRERuVXFuSEgzbEJ2WEZGN0l2NElzOTE3TEtMREdVUkRaaENod3lJQ0FNUzk4eVJ5OF9rd1dtNWtuVW0zb1dyc1RUcmpkcURaQ0l5eEU4cTZGbjhDTzM4Z0N5ak1kT3MtUzN6NExGTnNveXVlNnpiS3lfLUcxYWZjN2hzNEdlRHdtNFFRZVBJUDNHS3BSZmo3S2FwQjBmaElRa2N3b1RPTG9kVGFZN0lZeGw5Nmp0aEJFY050b2tVbmx0MW44MGx2aDFRWktNTm8?oc=5,2026-05-14 20:05:00+00:00,Academy Sports + Outdoors Announces Closing of Senior Secured Notes TPI Media Group,2026-05-15
Academy Sports + Outdoors,Ashwin Nair,Mass Merchandisers,Closing,"Academy Sports issues $500M, retires 2027 notes and term loan - Stock Titan",https://news.google.com/rss/articles/CBMiswFBVV95cUxQZnpHNmhDbUVHdnkyb1JMeDNFWUNZVi01OTE5NjhxX1U2cWRnX3MtdTc4U1NBOWpLOVg4b2pyck5kbkNwVDJVX0dZTkVVcmE3bW53ODl5MDYxN0JpR2dtTUMtMWxxUXVYeko1bFlkcXFfdGZ1SHAyUXNzX256OTh0dFp1N0hKUWZQN0RJZl91cUtSNWtTLWpkTmM5cl9Vcm1BWW9uZnFLRzVBVW5FblRrVDZBaw?oc=5,2026-05-14 20:05:00+00:00,"Academy Sports issues $500M, retires 2027 notes and term loan Stock Titan",2026-05-15
Academy Sports + Outdoors,Ashwin Nair,Mass Merchandisers,Closing,Academy Sports + Outdoors Announces Closing of Senior Secured Notes - Yahoo Finance,https://news.google.com/rss/articles/CBMiqgFBVV95cUxQLWhRdGFoWkJ0OVZLcWpnMFZraVF6VGFKNUxoNnhTUzE2R1BORy1WVDBQMEQ1eEF2cGI5ZmZMNTJ1dk1aX3JHLUk4NFNvR0VkOXRod1FoZ2hGYm5Fd0ZZeUJvMGt4UW5IWGM4d3BYaVdldkc0M3NlN2RWN1RHdXBySkp6c014c0g1Wk1NVi15OUhIc2t2YTNBZk5XR01pRVVwZWFnMndpblRMdw?oc=5,2026-05-14 20:05:00+00:00,Academy Sports + Outdoors Announces Closing of Senior Secured Notes Yahoo Finance,2026-05-15
Trader Joe's,Rahul Shinde,Grocery,Opening,Trader Joe's opening new location in Washington - Kitsap Sun,https://news.google.com/rss/articles/CBMiuwFBVV95cUxOcERhNndXZlFnenlVTUg5VV83TGVFVDVLckVjWW1BNU9NYy1sWmRPRUplQVBCakZxTUJrQ29nQmxGMGdPd2tmOHowV3dEQ0RpMnpXTGlmMjVtSnJVWEhzdkNMLXY4dkFPakdFWjNscWdKaGRWejQwWGtRMVVwdXJPQ3MtQTNtcVFNREdXdjZKZkU5Q0VBVFJ4VGE0WHJLbEhhSVJfcE93S1J5ZThDdkhycEN3dVR3bUxXZ0Jn?oc=5,2026-05-14 19:34:00+00:00,Trader Joe's opening new location in Washington Kitsap Sun,2026-05-15
Dollar Tree,Ashwin Nair,Mass Merchandisers,Opening,Dollar Tree Opens New Distribution Center in Arizona - Progressive Grocer,https://news.google.com/rss/articles/CBMihgFBVV95cUxPcFhwdUppZEJfejdPQ055Ul9nMm5BUXZBeXFLUmtXWjRWWURDbnR5c0tHQmoxaEdvQVp5VkdYemxlRFVFNXhHSFhTakpMWXByUlNEellrcm5sc1ZBOUxnUlBtT1pEcDRyeHBHWTJIT2lhTktyNkhETk0zZGFYZmxvRUtudW1aQQ?oc=5,2026-05-14 17:55:25+00:00,Dollar Tree Opens New Distribution Center in Arizona Progressive Grocer,2026-05-15
Chick-fil-a,Rahul Vasaya,Restaurants,Opening,New Chick-fil-A in Indio announces grand opening date - The Desert Sun,https://news.google.com/rss/articles/CBMiuwFBVV95cUxOdW04MjdnNWhFR0dEYm5yQ1hQTzRJMFVrRERqZ2I0ODFOSkNqY3ROVXRHdDNONzd0LVlxTHRiaTJud0hteV9OWDJma0NNMXI1dVhXMHdKZVdvSGZrTWJ1ZlVTREVGTzBFVVA5Nk9fdnNjOW9KUVJQSGhhaG5nbndlbTBUN1pkLXlIV016SDRJUGRtVnk0aTB4QW9yQTVrdzRoZ0txZWthNDZVdTVrSDRPS3dmclR1SlJlRVhJ?oc=5,2026-05-14 17:30:00+00:00,New Chick-fil-A in Indio announces grand opening date The Desert Sun,2026-05-15
Trader Joe's,Rahul Shinde,Grocery,Opening,This Seattle-area Trader Joe’s is set to open tomorrow - The Seattle Times,https://news.google.com/rss/articles/CBMigwFBVV95cUxOQ0pyaWF5WHlTNlFVeVRnbFotZEV4UDFON2NfbTRaUy1adzFKdmNXNDBwMmdqc0xvMlJ0Z3FKX2ZUNFpxaFdVLTlVTi1CWHR1V0hjVFlGNTlMbk4wUEpCb09DdWh4Q1NKdVlTNTMycUU1QXB3cGVDekt6NGY3X3NVY2pXbw?oc=5,2026-05-14 17:08:18+00:00,This Seattle-area Trader Joe’s is set to open tomorrow The Seattle Times,2026-05-15
O'Reilly Auto Parts,Bhavesh Phulwani,Mass Merchandisers,Opening,O'Reilly's Auto Parts wants to open on former Local Craft Kitchen site in Branford - MSN,https://news.google.com/rss/articles/CBMizAFBVV95cUxNbHI3UVRsMmE5by05RjlYTWhXeDdTZ1lkS2hSNERYS0pVSlRLSU1UYTdLcjJDTU1NNTJJZ0JjY2JXajNtc2ZmeXZ4eWdpVWhDYVdZMmxzaFJZRl9SVnMyeHpMM2l0djdZdW5HUEVOMEs3TVNwUkExUXVIaG56NmM3TFhPSVNDOWp0OGNSTndmc3RTNEhYOG9sUjBHYWVLczFPanVCeFMxM2lSOFZaN3R2eS1uakxuWFEtUU0xYXFVVGtpSHVkRk5ZMVR6ak8?oc=5,2026-05-14 17:00:30+00:00,O'Reilly's Auto Parts wants to open on former Local Craft Kitchen site in Branford MSN,2026-05-15
Sheetz,Ankit Rawat,Convenience Stores / Distributors,Closing,Popular Metro Detroit Eatery Closing For New Sheetz Gas Station - Patch,https://news.google.com/rss/articles/CBMiogFBVV95cUxPS3o1eFVHa1BPNVpLNjVkZzBuVkRKQ0NXeUhmZHZYdFpKeXV4TWlqVURFS2czMlctV19LeW14Z25WbzRmbkxtVUpiVWRabW90SV8zWHBWOWx0Zk5LNEhEbGY5Ql81YXN2VW9EeVZUVnpwNGRSUFlESzI2NTBvMTc0U3p5X0Z0UGkwZUh3WTB6ODA5c1hCbUg3QmpjMHZxXzlHT2fSAbgBQVVfeXFMT3h3OGxLTWhFdWtSZGJiOFoxSFo4cEJqU2NOWUU3emM1RThYRmx4c1dvVGpVNmRmX21TRDJ6NDAzSmM1MVNoUVpDVkN4MTNvNk1HSno3T2MwWkJmM0xMYUFtc1RCQWtpNEstUDJBLXpkS2p3ci1nMXo5UGc5YXdMZEotMmV0dnRVTHhIczZRS0swQkxpbENSX3QzUDdhUkE0NUVSSnhta1Z1SGFlcTJqNS01R0N2bXdDMA?oc=5,2026-05-14 15:54:13+00:00,Popular Metro Detroit Eatery Closing For New Sheetz Gas Station Patch,2026-05-15
Dillard's,Ankit Rawat,Department Stores,Opening,"Dillard’s is so confident, it opened a new store - Retail Dive",https://news.google.com/rss/articles/CBMijwFBVV95cUxQdTJXQmJyd2xnV1ZDdXh0Z3lsbGdaTnpvRnZKYm85RnhwVjRmN2VEN0RPdEF6RXFYYXBsTnJEemZPOGo5TmtRN3dwTmNuV2hUZWdTNVNScF9qRjYtNGZPcWVyNm1uel9hR0JFN3JuaHBNYlJ6N3A5aWFyaUtBbU1iVWpTd1RkYlVKMjZRVGFHRQ?oc=5,2026-05-14 15:43:11+00:00,"Dillard’s is so confident, it opened a new store Retail Dive",2026-05-15
Chick-fil-a,Rahul Vasaya,Restaurants,Opening,Chick-fil-A Announces New St. Albert Restaurant to Open May 21 - Chick-fil-A,https://news.google.com/rss/articles/CBMif0FVX3lxTE1XZmN5eElWbVpUNWdsTERRZnJCdmd5Ql9adC1TeTVaU3RYQjhOdmNGejBKNVhFUURJYlRCOWVOeXo2a29ZTWFranI3MzMzc0tJX096bHVKa1pkSDhsT2JrQldVeWJmM0JtWHpndVJrZi01V0UxVG9TUjc5OFNabVU?oc=5,2026-05-14 15:00:13+00:00,Chick-fil-A Announces New St. Albert Restaurant to Open May 21 Chick-fil-A,2026-05-15
Grocery Outlet,Rahul Shinde,Grocery,Closing,Grocery Outlet Q1 Earnings Beat Estimates Despite Weak Comps - TradingView,https://news.google.com/rss/articles/CBMitwFBVV95cUxOcGtkVlJnb3h2cEZUVTlBdUM3NVNjNkRyWWprN3J0cXRBc2tzZVBtbTZwRnEwMHAtblB1UlZfZFVYX1QwZ1lQM1VQTmRva3BocG43WTlpcmRkLWtlLU5aME9seTllci1LcnJVaWlyd0x2b1pHRVNBcGVLMnR6bEhyUUx5TjdjSE9XaVJqMURjZk1xdFIzazVTSXFVQ0dwSXFQS0kzV0Nmd2JuNXMwd1BwLUdNRzhuRDQ?oc=5,2026-05-14 14:43:00+00:00,Grocery Outlet Q1 Earnings Beat Estimates Despite Weak Comps TradingView,2026-05-15
City Market,Ayushi Chandel,Grocery,Closing,Rockford City Market returns Friday. Here’s what to know about road closures - MyStateline,https://news.google.com/rss/articles/CBMiuwFBVV95cUxPekpiaDZVMHh6VVk2RllZdVYySkEwODV0OFlTMWNDT1BTU3RfUDRNREJFZVlFbklPN3ZmUjY3TldzR1cwRldDOHZvcV9iU3BzRGR1OE9FcHEyVExrSTQ3OVN3ZldicW5mVjR6QzFfSTJQb1hqQjc2dVdhQWhZTHo3NEpSZXd0YjMtSU5OQndteXRrbVdYZ0ZDMndBSGwwZTdUQ0FXR0tVLWZ1M0o1b19XSmllWEhSMV81TUo00gHAAUFVX3lxTE9YeExScUY4c2JnUlpycFgwV1RGME9ZMUxRNjhQYlNYWWc5c0k1SXNOc3dOU2FhcXFyOG5lMWVHeHEtakZUVHB3c05YZGczZS1DcEpSX2xBNndJOGtKWTBsTERTYVYzakFSRlVRS3BiV28zS0J0eWIyZEg0SUNpMXVXdkpidlpBQnFuTnNwM3RWbnRJc2FFaG5xUXpMb3ZpT3VwVFZmbHZBeTBJWjJFd0o3eTBUeno0VDZHNlhiZWlaQg?oc=5,2026-05-14 14:31:56+00:00,Rockford City Market returns Friday. Here’s what to know about road closures MyStateline,2026-05-15
Chick-fil-a,Rahul Vasaya,Restaurants,Opening,New Birmingham metro area Chick-fil-A location opening soon - AL.com,https://news.google.com/rss/articles/CBMinAFBVV95cUxQUU1JYUw4d3lSNHBwTzlVV0I5bV9aZ09weGdBQnBMTU9uLTFTRmdJNEdtd0RqUkdvMlRidWFUY2JqWldxNFIxbU1WaXJFVlpwRGVNZ0hKMXRuMkFxSHVlX1Q3VnY5VUtJLTJkWk1wbjZ5bkJjaDNPUkZmNW1ySGRzRXVhLUZpX3E4dThPcEhUNmpsQmFfRGtZRURreHbSAbABQVVfeXFMTU1jakItY3JjR1R3OENHUkRyeHBJRmdvX1czUVJpUVZfZjdJS2hqN3VNWTlSbl9xemp6N1JUZVg0bTBxd0lOcmFpUnpMeUNhaFRnNEJHUVBWN0N5a0VudG9XZTh0OGkzZlJyVXFNZ2JTaDdsUTVVVjNUSmJheGhRc1htdm43dTYxZVJhYjlIT0JtUHktdmhCb2Q4cHVMTkRIY0dGeUJuVFYtbWxfY1N0cno?oc=5,2026-05-14 14:15:00+00:00,New Birmingham metro area Chick-fil-A location opening soon AL.com,2026-05-15
At Home,Rahul Shinde,Housewares & Home Furnishings,Closing,Branford’s Home restaurant to close May 31 after 14 years downtown on Main Street - New Haven Register,https://news.google.com/rss/articles/CBMilAFBVV95cUxPZzFDNGg3dlViQjBwRmI5VC1NaHhINGJhRDdaZTR6aWkwWjd3RlZPSEo4MXU5MnNSUnZxLUZsNGZHS09sOHM0aTBwb0xCdTZxZkJwU1pQNjItTE5KMTFFeEpfcFdiTUhUSGsxVDl5QWNEdlJ5MnFvZlpSeGRlNkxJRkJIQWZIbDRXRHNINl80UDZLLTZu?oc=5,2026-05-14 14:13:54+00:00,Branford’s Home restaurant to close May 31 after 14 years downtown on Main Street New Haven Register,2026-05-15
Whole Foods Market,Rahul Shinde,Grocery,Opening,Whole Foods expanding smaller Daily Shop concept to 3 cities - intrafish.com,https://news.google.com/rss/articles/CBMiqgFBVV95cUxQbFpRRXFac3ktWGVWRGViYy1KYWFmTXdGY0Y4SDhVYTdMbWh3Y19MS3QtRkEwWGNGVERvc3pQaG1vZkhWb0lSQnZId3UyRnI4VU82R3E1SnVpUWpfRVBoWU5mSTRLXzJEelFMaDlKLW9JellNcmNCSkN0TWI5VHpiMUxwSno4cEVjM3JPWWJGWXNEdkkwYS1GR21HSnFIbnV3dlhHMEI3Ym1nQQ?oc=5,2026-05-14 14:02:46+00:00,Whole Foods expanding smaller Daily Shop concept to 3 cities intrafish.com,2026-05-15
Party City,Dhiraj Manghani,Mass Merchandisers,Closing,Party City store closures started a war to win over its customers. Two very different retailers are on the front lines - Fast Company,https://news.google.com/rss/articles/CBMi6gFBVV95cUxQb3pVOWVzQTUzTy16VDVQNkY3Z2oxTEVBLVdkQnVnT1l5SldLamlRVjhLMDk0ZWY3LWcxZEVOZzhJSlFiU0VIUHVQMVRPc2hGWHBHSnBWY0NBVFh0djJ2UEYxb1BublJQVXdmbkxEQWNtb20zbHBSQzlWMUx6ZFprekNfR29aUlJtbVJoR1YwQVVXdTFCVEZ5WEFHSEZoOHY5WmZqcnhYWDQwVEswQzlEOWtvN05MN3VDOEpNc0hEc3ZOVU5ILVlROUR0elZwaVREdlRYZVV1M3hSMTRMbjFTWXBVSVd6MS11MUE?oc=5,2026-05-14 14:00:07+00:00,Party City store closures started a war to win over its customers. Two very different retailers are on the front lines Fast Company,2026-05-15
Dollar Tree,Ashwin Nair,Mass Merchandisers,Opening,Dollar Tree Opens New Arizona Distribution Center - Store Brands,https://news.google.com/rss/articles/CBMifkFVX3lxTE1lQVFXbDU0RnkwZ252TXZ6RldycXdBNWFhNF9IOUhjLWdWN0JCbFlMekg4U1ZTNnBuWlhKcEZkMWFnN285NGVoOGotSDJ1VWtvUVJndTBSdE5DYXg2VXJ6SGVsTFNySW1mZzJ1bWpuLUZpNXI0bFd3YlY0X3d2UQ?oc=5,2026-05-14 13:26:16+00:00,Dollar Tree Opens New Arizona Distribution Center Store Brands,2026-05-15
Cub Foods,Kabeer Pandya,Grocery,Closing,Longtime grocery chain closing store just 2 years after opening - PennLive.com,https://news.google.com/rss/articles/CBMiqgFBVV95cUxNbDE3cjFWcnFIdEVRREtRdEFZVmJmMzZSaHdaengtVGJESzRKT1lCR2p0OXNLTG5Oc0hRX1hpc0FaQXRYQTAxMm9vS2V4SWlycm5CMEVVNXF0SmFNWG5EdzBfd1g3dF9jUElkbDVhelowRmxmVVZyckhrRFZzOUNUMDEySm5jNUtXTkl5RVdDSnFWTnFjc2lrU01aWXkxeWdOUVdHWW1ZcWhSZ9IBvgFBVV95cUxOUUZyX2cwOTJWUHRVQVBJY3pkVFFSeEljVVVUUHg1LVRWbTY2RkRNMUc4anQyTm5NaHRUZEt4NVU4enYyNkp6YVlHMzdWTHRpMG1sZm1RcDlPUWhIM3cyVFlrck9lQXVRZUdVUEcyREdtUnI0X1JCTUhoci1TZm43N1NwUzdGUjVnVmgyYWdoR1A2eFhnalZSTk1CSWRWenU3cjBWUkRjLU84elUzWVJyYmdOdVdmMUFBZWdOZXln?oc=5,2026-05-14 13:00:00+00:00,Longtime grocery chain closing store just 2 years after opening PennLive.com,2026-05-15
Fred Meyer,Ashwin Nair,Mass Merchandisers,Closing,"Kroger’s Fred Meyer closures in Puget Sound region spark debate over retail theft, impact - MSN",https://news.google.com/rss/articles/CBMi7wJBVV95cUxQcENMREpxWHBlYmRiVHY3MlFSNzBQS1hFaEllZ0wybGRuQS1vR0RFTjd6V25OY0taNEVCMUhmaTRkN19IRXhXYVZDU1dlZTZCY0lKT016X284WTVjS1lCbG1TeFNXUTV6R3A4aW5xSjd1TXB1ZXV3cWptTDhzM3A4X3Z4Qnk0cC1RSWZVRE51Qk44QTBEU242Skt5Z0F0ZGd4VVpUSWdWam04M3ZWSld4dmFjRHhVakhvQ3VoRWFmYVN2cThPWW5JRWt5Qm5wQUNUVnp2ZEJ2dkRQRTlxTDJqeWpXMGRKNzIzYWRLUHZrVFdoeGl3c1hDckR5Q25YbUZSUFZXTjRLeTc1ZnhhNkJ1bEVCenpTcjZYS1h1NFpldVFGYnRQR0pfeEZLNVdsQXVrOUdQWTdFSmNHUE14elpHeXA4Mm9neWtWaGIyczJPdUNvZmN2bk5jM3pLT0RiM3N4WEhndlV0M1RSbzF4ZjVz?oc=5,2026-05-14 12:42:55+00:00,"Kroger’s Fred Meyer closures in Puget Sound region spark debate over retail theft, impact MSN",2026-05-15
Whole Foods Market,Rahul Shinde,Grocery,Opening,Whole Foods Market Continues UK Expansion Programme - KamCity,https://news.google.com/rss/articles/CBMisgFBVV95cUxQcU5nNVJHRG9KNGtuSU1Vb1BNU1ZhSGM5Q0VudDVDOUprbDhuZkcyNVVZNUhJZHc1YUlHdnNBUTlGNHltYS10SHNYSVVIRVdXcGUwN3IwdTNmeE1EZXd0eWw0bl9ZOXR1ZG5UNDc5d3BvcHIyZk5mUHpsVHVQdWJXcnNlSk9OeWJaZXp0LU0zTDhqNktoUVFhb09PeERmVFd5Skw1TkZPc3h1b0ZZdkFvWWtn?oc=5,2026-05-14 12:09:15+00:00,Whole Foods Market Continues UK Expansion Programme KamCity,2026-05-15
Harris Teeter,Ashwin Nair,Grocery,Closing,Major grocery store closing soon in Stanly County - WBTV,https://news.google.com/rss/articles/CBMihgFBVV95cUxPTERTaTdsSU1vdVdxdHB5U3R3XzVJNHFzYnFXVjZxQXpGamttR2V3RmJWRHc2eXNqQkpNU1NkejZ6TWNpT1NqUjE2eWcxekhFenliRXdhMnVacTN1MGt3NjBLdVg0elhsaHhnVmgwZ0t0alliVDlocE85SlZhRWxTTmpobjJoQdIBmgFBVV95cUxNMmNMRHNFMU9NM2R0WU1ROGtFLU1OUzNkMXlmeTR2b1RBS09xWnhLdVo3aXhYeDBMTmlwVXNycnRqb1BKWUhMTGRISnk0T1BVOG4tVnRFQURoaE83UnpGUU1Gd29UZG5PNHJyWWJfUDZhZ01BVkllUzlCZ3FpZHdhU0NIbllKcVVXUzRWOW1jVHlCUzlNN3piVEhn?oc=5,2026-05-14 11:54:00+00:00,Major grocery store closing soon in Stanly County WBTV,2026-05-15
Autozone,Komal Agrawal,Mass Merchandisers,Closing,AutoZone stock (US0533321024): Earnings beat and recent price dip - AD HOC NEWS,https://news.google.com/rss/articles/CBMivgFBVV95cUxQbWtZaVRIV0NGcVNER0M3UktVZEFiWnI2Z2ZBaEFQSi14Q2IyNlpRSmlvQl95Uk5xQmJqZkxGbmN0NXNneUV2WUlRQTFNUWEzeGlVUWtlR28xS3BOMVJ2WG91clpIQldpS2NsS3JMQTJYWkd3ZFYxM1VWVXpxbDBQTU5KTG5UQkVNREFFRVdKeFh3bVJqWVdyb0J5dy1KYmxPWGJLU0dwRURkNzFxeFpxSmpsRldxZFpKVkU5eFFR?oc=5,2026-05-14 10:28:00+00:00,AutoZone stock (US0533321024): Earnings beat and recent price dip AD HOC NEWS,2026-05-15
O'Reilly Auto Parts,Bhavesh Phulwani,Mass Merchandisers,Closing,NASCAR results today: O’Reilly Series results at Watkins Glen - MSN,https://news.google.com/rss/articles/CBMijANBVV95cUxOQlpwSC11VG1pSURTc2lvVEZrWWJxR21ISXlLeFpzbV9haGx2RnlSaHloRU8zdTNZdHltTFRJeTVBX0U5NFZkekU5eU9jak83VnFHLTJycVBpR0pQQ1lqRTBfTVNUMVFYSlhSU0o2VUEzMGJvSnhaM3RfeEt4LTViYkdfTkxFbDg5QUNWczZBMDZTMHFTOU1vTm5fbWpNWDFCRFJCQVBRSmZvSDB3SFhaNnBvUU1nRUlLTVVhRTU3SmRUeXBfR0FkMXFwc0NVQTV1clBsV2VyRFFYS1ZzTVhBcVVqaXlqeWVtZ0h5NlJvQ3VvZVhHRFprUEhoU1RfOFYtRGR2ZVlWZVFpNWRvMHp1WHdWb19BWnF4alJVSVRLdU5lZkxobmNrVFpqRTBQR3g5dHVRX0pxMzZ4Y0pfcnowMEYxUGFMSHFJdkdoMndZRjRhMU02eTlpdS1zZldSMlJKM0thVF91cnVaT2d4TjBNWWNfaGdreHQ1RFJzRU41amF1QXJkYlhsYUVpSzg?oc=5,2026-05-14 10:15:52+00:00,NASCAR results today: O’Reilly Series results at Watkins Glen MSN,2026-05-15
Safeway,Rahul Vasaya,Grocery,Closing,US Safeway Store Closures 2026: Hechinger Mall Location Closing as Retail Chain Restructures US Stores - Nbsla.ca,https://news.google.com/rss/articles/CBMiXEFVX3lxTE8tdzJhVGhaUkhqVlk4cm5wRXZETkRvTEs3bkNVQk55YTNCOEFBM1RFRk1Wa2lrTDNlZzlIUVV3Wl92M3ZSamZHRmRPbFRrbXBBTzZZakNCU2Nlb2lR?oc=5,2026-05-14 09:48:19+00:00,US Safeway Store Closures 2026: Hechinger Mall Location Closing as Retail Chain Restructures US Stores Nbsla.ca,2026-05-15
O'Reilly Auto Parts,Bhavesh Phulwani,Mass Merchandisers,Opening,O'Reilly's Auto Parts wants to open on former Local Craft Kitchen site in Branford - New Haven Register,https://news.google.com/rss/articles/CBMilwFBVV95cUxQckhvT1l0RXJHVGZNQjVYYXBTdzB4S2w0c1E0QXEybHB1cS1EdkR0R1ZGYl9tdV8wQlZyY3FEQkhzU3FSZUhSdHZTUk9mX0dCSkRQWmQxNGZBZ3I3d2VxUEVHeWdrRGhfUjhsQzk0cEc4Y3p5cU02dmpQUWNoOEw3Nmx5ZzhCUUpvbWVLem5xZjBxbTdaY3ZB?oc=5,2026-05-14 09:09:32+00:00,O'Reilly's Auto Parts wants to open on former Local Craft Kitchen site in Branford New Haven Register,2026-05-15
JCPenney,Harsimranjeet Singh Ghelani,Department Stores,Closing,Final days for shoppers to enjoy JCPenney store after big box retailer confirmed May 24 closure - the-sun.com,https://news.google.com/rss/articles/CBMijAFBVV95cUxPaTN6aHBLREowYzBISVo4RnoyUnc0RXZsYmhuZnZoalFhVndNX2J6cGJ1dEVrSTQxVVNNbzJUZFFMRVBWSWpmU0RBUnFicDhuZko5ZW5FMXB3RFA2d1NLQUlHLTNqcVo1WUpRamlLMEExMWsyR1czczhCb0YzVTQ3NjhMYk95YTlmV2dObw?oc=5,2026-05-14 08:19:47+00:00,Final days for shoppers to enjoy JCPenney store after big box retailer confirmed May 24 closure the-sun.com,2026-05-15
Cub Foods,Kabeer Pandya,Grocery,Closing,Cub Foods to Close Rochester Location Amid Strategic Restructuring - HarianBasis.co,https://news.google.com/rss/articles/CBMihAFBVV95cUxQTXRPRmlmRVhpcm55WGZfeHVEZjhOb2xRMDlTWG9uUWxuWlBhbV9IM1RKMF96eEpJMHA5ZmttUmhfMGR6VF9CdEtscWlHMXFvLWVYb0h0WW1yS0FSZVo4eEFTVzYxc29WRmJVMzlXRTZ4RnQ1VWRnNXhnTVhuZUdXRHh2OWg?oc=5,2026-05-14 08:09:30+00:00,Cub Foods to Close Rochester Location Amid Strategic Restructuring HarianBasis.co,2026-05-15
Dunkin',Kabeer Pandya,Restaurants,Opening,"New Dunkin' opens in Harlem with free coffee, charity donation - The Augusta Chronicle",https://news.google.com/rss/articles/CBMiygFBVV95cUxPWlRfTldFMFZVZjZpZ3R3VFd2eFUwcUtDM0FPeC13eTdRVUxUMl9lUm05RENtdTNZMjQ1b3I4V2k1Wi1acnluaFkwcTdfSU9kcTloU0g0VE9uSWhHVjZ3MkhjRXR0ZURSX0tFamdRYzNmTEtDZHRrQU1xeHZSNkFoMkpDU1M3ZGNzV3lEc0NSVDNVRXk0VEJsV0p2MmNkRWhHcGNzZFNpbmMzMnRaT0dId3dqa1BOcFNJbTVibU01dWI1bDA5eFFFYXd3?oc=5,2026-05-14 08:02:00+00:00,"New Dunkin' opens in Harlem with free coffee, charity donation The Augusta Chronicle",2026-05-15
Barnes and Noble,Ashwin Nair,Mass Merchandisers,Opening,Barnes & Noble returns to downtown Seattle with May grand opening - MSN,https://news.google.com/rss/articles/CBMiuAFBVV95cUxOaWV4ckRhcDZjRUhhSEZ5cGdGU0VJMUxWZ0RGU21hek93VEJOUXp5ZUtQZEpfZG54MW5NWnNweGZPTHhFZGdCQmtPemo3azBvSndISjVBTU1lTGVIT0ZYeUYwZFFsVEVCNG0wNDVjOXE3SWZoU3o4LS1FY1ZpaFp1MjJsdlVhQzB3X19zR2tGZGhHLVAyX0h2by11MmE5a1NfdVZfNm54T2d3SXktOGVweXRwYzlvN3hH?oc=5,2026-05-14 07:04:47+00:00,Barnes & Noble returns to downtown Seattle with May grand opening MSN,2026-05-15
Trader Joe's,Rahul Shinde,Grocery,Opening,Trader Joe’s to Open in Spring Town Center III - WhatNow,https://news.google.com/rss/articles/CBMiiAFBVV95cUxNREFlVG1OM2psVGtKMTk2UGhXd0pRMUdoNWZ0Z1U0dldSQjdjQmt6bllYQmdiaExEcmdqMm5kb01NWHYxX0tQR2REcmV2a3pWZ0paSUtFdXJnMUJ0RVdhSVQ1UTJnR0VvbjQ5ZFRTZ0F6S1B5Y3FqN1NaSS1ROU9kbmdyRFBaanR1?oc=5,2026-05-14 05:57:29+00:00,Trader Joe’s to Open in Spring Town Center III WhatNow,2026-05-15
Rite Aid,Shuvechha Dere,Drug Retailers,Opening,'Boutique'-minded Countryside to open 7th market at former Rite Aid at Calloway and Brimhall - KGET.com,https://news.google.com/rss/articles/CBMixgFBVV95cUxNQ3c4NkY1NmNzX1J5T251UmMzaXB0RzJKNnNXVnZydy1pMlNHaGRqVUJqdC1nVGFzZDJMaElUTmJHX3JmcnJybG1KRkVVM2ZqZ0kzemFJejhKaHctVkJTZURjeEw5YjFLNG0zRmRQaktHYU0wd0RKdC1aWGEzaC1YV0U2MUVMeW9mbXVOZ0hTUW5vSExZbmI0TThDRUUzMENKMlR6R1BrX3ZWcld1UE1raE8tYWQzQXBwODFZeW51NzlqVzgtX2c?oc=5,2026-05-14 04:43:01+00:00,'Boutique'-minded Countryside to open 7th market at former Rite Aid at Calloway and Brimhall KGET.com,2026-05-15
Rite Aid,Shuvechha Dere,Drug Retailers,Opening,'Boutique'-minded Countryside to open 7th market at former Rite Aid at Calloway and Brimhall - AOL.com,https://news.google.com/rss/articles/CBMiggFBVV95cUxONnBILVV3LVBEVEhhOWdhRFpFU01JMi1XUlY2SVIxMjRvOXJFTDVXUFR2THo2MXUzMjc4Sk5QQ0R2QVNlaGptbnJZall1ME5xa21IUTNMZzVjQVYycWNmRzFiVWREeGh4cnZjMk5Ma0FmdkJqdnVsZnZ0SHdxTGs2MWJB?oc=5,2026-05-14 04:43:00+00:00,'Boutique'-minded Countryside to open 7th market at former Rite Aid at Calloway and Brimhall AOL.com,2026-05-15
Whole Foods Market,Rahul Shinde,Grocery,Opening,Whole Foods Market to open new Notting Hill store - Retail Bulletin,https://news.google.com/rss/articles/CBMirwFBVV95cUxPMjJMUUlBZHFhX1hTWS05NXlWaWZxNm56eGZiYXZ5cUZMcU5pZFd4NDJNZUV4ajVmQnhNcnRuVEViSjRQV3ByeS03d3hBbjltUXktYnVoQUNzNGRQSGVOYWRXSC10Q2dETXRiMzRrN1RJeXdsNzBEWWhtdk9ibW95NnZ3VDNNTTNkZ2tMU0N4YXdPSU9GUzRJSnZMQUpXdklXQmRNeFlpdXJycWdwSUZz?oc=5,2026-05-14 04:08:30+00:00,Whole Foods Market to open new Notting Hill store Retail Bulletin,2026-05-15
Mariano's,Moksh Kashyap,Grocery,Closing,"Mariano's closing several suburban Chicago locations, citing long-term health of business - MSN",https://news.google.com/rss/articles/CBMi_gJBVV95cUxOWVZKSEk5bjZXTnpkNEFSV1RkZzNIdHBlVmdfN1lpaVRqeHZkb19xaDlNTV9ZZElocmZ3czFzU3JmTlFqSENURnBHOW5VZjh6Uzd1Y1dFQWx0dEN2N3prNWw4NUZDb2lVRWlPZ3VyNS1RQ21hSkM1dUZiWEY2ZWJzX3NXSlJobXlMNUpxcFhRdU1FTWhjcVUzejZqQXRLNi1STGgtdzZ4ZHVYQlg1Zk53YjZkeDhzTi1IaWlXUXhJaU5JYXhBWDFpd1d5LWwtSW9ULTY5WHRUOFlVSWtNNWZ5ckRhdHZoMnZldzRIbDAxVlJ6ZlRDUTVZX29VcGpNWWVfVWNhRXFVUEtqUDJyUU00eTVlRDhMUjRvNzF3a2xRVktGMVI4bkx2MkFEV2hVSzBYVVpyOFM2MXRoZ0FnSEloMkFFVUxxUzAxdUZBZEFEZXE4cnFGRERleWxYSzBSUWh2bmM0dVc5anNqWTMtaUNfU3NXNVpUNGc0elZpbC13?oc=5,2026-05-14 01:29:18+00:00,"Mariano's closing several suburban Chicago locations, citing long-term health of business MSN",2026-05-15
Meijer,Bhavesh Phulwani,Mass Merchandisers,Closing,Could 24/7 Meijer and Walmart Shopping Ever Make a Comeback? - WBKR,https://news.google.com/rss/articles/CBMiW0FVX3lxTFBxNUpTUV9qeWdnWEd3eno0dkZFUVpaM3J4dE5PbzFHOWFZaVh4bWFObmpTRTV0YktkRFF4cUMxbVJRTldkaURKb04xRFpQcWZjcnBBOV80V2VFUGM?oc=5,2026-05-13 23:37:23+00:00,Could 24/7 Meijer and Walmart Shopping Ever Make a Comeback? WBKR,2026-05-15
ULTA Beauty,Kashish Kasar,Mass Merchandisers,Opening,ULTA Beauty holds grand opening in North Conway - The Conway Daily Sun,https://news.google.com/rss/articles/CBMi2wFBVV95cUxPc0FUSVdOeE1aci0zR3Y1dUtfR2Zrb1VNV1dpZW10dDVxbmhTQVBIRlJ6dUhFMHhTZm02THV4UWQ5Q3UtOFAwcmpjbUY1Yzh1blZTUEktVmhVb2xxU1ROS2p1d0pneUthVVFvSlpVT2hXamZ1NWt5NGNDZFJIWG5tX1lmZ25ZWmVMWGZjcGhrUnh5VmhoM0J6MDE4YjVUYzY2X21NLTM0amJwazZHX2FWSDhTUkhkb2t1VkZqRjdqTW90Q3JVaTFXaHRLZ085UVlwa0xXM2dTM0hXT1U?oc=5,2026-05-13 22:20:00+00:00,ULTA Beauty holds grand opening in North Conway The Conway Daily Sun,2026-05-14
Whole Foods Market,Rahul Shinde,Grocery,Opening,Whole Foods Market to open Notting Hill Gate store amid expansion - Retail Sector,https://news.google.com/rss/articles/CBMipwFBVV95cUxOdFJqNVVBRlRJRi1pRG80ZlBIYVEzNFJzMkxMemFJMUZnTDlTWWJvcVZHSXNSbEJDV0c4N2REQ2ZJMXdNZGU1VDRxSzFSOUFXNnNhLWVNUXRRMUpTQV9PbS1jdGRwWEZUd2w3bkdVT01RNlRDbWg3UHpGWVFMSWVwWEp5dGxYZmhLT0d1RHFGY3dXUTRPY21MU1gwMkZvS3FyWDVYNTA4SQ?oc=5,2026-05-13 21:04:33+00:00,Whole Foods Market to open Notting Hill Gate store amid expansion Retail Sector,2026-05-14
Grocery Outlet,Rahul Shinde,Grocery,Closing,Grocery Outlet (GO) Q1 2026 results: net loss of $180M - grafa.com,https://news.google.com/rss/articles/CBMijwFBVV95cUxOdjZvOWlKa1BURkpUb0VQM2o2eDFwX2drYzcyVTRqZnJIZlh6VXc1bEYyQkNtT3Q4Wi1MVDJQTlFXY013akxqd3NVVThFR3RBcTNDRVZTRk8zVXFoMGdDaHpLVEZHYzV2b0ZOeEI0NjExeWhrT1NxYXNrQmt6QkFwTkdvMDVrbXYxODVCcU51Zw?oc=5,2026-05-13 20:45:27+00:00,Grocery Outlet (GO) Q1 2026 results: net loss of $180M grafa.com,2026-05-14
Whole Foods Market,Rahul Shinde,Grocery,Opening,A smaller-format Whole Foods is set to open on South Street - Inquirer.com,https://news.google.com/rss/articles/CBMingFBVV95cUxPOGFiVkhmUjVudGtHTFZzWWotR3I2MnJsbU10ZmpfLTdSYVQ4UnBXaWxIdVFuMzlsb0JBaldlRUlDY19pZm03U3o1Tl80b3pmZ1B6R3NES0g3cWVyR0p6Vkc5OTVWRVJtQXlKR1lJYTdOY1ZRTE5QU1VZWHAxczVaV2kyaWJPWV9zSVppdXl0WVYyRlFtd3duWXMwUmV6Zw?oc=5,2026-05-13 20:25:21+00:00,A smaller-format Whole Foods is set to open on South Street Inquirer.com,2026-05-14
Autozone,Komal Agrawal,Mass Merchandisers,Closing,AutoZone stock (US0533321024): Recent price dip amid strong analyst outlook - AD HOC NEWS,https://news.google.com/rss/articles/CBMiwAFBVV95cUxPWGRZQXBTdVlkYVhZNndnampIREVLOHplcjJpSFBLc01VR2Q0Ri1zWDF6UzBTMkVBaUxNblA5Y3JTV09xWFNiSFlkdHFOQWt1T2Z3cFRueUFjUUNGd0VUNFJrRUNnWHZuMnoyZ05KMlpyQXZ5eDJlbmVYMlBmNGM1VlR0aFBBR1RFNndPUXc5Q2l2eFVyRVVRYTNoTlUxODY4Mm5yLUxleVkxMnVnMkxzLU80ZExnN0xzTmxib3dpcFc?oc=5,2026-05-13 20:23:40+00:00,AutoZone stock (US0533321024): Recent price dip amid strong analyst outlook AD HOC NEWS,2026-05-15
Harveys Supermarket,Komal Agrawal,Grocery,Closing,Will Harveys Supermarket be saved from closing? - The Florida Times-Union,https://news.google.com/rss/articles/CBMixAFBVV95cUxNNk5RX3ZyT1p3SnN0ZURFTGl0UjQzeUctWUlBb0ZPTFkyTEJrX2V2cWtLczZWbDZLV242aU1qU0pXaG5iQkx5MWMwU1JkYllPcFNDNDFqcU9Sci03aTQ3cFYteEl2VmYyN1o3MldZb0luSGhoTlBoaG0xSzR1X1hOQlFKSHdxeTBSVElzNTVYbDEycF96dDlNMXdVU05mazUyRVVUQUxqRElGTTVWN05TMWFfVnN3SkV4UDJNNE5oUGQ0UHg4?oc=5,2026-05-13 20:13:50+00:00,Will Harveys Supermarket be saved from closing? The Florida Times-Union,2026-05-14
Sheetz,Ankit Rawat,Convenience Stores / Distributors,Closing,Apple Annie's in Roseville sets closing date for next month - The Detroit News,https://news.google.com/rss/articles/CBMi0wFBVV95cUxOLXp0NTlvTkZUWGlGSV9fZDdGSDZERXJXdzRkWkFJMnN6YVR1RUQyVll4NEc1cWJUMzFBN0h1dm1EYW1OcUxxOWptN0tfaHZlN3dMTFJITkxqUUd3ZXFCV2VVTWlSRGVZcnFqR29tM2M2Q3FraWNmaHFzWGcwSldSd3hhd0xURUN4cVJ4T2VmSTRGZE5nUm9sb3R6T3B1OXc2bU53TVRjNW51aGNFRDhQV1B6M1h4cXQyS0E4VzlmcklkbGFsVEdCeWNidGtEYTg5WkhZ?oc=5,2026-05-13 20:07:00+00:00,Apple Annie's in Roseville sets closing date for next month The Detroit News,2026-05-15
Target,Vishwas Shah,Mass Merchandisers,Opening,Target Prepares For Official Opening In Myrtle Grove - WilmingtonBiz,https://news.google.com/rss/articles/CBMiwgFBVV95cUxNamlES203WVJiV3locGM2d0JfRWhzRGZRUVN1aXRodnR0SEYzSXotV3YzOHhTenBXTnRlTlJQb01SU2htNHdzLVFuZGFKTFlDRUJqaGE1RzZkRmpXN3BkSzdRMTdfYzVvbjV1enFjWXBkaHN1NFMzMENqQnVPTWZxcmk0aGN2MjFWXzZXYmtJRlctcjFxLUd6UVI3UE54ZTB5YTZfM29nd1R1TW1qVHZycWtteWszZl9HWG84cjdna0VRdw?oc=5,2026-05-13 19:57:59+00:00,Target Prepares For Official Opening In Myrtle Grove WilmingtonBiz,2026-05-15
Chick-fil-a,Rahul Vasaya,Restaurants,Opening,Chick-fil-A Celebrates Grand Opening at Latham Farms - Capital Region Chamber,https://news.google.com/rss/articles/CBMilgFBVV95cUxPX3Q0NVY5ZnU4akFYM1I1SkJ4TnhYUHd3V0pubGxSR2hNNExLck1iR2xxbXl1MmxkMmhEZ2RVenhrNWFGejNuWGFZeWZQczc4QUVqRGNLUEtGbjZISmpEclU5b3R0c0VXQ05sZGwwNHdpb2NpbTllTDRtaDhDQVpGdkxOR1N0NXEyaHpic0VOZWhXX2RfZ1E?oc=5,2026-05-13 19:41:08+00:00,Chick-fil-A Celebrates Grand Opening at Latham Farms Capital Region Chamber,2026-05-14
Whole Foods Market,Rahul Shinde,Grocery,Opening,Whole Foods Market to Bring its Daily Shop Concept to Three New U.S. Markets - Business Wire,https://news.google.com/rss/articles/CBMizgFBVV95cUxORjNjcXdrMlhySEdWd1k0X05HSVJvTXJVMFVsSnlQakUtbDllX0JVQ3RrRVRQRWwyd3g5VTRJWk8tMWprdUFsc2tvNUFMNGVNQ0RuVGIzcUJoMURHYi1ldkxmbGVfOWdacTlPZzdFeVl4cjNSTENCLUh5N2Zoc29iMkotalAyWnNPVHVyaDk5V1FtSzZiOGZORUJUajlGaFN0ODk0QXFJel9YWlJhZi1adThJZ25RT0F4WVA1ZVR5bUVwYVRfbEd1aUNvWUg0UQ?oc=5,2026-05-13 19:30:00+00:00,Whole Foods Market to Bring its Daily Shop Concept to Three New U.S. Markets Business Wire,2026-05-14
Whole Foods Market,Rahul Shinde,Grocery,Opening,Whole Foods says new smaller-format store coming to Boston - WCVB,https://news.google.com/rss/articles/CBMigAFBVV95cUxORTdXdjJmXzE0Mms0eUxhVWh1V1dxNXNrQnp0bzN5SnZqdHhMRmtUNnZUbXV0bnJUc2pjYUU0NEJOYjRhS1lTSXQtU1hXSnFMeXF1VzFuWUphdDRicWtITjVKUlEzLUpIUGI5TzM2V2dXajVzRHdyN284cHdQSE9EQw?oc=5,2026-05-13 18:03:00+00:00,Whole Foods says new smaller-format store coming to Boston WCVB,2026-05-14
Burlington Stores,Ashwin Nair,Mass Merchandisers,Opening,Burlington Stores May Have Secured ~20% Of Its 2027 New Store Openings In A Single Transaction - Substack,https://news.google.com/rss/articles/CBMie0FVX3lxTE9yT0ZZekhZVlF5TXFQbVJiZURSMzQ3djEwRGNQRzBCOVM1TTh4WVQ3OU96NUhBbTVaaVNBNzRXNGdUd1RBNlJhaFB3a2lsUlF2Mm9rTzk5QVVEY0t0TExUWkRIdFVIakJBM0JKMXlvUWdjaU1DdmMtcHktbw?oc=5,2026-05-13 17:58:08+00:00,Burlington Stores May Have Secured ~20% Of Its 2027 New Store Openings In A Single Transaction Substack,2026-05-14
Whole Foods Market,Rahul Shinde,Grocery,Opening,A smaller Whole Foods is headed to Boston. What it will be like - The Patriot Ledger,https://news.google.com/rss/articles/CBMigwJBVV95cUxOcFJYcHV5RnBjMjliY2dyUEFWMGs0RnZPeHoxODByNUdtUUwzTVdFanhjekhaZjZfTVpMaHc1YnZmb2taQV90Z0l4LUFYZy1rSmstdkU2M05Tb2tXU2dKSV8tWFV5QmtjU2lFaHczSzUwWVRHMFkwOWhpdkdkWXJtVFlQSFVVRkxuTGNFN3U0WGJhaXFaRUVvRGdFNWJmcUhFY3ZfYnV5c2FiZHI4SFJMTnZ2Tm9xeFMzeW54dmNpMDhpUkxWLUR3dlpIckc1MDhXNUtnWm9iYVdYZ2NGN2RTQ3RuWDNtV1FybW1pRjVQcjhJdzloVWlzeEdaQ1VLbFg0RUE0?oc=5,2026-05-13 16:53:00+00:00,A smaller Whole Foods is headed to Boston. What it will be like The Patriot Ledger,2026-05-14
Whole Foods Market,Rahul Shinde,Grocery,Opening,Whole Foods to bring its new grocery store format to Philadelphia - The Business Journals,https://news.google.com/rss/articles/CBMiqwFBVV95cUxNZVRTM19SVnRIUDVGSnUtVTI3dWxJOG02Y09UZVFYUDVmcjRYT3lyM3N2a1VvWTE4X0xHSWdLTkRmLVJWTHRmOVVVRFpxUFpPelc5SmZBdHFCMDNUTWFpcE5HT1hmMGFpQVZBclJfUWNvdTY3UUhGSXBRV25yZDFhMGdLaGRpZ2VVNFR6LWk5MkkwSjBjRmU0emp2UXFKdFpqNWtXb1J4cUNQSXc?oc=5,2026-05-13 16:24:00+00:00,Whole Foods to bring its new grocery store format to Philadelphia The Business Journals,2026-05-14
Whole Foods Market,Rahul Shinde,Grocery,Opening,A new Whole Foods store is coming to the Seaport District - The Boston Globe,https://news.google.com/rss/articles/CBMigAFBVV95cUxPcjN6WnZhT21MRWVQZHltYTJwZ3pqUU05OXphYnRCNDhtNVcyMVcwSkhGNUFJRHYtb1o3aG01N19rSUtmTTU4bHFlR2lEQjlCcG1LRXRvMDBIekN5OHdiWUJseFU2cWlsTWNraEpIRVpEdW04bUNtQkRjV1Jrc2RFSg?oc=5,2026-05-13 16:14:31+00:00,A new Whole Foods store is coming to the Seaport District The Boston Globe,2026-05-14
Chick-fil-a,Rahul Vasaya,Restaurants,Opening,Chick-fil-A Approved for Former Rite-Aid in Coldwater - 103.3 WKFR,https://news.google.com/rss/articles/CBMiZEFVX3lxTE1rM29jMWNPT1ZZYnZET3lJS256Z0pTZzRYNFNKWmdNakJJekRRMHlsY0Y5Sk40NUVnY1lGNDVjU0NzZzh3aEJZRnFtWlJmamg1cllhMnJ1dzRSS21UX2ZnaUoxd2E?oc=5,2026-05-13 16:06:04+00:00,Chick-fil-A Approved for Former Rite-Aid in Coldwater 103.3 WKFR,2026-05-14
Whole Foods Market,Rahul Shinde,Grocery,Opening,"Whole Foods Market Daily Shop, a smaller version of the grocery store, to open on South Street - PhillyVoice",https://news.google.com/rss/articles/CBMihAFBVV95cUxNRHAtZDdOVXUybElHTlpCV0pfclhIUVhrcVp1VHFad2p2WDM0X2E1azgxRFlEVFh4S3hQcHpnaG5XTXlIbUowdGE0U2Y1d2tCQ3UtWHFtdW5vU18tY3BrMU5Yd1BTTnhHejFOdkVSYkxfMWpUZzM3V3FQeXcxMTc0TEdfemE?oc=5,2026-05-13 16:05:11+00:00,"Whole Foods Market Daily Shop, a smaller version of the grocery store, to open on South Street PhillyVoice",2026-05-14
Sprouts Farmers Market,Rahul Vasaya,Grocery,Opening,Hugely-popular grocery store chain planning first ever Columbus-area location - 614NOW,https://news.google.com/rss/articles/CBMif0FVX3lxTE13LURhNnJoVFQxWVowZ05vNTR0U3duT19VaExGWllpcG1HVnR1SVlrT201RzJYbjVPbVIxTG5iVHdoYkY5Rl9tVGVuaXpuRmpZd2Ztd0JjMDAzbmlkRWRWYmYwd2NUN0oxal8wTFJ2QlEzcVBPN0tvbG14OGNFR1k?oc=5,2026-05-13 16:05:10+00:00,Hugely-popular grocery store chain planning first ever Columbus-area location 614NOW,2026-05-14
Burlington Stores,Ashwin Nair,Mass Merchandisers,Opening,Burlington to open new store near St. Johns Town Center this week - The Florida Times-Union,https://news.google.com/rss/articles/CBMiqgFBVV95cUxPR0VOWGpSSzlfRmpuZ1VwTzViSUxhV0tpRE5pdUw1V0JQVVVVR250NVllRHFvSHl4VWhIeURBaEIwdzRPTW5MTWhhV0NSZ0ZuMXNYNS1IaVh3U3hYR0lldzZ1VmJxWktDcGx2WTk5aW5iR3FLRTQ3N21UVzRRV3hVLWhaRHd0RU9NU1oxdzJMbWVoZHQ2NUVXUTdoeWZRQWMxNEVadHFaSDZCZw?oc=5,2026-05-13 15:11:43+00:00,Burlington to open new store near St. Johns Town Center this week The Florida Times-Union,2026-05-15
Marshalls,Bhavesh Phulwani,Mass Merchandisers,Opening,"TJ Maxx ‘sister chain’ sets May 21 deadline for sweeping 26,210-square-foot spot - the-sun.com",https://news.google.com/rss/articles/CBMilAFBVV95cUxPT2hzUWo4YTFlN2g0QTJLel80RS1WNWxnTi14cjBmaEFfbkVhbHo4S19HcWpIaVFkajh2cW90R040YUM1Q2Z3aGotd0ljLThUY0ZKWGo5Wl9KX3lTODVwTDVYeFBKYkh4QnEtX2pHcEptYUhKQ2c0SGpVTlNOSUNuRFQyOEx4bF9HRGpSem5NVW40N3Fo?oc=5,2026-05-13 15:01:03+00:00,"TJ Maxx ‘sister chain’ sets May 21 deadline for sweeping 26,210-square-foot spot the-sun.com",2026-05-15
Whole Foods Market,Rahul Shinde,Grocery,Opening,A Whole Foods is coming to the Seaport - NBC Boston,https://news.google.com/rss/articles/CBMingFBVV95cUxNRXJNOVFSMnFIV3VXNWdMLVBpUXJyTEFOZEtNQ3dTTUVuMU1wRXJWYmdtX055Z29yWk1RTzVramx4NlZNQl9ySXdha09SWEZuT3FKZXYteTg5LTJMQmI1bmQyVHB6ek8tYkVGQUpRV2F4dlJyLUJ3bDh5NFJzSmgwU0pJRmltclkxVi0zSml2MHJSTFBNYnc5cUhyRTNHZ9IBpgFBVV95cUxOVEJoaDdnRXFSa3ZFcDlpekI0WWoyTlk4eUd6Q2lFai1JMjFpREEtME1qNTlZcXlIN1pxWTB2SW1JeGZLRWdSNG43Q3N6VE9YS1F5ZVlLUm9lMER2b2FNXzRwdi1MX0NZS3JIZC1lcWdsbU8yTnI3ZUU4UEVLdW5UN1hfVklfdzRWRV9FUXFQXzYydjJIQXZJT3JwZm9OaVJwRGFpUkl3?oc=5,2026-05-13 14:54:16+00:00,A Whole Foods is coming to the Seaport NBC Boston,2026-05-14
Whole Foods Market,Rahul Shinde,Grocery,Opening,Whole Foods plans store in Boston's Seaport - The Business Journals,https://news.google.com/rss/articles/CBMijwFBVV95cUxNcThwVWYwX1NwQzdXSGhUNTdqN0VWVGtON1JyNWlMYjRkbjRMeGxMMkx5bG9ZTEktbEdoMkxUdkgtcUhxaUlrNWN2RjNqazdUSHpGNTBKRlVfZHdja2hWcjZYSThaNzdFdUdqSEdCbU9aVnBIZXppZWRtcVJBVWM3ZDZMQ0ZOeUpYVWF4c0pOcw?oc=5,2026-05-13 14:54:00+00:00,Whole Foods plans store in Boston's Seaport The Business Journals,2026-05-14
O'Reilly Auto Parts,Bhavesh Phulwani,Mass Merchandisers,Closing,O’Reilly Auto Parts Series TV Ratings: Watkins Glen International - Jayski,https://news.google.com/rss/articles/CBMinwFBVV95cUxPTF9iSlNYcUM5LXJPVE11TUc3YzdUSFJtVjR6M0ZqZUExck8xZ2RoYk1FWVJraGUzNjBvblB0YndtTndqdldZWEpRZ1huU0tIZzBybW9pQm9XUlcwQjYxVHNUdjRiUnRQTy1vd1Y3QjFPRW10WEc2ZWZEYXlldFp5TUxyMnlVNTBFRVc3OVloMUtkY2o4ZWRYTS01TzZFbVE?oc=5,2026-05-13 14:45:09+00:00,O’Reilly Auto Parts Series TV Ratings: Watkins Glen International Jayski,2026-05-14
City Market,Ayushi Chandel,Grocery,Opening,Elm City Market closes weeks after move to new location - MSN,https://news.google.com/rss/articles/CBMi0AJBVV95cUxOSy1jdUlNMUpsNDh4N21kRUtBTEJQdi1TWFZkQnVoZDhhWERIZU9IVWJ3YlN4LTBhYkgxdk1oNEQ2V0tnY3AxZkpuN3NqNE8tWHFmbWNxVGpNYmRQRDNQNDV3dmRXc3hqMEJ0RkZhNnBaaVFjQ1N0a1JiVk8ybWhHRTNVNm5xWW95VDRFQnZNY1AzT1JEV3FSVnUybExjUnhuakNkbEtvOTRfZnpCbzBLZ2hLRndYZTlFckl6a0VEM191VkFKWVY3U01LdHU3cDNnc0trS1NfWlJiMTd5M2NLc29IVGcwSXhBckotQWRYLVdURDFtQmNpYlpwU2QwaTd1eHI2bk9KUWhNRkQxdklsbENUbmJ4dnJqajN0cUpROTA3cjBqV25WODM4S29OSXhQSG90dEo1WGRxVFpjM0tWZVFGUzBVUGVYRng1Nk5zbzc?oc=5,2026-05-13 14:28:40+00:00,Elm City Market closes weeks after move to new location MSN,2026-05-14
City Market,Ayushi Chandel,Grocery,Opening,Elm City Market closes weeks after move to new location - MSN,https://news.google.com/rss/articles/CBMiuwFBVV95cUxNTG1NRm1MYmxObnJwQmVMODZtM25PZGlEMGZMYWMxeEQwRktabldtcjN2WGhxTEE1XzZ5ZW9RTWNXNlFFeEtRUVRkNWtjV2RwN1NQZXdqQnoySVE4djN2anl0OG5pTE9uOFZRRWpBMDhiemhOcWRWdlJFazdNdXI2Zy1HMjhWRkFTNEc4Yk81TjVBNXNqUEZxOXF5c2ZJT0RmOXlMT3puRHp0MlRVS3k1SzdpamRhaTBENE1z?oc=5,2026-05-13 14:03:48+00:00,Elm City Market closes weeks after move to new location MSN,2026-05-15
Taco Bell,Kashish Kasar,Restaurants,Closing,Wendy's launches Taco Bell-style rewards amid store closures - MSN,https://news.google.com/rss/articles/CBMi9AFBVV95cUxNTHZUbmdsTUlmV09CWUpVVGxIa3BrdlZ5anlOLXItdUVQWnVHdFVsb1JGUkw3TV95QjhSaWsyWjc0Yk9LZExwVFNfdUg2QjYtdXI5MFBmeUUza2VFX3o2cnFYbTFZTGJWamcyY0ZCUnNYTk8tVG4yS1BBcFFJaVVNSVQ3TGkxajBCcDVkbkN5ZTJaaTgwdE9JczBKcWRYdTB0aVdlNU9tSDVRajFFUnVLYndXT2ZyOVBsX0FRNjBwVWdReTF2ckZ2akR3UzI1ZlVVQ0h4SHVJbmxSMkgwdG5uNnZMY1dEdkhCUFJQV19vQnlETks5?oc=5,2026-05-13 13:08:13+00:00,Wendy's launches Taco Bell-style rewards amid store closures MSN,2026-05-15
Safeway,Rahul Vasaya,Grocery,Closing,Final days before shoppers say final farewell to Safeway grocery store as supermarket giant confirms May 16 closure - the-sun.com,https://news.google.com/rss/articles/CBMikAFBVV95cUxOdHlQYXZabFIzcWRkN0JVLW1XRjg1eGVBaEVPYXNsQnJpRDAtUEVmVTBLMTZwSlFfQkVEeHFNWG5CZVdNRUVoRGZVRnFmTVZWZ0FMZG50dnY0OENzSjVncE5wanQ3eko2aGtnV0l6OVhGVDU1SUZaZFN3VjFpb0gzNW9mUUNQMmppZG5EM25DSVM?oc=5,2026-05-13 12:50:54+00:00,Final days before shoppers say final farewell to Safeway grocery store as supermarket giant confirms May 16 closure the-sun.com,2026-05-14
Three Dog Bakery,Vishwas Shah,Pet Care,Opening,Three Dog Bakery unveils new flavor of chips for dogs - Pet Food Processing,https://news.google.com/rss/articles/CBMipAFBVV95cUxNNmtLQnU4YUFGQVY4UkhxREM0WVUwX0dCOXJyNERoMGNXVWxiMmZzdDhJZ251Z0JrbW5ETXFtUFJNODZOSEJxQkNTVFFzNG04MWgyM1JWbVdQUTJTWVIweGw1b2hNVDNkb2l1UlJraWtaLXN4b1N3a0xzSlUtR0Z6ZVpULXZPY0pQTnowbTdNR1piNzFaLWl2aHQ2elVyVFdxc2dhUQ?oc=5,2026-05-13 12:00:00+00:00,Three Dog Bakery unveils new flavor of chips for dogs Pet Food Processing,2026-05-15
Taco Bell,Kashish Kasar,Restaurants,Closing,Wendy's launches Taco Bell-style rewards amid store closures - MSN,https://news.google.com/rss/articles/CBMi5AFBVV95cUxPTURPcmdtYWpkVi1MNjZTbGV5U2k0UXFoVGZnUmRLcjhreEliUE9hLW1zMmRVbW5rb1FZdmZJMDR6WUtHU0R6dXVlcjhXd1FFTFFFZHcxb0NSb3FXZ3VrcTc1U0VzYXEwWml1NDVpcTVvUDZDOV9sODB1aGxzTW5XYzVHelZSU2hrb1lQOWJ4ZkZhMThOUTdqMHdTOU16cS1lTVRLRHBvT05oN1V6UTRIMjFpc2ZYZEItMjZ3WTFrbkJDY0lRRl9uWGR1REJodFl3UmhNQlBXMHRmN3gxYW13cXQxdTY?oc=5,2026-05-13 11:12:24+00:00,Wendy's launches Taco Bell-style rewards amid store closures MSN,2026-05-14
King Soopers,Moksh Kashyap,Grocery,Opening,When Does The New King Soopers in Denver Open? Grand Opening Celebration? - Mile High on the Cheap,https://news.google.com/rss/articles/CBMisAFBVV95cUxQanpnT2ZBd2xoaks3QmttcG5mTURhb3cwS0RpMUdZbEtuMmhXLVV2alVNVDZhZzFkMW1pdUFvOGJoM0tOMTloenlGbFpGVmpiXzc1NVFNbHo1ckh2M0xlMGxMaWV1UTBYaGJVVURZSUw0eHdMeExxUjRzQWhYejRCZkl6WXNIcDNHZXN2WU9BbU1Ga0VfVGdIb19vX1RYbUY4NGlNdnVGVi1QR3dPY2d4TQ?oc=5,2026-05-13 10:42:38+00:00,When Does The New King Soopers in Denver Open? Grand Opening Celebration? Mile High on the Cheap,2026-05-14
Taco Bell,Kashish Kasar,Restaurants,Opening,Northern Ireland’s first Taco Bell set to open at Applegreen Lisburn North - NorthernIrelandWorld,https://news.google.com/rss/articles/CBMixgFBVV95cUxNaW4zMEZYazJfTHVyT3pXR1ZIMTM1YWRxMS12NENJLXY0cTk3cHBsVXRvbXVoTTRDZ19nR2tTTDY2bkpJa3VzQU40X2JjOWoxX25XTjNXV29aejNFa2VHNzVORkJQTTlibDU4OWN6dUY1ajFKaFdWMF9aLXNpWnpwQ1pxUmxTeVB5UHVoa3VqT0c5ZE1iY3JUdVV6dGp3ZHd3NF90b2RHUHJFQTdCSzFDaXVhczBhVU1YaUlOUVdfR1VKc2FKM2c?oc=5,2026-05-13 10:17:00+00:00,Northern Ireland’s first Taco Bell set to open at Applegreen Lisburn North NorthernIrelandWorld,2026-05-15
Chick-fil-a,Rahul Vasaya,Restaurants,Opening,Two expansions make it easier to find fried chicken around town - City Pulse,https://news.google.com/rss/articles/CBMisAFBVV95cUxQVUVHZmE4b0ZLcUpOdWI1SWlMY3BzcHQ3WE0xQ3V1S3R6TlUtbjdXWjRPZVh3eGd5WUVqSTQ0RlR3Rmk0RndVZlNUVDEwSGpwNkxSVnBPcFExMTJ4V3FGc2hhNllKRlU3cnVPX1JUamJzMEZSaHg1dmZBcXlPWDZuaW1MY0hOeTVzMGRUdEdaSFJ0Nkg1QXFjQ0E3VDNGbVpBNGhjSUN6ZThjdTJSQTZuRw?oc=5,2026-05-13 09:41:16+00:00,Two expansions make it easier to find fried chicken around town City Pulse,2026-05-14
Whole Foods Market,Rahul Shinde,Grocery,Opening,Whole Foods Market set to open new location in Notting Hill Gate - Grocery Gazette,https://news.google.com/rss/articles/CBMirgFBVV95cUxOandoTUVFMWE5b0R6UGZqV0JrUG5SZmUtZVlnMUhJUjMzN29tblJzNW55X1ZuSXk3RERWanNOUG5kSXVER2p0Y1Ztc3JXRmxJU2RELTZqYjVnVlc2bWw1T2tacVUwZHVBMFBzYVV0Z0NIMk9lRDlWNTJ6ZF9FYS1VMHRDS2t6YkNiZTlQY0FrWmNfUjFPUnFkRTVNTDREVG1ubHBOTVNucS1qTHFCQkE?oc=5,2026-05-13 09:09:24+00:00,Whole Foods Market set to open new location in Notting Hill Gate Grocery Gazette,2026-05-14
ULTA Beauty,Kashish Kasar,Mass Merchandisers,Opening,"Alshaya Group signs agreement with Mabanee to open H&M, Primark, Ulta Beauty and over 20 more stores at Aventura Mall - ZAWYA",https://news.google.com/rss/articles/CBMijwJBVV95cUxOU1N4Sjhza1pFMk9DOFBIYnF4dG9JdU00VmstM0gxNDA4aGsyUHMxSHlUOEtEaW56LU5BNTk1NG9WWW1HamNHMGZpTmkySk5CUTRnU0VqR00wVG1BMWRoYWc2Z25sV0trenpLNi1DX0ZKNU0wajNlNE1nYlhMYlZ6SHV1aDRneUY2cjk0SXdqcnZIYjNUNFl6NXA2c1dnOTFJeERoRFNYeUl5ZVJrZGRab0I5VXVVeDJlekFMaFlSQkpMV2l5RERPTXhiaEJXMWEtczBNVjdQUHczQ0FEZFNCTnQ4OW5sMnlxRVdWLU5aN3ZlVk9vYTRwcUQ1Xy1reDFXZDMyUG1zcW1MM2RSV3BN?oc=5,2026-05-13 08:45:48+00:00,"Alshaya Group signs agreement with Mabanee to open H&M, Primark, Ulta Beauty and over 20 more stores at Aventura Mall ZAWYA",2026-05-14
ConocoPhillips,Harsimranjeet Singh Ghelani,Convenience Stores / Distributors,Opening,Syria Moves Toward Offshore Oil and Gas Exploration - Enab Baladi - Enab Baladi,https://news.google.com/rss/articles/CBMiogFBVV95cUxNWVZNWmZDZWxuRGlpWWpPUloteHFNWFN4NnNNbV96REo3enNKT1RjQ1QzREdWdkxlTzVPSnFYN045OWVLMVlZYURLY3V6S0Z0dVlqNUxOQlM2djlyc0taNWtEZFBMai1ZYjl5OUZLOUM1QXk2ZWhlNmpaTi1rNW91RWIxNDFrZzA5M3VTdXBUVWZJc0JqSnVQTHM1ZjZpTFZLU2fSAacBQVVfeXFMT2Z0b0JveW9nZFAyanhGMkJqNFdTTXk1LV8xNVRablhfVC1YaWFkUW41YlZSNjA5cGhqX3dGaEEzYkRyZWw4ZTBCTVNjN0xkZVUzTHI5VnZrbWlmcXVJaE5TXzBUTkhsMG9mSk1ZcmxfeFVpbEFEM1JXNTU1eHFpN21ud3d0NTRwcWFDem1KdmlzMU40QmRlbWtRUFVLRjFQLWw3T1JaajA?oc=5,2026-05-13 08:30:44+00:00,Syria Moves Toward Offshore Oil and Gas Exploration - Enab Baladi Enab Baladi,2026-05-15
Chick-fil-a,Rahul Vasaya,Restaurants,Opening,New Latham Chick-fil-A ready for grand opening - WRGB,https://news.google.com/rss/articles/CBMitAFBVV95cUxQN2kzdnp1MVlBY1dLcERvTEZmd0thUWNfdzFtekJZNWNiUjYxWFJCOVJLRG9McTB6RW9uUXdDVEJFdGJ6T3AtWWxhNXd4LVBBVzVFMmdlaFE5aU11cV9NbnQzTHlWNTFxR1hsWkZXSi1lWnVvMWVFU3FPWjhuVnA4TFMxZ2pSVEZhbGJOUkpMRXJQcnRHRkU3LXNzZW01TWhaQUFYNy1tcmhyaml5YTkzNkJ2bmU?oc=5,2026-05-13 07:35:05+00:00,New Latham Chick-fil-A ready for grand opening WRGB,2026-05-14
El Pollo Loco,Ankit Rawat,Restaurants,Closing,El Pollo Loco Holdings (LOCO) price target increased by 18.18% to 18.23 - MSN,https://news.google.com/rss/articles/CBMivwFBVV95cUxOM295cnRvR2dLQjM2bVJPWTdJdUR5LTJIbTlWQ0kyRnZOZjBKRE9RdTg4VGtqalB2TUsxX1B4dGlPTUpDbWhUMFo2UXI5anZ0WFhZMDBZU0JVLVh2Q3VaV21YSWZyVFBRcDdaZXJ1bzVwcTlvOTlRZk5vNkJlYTFPRzk1OHNOOGlZUzdKRU5tSFFiYWJpenhEMVBJVFBmQ1hiTl9LQkdVRGlYVFpUZmdnOEpfaUszN3BXOW9rVlcwbw?oc=5,2026-05-13 07:00:00+00:00,El Pollo Loco Holdings (LOCO) price target increased by 18.18% to 18.23 MSN,2026-05-15
Raising Cane's,Rahul Shinde,Restaurants,Opening,PETA protest disrupts Raising Cane’s grand opening in El Centro - Imperial Valley Press Online,https://news.google.com/rss/articles/CBMi4gFBVV95cUxNLXJjUGdJdGlDdHp5dWZzb0ZwcFBsV3k2WnVISDVhSXZ5Z084c2wtbFZZWjF0OU9CVzBrdzVWODJwRjhSN01iQ3Z6Y05MQnFaM0M2NEFjengxZkRjd3ZtWlQxNGFfTW4xaHF0WnZFdzVLM3UyZ25yS3pJV1M4Wm00UUI3eVhCRnlQRjByYTREZVdsWi1oOGVlaTJkSnpmZXJBQ3RGczBkazBCdFBDWU13R25TenF1amNXUmRMM2NOaUdlRW9leDFBLUdITVFianFZbW5jcEpiZWprTzRPU3JialN3?oc=5,2026-05-13 07:00:00+00:00,PETA protest disrupts Raising Cane’s grand opening in El Centro Imperial Valley Press Online,2026-05-14
Grocery Outlet,Rahul Shinde,Grocery,Closing,Patterson residents fighting to keep Grocery Outlet from closing - FOX40.com,https://news.google.com/rss/articles/CBMinwFBVV95cUxPYTBDMWRSQmF6Y1JpU2RaTW9lZEFxZ092ZExlaVVFbG14YkR4dDRobG9OazhDRWFWWGthMHRnQXhJSTNsZ1VlcEdsd3lmYnlPbFJqSDRQR0YwbjlZUkN2MFRxSkJFUk9qREZnU2dkLUZaZjlhMHk1RktRa3lJVGVESDNrX3dGRHRzSnNjeTQ1MHNjLWYwbC11V0kzdUR0SDQ?oc=5,2026-05-13 05:59:00+00:00,Patterson residents fighting to keep Grocery Outlet from closing FOX40.com,2026-05-15
ULTA Beauty,Kashish Kasar,Mass Merchandisers,Opening,Ulta Beauty planning to open new regional distribution center in Utah - KMYU,https://news.google.com/rss/articles/CBMipwFBVV95cUxOX21OaVUwNWx5ank5QTdZZ2pIYVV2RkgxVnlZdk1iMkNyc1NfM2xYc3o4OXgwNkNDOGg2bkIzUWtWY2lsZHdReFJWeF8zYWdyY3ZTenJnNWFJYVdkNmpmSmdoQ0VqR3c3S2kxbExBeVVkaVh1Q2doSHJ1OTRzZFJqUU5rTHBDWkRxb2s5bFBtYjk2cXotOC00anBJdWJvSGdpb0RRRDNLMA?oc=5,2026-05-13 02:31:12+00:00,Ulta Beauty planning to open new regional distribution center in Utah KMYU,2026-05-14
Chick-fil-a,Rahul Vasaya,Restaurants,Opening,New Latham Chick-fil-A ready for grand opening - WRGB,https://news.google.com/rss/articles/CBMivwFBVV95cUxQLWpFVHpuQVJLWklYeFdCTDRBNUhyYjBSTUUtbHJyS3ZSZTlWRlo5TWtSbW96cXBzWE1FbDJ5T2R0MHBWODZqQU1ocHZ3bjFrc2h0Skd0RUIyX2xXT2tJN3JsS3EtSThfUnJEdVFDWUpMZ1lObEtnemt6VnBzaU1ST2lBUnV5SE1aR1RoQ0lMYnVwUklvQ3pTMjZOYU14Y1JvSVoyRWZIcXhRdnJjOTUzaXk0VzBzem4zQVVfb0RkUQ?oc=5,2026-05-13 01:58:22+00:00,New Latham Chick-fil-A ready for grand opening WRGB,2026-05-14
ULTA Beauty,Kashish Kasar,Mass Merchandisers,Opening,Ulta Beauty planning to open new regional distribution center in Utah - KMYU,https://news.google.com/rss/articles/CBMingFBVV95cUxPdzhNUFRHRVdwLUdTQmlzbWNSZElHZGFlbGVFTlh3RU9PeHcxd09yRWtsLTU0bndwWjRxZlFHSGlFNjNOUldSUXE4UVl5Mm5HTzFlWFpkZXkyOGszRkd6eXFxTGxmNFE2RWZmRFlxamp0OU41OGR3dVk2X0NIUDZEUUFfRmIyaVBVazhXUEpFY01FR2hzdjRCUmw2TnZldw?oc=5,2026-05-13 01:15:08+00:00,Ulta Beauty planning to open new regional distribution center in Utah KMYU,2026-05-15
El Pollo Loco,Ankit Rawat,Restaurants,Opening,"It’s official! El Pollo Loco has opened in Redding, with a grand opening soon - KRCR",https://news.google.com/rss/articles/CBMipwFBVV95cUxOelZUeTB2UEpEalZPaVdYTXpUMnNOZ0JqS25SMlMtVUtCN1lmTXFJRTdIZjJMdnRrU2VQcVNMdHZiQzgyRGR3ZWZnY1FpUUxvRjVIMlBqaWtBRU4tRDR0WVVqaG1UVHl3ZDdzV2s0Rlh6Qm9iTVNYaXJGNnkwVENiU3A0U2JHWnBWLVBnTjRncFBFMjh4MU1KWFd5NjBSNXg1MjFXNjdydw?oc=5,2026-05-13 00:41:09+00:00,"It’s official! El Pollo Loco has opened in Redding, with a grand opening soon KRCR",2026-05-13
El Pollo Loco,Ankit Rawat,Restaurants,Opening,"It’s official! El Pollo Loco has opened in Redding, with a grand opening soon - KRCR",https://news.google.com/rss/articles/CBMisgFBVV95cUxOYjhLOC05Y0FMVG9JUTVoanF0ZGFJUHFSU1R1N3REaUlDSlVLVlhhZ2Jsek5WcGg5UDIzY3M1X2VvLS11TVRjWXEyU3EwMFI0Wm9GZks4OUdrbEpTQVlURGs0X3dwdzJoUFo5Q054MkpuRXpKUFJFMV9kcEV1N2w0YkNGMzhJNkRIaDYzeFg3LTNYaWdxUXBreXBfQ1QxRDNHakhJLXpuMElucTQ2d1VIZHJR?oc=5,2026-05-13 00:38:56+00:00,"It’s official! El Pollo Loco has opened in Redding, with a grand opening soon KRCR",2026-05-13
ULTA Beauty,Kashish Kasar,Mass Merchandisers,Opening,Ulta Beauty planning to open new regional distribution center in Utah - KUTV,https://news.google.com/rss/articles/CBMingFBVV95cUxPOVNsOGlzYU1nMm1QSldQRVNKZUNjWnc0QmFBeTFGUGVtaExuanozQjBrOFhHVkRQVmpaMFQ4QVliQmxjdUg4V2hXUjVWZEZoSk5fb0ZwTl9DU2hfckpyU1lSYWFZWmF2dnBUZTVNLTN4SzEyNTRyWUp1Uks3R0daMWVWSFN1Ty1TTDhnbkxMMlBKT0ZfVThRSDEzVnpiZw?oc=5,2026-05-12 23:58:38+00:00,Ulta Beauty planning to open new regional distribution center in Utah KUTV,2026-05-14
ULTA Beauty,Kashish Kasar,Mass Merchandisers,Opening,Ulta Beauty planning to open new regional distribution center in Utah - kjzz.com,https://news.google.com/rss/articles/CBMingFBVV95cUxORHR0VDZEYXFlbERYOHFLVTBNUTB0NDJ0RVRNWHJNWjBmTGQ4enEtRVdhSWFCY211cDlBVzhIRVZtdnRZeUZ3ZGI5Y2pXaHdXWVNLa2F4U1gwekU0TERQcWJMblFsMFR3VUVnLWp5UjhpSHNnQUNIMkx0R3gxSnFFaXJQZ0U4OW9WOXFFSDZRSHBmV1QwV0RUMFQ0a3BLUQ?oc=5,2026-05-12 23:56:15+00:00,Ulta Beauty planning to open new regional distribution center in Utah kjzz.com,2026-05-13
El Pollo Loco,Ankit Rawat,Restaurants,Closing,El Pollo Loco (LOCO) CFO reports share withholding for restricted stock taxes - Stock Titan,https://news.google.com/rss/articles/CBMivAFBVV95cUxQSkpvNmszd29xV3VfN1NMMFFEUXN3MmVNRUt2eE9YOS1kZl9EMHpzMzN4OGVSdEhnNVR3ZGQyZVhlM2lVNXIxZU5mSGQ0cDFHbVgyakpGbmNPeUVOeFdSZkJVT3dpMHlDaHZRaUFFOTNKdW5oTlc5eU12dXF0OFJaaUNUelZackU1WDZRd1FHa1pnb0lTWEtYOEdkck80ZUowWkZZV2ZNY1hIQk10a1h4WGhzM0VXdjNVN3Etdw?oc=5,2026-05-12 22:32:10+00:00,El Pollo Loco (LOCO) CFO reports share withholding for restricted stock taxes Stock Titan,2026-05-14
Saks Fifth Avenue,Harsimranjeet Singh Ghelani,Department Stores,Closing,"EXCLUSIVE: Saks Fifth Avenue Downsizing in Greenwich, Conn. - Yahoo Finance",https://news.google.com/rss/articles/CBMijAFBVV95cUxNNVZLeDNMckIyMy1EQWNUR0NfLUVadE01TjlCcnFwTWhXUzF4V1l0SHAxa3RrVjU5MVhhOThaaWhGdkNWdlpxWW1ZTV9oTjhMX05FU19GbndxRGRiZ19sLWU5YmFpNGZoNXktZmhsdUdmbmRsb295RXhtOWdlWTFaMGhpZUs0WnNZVWFZQg?oc=5,2026-05-12 22:02:12+00:00,"EXCLUSIVE: Saks Fifth Avenue Downsizing in Greenwich, Conn. Yahoo Finance",2026-05-14
Food City,Kashish Kasar,Grocery,Opening,Food City to break ground on new Madison location - Hville Blast,https://news.google.com/rss/articles/CBMif0FVX3lxTE9XdzZEY2dwMWpoRVNuWW5ENWZCMDcybHdqaUh3UHNQLVUyZmgzRGJnWW1LRmZuTlVaMXFUR3EzUGVKRkRWVHFaWnhIZ1VaeGNfaHR4T1FvU1ZWVjJ2Z0g1aWJhU2RaZjl6bF93YTAxSm1IaTNVSnJNU1UxSElMZlk?oc=5,2026-05-12 21:01:16+00:00,Food City to break ground on new Madison location Hville Blast,2026-05-13
Chick-fil-a,Rahul Vasaya,Restaurants,Opening,When is new South Mount Dora Chick-fil-A opening? - Leesburg Daily Commercial,https://news.google.com/rss/articles/CBMiywFBVV95cUxQMHBFN3EySzVoZUFmazRWbnRqRkRmRkVOTzVseENrbU8tcTgxajBCUnFwTjlLZzdmMEFuTGZhWExRU1RDT190U0E5Q2Z1Y1ZFSlhNdXliemhfdFVTeEFQSXRBT3JLSnZfamdURHVCUDZQOUg0ck9UZ1NzZDVXSTdkTjI3Yk91S0d2anEtaHZMRHpKeDVKWXA5dEhVay1ERV92UWxsYWR4OVFOU3g0Y1hzU19MX1BxTXNnTlN1cG95ZWd6QXh4YUlnNkZtaw?oc=5,2026-05-12 20:42:00+00:00,When is new South Mount Dora Chick-fil-A opening? Leesburg Daily Commercial,2026-05-13
HomeGoods,Bhavesh Phulwani,Mass Merchandisers,Opening,"Target, HomeGoods opening soon at Verrado Marketplace - Yahoo",https://news.google.com/rss/articles/CBMikgFBVV95cUxPVEpSTkp3b01pVW92d292TTdGYm41MEpyRlJmRWhJVnNJUkI4VnZVV1dleWhXVUhQMjVHem1neTFxQVlLTmRvSXFMSXhkWU0yWVRYcDF5cGI4ZkxPTmhTV2Z0QVlURFBycl9BY0pLOWRBejJyZVdPLTdFQnp6R055aS0ya3hPbVRLTWl0YkRZaERsUQ?oc=5,2026-05-12 20:05:14+00:00,"Target, HomeGoods opening soon at Verrado Marketplace Yahoo",2026-05-14
T.J. Maxx,Dhiraj Manghani,Mass Merchandisers,Closing,TJ Maxx sets record straight on temporarily closing down all stores for 24 hours - the-sun.com,https://news.google.com/rss/articles/CBMif0FVX3lxTE1CVDF6WEFGcklLMjF6QW9lY3NRSU9SZWVHcEtWcEw1ZTAtLXQ0NTRJYzlvVDliM1hxY0xLYjU4Q2dTeEhJNGhXU2hvUW11OXRBOGRpWE85TVBVaXlvejdpbUNkcHg2OFVzeEROZTljUm1Uc3REZ2FmV1E1N3pHa0U?oc=5,2026-05-12 19:45:35+00:00,TJ Maxx sets record straight on temporarily closing down all stores for 24 hours the-sun.com,2026-05-13
ULTA Beauty,Kashish Kasar,Mass Merchandisers,Opening,Ulta to open nearly 400K square-foot distribution center in Utah - Supply Chain Dive,https://news.google.com/rss/articles/CBMirgFBVV95cUxPQzY0cGpqQ25UMmVLMnV2V29XTWh5MHlGNkgwVENoUHRjb0o4U3ptdmFwUlJnaW9UQUx0VHZ0SUs5aUg1cldpcG12aC1tbWU3RjE0YWI1cGR1UVpWblVhczVfSnM5LVExUDBBQ2lDeEhkZVFZTmU4TDVicHJuQkFKeE0waGs3Y0JSNjFEZXUwaTNGZUFMTVZycF9zMHY5dUMxVjVTLWx5d0pmOGhFaUE?oc=5,2026-05-12 19:07:23+00:00,Ulta to open nearly 400K square-foot distribution center in Utah Supply Chain Dive,2026-05-13
Autozone,Komal Agrawal,Mass Merchandisers,Closing,AutoZone stock (US0533321024): Recent 1.86% drop amid NYSE trading - AD HOC NEWS,https://news.google.com/rss/articles/CBMiyAFBVV95cUxPa3lxUkFkcXZOWmRyNkZlUGc5LUh5VFhBSGN3c2Fxa2dZVXVKa21STEc2LWZnVmw5M2FDMWd2bG9iX3hqQllWSDc4UjB6dlM0dFlPMXZTejg5anVZRmlfOEY0MVhIa3cwY1VxUkswalB1aWplTVNpQlJSR21oN1p4SkFSVnptaEJKeUdrSUdnSzZsWDZEamJZaW1tVkNtU0stei1hc1BoOVg4YlhWTFlfSU9IZTFQd3JXOXV5WG1kaFN2bGR3Z0c3Tg?oc=5,2026-05-12 18:34:23+00:00,AutoZone stock (US0533321024): Recent 1.86% drop amid NYSE trading AD HOC NEWS,2026-05-13
Burlington Stores,Ashwin Nair,Mass Merchandisers,Opening,Burlington Set to Open Quakertown Store in Richland Marketplace This Summer - WhatNow,https://news.google.com/rss/articles/CBMitwFBVV95cUxPbHRva2JfWDlvVS0zZHJSMDA4LTNrVnV1aGFjTnJRUlJEWHhjaHdMYXNPaERQZ0o5YWh2TVdlSlg0d2NzRTJyNk03SFV5YXFfUEpJMldjSFA1WTJnQXFhWmVpMldYX3ZLVk9LNEd6U0VGZG43Q1lkQ0N5Szh4YndQRENSVkJwdVQwcUh3WnFyNU5EV0VHT1hkb19lQW1vcHYycl95emxLa20xUmtlSWZiM0dCY1BIeVE?oc=5,2026-05-12 17:34:59+00:00,Burlington Set to Open Quakertown Store in Richland Marketplace This Summer WhatNow,2026-05-13
Dollar General,Shuvechha Dere,Mass Merchandisers,Opening,Dollar General now open on Union Ave - The Laconia Daily Sun,https://news.google.com/rss/articles/CBMixgFBVV95cUxNYklQX2s5S1dkcnJhZVF3bUFidllqZFQweXhTMi1GZzBaS0YwclpvdHN1SkpodXY0RG9BbGdKYXdqdFVvUm9GNjd5UTIzWjNDNlp6cUVXdzJSbmd1Z0xDa0VNWHI4T3d4Sm9lOE9zWTF1clhhOUlGZEpMYm1oRDA4SFNBa2hEeTM0NUViNTVtTTIwM2NmdnB0SzIyWC1SeThYUDV3eWhKUmRlRFdjOW5iWEV0SWtkSHp3d0oyM01BcTdQSGd5R3c?oc=5,2026-05-12 17:33:00+00:00,Dollar General now open on Union Ave The Laconia Daily Sun,2026-05-13
Raising Cane's,Rahul Shinde,Restaurants,Opening,Raising Cane’s Celebrates Grand Opening of Jonesboro Restaurant - Jonesboro Right Now,https://news.google.com/rss/articles/CBMiqAFBVV95cUxOMUhIclNJdmppc3EtQ3o4V0dRZzNyS3ZPemN5MzB4TjQxQTVOOFNsUnBSTVhxVV9sREd4cUd0N2sxRjVOSDNvOHRRa2x6bV9QTktZek5Ta2tpaFVKdnRtRlNOYVRnMFFHRnpDb3ZzdjBTODhyVkM4ZFBKY21XLTlXNmJjSWtMdWZhVW9CZ3Y0c0paWV9qRlVOOHlYa0N3WklpQXh2SXljZ1Y?oc=5,2026-05-12 17:25:42+00:00,Raising Cane’s Celebrates Grand Opening of Jonesboro Restaurant Jonesboro Right Now,2026-05-13
Raising Cane's,Rahul Shinde,Restaurants,Opening,Raising Cane’s to open first Greensboro location May 22 - YES! Weekly,https://news.google.com/rss/articles/CBMi3AFBVV95cUxPVm1EWmRud2pBa2dVVjF2ajc4bzlYTEZtN2xhWi1STW43ZG9uXzhWMFljalJzemdrdjgtdVdIaXVsMEQyWVdlcU5sajZ0Mjl0UWFOTHdHUXliRVNVR3ROUzZObWQ5QkRsWE1YUmVDY21CVWtZWml6aWQxNTZRbWVxMXY5WEtVR1ZVeXJiM0duaU0wQWViXy1wVUlBcC1BV1RnZW5ZNFh1MkV6ak1tdDFBTHpqQVhsVklWd3lkVWZhYlAydHpnLUQ0UUtkODM5Tk9CcjhTbkJ5bnFVZTJY?oc=5,2026-05-12 17:17:00+00:00,Raising Cane’s to open first Greensboro location May 22 YES! Weekly,2026-05-13
Cub Foods,Kabeer Pandya,Grocery,Closing,"Longtime grocery chain closes stores, exits key markets - thestreet.com",https://news.google.com/rss/articles/CBMingFBVV95cUxNSTJJOFMwbXQwTkZSbHFmVGxtU0dndmVwcFI5dk56YUxuNTJmcTVaSVFQWTNPYU1MUlZNWkdNQ3NJQTIyTHIyUXZEa0lKbXRCMGtLRHR1cFlkblJjZElucEYzcHE2NjN5MkhJVC0yUTlvcldKek1YRzlvYlpGS1FZVE5mVmg5eUFrZC1YUF9YcHhMOVVLYUxlLUU0TXB0Zw?oc=5,2026-05-12 17:07:00+00:00,"Longtime grocery chain closes stores, exits key markets thestreet.com",2026-05-13
Dollar Tree,Ashwin Nair,Mass Merchandisers,Closing,Say goodbye to Family Dollar as 15 locations permanently wiped off the map - the-sun.com,https://news.google.com/rss/articles/CBMijgFBVV95cUxNc2RlcmUtM3dNY2cxWHRxTmtZS2R1RTJmdko1LXdDSE1ONHFfV2kwUS0zam01S19xeUNXbDVDZEpBb1ZFR2FwUjZvQVd1Ykc0LWw4T1lPaVlkSE5OVTF4YTg1QUhTVnNEQnhtRklJVlpPVlE5alViQ0tjZkR5b2I4NS1VNVFjTzlxNlZpY0lR?oc=5,2026-05-12 16:50:30+00:00,Say goodbye to Family Dollar as 15 locations permanently wiped off the map the-sun.com,2026-05-13
Family Dollar Stores,Rishi Nagar,Mass Merchandisers,Closing,Say goodbye to Family Dollar as 15 locations permanently wiped off the map - the-sun.com,https://news.google.com/rss/articles/CBMijgFBVV95cUxNc2RlcmUtM3dNY2cxWHRxTmtZS2R1RTJmdko1LXdDSE1ONHFfV2kwUS0zam01S19xeUNXbDVDZEpBb1ZFR2FwUjZvQVd1Ykc0LWw4T1lPaVlkSE5OVTF4YTg1QUhTVnNEQnhtRklJVlpPVlE5alViQ0tjZkR5b2I4NS1VNVFjTzlxNlZpY0lR?oc=5,2026-05-12 16:50:30+00:00,Say goodbye to Family Dollar as 15 locations permanently wiped off the map the-sun.com,2026-05-13
Burlington Stores,Ashwin Nair,Mass Merchandisers,Opening,Burlington prepares to launch 2 stores in NJ - NJBIZ,https://news.google.com/rss/articles/CBMib0FVX3lxTE1MbzFPamdRVV9WT1p5eWJtN1VOQmFrMlQzdnI3TmNCOW5sTVhKN0lLQ1BJaGFaOXpOVlFLWDJ3YmFFclZpU0dhZHZyaWtGVzFmVF9KTm5tdFVRV1JQV253aTcyaGNCZmF6MnFWa05fTQ?oc=5,2026-05-12 16:35:31+00:00,Burlington prepares to launch 2 stores in NJ NJBIZ,2026-05-13
BJ's Wholesale Club,Ashwin Nair,Mass Merchandisers,Opening,"BJ’s Wholesale Club To Open Location In Grand Prairie, TX - The Shelby Report",https://news.google.com/rss/articles/CBMimwFBVV95cUxPWEdBbV8xaGIwX215MmFmSVlMQTdiN1VmRzc5NTU5RzBlYnBOS3BiNHpRTVY4bWFSV29zVG5RQjBETHhIRWk3R3BJMS10ZHVQVW5YVnBXVHpkM0FkZmV0Q0FGbTJnY0E0NHNGOVVJQTdmOThNY0V5MFBzcWFGdWJtaW1VZExub3RrZXBCOUZoVExRRGZTbDVkUF9FSQ?oc=5,2026-05-12 15:30:15+00:00,"BJ’s Wholesale Club To Open Location In Grand Prairie, TX The Shelby Report",2026-05-13
Domino's Pizza,Dhiraj Manghani,Restaurants,Opening,Opening date revealed for major fast food chain in Norfolk Broads village - Eastern Daily Press,https://news.google.com/rss/articles/CBMiigFBVV95cUxPQmN2Q1NuNTI4Z2llSk1jYWdiN3ZPVWliVjZ2RndwbE9ibGVnVmVwbzJ5NGI5Uk5GMHJsSnlUd2U0ams1SGhmZGJMdkw3OUJ2bkZCX0FIWGRPRU8ydkVnX2NiUjFOdFhxUlRsNU1iQ3Z6aDVjdUdNNFY0MmpUYjMtN0NEZXN3cEdYbWc?oc=5,2026-05-12 15:01:00+00:00,Opening date revealed for major fast food chain in Norfolk Broads village Eastern Daily Press,2026-05-13
The Fresh Market,Rahul Shinde,Grocery,Closing,Vienna Fresh Market Grocery Store Closing In May: Report - Patch,https://news.google.com/rss/articles/CBMijwFBVV95cUxNcVU0Um1RRjkzdmZWZkFWZXVLMnpLOWFha05RYmljZmg3TG9BVlRqY0J2ZUNaRGxWanc2MFI1c1E3eEdaMUNGSEVTRmVYdmd3aE5mYXhfaEl4clFIVUt6ZWV2eTFQV1BtbE1zZWVNWVk0bnhVWEg1UXVtYXJVOF81NEFHbWNfck1waFhXbXZnSdIBpAFBVV95cUxPaUIzOEc4WmtEOU9vZG5nNDYzX3RieUVrRmFrQ3daS2M3VHZtbEU1a3RqZUlueHMteGxmd2VSV1FUVDdOeThaaWpud2F1Ty04blE5eFdONVpqa3ZMbTVZbVh5MDJOVlY2WnVudktUN1U4aU1xd19td0Y0UzIxUkxoZU02UHQ1N3NFMF9lV2lFbHJFM2RDRlFkVmZoUGlzcElKWVNWYQ?oc=5,2026-05-12 14:54:20+00:00,Vienna Fresh Market Grocery Store Closing In May: Report Patch,2026-05-13
Chick-fil-a,Rahul Vasaya,Restaurants,Opening,Colorado is getting its second drive-thru-focused Chick-fil-A - KUSA.com,https://news.google.com/rss/articles/CBMixgFBVV95cUxOWmZTR0RHZkZ1OEFvekc5bDJOTVYwc0d6a1pPczRFQ0hJSzRuSnR3cWxVbndmVFZPcEFwT1pMcXFSTjhMQUFSNHVnVGJLNU1GaE9DckxCUnRqSnZaMGU0amZXR0F2bTFoVE9KWXlnSF9HekFFRVlwS3E0Rk1Zb0NlOGlsUnlXSUNMbmJpT2gwbjg4dVRZdkJHbDFrbm0tVll6T1VMVk9tSWZsMnM3elJ5TExVMVlhcXJZY05BMnFPbHZaN25IVnc?oc=5,2026-05-12 14:21:00+00:00,Colorado is getting its second drive-thru-focused Chick-fil-A KUSA.com,2026-05-13
Chick-fil-a,Rahul Vasaya,Restaurants,Opening,Chick-fil-A’s new Latham location to open with free food - Times Union,https://news.google.com/rss/articles/CBMirAFBVV95cUxOMnJBblh4UkxxU253N01tM1hra21pM0FDWHlLc25rZzlsVWlWMm8zeUxuWXVZUklYdnNrcV9VeHFfZGE4dnNCc3JVUDdlc2g4OElyUUd3NXc1RUJlVG0wdXlNcVZPWTZYTXRPRm9lcDdTcTlfVzctX3I2ZzlDdDAzTVBFaUkxaVlvTFVIWGtRQTdpQXdVMzdHWWEtNDcwRkVXWEFId1FOWjljNjlS?oc=5,2026-05-12 14:15:53+00:00,Chick-fil-A’s new Latham location to open with free food Times Union,2026-05-13
Dollar Tree,Ashwin Nair,Mass Merchandisers,Closing,Dollar Tree and Starbucks are suddenly opening hundreds of new stores as retail doom stories pile up - Fast Company,https://news.google.com/rss/articles/CBMi0wFBVV95cUxNaHQyRFNBNjdGYjBWMFYwV21jekFobV9WSlhMYnR4SmFWRnl1aV95UlNmNnlIaC1yVW5zTy1hbW1xVGRiem5RUVRpNk9KcHRlRXB4ZVJST2U5R1k5eURoNno4RGkyaGpyeWFRTWEzeXYwcUMyMmN3dXlIc1NhU1FMSUdvV1RkNHFxVnB1WFlvQnNoVm41YUtUMXVZaUVlQTNVZ050SG91ZUhmU29mY0tZcTJ0SDhwc1plSGxvb2Y0NXEwNnB4eV8yMUZNc2lrOGVZRjNj?oc=5,2026-05-12 14:07:41+00:00,Dollar Tree and Starbucks are suddenly opening hundreds of new stores as retail doom stories pile up Fast Company,2026-05-13
Walgreens,Komal Agrawal,Drug Retailers,Opening,"Goodwill snaps up former Walgreens location - sprawling 13,000-square-foot store opens May 13 - the-sun.com",https://news.google.com/rss/articles/CBMimwFBVV95cUxPTVpjNnREZE9aelVNYkFmZUlKN0JEMlY1QjloY2hxUHZ1Vkl0LVlERW1YeGE2by1hRkptdFJqQUd4MURZUERoZUJkTHRCRG9uWGhId2F4SWZQbVJEakdoc3lLUFE4RmhfdnRoeTdUa05mMTlGM2pHLWRlMkQ4OHN3TEdPOWhkcmp5WmFVcWc1ZjVUdnZvdXdyeE95RQ?oc=5,2026-05-12 14:00:24+00:00,"Goodwill snaps up former Walgreens location - sprawling 13,000-square-foot store opens May 13 the-sun.com",2026-05-13
Dunkin',Kabeer Pandya,Restaurants,Opening,Dunkin’ Donuts Planning Major Canadian Return with Hundreds of Stores - Samfiru Tumarkin LLP,https://news.google.com/rss/articles/CBMidEFVX3lxTE12YkFpZk1FZVd2YkZXUkxWeV9YVC0xVk9FRXNvQjR1OVhYLUd2RVIyZTdqV3BkNXFpUzAyUmtrbTZKaTVmanJlYjBsVkROVTBxWkNTdTB5ZnEtX0NOcmh4TEZ1Um1ZOEE0b2ktb2ZvalZ5eTJK?oc=5,2026-05-12 13:17:11+00:00,Dunkin’ Donuts Planning Major Canadian Return with Hundreds of Stores Samfiru Tumarkin LLP,2026-05-13
KFC Canada,Ankit Rawat,Restaurants,Opening,Cowboys don’t eat chicken? Bojangles proves that’s hogwash - WATTPoultry.com,https://news.google.com/rss/articles/CBMitwFBVV95cUxQVnJsR3NuTGMyRXk2SUo5X3RSRWJSajc3N1hmWnFaQWZxVmZES0dtRW9hOWRfZmtVSTVvSGtlX0huVXBEVjFKbFhaM3NCX3pQV18zOG1IeGFFODdVTFFjMXNxTW9vRVo2MGJJQWdreGR4M0J4bFhHTlhVWTRNTFdfZ3ZHUFNDUjE2QXBNbzFQZmZkVE5MbFIxbGtiUkpiX2sxOWx4ZTNPaXVkRHo2N1BMd3BSSi01ajg?oc=5,2026-05-12 13:05:03+00:00,Cowboys don’t eat chicken? Bojangles proves that’s hogwash WATTPoultry.com,2026-05-13
ConocoPhillips,Harsimranjeet Singh Ghelani,Convenience Stores / Distributors,Opening,"TotalEnergies, QatarEnergy and ConocoPhillips sign deal to review offshore block in Syria - Reuters",https://news.google.com/rss/articles/CBMiygFBVV95cUxPeDVmZ3RxRk8xRTUydlBMdGJCZkh4V1BVQ0RYWkdvMVNkaXAxcEF4YXRYWkNfdVNxdVpBY0VpeUFucHZNVm1fLTctbzZMcEhrMmM0MHBmbWZkU3pGX1Jwd0N1UVozaDljbUR2Uzg2VUxvU3c2NTR1SGtaNnlSamtEQ0ZyU2ZNUnNVaTNGT3J1bmJKTk5RclAzUjF3N0tuV1YxUzk2T1NHRlJBZ2ZNcks3MW0wclNyaFNmQzdqaXE3ek1yTTFuZ1lIZlBn?oc=5,2026-05-12 12:56:30+00:00,"TotalEnergies, QatarEnergy and ConocoPhillips sign deal to review offshore block in Syria Reuters",2026-05-13
Sam's Club,Dhiraj Manghani,Mass Merchandisers,Opening,Sam’s Club store will soon look very different with focus on new 'quiet' policy - the-sun.com,https://news.google.com/rss/articles/CBMikwFBVV95cUxOSzh0MXdZdEllQlpBMFNuYWtPVEtMSUpUSk5TM1dYVl9vVTd6OUR6eU1La1pMZTFFSUttNlBhZEJaaHl6UGhXUFozVHBtWm4zNjJ3eG9DZHNHODZXV2RSeDdjdEpjUk4zRmFCbGVNUkZidHV6ck1xVFVsYVlpTkJoMmRCeVFxVXBnTzktVVBheDRMcG8?oc=5,2026-05-12 12:30:07+00:00,Sam’s Club store will soon look very different with focus on new 'quiet' policy the-sun.com,2026-05-13
Taco Bell,Kashish Kasar,Restaurants,Opening,Northern Ireland’s First Taco Bell To Open On Monday - Business Eye,https://news.google.com/rss/articles/CBMikAFBVV95cUxNb0lVbl83a21CdFVnd1FhcFB2eVEwNGFhMzBzZUp0VUZJenhfbENOeHk4dzhnVl9SQ3FKUnJhQ0JDR3RkeUZ2b3F5ZEtGM1Bib0paWTZTVk9JX3Rac2lxZWdUdUJnYlluWGFuMDNWNmU3Qkk2LXZGVW5qRjlDaVlSVWRicmFISm5aaUxFTHNMZEw?oc=5,2026-05-12 12:28:14+00:00,Northern Ireland’s First Taco Bell To Open On Monday Business Eye,2026-05-13
Macy's,Harsimranjeet Singh Ghelani,Department Stores,Closing,Macy’s closures signal a deeper shift in American retail - Retail Merchandiser Magazine,https://news.google.com/rss/articles/CBMimAFBVV95cUxOQjlNZzE1Vm51eTc0R2Y4Vl84aFdDMTBra1A2R1BCY0pjUnR0d3JPel9mdEVQMlM2SWhNUGphXzRMYkg2b0x0bUZmeGNtNGdvOVNwZ1FteU5rMEtHWVNUMFdXX09QSlgzcVhqNU5qb2ZJQ0tfaXZuUW9DYzlhb1hIZXMxY04xZDFYLTdMUlk2TFpxN0gySUhyUQ?oc=5,2026-05-12 11:03:04+00:00,Macy’s closures signal a deeper shift in American retail Retail Merchandiser Magazine,2026-05-13
Chick-fil-a,Rahul Vasaya,Restaurants,Opening,Livingston Parish could be getting a second Chick-fil-A location. See where. - The Advocate,https://news.google.com/rss/articles/CBMi4AFBVV95cUxQRURQYlpvcWFaaUJsU0xuN2lzSDRqRmhkVzlHMUo3UUJIdXNZUEFkLXBBcDdCbDVtcDZxMlo1OTl5SVl3cDRjVVZZYjR1amdMb3MxRFNCTkEtX2hzVExyaW1xbl9vcnBMcVNmRllJRHV1Q1NBTnlSaEdQV2s2b2dhOXhwa0pqWWdYWHBRaUtxMlExV3J4Ullhb0ZnQVhCZ0pZbXNUYkJvZm52aTYxUXM4YVF5bEY3YUU3bTYyY1llY0tWb2VzbU0tT2dRZVJVWm5HOXM4MWtDbTBNSTNYWXlCUA?oc=5,2026-05-12 10:35:00+00:00,Livingston Parish could be getting a second Chick-fil-A location. See where. The Advocate,2026-05-13
Casey's General Stores,Rahul Vasaya,Convenience Stores / Distributors,Opening,Buc-ee’s is expanding to new states. Here’s where - AOL.com,https://news.google.com/rss/articles/CBMifkFVX3lxTFBCTkFleEVpUlk0c0tlMkxBRW10akJZZEsxWkd1cEdGV2dhVVJWZ05qQWRSeVBUWlAyU0xrelIxQ25jVndXMkRVRVBfWkRUZzFxZjBfR010UnQzNks0RXdvS0luWkpTVjVjTnZhazlnQ1RLNUF6MGhVcnNpUzh6Zw?oc=5,2026-05-12 09:47:32+00:00,Buc-ee’s is expanding to new states. Here’s where AOL.com,2026-05-13
Raising Cane's,Rahul Shinde,Restaurants,Opening,Raising Cane's celebrates grand opening in El Centro - Imperial Valley Press Online,https://news.google.com/rss/articles/CBMi0gFBVV95cUxQemtWT2RoamhFSGpZMm90c1dPOUxtVG5fb3ZNRjcxdWhFSWZvaTR5UGhPNzlialltZk9fQ0dQUVpJcE00LVhqazJMdllOa0V6VU1aWklObEVsX201bEUxTk5uejdCc19rVktSWE1TT3UtakhRUm96QlBVYURUMlRvMHpZR1p0QXh4NF9HSE13QnUwWmcyQUhiSzhFdVJETWFtQTVtcHZCV0pNX3BTTWtRR0NZdDZKb2hKUUhwZ3lpaXlNQklJcU5HWFJ3T1RfU2VObnc?oc=5,2026-05-12 07:00:00+00:00,Raising Cane's celebrates grand opening in El Centro Imperial Valley Press Online,2026-05-13
Dick's Sporting Goods,Ashwin Nair,Mass Merchandisers,Closing,Foot Locker Closing Stores In Major Shakeup: 'Clean Out The Garage' - MSN,https://news.google.com/rss/articles/CBMizwJBVV95cUxNcmx0YW1BeDhXQXFrM2xHb3RtekFacmlKbXNLX1hrLXZMQldnckljbm9rYllLYlNvLUFndzQ0Qm5KVTF4dXBNT1diT1VBbUoxNmZ3ZGc5OWdpMVowQUFMNHVrLVRpQnhkQktLWVBxcHhVd0RUVVByT0JpT3BuQVBkRWdadGNhTC1XZlo1cjBYbnRWeVRNcjVGMmloYjVhTXl6WkY5Y2JEa2lSbXEzT25MWHZpX3N2ako4bjdSOTNKQVhhazFLdUEzUGVjdnVCc1hUaGJFbF80bzdERThtSWpaSnlrMy1KT2E1a1UzQnZrc2d2aTNkSDVFSGdEUVVoaGNHVVRsSmlmUGpVMVV5bUw4SndYQUIzT3VrMnBzYUhTaG40dFBGNkhac253Z0J0UWp4a3d2WWtZeXdrNjNKRHdrR0lqV3llWS1iMlZNMXZDOA?oc=5,2026-05-12 02:56:48+00:00,Foot Locker Closing Stores In Major Shakeup: 'Clean Out The Garage' MSN,2026-05-14
Harveys Supermarket,Komal Agrawal,Grocery,Closing,Jacksonville City Council to vote on Winn-Dixie incentives that keep Harveys store - firstcoastnews.com,https://news.google.com/rss/articles/CBMi6gFBVV95cUxOeHNLLTNVQWUwOVZleE95RW4xdFAxdVlXZTNZcGlNdFRUc1BFTHNTTFdjUEpKT0VKcnR5bURkTjlrZlBTaklTU21uY0FkOVhEcGVoTnlKX2paM2RYUWd4TGNFNE05LXFoSTdqMFlOYWVPVUEwWlp6UWR5TkN0MHB6T090bkxkWlc1ZWJ5YVRrM0QwMXJtcmo1N3ptTnBFRmxxcHJlUlhsV0hKUVdzamgtWk5yaVFiT2o0RWl0OWtNZVRqWkEzNTZqZU5qVnJWQ0ttV2s1REtJc1pudEZ3MjlObzN1UXF6bU1HTWc?oc=5,2026-05-12 02:36:00+00:00,Jacksonville City Council to vote on Winn-Dixie incentives that keep Harveys store firstcoastnews.com,2026-05-14
Casey's General Stores,Rahul Vasaya,Convenience Stores / Distributors,Opening,New Casey’s gas station with full kitchen coming to Topeka - AOL.com,https://news.google.com/rss/articles/CBMiekFVX3lxTE45bnFxZWR1Ykl5b3NrWjl5TFlXcG5vSEFwMVlQTGtFUVktOHBtb0tMb3JEN1JKT3dZOEhyTFlQWGd3SG5CNjBKY0FXOXpqUmR1d1ZwUXJZc2xfVkE0c09tQnVCdFRSX0d2dGstZkZ4UWlRSDk5OER6Y2Vn?oc=5,2026-05-11 23:51:50+00:00,New Casey’s gas station with full kitchen coming to Topeka AOL.com,2026-05-12
Barnes and Noble,Ashwin Nair,Mass Merchandisers,Opening,Barnes and Noble location coming to Mobile - AOL.com,https://news.google.com/rss/articles/CBMigAFBVV95cUxNYm11NGVkTTl2Z1VobkJpSDRlRnpoTTFGTlM3UFhiMVJJMWFCN0x6WnhlVTFJa2pHWmhvTDFyX3N0Nm5uSGYxYnJXN3AxZUNYcFRhSndPVzFlM19SbFd6TXVmcE1mT1lhbE9ka3Y2X1BHNHZVeVhBQzlFSzBjdUx0eA?oc=5,2026-05-11 23:51:45+00:00,Barnes and Noble location coming to Mobile AOL.com,2026-05-12
Grocery Outlet,Rahul Shinde,Grocery,Opening,New Grocery Outlet coming to busy south Reno intersection - Reno Gazette Journal,https://news.google.com/rss/articles/CBMi4gFBVV95cUxPMHpfNkJLbDJyWktadTBTWDl2V2VBNjZVdXVudHg1Sk9KcmRpTU11LU11U19sdU9iQ1RhNVpreFlIbk1CVkdaWGtpQ0NtOTlXVUlEMDZRUjVmZy0zUk1vb0Z5VFNwd0cwN0dZWlFGMGJkRkRJVVRYcXJBMGZOMkMxS2lyWHFpQUQ0b190RHk4V096UkxhMmlEamZibldpem81OHAwZ0hWYXZob1R5WGdublBzZlh4aFUyakY5dGlqQ0dIeVJmS1J4d0doeXhSTDlfTXlBNGg5NGNoY25DZV9SRjR3?oc=5,2026-05-11 22:36:00+00:00,New Grocery Outlet coming to busy south Reno intersection Reno Gazette Journal,2026-05-13
Grocery Outlet,Rahul Shinde,Grocery,Opening,New Grocery Outlet store coming to busy south Reno intersection - Reno Gazette Journal,https://news.google.com/rss/articles/CBMi4gFBVV95cUxPMHpfNkJLbDJyWktadTBTWDl2V2VBNjZVdXVudHg1Sk9KcmRpTU11LU11U19sdU9iQ1RhNVpreFlIbk1CVkdaWGtpQ0NtOTlXVUlEMDZRUjVmZy0zUk1vb0Z5VFNwd0cwN0dZWlFGMGJkRkRJVVRYcXJBMGZOMkMxS2lyWHFpQUQ0b190RHk4V096UkxhMmlEamZibldpem81OHAwZ0hWYXZob1R5WGdublBzZlh4aFUyakY5dGlqQ0dIeVJmS1J4d0doeXhSTDlfTXlBNGg5NGNoY25DZV9SRjR3?oc=5,2026-05-11 22:18:00+00:00,New Grocery Outlet store coming to busy south Reno intersection Reno Gazette Journal,2026-05-12
Barnes and Noble,Ashwin Nair,Mass Merchandisers,Opening,Barnes and Noble location coming to Mobile - WKRG,https://news.google.com/rss/articles/CBMihAFBVV95cUxOeDNzQXlUNkpOdFItNjlUQ2wzTHowaDhKNzdmenhkUkRTWHBmQUR5M0NGQ2JEcU5wdzFTcEJEM254S0hyUmdoX0JrRmltMmNGc3l1ekhNOEdQelFYTlFaUUthQUpKSWx4Nl9oOTlSMm9yRWdpM3JvbTQyQjB5MHVORXAybE7SAYoBQVVfeXFMTkdNRU1NQW41WE9Iai1OdzY5bDFVQWpORG42NExDNVQzRkd5VDVlQ2FlVG9NcjRfeWg0VFBoa1FxVTAwdFlBd1dMQWZBeGZyeWg4Y09iZi1rcEtmNk1xTXpZNVV2WEJUdk9TbExBY29ZZ2kxX0h0ODk2eGZXeXVZX2NYRHlmS216eDlR?oc=5,2026-05-11 20:31:08+00:00,Barnes and Noble location coming to Mobile WKRG,2026-05-12
Wegmans Food Markets,Rahul Shinde,Grocery,Opening,Here’s how much Wegmans paid for land for new store in Cranberry - MSN,https://news.google.com/rss/articles/CBMiygJBVV95cUxNQldWN2NSS3p4NnhrQXMtMEZRV2FRNGhuUTR3WHJZNWdKT29DWkxpb0NNNVQ5MmpvMlBQNXd3TG5iemZFZ2hDZ0g2U05mY0NqMkN1WDBkMEM5endnZS1SMndzNlpIQ1c4OUZmOWpVNlR5dnhCcy14ZE1NcngtcThIZWx6MEFpUDlSa0Q3bXdRRUw0VmdJTTNRNXIxUlNJWHRJXy1WWGFfbW1sNGlVZFFHTC02TnlLbGs1ZmZKbXBEaVNZd3pfY1U1VGRmMDFsN0w4cXlRQ09OUm9EaEdKMjlUNEdfOHlCcjkzVm95SmtoZzM1UGh2ZkNhUXZFRFZ5MThHNklEY2NhU0Q2ZGd5QjgwQm5wLVdJRFJtQ3lPNTJOZDZUTGRVQmQ4MlBtSE9yaXItalBZUjctSnZxNU5xVURvS1BfQXBHZEdBdnc?oc=5,2026-05-11 20:21:21+00:00,Here’s how much Wegmans paid for land for new store in Cranberry MSN,2026-05-12
Dollar Tree,Ashwin Nair,Mass Merchandisers,Opening,Dollar Tree opening in Rothschild at the end of the month - WSAW,https://news.google.com/rss/articles/CBMifkFVX3lxTFA5YnRWb0NKOGxqNGxNd2lDcDloU21QNTVQN0JDTUl0TktiMEJNek9rUm9UWDN0blpNLV9SYVUtQmFmNHhldFpfVDlBRUdTcmc2bmhKM2I4LXVxSjRlSDMzM09JNVhlSk9JUndlZFl0aXZvajlmb2p4ZzZLRUlJUdIBkgFBVV95cUxOUzhXaU8wdTQzbFBvZHB6THUzandsYUtYY3ZvZ3l1ZG42bncyUVBIanlBVEppNjhFQm13bUo2Vl84WkVWQ3BOZF9mWW1lLVRIcERfR1pyTGZCTkNSdk1uNXprYldQUTBWRjlBaENzUFB2aVVOM0FHM01OMVZ4bGFaelJjYkxZUVo5YzgwU0NmZi00dw?oc=5,2026-05-11 19:37:00+00:00,Dollar Tree opening in Rothschild at the end of the month WSAW,2026-05-12
BJ's Wholesale Club,Ashwin Nair,Mass Merchandisers,Opening,Sponsored: BJ's Wholesale Club celebrates expansion into Texas - WFAA,https://news.google.com/rss/articles/CBMikAJBVV95cUxPVHNxNEdYSDllREh3YzBQbnYyOFhHTXZYWnBhTkdvRGJxZG85RFJkVGtFTWRoRDVWSWhodVJua0tsOVpWX3M2T0tjLUdPMnFjc0c3RXllREEyczJrWTUxbXhSVmt0WElCR1FCYWVkZmc3R093MEJ1bENRM0VNajRvSWNtUmNlWDR1ZVhuelJ0bXAybFBMdTM3TjRDZ0Nwc0ZQcElUSHMtU1kwdC11c0hrYW9OZ1NUVzNqc3U2OC1OU3Nua1VlR1pjcUUxeFBlblhpd2RqeG5wYXdneXZqUnl3OVJ6RnVwZ3BSV3dxbGNVNm5CTUVCNW9uMDF1WGlnNmJOMnRuSktIN0sxdldqS3NOYw?oc=5,2026-05-11 19:19:00+00:00,Sponsored: BJ's Wholesale Club celebrates expansion into Texas WFAA,2026-05-12
BJ's Wholesale Club,Ashwin Nair,Mass Merchandisers,Opening,BJ’s Wholesale Club continues North Texas expansion - Drug Store News,https://news.google.com/rss/articles/CBMiggFBVV95cUxOS2ZEbVozMWtfYkMzQk51OUVXRE1HLW82TmxCU1FiczQ1UUhxWUhoZVVDS3pKR0VpT3ptdnV5MDVFUEJjVjk2UTYzMXRxYm91WDhWTkRQaHpBNXJ2ZGpEc1FhMHpJRHQ3bE9jSnlYaGl0WlVVTVVTak1lSkxXRW5pZWxn?oc=5,2026-05-11 18:29:51+00:00,BJ’s Wholesale Club continues North Texas expansion Drug Store News,2026-05-13
Casey's General Stores,Rahul Vasaya,Convenience Stores / Distributors,Opening,Buc-ee’s is expanding to new states. Here’s where - AOL.com,https://news.google.com/rss/articles/CBMifkFVX3lxTE13d0d1Unp1MHVTQ2xoRkNGUVZ1WW1HVEl5c2VtYV9GU3pfWVVKTWszc1JlYU42enB6VlpWT3NjQ0NZZ25uMWFGQ2NiYlhMVkRwR18zZFlfXzh3N2NDdGsxak5fdTlhMkVxdEZlZGpkdmlaN0RpTGRVRkhuTk9wQQ?oc=5,2026-05-11 18:12:30+00:00,Buc-ee’s is expanding to new states. Here’s where AOL.com,2026-05-12
Walgreens,Komal Agrawal,Drug Retailers,Closing,"Walgreens to close Chicago store after losing over $1M due to rampant theft, falling sales - Fox Business",https://news.google.com/rss/articles/CBMivAFBVV95cUxPVHhvNWgyenJ5Sl9WZ2MzSk94NGN2TWdPNGJIazIyQ1BqQmhvZ2NHWlV0bXpEYmEwbndlX1FKYkVON2xIUkl5TDZwQ09BWDl3OWk2UE9pc2xtOUVtZ3UwVTBjVGxDSVpseXZjX0NoUjFGU3VSYTYyX2E5WUF1ZzZSakEyM29MRDlNenlxcHlsRGdCbTBLdkwtTWNCWUc4dDRhMVFycFA2WUZCYWxvYVhQNThZNTZfUWo1MUp3btIBwgFBVV95cUxQbDFUazJ6REQySGpmcFVJaFFSemRmOTBKekhLemM0SUNPMDBDeGNGbXJlcDNJRFlZUEFPMHlHeWNDU3RxRnBiNnIyM3VXRE93aV9OS2NKQnVKcnBBYWw0emVkNG00bC1XZHk2RC1GYlV0OXhIMzFsOUNVZ1pLOHdYeEhNbDhYSG9WelBGWE5iMFNpX0JoWjkzZVpUcEs1NWpSTnNOM3BSXzQ2ekRfQWdScm9nMkJhVEcwVi1CUjRDaTk0QQ?oc=5,2026-05-11 18:08:00+00:00,"Walgreens to close Chicago store after losing over $1M due to rampant theft, falling sales Fox Business",2026-05-12
Walgreens,Komal Agrawal,Drug Retailers,Closing,Walgreens Reveals Closing Chicago Store Suffered Million-Dollar Loss Amid High Theft Rates - Weekly Real Estate News,https://news.google.com/rss/articles/CBMisAFBVV95cUxNV0tjbXowbjZBWkVfRHhubUsweE4tTFpXd2lTTmY0ZmtZSFhXNnNzcFhCM3B5NlV0OGx4XzRuWUdFenFWMXFfNEdHSGFiMU5RVXFIMWQ2VDZWUDVNSGVGUmNaRlkxYXJvUi1JdV9XZ2xuOFFQMWI2UzYtYm9xTTZPaHQ2SkpsYjZiVmMybDVZdkZfUTNwbml1TVhhb2lReVA3ZWJVNElWWmRmWkh1dF9TNA?oc=5,2026-05-11 18:02:26+00:00,Walgreens Reveals Closing Chicago Store Suffered Million-Dollar Loss Amid High Theft Rates Weekly Real Estate News,2026-05-12
Chick-fil-a,Rahul Vasaya,Restaurants,Opening,Chick-fil-A opens first South Valley location in Tulare - thebusinessjournal.com,https://news.google.com/rss/articles/CBMihAFBVV95cUxPRXFLRndWZHVCZFIwZmRpdWE2UUtFS0o2UUZ6d1VMdktVVThkc2E1N0xWWHh3dGYwTnYxaE9vNFpGT3ZyVFVnMl9lbjVuRU5GVG9xVWR3WU4yaWtoQm5FOTlSMVZVS2FRQ1VubGdWX3UyTkx6T0VVZVJpYm9yRGVIVF93QWg?oc=5,2026-05-11 17:51:31+00:00,Chick-fil-A opens first South Valley location in Tulare thebusinessjournal.com,2026-05-12
T.J. Maxx,Dhiraj Manghani,Mass Merchandisers,Opening,"TJ Maxx opening new location next week in Kent with new 25,000-square-foot store - MSN",https://news.google.com/rss/articles/CBMizgFBVV95cUxPZFIxNUk2SWZ4OWk4dVJETjJsQmV6VnVUVnN5dGFTLVZqRlYwZnVIMU9hUGxQS0Vob2pfR0lFcEotX01rU2xldHowa094SDFZWndVXzVRRzBYSEoyTTluX0ExbFRGMjB4cmFKd1Y1alpUVGNKVzJSQ21qZ2lWQ2xJazJFekdtVnZxTEZfRTFEbW9JcGpfZnNwVTZSQ3ZuUUVVQkRtRVp6azNUVm51dmZWVjM2N1d6aGRIdXZyWVBOVkgzU3d1ck5rZFl6U1o0QQ?oc=5,2026-05-11 16:47:40+00:00,"TJ Maxx opening new location next week in Kent with new 25,000-square-foot store MSN",2026-05-13
El Super,Kashish Kasar,Grocery,Opening,Arson suspect arrested after fire at Mexican grocer in southwest Detroit - Detroit Free Press,https://news.google.com/rss/articles/CBMisgFBVV95cUxOMTE0cFJraW5SMzRkZXBtRWJlVi1IZndCSEhjNTdTcjBhMzZHNzJCNWd1bGZYaFVrelpEQTZPU25nbWt2S185RU1jdlMxUlNaTEU5ZF92UHNTaHlVcVptbXRTelF6WVZhcHI3OEgyUGczRWE1WHNKVldhTzd6b0RjdDNENkZ3MDdyTVR1cEd6a2EwdkZJbHVfWUgwVnBIZDBla0lpM0RsVUN0WnVWUzRjTURn?oc=5,2026-05-11 16:28:00+00:00,Arson suspect arrested after fire at Mexican grocer in southwest Detroit Detroit Free Press,2026-05-12
Barnes and Noble,Ashwin Nair,Mass Merchandisers,Closing,"Rowan Glassboro Bookstore Becoming Rally House and eCampus Locations, Taking Over from Barnes & Noble - 42 Freeway",https://news.google.com/rss/articles/CBMixAFBVV95cUxOY1JnVHF2aXcza1hPRm5kcW9mMmZsUkhkWVZRb1FOYndkb09LM1pEZ2F2Uzd5OFcwSF9aSDhuZ2hDYlZjT1dDNlQ0NDBJeGxNRlFlclhsU29BSkYwZzdaZl9GN3ZzLXZKMUhDaDZxa1JVQzVEWlZjWWFtZ1ZtcmRWSXByNEtqaGZTekIzY19tZE1HeFZzRk5Wb0ZwUkZmbTVKd1NHaU1oOGtDblFZejVPUDVYM1BqNUdVY3NmbnBkV2FvQm8y?oc=5,2026-05-11 16:21:49+00:00,"Rowan Glassboro Bookstore Becoming Rally House and eCampus Locations, Taking Over from Barnes & Noble 42 Freeway",2026-05-13
CVS,Dhiraj Manghani,Drug Retailers,Opening,CVS Health Stock Breaks Out as Technical Indicators Turn Bright Green - Barchart.com,https://news.google.com/rss/articles/CBMiswFBVV95cUxQREUxQkJMRDI0NGlTNEhfRjFSMHFpZmQ2N0gySmo5ZFRQOXdvZFhPLWphX0NXdktkdm8zYWE3T3pLUlhaQ3MtenNHajFveUk5T2JfbG1HU2pfbklIV1FoQ0tVTkFMTko4Y2NiZ2R4bWdfUDRHeVV4S1BiM3FEbUV6OURZVEV0cHlxTF90bGN4OGt0czB3b0E5WkJsNjJpLWNtTmc5VFAtbzMwREZYc1E2OGRwRQ?oc=5,2026-05-11 16:20:03+00:00,CVS Health Stock Breaks Out as Technical Indicators Turn Bright Green Barchart.com,2026-05-13
The Fresh Market,Rahul Shinde,Grocery,Closing,Fresh Market to permanently close Vienna grocery store this month - FFXnow,https://news.google.com/rss/articles/CBMiogFBVV95cUxNRFBtQ2xVMkxYSUNfcm1WYmZMRmxUcml6eHZGcDF5blI0aUMxM1FZVmdsZmxSSERudGVuaFN4Tkx3ZXE2d1dYcHoyMnpvN1Q4ZDQ4UXhqaHVhTDNoR1pWQWx2dVY5Z3E5ZE16VFh5dUZXTno5M2E4ZGRjaGVYQ1RQVUR2dzJjcnJhUGdPSU00NGYyWWdOZ3JxdVZwbXlpZ3RnMEE?oc=5,2026-05-11 15:45:20+00:00,Fresh Market to permanently close Vienna grocery store this month FFXnow,2026-05-12
Sprouts Farmers Market,Rahul Vasaya,Grocery,Opening,Assessing Sprouts Farmers Market (SFM) Valuation After Strong Q1 Earnings And 2026 Store Expansion Plan - simplywall.st,https://news.google.com/rss/articles/CBMi4wFBVV95cUxNbDFWQWZOVTZyVGU3bTBQeEc3Wk52VmVtV3ZLRVFwdDk3OEVNdF9SVVlrYjFLTUFPSldNRVFZaTVkR2o0d3Z5NmdWWlhuS01ZYkNEQ1I1LUdQQ3JWc0xDMjAzUE9WMzhoQWJadDJIWi0yVTR4bmpqZUNSVHFYb1VpUVJ3WWszTFBULTVQdWM0SktXeFRVdE84TW9OMmJVUGVGZTJSLURxd00weURZS0NTOHJGZUd5a2pFTVlHZ0NpZ2dfZFBtN1FXcVAxRVlkRDNoMXczVklwQkdiVWtadm91RnhFMNIB6AFBVV95cUxQcE42YVkxLXFWd2ZoTWd2RWJ2RWl5YnZaTjBMaGFlXzA5V3plWGpqclJDQWpTTXQwN1hPR1NKRUVIc0tWUEIyNjJHckFTVS1uSjExaHhfMEdkUV9iR19wWUdHSjhZMXJSd1FkWldSUXVFc2htelFqUzFHSFc2ZHB3Z1JGWVFlWWYyekVINlJyS05ld09mZzJ6UFFhMXdkZHA2d3BEdWp5ODRtc2l3a3ZEWDB4bVVCQmNlbzdYU3J5dFpGYm1yUEdvZHlxbEUtQlFUbGw2WGhnZGtoVnFWMElaLUJOTS1ZUzRo?oc=5,2026-05-11 15:39:46+00:00,Assessing Sprouts Farmers Market (SFM) Valuation After Strong Q1 Earnings And 2026 Store Expansion Plan simplywall.st,2026-05-12
Food City,Kashish Kasar,Grocery,Opening,Food City announces groundbreaking for new Madison location - AOL.com,https://news.google.com/rss/articles/CBMiigFBVV95cUxPMW9VcTFxN3kwSHRVaHc1MTJHaXVYeTRFRmtTT2w3eVZpMFZEZnlNR0dlSFI1VGhvMWN2c3J5aDJXSzJkcmZseE81NUkzekJHVGx4VmVPV0ppMVRUSHMxMHRqcUU2QWpSejJJYm4xWkN0UHdxYUk1bFlKYXZMb0JmeVBnUHljZlZjeEE?oc=5,2026-05-11 15:12:42+00:00,Food City announces groundbreaking for new Madison location AOL.com,2026-05-12
Sprouts Farmers Market,Rahul Vasaya,Grocery,Opening,Coop Estonia plans to open 13 new stores - Vertical Farm Daily,https://news.google.com/rss/articles/CBMilgFBVV95cUxPa05DRmdZWTc3TndtUUl2WU1yQVFGb2ozSHR5VUJ3NkdBWWNwMWJCSU5lRDdjZldaQzlUeF9kRHNxQ2ZhYjJxOW5lWE54cXpZUkZVM3VYVVd3S3ZWem1HbVo5ZHcyQmV3LS0zWGdSRTBnOHdweEpZUXZTX3NrbzJJR0M5Qi1mTlpxSXRPOW90Wk80WUxTelE?oc=5,2026-05-11 14:50:47+00:00,Coop Estonia plans to open 13 new stores Vertical Farm Daily,2026-05-12
BJ's Wholesale Club,Ashwin Nair,Mass Merchandisers,Opening,BJ’s Wholesale Club Expands North Texas Footprint - Store Brands,https://news.google.com/rss/articles/CBMifEFVX3lxTFB4cDNFNDVqVzRNWkZrSUR2UDJaZGg1eEZFMmlzczUyTmFDdzJNbWE1a0hBY3FZSWVpOEFuY3Z3SmtFSTJ5THBIOFM2VnN4aXZWZ2lQMXJFcmdaZzdVaThVN0VyRndVZVZMOFBwT0dZV2VfVVBFcGpVY3Fac1Y?oc=5,2026-05-11 13:58:42+00:00,BJ’s Wholesale Club Expands North Texas Footprint Store Brands,2026-05-12
Chick-fil-a,Rahul Vasaya,Restaurants,Opening,"Chick-fil-A Opening Update In Bridgewater, Hiring In Process - Patch",https://news.google.com/rss/articles/CBMilwFBVV95cUxOaEhobkxHVDVRVTlKZjlKTTRuNGV3ZGdrOEwwV0laNEROdm5mREtmYS1fUVk0a2lfWnktS1NEeUpzVGVIWFRWUlZmX0NCWXVDYjhWSnYxbkU0ZEtESmZzemxrdnZxSGtYRm10Nm1HS2VVX0xXZnE3Rlo1cnlzMmJfTU1Wb1hJeGVWZ3JJM1hheFFKNEk5UHBn0gGzAUFVX3lxTE9RX0pEbUc4M1J1emFRdEhNZTRWNXE1YUgteXBmWWhGMC1EeTRRLWN3eUZRMi1GamxSTjJ3TGpPRklVZHQxVkkyMDZLLUg5VUNhZjZqSzNXZUEySW5jZGtXemxUQ2dHODIwRGhPTXRmTTVVMHpoOTdyMmlpNWhOWl9CNmZ0UlVBUW5UNVg2ZV9TY3BGQzNSYkhZTmo3MGRFTXpRRVpyNDQ1OFMzNkY1cS1iQ3JZ?oc=5,2026-05-11 13:46:47+00:00,"Chick-fil-A Opening Update In Bridgewater, Hiring In Process Patch",2026-05-12
Dollar General,Shuvechha Dere,Mass Merchandisers,Opening,Orlando’s new Dollar General store offers freebies to first 100 customers - WFTV,https://news.google.com/rss/articles/CBMiyAFBVV95cUxNTGZLeXFyUUgzYklXbzQwb2FpUFFMSzJRc0NhT3NWLU50bmlKcTczdjlxWjFnMFItV1ZHazZZNVlUeERMcmJGVWJybnRpUmREUlNxaHJPaVBJcjZUZmV5d29NM2JBdE5ocnhoVS1SMTNWVTRrWUUyaE5wUUFmNEtPekVoUlV1d2xCRUp4bklFMkxwYXUxTGJablBKSjdfc3d5NmdEcWlFdjFKaXUyRE56eXRLcnhYRUtYek81cmtPOS1Lbk9OT0h5adIB3AFBVV95cUxQZjVCcGtZWUtPektJTjNJNGl2UzJYd2JDWmpfRTItNnBEQUlvcUJuY2kySW1Nb3EtajRaeWhrNXJ2V2ttR3RvVzJPMXdvQzVzX1pIaS1fckhscmpuWU1yUzdEU0hVcjdsR1k3LThJLXp0U2Z3bkxnUUZSQjZBZHlpd2pHRTlsX3NGcG9mLWJNVWEtUGZwOVR5c21SeU43QmRKSk5VYTV4V194Q3Atd0pCVUlXZmFJVkIwWXB5MEVYM2x5OGtRdXFMTFItUUpWRDUwVjRXSEFRVVNtN28w?oc=5,2026-05-11 13:31:44+00:00,Orlando’s new Dollar General store offers freebies to first 100 customers WFTV,2026-05-12
Dollar General,Shuvechha Dere,Mass Merchandisers,Opening,Orlando’s new Dollar General store offers freebies to first 100 customers - WFTV,https://news.google.com/rss/articles/CBMi3AFBVV95cUxQZjVCcGtZWUtPektJTjNJNGl2UzJYd2JDWmpfRTItNnBEQUlvcUJuY2kySW1Nb3EtajRaeWhrNXJ2V2ttR3RvVzJPMXdvQzVzX1pIaS1fckhscmpuWU1yUzdEU0hVcjdsR1k3LThJLXp0U2Z3bkxnUUZSQjZBZHlpd2pHRTlsX3NGcG9mLWJNVWEtUGZwOVR5c21SeU43QmRKSk5VYTV4V194Q3Atd0pCVUlXZmFJVkIwWXB5MEVYM2x5OGtRdXFMTFItUUpWRDUwVjRXSEFRVVNtN28w0gHcAUFVX3lxTFBmNUJwa1lZS096S0lOM0k0aXZTMlh3YkNaal9FMi02cERBSW9xQm5jaTJJbU1vcS1qNFp5aGs1cnZXa21HdG9XMk8xd29DNXNfWkhpLV9ySGxyam5ZTXJTN0RTSFVyN2xHWTctOEktenRTZnduTGdRRlJCNkFkeWl3akdFOWxfc0Zwb2YtYk1VYS1QZnA5VHlzbVJ5TjdCZEpKTlVhNXhXX3hDcC13SkJVSVdmYUlWQjBZcHkwRVgzbHk4a1F1cUxMUi1RSlZENTBWNFdIQVFVU203bzA?oc=5,2026-05-11 13:31:44+00:00,Orlando’s new Dollar General store offers freebies to first 100 customers WFTV,2026-05-13
Harveys Supermarket,Komal Agrawal,Grocery,Closing,City Council to vote on Winn-Dixie incentives that keep Harveys store - The Florida Times-Union,https://news.google.com/rss/articles/CBMi2AFBVV95cUxOQ1g5dThGMDlTcmV1Mmx1OHpfa21oUmZxSGNlSEpJQmpSLVNCaklObURDVEpPcDkwUTJWN1YtYldhTTJPdHpudWlMbnI0OVJYampyZmJmVEFZY0VjRXQ4eE9nWnFjc002V1NSY2dSbHR6b2pDYnBNMENydkIzblFENTQ4aWFEU1dDUUZQcF9vcjR1MlkyRzJLamdoVWk1b2R6SUJZN3VlNEsybDB4M2xpcmwyOUR6SEFaOFBNLVpiOUdoc1ZodUkySk5SaE45d1JENW1EWHFOYzI?oc=5,2026-05-11 13:16:35+00:00,City Council to vote on Winn-Dixie incentives that keep Harveys store The Florida Times-Union,2026-05-12
BJ's Wholesale Club,Ashwin Nair,Mass Merchandisers,Opening,Texas drivers get $2 gas as BJ's Wholesale opens Grand Prairie club - Stock Titan,https://news.google.com/rss/articles/CBMitAFBVV95cUxNNlBWN1B2SnRPR3d1YTZTTjdjWTViUXVOU2pxRXVUV08tak9UdnE5SWFnWm9IVnlSM1RMeUpYSmtqZGp1Sm5jVEZBc2pYOUhvNEpUa0d2aGJKWUNuVTdmcnlSNUNKNHFZMFJUSFlOMlBKZ0dDRnhDZllNNjdGc1JQMXJISFBTNzViOGlhcnhPNWdlWnRkd2V3VVVmUTF4b2dsQ21EYlp5M0tqQ1VQWHllZjBoNnY?oc=5,2026-05-11 10:48:05+00:00,Texas drivers get $2 gas as BJ's Wholesale opens Grand Prairie club Stock Titan,2026-05-12
BJ's Wholesale Club,Ashwin Nair,Mass Merchandisers,Opening,BJ’s Wholesale Club Continues Texas Launch with Grand Prairie Opening - Business Wire,https://news.google.com/rss/articles/CBMiwwFBVV95cUxNcm1xcEJKbWI0LXZ1MS0wVldDUy1YckhldGtYTlZQbnlBWEJ0bzhsWkVvZFBiUmt2Y2tQSzA1Vzg1WXhkaElqSXRDZlBETlNZTlRXN0lnTGMxWE5oQ1F2bkVqeWcwY1VIMkJjSUdhaVR1dEpZR0dyRHl3TEZDdDZCdElDNXQ3N2NraEJlRlJCYTBjcWd4OVpxU1VBbmdBeG51TzJaNDdsN3pJSVlwSTR5YnZueGJ0bXMwSXBmUE44Y1RVSGc?oc=5,2026-05-11 10:45:00+00:00,BJ’s Wholesale Club Continues Texas Launch with Grand Prairie Opening Business Wire,2026-05-13
Party City,Dhiraj Manghani,Mass Merchandisers,Closing,Party City Is CLOSING ALL Stores After 39 Years Of Business (ZxKsRnmEnE) - fathomjournal.org,https://news.google.com/rss/articles/CBMicEFVX3lxTE15NnJYZXZfSXRyZEZ6VS03em5kTmZOTG02ZEJOdTRXNkJPX1FQMFh4aWFNaFFjbWdVNnhFR3hReEdlQ1FpTFNldUZ6QlVuM0NZdFMyTU9ZUzVEazRDU1hQRGh3VmZUVm03MGcta1NrdVQ?oc=5,2026-05-11 08:55:37+00:00,Party City Is CLOSING ALL Stores After 39 Years Of Business (ZxKsRnmEnE) fathomjournal.org,2026-05-12
O'Reilly Auto Parts,Bhavesh Phulwani,Mass Merchandisers,Opening,O'Reilly Automotive stock (US67103H1077): Record Q1 2026 earnings lift shares - AD HOC NEWS,https://news.google.com/rss/articles/CBMixAFBVV95cUxPN0tLVlV4WDcyRnhZazVCbVdSNGJKZ0xSc0QyMkFqNVIwTDA3eTZGVFNpQzFJZXZWWC02WTk0Qm5FVHdtVzM1b0tyWHU4cjIyTWxEX0VtNldpTV9lWlFjVmNpckJoekotZDB1VkZZRExVOF9KOTg3djVFb3V0WjU2ZUhnaS0tU3hPV3BkOFU0M0lVRTRFNW1qWnJvVFFXNzFLQjNaUkJtRl9zdlI3N0txd3kzeVlUZ1ZXTlh0elVLY05WYjlx?oc=5,2026-05-11 06:28:15+00:00,O'Reilly Automotive stock (US67103H1077): Record Q1 2026 earnings lift shares AD HOC NEWS,2026-05-12
FIELDS,Harsimranjeet Singh Ghelani,Department Stores,Opening,Ground breaks at Kalkallo sports precinct - Northern | Star Weekly,https://news.google.com/rss/articles/CBMiigFBVV95cUxOcGUxU3dvQm5pWTN0Y2VxZW13MURzNmVra0JpVTNFVVpob3dXdnE1NmktLXpYWVFucmJ5bEpuWnlPM2tyWVdJMnlLV3g5V2VVSHZZX01xbEU3aks3al94QzAwVjdGZVJKcW5DU0x5TnB2UHhmRW1hYm9MeXZNcUdSTnJfVTBJUkFRY0E?oc=5,2026-05-11 05:48:48+00:00,Ground breaks at Kalkallo sports precinct Northern | Star Weekly,2026-05-12
Walgreens,Komal Agrawal,Drug Retailers,Closing,"Chatham residents, Walgreens officials discuss store closing - CBS News",https://news.google.com/rss/articles/CBMiogFBVV95cUxObDdzSHJpcEZfUU9BSi1iekNOV2gyYmstSThyS0l3YTJTMENSQmpSY1ZJOThJWHNFdVBNZWdieHlXR2l2VmFaa0dtUVlVRDJfbjhSSTNvQXZ0QnA2S3N6TjhrYmdqNk9JeUZkbXYtZ2ljMWZkbnpXVUJfTU5DanlsdUNHMHFWY0Y0c1I5bk9lTVladzlvQTVRWmU3blhBRGZYQkE?oc=5,2026-05-10 20:28:00+00:00,"Chatham residents, Walgreens officials discuss store closing CBS News",2026-05-11
Doggie Style,Suryakant Rajput,Pet Care,Opening,Dogtopia eyes US 280 corridor for new location - The Business Journals,https://news.google.com/rss/articles/CBMiqgFBVV95cUxPSmEtUDBLMWx4X1JET3EyRUcwaGVIZk9NMUxiYzJCcnpuTnRjUVlfZ0pqbTA1QkdDdFpPVEt5U08zNUdqTVUyYWYzLTVDNGNncGNzdlk3VmUtTWtCT3dlMXRJZE1DUDBvNU8zX0swZDVZZGxUWWFGUEFMRVpkQTVYRlVuanZLWnEwVFgyOTdURXM4U1lnLWRCTkQ5LV8xX3RGcUxOM0U1cGw4UQ?oc=5,2026-05-10 20:04:00+00:00,Dogtopia eyes US 280 corridor for new location The Business Journals,2026-05-11
FIELDS,Harsimranjeet Singh Ghelani,Department Stores,Opening,Ground breaks at Kalkallo sports precinct - Star Weekly,https://news.google.com/rss/articles/CBMijAFBVV95cUxNcEsxcURRTHRNWHBTOTdLMklrbklpSVh4QXVTUE9nbmU3TzZQSUdIQ3BZVUM1cTlhdnNZbzI0MmQxT1JCU0o5RFRfVVpZN2dmVWRIT0xyTzFOcXdlb2gtdkNVVVU5TjBOUGloLVhtaDVUSm1rMXlnMUIyYnl1b29EUmE5M3pxMmlzaHFWMQ?oc=5,2026-05-10 19:48:00+00:00,Ground breaks at Kalkallo sports precinct Star Weekly,2026-05-12
Sam's Club,Dhiraj Manghani,Mass Merchandisers,Opening,Sam's Club to open huge mega store with 14-pump gas station MINUTES from Costco - the-sun.com,https://news.google.com/rss/articles/CBMijAFBVV95cUxPbnVxaFFxTU5yWnBWNU9KSWpWS3FoQ2tRMWFjUHBaMk83amZDYU93RlFLREpWM1BGNEVvYVZOVzMxWVA5Wm5meUNmb3h3T1lDcXVNcHc0ZnBsMXRnNFZ4SUpyNC1yUFB6ckxidGpwbkgwNjJJRk1fU1dxZHlLYWVmSzBac1ZJbmRDQWx5bA?oc=5,2026-05-10 19:40:16+00:00,Sam's Club to open huge mega store with 14-pump gas station MINUTES from Costco the-sun.com,2026-05-11
Dick's Sporting Goods,Ashwin Nair,Mass Merchandisers,Closing,Rapids lose first match of Matt Wells era at Dick’s Sporting Goods Park to St. Louis CITY - The Denver Post,https://news.google.com/rss/articles/CBMiggFBVV95cUxPeTF2WXZKOVQxcnZzYkg1d215QkVrR1c5bUZxeUhXN0xmN3FvX1ZMNGwyR00xWXhfMTUtLUJMQ3pBUnNnQ29zX3F1YlVfM0RoNGwyeWhpQXhRY3l1d2JvT2p6ZnZKMkpMb29RX1lSdEM5WnZlS09kOHFyeVRYdkxkX3h3?oc=5,2026-05-10 17:25:50+00:00,Rapids lose first match of Matt Wells era at Dick’s Sporting Goods Park to St. Louis CITY The Denver Post,2026-05-11
Popeyes Louisiana Kitchen,Kabeer Pandya,Restaurants,Closing,54-year-old KFC rival fried chicken chain closes more locations - thestreet.com,https://news.google.com/rss/articles/CBMioAFBVV95cUxPa2NQRnc3THpuVjlVUDZnM1d4NFprUWxUcTNPMUFPemJMWkJUdHBkWllKX1RyZ2dhQzJyYVZzNm1WeWgwWDV4MXEyQmswbWJ5Qnd3Ql9XQkNFdHV5Z1lGdDlQTy1QZndhS0JBUHNiWF8zaWVPLTZPNjgxdGNSRzJGY1MzRDdJY0hqQ2dGdjFQaFdqRGR5eldIemlobFgtMExn?oc=5,2026-05-10 17:10:06+00:00,54-year-old KFC rival fried chicken chain closes more locations thestreet.com,2026-05-11
Raising Cane's,Rahul Shinde,Restaurants,Opening,Raising Cane’s Looking To Open New Taylor Location - Metro Detroit News,https://news.google.com/rss/articles/CBMiigFBVV95cUxNN2R3bGR2VG5vclY4bG5neWRtT2hvYmk5RUdTcHlkeThaN1BnZ1c4RHBodG9LY2VhRWZlYVAzdWhNTXZWTTlKbXhxbVVvdFE3Ykg1S0VvMGJMbExSN3BiS3FQS1Z5RmNHQk9xWjU1eHlLUVFFaWRoaERaUE5uRkpwV3FSS0VkMmZCcnc?oc=5,2026-05-10 14:13:38+00:00,Raising Cane’s Looking To Open New Taylor Location Metro Detroit News,2026-05-11
Scheels,Dhiraj Manghani,Mass Merchandisers,Closing,Century-old Home Depot rival chain announces last location closing date - PennLive.com,https://news.google.com/rss/articles/CBMitAFBVV95cUxPZnJoUmlFcmo1cl9oWVExelQ5dEZZMzRuQV9ZLWxVTS1aVVZxbVZzOFZld1BSYUVBSnF6dkxSNlFDUjZud2Yyc1VYaFlSbkwyekpza01MVG9wZDZnS2F5U3JxY050WjBYVjZYaTVoMFR6eHpXa2dZLVFhRUlsY3BXSllpSDdFY3FJQmNGQ0xWX1JSSlppNnlVbTU3alI3V25EOEJ4RW9SSm9nY1lvVTdGMU5LNHHSAcgBQVVfeXFMTVJaajJ5S2dfZ0RMMGdFbnJXZzdHTjBPOVcwc2FxS1lLazVENmloQTJWRjkwcGNleXdHektBQXBPYTFPSFprQ05iVmNZeU5hbl9EYThQOURrcmVuM2l2bGRYSlFQOFJkYzlRcnRpM2tLS1ZxUGd2Y0hIcjF3VzlKc1RzVktCdzhhNmtteldpRU5DYzhtUzFLSng0M1RnY0tTQlU2UEhwb3hEVENBXzhKU0gwMEpwWVVXQXpDeEJ5NmJZdk1iMDY1NWY?oc=5,2026-05-10 10:00:00+00:00,Century-old Home Depot rival chain announces last location closing date PennLive.com,2026-05-11
Trader Joe's,Rahul Shinde,Grocery,Closing,The 'busiest Trader Joe's in the world' temporarily shutting down - MSN,https://news.google.com/rss/articles/CBMixAJBVV95cUxNOENRMEV4UUxXbUhOOXF1VVhmOFBwa0xWQVI2OGM0ZllqTzgzU0pQcmZhdjJ2UnRrYlVUdEhxTS1zdk93WU9yd1ZVM25xQTNWVFZ3Sy14SnJvelg1TmM3VHFUdU1VWmxmQmtlcG92WU11ZldSRUpick9XeUVITmJpcVlQcU5rTF9FTGctQ1JPWmxONjlHanZCT0M5ZEVIeXhHcTVWcVFfQlZ0MnlaVHpKcnhDaFVzd1BodGdQS0d6Nnh0Y0NSWGdWbUFvdWdCbDBTcG9sMGJLTWNTaFJ1UzRnM1dKcW9WUkxRZDFEVUZ5UGRqcnBWZW5xOWlBSHB2N2tEeFVuZkNyanAwMDJ3LWE3dzdMamZZX3pvTHFqbTU1R3hvSzczVjRUTjZPckdrd1U3Mm1rbVBBdWNvNDVibU1MZ3pjNUg?oc=5,2026-05-10 06:33:54+00:00,The 'busiest Trader Joe's in the world' temporarily shutting down MSN,2026-05-11
Walgreens,Komal Agrawal,Drug Retailers,Closing,"Walgreens to close Chatham store after more than $1M loss, cites theft and declining sales - FOX 32 Chicago",https://news.google.com/rss/articles/CBMitgFBVV95cUxNREktajV0cHJaQTMtTmMySExhUXF6aTNQdExMVWlmYmtTQkhRRUs2RjVjdkl4Y3J1eHNnUllibktIOEdYdDRUWGI3VWN5RThDS2JPdVh6MU4ydjZPM0tDS19mV1g4aW5DcGpTTUh3TmdrR1VQMEZfQWl4dXRCLTRZelQwLS1ud19zcGJaZFNJRjVaX0pISTJTRjYyMHU0NUJmSUROZ0VsOURFSUloYVVkU3E2Q0RkQdIBuwFBVV95cUxQa2QwQjlsUzJVMm5LdWh0RUxMVFV4akxmcVdsalhSSDhfWTFEWFhaZWlleXEyeXY0YjAzVk4yRmNhVUF6YzRYSlQ5RzV4WVctZzgwcUJUZ1lkSHVyb1lBNEZPUTRQamVRenZ3d1FqN01UeHQtak1mVVVXMl9TUndSbmR6d2pNRjlQOUJRQTJUZXZnWXFOUGk4UThlb2Y4cXY3MWYyM2ZyZ0o3bDdnY2p5bWtETDdDblN0VEpN?oc=5,2026-05-10 02:33:40+00:00,"Walgreens to close Chatham store after more than $1M loss, cites theft and declining sales FOX 32 Chicago",2026-05-11
VCA Animal Hospitals,Unassigned,Pharmaceutical / Medical,Opening,This Golden Retriever Dad Tried to Open Chips Quietly… It Didn’t Work - AOL.com,https://news.google.com/rss/articles/CBMigwFBVV95cUxQM1dEM0FnN29zYW50VmxaUUpna2JmWTZLUl9UV0txa09sdERFZUN6dzktRS13MldOekVPYmlMWFg5eURhVFp4bU9GQnNWa0lMSHgtc3NHYU5WLWVlZm1LVEliY2g2Vmo4WE9aNlBVblpqT0U4bENNM1JNVjBVVlFET3M2Zw?oc=5,2026-05-10 01:00:00+00:00,This Golden Retriever Dad Tried to Open Chips Quietly… It Didn’t Work AOL.com,2026-05-11
O'Reilly Auto Parts,Bhavesh Phulwani,Mass Merchandisers,Closing,NASCAR Results Today: O’Reilly Series Results at Watkins Glen - Sportsnaut,https://news.google.com/rss/articles/CBMilwFBVV95cUxOQXRqZGhNZUZmVWJzck1SU2p3M0NHc3VSRzU4RFNKN1RZeWc5OGdDeVJnWW1qY2tpY0pTLXNyOWxzUzhjUDRibzN0SjdXTTJ5dDRRVHpIREZXdTVSQTFYT1ZtTUQ5MFhycm9zckJIcFZ2aWNPXzlmaDBQeC01bVZjSXAxWWUyRVd6bklLcThVdHNMYXpYeUVj?oc=5,2026-05-09 23:13:46+00:00,NASCAR Results Today: O’Reilly Series Results at Watkins Glen Sportsnaut,2026-05-10
Walgreens,Komal Agrawal,Drug Retailers,Closing,"Townhall meeting held between Chatham residents, Walgreens officials regarding store closing - CBS News",https://news.google.com/rss/articles/CBMinwFBVV95cUxPTXk3VGY5RDBQQnhZSUw5RFh1Ym42bVVwUEJzNHI4eG55aGdzcGhaOVFldkhWQ2VaM2ZZUXBtdzJKVEhTbTNrZWRKOWtMczV6UTZIY0oyLUxMYl90amlPTTVtYzNLeG14VDFSRzZSanY0dVpXQ01tZGdkUEU3TGw5XzNDZEpqNVdiYzBYQTlPMDl0SE5vRGZvRF82ZXc5U28?oc=5,2026-05-09 22:47:29+00:00,"Townhall meeting held between Chatham residents, Walgreens officials regarding store closing CBS News",2026-05-10
O'Reilly Auto Parts,Bhavesh Phulwani,Mass Merchandisers,Closing,At-track photos: 2026 Watkins Glen International race weekend - NASCAR.com,https://news.google.com/rss/articles/CBMilwFBVV95cUxPTlRqdllOc0pDamNBd01fVk5HbEVfTS1Zc0o0RlFPWFlkNFdXQXRLNkJnMjJTdnYwNWwydUxQbXN5YzNmQ2dTZWdWRzBFeDU1aVE5dUFGc0cxRkh2SzJOeDhVbjdMVWY2MzVZMTZYU0dsSmIwbXdlTnZ0dHE4T2lkTTYxWlNrUFRmR0ZPellkamljRFFSNkRj?oc=5,2026-05-09 21:14:57+00:00,At-track photos: 2026 Watkins Glen International race weekend NASCAR.com,2026-05-10
Walgreens,Komal Agrawal,Drug Retailers,Closing,Alderman Hall slams Walgreens store closures - The Chicago Crusader,https://news.google.com/rss/articles/CBMifkFVX3lxTE9lcXlTV2FMVGFRLUpJSXVaWHE1WlZFdFp3M3pJN255RXhtbk8xV2pJVVpTRkVUbXlJeERUcWRFY3IzNDRYcWpZTy1sZjZkNmkwYUk0eXVwWWV3NzMyeUR0SThvdmgyeHdKaUpGVVh2SkxWVF84ZU5QQWlmcmxMUQ?oc=5,2026-05-09 17:24:04+00:00,Alderman Hall slams Walgreens store closures The Chicago Crusader,2026-05-10
Amazon Fresh,Kabeer Pandya,Grocery,Closing,Amazon is closing all 72 Go and Fresh stores in February 2026 - MSN,https://news.google.com/rss/articles/CBMixwFBVV95cUxQdlZqcFFVa1pxTEd3b2ZfRTNzR2g3Q0NRUlRfOFpZTnZKRG96Vk9ja3p4UW5FdE1PZkdlSWRxbzRVOXRmVms0WENYOTlmN1QtTVIyR3JtZi1xTTgtQi1mdVRhOC05VUdJSGhPT1l3WTRRbjJlaHNLaURjdDFNaVRqZ1kzenZLZzduSDR4XzZ6bUF2WTVnRVVRZmtnc0k1Rm5oZWMwUWQ1YXlSUUdfYnZjOWZRUnlkQlN5MGxnSDlGUHZhdDJLZ3Q4?oc=5,2026-05-09 17:13:56+00:00,Amazon is closing all 72 Go and Fresh stores in February 2026 MSN,2026-05-10
Stop & Shop,Rahul Shinde,Grocery,Closing,Stop & Shop closing 4 Long Island 'underperforming' supermarkets - Newsday,https://news.google.com/rss/articles/CBMiiwFBVV95cUxQU29TazlNbXoyRDQ4bTdYcDcxd1MtaEN2Rlc2UkFwbGFzRzA2TU13Wm1HMkhNWHhQVFEzYWVVb3lNb0ZVUUo4QThjbGZCM25TMFlEVnNVaGc5WHNNUFAtb01DQWt2cGlmX1MzNzl3X2NrTUx3Mkh3REFmUGtiMlFuSWx1NXBKZGd3NG9r?oc=5,2026-05-09 14:10:40+00:00,Stop & Shop closing 4 Long Island 'underperforming' supermarkets Newsday,2026-05-10
Trader Joe's,Rahul Shinde,Grocery,Opening,Trader Joe’s New Summer Mini Totes Are Coming Soon—Mark Your Calendar - Yahoo News Canada,https://news.google.com/rss/articles/CBMieEFVX3lxTFBlMUNlcE1pTmdhemMtcTBWU1BCNDYxOTF5eXI5WmxTdGM4YjhLTWRyUUg0N19wMGhra3BCNmdhZnNPVkJhX3VTdlJoQ2FsMU5KQWdidkV2LTV4OUdXTExUVDk0cTJuVElUdTZXazdFb3BraE9GMTBPXw?oc=5,2026-05-09 10:28:49+00:00,Trader Joe’s New Summer Mini Totes Are Coming Soon—Mark Your Calendar Yahoo News Canada,2026-05-10
Trader Joe's,Rahul Shinde,Grocery,Opening,Trader Joe’s New Summer Mini Totes Are Coming Soon—Mark Your Calendar - Delish,https://news.google.com/rss/articles/CBMiiwFBVV95cUxQa0RvTUdSbllkejFBS2FQcDBVc2ZfcXpicl9Qc29zakF4cWNaeFZ4enlwZFRXcEFfQUN4OWpNX0FRRHJGWUEtcU1ySEZkQzJaRzRNdXpWNUhBOC1GN05xaUd4MzctLVV5THJZa3R4bFNhZEVyMkJtc1VXYUZzdm5obHRXUy1yalNrOUQ0?oc=5,2026-05-09 10:28:00+00:00,Trader Joe’s New Summer Mini Totes Are Coming Soon—Mark Your Calendar Delish,2026-05-11
Sprouts Farmers Market,Rahul Vasaya,Grocery,Opening,Sprouts grocery store to open in Grandview's former Big Lots - The Columbus Dispatch,https://news.google.com/rss/articles/CBMiygFBVV95cUxNb3lHcVlUWWxkRHRMVHRvUFFCdVJDSGFkY1BJSTk4VWU3Q2NKSnJuYW1vWXVPOURMTGdaOTFBMEtaZ1c2cVJFcl9Sakh4Sm51M25GUHlNSVpaeHNhbWpuN3hpbFVZdHAzYmhqTVY3YVc1cWtCRUVsdmw0cDVUMW5remdlVW5ycDRCUE9vLUlLTEIwR2YxTkJyN3VDcFJ0VWctZ2xrNjFfck5kYnhSQk9ZN1dLelV4ZzltYi03UXlUdEdrV3JmWDlMVnNn?oc=5,2026-05-09 10:01:00+00:00,Sprouts grocery store to open in Grandview's former Big Lots The Columbus Dispatch,2026-05-10
Scheels,Dhiraj Manghani,Mass Merchandisers,Closing,Scheels Home and Hardware Closes Last Store in Fargo by End of 2026 - HarianBasis.co,https://news.google.com/rss/articles/CBMiekFVX3lxTFBDRTUtdnBaSWtqUFg3cDJCNnVoU2lrQXpZbENZMnhBZ0FpOTBWV2dlclNjWG1CZE5nd055bHZUVTAzTVhteXpiQWFkdUo5Qm1GaW1NZ0YzUkJxYzlZZDQzZUpQMUc2aC13VTl3My15Ui1ZZTB0RHdGczlB?oc=5,2026-05-09 08:13:45+00:00,Scheels Home and Hardware Closes Last Store in Fargo by End of 2026 HarianBasis.co,2026-05-10
Party City,Dhiraj Manghani,Mass Merchandisers,Closing,"Party City Is Closing All Stores, Going Out Of Business After 40 Years (8bZFfOvW4I) - Fathom Journal",https://news.google.com/rss/articles/CBMicEFVX3lxTFByNUdmU1QtNHJoNTdkX29lY25pSzljbUVtUW9zM1pydzNMNVJyeWxaU0xFVFN2UXZGcHVnWXF6aUluS1Z3UGxSVW5BalE2a2ZvcmNqV0d0VVZjRkx0NV9XeGF2NmctemZNcE9OOGFrakg?oc=5,2026-05-09 03:27:19+00:00,"Party City Is Closing All Stores, Going Out Of Business After 40 Years (8bZFfOvW4I) Fathom Journal",2026-05-11
Giant Eagle,Komal Agrawal,Grocery,Closing,Morning Roundup: Draft-related road closures coming to an end; Giant Eagle issues turkey recall - TribLIVE.com,https://news.google.com/rss/articles/CBMiygFBVV95cUxQSGxLcmwyVGN3QzdYbFZrbVQyVkxveFFWZ2g5cG9SVXB5eHc1S2h4VHJzRExUOG5nd2NicDFhRWktcjI3ZnZsaTBVdGZkVzRWY2cwOUoyRHEtTGJiZV9kWC04dW1SdFZ5a0tDS1hoRWFpTFRHWTlka3JxN1QyM0VjRGlybExVWC0yd0ZWQTVjMjByNklrUTJDdHhvYkJXT1g2ZDlRb0duYjM4Nkl2bVdrZWRRT25RbEpKY1BmdkloY1JBVHZqdmNjVlpB?oc=5,2026-05-09 00:11:15+00:00,Morning Roundup: Draft-related road closures coming to an end; Giant Eagle issues turkey recall TribLIVE.com,2026-05-10
Macy's,Harsimranjeet Singh Ghelani,Department Stores,Closing,Macy’s Permanently Closing 14 Stores Despite Strong Holiday Sales - AOL.com,https://news.google.com/rss/articles/CBMihAFBVV95cUxNZUZHZkptY21WZWxpVFpXTFZTX2lCSGFCZnh6QlBlRGYtXzBsTUZSVzhVR3dIREIxQlUzdkVFcGxBR1Jka3FNQ2ZZTzlxU0tGVmhGdkh4YkR5eHROSWJpQm00WXdFRE9LSFNIM0syUFMySXNCZUd0ckl6QVBleDY2QzNYWlY?oc=5,2026-05-08 23:19:15+00:00,Macy’s Permanently Closing 14 Stores Despite Strong Holiday Sales AOL.com,2026-05-09
Kroger,Moksh Kashyap,Grocery,Closing,Kroger store closing in Dunbar - WSAZ,https://news.google.com/rss/articles/CBMidEFVX3lxTE9YZ2tNY2dueExPUW1QV3UtRmxJV1k4bWdrd0wxRi1KLUlsbzhZREpKVWFMS1oycUFNZFM3bldfb1E3MEZsb0hLUHQzcUdtYzhOTThfbGZQSldxLWhXYUhFQ3BBVFNjMmNiQnVnZGtENUd5ZW9f?oc=5,2026-05-08 22:36:00+00:00,Kroger store closing in Dunbar WSAZ,2026-05-09
Chick-fil-a,Rahul Vasaya,Restaurants,Opening,City of Dreams Welcomes Fourth Chick-fil-A - The West Georgian,https://news.google.com/rss/articles/CBMie0FVX3lxTFAtaGc3c3V3aFkzWmVkVjFwYlZZa2NSRG8zRDl1RExqZXZPNkNaVHZibWFyT0RBSi10T0c2WDVlVFFtMEdIMkRmOXdJZFBHMWxsRlB6WnQ1MmZmY2lTbV9NMWwyNlhhRVBfcThvS2xyc2VjdU1XMDBFRzZCMA?oc=5,2026-05-08 22:31:17+00:00,City of Dreams Welcomes Fourth Chick-fil-A The West Georgian,2026-05-10
Nordstrom,Rishi Nagar,Department Stores,Opening,More than 900 stores are set to open across the US in 2026. See our list. - Business Insider,https://news.google.com/rss/articles/CBMigAFBVV95cUxOaVo3ZnJfNjlPSFpNY2pkUDJZOWFZQUNQNlJpaHRyeVY4QW5ORGdUdzBiOHQ1TFE3aDBoNGwyS0pRUDJuaFFvNWhxYW9uMjBDZEFrX3dJSzZCbkIwZk9JX3RmYUVqZUV1NlBnT3p6V25memplS0oxcVlyUGk1c0Rkdg?oc=5,2026-05-08 21:37:20+00:00,More than 900 stores are set to open across the US in 2026. See our list. Business Insider,2026-05-09
Kroger,Moksh Kashyap,Grocery,Closing,Dunbar Kroger is officially closing its doors - WOWK 13 News,https://news.google.com/rss/articles/CBMif0FVX3lxTE8tWEtNcHhLc1NXbHFOR2xEU3BXZDF1NDNERkhLbzdjcVFBWXcteHRtM2VBbDFJWGY5ZTBBa2lld2RSR3RLbjRwbEJEaS01WGxXeFVjM0RnS29XT0lJN05ZTE5OS3dRX2ZwVWc0SzBKUjNQb01XUGhiV0hXVXVOdmvSAYQBQVVfeXFMTkZNNGNxUmJPSlFqaTRDd2NKeDBwY0d4cllRaUI3a1A3OGJESjF3VDdVbXgyRmtfeFpoajFvS21vRDk2eWtzb0hCSzNLWW81X2c0b3diT083QW9TYk9wMm0wUS1Zb1Y5LWNSME96czQzeVZtTGpoNkRxbUE2Q1hfOVNST0kx?oc=5,2026-05-08 21:31:54+00:00,Dunbar Kroger is officially closing its doors WOWK 13 News,2026-05-10
Uniqlo US,Ankit Rawat,Mass Merchandisers,Opening,Uniqlo To Open First Austin Store At Barton Creek Square - Hoodline,https://news.google.com/rss/articles/CBMilwFBVV95cUxQUnlJZUpCSExQTlZ3Rl9NcmlOVWVIS1hSWXgzVC1UZzVqZTlra3dOaEZENXlubVM2NUh0NHdLU3BrbDM5bS00UVdWNFY4MlI0TWdQMXNzSlFaeFZydmgyVV9HVlRPUkpWSS15ZjVRbGRNRDZHRW5kTmxTYk00T3hvbnktX0hpUS1rRHRLX2xyYWRNRTNOTjk4?oc=5,2026-05-08 21:09:13+00:00,Uniqlo To Open First Austin Store At Barton Creek Square Hoodline,2026-05-09
Chick-fil-a,Rahul Vasaya,Restaurants,Opening,Chick-fil-A opening in Chico pushed back to fall due to weather delays and approval process issues - Action News Now,https://news.google.com/rss/articles/CBMi7wFBVV95cUxNQXEzQkRiWmRLakcxd1NoRm1scWcwcGdRUTV5U1ZSVk5EZDFkbW5uQlpteUNDY0lNa1VTQWZIUk9CZ2tCUWtWZVhka2hhSTY1YWMzeXNRSUY0dWswZ1kyS090NnhDUGRTT0ZtVDZucEFYVndzd3hNMDlZZWtaOXE1UWQtaDNOT1IxTVZWRHdmNUo4M1I0cXA4UldlWkpvMmZuVlNwQ3phVUV4NlpZUGdod255eWNEQlhJY2dGVVZ5N01DQWI4aE9VVE50dDFrYi1pdHo0TmpGRFdQOFZrX0NQRU1VSTNOWW5mOTRWX2dRZw?oc=5,2026-05-08 20:42:00+00:00,Chick-fil-A opening in Chico pushed back to fall due to weather delays and approval process issues Action News Now,2026-05-09
Walgreens,Komal Agrawal,Drug Retailers,Closing,Walgreens closures raise concerns about pharmacy access - Private Equity Stakeholder Project PESP,https://news.google.com/rss/articles/CBMingFBVV95cUxQZU5idXRWUTVQLTZoYkpTOWNlNUhoU1F3T0ZrcjlPTEN0M2hyVzZpX2lnX0IydDVDdXhVYlhPMzliUFlwY2N4UGRCa2lwcDJiU0M0bWtNekE4dThBUVMtOWxrd2pMN3pjdTNjODVyV0cxenoxNFR2YVhYMHdqQ3FDMUVfck9LR3JWLWNldTlmMnZhUnhmbHllODdLOWpnQQ?oc=5,2026-05-08 20:26:29+00:00,Walgreens closures raise concerns about pharmacy access Private Equity Stakeholder Project PESP,2026-05-10
City Market,Ayushi Chandel,Grocery,Opening,Kansas City opens new pedestrian bridge connecting River Market to Berkley Riverfront - KCUR,https://news.google.com/rss/articles/CBMi4gFBVV95cUxPYWYzclRpbWhySGk0QWRCVVp4SnZaekxRTFRINTA3MlRmZm1GTDJRLXpQZ2VIWVlVNnFUVTY4N2ZIWXFnRENYS1R5cVBMLXVrd3BRTEdTRW5KTXdGTFZjdkRCYXUyVDdhalozczd5azhDRmdsaU50TUhjYUQzaVNJWGs2bHctV3FDb0FhLUNyb2RHOUNlQUZkbFlYX1dEZXdTby1WWXBlZ3pqdE5CbTQtb09LNTVhSXgwcFlFYXZveHV5d1g4YUdZZDRhMFVsZXN5TnhqaFQ1TzhpOHp4eW4xQ0FR?oc=5,2026-05-08 20:23:00+00:00,Kansas City opens new pedestrian bridge connecting River Market to Berkley Riverfront KCUR,2026-05-10
Sprouts Farmers Market,Rahul Vasaya,Grocery,Opening,Sprouts Farmers Market to Open First Columbus Store at Former Big Lots in Grandview Area - WhatNow,https://news.google.com/rss/articles/CBMiwwFBVV95cUxPRC00bFBld1ROWkdtWHdhcVpOOHBHRHFlaTRLYzRmVllRbV9GeVZ1bFpQTFpvZGJWSHpUOVNCOFVHTG5MdUw1dVMyaHRVdWNNR1hobThzSHktR3FlZ0NZOWN2MENEc2NQVnVFMXB5ZWlGaUlDYUt6Q25mdE45YVl4STFaWWlXS21kWFpyMzhYaW1nOS13dmExTGRQNWNMSDJ6LXJCRnk5TnplVE43dWhZdU9PdGNnWlJxREhQcEtoX05Fc3M?oc=5,2026-05-08 20:07:45+00:00,Sprouts Farmers Market to Open First Columbus Store at Former Big Lots in Grandview Area WhatNow,2026-05-09
H-E-B,Komal Agrawal,Grocery,Closing,Lawton Residents Really Want Oklahoma's First H-E-B Location - KLAW 101,https://news.google.com/rss/articles/CBMiREFVX3lxTFAwUktJMTNnQ2JyeFh1d2dncU5PNEYyeFh0M2JGSGo4c1F4ZmNkUFp4dWt3ODh2bE1kR1dEandRQlFPZUpE?oc=5,2026-05-08 19:59:31+00:00,Lawton Residents Really Want Oklahoma's First H-E-B Location KLAW 101,2026-05-10
Safeway,Rahul Vasaya,Grocery,Opening,New entertainment venue in West Sacramento set to open at former Safeway location - MSN,https://news.google.com/rss/articles/CBMi1gFBVV95cUxOY0Z0TEJuVGh5QnF0TUkyS29rNDJYbFJEbDU1TWh5dUJoajA3UEtBeWlLMVNLUk54QmZWbXp2Q2hVTS01QXdkU3BQYjdKY1NyVS11cjNXbDlqWHphVGxDdWtnamtxeThGbmRLclZUX3BoSWlrUUZBYmFYRUJ3bHdGdU4teTFNTER1VW9rVmw0OWNvTTVXMVNGXzlXYkRhc2ZyOEFCcjZRMzFwRkppdjVYZlVSRjZGbWctZ2RwcDVHUzFsYTBFNGgzNVdLTTJVMW1jSEVuMVF3?oc=5,2026-05-08 19:49:51+00:00,New entertainment venue in West Sacramento set to open at former Safeway location MSN,2026-05-09
Trader Joe's,Rahul Shinde,Grocery,Closing,"Upper West Side Trader Joe's, deemed world's busiest, is temporarily shutting down - MSN",https://news.google.com/rss/articles/CBMi8AJBVV95cUxPQlowRUtCbjg4ZS1fVVZBcWRqaGw0MmRaaTh0emNqY253X2xSM082QnR4azZJN3hHTWVsdTlCNm9oMkFKb0h6cm1ScV8yM3FLT1pHTUx1TVJDaDhPc1lDeGFnb2xIZ0ZXVU5TOXdVQWFIa2hQTXJaRERNZkdRZ1R3TE1veFlQdVQ5SDlVTHJLYUM4UDEySHBtdE9mUWJCZUhVMGtrVWdlcjFsU1pteTBwZVpyUTNnaWlud3ZNTDdVbFpFRXdyTE5lOUc4OVd0Tno4elFReWx4ZFFpQ01rckdLcnRxSy1YTTN3X1YwR2ViQ3k2OFdzNmFzRWV3NFRnaDRGZ2xMQmJ2cmNOb2FrWWhJcUE2QVpIUi0wNklndTdIWFNoNHc5dFB3UVU1NDJDSVZWTDNKTE1udEFWR1hmQlJ5R1piNjQtSTFGNjNDbF9yc3Bqb2xBQkFpcDdxb1N3bDRCRVljSTVWODBHQTNtT3hDdw?oc=5,2026-05-08 18:03:25+00:00,"Upper West Side Trader Joe's, deemed world's busiest, is temporarily shutting down MSN",2026-05-09
Burlington Stores,Ashwin Nair,Mass Merchandisers,Opening,Burlington Opens New Store In Santa Clarita - KHTS Radio,https://news.google.com/rss/articles/CBMitwFBVV95cUxOYk5lMzY1TEE2ejI5Qi12U2g4bllwaGN4N0hxemZqUTMyOUN1TDYzTW52NXMzdlZsVmpXUGFaT3p3ZFdndHByOVNZTmZzemhMR2RoOE13aVdlSVZwMUY0eEY4UEs5Y2dYNVBoeFJPZjllUk5oNUlzVW45ekdrZ2x5b0p5MF9VTWMxUTB3dDJSMnAzQWZQQjV5MlJqdUw3UmJBeS02c1F6NzZkSUt4N2FiRGhud1hKUTg?oc=5,2026-05-08 17:53:30+00:00,Burlington Opens New Store In Santa Clarita KHTS Radio,2026-05-09
Sprouts Farmers Market,Rahul Vasaya,Grocery,Opening,Sprouts Farmers Market sets opening target for new Columbus-area store - The Business Journals,https://news.google.com/rss/articles/CBMirAFBVV95cUxNTXJqZnVKa29BODVFRjl0R2lMQ190THdkbDhlZjRYaUFleURhQUljbnAzZmVjSGJLc3plbzVsUWVjZjJlaE9OTnppLURVSGo3VFc0dWR4b2ljT202QWVpYmhqVjJkMVZIOGRKVnlnV3RxMmpXQkdwRDZ5UzE0anlpVENtYXJsVUx1NjItMkdDeWFMcnMzQWR1LVVnc0RKZDh2SFo2eFJtelhybzh0?oc=5,2026-05-08 17:14:00+00:00,Sprouts Farmers Market sets opening target for new Columbus-area store The Business Journals,2026-05-09
Scheels,Dhiraj Manghani,Mass Merchandisers,Closing,124-year-old Home Depot rival chain closes its last location - thestreet.com,https://news.google.com/rss/articles/CBMiiAFBVV95cUxORUNqVzNrZDYyMDFqZnlzZTVXRklHQWpRZ2dkdFF6Y3c4RnVwbG4tdnU3ajJEV0VVWnVTbGRESllBMTVlaTBjTDMxVTN6SExKZFhFS2s5LUlJWFpVRjBZTW9kU1NBdjRacGpGT09VM2tMS0hPR1h6NDdDT3lmRTZrQ1VPalZtdWFN?oc=5,2026-05-08 16:18:02+00:00,124-year-old Home Depot rival chain closes its last location thestreet.com,2026-05-09
Dick's Sporting Goods,Ashwin Nair,Mass Merchandisers,Closing,End of the road for Dick’s Sporting Goods rival as 175 stores on chopping block - the-sun.com,https://news.google.com/rss/articles/CBMikAFBVV95cUxOeUZxOWdERW92YjFaVjUwTHZWb3l2bjlpTF93TGRYZDY0TEMxYVN6NGUtUkY1UXNyanlfYTY3TUJHbXJmUjIwdDRDNTRoSEJjXzZmbGVuQzI3ZXlOMTlJM0UwUWFjMnY1SVFseFhQM1pTRUVMc1d1UlUxSTZ0aDVDa0Fiel9xSUJwdUlWQ3dQMkE?oc=5,2026-05-08 16:07:08+00:00,End of the road for Dick’s Sporting Goods rival as 175 stores on chopping block the-sun.com,2026-05-09
Burlington Stores,Ashwin Nair,Mass Merchandisers,Opening,Burlington adds 4 Ohio locations during major expansion - AOL.com,https://news.google.com/rss/articles/CBMiggFBVV95cUxNcmwtLTNTYjdhZTNlVHZFQ2dBMGJLM25fUng3UzVyWFE1dVhWVk5BQUtuaGx1eVcxeHg5bmdaWUp3QzJCd1BnMTNNRTgwTk04QTV5TmQ3WkRJNkFvUERSUmcyeU5uUzJ4RG1sdlY2T1VQQl9NSU1yX2h1cXFpVng5SzlB?oc=5,2026-05-08 16:00:19+00:00,Burlington adds 4 Ohio locations during major expansion AOL.com,2026-05-09
Burlington Stores,Ashwin Nair,Mass Merchandisers,Opening,Burlington adds 4 Ohio locations during major expansion - Cincinnati Enquirer,https://news.google.com/rss/articles/CBMikwFBVV95cUxQV3k0ZXZhOTQtc2puMHJOcmMtMEFFeFlfbVZKUVR4NGxyNGZIcEVQOTdDcWluN0hmSGt0SEQtVVpybTE0MzNrazgxOFpRMXJvcWlTMkxlbWhFaEZ3cG5FS2ZaTzZ4UXdXU1EwdEtFVHBGcDY2RjFLMmNTZzRvQlByaTYzTkdDcWxkeGZFRmE2X1g1MFU?oc=5,2026-05-08 15:47:00+00:00,Burlington adds 4 Ohio locations during major expansion Cincinnati Enquirer,2026-05-10
Burlington Stores,Ashwin Nair,Mass Merchandisers,Opening,Burlington adds 4 Ohio locations during major expansion - The Columbus Dispatch,https://news.google.com/rss/articles/CBMikAFBVV95cUxPVUx4ak5mbGlZcmFoTUxOZmMxdEdzTUU2UURqNzhTaTZuRTFGb3NzSzZUaVhscDJxSVp5b2xVTWR0UzNoeXdieDVlVllVVm9fenFJRXA5SzFMZ2lTU2wtcUtod3poN1JzSmJmLU41OWk3WWFrTUJMbl9FM0lLSklSU2pnLTlWN0hDak9ZQTF4NFQ?oc=5,2026-05-08 15:47:00+00:00,Burlington adds 4 Ohio locations during major expansion The Columbus Dispatch,2026-05-09
Sprouts Farmers Market,Rahul Vasaya,Grocery,Opening,Sprouts Farmers Market in Santa Maria to Open May 15 - Progressive Grocer,https://news.google.com/rss/articles/CBMiggFBVV95cUxOSVB1dDBDT2FmcV9jNXBjeDJvSHRLNDEtTWxOOHVqS1JNQ01hNW9TVXJIUE9zajM4ZmRPLWItaVB4MlFhakltNjBTS0tpcFJmcmlpNzBCVzg0VkRKelZRUVgxUktRRDd1Z3R3ODdnM0ZUaHNIbUV2MWFzck5qcld2aWtR?oc=5,2026-05-08 15:45:32+00:00,Sprouts Farmers Market in Santa Maria to Open May 15 Progressive Grocer,2026-05-09
Whole Foods Market,Rahul Shinde,Grocery,Opening,Whole Foods location in the works for a Sterling shopping center - The Business Journals,https://news.google.com/rss/articles/CBMipwFBVV95cUxNZTVVZ21DOVhQMHpxR01Tdy1mYktYd3k4cGRiRXlpcVZNeVpnRVBPOXUwUnJEX1J4SmJ0TEx4M2xka2YzOFU4bWhzRFVTaGNFTEZHVTBFMUxJYTgwSDVfRjdETHZYMk11VHZzRElKRzFscjlzZ0IzR2lEb056ejFnRGFjZDVFaTNUVmdIMkE0MUhGbWphMndKQk5kUVZURUc1MldncHJubw?oc=5,2026-05-08 15:38:00+00:00,Whole Foods location in the works for a Sterling shopping center The Business Journals,2026-05-09
At Home,Rahul Shinde,Housewares & Home Furnishings,Closing,"At Home is closing a Cincinnati store. See which one, plans for others - Cincinnati Enquirer",https://news.google.com/rss/articles/CBMitwFBVV95cUxQWnczUUdLMkx1ejU5SVRtS2Nzdmw5ZTlBbU1hYWZLaWRUeXdpZzVfT0N4azN3Vm4wZ3Q0TWlEaDR1SzdHRXlvWHlld3o3T3dYeklQU1FIMVhxY0NJaHhGck9lSHIybnJDa2NEYzY1U2Nhak9Odi1nWFJTUGpxajEyZWhTNkdZNDZJMWhCSnZGY2xwYlI4Z2hEWlczM0syeEhGRnAxQWszRllFM3FtZjh1eF9TQWNfZ1U?oc=5,2026-05-08 14:34:00+00:00,"At Home is closing a Cincinnati store. See which one, plans for others Cincinnati Enquirer",2026-05-09
Raising Cane's,Rahul Shinde,Restaurants,Opening,Restaurants that opened and closed in April 2026 in the Capital Region - Times Union,https://news.google.com/rss/articles/CBMipgFBVV95cUxNb1d4SzJ1b2l0WkF3MXptc1dDdUwxdXNDYmNFUWxQQ28wdTY1cmYwZk50anhiUEhNUE9OLS1xZTFaZDdWRzY0NTlxRksyTDhmLTZ4blJzLTJFNkhJc0tVTDUtaE9DZXNFU3Y2ejctVzRQeTZRaWxKengwRkpmV1h3MmJmWE5FOU4yQTZrckpkenplQnhkclpOUU1rOERwRFBSd2hQWG9n?oc=5,2026-05-08 12:08:24+00:00,Restaurants that opened and closed in April 2026 in the Capital Region Times Union,2026-05-09
BP,Komal Agrawal,Convenience Stores / Distributors,Closing,BP Highway Partially Reopens After Rain-Induced Closures - Ratopati,https://news.google.com/rss/articles/CBMiiwFBVV95cUxOQmY4anI0LUlOc3JVbDFnOVNNMEtHRVh3THpKSnBCNndIYXhSYnBoam5LTFRveUthTjh0WGFSaGhFcGRmMHF5R1Q3dTFEUkxXZzBLaFVIMFFQVXdxN0N0LVNRM1R3bC1xY3IwVEJwN1c5UDl2ZDdvQjNDb2I3WG8zLVM4MmhwLVhTd2tR?oc=5,2026-05-08 12:03:41+00:00,BP Highway Partially Reopens After Rain-Induced Closures Ratopati,2026-05-09
Chick-fil-a,Rahul Vasaya,Restaurants,Opening,Latham Chick-fil-A Opening Soon With Chances to Win Delicious Prizes - Q105.7,https://news.google.com/rss/articles/CBMiZEFVX3lxTFBRdTVKSkp0SHFyLWd0Q0Q2b2VzRGd6V3hNY282a3IwTUFSb3VZdW1HRkdoVGhDczFoUXVRZll6LWtaUlJxUDhMNmVNVGtNLUE3X2tVNEVhTDcxOG0zelcxNS1vVHQ?oc=5,2026-05-08 12:00:31+00:00,Latham Chick-fil-A Opening Soon With Chances to Win Delicious Prizes Q105.7,2026-05-09
Giant Eagle,Komal Agrawal,Grocery,Closing,Morning Roundup: Draft-related road closures coming to an end; Giant Eagle issues turkey recall - TribLIVE.com,https://news.google.com/rss/articles/CBMiVkFVX3lxTE0xMmZSUENhbHYxUENKOGNxMHA1N0s1TlRlUzlkWjItVWR6VUUwVTVtOEVIMHk3ZDJsZFd2V05aNTFpYlBNcXRLeDUyMjIxWG82VHFPNk1B?oc=5,2026-05-08 11:53:02+00:00,Morning Roundup: Draft-related road closures coming to an end; Giant Eagle issues turkey recall TribLIVE.com,2026-05-09
At Home,Rahul Shinde,Housewares & Home Furnishings,Closing,"Iowa Economy Podcast takeaways: Rural access to care, nursing home closures and workforce shortages - Business Record",https://news.google.com/rss/articles/CBMiyAFBVV95cUxObEpHSW05SkMwWDRwaDBKeVBoU1o0YXBEdXBpT28xckktREVwXzdfcWFFbnhMbmJoZTlrZHJHdkFNZklCVDYyWXhXbTBKRXhoeU9RM2RVSEFxeldmUWdSMkdyNlJMaVVTenFZdV9ZQ2FSQXVwN2NmeFVYV1I5VWljZkc3c3NUU1g5eW16OWJVT2hWYUlsTGV3VlFNZXBkcy01Uy1sNHFmcE05aFRqMnR5RWUwOC1Wd1RHMXp1WUY2NGE0Vmt2UDRVZA?oc=5,2026-05-08 11:01:41+00:00,"Iowa Economy Podcast takeaways: Rural access to care, nursing home closures and workforce shortages Business Record",2026-05-09
Walgreens,Komal Agrawal,Drug Retailers,Closing,South Side Walgreens closures fuel fears of more drugstore deserts - Crain's Chicago Business,https://news.google.com/rss/articles/CBMimgFBVV95cUxOd0l4SnJPeHBtYUhGYWVKbkhjdE9jazNJR3dWRU0yVFd1OUNXVlh1eFdnUmFfam83bHBwckRJbi1VN3NmVTUtaEMyMVh4WmtnQmJiNzZ2ekVwRXFBREtMS0ZENmxqUTZqTkluYlczVlR1QVlCZGRtRnpHOUEta2FNbWtpYkhUT3VBMEhrWXZMTVNNSEZQLVBpMmdR?oc=5,2026-05-08 10:15:00+00:00,South Side Walgreens closures fuel fears of more drugstore deserts Crain's Chicago Business,2026-05-09
Chick-fil-a,Rahul Vasaya,Restaurants,Opening,Latham Farms Chick-fil-A set to open next week - Times Union,https://news.google.com/rss/articles/CBMioAFBVV95cUxNdUYzSURKOE5ReHZZcE1jQlJZU0dvcGs1SHZNeEZkMzRxNXdwS0VIZjJoNFJqczBkNU0xWWo4Vmp1aFNoRE5kNExBa1VZQ1JmSklXTEx4YXdwdW9yYTBkNDhmaUhOTHhXVEFRVWRrcVhJeHNMVUg4Y1JoR0t1ZTZaWkR0SGQ2TGpFaVdVbjJna1c2Tm03aEE4bGpYRmhQUE1t?oc=5,2026-05-08 10:09:24+00:00,Latham Farms Chick-fil-A set to open next week Times Union,2026-05-09
Trader Joe's,Rahul Shinde,Grocery,Opening,Business - Trader Joe's to open in Woodinville May 15 - Seattle DJC.com,https://news.google.com/rss/articles/CBMiU0FVX3lxTE9ubHhhbmo0dkx5NklfSmw4VXhtSHQ4dEZCMGFHNVI0MkVuOXFXUV9VanRwVEwwalBwdTJVVnhKczZZajBHeU1SX0xuS2dzRUptaFJF?oc=5,2026-05-08 07:00:18+00:00,Business - Trader Joe's to open in Woodinville May 15 Seattle DJC.com,2026-05-09
El Pollo Loco,Ankit Rawat,Restaurants,Closing,Earnings call transcript: El Pollo Loco beats Q1 2026 forecasts with robust growth By Investing.com - Investing.com Australia,https://news.google.com/rss/articles/CBMi6gFBVV95cUxOUTJ4MGdzajdxYjVheGZFUjd5NlNKZHZkUkZYX3k0a3IyNHZZbm9jMnV3V0Jjb2NpMVBaUVFwNVRmT0Ytamw1QXp1aFlQLS1keXZzTFNZMHpKY2t4X3VCYmdkWGFuc093V21FWWJYX1lUNk9ZaUxCUlRjYll3NkxleTdpalFwUFJWV0xwNHMxRTdxUWRxVE8wYjJ3bWt5aFdrSHJWY241MkE3SkRTMGk2ek9SS3JnVDQ0anhjYTZORUM2QUlZZHZpZURkV0JVWi0xSHh1aDM2ZkpoRnJ3N21XTlU2b0VrSmE5Q1E?oc=5,2026-05-08 02:23:35+00:00,Earnings call transcript: El Pollo Loco beats Q1 2026 forecasts with robust growth By Investing.com Investing.com Australia,2026-05-09
Chick-fil-a,Rahul Vasaya,Restaurants,Opening,Chick-fil-A hosts grand opening ‘Moove-in Party’ in Lansing - AOL.com,https://news.google.com/rss/articles/CBMieEFVX3lxTE5mb3ctNjAxWFM4Znd3clQ5Q1RIZmNpNWdfa3lBMnZRTDdDSXlSZzZPT1RreTA0NjdSUlFoNG10Yl9sc05OMkQ1Ulo2SkYxcWptenRGX1NoM25XN1VfOWh4VUVxcHdvNEIzc0c4cEZUYUNkVmdzMndsQg?oc=5,2026-05-07 23:43:44+00:00,Chick-fil-A hosts grand opening ‘Moove-in Party’ in Lansing AOL.com,2026-05-08
Chick-fil-a,Rahul Vasaya,Restaurants,Opening,How to get free Chick-fil-A today as new location opens in Tulare - Fresno Bee,https://news.google.com/rss/articles/CBMic0FVX3lxTE9Dc3FaYW9QSHp0Y2V0c19nemx1YTUyY1E0LTJNV2ZhclUxN0JmR1ZZTmI3bldPZWJnaFZoaUFPcUZfMlJjQzFFdHBLb1dIa3hYa0lNS3NVTmpOeGZZamVzQkVPd1JTVFJCSDd2UlBjZWhHeFHSAXNBVV95cUxNTVJmVmlsWXJSZVI5M09rdURmNnF3TVZoNkRkczhkV21vVG03OUJObTBHOEttc01iOFRxQ1VMSFl0MWRZcE5sUkwyM1UzWGQ3YlZNLV9hZkJvY2N3N0JLb01UaDNDZjRIT3l0T3ltWk5Qdy00?oc=5,2026-05-07 22:01:25+00:00,How to get free Chick-fil-A today as new location opens in Tulare Fresno Bee,2026-05-08
Chick-fil-a,Rahul Vasaya,Restaurants,Opening,Chick-fil-A hosts grand opening ‘Moove-in Party’ in Lansing - WLNS 6 News,https://news.google.com/rss/articles/CBMimgFBVV95cUxQQ2NFNDFWTDJybnQyUWlkYVc3UjhqVWd6SlN5ekI1RUVkRnk3cVhjdlpiTmlqWkRMQWJSZEhISnZkS0l0MnNBOWNEMXdJVXNRZ29RM2I2UWxEMUtJQ0hvb3lfN3hPbl94MEVMbGx4OTEydHZ1YVZiQktaZ0xXT2tsMlB1ejBWeGhGWEtjaEU5TUtMYjFtbVdaLW9B?oc=5,2026-05-07 21:26:27+00:00,Chick-fil-A hosts grand opening ‘Moove-in Party’ in Lansing WLNS 6 News,2026-05-08
El Pollo Loco,Ankit Rawat,Restaurants,Closing,A “Latino worker pandemic” is colliding with Subway closures across the U.S. - latination.com,https://news.google.com/rss/articles/CBMif0FVX3lxTFB1UVpTZk1kNk5FRU5RalUtU3JzcmZDbXNaLVpqNGI4ZDdzUFgyTzdFeS03V3ZNVVZHZ2pZVU1BWXlOS0VkTE9HdDdoeC1kQmtJaV9taTV0VHp6Nk1ZaWQ3WG1vMUFEV1UxWjZQV3VuSUZCbkF5cTFJOENjZ3lCMXc?oc=5,2026-05-07 20:37:10+00:00,A “Latino worker pandemic” is colliding with Subway closures across the U.S. latination.com,2026-05-08
El Pollo Loco,Ankit Rawat,Restaurants,Closing,A “Latino worker pandemic” is colliding with Subway closures across the U.S. - latination.com,https://news.google.com/rss/articles/CBMifkFVX3lxTE5NOUx5STVxVkQxRm0ya2V0a1p6WjA2eVF6SjhDNFpSc094S1MzUXJfWTVLWEVkbVNfdWliMlFhV1Q3MFBhX082cGFKTG16Z043d3dWX05tdjJYTHhPTS00TktaV1lJYnlyTEhOYWk0U0hKM3k4bzR1TWJLSTFXUQ?oc=5,2026-05-07 20:37:10+00:00,A “Latino worker pandemic” is colliding with Subway closures across the U.S. latination.com,2026-05-09
Chick-fil-a,Rahul Vasaya,Restaurants,Opening,New Chick-fil-A mooves into Tulare County - KMPH,https://news.google.com/rss/articles/CBMizgFBVV95cUxQQXlIUE9LVVlyTFpnU3hVRnpuUnZhVVRvcmFUeWdOazJRRU50cWZjRUVDRnUyTDlBRjdSNVRoSU5ZMXRxM05RWXlNeHhlN3lnNGFjbktINDVxTlpQQmR0cXBlS0JIRk1lb1B3S2hjU3I5MjdPMmNZdVp4MU04QjRNWkZnU3ZGOW9HY0JDZ0tQYTBXMWswSmoyS1pJelRqNDBpSlV1aUIzUlNIc3h1YWNhOFNuMFlyR21ZQ2tyeDhLQnkzcm1uVk85YW54VVpWUQ?oc=5,2026-05-07 19:48:54+00:00,New Chick-fil-A mooves into Tulare County KMPH,2026-05-08
Burlington Stores,Ashwin Nair,Mass Merchandisers,Opening,Burlington opening 26 stores across 20 states in May — here are the locations - Chain Store Age,https://news.google.com/rss/articles/CBMimgFBVV95cUxOMmE0WXF0R3ljX0VERlFNUkFITThSSmdaUU93dS1sekc4ZDlfNExSZWpqQUxQeDNiVG9BYThHVGh1c1FFZG9VUEFtM0xNTWpNY00zdTRGUElIdHFGZDItUGN4LVNUYVB6ckRFSEhUbU1EWDZXTEIzVFJKckl5SjhHdDdrbmVvQy1Rc3dQUzBPdzl3aXNzYmh2QkZn?oc=5,2026-05-07 19:47:35+00:00,Burlington opening 26 stores across 20 states in May — here are the locations Chain Store Age,2026-05-08
Raising Cane's,Rahul Shinde,Restaurants,Opening,Raising Cane's is opening in May in Bath. See photos 🍗🍟 - Akron Beacon Journal,https://news.google.com/rss/articles/CBMi5wFBVV95cUxORENMUkpsUVpXY0dfVUk1ZVR0MXhONHBtbnlPWXRjMkE5NHZ3YVp5aTN4ZmxiZVhWUGVfWHpDbWlhRHRyLXJlejBiR1dGZUNqVjZrMVNBZzI2cW5SRlVrdFlMUEZrNDJkMGsxRzQ1bnZWc3IwUExvbWdEWEdJZkhtYWFoaEpNTGRucXlEeTVQaEROS0FMNGh3T1J5TERJWWprdUVrT2VZRnpGZ3A3YVFzQ2JPMmlIT3dMZFFSaEUzSDR6bFFzZzdIVmJ2dkpTcm1jcUFVWXBDVnhUQ2NmUVFMd1pmTUVDY0k?oc=5,2026-05-07 19:35:00+00:00,Raising Cane's is opening in May in Bath. See photos 🍗🍟 Akron Beacon Journal,2026-05-08
Chick-fil-a,Rahul Vasaya,Restaurants,Opening,Chick-Fil-A Grand Opening in South Lansing - WILX,https://news.google.com/rss/articles/CBMihAFBVV95cUxPb2E2eGl0YmRWQjF1XzV4MkVmLTd2V1FCYW13R1RheTJmanY0NU5QU1lUeGpaeUZSWWhxcXk4aGNrdk83b3E4c2xIQTBPU1Frd1VJSmFIMFNQejltVXZwN3NOYks2WkVXbDN6RFNTWUtmVTIzeEpoQW9tSVVZbDNBdTlKQTI?oc=5,2026-05-07 19:25:00+00:00,Chick-Fil-A Grand Opening in South Lansing WILX,2026-05-09
Rite Aid,Shuvechha Dere,Drug Retailers,Opening,Dollar Tree quietly snaps up former Rite Aid location in new July takeover - the-sun.com,https://news.google.com/rss/articles/CBMiiwFBVV95cUxNNm9Vekx5VzliZjhjMnd1ZHNZNHczZWpmYjFURnJfY3dTYlVmcVg2WUg1bXJ5REZvb3BXdTE4M2dXb04xTTYyU3hqV09qOTZocHJqX2E1TUNCMGRpU2MwN1NXRUtaYUg4d2M2ckItbGdIY1F4LV9tU2hfYjFmd3V5R0hnNE85eEdwTjk4?oc=5,2026-05-07 18:41:22+00:00,Dollar Tree quietly snaps up former Rite Aid location in new July takeover the-sun.com,2026-05-08
Saks Fifth Avenue,Harsimranjeet Singh Ghelani,Department Stores,Closing,Saks Fifth Avenue closing Plaza Frontenac store - MSN,https://news.google.com/rss/articles/CBMitgFBVV95cUxQZEN3aGFuZm5EWUNMeko4LUdIdGY5X2ZxTGNRSVhpX0J4N2FYYkdhZUF2Tll1WGpBTm9QRkNFdVNjS1FLQTgxby1uTUJTVmlKd01jVWNTQTl2Szg0cmhnTW5PTlFkR2N6VFZHanFfQW4wRVowOUVUbUd4YXpRdFliNGdyNVVMdzc4aTFrRkg2dm1qN0dfMjNzT0xCZEV0SGg1NExXM1VTUDZhSnppaDc2M2FGd2ZLUQ?oc=5,2026-05-07 18:02:34+00:00,Saks Fifth Avenue closing Plaza Frontenac store MSN,2026-05-09
Loblaws,Rahul Shinde,Grocery,Closing,Loblaws in Roncesvalles to be converted to No Frills - TorontoToday.ca,https://news.google.com/rss/articles/CBMipgFBVV95cUxPMGVadUM2dk9NbXRYczBrX2t3bWJZRnVEVnEtbG9KWGx1b3gwc2FiRkxCbFJobmxoZG91NDlNbVBOV2dVTHJaOW5pU1dDMkFWeWZfaTk3Vzlmc3UxMll6anZaOVJSVkpBSUlDWll0SVVIblVDQjRrck9FaFhGa2xXeXd0R0hOY1V0MW5ac2tQT3RleVVyMGhhdWJ6OHlpc0NMOEVDbGJ3?oc=5,2026-05-07 17:58:13+00:00,Loblaws in Roncesvalles to be converted to No Frills TorontoToday.ca,2026-05-08
Burlington Stores,Ashwin Nair,Mass Merchandisers,Opening,Burlington to Open 40+ New Stores by July 4 Holiday - Retail TouchPoints,https://news.google.com/rss/articles/CBMingFBVV95cUxQd1dyMTRUX0x1UmNFdkF3X1VyR1ZzeF9ERUZHOEZIVmdGOVlVUTdvS0l1ejZEOTd2R25HT2M0LWRPeGRpT2ZWRGM2dDExRC11MHJSczNsc0Y3TDM5Y1N5WUFFcms3RllJTFN3c2ltZnMxYUlkT3g4UmlaNmVxdTlaaXRlV1RPYnpXaXZCdWtKcE5xa2RLeHQyb0pLSEVPQQ?oc=5,2026-05-07 17:48:39+00:00,Burlington to Open 40+ New Stores by July 4 Holiday Retail TouchPoints,2026-05-08
Harveys Supermarket,Komal Agrawal,Grocery,Closing,Fate of Harveys store complicates Winn-Dixie incentives vote - The Florida Times-Union,https://news.google.com/rss/articles/CBMi2wFBVV95cUxNdkpvVTNwa0V6dEZzMHA3WW5jUHZNU2NoTnEzVzhWLXZkd0ZValIydTFTSDVPUU5UVU11T1hBd3FiLVd3UjI3V0RVYTFfRXNDWG1FbWxPazVwLVJtS3JwdGxmZ0lhM2lja0NpNzFzSXJRc2FfNzEzaXd2TFhIc2k4SnZTNE13NGdJWFZCUGRPNHZabHNzdmNkME9DaS1POUQ4cXQwdjdHNGtlQmxBMm1GWHJqVEx5R3d6cDNyS3gtYVpvcEtxNmVmS2FzZ0JZU0lET2ZUMThXMVJTZXM?oc=5,2026-05-07 17:23:01+00:00,Fate of Harveys store complicates Winn-Dixie incentives vote The Florida Times-Union,2026-05-08
Circle K,Moksh Kashyap,Convenience Stores / Distributors,Opening,"Circle K offers 40 cents off gas today, begins summer $2.50 meal deal - El Paso Times",https://news.google.com/rss/articles/CBMivwFBVV95cUxNOWVyOE5Wd3pEckhaUTJkRlpGVi0zWkRsOHRfMGVOdF9IYlY0XzFWQlJfLWtGOUpyMF95NWstbkhCZ1dTTUt2RWF6Z0tFMTVhZThvMUxFMFhjNTl2cFNLVS1RTWc2UWV4elJTYmJwVGpnZzE3OXNaSmtWNFdUNlI0MFBhNnk1RUdBSWs4N0Vzc3kzU2lTOE5ma2ptRW9qYThOaDVmemRNc1BiMzhiQnVQcFlMd0EwUmx0aWhTeXI2QQ?oc=5,2026-05-07 16:56:00+00:00,"Circle K offers 40 cents off gas today, begins summer $2.50 meal deal El Paso Times",2026-05-08
ConocoPhillips,Harsimranjeet Singh Ghelani,Convenience Stores / Distributors,Opening,"ConocoPhillips gets Norway's nod to restart fields, boost Europe gas supply - Reuters",https://news.google.com/rss/articles/CBMi3wFBVV95cUxNR29CNnhXbWl0U1hWVDM3SnZIbmswenl6eFRkNllub1c1RlhhQVNNYXVULUdLcUd2TEJMWmM3VWkzT29DUXpBc2o2WGtvcDIxd0dHYjdZOXlySlpaVWJzTmExZXZubFpieTYzQzVBeHJRU0dNdG84V0wtelBsNzBwbGxsMzNqMGhQd2FnWmVSZjBtN2xLc2wyc3U0VXNUcmVDMEpkTDhUeXM0cFU3bXdxNUVIQXNzaEFUbkhOckkzWGJmNFRvSUF3UEU5S3ByVG43dUpMUkE3Y0ZZd3pxeXpz?oc=5,2026-05-07 16:54:37+00:00,"ConocoPhillips gets Norway's nod to restart fields, boost Europe gas supply Reuters",2026-05-08
Lucky's Market,Moksh Kashyap,Grocery,Closing,"Ross' Granville Market closing, Lucky's owners move in this month - The Business Journals",https://news.google.com/rss/articles/CBMiqgFBVV95cUxNR2VTVEdET204UjFyVjRjdlBuM200NDhFdHZFOVB4MVF1a2NIZ2FTUHRqNUlDVjhmVHRsemtiV0hmTndfMG5SM2lpRDFZZ0gtZEpWSk05UjZ3YmZzSVZ1SXREYkdCZlhBY2RDSllsZTJLTWZKVEVrUWVoYnA3NXhGQ3lJV1UteWw2a3ZqbS1mcFQxNlBlNVNzNWlkQ2lDVnR6VlZOT214Tm5VUQ?oc=5,2026-05-07 16:33:00+00:00,"Ross' Granville Market closing, Lucky's owners move in this month The Business Journals",2026-05-08
Trader Joe's,Rahul Shinde,Grocery,Opening,Trader Joe's will roll out colorful insulated totes for summer. Here's when to get one. - Houston Chronicle,https://news.google.com/rss/articles/CBMiywFBVV95cUxOZHZzQjZPQ0g2cmpqUlVER1FSVG5fMEVDaUR6ejNmQ1NDMC1CMHZra3ZqZ0d2MFBhMEE4b2RLU3hVTDhscm0wYXJBSVkwRzFLRG41UDc4UkZxNjhUbzg0MXQ1aHY2U3lyVWx4eHk4Wm90ZktSMkI0VEF1ZlVqWkVvSGdCOFZXN3BoLV8xVk5aWUQ4OGwyTmtRcUJjZnlkemRleUYxSi1PdTJ5dGo0SWRMakhzUlBoek9PT3JjZWdTT3FESkJPcWpna1Uyaw?oc=5,2026-05-07 16:19:27+00:00,Trader Joe's will roll out colorful insulated totes for summer. Here's when to get one. Houston Chronicle,2026-05-08
Trader Joe's,Rahul Shinde,Grocery,Opening,GALLERY: Trader Joe’s debuts 2nd McKinney store - Community Impact | News,https://news.google.com/rss/articles/CBMivgFBVV95cUxQRk5OZ1p2bVRSaWlSck4yd3BPTjZHemtkZ2F2TjZ5NTVPU0JYa0tNRFI0dTBta1VoeWstbWxkelZvV0Ntd3hkMDhxbkhqZnZKQjZmYTI4SVc3VmJHblRFRWdXUHVGQ3hmZGtNQk9ZMGRtTjYzYjUxSV9Ta1JuUTBGYURWUkxES3c3dzZzLUstNjRYRlhYOGtmQXNkTm5MOUJlSUtPalJDcE1JME1Gd25OX2NrT29ZbnAxOUM0N3Vn?oc=5,2026-05-07 16:15:00+00:00,GALLERY: Trader Joe’s debuts 2nd McKinney store Community Impact | News,2026-05-08
Chick-fil-a,Rahul Vasaya,Restaurants,Opening,"Dress as a cow, get free entrée at Latham Chick-fil-A grand opening - NEWS10 ABC",https://news.google.com/rss/articles/CBMirgFBVV95cUxQRkJwdWdwa25iR3dXRjdlLTc2SWtSejE5eDFVQ3ZlSmNDeXNlQVRaX3E0ZF9VYllROUFvcFNyb1doWURaLW5VdFJWbFdmMFBWSkZNbHhHZ2R3d1lYRTdGMkpnRk1CNWwwWWVWcUdGUWZ5eWI0Z3diVXROVFhQOVU1QmVrLWNqamFiX2g1M0VXVHpEVTNLRmpmalU4dExyWXVXU2NoV2NIcnJKTEpqc3fSAbMBQVVfeXFMTkhsMk1mdnlyVGZzdF85MFQ3NmxZSUc3TnV3WnR6ejczblJ6anNfTmcwblN1M0dqSnVPNk5qSWNVOUZ6Y1FJYW16VDFNNDZudU11cTJxbkhGWDZlWFhiOFBvREZhMHdMVUh1MWtZcFNmSUxNZVZ2WUpDRWJTa2Y1OUs5ZEFEbmRaaU9uaEdIcDd0LUxEZFBXMzJMTjc4Zm9ZeFJwai13V0dPRloyYUR5WlV1dXc?oc=5,2026-05-07 15:58:01+00:00,"Dress as a cow, get free entrée at Latham Chick-fil-A grand opening NEWS10 ABC",2026-05-08
Chick-fil-a,Rahul Vasaya,Restaurants,Opening,HOLYOKE SCOOP: Chick-Fil-A comes to Holyoke Mall! - The Connecticut Scoop,https://news.google.com/rss/articles/CBMinwFBVV95cUxPTnI2UnJEZ051RDBIOVJSUm9mN1lCRlFYVm9PN2dzY2Vzc3Q3Z0ljamtNQW15UDZ4aERzTDA1SGt4MUd5eWtGNVFNbzhTYXF1anlBYmRwS2l6bURBT3NBVldnMkc1cS1Vbk83ZzJOalRRUjRHUlB6VVJEdFhIX1ltaTVBOW9FMnMwb092X1UwcUtRZ1JhcGFucmxiNjBqYTA?oc=5,2026-05-07 15:47:36+00:00,HOLYOKE SCOOP: Chick-Fil-A comes to Holyoke Mall! The Connecticut Scoop,2026-05-08
Chick-fil-a,Rahul Vasaya,Restaurants,Closing,Bloomington Chick-fil-A closing temporarily for a remodel - Indiana Public Media,https://news.google.com/rss/articles/CBMimAFBVV95cUxPVEtmcm9RQk9OTDhLaXFrWW5GZ2JYM2JweW9mWkFMOUhpSDFxRHU1WTQwcXhPck96TTJWcmk1a0R5NlFSaGVHQXpJeDRGbWpERTU1a2xDUXdobE5QTy05azZ3eXhMcVVEeTd3WFRMcEFqTEU5Y1hFX3lpU2xQaWpDemtVcWpHVlR6aURNeW9OZ2YtcnYxMVAxZg?oc=5,2026-05-07 15:46:00+00:00,Bloomington Chick-fil-A closing temporarily for a remodel Indiana Public Media,2026-05-08
Chick-fil-a,Rahul Vasaya,Restaurants,Opening,Entrepreneur Marcel Smith Becomes Chick-Fil-A Owner-Operator In Michigan — 'Opening A Restaurant So Close To Where I Grew Up Is A Full-Circle Moment' - afrotech.com,https://news.google.com/rss/articles/CBMieEFVX3lxTE85TENkVDhid1V5QmlGNlhNMUc2YXNVcU80Nk03a2tkYnpTdW9CV2xLTk9QcGNIOHpHVE9GUFlEb2RxUFpQMDJzX2VWYWZjZ1M2aUo2ZGMwZWM5bUpnTlNPaC1tSGJ5d2FIdnMzN3p3Vm54cEVPMnhuZw?oc=5,2026-05-07 15:42:39+00:00,Entrepreneur Marcel Smith Becomes Chick-Fil-A Owner-Operator In Michigan — 'Opening A Restaurant So Close To Where I Grew Up Is A Full-Circle Moment' afrotech.com,2026-05-09
Chick-fil-a,Rahul Vasaya,Restaurants,Opening,Latham Chick-fil-A has an opening date — 5 years after it was first proposed - The Business Journals,https://news.google.com/rss/articles/CBMiigFBVV95cUxPbFM0UHVkNVh2cmxhbjBTd1hWbEp5eVBpcG5YTmVCR0EzZDZreUFNNUNCWWlzNG5EWWhJVmp4OU5FMkxfRlBCekpXVkQ4djc5RUdvTUY2Uy1QMEs1UE9vdjRpeWx0YTZmQ0F0em5SaWdxTnZsNkJhR2p6NWNTeDI4ZEhRN0tsWi1nWXc?oc=5,2026-05-07 15:37:00+00:00,Latham Chick-fil-A has an opening date — 5 years after it was first proposed The Business Journals,2026-05-08
Trader Joe's,Rahul Shinde,Grocery,Closing,'The busiest Trader Joe’s in the world' is shutting down for several months for 'major renovations' - MSN,https://news.google.com/rss/articles/CBMi8AFBVV95cUxQOFhXQ1VKWTYzbDVTamwwaDVmd2JkbXNDeDZVYlVad1BnOFpqUjRUWkpIMTE0dUpzWUVzRzREVlFCOUFaTHVteHAtRDBxUHBxMEFUU1hmclZMcVp1ZjdKdDlzUTBNbVc0aVFTY2d4cm1FTFpxLWQzdXh5Y3lEaVJibkFRd1NIWTFFektYa0RZM3ROaGpuUndCTWw0S0E5UUFFaXpIODNDQlJuUTJWdWNUWVNzY2dkdTFUQnZRbFMxY3ZQYVgyc0k3VjUwUjlUNW12RGtCM0dsYkpVa3MzYmtDM0V0ZFBQYTMwLUw3NE1sakw?oc=5,2026-05-07 15:31:21+00:00,'The busiest Trader Joe’s in the world' is shutting down for several months for 'major renovations' MSN,2026-05-09
Scheels,Dhiraj Manghani,Mass Merchandisers,Closing,Crocs Best Color - Jomo Kenyatta University of Agriculture and Technology,https://news.google.com/rss/articles/CBMiiAFBVV95cUxQTUNHbzBQOVBubnktcFM2WGp6Yy10YXlpTXlHLUlxT0hScjVzX3NQVTBraTFEdTNpRGt1M1Q0aTRIVTNDSFdZeWtBQURlYVVTa1liQXdRb0tCdHVqeGQ0ZFdoSXN3RjByVWFLWDZwZUh6RjZRNVpqM29sbTMzd3JQS3hTV1lwdmJE?oc=5,2026-05-07 15:27:08+00:00,Crocs Best Color Jomo Kenyatta University of Agriculture and Technology,2026-05-08
Scheels,Dhiraj Manghani,Mass Merchandisers,Closing,End of the line for Home Depot rival as chain to close down for good after 120 years - the-sun.com,https://news.google.com/rss/articles/CBMikgFBVV95cUxOOHlCQnk3MXJLZXlmd1FveWJkVjh1YWU0dUhBdS1Iam1lTTF0MmJSVm01OEo2bWlpUFBCeFF5R2xEUUJXN2Z4eVlRcFZOZnhsWURiREhWSDlsUHJnM2dvWng2b29Pd0FaTVhHbmU3MWNpdnVMckxmaW5hM0FtMHE5ZVdkWWw0T0pBNVVmekNwMFZJdw?oc=5,2026-05-07 15:05:59+00:00,End of the line for Home Depot rival as chain to close down for good after 120 years the-sun.com,2026-05-08
Chick-fil-a,Rahul Vasaya,Restaurants,Opening,New Chick-fil-A mooves into Tulare County - KMPH,https://news.google.com/rss/articles/CBMi2AFBVV95cUxOLWNqYkZSRkNtRkkzcktoOVZTY29UcFBTWE5kMVBodVlNdndSbjhpVUVtVzZNd3dkNUlEbXU1bHNtR0drbERkcF9vVlRoVFlEeDA0Yzg3N2lOeWhJVWMtdm9LcnllZXVRQi10eGIyeHExYmN1dTNSVVNGcjg1dnBTa2tUTm5XdDRONUtGaTk4bEhRdFZHSXpsMXVGekRQdWlxM0FsYlk1VmFRdGhzZzVJRGlDSVBqODhjQndlck10STB3aENPNkZqWEd6VThRUXk4dWdocVBCeko?oc=5,2026-05-07 14:53:40+00:00,New Chick-fil-A mooves into Tulare County KMPH,2026-05-08
Amazon Go,Kabeer Pandya,Grocery,Closing,"Amazon closing Fresh, Go stores while expanding Whole Foods: Here's why - MSN",https://news.google.com/rss/articles/CBMi3wFBVV95cUxPX2gzNXNxVVZ2cHBlQWt3dFhjNUNzVGFYeUtZdTR3X0Z1aDUxQXhPejUzMlNoeEdTZmFvVUMyeVk4dkhZaFVza3QzS3huaFpmLUdQLVIxNzVCYnJ5bmxYRlpKNHBaYWt4d2N6RXNjeF8xbVoxejdNTjUtLXRBU1IwMVZ5dWQwRDJDa1BBN0dWTFpnVElPNm44Z1RLOTlDa2hFRzk5cmpmcksyd0dkYUcwV3VZMGk2WE9FTW13YUM1Y093YlN6aFJXdXoxZ0ppd3pKdTlMbTZjOVlEdkRucWR3?oc=5,2026-05-07 13:53:39+00:00,"Amazon closing Fresh, Go stores while expanding Whole Foods: Here's why MSN",2026-05-09
Wawa,Ayushi Chandel,Convenience Stores / Distributors,Closing,1 N.J. Wawa closes permanently as new stores and upgrades roll out - NJ.com,https://news.google.com/rss/articles/CBMiqAFBVV95cUxNVXVKdjZmeGszZ0RPbHlmaU9sLWExNnk0a2hxZzhlVUJxdnR6aUJsdDlYWG9faHhnLXllbnl2NERLTkFHeDBLdm5nSmZaYXpnUmN1WHBjWHNxa2cxUHZucFZiZWZoZDVGejh0clZtM01fZkZmM3FMQVA4UDJSWlpYUHNfZ1VPZmNMN0djNlFMSjkyNV9kQlVEbXJmZGlNUk56Rkk1U2NaX23SAbwBQVVfeXFMTl9GY0ZUalRXdXdvLUpYSTFpMzA2dWJkSU5jaTdNbW42ejVXT1VhTXctemdmdVpvRjI0UWhJcFVfWnBCS29RT1p5Z2hWZkNNcHBpRTRWVEMtRzZ0OGJzTG9uSWF2TTRHek0wRVBKbnhiVFNOTlBJSjVVMzJoXzRBSXdTOWFqdHdhMzI4dUJjbWYwMnRGcnp3dlJ6UnFjMXd4NXptNnFSb3d2OWltb1pPOEFzNXdGQWNXN1NCdEQ?oc=5,2026-05-07 13:28:00+00:00,1 N.J. Wawa closes permanently as new stores and upgrades roll out NJ.com,2026-05-08
Scheels,Dhiraj Manghani,Mass Merchandisers,Closing,We Are Losing A North Dakota Scheels Store - US 103.3,https://news.google.com/rss/articles/CBMiZEFVX3lxTE1EMkpXeF9CWVJkLTBGYUdjaU9VVmpLUTZNbTFYaHczYnRnY2pxa0UwaVJKVWppczZjWXVEMjhzOUIxNUJNRnVkVGoyNGxPRThzWGgtTmRMSjczckVLd0xpV2ZRS2c?oc=5,2026-05-07 12:59:06+00:00,We Are Losing A North Dakota Scheels Store US 103.3,2026-05-08
Trader Joe's,Rahul Shinde,Grocery,Opening,"Trader Joe’s is planning stores in two more Salt Lake County cities, company confirms - The Salt Lake Tribune",https://news.google.com/rss/articles/CBMijgFBVV95cUxPT2JJZ2h5ZGJfWHJVS0tmX0xnRTRLTU9xdTZQemhOcmprSU9BY29iODNWVm9Ec1BsWEtKUUpTZHZjdXhTRm1KZ2lGMnJQRXp4ZHJXbGFjWVlrYjdtZDM2WjlmSmFyRFVIbGE3cDhseEFKNzhEckcwZGxGMkEzbkRxNl9tY1prRmR3ZXg4V2pB?oc=5,2026-05-07 12:00:43+00:00,"Trader Joe’s is planning stores in two more Salt Lake County cities, company confirms The Salt Lake Tribune",2026-05-08
T.J. Maxx,Dhiraj Manghani,Mass Merchandisers,Closing,End of the road for TJ Maxx store as popular US mall location shuts down - the-sun.com,https://news.google.com/rss/articles/CBMikgFBVV95cUxNbUcybGk0ZHV1UWo1cGJmQnZRM1VUYXl3V2JkbkNja2RJREpNZ21ObWU2WDVKZEh0cUFvWmVHbm95MHZsNi13MFVYMkhEQkxwWnd1Q19BRmlYQWRNMFVDS2xBOVlITGpwQi1nLTdnYS1oRGhBMUFLS21TWUI3VGhTa1JEQXhTREhUN1BmbjZHbnN4dw?oc=5,2026-05-07 11:55:45+00:00,End of the road for TJ Maxx store as popular US mall location shuts down the-sun.com,2026-05-08
Chick-fil-a,Rahul Vasaya,Restaurants,Opening,Chick-fil-A opens in South Lansing today with free food for customers dressed as cows - FOX 47 News,https://news.google.com/rss/articles/CBMitgFBVV95cUxNbXR6Q0ZUSVRtejk5NDhJZU05WmFTU3MzdzdPTV96QnZKQlBtMThaQ3lVVG9McWJyc0E1Y2NfNVk2cEhzMlFubHgzSWM4N3lNY0F1X1BiZExUUkx1U3FSMm9YaXJFRllMaVpnWFRqWlU3UV9DWGliQVRneGs0cEpfb2I0bnNWcmZxTDNzTm5jYVpHLTZVamZoNlk2MVFpYzJVdVRhN2dGbzNjVURDRjJGRHE1Q1hWdw?oc=5,2026-05-07 11:30:21+00:00,Chick-fil-A opens in South Lansing today with free food for customers dressed as cows FOX 47 News,2026-05-08
Scheels,Dhiraj Manghani,Mass Merchandisers,Closing,Crocs North Star Mall - Jomo Kenyatta University of Agriculture and Technology,https://news.google.com/rss/articles/CBMijwFBVV95cUxOZlJwdHlRb05MRmNXcHVpRFVXeEhEenE1MUFqMjlXdVVuTVJxRlg0Q1ZOR1hGekc3YV9oWDh3UlpjLXF6dE1HUWtLWnNqM29xWTVBMUZTbTRpYlp5TFR2RXU1bjF0MkpPMzhqbkdrSE9PNDN1Q2hMdVluQkhXMGVaOTB1OWpCN1MyemlxWUFPWQ?oc=5,2026-05-07 11:23:42+00:00,Crocs North Star Mall Jomo Kenyatta University of Agriculture and Technology,2026-05-08
Chick-fil-a,Rahul Vasaya,Restaurants,Opening,CHICK FIL A NOW OPEN - FOX 47 News,https://news.google.com/rss/articles/CBMiakFVX3lxTE9aYm5Vd3JVNThzWXdzbHpNc1YtTDlFNTlGdmphUkdkYk54dVdfVERXc1hqUkRBOXRSU2w5UjJyYzVZZ1JISng0bGwzdHJNLWxyRDVuSHZTMk5UOS1ETzY5dzNEdjI1UWJkeEE?oc=5,2026-05-07 11:16:41+00:00,CHICK FIL A NOW OPEN FOX 47 News,2026-05-08
Dunkin',Kabeer Pandya,Restaurants,Opening,Dunkin’ in Bethpage Celebrates Grand Opening with Donation to Toys for Tots - LongIsland.com,https://news.google.com/rss/articles/CBMivAFBVV95cUxOYzlYUTNjS3hUanJfNUlDdjlsbXFPaDF1WjJ2Rm9sMUlxRDFnMmRXb25nV0xtNWJaT0pNUERQYWxsd1Mzc2J5aTBSOU5KdXlqNHFINDVNZDFFN3RDbURuTEdJQmhxbkJjWWp5bzZvQzF4dm5adWE0S3dBT2VGYlRVZXltbHRKNHF1dDJlYWxfWmpyUV9iZlNjMzFBVHpxTXRIdGlESDQxelBTdzZiU3k2SFJxMWZzdTl4UTRFOQ?oc=5,2026-05-07 10:12:51+00:00,Dunkin’ in Bethpage Celebrates Grand Opening with Donation to Toys for Tots LongIsland.com,2026-05-08
O'Reilly Auto Parts,Bhavesh Phulwani,Mass Merchandisers,Opening,What's that planned by O'Reilly Auto Parts on Thomas St. in Memphis? - MSN,https://news.google.com/rss/articles/CBMiugFBVV95cUxNZFU5YUZQeTFiUWVqdW53dHhCa0hRMk84VUlFRkNqUmhsYXltMTVtU1BNalh1R0NNYWhjM19fMlBPTmpsdDVweVJ4RS1fM2Z0OEFmWmhPb3RsOWU0cHl0WUJWSFc1eU1ub1Rrbkk1eVFqdkN0MEFrYlAzR3Z2QnhacXJSeUQ5TlZFZ2xJMi1KQUstbXE5NlQwVzB1enpBYWJJME5NNXhpcjBqWm4zWnhJa2wzWHNTak9Pd3c?oc=5,2026-05-07 09:52:06+00:00,What's that planned by O'Reilly Auto Parts on Thomas St. in Memphis? MSN,2026-05-09
Scheels,Dhiraj Manghani,Mass Merchandisers,Closing,SCHEELS Home & Hardware to close by end of year - KFGO,https://news.google.com/rss/articles/CBMif0FVX3lxTE1lNU5TMjhZZmgwN2JialR5QVh2blR0c0NCT0tBQTN6ZFpVRjVSUkpxSUxTQXpHb05RMnNiUWZOS3NmdWpzYWNtWHl0a2xWTmh5bXM5QjdzRnFtdV9sZWNPbnlmdWEzbThJRHkzdGdiQUY5ZHR3eE9RenIwVlZhelU?oc=5,2026-05-07 09:27:20+00:00,SCHEELS Home & Hardware to close by end of year KFGO,2026-05-08
Burlington Stores,Ashwin Nair,Mass Merchandisers,Opening,New Burlington stores coming to New York. Here’s where - The Journal News | lohud.com,https://news.google.com/rss/articles/CBMirwFBVV95cUxNZ2pyY2hOWGpsdGktYjBFWXFDUW1CY3p5UFl4STFHOGJPYTJHX2ZwTWF0b0wxOVM4Rl9Zd3JBWERONjZseEhqUFBXdXNUWm40MU1QSGZqcngtUHB0LURLS2IzaUREa0R4YWV0QXp4cFNhLTNvV19nVzlfb2dPSjNkVTUwQS1kX2dwS0hzc0NnYmEwbTVwcmxhdllyLUJCQ3JzVGlROV9FemFRN2Q4R3JB?oc=5,2026-05-07 07:36:00+00:00,New Burlington stores coming to New York. Here’s where The Journal News | lohud.com,2026-05-08
BP,Komal Agrawal,Convenience Stores / Distributors,Closing,Revisions in BP-Hilcorp deal include upstream closing first - Petroleum News,https://news.google.com/rss/articles/CBMivwFBVV95cUxNOXM1V1dkZkxOX1pmcDVPSWE2MWV5Nnd6ZS0tbXVsdTN0MzBGVzlOdFpQTjJYUzdkdFVCZXNXMTByMkNEeXo0bnlXbmUxM3dZTFdLaHB0bWl2UlNQU1NCdlBpa0l0TjRaNGxGaTk4LXQwZ1NGZXRZN2ZmdU1zSkJjcldQMU1WbTZONG9TZGNsSmY2NjRXV3VWR0w3NTRNZnlDX0p3MW9tcnZtNmlpVTBQelVQNDBpalpxQm9hRlFmYw?oc=5,2026-05-07 06:48:25+00:00,Revisions in BP-Hilcorp deal include upstream closing first Petroleum News,2026-05-09
Trader Joe's,Rahul Shinde,Grocery,Opening,"Trader Joe’s Adds New Stores, Builds Nationwide Expansion Pipeline - AndNowUKnow",https://news.google.com/rss/articles/CBMiwwFBVV95cUxPWnpLZkNnQWl2VFM5SVRiT1pQVFlteE1mMWJ4dzl4TkFTa1I4ZjFoNlNXMWxxNV9obHFpZ1g4ZWtmV3RhbVd4MFotblViNWJycFJCdnVXVTkxMHdkbFNqR0hFYVRjdTFyT0RtVWNveEtiX2h6VDQtNWlNWF8yckxiMm43cl9HZW8yUXFKaUNDUjYxRlFFUzBtUm9vZ3lITF9UX3l1aHF6TWxKT09VU1Rzc1VxSENpQ1B0anotR0s0WlVEcXc?oc=5,2026-05-07 05:16:59+00:00,"Trader Joe’s Adds New Stores, Builds Nationwide Expansion Pipeline AndNowUKnow",2026-05-09
Scheels,Dhiraj Manghani,Mass Merchandisers,Closing,Scheels Home and Hardware Closing in Fargo - Valley News Live,https://news.google.com/rss/articles/CBMijAFBVV95cUxONzlPWUFjNUhOeVRLSXl6OExhRm05QXZ6MDVzRllTb2kwWHdaZ1FITWdTVVZRZUtSRTA5V20yS21BckFGSEdNWjduN2lIU0VrOTRyUmk5TXJpN1JMUDk5SzRFbWpFZDByb3MzN2RFS2NzRklDRVF6V21qVkZjaVZudnNqTmppRWJUVlpaYQ?oc=5,2026-05-07 03:08:53+00:00,Scheels Home and Hardware Closing in Fargo Valley News Live,2026-05-08
Scheels,Dhiraj Manghani,Mass Merchandisers,Closing,SCHEELS Home and Hardware Store closing in Fargo - Valley News Live,https://news.google.com/rss/articles/CBMijAFBVV95cUxNRllDaGZRNGl6TWtTUllSZHQ4NFFNa281Q20xVUxCTUlHTDJHODNjeWdUTm8wUkVhTFVYYmpKUU81M0FlNUlOejF1ZGc0YjM0LWlDejRfbURuZWJUdzZyOGJDZzJRQmJBSkhzTkNPUnpYZ1RNeWVnVjI2WGxZY25zcHdodjJRcWNyYVJKc9IBoAFBVV95cUxPa2ZVZzh4NEF0Z005Sk9JZWViVHJBbDdGcWFwSFhDZ0lqVWNROFluV2VoenVYY1VTbnZCZHpZQXAzTjdXcUt1TVVuZWo2YjJYbjhWUzNvODFpV1pWVWJvOEpGelRsSHVUZkVXV1lFV3ZuWGhLNHFQSWdnZmJaXzJKMjVMdzR3VlJiZDVqcHlaWTVVN1ZRQnBweW5Td25fVEN1?oc=5,2026-05-07 03:07:00+00:00,SCHEELS Home and Hardware Store closing in Fargo Valley News Live,2026-05-08
Scheels,Dhiraj Manghani,Mass Merchandisers,Closing,SCHEELS Home & Hardware to close by the end of the year - KVRR,https://news.google.com/rss/articles/CBMijwFBVV95cUxQdHdZWHFrYS1qZGRJNjhpYmJKaHR2SkF3SU1wcXV2VnItVEU0QXBFRTNxdGUzWlZKaEl4dVE4dWZkTEw0YTZOM0JTbVdPVVdya1ktMkJKUkdNOTF5QzVfSnFqQ29TVTU2aUdWcHFjbWlMYW9YX1RlbnAzUlN0RFVORTZMMjYzU0xQVHlDdVJ2bw?oc=5,2026-05-07 01:43:48+00:00,SCHEELS Home & Hardware to close by the end of the year KVRR,2026-05-09
Marshalls,Bhavesh Phulwani,Mass Merchandisers,Opening,Marshalls Store to Open in Merchant Park - WhatNow,https://news.google.com/rss/articles/CBMiggFBVV95cUxPdVd0T3hVYzc0OGRSLUVYWTF5SWkwUDFTT3ptZDJ3d2x1UzJsUHExRjJObWtUaDUwNTlSbTVlZW9jMXlwa00yakVtbHFmV2dtZXNQMGY3Rl9VcG1PRWZQYkl5cEMyQWFTV0VaYS1xS2ppbEZCOWdjeVNGLVphZW9QX1l3?oc=5,2026-05-07 00:39:25+00:00,Marshalls Store to Open in Merchant Park WhatNow,2026-05-07
Neiman Marcus,Harsimranjeet Singh Ghelani,Department Stores,Closing,List of Stores Closing in May - Newsweek,https://news.google.com/rss/articles/CBMicEFVX3lxTFBfdWdJZU9LV1oxS0dnbC01S2FZeXhsbTR5WWpIUHlwVFZlYm5EOWxUaHp5cnloUWFkUnJkSG4zeE41TWd6YXdJbGtxZ2FXc1lLMVZHeGdDOU1RZFE4bnJjWmtBQXI3eW1XdEtGblpoa1E?oc=5,2026-05-07 00:24:00+00:00,List of Stores Closing in May Newsweek,2026-05-07
Scheels,Dhiraj Manghani,Mass Merchandisers,Closing,Scheels to close Fargo Home & Hardware store - InForum,https://news.google.com/rss/articles/CBMigAFBVV95cUxQeFNaVlFKSzRMaTJWbjVIcTJrc21kdmNqcktJME5kQ0tTUS1jM0dfU1AtR2gyR2NNaHMycjVNVW1QN0c3aDJTbUVjaW4zd2ZnSmRhRklYUGRsSFZheXRWTnhlSldXbEc0SVFnT3ROcXZkbHM0aTNYOVpZcjMtdVFFTg?oc=5,2026-05-06 23:16:34+00:00,Scheels to close Fargo Home & Hardware store InForum,2026-05-07
Cub Foods,Kabeer Pandya,Grocery,Opening,St. Paul police officer charged with repeatedly burglarizing Cub Foods - Star Tribune,https://news.google.com/rss/articles/CBMiqwFBVV95cUxOaWFOOElDWUd2SlE5VkpOVllOLXBUdldEYV8waXc1aHppWVJYWElVenQtNUx1dTI5SGNYUDJFbFZCVTdpZWh5RkxBaEFRQkJwWllwMUVtY25VZUE5ZG9vRjl1RG45WjNoRXVjQjlnejRsbUZrRXA2MUE3dTN1RDhEMjktZFM2bVV3a1BzNkk2Nm1xMlBoUnNVZ01jX2xYTENyMUZxSy1zMmFnY28?oc=5,2026-05-06 22:18:36+00:00,St. Paul police officer charged with repeatedly burglarizing Cub Foods Star Tribune,2026-05-07
Scheels,Dhiraj Manghani,Mass Merchandisers,Closing,Fargo’s SCHEELS Home and Hardware store to close - WDAY Radio,https://news.google.com/rss/articles/CBMimAFBVV95cUxOaEhKbHhBUEdaSThMQnVGclhXeFpVSDZWVXdreW0xdTBmMHlPYlRVNi1kV281NV9SRWNCQjN6Y29kMFF2UG80bFhHTkgtZkM3cXdEWGMtZTN4SjcwQ2dXS3dWWWdQamVVTU1zWXdZQWxrX0prLVd5UkJwVEdQVXI3dzdIVThnbC1VYm91ZzlxbVpmVkdUajBxYg?oc=5,2026-05-06 22:04:50+00:00,Fargo’s SCHEELS Home and Hardware store to close WDAY Radio,2026-05-07
Boscov's,Ankit Rawat,Department Stores,Closing,Adidas Corporate Store Woodbridge Coupon 2019 - Jomo Kenyatta University of Agriculture and Technology,https://news.google.com/rss/articles/CBMirgFBVV95cUxPNjVPZGQxTDlhZlByb2xmazNFMGk0bS14bTJhcmpBRUdncUg5OF9xN3NFYnNyeWNibnlxaE1tZ0Q3NDh6Qk1VRThIQ1hqLU95dUR6blU5dW1VUjEySFlfWTluOEZpUHJyVUgtVGNRMGgwMXJQM2EtWGpwcDctZ1FEVVBUZVEzM0Q3QTVzWjlWY0hvYmxLNzJKRjY4dnNFckVETll6WUdnVVJXWjR5Umc?oc=5,2026-05-06 21:56:06+00:00,Adidas Corporate Store Woodbridge Coupon 2019 Jomo Kenyatta University of Agriculture and Technology,2026-05-08
Chick-fil-a,Rahul Vasaya,Restaurants,Opening,New Chick-fil-A in Lufkin: Addition or Replacement? - kkam.com,https://news.google.com/rss/articles/CBMiX0FVX3lxTE42a3U2dW5VV2VvVGl3MjYtODQ4TE5NY0loM2pNRUJDMmpETW5nbmxnV2I0YWdlQU1jN2hTQnFDeDUtQXFKNk5xNGZxNEZIY2R0eDZpMloySEg1OG1maGJV?oc=5,2026-05-06 21:43:58+00:00,New Chick-fil-A in Lufkin: Addition or Replacement? kkam.com,2026-05-07
The Container Store,Dhiraj Manghani,Mass Merchandisers,Opening,Bed Bath & Beyond is coming back to Princeton - New Jersey 101.5,https://news.google.com/rss/articles/CBMie0FVX3lxTE1qQXZoSjlURHdmM0VrRDNkamlFOVNhaUNWeVNpVFA0Y3BGQjZUOWx6UXR6RlFFaU92NjNoNURSaFpHLWdEWlB3RVRueEFIWFg0MkFMNDdReFZFenFiRHhmQ29KOWRUNFhrdzZ6a2JvSVVRdTU0cndMLUg5TQ?oc=5,2026-05-06 21:26:59+00:00,Bed Bath & Beyond is coming back to Princeton New Jersey 101.5,2026-05-07
The Container Store,Dhiraj Manghani,Mass Merchandisers,Opening,Bed Bath & Beyond is coming back to Princeton - 94.5 PST,https://news.google.com/rss/articles/CBMia0FVX3lxTE1fcmhVQW44YnlyT2ZtXzNlNm1kdUxjQWdOMUIwWm1jU29sSDlBTVQtTE5ZdjhyVGVYX25mNmh1b2VMMlY0ZWl6VUJ2RUZhOW1XNEItZnVVd2xwRWhlQkJDZlVJNHhNdV9adXRB?oc=5,2026-05-06 21:26:59+00:00,Bed Bath & Beyond is coming back to Princeton 94.5 PST,2026-05-08
Macy's,Harsimranjeet Singh Ghelani,Department Stores,Closing,Closing down sales reach 80% as Macy’s pulls the plug on 8 more stores - the-sun.com,https://news.google.com/rss/articles/CBMiiwFBVV95cUxPTGpmWHNzdW14dmdHSko4QlN6VXotY1oyM1diSnFsY0dScENodWF2b3VsQzJDaVU1SWg2ZzFKTVlDaWswUGdXWHFMWjlTem9VRTRKSjRyamJmdlktRWhyS1dpNE9udjlZYjlZNVc2ckdZSXcyMW1lQmQxOGNBeDhZa21TSmh0a25YMXFn?oc=5,2026-05-06 21:24:48+00:00,Closing down sales reach 80% as Macy’s pulls the plug on 8 more stores the-sun.com,2026-05-07
Burlington Stores,Ashwin Nair,Mass Merchandisers,Opening,Burlington to open over two dozen new stores across country in May - Fox Business,https://news.google.com/rss/articles/CBMikgFBVV95cUxONFpya1RjV3lSOC0wbTlhNmNFdXpWUEpUdHQ4dVE3Z1RTQ0NFOElsSkhXTGgzZVpRTWdnUWQ3S0o2LVAyb1p2dHBXSjNHU1lBRUFvVjdNRTgzemdZbE1Dd0ZUaWpNSk96Y1pNNUFfTUkyblZtNmJxS3ZmUnVVb2ZFajJqNkU5MGZ1enVHVldLUXkxd9IBlwFBVV95cUxOLTRGdHAxWV9IVk4zbG5abVc5VFdtWlFPTVI2RXFjOXNHZldHcUhIR2l2clNzSnZMMUwtZHZ0eFBualpHZzUyb1p6bk5TNjRLWGZ2NHRwRktkSnRSaUdOS3hIWldicVFLd19TVUpONkJ5R0JsM1FiQmZJRXRUNnBwRUtNcWY1YUU1RUdjN3VjZ3hoYXBjYksw?oc=5,2026-05-06 19:38:00+00:00,Burlington to open over two dozen new stores across country in May Fox Business,2026-05-07
Walgreens,Komal Agrawal,Drug Retailers,Closing,Calls for Walgreens to be 'criminally charged' for abandoning shoppers - the-sun.com,https://news.google.com/rss/articles/CBMiiAFBVV95cUxQOU1HWDNhd3BDUXdidnNJT3pWSDNhWGs3UWpJRGVxVnpIQVFya2I5cXdLXzVHOFVtUUh1SDZvaUM5LWcxVlI4azlpMWtMTTNFUVpXYURDVTNvOHI0NGt1T1lla2NsMkdHNGZGanRzLUtBWFR0SmZGcDM5Nnd2aDZ6dlVCUWFxVW1B?oc=5,2026-05-06 18:58:47+00:00,Calls for Walgreens to be 'criminally charged' for abandoning shoppers the-sun.com,2026-05-07
Walgreens,Komal Agrawal,Drug Retailers,Closing,Walgreens closures spark calls for chain to be 'criminally charged' for 'genocide' & abandoning customers - the-sun.com,https://news.google.com/rss/articles/CBMiiAFBVV95cUxQOU1HWDNhd3BDUXdidnNJT3pWSDNhWGs3UWpJRGVxVnpIQVFya2I5cXdLXzVHOFVtUUh1SDZvaUM5LWcxVlI4azlpMWtMTTNFUVpXYURDVTNvOHI0NGt1T1lla2NsMkdHNGZGanRzLUtBWFR0SmZGcDM5Nnd2aDZ6dlVCUWFxVW1B?oc=5,2026-05-06 18:58:47+00:00,Walgreens closures spark calls for chain to be 'criminally charged' for 'genocide' & abandoning customers the-sun.com,2026-05-08
Burlington Stores,Ashwin Nair,Mass Merchandisers,Opening,Burlington to open new store in Louisville as part of nationwide expansion - AOL.com,https://news.google.com/rss/articles/CBMigwFBVV95cUxQbzFNRFFaR0lBX0w1MkxlOF9rSmJmVC1vSUVjY3p1UUxCVXc1RzdmRzVyVVl5dWtIREd1UHpXaUU0UFNhalViejdLSkNmU3RfN3dlUzVxSUxCU25JNnE2UzV0eE1PM0ZJLUpWMTJNc1pKQTNkUERqUmsxcngya0pUYWF6Zw?oc=5,2026-05-06 18:42:03+00:00,Burlington to open new store in Louisville as part of nationwide expansion AOL.com,2026-05-07
Grocery Outlet,Rahul Shinde,Grocery,Opening,Proposals for two new Grocery Outlet stores make progress in Oakland - East Bay Times,https://news.google.com/rss/articles/CBMisAFBVV95cUxOem8tWVpYNFR2aDZkenZmRjZCSkF4ZHB6QTZhRmx1S0o3eEQ2c21pdDlGOWp0OFZOcmtJS0FkWW1LR1VmdFhSNHRhSFFubWxMN1hqVE9JQi13TTVFejZXZlMyeTFMNENIbnN1cHZIMU1mX29rQjlMWVB5M29aRldWcjNCcmRlaXVvUmQ1eVVuTnpLLS0zZzI1VlRCTXg4ZDBnMGpGcWFvU3NfQmRrR0Q5ZNIBsAFBVV95cUxOem8tWVpYNFR2aDZkenZmRjZCSkF4ZHB6QTZhRmx1S0o3eEQ2c21pdDlGOWp0OFZOcmtJS0FkWW1LR1VmdFhSNHRhSFFubWxMN1hqVE9JQi13TTVFejZXZlMyeTFMNENIbnN1cHZIMU1mX29rQjlMWVB5M29aRldWcjNCcmRlaXVvUmQ1eVVuTnpLLS0zZzI1VlRCTXg4ZDBnMGpGcWFvU3NfQmRrR0Q5ZA?oc=5,2026-05-06 17:56:43+00:00,Proposals for two new Grocery Outlet stores make progress in Oakland East Bay Times,2026-05-07
dd's DISCOUNTS,Ashwin Nair,Mass Merchandisers,Opening,dd’s DISCOUNTS is Coming to Chula Vista - WhatNow,https://news.google.com/rss/articles/CBMiggFBVV95cUxOd3V2UjVPN3hkOHF3Ti1PbGxPY3VuQ1NkalZLT2RqOVpNWEdvTnJQb3RrZlc5b2F6NnI0M3FBb08tbW1vRnVCVVROT2U1S3NQX2Q0QnVyLVkzRmVrTXFQNkczejdOenVmRTl2ZUQ1UHBYYWdxNHh5LS1rd1hzV1FGVm5B?oc=5,2026-05-06 17:39:02+00:00,dd’s DISCOUNTS is Coming to Chula Vista WhatNow,2026-05-07
Burlington Stores,Ashwin Nair,Mass Merchandisers,Opening,"Burlington snaps up former Joann location and throws doors open to massive 35,367-square-foot store - the-sun.com",https://news.google.com/rss/articles/CBMipAFBVV95cUxOamNWbzBYcjZLMmZNWkxEc0xXNDh4eUVLTUlQMmgwUmphNU80cFdVS0dKQzZZSzZKYVJRTXFNTElXcXlzR014cmtreEpSd0dCcGdFV3FidHpwRWlfb1JnekctdDdaaHFiVkozUk5lVVFfaFFaYXVlRHBuNExMYUxIcUpHaEtTYW9LVkJzX2xybFNMUm9rWlVQLXFWR0V6WnBrMVljTA?oc=5,2026-05-06 17:23:59+00:00,"Burlington snaps up former Joann location and throws doors open to massive 35,367-square-foot store the-sun.com",2026-05-07
BJ's Wholesale Club,Ashwin Nair,Mass Merchandisers,Opening,"[ARS] BJ's Wholesale Club Holdings, Inc. SEC Filing - Stock Titan",https://news.google.com/rss/articles/CBMiqwFBVV95cUxORVdyQ01TWEIxSjR1bUVPMUQ2OHctUEEtZWJ4bTE4YlZfNWFmekJKQXNGY3ZBVk5tMlltUUcwZnRfUlNBZVdUQkszZU9jOFNiZGZXaV9ZNXY1Mk9CNUdGSmotQ3JqTDVDM0JZR0lIRUxCQ2NIMTBOS3BncXhzS2ZUQV9kWUlFZGlXejhSdHJKX0w0ZWY5SG42LTVFQ3QtZ3JOLVNJYVlyRzFGTjQ?oc=5,2026-05-06 16:36:03+00:00,"[ARS] BJ's Wholesale Club Holdings, Inc. SEC Filing Stock Titan",2026-05-07
Trader Joe's,Rahul Shinde,Grocery,Opening,Trader Joe’s to open 1st store in West Palm Beach - The Business Journals,https://news.google.com/rss/articles/CBMiqgFBVV95cUxNU3dqN2xqVXFkU3YxMkdlbmo1S0dFa2FCcGRXX2hJYWluUTVscUxaYV9CRlg1cE43X0kxaWN2VFZpNkVuazdCR0VOZGhmTFQtdTZyX05MVkZtM3NqWHhGWTYxMjAzZTd2cVZaSVc3WXZZTzc0c1JMaWFZQXlSTV80dDd0MTJZX3ZGS2RQNHNVRkEzdU9mb0gySTZRd3ptNWppRERJMjRzNTkzdw?oc=5,2026-05-06 16:20:00+00:00,Trader Joe’s to open 1st store in West Palm Beach The Business Journals,2026-05-07
Rite Aid,Shuvechha Dere,Drug Retailers,Opening,Grocery store proposed for former East Haven Rite Aid location - Yahoo,https://news.google.com/rss/articles/CBMijgFBVV95cUxQdWtVdzFOUHJKdC16WDNFSmVGWU9XeUtSaEJXQ1kzVnFieUVHamJucWd4X01aRGV6VEFOdzlQUUhod3h4VS0yUXZYanl5ZlRJcHBvQjRXRGZmaEs3aVhfN1NfSDluamFzX2NtLWdrYUQtYmNKUVJkRGE2QTRRTGtFanV1YW54ZEVicUNKOUVn?oc=5,2026-05-06 15:56:00+00:00,Grocery store proposed for former East Haven Rite Aid location Yahoo,2026-05-08
Trader Joe's,Rahul Shinde,Grocery,Closing,The ‘busiest Trader Joe’s in the world’ is temporarily shutting down - AOL.com,https://news.google.com/rss/articles/CBMihwFBVV95cUxQTnBaMWN4UmFMQm1jNF9UUjY0elJXcUFrRUNKTGhXOEpVNzAybVlERTI5NGVTVDkyQUJKVXdrcTl3U1R0TjFTWlVmdkJKZmdSY0x5ZUxfSzVjZUJ4RFhmMExsWTRrX1Z3N2JNaFF4c3Q0Sm4wOFZhaExMNlJBWmlfR1NoQ0JzMFE?oc=5,2026-05-06 15:55:07+00:00,The ‘busiest Trader Joe’s in the world’ is temporarily shutting down AOL.com,2026-05-07
Barnes and Noble,Ashwin Nair,Mass Merchandisers,Opening,Barnes & Noble to open downtown Seattle store Wednesday - KING5.com,https://news.google.com/rss/articles/CBMiywFBVV95cUxNek1GMEx2T1gxTE42VlVvV2RHeHVEaDZYVHNuOHRiQk5JN3BOZWxBYkhUcktiMFp4NkhCMXY5QXJQYTllZXZkWWRCYlNUOHV2N3ZWWEEzeDVjVnBkNkZ5WEJ0RnN4dmpfczlzNElwREdtRlk1cDM3RnhJSlZBOThud05EQnI5eW42Wl9LYThWZlFUTHhMODRWLW9kaUgxZ1JJQmtSZ3lkX2lwZnBTSDRHQmw5dzRtYWNHLTdNZFE1YTlMQ3N2MzdvMEdaSQ?oc=5,2026-05-06 15:12:00+00:00,Barnes & Noble to open downtown Seattle store Wednesday KING5.com,2026-05-07
Publix Super Markets,Ashwin Nair,Grocery,Opening,"Publix Super Markets executes lease on new store in Yorktown, Va. - Drug Store News",https://news.google.com/rss/articles/CBMiiwFBVV95cUxQaTJYV2JIMFVnZXlaM2lvV0VsMWkzVjlTV2d0bHhmdHNZNk1sSUJmeUd2Tm45ZVc4eDRyUUZ1NWtTaEExVWlOSFdKWWZoUXJlOWxJWFlJbjdiZlVwTEdXSWdfSktGNTlabmlVSDkzUkJNQnVrWGZhWTJSOXRIcGsxRThRYmlMZWlnOTFv?oc=5,2026-05-06 14:57:15+00:00,"Publix Super Markets executes lease on new store in Yorktown, Va. Drug Store News",2026-05-07
Wegmans Food Markets,Rahul Shinde,Grocery,Opening,Here’s how much Wegmans paid for land for new store in Cranberry - WPXI,https://news.google.com/rss/articles/CBMixgFBVV95cUxQamJVRy1qUnhJc21pYkQ2bXIwYUlhVUJnM3h6bmpFRi1GLUJISkVYWC1XUi1rcmRvM0JaVG1YT3ZKcURaVkVpaFZiR0xoTkZ0MEdyMUQwMmFkWkxpWVZiUGFTN1UyQXUzRF8wVmZiU0RfTXFfSzdmaGd4UGFQdG5UUXZlbF9GNVFTVXQ4cDVqQUlscXRQdXlZMFZWZTVLWm5icGV5WXYycjhVX3BBeHpIVjhhZGtpTml1Mzg1b1lMcDIyeFozZXfSAcYBQVVfeXFMUGpiVUctalJ4SXNtaWJENm1yMGFJYVVCZzN4em5qRUYtRi1CSEpFWFgtV1Ita3JkbzNCWlRtWE92SnFEWlZFaWhWYkdMaE5GdDBHcjFEMDJhZFpMaVlWYlBhUzdVMkF1M0RfMFZmYlNEX01xX0s3ZmhneFBhUHRuVFF2ZWxfRjVRU1V0OHA1akFJbHF0UHV5WTBWVmU1S1puYnBleVl2MnI4VV9wQXh6SFY4YWRraU5pdTM4NW9ZTHAyMnhaM2V3?oc=5,2026-05-06 14:25:10+00:00,Here’s how much Wegmans paid for land for new store in Cranberry WPXI,2026-05-07
Barnes and Noble,Ashwin Nair,Mass Merchandisers,Opening,New Barnes and Noble store set to open in downtown Seattle - KING5.com,https://news.google.com/rss/articles/CBMi1AFBVV95cUxONEFCaUdXcE1wQzFlZUlvZlJuYjJIS0xVbk0wejdoTkpRQU1fQXlsdFBUVmhjVDBtZkNicTJUREJEbWpqblRyZGdDTEVGaXFBa3ktVHRJckFDTWZJeDRqa1RicFZZeE9heF9iMzdHSjNmZjg4Sm5NYXBqRW0wcWc1djh1VU9ZOGVadnpEc25NSW04bzJpdXFHWXZjOUM1S0ZKM2JkQ1YwVjhPeGRkMWl5ek5NQXVKNGZQZmd0WWozQmZhSmhOU19SaFZ5SUpwWnE1RGhVbA?oc=5,2026-05-06 14:04:00+00:00,New Barnes and Noble store set to open in downtown Seattle KING5.com,2026-05-07
BJ's Wholesale Club,Ashwin Nair,Mass Merchandisers,Opening,BJ’s Wholesale Club announces May 8 grand opening for new Waxahachie location - Waxahachie Sun,https://news.google.com/rss/articles/CBMi-gFBVV95cUxPOFlQTFpub2JaSVRONVJxdTNuMjlvOWlBQUlZNllobHZXajRPZlFqQlh3cHJpRUpEVjJKYWRER292aUFEcmZ3WkZiWXdySWxiTDhlLTJuRkJ2STFBQ1FORzNyUXg3WXMyS3F5cmtnY1ZxUjNyRm9JQjlEdnE3S2tEczBCRV9HQkpXbl9CVUU1R004VHFkdDdlY1dBUElLZjY2SUpvY21jZ1ZMVHMxWWEyX0JDVzBPWE1OSmM3V0xtSHpILWhNeVZGdHlrcWpzalF6WS1xUVlHUGtfa1VaTVl0aG5manRUYjRQMVcxclpva05sTndlazFybEhR?oc=5,2026-05-06 13:00:00+00:00,BJ’s Wholesale Club announces May 8 grand opening for new Waxahachie location Waxahachie Sun,2026-05-07
Trader Joe's,Rahul Shinde,Grocery,Closing,"Upper West Side Trader Joe's, deemed world's busiest, is temporarily shutting down - MSN",https://news.google.com/rss/articles/CBMi2gFBVV95cUxPbnVkQldMZGcyQ3AxRkdMRlduNHIydUV3SkJHcWp0NHlXQVYtYjBWcGlVQlFqTnVSNWdxUklONHRXbjFHaHpfNko4Mi12SmVEc0g5NXV2dE5NdnFxMUZQUHlLblZndENZXzFZVWtleGdzYWhLYkE3UlBwNkZZTkE2b3RQUkFDZFBWWm5GQnc4bGE4ZFV6aU1LMGhuOWJzVDZ1bnExSzU5ZGt3MlJwMVlydW04UzVWTTVsX1ZES2l4Tm4zQzVwNEtpT3JqUGl0Q1Z0V2lDZXdHYWQyUQ?oc=5,2026-05-06 10:06:53+00:00,"Upper West Side Trader Joe's, deemed world's busiest, is temporarily shutting down MSN",2026-05-07
Saks Fifth Avenue,Harsimranjeet Singh Ghelani,Department Stores,Closing,Inside Saks Fifth Avenue’s final days on City Avenue - MSN,https://news.google.com/rss/articles/CBMiqgFBVV95cUxPU1JoaV9PdmFQRFg5ZzEtVjUwOVp2TDJNakR2eHhaLW85bVlYTG5Ia2VQZXo2UGEzYS1yalF4dERwVXVOSnhHN2NGX2o2WGVHR3lOOVJ6U25iWDBVNlpIdUlwQlVyalVVV29oY3NYMzFEWnNtMjVNTEdIQnpVdDRqQnk5X3NydDlvdFhINGFhQnE3TlU2X3o4UFBYRzR6MkVvaTBIdkN3X2tQZw?oc=5,2026-05-06 09:55:52+00:00,Inside Saks Fifth Avenue’s final days on City Avenue MSN,2026-05-07
Chick-fil-a,Rahul Vasaya,Restaurants,Opening,"Tulare’s first Chick-fil-A opens with ‘Moove-In Party,’ freebies - Visalia Times-Delta",https://news.google.com/rss/articles/CBMiuAFBVV95cUxOcUsxOHRFR3NIQ0pHc3lzWGI2UVh1YTBaMFdidXFhZ0R4Y2p0Zkt0RGk3MGZBdTdhRVV4QktqNGl0bTVDR0VJenR2SFlZU25jelZ3SXN4OUpXMW5OMVFFYThvckVBU2d3SFFxQVZiUjBjblNyeTRCVlZ6QmVqa00zM1pCR0c5RjJGVm5NYzFhY2o3WmVQSmpjLUdMN2RJZ3V4bG56Y0h0aWFCYjFEaTJ6dE1Zblg0R1RN?oc=5,2026-05-06 09:13:00+00:00,"Tulare’s first Chick-fil-A opens with ‘Moove-In Party,’ freebies Visalia Times-Delta",2026-05-07
Party City,Dhiraj Manghani,Mass Merchandisers,Opening,"Party City to open inside Hyannis Staples, after closing all stores in 2024 - Cape Cod Times",https://news.google.com/rss/articles/CBMinwFBVV95cUxQRjAta09oTnJVbGpBOUhYOGFpYWc3MEJ3QkJELURZVkg0dWZRa3BmRUhXUHZPeWc5LWFGZWphcDF2SVd3RWdCY3Z5WWlaOGhXNEcwUmFvYUZRLW54dXZsQnNpd0dXYVRVZjNVQl90Y2NzUjlnMDF2ZVh1R0VfSFdrZ0pvTWczeFpOQmxFOUtuQ1JvNi1LaUZURGZ3Y2wyT1E?oc=5,2026-05-06 09:03:00+00:00,"Party City to open inside Hyannis Staples, after closing all stores in 2024 Cape Cod Times",2026-05-07
Autozone,Komal Agrawal,Mass Merchandisers,Closing,"W.O.L.F. gyms coming to Shops at Rockvale; AutoZone replacing car wash near Mount Joy: Retail openings, closures for April 2026 - LancasterOnline",https://news.google.com/rss/articles/CBMiigJBVV95cUxQQWdVRlo5V0FNbDA0VXJBS1V4N3RuWi11OTRBUzlzaUlxc3BTWWVqVy1KQTFDcmJnY0FpNU1KdjFSc0daX0xYdExTWGdfd0xZMjdTLWREVDc0STRMSkg0S0RGNWRVRG41djB5dVZlT3hEbWM5M2hISnNUNDFZQk5Ua2tYX3BuLUx4SlJzY0R1ZGN1aHlSR1dGWU5aVEdCVkFXVFY5Y2dyb1hER2FjTkQ2a3U2OTExRHlWX3FxczdLU0pqQTlMbXZUS21DNzJ6SjNIQ3FYQUo4Q0ZGSFM5Nm5lbkh1NkFDcXNiOUpPQlBpM3Q2ZHVIOExvM1I0VUZ6dzBSYUhHalBjaHJjQQ?oc=5,2026-05-06 09:00:00+00:00,"W.O.L.F. gyms coming to Shops at Rockvale; AutoZone replacing car wash near Mount Joy: Retail openings, closures for April 2026 LancasterOnline",2026-05-07
Costco Wholesale Corp.,Ashwin Nair,Mass Merchandisers,Opening,Costco Wholesale Corp Expansion Boom: First Costco in Milwaukee County Set to Break Ground — Massive Project to Transform Franklin by 2026 - Nbsla.ca,https://news.google.com/rss/articles/CBMiXkFVX3lxTFBSSUJ6Yl9PS0loZ2xoX3gwUnAyMlV5Wldyby1ES25OYlpZNF9raEo0WWllNUxXVXZGWEVpcVJKcDl6NWxjbVhZN192SThNSnR1anA3UnpBekQzQ0dKd1E?oc=5,2026-05-06 08:54:22+00:00,Costco Wholesale Corp Expansion Boom: First Costco in Milwaukee County Set to Break Ground — Massive Project to Transform Franklin by 2026 Nbsla.ca,2026-05-07
Target,Vishwas Shah,Mass Merchandisers,Opening,"A 200 acre home for new Target, In-N-Out and office spaces breaks ground - MSN",https://news.google.com/rss/articles/CBMiwwFBVV95cUxPSVdrWmJxVlRHMU92REg1bHhqV1JWdTc0S1dtRmd1eXdjYXFWdDhLOEVUcmNtTk5LaFYweXR3LUs1ZlF2UnZHbzJKdTVwc1d4OGc5Q0hjdlJZc0h2ZmVTR1JmdnN1THpPQmlmMXBQcTN2a3ZZU2dwY0NVNFZoVHZiRnBZMFZCWHctUGlULTFtbUNOQWdBbzBzcUpMLVRySHljS1YwbFU5eWVnYWFlNWZyX0xScl9GaGkyT29VMlplc3NET3M?oc=5,2026-05-06 06:40:59+00:00,"A 200 acre home for new Target, In-N-Out and office spaces breaks ground MSN",2026-05-07
Taco Bell,Kashish Kasar,Restaurants,Opening,"A 200 acre home for new Target, In-N-Out and office spaces breaks ground - MSN",https://news.google.com/rss/articles/CBMiwwFBVV95cUxPSVdrWmJxVlRHMU92REg1bHhqV1JWdTc0S1dtRmd1eXdjYXFWdDhLOEVUcmNtTk5LaFYweXR3LUs1ZlF2UnZHbzJKdTVwc1d4OGc5Q0hjdlJZc0h2ZmVTR1JmdnN1THpPQmlmMXBQcTN2a3ZZU2dwY0NVNFZoVHZiRnBZMFZCWHctUGlULTFtbUNOQWdBbzBzcUpMLVRySHljS1YwbFU5eWVnYWFlNWZyX0xScl9GaGkyT29VMlplc3NET3M?oc=5,2026-05-06 06:40:59+00:00,"A 200 acre home for new Target, In-N-Out and office spaces breaks ground MSN",2026-05-08
Dunkin',Kabeer Pandya,Restaurants,Closing,Medford Dunkin' purveyor shutting down and laying off employees - MSN,https://news.google.com/rss/articles/CBMitwFBVV95cUxNN1M2eXJzYVdGbFR2Y3RQRy1aZHBHdWJ6Q3NxU3BOcTRnbHY0WjlRUVlrUHhiLXc1eUtpX1IzTFRTZkc2THpuNzBrd25UcTliSnJMdUpEZDBYbklvTUZMaWlxX3VCY1dRUzNldmQ3cGJpUFlucEZJVDduUEhVUU5URlZ1Y0x1WmlCYW9VVzhiZEc4eFBYVjJhMzhTQWZiZDM3ZG92RWpVV2U5SDFRZlpZVmludUZjX3c?oc=5,2026-05-06 04:47:48+00:00,Medford Dunkin' purveyor shutting down and laying off employees MSN,2026-05-07
Macy's,Harsimranjeet Singh Ghelani,Department Stores,Closing,"Macy’s Store Closures 2026: Full Details, Reasons, and What It Means for Shoppers - sebd.in",https://news.google.com/rss/articles/CBMimgFBVV95cUxQbU1vZ3JwX2ctU09HWV85U3M5Y1hUb2EyZF80RVZUMmJIajRCcGpJYVJ6T0d3dGQ3YS1ONHBLei1QWWxPR1Z1UkJjaEpIMTB6UlB6SWk4c095ZUZoTWlZOV9DWjF0WmRQc2w1SE5iYnRXdHF4NGRtNG5ibDJQOGs5NGJlTVNzSzZ6Rzd0SHpYU05lMVlsUkVIQXRR?oc=5,2026-05-06 04:08:18+00:00,"Macy’s Store Closures 2026: Full Details, Reasons, and What It Means for Shoppers sebd.in",2026-05-07
Walgreens,Komal Agrawal,Drug Retailers,Closing,Walgreens is shutting down this Milwaukee store due to 'safety challenges' - WISN,https://news.google.com/rss/articles/CBMirAFBVV95cUxNaDhkd3lwdGRfWHJUYzlMSGZvcDZ2X2ExMmFOQTBCVVFxcmwtMHRpaENwdmhNcDdEZnhwWUV0RXh4N0pqVmxhMUZlZi1hMVNxX2NYUnp4RGJHS0tIRVRLZl9EZHNEbDB0SFFfVWpzNDhfdXVpR0pJMnZzQ21pS20zWmhzc1NDWHRLMjFlWElKTDBneGNQcmJSRXA1LUR3dGlhcW1fX2l5U1pyak83?oc=5,2026-05-05 23:19:00+00:00,Walgreens is shutting down this Milwaukee store due to 'safety challenges' WISN,2026-05-06
Chick-fil-a,Rahul Vasaya,Restaurants,Opening,Chick-fil-A Construction Underway at Oakdale Commons in Johnson City - WNBF News Radio,https://news.google.com/rss/articles/CBMiY0FVX3lxTE1GbUZfT3lzRHQ2WlhhYVFMZ29nbV9hMzByZ2UwUFJaZ3A3Q29OZjFIY3RSX21ZRnBKby0xWElITjRXcTYxWVNVRjFLZnVPTFVTZGlLelVjWl9NWkFiaTZjTC1PYw?oc=5,2026-05-05 22:03:04+00:00,Chick-fil-A Construction Underway at Oakdale Commons in Johnson City WNBF News Radio,2026-05-06
Dollar General,Shuvechha Dere,Mass Merchandisers,Opening,Lehigh Valley’s new Dollar General store to celebrate grand opening with gift card giveaways - WFMZ.com,https://news.google.com/rss/articles/CBMikwJBVV95cUxPR0phSkREaU9kQTdlWjBRNzQ1OFFRcVJDaDBRZEhzLXMxbmwzMlpfY1pjSjN0cDJScUtqSjVaRHQ3TDgxYjdTbkNzT1cwdDBLdEpuaXMtWmpDNnBLQmJYMmI2a2s4LXRMeXIzM05qS19uNmZCb0M1MHJqUmpueTBYWXBLVUpPTHpqWXdhSUV1cEZON2hObm5pWHNCbExRYVozQWpNTk9SaUt1Z3pmY3VnU3FJN29LUzdnYzNfT1NDaUZ4cURhTEV6QkhJcW85eTJ6bG1kWUQ0U1VKa082ZmR3MEREZEF0TkJTNE9sZ1lHMm5CVURMQTJFT3UwMmRvQURYMTk5Ym9HLWlvdmlIOHVlVnFCZw?oc=5,2026-05-05 20:35:00+00:00,Lehigh Valley’s new Dollar General store to celebrate grand opening with gift card giveaways WFMZ.com,2026-05-06
Walgreens,Komal Agrawal,Drug Retailers,Closing,Chicago pol says Walgreens should be charged with 'first-degree corporate abandonment' over closure over theft - Fox News,https://news.google.com/rss/articles/CBMitwFBVV95cUxNTmpNRDNxZl9xck14U0cxUUNhVVNNSkNYUVVod3pGMFVDY2xfM1RYVFpqZjJiVGNVYnhsRm5HSFB2LXhXNnd4ZnB5VjFJOVVQbWJ5bWVxTmlYZ0NWT3RFM0NtN2daT3VieEpSUGZ0dDhHVHdUc3RjVG4xdjJETlJ2Z3d4aUgzbUJhM3ZoNUhVM2lHaHhqMmxxTGlwZi1qTkFfT2ZqR2hNTHVxMGhRQmk2dGRsRlkwYzDSAbwBQVVfeXFMTTNFY3ZsNzU1Z2hFdm5VMTkyS1dSUHE3UnA2aTNSWnVtNXBzTVo1S0dFT3paXzZQOTdWeE9aWGJMVDJRRmdHVzNsR3RBVGxPQUFjelg3VmM1Nk5hbUpkVWFkY2FvNzEtVEVQdEJtTHdzYkdxLVI4ZDJCbjV5QmVlMEYyRjJDanhwUEd4WTFOanMxU3JoVHNHOTdhMjhUd3pwSXhwOEpRYjVSb1puMFYyQ1p6OUpLcElTZlU4ODA?oc=5,2026-05-05 20:29:55+00:00,Chicago pol says Walgreens should be charged with 'first-degree corporate abandonment' over closure over theft Fox News,2026-05-07
Trader Joe's,Rahul Shinde,Grocery,Closing,World’s busiest Trader Joe’s store temporarily closing for upgrades - MSN,https://news.google.com/rss/articles/CBMivgFBVV95cUxNTTZUTjMwQlFIa1RxSnlHVmUxXzU1eFVXbGNDc013ZVktMGRWMG5TSmRpc19Jc0FWSjB4MUVINGVsbHlRSkpZOGFiaXpkU3lOZVhmRHVMbTFCckR3dHNOVFBjQVNHa1NpTTZEOF83WGZFZjZlWlZ5WTJuQUwwczBtRUhRRlA3N0R4RHhaT3V4ZXJqT0xhMUtnVzljeERNNnB5V3h4emhoaV9xbGxqMU1neFN0M0tFUFNBRmVJYlJn?oc=5,2026-05-05 20:24:36+00:00,World’s busiest Trader Joe’s store temporarily closing for upgrades MSN,2026-05-06
Burlington Stores,Ashwin Nair,Mass Merchandisers,Opening,Burlington plots major May expansion — including 3 California stores - New York Post,https://news.google.com/rss/articles/CBMimgFBVV95cUxNUk9Md095TUpzSUpUZkMzUFlxTklwSWZ5TEgxS3UwYjZwb2lTNFFNd2tCRlhVRENJdGVlbXhVQTRNSjlBOUprczJXWndEYWRTRERFMGJ4dG9HLTRnYjNQd1dEMXNmdWR2MlBwZkNRWXlQeF96MGVvY0dLZGd0RmJyTkFZaldCZ3RES01BRXJ3WHRqLUtvTHVvUUpR?oc=5,2026-05-05 20:06:00+00:00,Burlington plots major May expansion — including 3 California stores New York Post,2026-05-06
BJ's Wholesale Club,Ashwin Nair,Mass Merchandisers,Opening,BJ’s Wholesale Club Fort Worth Location Set to Open on May 8 - Yahoo! Finance Canada,https://news.google.com/rss/articles/CBMigwFBVV95cUxNdEVZN2dvYzBGeW9XVFRhWkNPcXE5RGlSRVZlc09Ham9wU3dyTm5teV9XcmZJWHJ4dmYxTFMyZzFiZk55WjdEQ05RdXREeEFhX3M1cUU1SEhadHBOeVo5OXFJMUZCX3JmaGVlRXktQ2QxQ1oydDJDSmZfWEZDc2xNbnpOdw?oc=5,2026-05-05 20:01:00+00:00,BJ’s Wholesale Club Fort Worth Location Set to Open on May 8 Yahoo! Finance Canada,2026-05-06
BJ's Wholesale Club,Ashwin Nair,Mass Merchandisers,Opening,BJ’s Wholesale Club Fort Worth Location Set to Open on May 8 - Yahoo Finance,https://news.google.com/rss/articles/CBMimAFBVV95cUxOQ0lXYVduWWtCUXRPOWl6cTdlbzdDTDRKaldfYXVLd183SG5qOVJERUh4SmNGMl9CVFN5blBTWnZHRG5rSFFiWnd2dURoREg5cTJsdkpDeHZoT0x1dFRPMDA1YkdaRHhicjNoS0FHMVl0MFBNdDZiNjl2VVBWdjM1cmZiQk1MazdBX084dmtrdTBZbXBEamNfZw?oc=5,2026-05-05 20:01:00+00:00,BJ’s Wholesale Club Fort Worth Location Set to Open on May 8 Yahoo Finance,2026-05-07
Burlington Stores,Ashwin Nair,Mass Merchandisers,Opening,"Burlington sets grand opening, giveaways at new Horseheads location - Star-Gazette",https://news.google.com/rss/articles/CBMi0wFBVV95cUxPSkx6LUZQX2taTG5PakRtbGxkcUpGOWFPWlh6bi1vMENqSnJ3dUlfTnY5azQ1T3BiM1dHNzlYMDZIN3RIY0Foc2UtUThadFJ0cmhtdzNjaTNZTFowWTZzbFlSSTh6LXV4TnhscGpvWUJGaGI1VTFOLXdnQ3JkeUdMaU1OUnhicFRNRVNiY00yVi1XQzFjZ04tN0w1dXFSSFB6bkRURnptQzEtcG40cEsyWmxSSFdyQllFZGNlYl8zdndxd0NmZ2s4OUhBS0JOTk05N2dN?oc=5,2026-05-05 18:56:00+00:00,"Burlington sets grand opening, giveaways at new Horseheads location Star-Gazette",2026-05-06
Trader Joe's,Rahul Shinde,Grocery,Opening,Trader Joe's set to open second store in McKinney - The Business Journals,https://news.google.com/rss/articles/CBMinwFBVV95cUxNX2pnM2xUV1VRZWp5b0FKTElMZTdYclRIRFNPZnJzUmpXVjdOS1I4Wm5JY3hybm5VY3JHa0xCTmdacFUwSmticW1TajU5U0cwVjJFYWVqb1VDQmsyZUxnMURBOGVYTFlES0FLOGF5RHpuRkFOaTJNcktmZmxnUkJvRzdzcG5vSV9zMjVZNkRJZFIwR09ONUMxR05iNVhrZ3c?oc=5,2026-05-05 18:32:00+00:00,Trader Joe's set to open second store in McKinney The Business Journals,2026-05-06
Trader Joe's,Rahul Shinde,Grocery,Closing,'World's busiest' Trader Joe's is closing for months - what to know - MSN,https://news.google.com/rss/articles/CBMisAFBVV95cUxOWlJ3OHV4LWhaTUJqRDhrb2k1U3ZlbjZYQnVqQ29IRzlsRTB5MGxjRmZIZ0FlR0xyNE1VVWtjaUZqd0dLTTN5UzRnRDhIT0Jjd1g2LXdSaGpwWGp5UU9Od3VIUmFHN2VOU3VNelVrcFY3STVGWmVZQ09TYlBPOG5qekFjMUhtTTVsV3JvMjJydW5Ea0FKZmFsVHJrWTJtY05pRXFJRDJJQlJCNXlqZE1yaw?oc=5,2026-05-05 18:24:27+00:00,'World's busiest' Trader Joe's is closing for months - what to know MSN,2026-05-07
Trader Joe's,Rahul Shinde,Grocery,Opening,Trader Joe's expands in McKinney with new store on Eldorado - Star Local Media,https://news.google.com/rss/articles/CBMi9gFBVV95cUxNX0ItNXZBQ3VrakItVTYxN0VKZDV1QlAzemdWTFNzVWIxQXN6N2tpa05EY1h5MVRyQjNrUkYxUDdka25CYlpRN1ZMR2N0SnRIQ29WbTNaM3JRYjRZNTFPbFl1LWNtdW0zVFY5bHZ6WGYwRnhRNmNzaHVQUndvaTVlY210ME1tQUstak1pVVBOZl9BMTB2TjdEcmt2ajVtQWpOWTJTTy1GMjF4dlU3Sy1yNUc0anVaZVRUQ1RMRnBNS25ENnZsd3A1QmFYMklkbnhnQTRoT2hOQlB6WVVSVWlQY2NMMVVTa0VjWW5VRE1SZXFfSzhackE?oc=5,2026-05-05 18:10:52+00:00,Trader Joe's expands in McKinney with new store on Eldorado Star Local Media,2026-05-06
Dollar General,Shuvechha Dere,Mass Merchandisers,Opening,New Dollar General to offer free gift cards for grand opening in the Lehigh Valley - The Morning Call,https://news.google.com/rss/articles/CBMijgFBVV95cUxON3JwcW8tekoyU054Q0swMU1JZ0NsYkhldDdHWW83cmxfb1NFNGU3TFM1U1lzbnRqelFxVmg0TVd1MTAwcGF0R0xfVGhabWVvRjBoNmZ2UnRLUF9oYnFJS1FnNHc3cFVVRW9KV3dZQm4xTXdjM2oxdnZZRkdWRlVCVW1hdkNqYjZIcnFvQ3dn?oc=5,2026-05-05 17:37:52+00:00,New Dollar General to offer free gift cards for grand opening in the Lehigh Valley The Morning Call,2026-05-06
Burlington Stores,Ashwin Nair,Mass Merchandisers,Opening,Burlington to open new store in Louisville as part of nationwide expansion - AOL.com,https://news.google.com/rss/articles/CBMigwFBVV95cUxNS25adlNtZGpfVjZTZFpydmdZcWtoblJNR0RZZmhOZ3d1RURpWFM2X0pqa3Nwem90ZTBZcV85b1JHUmdnb2ZvM3AxcDE2dmFVQklhajY4NmFCTW5yelAxNUk5OHhLam9FUlM1T2o4YVdmNWc1UlZZMk1ScWRyYkcxRDl1Zw?oc=5,2026-05-05 17:25:03+00:00,Burlington to open new store in Louisville as part of nationwide expansion AOL.com,2026-05-06
Macy's,Harsimranjeet Singh Ghelani,Department Stores,Closing,Major department store chain closing 14 stores in 2026: Is yours on the list? - MLive.com,https://news.google.com/rss/articles/CBMiuwFBVV95cUxPcVBaWTZIQ2ZiRFFrbFFxeG5fSVE0NERMekZmWkJpTFlaRHkyd2Z4eFpDUWVzS1dGUHVEanlOc2c4VWU1aTMzTXlldk5GNFFzalBnWTQxdmNNWGotUjdsVWJqc2ZKVHZRZ2pBa3NpdzNDWU1nVWh1RWhhSmJSbDB5Z2dUelVnMVF0X2FSc1JGX3pZT2JkaXNBOEpyN0kxQXhOYlJBc1VyMVZfbFVybXpKTm4tZkxtUWFLTnRB0gHPAUFVX3lxTE1VeHlIeGNMUHF1ZVBtVm94dnBncHF3dlVCM044UHBXS2xTVFdWbUxmNVJoN1d5VEdTSE9SNHU1MXBaNDlTZWVlbi1pTXAtbVg2THFqNWJvcHVhQ0lRVjVVSVJkaXo4OE5jYXhTQmtNRW5nT0oxR1B5Um0wT0IyZHRhZUplNVN3eHUwaTR2NHNVMUZ3OXhZekYyVWw5VDJBdnM0TS1BeV80MmFaVzBKeF92WEh6VDJLQklFeUJuOUlLYTk3Z3JaY1AzWjFzMklWVQ?oc=5,2026-05-05 17:25:00+00:00,Major department store chain closing 14 stores in 2026: Is yours on the list? MLive.com,2026-05-06
T.J. Maxx,Dhiraj Manghani,Mass Merchandisers,Opening,TJ Maxx sets up shop with sprawling new store right next to off-price rival - the-sun.com,https://news.google.com/rss/articles/CBMihAFBVV95cUxON0R1eDc0VmlTRUpqSXlLcE44TXhPNXJxRWNyQjdlMnhEZ2hQS2Q3SmRuc1dYR2NDeGJfc3VJZ0VJai1URmt1c0Z1VkRhSWNnWGxHajdldFBVTEhCdkNTcHJyOFF6WUJBUUVLYmNuT2E4MXNwazNueUFXMy1PRHZDdmkwQWk?oc=5,2026-05-05 17:23:02+00:00,TJ Maxx sets up shop with sprawling new store right next to off-price rival the-sun.com,2026-05-06
Burlington Stores,Ashwin Nair,Mass Merchandisers,Opening,Burlington to Open New Stores in the U.S.: Where and When - Revista Merca2.0,https://news.google.com/rss/articles/CBMihwFBVV95cUxNZl9jOE85cEpTWS1tRXc5TFNUaFlwcG1zSnR6dHN0aTFHUEJxMmJBdVRJNGw4eW9BQUpfOFFaUVJ1NmVVWWZaMGxRTEhvVFR5UmZHWTJSdVZFdEVwNTdRTnE5REhUVTlCSTFjNjdMd0NiOV82dy1JSHBWMWprczNkbS1XMGtmV0U?oc=5,2026-05-05 17:19:58+00:00,Burlington to Open New Stores in the U.S.: Where and When Revista Merca2.0,2026-05-06
Walgreens,Komal Agrawal,Drug Retailers,Closing,Walgreens Closing Yet Another Milwaukee Store - Urban Milwaukee,https://news.google.com/rss/articles/CBMijwFBVV95cUxQOU9pSkxsSmdwNnFCODVxWkROS0FMUTVCOGVJb3lPY05KRURwdmFmVHpfSzZkd2pDdUZQVHBsTDMzajl3RlBHQ1U4SHhOS3FoRlRYQkhsWnVjbUp2TUJfSWpFSG1zajdScFdSYzFzczBpbEZWUFVheC0yTGN3ZDNIbktya0FIZTFQQ3B2dDNNOA?oc=5,2026-05-05 17:04:00+00:00,Walgreens Closing Yet Another Milwaukee Store Urban Milwaukee,2026-05-06
T.J. Maxx,Dhiraj Manghani,Mass Merchandisers,Closing,"Silver Spring retail center faces foreclosure as TJ Maxx, Outback closures strain cash flow - The Business Journals",https://news.google.com/rss/articles/CBMiqAFBVV95cUxPaWNRT0R4UGhDRVFzUlF1Z2RfMEs3TXhUMHNBR1FRNkdja1VuR1FuaEdkSGtLaG94VkpxY1hmTmk1eUpUaXI0cmJjX05JVE5Ya3VudkotZ2Q1QkZCMGh3eTJBSFJpTVBnclNSNXNJX1B3dHFxUEI5ZG9sZklrdTlCVHBDU1U3NDFJcmtvdFRxcVZYWUdqb0JXMWt5VTA0STIxOXhJdWwyVjg?oc=5,2026-05-05 16:52:00+00:00,"Silver Spring retail center faces foreclosure as TJ Maxx, Outback closures strain cash flow The Business Journals",2026-05-07
Trader Joe's,Rahul Shinde,Grocery,Opening,"Yes, Trader Joe’s is coming to Daybreak, store also planned in West Jordan - ABC4 Utah",https://news.google.com/rss/articles/CBMihwFBVV95cUxNNVdxTjdXU3RtV3hVeG42cFU4cVlaMGN0anlwMmhVcUVLUkJENF83NzJIUEdaZEdwdUgxSkIzRjBVU0JXV1J2Mzk3dEF0WDlaMWF1dDN4aW5DSzJQRGhlNkRFWGNoTnlHUGhtTGlWUDFnYjNjVGM0b1RZbDY4SlBLX01tMFJjVzjSAYwBQVVfeXFMTnUzTW1iZVNfaDZ0TWd0QzU3NXNJOV9hbFpjclBXSFZQR0lacDVXQU5WYlRYY0FubVU1MFhKdkhBbTdDWGgwOG80OXZ4cFFBVmdrVnB3MUV3UG84aUlGbVZlOGdBeXdCbWxQSDJublppVC1ZQVhvUnkydEFDUE14cE5Xb2lPUmFvanM5OTI?oc=5,2026-05-05 16:33:21+00:00,"Yes, Trader Joe’s is coming to Daybreak, store also planned in West Jordan ABC4 Utah",2026-05-06
Walgreens,Komal Agrawal,Drug Retailers,Closing,Essential retailer shuts hundreds of stores as protests grow - thestreet.com,https://news.google.com/rss/articles/CBMipgFBVV95cUxQRlpOMWNBOXUzajUxdFhiY3RSU3gtNzc1Rnc3anNCSlpxVXhuV0J0UjJWVGM5dzhKclhZMEdSQWczOXFrUmxHc0laQU1yclJGYUN1MVpDbXhyQVdKSkJsOThDZ1lYRnhvTjlQZVB4eHQ1T1FuczJUak5aTG51UnFDajB2MlR6YjhXcW9IcjJZb0xBa3JiblplMUUtVmJjakROYVZjVHdn?oc=5,2026-05-05 16:33:17+00:00,Essential retailer shuts hundreds of stores as protests grow thestreet.com,2026-05-06
CVS,Dhiraj Manghani,Drug Retailers,Closing,Essential retailer shuts hundreds of stores as protests grow - thestreet.com,https://news.google.com/rss/articles/CBMipgFBVV95cUxQRlpOMWNBOXUzajUxdFhiY3RSU3gtNzc1Rnc3anNCSlpxVXhuV0J0UjJWVGM5dzhKclhZMEdSQWczOXFrUmxHc0laQU1yclJGYUN1MVpDbXhyQVdKSkJsOThDZ1lYRnhvTjlQZVB4eHQ1T1FuczJUak5aTG51UnFDajB2MlR6YjhXcW9IcjJZb0xBa3JiblplMUUtVmJjakROYVZjVHdn?oc=5,2026-05-05 16:33:17+00:00,Essential retailer shuts hundreds of stores as protests grow thestreet.com,2026-05-06
Rite Aid,Shuvechha Dere,Drug Retailers,Closing,Essential retailer shuts hundreds of stores as protests grow - thestreet.com,https://news.google.com/rss/articles/CBMipgFBVV95cUxQRlpOMWNBOXUzajUxdFhiY3RSU3gtNzc1Rnc3anNCSlpxVXhuV0J0UjJWVGM5dzhKclhZMEdSQWczOXFrUmxHc0laQU1yclJGYUN1MVpDbXhyQVdKSkJsOThDZ1lYRnhvTjlQZVB4eHQ1T1FuczJUak5aTG51UnFDajB2MlR6YjhXcW9IcjJZb0xBa3JiblplMUUtVmJjakROYVZjVHdn?oc=5,2026-05-05 16:33:17+00:00,Essential retailer shuts hundreds of stores as protests grow thestreet.com,2026-05-06
ULTA Beauty,Kashish Kasar,Mass Merchandisers,Opening,Ulta Beauty plans two grand opening activities - KVOE,https://news.google.com/rss/articles/CBMigAFBVV95cUxQZW1GSm1GUWZDSlRrQ2hEcmNqM2lERlNmX21nNEhNVGFENHJvemlKQU9TNUVKaTRJSU9kc1UtYTdkZFBjM0FNNllHQ1R3aWpXODI4bWo4cFQ2TC10MUFoSlFQR0RibjY3VUNtcTFPMUp0d0Uxa29HdlBVTGdpa0ZTSA?oc=5,2026-05-05 16:18:33+00:00,Ulta Beauty plans two grand opening activities KVOE,2026-05-06
Burlington Stores,Ashwin Nair,Mass Merchandisers,Opening,Burlington Opening New Stores In 20 States This Month - AOL.com,https://news.google.com/rss/articles/CBMihgFBVV95cUxPSXUzM1VVNkdhX29QMnNQU0QxZUFTOU9jUXM4TGhfZFpaUGRnNGVhdVpNdmJtZ243MGZBQ2sxOWNZNVhrQUQ3bUo3bFpyQlpTMjNqbDd3aGVCUFYzYW5DcUdrQmRtdENaeVhjdEV0c2JJWWVOQnFTdFQtQ0YwQmZYT2RSaXUxQQ?oc=5,2026-05-05 16:10:39+00:00,Burlington Opening New Stores In 20 States This Month AOL.com,2026-05-06
Walmart,Rahul Vasaya,Mass Merchandisers,Opening,Walmart breaks no-frills mold with new store layout and added staff - MSN,https://news.google.com/rss/articles/CBMi4wJBVV95cUxNUU9qbTVucEhTMWZiYUs4QWg3M3FVYTJFRmktY3Z5aFJOS1hTTHVJaGRfMThOU0phNFVSTXJFU1k1ZUFIOW5tbUxTRW80bVN4SWVEdjBYdU5YQi12bGJkVi1ibnZuZGJPd2NUaVB1RGRfQV9CQ1lLV1FreGpQS3ZTMERFQlZzbldEUnZBa1ZQaTVzVWNuVmp0ZVJyVTU3R09JcklxaHhraTB6aFFWTGdPRnM3YUYtaE5OYTBPR2NOeW9WRFdWN2M0Vk15QlJSTGZmN2lMeGRVenJBbGY4ak5TeDhJZ1Nqd3RZQU52RVQxTGpqd0JMRExuRnNJelAyWGtXMFdwbzl6WmcxY0tHOTZ4OEdHZ3lHQUV0dm9UQ200bnVlLVVSRWJ6OXhCZ1V5cXlrcEtLenJpWkJ3RkhzRVU5czlRbm0yQ3NsSndpd1g4cDE2ZHVGczJSNDlfQUpyTmVLMy1j?oc=5,2026-05-05 16:10:19+00:00,Walmart breaks no-frills mold with new store layout and added staff MSN,2026-05-07
Burlington Stores,Ashwin Nair,Mass Merchandisers,Opening,Popular discount retailer opening 26 stores across 20 states in May: Here’s the list - MLive.com,https://news.google.com/rss/articles/CBMixAFBVV95cUxQSC1VZTJ3aTlSMHpDNHRYeGZOMENxTzJwUk40R1NZcnhyOUprM2IxVmtUMnpkMjRFT0NOSnVkQ2FHTWoybGRBOHdRTmtpOFoyUW1vZ3g2S0NaaFpyVHI1Q0dGdmo0ektVSjIwbHRDYUtPUlBLUnZjN3ROZFFBS01OR1lFN0xBX0tNVmZxaVZuemg3Vnd0cklqbURzNEtUeGdlZm04VTdsN21nTmZtS05PZ1FCOGlxNUxySkwyYVd6UGlyX1hC0gHYAUFVX3lxTE52Ym9BcnZyWEFNTUhvLUwzdnB4SFRNOVlxMkRRRWtWUERoMTBBTl84NlhZT2JfLUpTcjQ0bXNPeEZpcWhLUzVyTDBVNnJiN2ZOQ3hYc3JxWlJWQV9EbGlzZUNXZWg2bDRYY2RvcXJocndnemI4SGQzaWwybjFvSUw4X2l2QXd3a29RWElIN3pINU1DV1lHWUV5clNxemgzN3I3c0RueGFzVlEtTjM5TFNsbS1GaExVSURodEU5V1V2Vkk3T0hnU2FRMVBxa3VoNU5BU00zRFV3Sw?oc=5,2026-05-05 15:46:00+00:00,Popular discount retailer opening 26 stores across 20 states in May: Here’s the list MLive.com,2026-05-06
Walgreens,Komal Agrawal,Drug Retailers,Closing,"Neighbors protest Walgreens closing Chatham store, saying they're taking vital resource - CBS News",https://news.google.com/rss/articles/CBMiwgFBVV95cUxQNDJBM1FBRDY2X2ptTmNnQkZhV20xSVh2aS05Z2lIQVJBLWFTT0JMbjZseFNTSkQzZXVCTnVhdHNiS0sxTEVFNU5vSVQ0Ul9lTEZLYnJCLW91TVYtUWtsdU50SXBvMnhmUVhsU2h3UUhsaXc1OHNuQUZmZ0xydWdmcXptaEs0aTBjdmlYbDlwLV9IdU5IYVZHdFNGV0FPSDJUNUNuaUhybEdrNTdvZkZheVpOc1drOWxjUWZOVDZhZ29idw?oc=5,2026-05-05 15:42:00+00:00,"Neighbors protest Walgreens closing Chatham store, saying they're taking vital resource CBS News",2026-05-06
Burlington Stores,Ashwin Nair,Mass Merchandisers,Opening,Burlington sets May deadline for shoppers as 26 new stores confirmed - the-sun.com,https://news.google.com/rss/articles/CBMijwFBVV95cUxNRW05Q1cwUm4yTElXRmpJUV9CYnhDZDFhdUpjTTVZOUxrVlBDQ1FYMld3VXJWZHZRRTF0ZFJra19wMWc5WTRlVHR4dzVSVUItUXNJSUFPcEJXcGxxbDh6aTFfZ09wMTJiRmQyYWhycWE5WThIeXF2QnZHUHVWVDZZdzAyNUEtMm9oazRwa0tLZw?oc=5,2026-05-05 15:17:59+00:00,Burlington sets May deadline for shoppers as 26 new stores confirmed the-sun.com,2026-05-06
Trader Joe's,Rahul Shinde,Grocery,Opening,Trader Joe’s Second McKinney Location Gets Official Opening Date - Local Profile,https://news.google.com/rss/articles/CBMisgFBVV95cUxPdE91V3AzcFpNQ2dNWWk1b3JDRUxVSWQ2M1FlN3FwNmVlaUlCcmdTWmFhS1JGWjFlclFOd3dsZ09QTWlGMkJLNFY1d2ExRDJiN3B3NTZKNVZrZGgzelo2a1drOWFOVV9NMzZxNFIzZWgyLVZTVXB3eXhWeWlXNFJUZjNha08yb3paLTB2NG5lSTdNbE9HQWdhUUh6Qk1Mb3JQZFRwYkUwNEk5ZFNHcnFkelJR0gG3AUFVX3lxTFBDeFBFRWU1Z0NzaHJHdmU5SENRalh4bkV3R1M1Vmk1V2lCbkJEbktiVlU4amVYTk5PcVdfaUpIb0xmZW1KY1pqZzMtZ3RydW9wSzZzajFIWm91LVlOS2plcndyNFE2WXhXZUxHUGFmcTFGUXdFOE4zQzFXa1kzaTMxYmd5cjhmX1lyT21qRVVxMFM4LVRpZXBiZmVzMkYyUW5wcnVMZ1ZQWDZXVmc3eHVtT0V0N19RMA?oc=5,2026-05-05 15:00:00+00:00,Trader Joe’s Second McKinney Location Gets Official Opening Date Local Profile,2026-05-06
O'Reilly Auto Parts,Bhavesh Phulwani,Mass Merchandisers,Opening,What's that planned by O'Reilly Auto Parts on Thomas St. in Memphis? - MSN,https://news.google.com/rss/articles/CBMi6AJBVV95cUxNSjhTWjgxQmJ5ak9ZVTAtaVJWTmQwVkJ2UUZRZWF0WGdqSEtRV0xhVFp3OWhmSjBscU92LXMwLUdseTVwTVBFanJ0ZVBoZWp5a1hoNFlLbm5EeS1FdkFqWlo0YmdKVnVNUGJwTVI0bFBJN2tEMW41UGpndzc2M19FRGFXVDVsWVp5NWdscEEzRVd3MFphN0xubWp0UlJTeGR6ZlRETXd3Um5tU2lJTGRBX19IbGJIVzBDUXNEYTRYdXZJVDdRUC1TY2ZVaVByLVNTSHNiMXJZOU5IZ0ZDMWsydkN0STFxbGMyOXJVZkdCRFJNc0tpWXdDWWVzcFlVX24xdjRpWllacUg0UFgwMldteU4xWTdXNVZQSVh5YXAzcFoyLXBDcElnZ2dFZkRfQVlRcGVuTExSOS1GQVNmRGlkU2ZVdEZSSEhhZG9nTlE0UWc1Z1o4SC1tZE5RQ3FDelV1MDVIUEdPemM?oc=5,2026-05-05 14:37:30+00:00,What's that planned by O'Reilly Auto Parts on Thomas St. in Memphis? MSN,2026-05-07
Walgreens,Komal Agrawal,Drug Retailers,Closing,Walgreens closing location on North Avenue - TMJ4 News,https://news.google.com/rss/articles/CBMitAFBVV95cUxOYkl1VlBzckp1aWFSTE9uNXJUS0FBQngyRlBGYktmWFl2Ny14VThKWnNJaXRqM3JrTDBjNW04Qy1jblhVNVllTTRYNHdNYTRXX25PeFJBSWNybk1BR0R3cnZnY2EtTWd5YTh1YmNYLUtKSklSWFFYY2lScEdGcWt3eTFIR0pEX05sRUQwUDE0V0NKbG5JTV9UeGZULVZyNlAzZHpCTjZySkZMNENteDFPTkpvdUw?oc=5,2026-05-05 14:23:00+00:00,Walgreens closing location on North Avenue TMJ4 News,2026-05-06
Dollar Tree,Ashwin Nair,Mass Merchandisers,Opening,"Grocery giant dubbed ‘cheaper than Dollar Tree’ to open mega 126,000-square-foot store by May 20 - the-sun.com",https://news.google.com/rss/articles/CBMiigFBVV95cUxNMlYycVY1RXVTR0hUa3hzSnF5NDNhQ05XNThDcll1MWFXenNNdEJ6U0czMVktTkxNTDRMMl9BVHRLWmFWLWdKak8tVDJuWW1qZDE5a0JqYjBwYlcxWEFjV2gwdXc0TWNfQUhwNXZVM3JfbmlHQXpScHJHOVNLX0hOSGx5eU93blJGLWc?oc=5,2026-05-05 14:17:27+00:00,"Grocery giant dubbed ‘cheaper than Dollar Tree’ to open mega 126,000-square-foot store by May 20 the-sun.com",2026-05-06
City Market,Ayushi Chandel,Grocery,Opening,Check Out the 3 New Shopkeepers at NewBo City Market - 98.1 KHAK,https://news.google.com/rss/articles/CBMiW0FVX3lxTFAxOC1kS3hsSTgzQ3VzRUFacWNnZ0VCQTJfMjlaR3dRbi1YZURvWGtHRVlMd290TkNVNzhCVGNST3NwSkdGRVh1dm5TS3I4aFhIbkdHcmhHLWpwTmM?oc=5,2026-05-05 13:47:05+00:00,Check Out the 3 New Shopkeepers at NewBo City Market 98.1 KHAK,2026-05-06
Barnes and Noble,Ashwin Nair,Mass Merchandisers,Opening,Barnes & Noble returns to downtown Seattle with May grand opening - MSN,https://news.google.com/rss/articles/CBMi5wJBVV95cUxNLXRvZXhBQllIQmFYdjdjRUREbVBkOXUtdFNuVEY5RFFCVGRPMFlIQVNxVXNUZkFmUDlQZ0dCSmtkOHVnNDV5bDl2b1FOc21hVGJsMEIzOUdIc1RoeERvNklzMm90aS02eEplZ2pVNDBvZjZCbTVRYkdxV0hnUlV4OVZHcTZuMi1xRTRYak5nUzAyeDdtWVJPX1p5WURIVUJRbDJISldmSVFoeldqTTJISHdiak5FZWlvNkRBSUNtc0pwU1dDWVhmeE5Scl9vYTBOR3c3ZDdIZTZOdnlBaTRZMWRpUHBnd3plZjdybi0xY0xsTXpNX01xUHBsVDhSN2RYeWJpUlZFbThXUl8tN2hDak5YTG5RenBydDdUWGh3NXYyejJmNkhIV2NuaTJ3cEwzZHVxa3pEM3kzX005ai1aS1V6bENWSVl4VzdKX0pfWGVhUDlhakdwMFVHR05CSGVmQmtTekY0UQ?oc=5,2026-05-05 13:00:28+00:00,Barnes & Noble returns to downtown Seattle with May grand opening MSN,2026-05-06
Burlington Stores,Ashwin Nair,Mass Merchandisers,Opening,Burlington is opening new stores in NY. Here’s where and when - Democrat and Chronicle,https://news.google.com/rss/articles/CBMiyAFBVV95cUxNc3NqalFDOC1EV185MjdNU3lTWGRfeTM0ME54MzhYbUt3TkF4UXpjTEdFRXFrbGhuRHBGSklhS0VpX083ZFRsLUg4Wm9IQ3JhOVpmNGpQSWMtTWhzRVdqc1JKYVpXYUFjRkJyU0NwYl9Gd0phOGVnZXotNTBQblQxRXotaXNDQWkteHd2Y2t0N3VfM0hNTlcwejJJdnFKbF9MclRKVFpUR0l4ZGRta1Fscnd1WXdvNThzTkoybmt5bFpOTW1NbVRLNw?oc=5,2026-05-05 12:37:00+00:00,Burlington is opening new stores in NY. Here’s where and when Democrat and Chronicle,2026-05-06
Kroger,Moksh Kashyap,Grocery,Closing,"Kroger Laying Off 1,000 Workers and Closing 39 Locations. Here’s the Full List - MSN",https://news.google.com/rss/articles/CBMi5gFBVV95cUxPdG1YSWxSbG53Q2NyMFNFNDFxSjR2bmZqUFFkXzZJYXZ5aVpNSHFseXI3Zk5tTktQYmpieUk2NEVuV0VMYmRjZkFUWThPWWVrWFRyRWlqMEdGNndaS0ppRmFYSm1NbThmVDNNMjgxdklsNzFremhxNTItdEpVMFd1VjVOVEp1a2dfR0FOODN2VExMU1dvV1kxOFVsTlZtYlk5cGZVeE5ack8wdjdUcERROEtLZUdYeE1kTlIzRmItZEVSS0djN2JRTFBhRGgtdlVQTHd0WUdsSF9UM3N2dXM2UXhJaC1ZQQ?oc=5,2026-05-05 10:41:29+00:00,"Kroger Laying Off 1,000 Workers and Closing 39 Locations. Here’s the Full List MSN",2026-05-07
Trader Joe's,Rahul Shinde,Grocery,Closing,'The busiest Trader Joe’s in the world' is shutting down for several months for 'major renovations' - MSN,https://news.google.com/rss/articles/CBMi7wJBVV95cUxOMlZrMFpNNmw2bERVZ3R3OVM3clN0V0NIRHc4bzIyZjR3cHVPclRoVXRnUm1oLTg2ZjVLSEhybTB1MF9FYlQ1VEhVYkNnWXZ2VnQtUW5YWkNrb3BmcmdYSWpqZzNwWm9BMHYwUFpUQm1nc2VLR0ZTQmpMek03RXBUVjlGUnV1T2NVNDFmb0EyLTZYRU5MYkRaNnNIRk13cmMzdzAwcUtNYTRELXh3cDVnZmJ0ZEtVUTJFSGZaMjFfV2d6RXljOWdZMDdVRVFTNmRuZmphLU03bEhoblFQcTRXNGR4cm1GZXBnVElaRHozRW5NYUo5bTRycloxdTVXSzg4SFVyM0RSMUEtXzJNSlZYZGdUVVJKME1NRWk1UEZnLU5LdmpSejNzM3JmTkZzMmwtV0d1U1NidlpkektzTk16ckZBQzBOVnlKdzM5WUZVRUlmT25IWGZHcXk0RjB1NEdVcGtQajZvNnM2MjVIVU93?oc=5,2026-05-05 00:44:14+00:00,'The busiest Trader Joe’s in the world' is shutting down for several months for 'major renovations' MSN,2026-05-06
Trader Joe's,Rahul Shinde,Grocery,Opening,"Trader Joe’s to open new Mansfield store, adding third Tarrant County location - CBS News",https://news.google.com/rss/articles/CBMiswFBVV95cUxQSWZfc2V2aldHTllfNjhXeHJLVS1nVmZBQTNCVGU1WjBGMHFIMHlFWU12UjhSeEFkRUhleEZNRmlqWF9nNmJYQVpUbHlUN3oxVHVqS0ZnLUlSUzZrWGp5LVpJNmFJS1J2anhYQkNjdGNCVE4wOUZHYVpEQ3dHWlVPNnRJOEFONzAxUzdqSWNtY3VENi1oa211OFRBSEtPSU5lVEZWYzVwYkpNcHpiLWpKSC1HYw?oc=5,2026-05-04 23:50:21+00:00,"Trader Joe’s to open new Mansfield store, adding third Tarrant County location CBS News",2026-05-06
Walgreens,Komal Agrawal,Drug Retailers,Closing,Walgreens closing 27th & North Milwaukee location June 23rd - WTMJ,https://news.google.com/rss/articles/CBMilgFBVV95cUxPQTRxeExDUlpoWWJnN2F2NmxhM3pCZmp1bG5Gdl93emFKS0cxWlBtMVZZaFNxQUYzYldyYTdVZXhvcFhsTl9tQkFOdzhWanV0RXd6NkZqQ1pJVzZXYktJTm52NWhxblZQVVA1WGZaaUw1VFFpVzlUR25YZXcwRUkwM3pkdE5WTnk0ZmlVOGt0TWZlNTk1a0E?oc=5,2026-05-04 23:36:29+00:00,Walgreens closing 27th & North Milwaukee location June 23rd WTMJ,2026-05-05
Walgreens,Komal Agrawal,Drug Retailers,Closing,"Walgreens is shutting down this Milwaukee store due to ""safety concerns"" - WISN",https://news.google.com/rss/articles/CBMirAFBVV95cUxNaDhkd3lwdGRfWHJUYzlMSGZvcDZ2X2ExMmFOQTBCVVFxcmwtMHRpaENwdmhNcDdEZnhwWUV0RXh4N0pqVmxhMUZlZi1hMVNxX2NYUnp4RGJHS0tIRVRLZl9EZHNEbDB0SFFfVWpzNDhfdXVpR0pJMnZzQ21pS20zWmhzc1NDWHRLMjFlWElKTDBneGNQcmJSRXA1LUR3dGlhcW1fX2l5U1pyak83?oc=5,2026-05-04 23:06:00+00:00,"Walgreens is shutting down this Milwaukee store due to ""safety concerns"" WISN",2026-05-05
Burlington Stores,Ashwin Nair,Mass Merchandisers,Opening,Burlington opening 26 new US locations in May. Here's where - USA Today,https://news.google.com/rss/articles/CBMimgFBVV95cUxPR2MtMkp1ZndORk15ODF1ZFFrS2p0UXBJX1dmaWVCekJ2eVdJcHpETjI0Mkk4TlFnd0oyenQ3V2p1QS1NZGl5TDExZEs2NXRhSWRLT1Q1TklBNmZvWUttVkY1UmRXcFlNMzg3dDdaaTlLcmdKSVhwVVVtLWs0MVJ5MGdpTmpaMWVHRWNkMTZKVXo5WXRtUUZqNlFB?oc=5,2026-05-04 22:27:00+00:00,Burlington opening 26 new US locations in May. Here's where USA Today,2026-05-05
Trader Joe's,Rahul Shinde,Grocery,Opening,A new Trader Joe’s is coming to this fast-growing Fort Worth suburb - Fort Worth Star-Telegram,https://news.google.com/rss/articles/CBMiggFBVV95cUxNdml2V1l1N2ZtaFFhd3BqNXgyQ3lmSWdUOFY0bjJlM3V0TU9tWFNqMHZXcDIzNE05ZHNSRHBDVERFZ2FaU2EwQ2dFYTgyanpLdTJaUjFhcG9STng0WlBZaEdjU2N5Q0Y4UmlOZFVtUXBlaTBsU1dsMERwb1R2bGowQ01R?oc=5,2026-05-04 22:18:00+00:00,A new Trader Joe’s is coming to this fast-growing Fort Worth suburb Fort Worth Star-Telegram,2026-05-05
Walgreens,Komal Agrawal,Drug Retailers,Closing,"Walgreens closing Chatham location, citing theft and violence - NBC 5 Chicago",https://news.google.com/rss/articles/CBMiswFBVV95cUxOSzBjNFBkX3YxLUtLSEV6bkdPZHNOTUJfZUN6WDNQN3ZpTDRTZWtwSk1ONHpYQ0hLdHdtUGlxdzJyOWR4ODdmZXRGelJlZVp0dHZUT0NkbVFrODhZcjhGV01UZ08yYm12d0ZERDFlYTI2S3dMdUdwYmRRQjlmNHZTU1dLN2RjUV9RQ2Z4ZlN6R2hFQlhrY3JMN2RwQVJSVjJGTXB6S0FFeGtiNmVRdUloNGxyUdIBuwFBVV95cUxNYVhGa1Y3VUhPYlczNFVMRlpqWTFaYWZjb0lSN1V2UVUzR0x5REdfeHh0T181RWxtLUlYeDI0UWxFN0FUSGNvSHNnaW51M0JfMFUzMkRINWFJUEJvcHdQeFBhQVFHUmY0ODZqOVd0VUsxQ0NSOWY4UmlwMFRUWEgyT3JOYVFrSW5ickZiVGp5YU5GdWpTWVRuOUR2aS0tdHAxOUhzT01icC1US0NUODkxbV82ZzBYRE02eHR3?oc=5,2026-05-04 21:16:11+00:00,"Walgreens closing Chatham location, citing theft and violence NBC 5 Chicago",2026-05-05
Walgreens,Komal Agrawal,Drug Retailers,Closing,Walgreens to close Midtown store on Milwaukee’s North Avenue - Milwaukee Journal Sentinel,https://news.google.com/rss/articles/CBMi5AFBVV95cUxPbkpPV0U5UENNWHFRSVMxVjR2cGhMZE12N2ZzeXkyVUp0VGltT1dKX0RkOUMtNXdIbGdXWFl0RmxkSmlCdUJlQllVdkVOb2tkOTdWRlhzZ2IzUENUM0RNcmNaSWdoQ1M2d3RlWEdzLXJBZkdQbWZodE9NUy1qci0yZXBzOVM3NWMwZjRDd1IzQXhRTk1FVUczRDNQdHNNY19SRXFSQWp2MkZiZm9uVUw0ak1PYnhCYlh2QmpuSGJPRkx4NXVEMmxaVDJDbXNWelMwNWgtcUNCbDBzSFdYcHJxTWxOVnQ?oc=5,2026-05-04 21:11:00+00:00,Walgreens to close Midtown store on Milwaukee’s North Avenue Milwaukee Journal Sentinel,2026-05-06
Trader Joe's,Rahul Shinde,Grocery,Opening,"West Palm Beach to welcome Trader Joe's, new photos, video of store - The Palm Beach Post",https://news.google.com/rss/articles/CBMiyAFBVV95cUxPSG5LTkRaQjcyVF9rOE9EVnJOMWsydEVrRkhaOGk5UXlKVUN6dm84RWJySTNtbF9wZFhoQ013cVl6S1F2bERuYmxZYW1JRWdsTG55WFJNZ1U2YnJaU3VZd0MwQkx5TGNkaHVHLTdPRlNNdThNbXNNbVZRdFFkMDc0Rm9ibzdHeWdJZEF0bWM4TGlCektCU3hULW1nQjAwN3M5R1Rpak1vck9lSExJUkpMVTNLXzVJZ1NRcFJESTdydVR2NWg3dDUyZA?oc=5,2026-05-04 21:07:00+00:00,"West Palm Beach to welcome Trader Joe's, new photos, video of store The Palm Beach Post",2026-05-05
Academy Sports + Outdoors,Ashwin Nair,Mass Merchandisers,Closing,Academy Sports prices $500M debt deal to repay loans and 2027 notes - Stock Titan,https://news.google.com/rss/articles/CBMiswFBVV95cUxQdlY1SDF4TzlCZS1Zc0NyWmE1WVZLdXd0cTRya3gyRDZBaUtwbHZLWjF2QXFGOVJoSllud09HTEFseHhaUjRfbXlaVDIxYnlJa3YwUUJfYi1DQ29LOERmR3dTenRWOE9hc0JCck1keUNaNkdKek1yLTNYa21OaVl6d2hpR0ljY3J6Rmx2M0tPODFNSURLMkp6SDhKbldxMEMyZmdzZzY1ejNWMlk4ODVyOERhcw?oc=5,2026-05-04 20:57:46+00:00,Academy Sports prices $500M debt deal to repay loans and 2027 notes Stock Titan,2026-05-05
Academy Sports + Outdoors,Ashwin Nair,Mass Merchandisers,Closing,Academy Sports + Outdoors Announces Pricing of Senior Secured Notes - Yahoo Finance Singapore,https://news.google.com/rss/articles/CBMilAFBVV95cUxQRHB6dzRrRS0zVGVCb1JRVTk3WUllcE44LUdIMDFZYU1rMlppY2czemFiSnowd25KVzdwbzdjZlFRSGtnRm5pZEprQ2w0U1otUV85VGhTQzlzcWVOU01XVDgweUxtTW1WVzRsbXJBaEJjWWFFZE03T3luYUxlY1RFQWdCd2ZOU2pyVXp1X1ZmLXZnUy00?oc=5,2026-05-04 20:54:00+00:00,Academy Sports + Outdoors Announces Pricing of Senior Secured Notes Yahoo Finance Singapore,2026-05-05
Walgreens,Komal Agrawal,Drug Retailers,Closing,Walgreens to close Chatham location amid theft and violence concerns - NBC 5 Chicago,https://news.google.com/rss/articles/CBMitgFBVV95cUxONmlaeC1pVjJTaVREa1JybUVYaEwtQzNOUTNVb0RPRVg2cFdrS3VXWHVscnFfNzZZWG95UWNveS1tdVBBLUQ2VmpOcnB1M1gxdURmRjlKeklNU3ZaNEZGeUZiNXc1MWtYZGkwbDNuREpheHJKZ0RlOEJHazJWQ2xzWk5QMVZtRWlLb1NPTEJ0Wk1zbDhBdmhxWGNKWlhtMUNxOTFTS0l1dzRIZW5TSk1XRGxqZzMtQdIBvgFBVV95cUxPWjZYU2JwUS1BSGpialpuaGJyNmgtVXJraHByYjRFUVd1VTBWNFluOWJWMUw4TUx4by0yX2NVVGRUZlhvNkxoRkxpNUxoY3h0d2psRHlrRi1oSXVhYllHaWRaSjZkMXk1Ml9aclV3Y0tpS2cyYWtYQUIwdTRqUHltYWE3UGY3WXhMOGVPYTBDeHZHbVRYMmxTM1pybWZscjlPZkFKYnN5QlZVQUlPOU1ldTJSYTN6NFZnSVU1OUJB?oc=5,2026-05-04 20:36:12+00:00,Walgreens to close Chatham location amid theft and violence concerns NBC 5 Chicago,2026-05-06
BJ's Wholesale Club,Ashwin Nair,Mass Merchandisers,Opening,BJ’s Wholesale Club eyes second Texas location - Drug Store News,https://news.google.com/rss/articles/CBMie0FVX3lxTFBXOEVjNUNzRjJYX0RRRDJOX0tHUmxZYVlBeEVBWVBjdWp2c2tCWkpfVm9CRG9JYzFicWV0ZkZab09iVlF3amx6Q05mNzBIOGR5SjBDV1lyYTViOEZ4SVZNa2l4bkRfQWpyajNQSFlZeWRKR3hFVjlXZEJvcw?oc=5,2026-05-04 18:54:22+00:00,BJ’s Wholesale Club eyes second Texas location Drug Store News,2026-05-05
ARCO,Harsimranjeet Singh Ghelani,Convenience Stores / Distributors,Closing,"Arcos Dorados (ARCO) director has 4,988 Phantom RSUs vest and settle in cash - Stock Titan",https://news.google.com/rss/articles/CBMivAFBVV95cUxOWjFsZmhySDlKM0swTDNIQTFrX2c0cXJZbVRqT0oxcU1GUUQtLUZKdmhsNzlhd0hNY2dxa2pya2hUbWp2bGZhQmRqZll3RzM0VU1DYWRLcGJqWlExSk9hT2ZxazBoUnJPRG5nUzJPTHo3cWV4SmZPaXZwbU9fY3pSemdoZ1J2U2dRVmF6OTk1LUZCQk1GVjFRdkdJS3lJOHo0R29TVnc4aW4yZGJtWDM0UnZ6YU9jcEdOOXJfYQ?oc=5,2026-05-04 17:52:48+00:00,"Arcos Dorados (ARCO) director has 4,988 Phantom RSUs vest and settle in cash Stock Titan",2026-05-06
T.J. Maxx,Dhiraj Manghani,Mass Merchandisers,Opening,TJ Maxx confirms date for sprawling new store after sitting empty for years - the-sun.com,https://news.google.com/rss/articles/CBMimwFBVV95cUxQZDVDMjFYbC1wckpKa1RnaVNVcE1TUmxGcXFfeFR3Vy0zcVczRC1IQ1UyajZraWFnNi0ydU5fRklEOG1mdWl6ZFN5anZxNDRwQURlZVVCV09xZ2x4Y0RMN18wTXlHekp0UWlVZmxqRDBOanRCN0tJd2hqWFZCX0dtNFktUllwUWJnTEZXakwyRUkwX19Vcko4TjMzOA?oc=5,2026-05-04 17:47:32+00:00,TJ Maxx confirms date for sprawling new store after sitting empty for years the-sun.com,2026-05-05
ARCO,Harsimranjeet Singh Ghelani,Convenience Stores / Distributors,Closing,"Director at Arcos Dorados (ARCO) cash-settles 4,988 phantom RSUs - Stock Titan",https://news.google.com/rss/articles/CBMivAFBVV95cUxQcVB6enBnRlVxdzdqbHZEUFVINTNzOEpuQ1BCVlNQU3c5OUwyNmxpNjkwTHdoeVZGTjJGTVF0SWhMdHFuTU44NE9ITEJlRzAtMTZVbkExNGZ4cXJuQnZkYlRXTGxWenpnYlJtai1QdmVqeU5vUW9SNUk1ZWg4c3NnM2RQOUxuVjlYVDE4TjN5TVhTUDFGUjl2Z1hfU1l0YlR0WXFyRnlaZjdpazdhXzdYTkd5MFRMTnRvNnF1bQ?oc=5,2026-05-04 17:42:37+00:00,"Director at Arcos Dorados (ARCO) cash-settles 4,988 phantom RSUs Stock Titan",2026-05-05
Chick-fil-a,Rahul Vasaya,Restaurants,Opening,"Chick-Fil-A in Lawrenceville, NJ Giving Community Heroes Free Food This Week - 94.5 PST",https://news.google.com/rss/articles/CBMicEFVX3lxTE5QYmtRNDNQUU9nUERZWTBkWWF1ZTk3emZCWGVyNUVsSXg2d3EyeGRiby1rbi1xUmxkaERRYkVWWFNLNnJ5N3pWeXc2S2hWejJtT2NqTmVnR19hdzBFcVpTUWFldENaeU5mbVFlaUtzc0o?oc=5,2026-05-04 17:15:31+00:00,"Chick-Fil-A in Lawrenceville, NJ Giving Community Heroes Free Food This Week 94.5 PST",2026-05-05
Whole Foods Market,Rahul Shinde,Grocery,Opening,Whole Foods Market plans new store near Lakewood Ranch - The Business Journals,https://news.google.com/rss/articles/CBMijwFBVV95cUxPb1hzbXlxWGtpSTBfUmhyczdueXpnMFRWalk1dEI3VkxJMWxZNm9kU1YxTVR4WmpKbWlQXzNVSHFkSkFlQnAxemRUeWpKTEhYX0hxZFRRVGtTQktOX0ZOenR4ZllqQTlLVzZQNFFySG5UaUlOZUFNbGVWdmpmVG1LWDhYelNaNXh2UkNBZl9YZw?oc=5,2026-05-04 16:44:00+00:00,Whole Foods Market plans new store near Lakewood Ranch The Business Journals,2026-05-05
Pilot Travel Centers,Kabeer Pandya,Convenience Stores / Distributors,Opening,"Pilot’s QSRs and mobile ordering now open, available around the clock - CSP Daily News",https://news.google.com/rss/articles/CBMiogFBVV95cUxNU2dHQ2dWajRENGI3dVFtVXBUcUZuVlFsZVZJbUFrWENYUGRQbzYtNmhsSzl2RlUxS3R3Ml90dEVEMUI0QW04TGo4OGFybFZ5b2kteURZNEJnSTgweXpyRnNFa21pampBQWZmS0lGSzQ4VmYzbXBiX0ZCWjFvTzhFU01oUmdVRUhtZ3c5Z1FxaGxIclktZkxyT2lpTjlHSklBSUE?oc=5,2026-05-04 16:36:26+00:00,"Pilot’s QSRs and mobile ordering now open, available around the clock CSP Daily News",2026-05-05
Pilot Travel Centers,Kabeer Pandya,Convenience Stores / Distributors,Opening,"Pilot’s QSRs and mobile ordering now open, available around the clock - CSP Daily News",https://news.google.com/rss/articles/CBMinAFBVV95cUxNamZXQkl0VEQ0VUhDQ1Y0cExscFdLTVVaa2JncWZlTFRHc1RYWnZ2QkIzMVpfNlNRQk1URHViZDlEQUdqT1g2cWlvSG82Szg0dU5oZHVUXzI4endTX3htRUE3ZkY2TG9GaU9UcFJ2TmVjUHI1TWRRWng4c2JfYzloa3ZORldaOUtnVG5xdnBGTXZ6d3p5MXhzTUdKYng?oc=5,2026-05-04 16:36:26+00:00,"Pilot’s QSRs and mobile ordering now open, available around the clock CSP Daily News",2026-05-06
Walgreens,Komal Agrawal,Drug Retailers,Closing,"Walgreens Closing Chatham Store At 86th And Cottage Grove Due To Violence, Theft - Patch",https://news.google.com/rss/articles/CBMiqgFBVV95cUxNUF8xTUdqUDhha21lWUFrUm1zRDRPQlRuYlpyd0N5bl8zQnl3cllDaFp2RzZBM3pRWHZ1YklhWVJPdU51WXBvXzQ2VWJpTTVkSGpDMFEyRGpqeFV4QnJsQWRydWlQeUdnYnY4R3dfWlFCaDVfOHVsZ1FFelRjd1o3UGRYZjVRUGpWWlF2dEFGNjg5YzZZYVByVlNzYWItTENxU0RzdVdXRHpmdw?oc=5,2026-05-04 16:19:55+00:00,"Walgreens Closing Chatham Store At 86th And Cottage Grove Due To Violence, Theft Patch",2026-05-05
Costco Wholesale Corp.,Ashwin Nair,Mass Merchandisers,Opening,Construction starts soon on Costco's first Milwaukee County store after land deal - The Business Journals,https://news.google.com/rss/articles/CBMiqAFBVV95cUxNbHRLb3l6Rkh6ek9HcTZ4NDVvSnJsQTN6X0FHOG51RGFXUjlHekRzMEJRZmlXS2lkSXRjMGwxaVF5VmE0WktoV3U0Wi1vT2JwSWpNS1MwWlRaaFlGQlh1Mm1SSnZpUGQxcnJidmR3UERrVnJPcUMwWjEwTGR5bWZ3a0hla2U0anY3Wk1wU1MwR2pqWmE5QmJGVXhhMTRHZU1sSXc4eWRFSlc?oc=5,2026-05-04 15:41:00+00:00,Construction starts soon on Costco's first Milwaukee County store after land deal The Business Journals,2026-05-06
Costco Wholesale Corp.,Ashwin Nair,Mass Merchandisers,Opening,Costco closes on land purchase in Franklin for new store - The Business Journals,https://news.google.com/rss/articles/CBMiqAFBVV95cUxNbHRLb3l6Rkh6ek9HcTZ4NDVvSnJsQTN6X0FHOG51RGFXUjlHekRzMEJRZmlXS2lkSXRjMGwxaVF5VmE0WktoV3U0Wi1vT2JwSWpNS1MwWlRaaFlGQlh1Mm1SSnZpUGQxcnJidmR3UERrVnJPcUMwWjEwTGR5bWZ3a0hla2U0anY3Wk1wU1MwR2pqWmE5QmJGVXhhMTRHZU1sSXc4eWRFSlc?oc=5,2026-05-04 15:41:00+00:00,Costco closes on land purchase in Franklin for new store The Business Journals,2026-05-05
Popeyes Louisiana Kitchen,Kabeer Pandya,Restaurants,Closing,Clucked out: National restaurant chain bows out of the Cicero Chicken War - Syracuse.com,https://news.google.com/rss/articles/CBMitgFBVV95cUxPNmZGNkFkVzNJdkxlZGxmaFYwRldPLWgzS0pPVWpfaExvWDUyeFlUT1dEeDI3eVZQdmNIRVk2TWpFQzhYVy1HcEFva1JBeTU3aHNMcnV2NnBwbU1HRFpjQXN0MlhvNElrUWFVWGdRdHJEYUJJZm5zbXhoSkdJMFNOakR4WGNGbWR0Snp3UXhuVFI0ZWJORy1uVXVjR2cyZ1hLNzI3M3cxbVJELU5LNUpwV1V2WXV1Z9IBygFBVV95cUxPdU9CQzM3ZmVMQzdMMGZEMnVDQzBXdXZ0bF9md2tDcDJGNzEzMWl3dkl4S0g1a0F2REpNOHdyRnpnTHI2QVJ4QWlST0VSSjQyYzBvMThfaDJHZlotMHpwaks4Tmx3MDBMS2Rkd3F2emhXeTR1TUZTaXkzd2kzVzh4UVpZVHdWallsQlNMTkNvMUZJd2dCWjRxYVR1WmVzMjhRbTlBRE5PdGhtdzllNGIxbTJuZmV3YUFDUEZTVW1YVDBuOV9xb19uWXVR?oc=5,2026-05-04 15:37:00+00:00,Clucked out: National restaurant chain bows out of the Cicero Chicken War Syracuse.com,2026-05-05
Joe V's Smart Shop,Moksh Kashyap,Grocery,Closing,Schnucks closing another small-format store - Grocery Dive,https://news.google.com/rss/articles/CBMijAFBVV95cUxPTndLNzVYb2NJYU83LVkyQmZmZnFQN1Y5OGpHUmtQOV9WN3ZQMWlOSjN4R1ZHcHdLY0JocVNfOVR6b3RCTWlUUlEybFZFajVrc2J3aEZjQnJZSGdCanFmWV92YXZOY2R5dUxtSW5WTVhvNTd0MGF1VC1BSjlpR25ZejJWaXZYZkZURWlYQQ?oc=5,2026-05-04 15:14:46+00:00,Schnucks closing another small-format store Grocery Dive,2026-05-05
Schnucks,Ankit Rawat,Grocery,Closing,Schnucks closing another small-format store - Grocery Dive,https://news.google.com/rss/articles/CBMijAFBVV95cUxPTndLNzVYb2NJYU83LVkyQmZmZnFQN1Y5OGpHUmtQOV9WN3ZQMWlOSjN4R1ZHcHdLY0JocVNfOVR6b3RCTWlUUlEybFZFajVrc2J3aEZjQnJZSGdCanFmWV92YXZOY2R5dUxtSW5WTVhvNTd0MGF1VC1BSjlpR25ZejJWaXZYZkZURWlYQQ?oc=5,2026-05-04 15:14:46+00:00,Schnucks closing another small-format store Grocery Dive,2026-05-05
Dunkin',Kabeer Pandya,Restaurants,Opening,"Dunkin’ to open at Mill Run this week, offer first guests free coffee - Yahoo",https://news.google.com/rss/articles/CBMiggFBVV95cUxNU3JKTmN1dW5tWDVFbW5za0dfMURwQ1VHWkRCR0FjTml1Q0hCM3dkX2Z3cGltdmJHUTRrY0VmeVk5dmJOQmk1RTk2Z21leFhVdTBZbUtHUTBrenNSeE81QkU2RmFpLU5pWndPdkpTRi16QnA1V25sS0lmOC1nYlhFWTV3?oc=5,2026-05-04 15:00:00+00:00,"Dunkin’ to open at Mill Run this week, offer first guests free coffee Yahoo",2026-05-06
Trader Joe's,Rahul Shinde,Grocery,Closing,'World's busiest' Trader Joe's to shut down for months - what to know - Daily Express US,https://news.google.com/rss/articles/CBMijwFBVV95cUxPVUtGNzZlY0t2R2lBdnlvUGYwRHcySkhvanlYNC1zWTlhMTltaUk1Wk1GM0Y0bC11ZFJ6d2paR3hmRHloVUxxZGdMeDhZeVFnQjlVazVZODU1TW1YN0hPeDRGYTZXQ0M1djh0Y2pxUi1NdUkzaWV4M3NPcE9DMlE4X2pIOS0telVsLWI5RHFNb9IBlAFBVV95cUxOT2trQ1lYcm1JdjlJaWpheVJKenpjWE94RWlpcEcwNE4zd3R4NE9reG9mZTRrRkcwOUtXWkYyT01LcjA1X0NabjEzeXZNT2EzUkdFdGZ6MDRIZlpvcnJkOWl5ZnhCSGNyRFlZTGxYV1N4b0lzUEcxV05STHU2Zkp2amt0b0pwM2tIUlctQWVTaTIwb1hj?oc=5,2026-05-04 14:41:30+00:00,'World's busiest' Trader Joe's to shut down for months - what to know Daily Express US,2026-05-05
Trader Joe's,Rahul Shinde,Grocery,Closing,'World's busiest' Trader Joe's to shut down for months - what to know - Daily Express US,https://news.google.com/rss/articles/CBMilAFBVV95cUxOT2trQ1lYcm1JdjlJaWpheVJKenpjWE94RWlpcEcwNE4zd3R4NE9reG9mZTRrRkcwOUtXWkYyT01LcjA1X0NabjEzeXZNT2EzUkdFdGZ6MDRIZlpvcnJkOWl5ZnhCSGNyRFlZTGxYV1N4b0lzUEcxV05STHU2Zkp2amt0b0pwM2tIUlctQWVTaTIwb1hj0gGUAUFVX3lxTE5Pa2tDWVhybUl2OUlpamF5Ukp6emNYT3hFaWlwRzA0TjN3dHg0T2t4b2ZlNGtGRzA5S1daRjJPTUtyMDVfQ1puMTN5dk1PYTNSR0V0ZnowNEhmWm9ycmQ5aXlmeEJIY3JEWVlMbFhXU3hvSXNQRzFXTlJMdTZmSnZqa3RvSnAza0hSVy1BZVNpMjBvWGM?oc=5,2026-05-04 14:41:30+00:00,'World's busiest' Trader Joe's to shut down for months - what to know Daily Express US,2026-05-06
Walgreens,Komal Agrawal,Drug Retailers,Closing,"Walgreens closing Chatham store due to violence, theft - CBS News",https://news.google.com/rss/articles/CBMilwFBVV95cUxOcUNwX1cwT0VSU0JzUkowNVJudEo2N1hGUG42dFFMV3VtMk1mRHJyUDZJZG5vd2lqM05RU3FxaXBJUlFudjcxdktWTF9TUlFzU1BaMEJnemhtRmplWDNGdE1aY2dyMENfUksyQXptalFxYU5qRGx3cWVZa1h0WFB6SXVmMHdsSGZnSFU0Z0F4T0JUUG9lXzB3?oc=5,2026-05-04 14:36:00+00:00,"Walgreens closing Chatham store due to violence, theft CBS News",2026-05-05
Walgreens,Komal Agrawal,Drug Retailers,Closing,"Walgreens closing Chatham store at 86th and Cottage Grove due to violence, theft - CBS News",https://news.google.com/rss/articles/CBMilgFBVV95cUxNeDFkLUZrY216MnJhRVE5TEQwOW5mOWZfbG11NktaMFJUNzB4UVZTSVB4RGdqeFpEOC1samFoQ0xtOEwtbFlLeTRJRjgxY0dJNmdvYS1IbkwzaVMzVF9lOHNFMWczLVRIMmlfUlVfU1Y0OWItb1ZfdmFXOGpZd3V3OFkyNmpFQWwyckRqajFvODdIeTF1d0E?oc=5,2026-05-04 13:48:00+00:00,"Walgreens closing Chatham store at 86th and Cottage Grove due to violence, theft CBS News",2026-05-05
Walgreens,Komal Agrawal,Drug Retailers,Closing,"Walgreens 86th and Cottage Grove: Leaders speak out ahead of Chatham, Chicago Walgreens pharmacy closing - ABC7 Chicago",https://news.google.com/rss/articles/CBMiwAFBVV95cUxNTDJhQ0JHbXlxcURXNVl1Mk9RSlJSOHh6NjNpdlNsSEhLc0N2cGl4V1FlaHRXZGJYVS11NE1oOTJEb0U0Ynp6Q2x3Rmtpc0phb08yUFhoYzlsdUlDU1B0MkM5ckYtOXJPdXdjaDctaXRDeXZQdlBFRjIzSTA5ZlViN21aWG9CUnRQdUNQVmRKVjdVUURnVXBtS1dIUGFIVTRmMnQxejVkRGpleEdqUFdTN3NUUXdjc2l6S2F1ZFRYaGPSAcYBQVVfeXFMTkw2SGw1TkNBdFd0aU9hTmhPeE9JUTBKbEY5OXRsZWxtOVdxSVVkY1ZMYmYwU3ptc3RHbzNXX3R4R3pobWxhYkRwdjlGMk9PRXJrNENyS1A1YXdnNVlGNWtoZVcxUzB2M1RtRzE5ZWFYYkU4cjVMTUduLXVzNmE0Zm9VT1hXeEstMGZVenltTU5oODNLUElPRnlULUNrN0NldXFITGxhdkZJR2JCY1pxU0hnMEVELTNVWTNMSHhQTEk0bU5rWXdR?oc=5,2026-05-04 13:46:58+00:00,"Walgreens 86th and Cottage Grove: Leaders speak out ahead of Chatham, Chicago Walgreens pharmacy closing ABC7 Chicago",2026-05-05
Trader Joe's,Rahul Shinde,Grocery,Opening,Notoriously secretive Trader Joe’s confirms plans for new store near Daybreak - Building Salt Lake,https://news.google.com/rss/articles/CBMiqgFBVV95cUxPYVctZUF4RmMwbzdYN200TUs5RUxYdUpjdjJES2VIZERUMEtkUjU0TGpLMmQ0VnRRaXVYZ1BLN2FUekVyT2dlOTJYNzhFOXNfTDAwZVhQTUE5eHE0TUY3RmtiQ21zeHp0UWRpUHJaUVZVbVZpOUQ1S28yR0k3MGFEa09sR0diQmdYRlBLNUsxeXc0MUhMUFJzUUZpdG5VSmRuV1ZvdkVtcUxRZw?oc=5,2026-05-04 13:15:14+00:00,Notoriously secretive Trader Joe’s confirms plans for new store near Daybreak Building Salt Lake,2026-05-05
Dick's Sporting Goods,Ashwin Nair,Mass Merchandisers,Opening,8 things to know: Former Bed Bath & Beyond in Towson gets new tenant - The Business Journals,https://news.google.com/rss/articles/CBMirgFBVV95cUxNTUMxeUs2VEFySVhmbGN5MU5yQmFkeHN1YjktdURCVEFNSWdLYmhaczV3U0pfdk42OUV0b2hBblowYXFxUFYzM3pEZDdrZFdSTFNjemhLWXk4aGN2dEtwQjhsTG5wUzJhVWFGX2MyQTd5M0RfZVRfdTV0WlZmb2ZlUTJENFo3T3hUYzZ5T3hWM2JmNEVOZTd3QlBHOHlZdWk4SERKMktMWFd3enIzc2c?oc=5,2026-05-04 10:25:00+00:00,8 things to know: Former Bed Bath & Beyond in Towson gets new tenant The Business Journals,2026-05-05
PetSmart,Ayushi Chandel,Mass Merchandisers,Closing,Manitowoc's top business news in April included new restaurant opening - Herald Times Reporter,https://news.google.com/rss/articles/CBMivAFBVV95cUxQeVE0OE55NmphNVJxZ1RHWVduWWNmWkxjUFMxV0o4S3dod0g5Z0NGajNJNzc1T01qd2x3QlJSZkN6THpSMl9BLV9QUUJJWWV5Qk01MFpqdmdzMms4ZFl3c0RReG0tcDYwVzFRRHdWTWtaTmROYlVqSFhnUF9xNld3Nkl2RVpvbHUxSTRVb0otMV9qdWtsajZiQl9pTTM5eVp0cEpFbUxmODViLUZxV21SSzA0ei1XdDJnMGVmVQ?oc=5,2026-05-04 10:02:00+00:00,Manitowoc's top business news in April included new restaurant opening Herald Times Reporter,2026-05-05
O'Reilly Auto Parts,Bhavesh Phulwani,Mass Merchandisers,Opening,What's that planned by O'Reilly Auto Parts on Thomas St. in Memphis? - MSN,https://news.google.com/rss/articles/CBMi0gFBVV95cUxNMEFobk9FVUU3OWdUeWY2b2lHalFZNHp5OXp0T2t0aEZLbF9VazJmbWhNRG02V3YzTjJTUzY3dlk4MlRNbzUwVEZFemZvTXZndlB3azNXQUE5YnpCT1dydnI5UnVSVFFjcjRINzFtQlcxNkZBLWR5eERzUEFhdXk0YW1VZm5oOE4tTmhkSU9BWGNxWVpSVDFoU1U3S2oyakJ0eXZRVWpTQ1c2TVhyQXhDRG00RFJjY05lbTNDR0lPVnJCMTZ6ekRqVFFJaHRrejBVRWc?oc=5,2026-05-04 10:01:26+00:00,What's that planned by O'Reilly Auto Parts on Thomas St. in Memphis? MSN,2026-05-06
O'Reilly Auto Parts,Bhavesh Phulwani,Mass Merchandisers,Opening,What's that planned by O'Reilly Auto Parts on Thomas St. in Memphis? - The Commercial Appeal,https://news.google.com/rss/articles/CBMivAFBVV95cUxNbzM1MXVGT1RKTkdNZ1pwaXMwdWdXbzdXZVlJdERvWGRrVlZMcWNQX24zWHVsS0poN2lQcHBOTGk1U3FNbF8taENPYUJtNjFRMGFqVm4zdndGSWdIRU1FeEFWYl9YYTdOYmRHSjJzdGsxNW11OUR1UURueVRJelhIaGtZV3FYNV9iMWxMVUhnX3ZIX0dMV1VOQ2ZLSkViTGhFcGl4ZWdvXzhWeVNteGVDWDRyLXNpQVhtUVpoTg?oc=5,2026-05-04 10:01:00+00:00,What's that planned by O'Reilly Auto Parts on Thomas St. in Memphis? The Commercial Appeal,2026-05-05
Taco Bell,Kashish Kasar,Restaurants,Closing,"'We lived, laughed, and loved mas': West Seattle viral artist holds funeral for long-closed Taco Bell - MyNorthwest.com",https://news.google.com/rss/articles/CBMie0FVX3lxTE1qci14c1N6UWNZTHNobHZIZEJoMDVndWs5T3psTktsNHJEYzgtODdLZF9qRHpRaDUzNDJ5c0ltbDRwekxOUDF6LTZKNnRaanpXc3pSMkhvWGxzdmlnRFg4S0ZwNzhiS2ttb0dHUUQ5V0dQUEUyTXdkdkVicw?oc=5,2026-05-04 01:53:46+00:00,"'We lived, laughed, and loved mas': West Seattle viral artist holds funeral for long-closed Taco Bell MyNorthwest.com",2026-05-05
Rite Aid,Shuvechha Dere,Drug Retailers,Opening,"Goodwill snaps up former Rite Aid location and swings doors open to sprawling 18,200-square-foot store - the-sun.com",https://news.google.com/rss/articles/CBMijwFBVV95cUxOdWY2WF9xQng0QnA2RmJuZFNLYWlNREZiLXRoNmpfLXpzOWdIeWh2cjN2QVpxN0tNeXdDcVZoTHNaOVdIalpwYy1hN0c4Wm5LVmIyaUtTR1AwQ0dKWnBQV1dXRm5iTm5kWVU5OUUxc09ldkRlNWt3OFZnV2hmdGZNUENJQ01GYm8tVHZCaGVmTQ?oc=5,2026-05-03 22:30:00+00:00,"Goodwill snaps up former Rite Aid location and swings doors open to sprawling 18,200-square-foot store the-sun.com",2026-05-04
Circle K,Moksh Kashyap,Convenience Stores / Distributors,Opening,This bustling Lexington highway has a new location of a prolific national store - AOL.com,https://news.google.com/rss/articles/CBMijAFBVV95cUxQanZjRFRLY3AzNWd5MUQ5TlFqREtXNkg4OUJXeUJlYmZBeVJhS0RDS1VUdUlaRG0wVnJ5RjE5bDBlOENMMzFmaDJDR3I2WkFDMFVvYmRhbUhKSl9LTWZTVU4tLU5jdG9YVGU2TE1TVXdwX3JaNzZlMGx6ajZHa2dCc3FxRGNMVzNXUE5VZQ?oc=5,2026-05-03 17:05:20+00:00,This bustling Lexington highway has a new location of a prolific national store AOL.com,2026-05-04
Publix Super Markets,Ashwin Nair,Grocery,Closing,Is Publix Open on Easter 2026? Stores Closed as Chain Honors Longstanding Holiday Tradition - International Business Times Australia,https://news.google.com/rss/articles/CBMitwFBVV95cUxPazFHN1ZSQ0JWa000aVUxQ3lIdDNUUE5Ib3R5emZDbS1zLTBXd19EVE8wWkhYUnJwMFRrT3Z6dEhJdVNkM1NfbjBFQ3VoZE9BVVp0VlhHS2JqMXh4ZDJvNnBWbnJRMGhfVlp1WGJZMTA1bnRlSU5mcGctNmUwbmhqZ3NaaWN1bF9pWHhRREQwM0FHQjRaR1FZTWdVazZ1Q2h3czYxd2kwRDQ3Y1RyMERraGhfSzNscUk?oc=5,2026-05-03 15:39:00+00:00,Is Publix Open on Easter 2026? Stores Closed as Chain Honors Longstanding Holiday Tradition International Business Times Australia,2026-05-05
Trader Joe's,Rahul Shinde,Grocery,Opening,"Trader Joe’s, community members celebrate Gresham grand opening - MSN",https://news.google.com/rss/articles/CBMizgJBVV95cUxPbGhSM0NsTHRjZjlJbDZNUFFJakpTQTQ0MHhod1ZvSENtdDR0VmdSQkVYeHB6N3FESHRadWtrTno4WmFGOXNuYVRkWGdENlRsSjltTGw4djRWN2ZFZUFDNHBFbDRSeWtyY2ZnTEQyd2dqRkNiWTViZE5iekpLRGE2cHFzQXFKQ0JpamhONHJTajZ1aVphQ2NPWjdWcktBVk9oMFh6XzBDZGRTYXVvMW84Y0RWVmdCY2YxcV9SbklUdFd2VVVMLTBmLTEyaFk0MFdtYUh2VTh1bXo0TDdPTzNqWG9qR01uSkVUZTY5X0JMaV9ONUUyUUl1dlhWWUU3Vzh0em1WZW5CNVVoX2lEQTlYOTR6UzVGaUZBNDNRS25nY1hvcF85bkJncDZBaUxJQlh5dVFDTnhJMUpMWno1MWUxdWljellOdVNzVGxtMUh3?oc=5,2026-05-03 15:17:11+00:00,"Trader Joe’s, community members celebrate Gresham grand opening MSN",2026-05-04
Barnes and Noble,Ashwin Nair,Mass Merchandisers,Opening,Barnes and Noble to open brand new bookstore with cafe in sprawling development in WEEKS - the-sun.com,https://news.google.com/rss/articles/CBMifkFVX3lxTFAyWlY3OEZGblV4T1ZRV0pYS0libG8zdkhyT3g5RDJ2R0d0cHZFMzFLdS10UnZWVXNPNnJOQmw3SWdWX0VpcGxpbllBM2Z0eFA4NlZ0NE5CNnJUQ0V1QWhiM3ZIaEc2OHpiTUtFbnNaQzlhZ2xHQXNMVVJISnFiUQ?oc=5,2026-05-03 12:31:36+00:00,Barnes and Noble to open brand new bookstore with cafe in sprawling development in WEEKS the-sun.com,2026-05-04
Love's Travel Stops and Country Stores,Harsimranjeet Singh Ghelani,Convenience Stores / Distributors,Closing,This Buc-ee's competitor is making a $6M investment in its Texas rest stops - MSN,https://news.google.com/rss/articles/CBMi3gJBVV95cUxQeGlLOUVoQW9QbXRwWDZQWHNrb1hqX1A3NjdjcllVeGh6Tmx5N1pTWWlsSWxaaHdUdWp4WlBTSW0wUEpzcFk2THlsT3o2VnBtVkRSREpkWGlPYmVSQXFHRlZsVDNwX3lpT3lraXZGUzdoUmFBOWhIYzdrLUd1bzVSSEx3bFJDTk9yZUxKOFNqMnFJYTVySjUzck9ybTNEeUlZSWJvckhhZUQwZXpyR1FKYV84cl90VUVMSU1HQnNGY2NhWXdZc3M0X0FtTmhqZWRHbFJjbXJzRy14OHhFSHZSZ3RIbnpaUXk3ajdQYXNZT0kxTV94alFzVEZWTkNBVE1pMWZVNGVQQ296X19VaWUycXhHcnBBc0JtZXltMWtaMlNleEltR3Jvejd4ZnZGUTI0ZjJ2dDRnOGVQQ2pJdFN3MFoyVVJTeUw1ek1mcklhbFFNOXJLUHNpdHY2cGpNUQ?oc=5,2026-05-03 12:00:50+00:00,This Buc-ee's competitor is making a $6M investment in its Texas rest stops MSN,2026-05-04
Trader Joe's,Rahul Shinde,Grocery,Closing,The ‘Busiest Trader Joe’s In The World’ Is Closing For A Major Remodel—Here’s What We Know - Delish,https://news.google.com/rss/articles/CBMiiwFBVV95cUxNTTFMalVHLUpjMk5DQzh3X0tqZnN4QUU1RWFEWDFjUzBnUDJXR0xqWmxtZjZfYzJjTTZFMTQtU3JPallNbWZoS2xiNUkxWnNIQWFBMGFiYUxzQkdvUURrVHJvMVV2RXoxZ3ZSc3FlVlFXSmR6Mk05aHpiTWFZRzE0ZlRLUGVaYVJHMmtZ?oc=5,2026-05-03 12:00:00+00:00,The ‘Busiest Trader Joe’s In The World’ Is Closing For A Major Remodel—Here’s What We Know Delish,2026-05-04
Piggly Wiggly,Harsimranjeet Singh Ghelani,Grocery,Closing,"How a closing Bi-Lo, Piggly Wiggly launched Black-owned butchery - MSN",https://news.google.com/rss/articles/CBMizgFBVV95cUxOTjVYaVQ0MmNvZXYxRndkZmFPOERuekk5cHRhQ215emYwUHNzQkFaSWkwd0FRdlNVeW9RZnpYVy1lWGYyRnZ2a3kzazdESWdCWjN6VGlnbjNjOXlpaXF3NnBVejhSS2ZRTmVSRGJzTVdaLWM3N19ycTRiQWxGZEFzc2pPX05pb1Jtb2NqUHRwcEROT3ozWmwyNy1kdWhHRmNHMUZxN0d4YkVCd2c2REt3VHZrRFltV2pEbUtlZ3QtbE1UNTdQLS1nVGlYQTZzdw?oc=5,2026-05-03 09:10:27+00:00,"How a closing Bi-Lo, Piggly Wiggly launched Black-owned butchery MSN",2026-05-04
Sam's Club,Dhiraj Manghani,Mass Merchandisers,Opening,Good news. Sam's Club's 'on track' to open Lebanon store this summer - MSN,https://news.google.com/rss/articles/CBMiuAFBVV95cUxOYVNsdlU1UVI3YzVpTUNRVjRRMGhvMlFBc1BlQTR6OW95c3JlR3hYMDJwRkdWUEdIZ3dNeGc0UVlPQ1VzeV9STjF5TndJRDRvQTRfU1FWN0ZOQTZ3ZDVnRU4taDVvbVlJbHdWeTVKX3dGRVJITVlQcmJ1RVlPaHFOSVdnVG5pQVZRRk1HVWxtam5zVUxDU0ZYMVhoTEpqcTg4czRtUU16ZmM1Z3lSSWlGdlNtd3JVQlFn?oc=5,2026-05-03 09:10:04+00:00,Good news. Sam's Club's 'on track' to open Lebanon store this summer MSN,2026-05-04
Grocery Outlet,Rahul Shinde,Grocery,Closing,Grocery Outlet plans store closures as part of 'optimization' plan - Chain Store Age,https://news.google.com/rss/articles/CBMijAFBVV95cUxNaUI4OGhuY0lhMU1fQlNrMXFqbklVajBHWVVsZk1sTWNsVWphc2NsNFAwVl9xbHBXdTlpNnhMc1hwbWY1aDZvM0xCNTdLUVFPVFB4dVN1aVdCRUdBdDJlUHhYMGZmMXhITkd5aVR0RVBkSXlKWFF5SXVkYXE3TWlydmpDUkZfd09GSVBiRg?oc=5,2026-05-03 07:00:00+00:00,Grocery Outlet plans store closures as part of 'optimization' plan Chain Store Age,2026-05-05
Love's Travel Stops and Country Stores,Harsimranjeet Singh Ghelani,Convenience Stores / Distributors,Closing,This Buc-ee's competitor is making a $6M investment in its Texas rest stops - MSN,https://news.google.com/rss/articles/CBMixgFBVV95cUxQa09BMHJIdmpOWnc2QTlLQXdwS1dJLUtKTGJBNmk2VnVCeHpZMDF0QUYxejZ6U0pOQTEwazBtTTlOUlZyUnhkZGV3dG41UU51cDJFVWlJdldVOGNCMGkweEFsdGEwSDFOT3Bna0dUeE4xZlBEclNqYTBxbUpXVjE2enlVLWJEZVBfNXhsOFpTQkR2eGd2di1mNmRWbTFNenlCSkZvZzczbDBDSmVYa1phR01sR1ZRem1Fa05HOFI2T3JCWXV1RHc?oc=5,2026-05-03 02:06:40+00:00,This Buc-ee's competitor is making a $6M investment in its Texas rest stops MSN,2026-05-05
O'Reilly Auto Parts,Bhavesh Phulwani,Mass Merchandisers,Closing,Kyle Larson leaps to O’Reilly Series win at Texas; Dash 4 Cash prize to Crews - NASCAR.com,https://news.google.com/rss/articles/CBMirAFBVV95cUxPUHRYc0gydE5wNGhXT1J6N0lXcE1mamhVWUVBa05Rd3docEkzRTQxNG5mcGExTkM1V1ZGS1UxM0xETEI1QlhUNTRrblN5a050eVR4SlpJVUpaNnlfN0c4RDNvek9VdnhZTWRRVG5tenhFZDk1RGFNakFTNHhXVE1Cam9yN0plZ0xUVEtIeFAzR1lBSTJpSjhCSmxHaTNydW9aNDFWeDQ2QWRzZUdh?oc=5,2026-05-03 01:18:24+00:00,Kyle Larson leaps to O’Reilly Series win at Texas; Dash 4 Cash prize to Crews NASCAR.com,2026-05-05
Trader Joe's,Rahul Shinde,Grocery,Closing,The ‘busiest Trader Joe’s in the world’ is temporarily shutting down - The Independent,https://news.google.com/rss/articles/CBMirgFBVV95cUxONU1YTzc0WHZwWV94OFBrWVRqQXVJMmViSlctRkR3TnN6bGNHUHlyVTFRX0NXWlItZm9LRFdhb0hQRmt3NVBPdjNMSUhEbWUyZnZFSld2a3praS1KU2FKcmQ3eHg4eDctdHktaTc3T3Q5Z3l4T3FSSmtIZkZqZ01wQzRWQ1plZEpMV3NMSHNETjFLMUpJQWJkdEV0YXkzemFReVREZ0QwLWtYNW5xcGc?oc=5,2026-05-03 00:04:00+00:00,The ‘busiest Trader Joe’s in the world’ is temporarily shutting down The Independent,2026-05-03
O'Reilly Auto Parts,Bhavesh Phulwani,Mass Merchandisers,Closing,Larson Surprised He Held Off Allgaier For Texas O'Reilly Series Win - Sports Illustrated,https://news.google.com/rss/articles/CBMirwFBVV95cUxPY2FTQjYxNlJyTEo2QjU0SDJvMElMRnF5Tk00U1BBYW9HVGgyTTFLTmp3dXNCQkhCOU9UN0hjazd2eHhNQ0RGcEZ2OWJocmZwQnRjeDNGM1Bzb1ZLNkVQaXVHVkZTRkxiUjN3OHkzSlY1OW03eTJGZXVhNU1GVEtaQUhoemVLbUQ0eGw0NFVJb3FETDlVaGQzc05CeEQtaW9CUTdyc3REV1AxYUxTWHdN?oc=5,2026-05-02 23:55:08+00:00,Larson Surprised He Held Off Allgaier For Texas O'Reilly Series Win Sports Illustrated,2026-05-04
O'Reilly Auto Parts,Bhavesh Phulwani,Mass Merchandisers,Closing,Larson Comes Out On Top After Testy Fights With Allgaier At Texas - TobyChristie.com,https://news.google.com/rss/articles/CBMiswFBVV95cUxPRHE2QnJlaUhORHlrYVVremtjNTE3WWdHbHcwTzFzci1KcWQwWVdFUGlQc3hPSXl5S19jeGZBSXdSd3FiUmROZTJqdGJPVmxtVmNQRUFMbzgyZG42VktGWDc5Qy1leC10Z3JyMktJd0N0X24yMktIUmdwTmJFa1ZtSDBSQnZFSEJUbzNnNU5JMGxIX2RhMUlfZjFxbk9sSTcwSkU3NVRZQ0dWMHFRbnMtQkFpQQ?oc=5,2026-05-02 23:48:34+00:00,Larson Comes Out On Top After Testy Fights With Allgaier At Texas TobyChristie.com,2026-05-04
O'Reilly Auto Parts,Bhavesh Phulwani,Mass Merchandisers,Closing,Kyle Larson holds off Justin Allgaier to win thrilling NASCAR O'Reilly Series race at Texas - MSN,https://news.google.com/rss/articles/CBMi4gFBVV95cUxQYmVRZGJ1c2NwZUpVLXV4UGN4RWUxRjc1aTRnWXhwMldqVEtfdUlqRHRfMmVjMzBScklwOEYta04xY3oxX0UxMEJaNjV1SEo0enkxYXludjhSVkd2Z3o0X1pZUFhYd0NaNHVnT3p0dlNoUTEwaUFjTHNLekp5amoxaHV1RmU4N2xWODVwVTNNSHI5MFZnbDZ6Z3FCZkUxa1FDeDFkdXdmWW1vZERydERYZGtxTDJyUE9rSTZVTzBNeTJHU2V3YWlCN3V6cWdYLXRiTXVpOWJ2Y3pYbmVGTkZJWlh3?oc=5,2026-05-02 23:29:55+00:00,Kyle Larson holds off Justin Allgaier to win thrilling NASCAR O'Reilly Series race at Texas MSN,2026-05-04
BJ's Wholesale Club,Ashwin Nair,Mass Merchandisers,Opening,New Texas BJ's Wholesale Club location offers $2 gas for members - AOL.com,https://news.google.com/rss/articles/CBMifkFVX3lxTE5zU2ZHeTRNcXJmM19VZmdtNmFmN0hiSnZVVUxDZHZaWV9KZ3lDN3NBRTVyMzNVVTBHX3RnVVUxaUVBOXdTVzh5bk5xWm1FeDRVM3ZEWGVEYW41ZmxKTWNNVDQ1RlpkOXFUQWJ6V2Z6RndmczJrOGlHUnhwWVdiZw?oc=5,2026-05-02 23:21:57+00:00,New Texas BJ's Wholesale Club location offers $2 gas for members AOL.com,2026-05-03
Wawa,Ayushi Chandel,Convenience Stores / Distributors,Closing,Chapleau Temporary Road Closures - Wawa-news.com,https://news.google.com/rss/articles/CBMiggFBVV95cUxObmdFeHdKbFFTMGpxVVFDQm54eEU0TGd3UkZFeHE2eElrQzJEbHJ2b1RNbFIzcU0yNHZxWWxRWF8zbnR5Q05yQnVPWUI5bzBDNEI3cGdfbnNNa1BaODJXYmk4Q3BPVTVUVjhsWk5fNFdyZll4U0pBMGgyb0dRYkh0QWtn?oc=5,2026-05-02 22:43:42+00:00,Chapleau Temporary Road Closures Wawa-news.com,2026-05-03
O'Reilly Auto Parts,Bhavesh Phulwani,Mass Merchandisers,Closing,Kyle Larson Wins O’Reilly Texas Race After Late Battle With Justin Allgaier - Frontstretch,https://news.google.com/rss/articles/CBMivgFBVV95cUxQZjFuWHZVU3dWcGlWeDlOdHM0YlpvWWNtZXdCUHZWMzJ2V1Bpam5HT01fS0FNeHcwWm9EbGZQY05seUNBczhqVHdOSGJQeVY4R0hrdFdLa0pGX2RBMUxodlFKM21nbG1Oa29jazJ0NkM3MFJPUWdqb0dSVTFTVXZ6YUplWW9lNlZRbGZMNnBWeEoyY083dFcyYllkMnJQWVVjOEhwRExxQnFlY3V4TW5rcFloakxfcnZOR3Y3aGpR?oc=5,2026-05-02 22:29:36+00:00,Kyle Larson Wins O’Reilly Texas Race After Late Battle With Justin Allgaier Frontstretch,2026-05-03
O'Reilly Auto Parts,Bhavesh Phulwani,Mass Merchandisers,Closing,Kyle Larson holds off Justin Allgaier to win thrilling NASCAR O'Reilly Series race at Texas - Yardbarker,https://news.google.com/rss/articles/CBMi5gFBVV95cUxObUIzMnlRZ2R3dmxRVHNvLWtjM0doRkVCOUF3Rmg1Sm85eEZJdG5TQndNWHo1Y0tYa1pwOWlyR0tDYWhKcHVEejB4SFRvRmNHVW9XbU9xUVkta2doYUtvMXFCZnNNVzFlRDZPSjQ4MHhwS1JOX2tHTDZhcUZVLVVrZFlHZDhMalI0VUI5VFFmS3g5cHJiRjNmNDJYdWxKX2xKdG1CLURqWGpWYTRJbjlLZlpsQzIyS1RHQl9uRDYxaDRQTUpMLUg2eDZLbXBJVjNtSHJmSW9YeVNQdTlOTnRPaFdRTVpmZw?oc=5,2026-05-02 22:18:47+00:00,Kyle Larson holds off Justin Allgaier to win thrilling NASCAR O'Reilly Series race at Texas Yardbarker,2026-05-03
Cub Foods,Kabeer Pandya,Grocery,Closing,Cub announces west-side store will close this month - Post Bulletin,https://news.google.com/rss/articles/CBMihwFBVV95cUxPTmVPa1RBR3hfSVlyVVBPVkl4eDg2aU04SWo0SzVRZ3VKbjZUVmc0VUhTeDByWEt6c3JfVTJUeUozY3o5RHQzY0laUnd1bmZPaTY3cU54QlFVRFl6NGRFSWlwSnJIbENSMjV4Ym5FaFJWUlUxbC1aV29OU0sxcWtFXzdZMWZyWEE?oc=5,2026-05-02 21:19:59+00:00,Cub announces west-side store will close this month Post Bulletin,2026-05-03
Cub Foods,Kabeer Pandya,Grocery,Closing,Cub's west-side store will close this month - Post Bulletin,https://news.google.com/rss/articles/CBMihwFBVV95cUxPTmVPa1RBR3hfSVlyVVBPVkl4eDg2aU04SWo0SzVRZ3VKbjZUVmc0VUhTeDByWEt6c3JfVTJUeUozY3o5RHQzY0laUnd1bmZPaTY3cU54QlFVRFl6NGRFSWlwSnJIbENSMjV4Ym5FaFJWUlUxbC1aV29OU0sxcWtFXzdZMWZyWEE?oc=5,2026-05-02 21:19:59+00:00,Cub's west-side store will close this month Post Bulletin,2026-05-04
Walmart,Rahul Vasaya,Mass Merchandisers,Opening,Walmart breaks no-frills mold with new store layout and added staff - MSN,https://news.google.com/rss/articles/CBMizAFBVV95cUxPUWJncFdtUVpfWjRSYW5wVWIxTUNaVXJtckdNczJ1ZmRUYXQydU5xaTZZNWZ5emMydXF4N3p1aU9fdkRoVnoyM3dqYVI0VWU4UUNrZGFMbVJValhVbW9VVmFoX2tPVDV6cGNFSThQVi13c28zdEx0Y1JlNTM3UGJkTXVZZ2lOd05wV09Pamc0b2h4MlBUNEhNVXNycmRyY0NnZ2V2b3hxdlNnRWhqTzZEVXI1dVQ0bzh3ZXZQX3JGX1ZrNUs3TlM5UUd4RFE?oc=5,2026-05-02 20:24:04+00:00,Walmart breaks no-frills mold with new store layout and added staff MSN,2026-05-03
Cub Foods,Kabeer Pandya,Grocery,Closing,Northwest Rochester Cub Foods Closing for Good - 106.9 KROC,https://news.google.com/rss/articles/CBMiXEFVX3lxTFBmM1dGNDcyQnBRcDVxX0dKUEtoalFHQUhVTXF4MTlvRm5qMDdSUXBWdFptMXJ3MEQ5SmtUbl85dUxZbXBIS2x5b21iZXc2MzBlQjVUbkpyc1FtRDFF?oc=5,2026-05-02 19:37:15+00:00,Northwest Rochester Cub Foods Closing for Good 106.9 KROC,2026-05-03
BJ's Wholesale Club,Ashwin Nair,Mass Merchandisers,Opening,New Texas BJ's Wholesale Club location offers $2 gas for members - FOX 4 News Dallas-Fort Worth,https://news.google.com/rss/articles/CBMikgFBVV95cUxPeWd1NnBnQVdERXZ4bVFocUhsNE8zU2RGR0NXZUYtZ3VQR1Nod0xzRFlfUjJUdU1VU2tyQ2tvM25hdzNWUllzRzdPankyajc3MThDQ2k0Nkw0TzBKQ2RPRzFxSkZadjBleFBsd3lvcFVySXJmbWo0bml3RTJKcEhBQ095bUNNX01XMUl1SGxpOGxpUdIBlwFBVV95cUxPX0M3R1dKb2UzcjMwY2FnLW53MnlQdVAxUHl1bTE3NnBGcERVZmdHVHFvTHJ4eXhMTjN0VjV4SzJEN3lmUjhwWnFoak81ZUNvTXlrN3dMdkF4VUxwVkVzVmxpNHRLb1lQSXZ3Z21mLUpuLUJHanpSRzNrNk1SaENrV2dWRXY5QVhiUTVGc2VQNEF1ejBEUmFV?oc=5,2026-05-02 16:45:47+00:00,New Texas BJ's Wholesale Club location offers $2 gas for members FOX 4 News Dallas-Fort Worth,2026-05-04
Grocery Outlet,Rahul Shinde,Grocery,Opening,Grocery Outlet plans grand opening for 6th Las Vegas area store - MSN,https://news.google.com/rss/articles/CBMizwJBVV95cUxOX1BuLUdlVDRZRWhDbVlGMzFsd2pMYXA0OWN0WTgxZmRmaUhVanBncC1ScTk5cnlnbHhTN1ZPMWE0UExId2xLd3Jjb0owWFE4OVRyblRuMXFPZWpEbHlBRmxBLUtrdWE4aFN0R18wOWdyMzlwVFR5eTRaMExmMmJVX1VhZ3RTQmVyZzRPZXVPSjNJVEdGb3V4Z25NSVF2X05vRTNRdTN0ZkNrSXdXUXNrQnkxbzhoUFRzbk9JVTlONFFLa1ozTVBwZW1MazhmZ256UmtnYUl4eG9nUmM2d2xsdTZ2cWNGZjc1anJveXhrcmVQa1ZCZ3F3eDhBY3ZfT3F4WE82dGNJekF1WnJtUHdybVdGbVQ1YjBTd0p1OXhPOGxWVHotS3h1Tlp4WklHa1pPWjkyUEQ3UEdoUWZZV1V2Sko0bUVSUlE2Z2JZWXdEQQ?oc=5,2026-05-02 16:16:44+00:00,Grocery Outlet plans grand opening for 6th Las Vegas area store MSN,2026-05-03
Trader Joe's,Rahul Shinde,Grocery,Closing,NYC's 'busiest Trader Joe's in the world' is temporarily closing down — here's what to know - MSN,https://news.google.com/rss/articles/CBMi6gJBVV95cUxNUU5UNGpxd3hvalJfd0FwNFB2bDBTMTRWMlY5dmoweXJwNmxWUGJGa25wVjcxNkVxOFdPaTFlLU5UMnR5U1FIM0Y0YkczOU5wRlduRzd2VThvYnE5eDFpN0NaQlFHQy00SWg4LTJjVWIyeVlNMjlINEF5ZG5nS1J2ZDZKNzJhUEo5X2NXLXlxZEZXcFpra21QSUdmQ3hHWDJMWV9iRm5XeFMtYWdkOXY2YjF4b2gtV0NuNmNtajFwQ18zZFh3M1duQWtjbW55eDZiOU91ZG5ZWHczMDlWNDNpMU1Kb2VXZ2tyVndKSTZTRFZmdUdreHF6SEtaMml5V1ZuRkFCS1UwQjEyOGFVWGZIS1RhSEhVWGNhTmlBSkFxam1udDBJMjRNRWlIczRNS0pYdmdoWUg3ekc5R1NXcjJsWXZLOXRLTTdieVZMd0NmaTJuY00tOG9DTnVqb2gzZnZzZHNYSllKbFBldw?oc=5,2026-05-02 16:07:30+00:00,NYC's 'busiest Trader Joe's in the world' is temporarily closing down — here's what to know MSN,2026-05-03
El Pollo Loco,Ankit Rawat,Restaurants,Opening,"El Pollo Loco opens soon, food truck corner gets spot south of Redding - Record Searchlight",https://news.google.com/rss/articles/CBMi0wFBVV95cUxQU2t3N1hCMWE2LTNZcmd0Q05jVWZCbGVzdE85dEJFT2ZpcmN2aHBLQU5lbDJqUC1ybWxyWkRQX0lLM3F4ZGQ2SmhnZmNLODB2eW8tS2llX0c4U2hjVmxKMGltMlZWVGIwVVMzY1FBMjVBdTdzVG41S2JXdE1aaGpsdDktdG1tRGxrT201cV9kMUJCYjRZMzJaQXpINnlSWDBZNW1DeGZnMEFpSUJiQVYtSGZsY1VFQW9Ic2ktTDVpUG1KYTJSMXpUNzRVWnFRSWZFb3lv?oc=5,2026-05-02 14:01:00+00:00,"El Pollo Loco opens soon, food truck corner gets spot south of Redding Record Searchlight",2026-05-03
ConocoPhillips,Harsimranjeet Singh Ghelani,Convenience Stores / Distributors,Closing,A Look At ConocoPhillips (COP) Valuation After Q1 2026 Earnings Beat And Qatar Production Cut - simplywall.st,https://news.google.com/rss/articles/CBMizAFBVV95cUxPS3RZUmdyS2JpSHFZOFhWVE9MLTQ0UEZ5TGpjZU9ONEZMUTQ5RjFDai1MMUpCVGpZa21hdU1zYjFqTGVKeExLRWZpeEZ0Z1BleVNzZW5qSGV2WFAyT2tEclMzbWlMUFQwQkc5SWdMNy05LTFWX3lENk5weHZXTUJzRkpuU0xFcTBzalZWZU84NDA4aWZuQVd1amNfdlNvSlFOTkJVSmQ1UUZpX1FrRTQ4UmFiYWFHcm1hRS1vUnZXakxCamJLM1BWcWJnZ0TSAcwBQVVfeXFMT0t0WVJncktiaUhxWThYVlRPTC00NFBGeUxqY2VPTjRGTFE0OUYxQ2otTDFKQlRqWWttYXVNc2IxakxlSnhMS0VmaXhGdGdQZXlTc2VuakhldlhQMk9rRHJTM21pTFBUMEJHOUlnTDctOS0xVl95RDZOcHh2V01Cc0ZKblNMRXEwc2pWVmVPODQwOGlmbkFXdWpjX3ZTb0pRTk5CVUpkNVFGaV9Ra0U0OFJhYmFhR3JtYUUtb1J2V2pMQmpiSzNQVnFiZ2dE?oc=5,2026-05-02 12:54:12+00:00,A Look At ConocoPhillips (COP) Valuation After Q1 2026 Earnings Beat And Qatar Production Cut simplywall.st,2026-05-03
Walgreens,Komal Agrawal,Drug Retailers,Closing,"Walgreens among trusted stores shutting down in April, leaving employees and customers affected - MSN",https://news.google.com/rss/articles/CBMi4gFBVV95cUxQSjdHS1FMYVkwZmtRdTlkU25SNXZsY3J4OXV1T1lFd3FFWURzcEhmVzYwSkd3N0pXODZSeGxlYzN2OTFNbnFWSWhzWXhneFp2SjJqb1RhS1FSMVZWODVpMDlqVFR2LVNYXzd1WXdsLVJUZDBVcjlNVVEtd2NNM3B6S1Npdm1pR0ZWWWZGd1IwOU9yNnZ2T0FCRzFaRG5sT2hhYy1uekJSLTI4NjFvQUR6VVk1eTFOdEZTaTdmeWduMXZUbXBWUFdLenZ2RjFuX1AwSXJKVUJyZ2ZQeDdjR21PTWtR?oc=5,2026-05-02 12:15:41+00:00,"Walgreens among trusted stores shutting down in April, leaving employees and customers affected MSN",2026-05-04
Trader Joe's,Rahul Shinde,Grocery,Closing,'World's busiest' Trader Joe's is closing for months - what to know - MSN,https://news.google.com/rss/articles/CBMiswFBVV95cUxQT2IwMjNNMEVDYlZiVU9YYW9UaFZEdHJ5b1FkWXRic04wbnhSbHY1UndtalAzMkZIWmZIMHhzaENUNU15UVdIeFJrcjY5bXlYZi1QTEE4N2RUTHVBUzV3UGNTV2NWWGJETFpxOEVPMGdMWl9IUXNBamZiSWx6R1NRY3QwUHF1dDcyS2wxNVdKbEFRRlFoNjVRbTRoeFBJRkY3WEFNNzA2cEg5eG1ZbkRtdXdVRQ?oc=5,2026-05-02 12:07:01+00:00,'World's busiest' Trader Joe's is closing for months - what to know MSN,2026-05-03
Trader Joe's,Rahul Shinde,Grocery,Closing,'World's busiest' Trader Joe's is closing for months - what to know - AOL.com,https://news.google.com/rss/articles/CBMiiwFBVV95cUxQZnFZZk95SGVXU1F3VHdmMzBBWWozZnFPSWtXX201aG1xaHFLQVVVSkI3VEJQU2w5NTBweTIzU2h6RWVsc3Q4YU5SYWNQcldOd2dLcGxha2pmVWdWTzRLeFJLeWlJYnpES1ZiQnpVVmpoc3hxQnJmamM2RlBBbHlBVmdiOVBVd0FkTWJj?oc=5,2026-05-02 11:42:08+00:00,'World's busiest' Trader Joe's is closing for months - what to know AOL.com,2026-05-03
Dick's Sporting Goods,Ashwin Nair,Mass Merchandisers,Opening,Dick’s House of Sport plans Joliet location with multi-million tax incentive package - Shaw Local,https://news.google.com/rss/articles/CBMi0wFBVV95cUxQNGFLbGZYMWtyTVJ0Z1h6b3hpWG5YNDRFWWswNkJjN2Q3ZzdoSlBLbW11N0gyOWRzVV9IMDFaN3NjTWxMMU4wclNVODhSVGdQYk5JUXBnUWFuUW9KUWdhTWt1MWRGR0dCZEdudFN5c0VPeXBDal9Oa1BrTWx3Mm1hbFR1RlB4Y0EwSEVJUmtQRGJKejd0VEwwS1lHa2txNHdRY2MxcEprZF8yanhRM0xKamRkaS10ZlRhaU9jZWswal9NVndDSEUtN1BWV0hnNlozSGNR?oc=5,2026-05-02 01:29:00+00:00,Dick’s House of Sport plans Joliet location with multi-million tax incentive package Shaw Local,2026-05-03
Walgreens,Komal Agrawal,Drug Retailers,Closing,"Walgreens to close another South Side Chicago store, citing theft and ‘violent incidents’ - Chicago Tribune",https://news.google.com/rss/articles/CBMigwFBVV95cUxOeWthbkM3NENwZVhrcnhXV1VmTFcyT19VcVZQdVQ4ODlra2EyUEwtaGRlOS1UTDNMcE51dEU3OGhYdDhUcmRCOTVBdGF5aGZQR1YwaUo5b0hTV3JvemZHblJfcmp0MTlYRTVPY2NNUHBMb3gtVmNoRkdRN29vMFZTN1czaw?oc=5,2026-05-01 23:28:46+00:00,"Walgreens to close another South Side Chicago store, citing theft and ‘violent incidents’ Chicago Tribune",2026-05-03
Trader Joe's,Rahul Shinde,Grocery,Closing,"""World's busiest"" Trader Joe's in NYC closing for renovations - CBS News",https://news.google.com/rss/articles/CBMinAFBVV95cUxNeTBEb3Y1cFd6RVNiVndlUl84Q2xGLVhhaUdRQUpXOGdrLXFSR2N4dkxYQi1Rcno3MVY3NjY5QWFVVklfLTU4cnZfM2tOX1B4aTUwVXphZUNkaFgxaW4xNUZ4QUw0SngtcmlXdUxwZldYcFh3YU5JVGwyT21RM2ozMXprd1dFMS15Z3hiVWtZR3V5SmVMb2k2VG5mdEY?oc=5,2026-05-01 23:23:00+00:00,"""World's busiest"" Trader Joe's in NYC closing for renovations CBS News",2026-05-02
Chick-fil-a,Rahul Vasaya,Restaurants,Opening,"Chick-fil-A Vann Drive moves to new Jackson location with expanded parking, drive-thru lanes - WBBJ TV",https://news.google.com/rss/articles/CBMixAFBVV95cUxOM2s2cmZobjN4Q3V3aWNGc0dLb3IyTzNrT2VFZmxTWWh4QXhIRXN3Sngyb1gwU05CSC1fM3R2MWNPdjBsYlJIWDkzQUlBYmhZU0lXOTJHOW1QSmJIbkotX0tPeE1Ha0MzQzJQbU9zS1dieWRxQTNRb2hwTjJ0Mml3UzF4SGhDUlc0SlNfeWJOS29Ebm5WaVBKM2R0VDNZVmk2ZHNmSWV1cThkX1UzbjJNSGNOSUh0LVhDd244STloQ0lnOHJI?oc=5,2026-05-01 23:05:19+00:00,"Chick-fil-A Vann Drive moves to new Jackson location with expanded parking, drive-thru lanes WBBJ TV",2026-05-02
Love's Travel Stops and Country Stores,Harsimranjeet Singh Ghelani,Convenience Stores / Distributors,Closing,This Buc-ee's competitor is making a $6M investment in its Texas rest stops - AOL.com,https://news.google.com/rss/articles/CBMid0FVX3lxTE41Y3Y1R1NXY2hGNUhheW9qWVdoS2U1Q3JISThQSWNQZk5GZEJlU3pyS0pOQ0NBZmtXSENvYXNMeVc4RjhHMTkxRlI2SFVrZkg4aDhOcDUtcEhsdEE1MEFyM3Zla0VvdUo1aXp5dXlhMTh4Ql8ybDRR?oc=5,2026-05-01 21:58:48+00:00,This Buc-ee's competitor is making a $6M investment in its Texas rest stops AOL.com,2026-05-03
Publix Super Markets,Ashwin Nair,Grocery,Opening,"Publix Super Markets executes lease on new location in Yorktown, Va - Mass Market Retailers",https://news.google.com/rss/articles/CBMioAFBVV95cUxObDFOdmRlT1RhaDhoWEVCRXdpb1p1b1J3d1dMU2dtcnBQUjdMNXlzU1dhOGI1VmljZmVjSU5xZEFUZHEzY2U3c2p1YmJWQlFUN1hvT1BDU29yb0stdFdoQ2FxUUgyRFpXNll2clN6V0o0OG9ObDRobEUzU3VyQ3JPdS1XMjU0dHZBTjN3SDZEUTh5YmdHcnlpa2VsdHVCUVJC?oc=5,2026-05-01 21:53:51+00:00,"Publix Super Markets executes lease on new location in Yorktown, Va Mass Market Retailers",2026-05-02
Chick-fil-a,Rahul Vasaya,Restaurants,Opening,Chick Fil A ready to ‘moove’ in to Tulare - The Sun-Gazette Newspaper,https://news.google.com/rss/articles/CBMilAFBVV95cUxONGt2aXY3aEdDVFhSMXVlSjBkeDFhSVl3anhEOXZsbFlNS0RBV1NZMFhJVUZqOHlrQ1NndTdwT2s4WmtTNE9DNng4aFVJOGtQMWRFOVZfYjdlQVlCRFBZOTRHS1lSeUt0Q1NhTkd6c0hYdVJhLXpBQW5fc0I5SHBUaVg4ZllrTEZrSkc5cjJRTkZxU3k1?oc=5,2026-05-01 21:01:37+00:00,Chick Fil A ready to ‘moove’ in to Tulare The Sun-Gazette Newspaper,2026-05-02
Trader Joe's,Rahul Shinde,Grocery,Closing,NYC's 'busiest Trader Joe's in the world' is temporarily closing down — here's what to know - MSN,https://news.google.com/rss/articles/CBMi0wFBVV95cUxPN09MNTVDUUlYMGFwRUZSTkQxUWhRRDUteWNYTE8zZExpUVE0QWNIbENRTnVXSmFELUw0bVg1dnpmUzFnd3I5US11QmcydUliTzA0aGlQS1A1enlnR1VTU09tSThCX2NrWmJEYXpLNFlobjJsTXhhc2xlLVd0TVZWenpaamlvMmFGektMNXUwbHlnTHJ1TC0tMXp0NVV5OWtMRXVpZlJyZFc2Y1VRMDVUU2hsNXVzeXEyODE5TVdxVXpELV9LQU4wVkZUbUVoNFhhVjc4?oc=5,2026-05-01 20:56:45+00:00,NYC's 'busiest Trader Joe's in the world' is temporarily closing down — here's what to know MSN,2026-05-02
Dick's Sporting Goods,Ashwin Nair,Mass Merchandisers,Opening,Dick’s Sporting Goods to open store in Lubbock - KCBD,https://news.google.com/rss/articles/CBMifEFVX3lxTE9nV0tBMERWYVNqVjk2Vy10X3hxVW9vc1U0eFIzS0ltckpZREVFdl9ZR0FTNXN0dWdHYUZDc2ZDNlNvU1VkM3d4Z29lak5pbjY0OGJoaV95REd3MjQtQnc2NkVnWmlSTzBpMEFXUElKUkctY1lBM0JxR1BNQTXSAZABQVVfeXFMUG1QOElsN2xnTi1hOF9OcVphV3JLaUpxTXd4SGcwMmpwSmlETVNRa1dYcXFBTHhSa2VfOWZTU2IxalU1bDZCUl92ZnNwR0RSbVYtZHlYcnpSVW9PT3JYSzVFUUQ1V0dKM0VSbWtDSjduS1pFQklVMDU1UjRLVzB3b2FXT2NRWGI2S1NFT01NQVdR?oc=5,2026-05-01 19:54:00+00:00,Dick’s Sporting Goods to open store in Lubbock KCBD,2026-05-02
BJ's Wholesale Club,Ashwin Nair,Mass Merchandisers,Opening,BJ's Wholesale announces opening date for second DFW store - The Business Journals,https://news.google.com/rss/articles/CBMipgFBVV95cUxNaV9PVXdWenVKSU9qZm43Q0RDaWZGaEJMU2lURUVPUVg0TE9scWdwSjB0NTR0TFhhMUR6S0FIQWF5cmVyam80VmJCU3NRLXFuNVhJZ1VHX2tKLU1paG1wSzhNWDlfMXc0NUowSFVtcUlmSjJmUnRDbF8ydGdmUjdhRjRyd1VRcThRbG9fd0NzbkdON2JoZXlSVkp1QWxXSU5JUm1Jdk5n?oc=5,2026-05-01 19:18:00+00:00,BJ's Wholesale announces opening date for second DFW store The Business Journals,2026-05-02
Schnucks,Ankit Rawat,Grocery,Closing,The Original Schnucks Fresh Store Is Closing - Progressive Grocer,https://news.google.com/rss/articles/CBMidkFVX3lxTFBOQ1JoYldUVnpVRnpES3RSZkZPcmVmbnJkLTlQaDFXQkJTM0NxQnRpMFVZTFlpZ3RTZXhtcF9iVGViT2hmbXlRRHJIZ1F6RzNCQ28tQTdnWkUwMzZCbC1fcUo3ME5wTUNvWlBtZHp3WnZqNWVPWVE?oc=5,2026-05-01 18:34:07+00:00,The Original Schnucks Fresh Store Is Closing Progressive Grocer,2026-05-02
Trader Joe's,Rahul Shinde,Grocery,Opening,Trader Joe's continues Texas takeover with new grocery store - Chron,https://news.google.com/rss/articles/CBMifkFVX3lxTFBFdHk5SC1JM2NQX2ZENV9aNVNXbU9BNzF1cldfZllQZDlRR3owMG55WXIyeXJuMm4xdzgyY2MxMGszZ1IyRldjdE1keHZodW56enpKcUIyOWxsR0drTGlOLVZiR2w2UnU2R1Z6N19KX0xBeHZIaE5NWXZzM1RuQQ?oc=5,2026-05-01 18:22:52+00:00,Trader Joe's continues Texas takeover with new grocery store Chron,2026-05-02
BJ's Wholesale Club,Ashwin Nair,Mass Merchandisers,Opening,BJ’s Sets Second Store Opening In DFW Metroplex - The Shelby Report,https://news.google.com/rss/articles/CBMirgFBVV95cUxNeUpIUlJtMVhUYmZ1eFhxeUtFMHV6NE1KWFJ0UWJDRDRXR3lsbFlteGVoRmZxeFBlOUgxS0NJUjdUVXdRcHphRGhLOGZQdzZPQUhTa0RKVmdYOU9oLUNubjU1ZXhOVXNGNExCU3JGcDhoRUVZTy1KTzU3dzlHVUxBRTE1bjVkNUZmRm8zOXNjMVl2amU0YkozWHd6b2c1cXJ2R3kxZUtSM1M0YmtKc0E?oc=5,2026-05-01 18:00:27+00:00,BJ’s Sets Second Store Opening In DFW Metroplex The Shelby Report,2026-05-02
FIELDS,Harsimranjeet Singh Ghelani,Department Stores,Opening,Haslam breaks ground on Browns’ $2.6B domed stadium set to open in 2029 - goSkagit,https://news.google.com/rss/articles/CBMi7AFBVV95cUxOcnRTazFLNTFSNDEyMTFzc3VxV2I3UVhuVFpfSGkwSzFSbmFBNkQ2dEpSajhuZHpKdnd3cnQyNUJfZFdOeXcxc2ZnOXRsRXBUdmxlUl9WSkZZbTdvMnNuQm5xQWl1VFZHaXhlTzBkdTFoYzZPbE82dEkwckNGN0RNUzBsb0tfbmp0VGFFSjJncDFWUmRRZTdodExVMHc0dFUtVDNEYXdGUmZSN3hZVWVleThzSlNCRWtoQ2dXWHhfR3FPclU3a1FOWl9jVkYtd08zeVBDZ0VYQ3V6UVQ0UVJhUTBrNmx2VzBSZzU1QQ?oc=5,2026-05-01 17:43:22+00:00,Haslam breaks ground on Browns’ $2.6B domed stadium set to open in 2029 goSkagit,2026-05-02
BJ's Wholesale Club,Ashwin Nair,Mass Merchandisers,Opening,BJ's Sets Opening for New Club in Waxahachie - Progressive Grocer,https://news.google.com/rss/articles/CBMidEFVX3lxTE1xOFZQZmFYU0ptSnVZWXBUM2hYOG0zNjMxQTZqdGVzOWtwc0VEUVdmYnNFVnE3VTRqMmwwekdlbnc3N1lYZElBb2dXNl94a0tpeGtoLXZYZGZYdkdKdklPVnlQaEdLOTdPNGtFVTVORGtGdHJr?oc=5,2026-05-01 17:14:40+00:00,BJ's Sets Opening for New Club in Waxahachie Progressive Grocer,2026-05-02
BJ's Wholesale Club,Ashwin Nair,Mass Merchandisers,Closing,BJ’s Wholesale Club is expanding its footprint in Texas with Waxahachie location - Mass Market Retailers,https://news.google.com/rss/articles/CBMisgFBVV95cUxPSzVNbnRXUllyNWtON0l0aHZVM1hidDF4UUhiN3R5SWIyVzRQb1gzV3R6bjZmV2dQYUVrbGNGT2tBV0NNdl9NTXFQamFpN2VEWW81cjdZRHdROEtHTUoxa3IxU05Ub1RaY0JBa3dRZTYtclk4dnotZ1FkWmxvWGJSQmhWWnB4UmctZU5BZnp0SzIxOVNibzJKaTJ4OEtBRF94OFpHb0lPYk40RHc2VXVWT1VR?oc=5,2026-05-01 17:04:08+00:00,BJ’s Wholesale Club is expanding its footprint in Texas with Waxahachie location Mass Market Retailers,2026-05-02
Trader Joe's,Rahul Shinde,Grocery,Closing,NYC's 'Busiest Trader Joe's In The World' Is Temporarily Closing Down — Here's What To Know - The Takeout,https://news.google.com/rss/articles/CBMimAFBVV95cUxOT29sU0JoX0F6c3JhS2g5V19PV0YyUkdITjl2eWstYnItNURXWDhXaHBZSEp3SUtUSGpPOE02Nmdnb1hsMWs4UDlJWDhxQjBtU0d1OExQeUdRRWdiRklxcHRRdDA3NDFaRl90aHgyTHJiU1YtUEZhd09kUXFIQTA5a3J0STVBcnFHejdDbTRsZWlpVUI1SHlTYg?oc=5,2026-05-01 16:26:03+00:00,NYC's 'Busiest Trader Joe's In The World' Is Temporarily Closing Down — Here's What To Know The Takeout,2026-05-02
Schnucks,Ankit Rawat,Grocery,Closing,Schnucks Fresh in Jasper closing after 5 years - wevv.com,https://news.google.com/rss/articles/CBMivwFBVV95cUxPX2J3cEc5eWd2VDctR1ZuUlJCaUV6dGJlMzF3dkJhUy14YmlmOWo2bl8wWElzVG00c0h2U2NOTVdLUDFudlVGbFZmNk1FaDU0NFhkV2hpR2M4RndPaUU4aGtJY0Z3R1p0LWpSeDZDZ0p4U2ZDSmNBczFRZS1xMnJ5SzZvU09UakJvMlJHa1V4X3VvNjBVTlFQWXVtd2NLNGh5aUNyaUcxVnZzeHVMZmw3UERVQm9CeEFFYmc2X1I4MA?oc=5,2026-05-01 15:38:00+00:00,Schnucks Fresh in Jasper closing after 5 years wevv.com,2026-05-02
Raising Cane's,Rahul Shinde,Restaurants,Opening,Raising Cane’s fried chicken to open 9 more stores in May — including one in California - New York Post,https://news.google.com/rss/articles/CBMiwwFBVV95cUxQU3FPVUpaNGhfY1lRWTdRWm11b3FDd2o2cVlmc3Rna2RwaTU2RzdYSHh3RG9oOVVxQ0tqR3E3VWEzNHlhOVd3SlVUbWVaakE4TlNXbHk1TFdsT2xzOG9pam1HRVBwOE5tTWVwcU8ySGpncjYxVUhxNzVSay0wb3RhcXQzOXJSZFlYQkRVd1h1RzJ4Zy1IZ0t2RE1oMXlkU1NtZEdwVGJYdlA1V0Z6ODg0RldKWWQ5TGRfamVqV0p5Q2xkQ2c?oc=5,2026-05-01 15:31:00+00:00,Raising Cane’s fried chicken to open 9 more stores in May — including one in California New York Post,2026-05-02
CVS,Dhiraj Manghani,Drug Retailers,Closing,CVS Closing Hundreds Of Stores Across US - MSN,https://news.google.com/rss/articles/CBMisAJBVV95cUxQNzM0eS1KY3BmVFZKaG5xWUhLb0dtWFRscTNURm9QblpzN3lmVUNQamlMV0dQbzNKQWtsM0dzU0U3ZHFibGl1bGV6RnM3S3BKSnZVTzV6TDBLMWt5cHJlbURpSmtya2xtM3lvcGtyWmV1dVF6Yi1pUTVncGxxZm1ZbG1kMTFFVVpNalFMb242c19VNFBEV3Bndk4tNExVV2U0OGZ5czJLSEJ5THlGWjNEWTNMdmFqT1V0TVQ0b2FYUy1JcXk5N05CbXk5a2ZLLTVia3BQTV9xekhrM3BKRWw0eGZoOEFLUWdRNHVLLTU3a05ES3VkZUlUZ2dRQkhCX3hvS1VSUlpQVTd1bEI3aWpra1NvVXJfUlpyNDdFZ3ltclFKZGUtU0phRldLblNDMlhI?oc=5,2026-05-01 15:25:15+00:00,CVS Closing Hundreds Of Stores Across US MSN,2026-05-03
Nordstrom,Rishi Nagar,Department Stores,Closing,Nordstrom on its last leg as another location to permanently close on May 16 - the-sun.com,https://news.google.com/rss/articles/CBMiggFBVV95cUxObjFRLTdGNnNiUng5OWVxMWt3ZzRmQW5fQ2U2QXV2Mi1IZFhGejdIS2xvVkI3cHhicW5IVFFkSUVJbHNjU1JZTVlvaVU3V3M4bHg3TG1GNUVUOVEzOU85cjFpWFA2anFVdW9ubDFDc010TDRmcVNHc05MclJaUWk3YmxR?oc=5,2026-05-01 14:45:24+00:00,Nordstrom on its last leg as another location to permanently close on May 16 the-sun.com,2026-05-02
Raising Cane's,Rahul Shinde,Restaurants,Opening,Booming chicken chain known for the ‘crunch’ to open 9 locations – first wave starts May 4 - the-sun.com,https://news.google.com/rss/articles/CBMigwFBVV95cUxQMW5jLXNBWnpYeDNJZ2NWUFhiMnJPU2tzSHJOZDlpazh1SkZyT2QySzRqY0VpNWpmYkl4UVk3RFBBdzZuUWMxR2JMMEhlTS1RNWxyWlRRRFI1OXQ4cTlKLXcxVW1kWThfcjFtQkFrRXh6MkhuUXQ3NC03NXhtdDdfVERKZw?oc=5,2026-05-01 14:35:41+00:00,Booming chicken chain known for the ‘crunch’ to open 9 locations – first wave starts May 4 the-sun.com,2026-05-02
BJ's Wholesale Club,Ashwin Nair,Mass Merchandisers,Opening,BJ’s Wholesale Club to Open Waxahachie Location as Texas Expansion Continues - citybiz,https://news.google.com/rss/articles/CBMitAFBVV95cUxPckNmN3BkS1E4bkZ5YmRmdXowSXRBdHA4WUdNMXRCS0ZlajBTVXdSYkphV0VLMi1MWF94dGJ1b2xpUjc3dkNuMUlPTFZwNnkyT0VJX0dnd0xIaWR1RDcxVVpLd1BmU2YzcUVRY1RwOTN1OXpXdVlOZHFZakdXSlU1ajB6YzNxWlNVLWRKdDUtY3NJWmpvZV9faGExaW9iWkNubDV0QlBOaHI2VVRZanVrTlZCOFc?oc=5,2026-05-01 14:30:37+00:00,BJ’s Wholesale Club to Open Waxahachie Location as Texas Expansion Continues citybiz,2026-05-02
BJ's Wholesale Club,Ashwin Nair,Mass Merchandisers,Opening,BJ’s Wholesale Club to Open Second Texas Location in Waxahachie - Store Brands,https://news.google.com/rss/articles/CBMihwFBVV95cUxNZW9sZzA1NHZydU4zc0psYTMxdW5XYUt2VGFwLWJSalRMZDNNNjFpTkE1a1h2eVhEd05TRG8zQnhGaGJFTkJpdFpuV3A1c01rdHlFSUJNcHdxVjNYeG1pZTlsQ2pOeERCVXNabGdpQTBCSzY2Zi1qQzdBb2VZcVlQRW1ldHNwa1k?oc=5,2026-05-01 13:52:27+00:00,BJ’s Wholesale Club to Open Second Texas Location in Waxahachie Store Brands,2026-05-02
Trader Joe's,Rahul Shinde,Grocery,Opening,Trader Joe’s Is Finally Opening in West Palm Beach - Miami New Times,https://news.google.com/rss/articles/CBMiogFBVV95cUxOS05OeVJIS203ZUlPMTBqX2dSSE9KejZHTlowOU04S1JZNG9BVzRkMTAxbjc0YVZIOU51b21pbGhCSzVBRzdIN0NEMEl2cHUxbHN3cWxwTlhxS096eDZCY0dJMEdmMFdjSThscVdiMDZfTG0wOUpIUmZXMW9ZeHVhS3JwLS01cGNlWFZEdVFMdmJqQjdsOXpnZ3FJMTFZNEhhQ0E?oc=5,2026-05-01 13:42:23+00:00,Trader Joe’s Is Finally Opening in West Palm Beach Miami New Times,2026-05-02
Trader Joe's,Rahul Shinde,Grocery,Closing,"Upper West Side Trader Joe's, deemed world's busiest, is temporarily shutting down - CBS News",https://news.google.com/rss/articles/CBMijgFBVV95cUxOWElERGNTeDdTMVV2b2ZWWUZMNE5wa2l3Qng5QUZYSGZ3WDRGdW44UzZPeVFCQjdSR0wwVURJMDB0djdialVIYU9pRm9GN0xqa2RoOHVVX0cwc0UyTDFNNU1UQmJKcFdSYmRHdFpvTVVjMzE4VWVtVGdMRXBlM1d5a3BKLU9YRDNGd3ZLcldB?oc=5,2026-05-01 13:12:00+00:00,"Upper West Side Trader Joe's, deemed world's busiest, is temporarily shutting down CBS News",2026-05-02
BJ's Wholesale Club,Ashwin Nair,Mass Merchandisers,Opening,"BJ’s Wholesale Club Announces Waxahachie, Texas Grand Opening - Yahoo Finance",https://news.google.com/rss/articles/CBMipgFBVV95cUxQV3RYaF9TRjFqLW5zSjN4dUM4YUFyZWY2REJseXpaWGtPRXg3eGQ4bk43Z1Z5WWF6MG1leFRtX05mQzVub3BmWkN6clJMb201elIxLWhsRm05ZWVWY0ZlZWVfX3ZLaU1xazhpazg4UXVMRmJpeF9JQ0RET21LYmJwLUVPT3dkeUxJcUdqMmxyX0xGRXZQZjNUY041LXZzOWU5MzMxTTV3?oc=5,2026-05-01 13:00:00+00:00,"BJ’s Wholesale Club Announces Waxahachie, Texas Grand Opening Yahoo Finance",2026-05-02
ConocoPhillips,Harsimranjeet Singh Ghelani,Convenience Stores / Distributors,Opening,UTPB bringing ConocoPhillips Small Biz Builder program to Monahans - MSN,https://news.google.com/rss/articles/CBMi2AJBVV95cUxQVUZJSlVaNF9ibV9wUF9wX0d4Uy1TeXU1VXJxNzJhai0tVVVLX0s3Q1NvVkVLY1g1TWdzVGNRbDdQdjFpVnFLdEVmV3VVWi1ad0RtNHpyYjV5dHJNMGRGVzVXY0t2MHNRekw0XzhJVUFvVFRZdUdDVHFSSmx5SzZHdm50M1ktM0haU0tNNlloSWdwMEV0UXBqV1hWeFRMWXlaUHlUT1VpcEkxV1QtT0gxWHMxVXRfSlJfYlYzRHJDNDJyTDF6MlpzWEZPNUxqaGlRamNkM056ZFlyeUZoX0t0YTJMczhjSi1MdEVoanE3U25nVFA0MTZMbl85NmtOdlhmaVNnWkcxTkhuSDgwRVJ5UTJHRVFzNE5vOFRhOUtMLWlSSlhTWHg1WHpXMXJWSERTR21IWmNtYzUzUXAxTmVqakpTaHNkLUpxWUFCX0pBeG5ENGFSdnpJWQ?oc=5,2026-05-01 12:49:47+00:00,UTPB bringing ConocoPhillips Small Biz Builder program to Monahans MSN,2026-05-03
Nordstrom,Rishi Nagar,Department Stores,Opening,Big-name fashion retailer brings discount luxury to growing Texas suburb - MySA,https://news.google.com/rss/articles/CBMihAFBVV95cUxQeGZTdGRCUzczWjEyYS1RNHVJNTY2NnN1RENZd1dNVlBBSnhad0N2aWtSZGMyLXRKQ3l5NWFKMTgyeG1xVUhtdXgzVmhzaG05cGxOQ1VFdXE5cG5lckRYcS1hT0pHTmZKQTYwcDVTZ0NsVG9kZ1NsVG5rYi02MkY5ZkU2d2U?oc=5,2026-05-01 12:33:45+00:00,Big-name fashion retailer brings discount luxury to growing Texas suburb MySA,2026-05-02
Dollar Tree,Ashwin Nair,Mass Merchandisers,Opening,Dollar Tree to open in former Lisbon Rite Aid - WFMJ,https://news.google.com/rss/articles/CBMi1gFBVV95cUxOc3VjVWxFNlg4S2o0azJSVUV0LUpCelZ6LThnLVBLbGdDeTIzVzBrVVItTDc0c3BoMzVMbVJBOGFPSDZPU2VxNUlGLWxuQlhKazVyaEtVX2NjTzVFQWpyeE40T2pxTWxCeWg0RldkeHFvcDdIU3V5R01wOG9IWVM4c2VXWFNUdG4xQ0trbGsxeXh5MjctMFV5ajI2NTQ4T0txQ0ZWQlFZQ0p3ZkJiWG04bEQ0QnA2YkQxUFltcUZiSVcxcGIxWVpwd3lxVnloNUR6ZU5aZkJn?oc=5,2026-05-01 10:57:10+00:00,Dollar Tree to open in former Lisbon Rite Aid WFMJ,2026-05-02
Trader Joe's,Rahul Shinde,Grocery,Closing,Trader Joe's on Upper West Side temporarily closing - CBS News,https://news.google.com/rss/articles/CBMikwFBVV95cUxOejBSUk5hODB2UTJkZi1MQ0xVZ3FTSWtzN0ktVWREX2Q0UlJid2VTb1dhc2pfX2ppc1k3aEdSYU55LUNqVVY5d0xUcDBXQWZqWU9VQTZNRnhlcHJHZ1NYZy1GQ0dIa3NxRThaT3dudU9QQUdmWjY5YUdQZ3EwQ2dVWTBSQ1lwUEF1SEVZRTkwdGtRdTQ?oc=5,2026-05-01 10:31:00+00:00,Trader Joe's on Upper West Side temporarily closing CBS News,2026-05-02
Tesco Stores,Rahul Shinde,Grocery,Closing,"May 4, 2026 bank holiday Monday supermarket opening times for Tesco, Asda, Aldi, Lidl - full list - Liverpool Echo",https://news.google.com/rss/articles/CBMimwFBVV95cUxNNHNIQmhuenYzcmZfQ0ZQMEN5WHBMMDdaWUs0SG40eTVldU82YTNtcThpVndyOVhzclBqR1ZxYzRtcEtaVnZvZjRjQkhzT3h2Z004LWNYMVZfSVZwZEpVMUlyR1dVbjdFU2tJdzluNHhkLW9MQl8tWXp1NEZUQ3FMcmppSEEwYzNJMDRhRGcwSjJXaXF0anYwTEdkNNIBoAFBVV95cUxONjRrc0RQNzJveWxSTDNVbTJidi04YTJfOGQwcVdhWndGYjlLUzI4bnpQeDN2SWlMcXc1TUh3V2NlYTlEY2FVdTdPUVd4V0NqQ2MtV0ozcnJibDItUmdtWkFseVBzZnRZY3hDcjgwNmZSMzdyY043RVBGRHlEQ1F0YVF2amxwbUt4dnZ2NGZDZjlWQ2VPaUNlMUJRLWxiNHhy?oc=5,2026-05-01 09:58:00+00:00,"May 4, 2026 bank holiday Monday supermarket opening times for Tesco, Asda, Aldi, Lidl - full list Liverpool Echo",2026-05-03
Neiman Marcus,Harsimranjeet Singh Ghelani,Department Stores,Closing,"Sources: Neiman Marcus in Ala Moana Center to close mid-May, eateries ending service May 5 - Hawaii News Now",https://news.google.com/rss/articles/CBMiwgFBVV95cUxPLWpreGYzeFU2LVVQQVQxZmxrbm9oOThPb3BkcXJrb0YxUURQbnQ1TnduQTAzTWYyemxkTzc1YXJlUFdlMHJNZDVyVUVOTUZfMEtOaFdNdk93Ynl6MU4zemE2TTBGcmhlcF9hSTU5Q1pwRUxZX2NsTllhdk9Ncl8tZDNldDA3cUZEeHk1aHFTYW1scDZCU2hmaEdBdjhfRHBWYllUc3Q1Nl9iMk94NWc3ZmtTZVlfOE1EZmNaLXpzdWpzUdIB1gFBVV95cUxPQkJ2empUUFlrcnJJZDR0YTIwcDYtdGJOTXdCQjJkMHRWREZtLWRTdzMtbHdWSVNOT0NwVXppbnNac05RQ1k3NzFzcVRPOE5uQlFHMXhST2dkUVEzaldodGx4Y2R0UGhMNmpBc1BaRDF6eksySGRwcDJHNDlfanBqQmtiU0puQ0JLQjRBOUQ1Y2JkZTNSV1lHYlpZYUttQkthTGdqbHl5MUVvX2MzV2poamdidDdIV1V6cnUzVURIdi00d3ZkdU03U1VuLUwzSlg3NUNIZWdR?oc=5,2026-05-01 02:19:00+00:00,"Sources: Neiman Marcus in Ala Moana Center to close mid-May, eateries ending service May 5 Hawaii News Now",2026-05-02
Dollar Tree,Ashwin Nair,Mass Merchandisers,Opening,Dollar Tree coming to The Waterworks shopping complex - TribLIVE.com,https://news.google.com/rss/articles/CBMipAFBVV95cUxQeGNXV1loNmpQMWtnblZENmd5VWFmNUJjUzI1RzlQNG1HZ29MS05mbGR3bVkwSmFnemJwbzJZazB3Q3I3bVBkbkgtYTVoVjBUUndEdHZtUXA0czZONnJRdXZCZnpJUW92a2NEa2lvQ3c5UW9leXNFaTllN0UtdVNBRjV3cmhkZjZjbTdzTmZ0bjJ6NktiRVI4U08tRkRJeFJLSjF6dw?oc=5,2026-05-01 01:35:54+00:00,Dollar Tree coming to The Waterworks shopping complex TribLIVE.com,2026-05-03
At Home,Rahul Shinde,Housewares & Home Furnishings,Opening,Haslam breaks ground on Browns’ $2.4B domed stadium set to open in 2029 - Manistee News Advocate,https://news.google.com/rss/articles/CBMinwFBVV95cUxOM0hEOVFZbTNIWHBuUzVKSVo2WWVTdWtnOUdkakVqaXpDN0pUanIxVlhKSDdZdnREaHkzcU11SVZTbnpIb19JZzVDd1dVeVNxaV9iNS1ydnZyNVZ0N2Y1NlNEemVxSkpZTlNRRGNLUzB1ZzhLSXRMM080VjBoM1JLUzI2elU0VEZaZ043RXI5Tll6RnJ4cXh6Y05VSU9ydDg?oc=5,2026-05-01 01:25:34+00:00,Haslam breaks ground on Browns’ $2.4B domed stadium set to open in 2029 Manistee News Advocate,2026-05-02
Trader Joe's,Rahul Shinde,Grocery,Closing,Upper West Side Trader Joe's Closing May 17 For Renovation - Hoodline,https://news.google.com/rss/articles/CBMilgFBVV95cUxPZWlaM0pSQVJ4LVQyaUVEamRJdmtVWjg1TFg1bkNuMTVJZWlzalBlcjFnTmdRUmYzdGNfWDQwWjhZb3QxUXk0SXg2ZUZvd2RmN05nWU5uU2wtcldCWHhBNzhHSDVPSUszOXVsVEhwdlFCTHNBMlNrVnJzLUJ5aF9lbjFFNGNoWVVtcUVFeDUwTndxWURxSVE?oc=5,2026-05-01 00:25:43+00:00,Upper West Side Trader Joe's Closing May 17 For Renovation Hoodline,2026-05-02
O'Reilly Auto Parts,Bhavesh Phulwani,Mass Merchandisers,Opening,O'Reilly Auto Parts to open its 52nd CT store at the Milford Plaza - MSN,https://news.google.com/rss/articles/CBMi9gJBVV95cUxQWWR1WXpsZTJQUVNobGQ4N3dPc01jalNNWXBWaHZEaWJNQzdyN1IwYW9qd1RKQ1BWbFVrQmZuRTFxREJOUDkwdGhYNlNmRVJsR3pNTjlIeTNkQW8yclJEeUdXQWllTXU4ek9VYzgwWVJYNzA5RVpETGFEaURKcWg0SkhKaUM5eU9lU2Z0UERqMUpuUHBnanRrYkdzSnV0R0lVRi01WEpKQ056M2tYLTRMMDNBVUVnOTFmLXc4ZWtiVGRlU21hSWFaY1FIZ3hvTTNqMVZSTkxLTzQwaFVLWmVCN2k4LXI2S1Zrb2s4S1Qtd1hybjB2dEhDRGJaSkF2c2s4SGdFRWdiZlVDNGY2T3g2ellCVXJWZldyb3VFTGdwVTVrSnZRbjZ2bXh6YVgxMzhpMnZfaVJ2ZUF5cVhtR2k0SllzTzdoX2JrT0h5X2pHUFplcjZsa21CVU1VNlNOU2hZS3pDSFFNbk9yWU1zLWRSTnhPcXNYUQ?oc=5,2026-05-01 00:22:30+00:00,O'Reilly Auto Parts to open its 52nd CT store at the Milford Plaza MSN,2026-05-03
O'Reilly Auto Parts,Bhavesh Phulwani,Mass Merchandisers,Opening,O'Reilly Auto Parts to open its 52nd CT store at the Milford Plaza - MSN,https://news.google.com/rss/articles/CBMi9AJBVV95cUxQQmhuYVBVdXlpN3BaUDRoeWxRZ3c2UGloX0Jaa1hKMzhhYmFjQ3h4QWFIcS1yanR0WVFBWGM5el9pR2Z0SUs0NWFBcUJrbGxaLTQ3bWd4YlltSmxhTVZLd05FdGt6MlBGcFBnS0t4UmM4Z3FIWHBNaXFfbXpMN09qZ0FyV2puUXBKSXBMRWYzYUYzRkc3czR6Y25TUDE4ZGZUanJ0N3pPUFRHeFN1aGk2dzRMYktvMUVIV0MzcHk3eUhNbFZ4MTFfd21aY0h1VWtPZElEU0VNSHdIU0llU0ZHeVZHWHVCb0sxOGRUcEJGM1J0cEc0VmJFc2dPUHRTblo1Ym55eVE3YzNwQ21HWkJEVWozc3ZFaFF1SE5yM2xnbVlXM2hocFhEX2ZzcGVDTDBhRXM0VWQ5Q0ZTMVFpZDR3ajBXRWt4XzJ4MXRCalllYTdEbXU2RUgxa3k3WW9KN0dSa2pqUkw0dUUwaGV4dkJOY2F3RTc?oc=5,2026-05-01 00:22:29+00:00,O'Reilly Auto Parts to open its 52nd CT store at the Milford Plaza MSN,2026-05-02
Burlington Stores,Ashwin Nair,Mass Merchandisers,Opening,SCV News | May 8: Burlington to Open New Store at Centre Pointe Village - SCVNews.com,https://news.google.com/rss/articles/CBMihAFBVV95cUxQTVlLZjZKYjZsQldLOXkwUkRYZDY4QU1pSF9mbjhxb0pvRTlubzZQc3llVUtUU0dMSnpNYlFIUnQ5eEoxc0dJcDdkcnVsZ0I2N0VNdGdIUTlhOWF0WFQwODJXZlczNk1jaUUyVS12NGVKRXBHTlI0cl95TUxSb3BSU3BTRkU?oc=5,2026-04-30 23:33:49+00:00,SCV News | May 8: Burlington to Open New Store at Centre Pointe Village SCVNews.com,2026-05-01
Food City,Kashish Kasar,Grocery,Opening,Food City breaks ground on new Curt’s Ace Hardware store in Seymour - WVLT,https://news.google.com/rss/articles/CBMilwFBVV95cUxPUDk5Q0N3RGQ4V2pnX0JtUUJjNzJETXZaRnU3QVlsY1VyLWRwRlpTWnNTblVtUTRqR0xkTThDV2JhT21tVU5hS1p4RWhSLXptS0lUQ2Nxd1NJWkxZZWYya1BIemZGaE90YzZ5Ykp4SjhCX2VPXzR0ZDZYM01PRzBWMUZkTzBYbktMblNtVlZuQ1dHMVp5clk4?oc=5,2026-04-30 23:10:00+00:00,Food City breaks ground on new Curt’s Ace Hardware store in Seymour WVLT,2026-05-01
CVS,Dhiraj Manghani,Drug Retailers,Closing,CVS Closing Hundreds Of Stores Across US - MSN,https://news.google.com/rss/articles/CBMirwJBVV95cUxQdURmRGxtMHpSZ2xwTURMbTRiTy13OTRvaHZxaHVZd0tYZ0ZuakNtaW00bl9FbEFrVnJmSGwtdG1xTFRtaXhBcWt4bU4xem9Sa29SbkdzU0UtTzA1dFdPTGg2OWhlQUpubFlpZVV0UTdONUFBc3BnTWpfcnJBcjdTOURYb05GR3hGamFFNmxvR2VtV2VVSVFlbXFwYl9SYmtrdVVyaERXbkQyN2M5VnVqU0l1bVlwLWZvdGNFYW9PNXR5TmFsV3lJb1g4YV8yM2tTUGJpMDJ1TWFOeld0eS1Xa3dRbWlfaEVqdFRVSXVINE5jdHA5TjZZSks4OFREdmtLOW5jWkliWWNXajRFSE1IcFExVHB3MjJ6WURNNFVyaHBSQlQyT1J3cmppMW9DZWM?oc=5,2026-04-30 22:26:41+00:00,CVS Closing Hundreds Of Stores Across US MSN,2026-05-01
Trader Joe's,Rahul Shinde,Grocery,Closing,'The Busiest Trader Joe’s in The World' Is Shutting Down for Several Months for 'Major Renovations' - People.com,https://news.google.com/rss/articles/CBMiwAFBVV95cUxOSzdweVBjdi1IX2l4X0RUVEJkTEJUdzE2TUlSUzNEc3plR3NhLWFZdm1uUHl0ZzYzVUJWU2JBZDN4OFE3d2xjRVRTcm1SM3U5elNpaktRNG5jbHJha08zZkZ0THZaWmplQm5Ebk40WVB4U2JHVEJpdVZQUnRSOFNIR1dNNkdDWi13eGpmcC1WTGNzdWY5U2VzSEFIdk8yWm9Ra3V0VXgwZEVsZnJkY3ZlWUc0MVFDUEd0Ui1rcDF3UWM?oc=5,2026-04-30 21:29:58+00:00,'The Busiest Trader Joe’s in The World' Is Shutting Down for Several Months for 'Major Renovations' People.com,2026-05-01
Trader Joe's,Rahul Shinde,Grocery,Closing,‘World’s busiest’ Trader Joe’s to CLOSE indefinitely – and bosses confirm May shutter date - the-sun.com,https://news.google.com/rss/articles/CBMiiAFBVV95cUxPQ3RJenVZcHdDYUZWVTluUTB0UHJYek5EZ2U3N1lxLW1XMzg0bWN0T2lfV2VtWWRKNFBVYkZHdl9OTGR0WDd0MU02TWRJVzBtUEpueDBhRWNPMVV1S1psQk5ZT0N1d09WcHkxQ3BBYmdYVVE4azRGVEptMUNsT01DUkt1ZUVKX1lJ?oc=5,2026-04-30 20:04:04+00:00,‘World’s busiest’ Trader Joe’s to CLOSE indefinitely – and bosses confirm May shutter date the-sun.com,2026-05-01
Trader Joe's,Rahul Shinde,Grocery,Closing,'World's busiest' NYC Trader Joe's temporarily closing for renovations - FOX 5 New York,https://news.google.com/rss/articles/CBMiqgFBVV95cUxOeUJ3bTVYS005azRYemxkV0ItYVJ0dHJvMmF4WDJsc3g4Y09PTFJ2Zm1EU1VKLUhYV2xucVFFLWhicVNJRE44ZVlpZXlhRkZCYWpQVU9oQk9xYWw3U2FoRXF6d0VWYWxlbHZsZWFVQTBHdzFabWtFd3hmS1hnUmJvRUFKTFRfV0R1OHh5TTI2TUp4ZUUxS0hpdGNGNVZjSHVtMHk4QnBfNEl0UdIBrwFBVV95cUxOdXN1RXp4RzhwWWhPN3FfLUZ0dEtTbU5vRUNXbzFDREZSV29zTUJ1bXlXVXB3SlZSb2FrRWMyU3NJU0V2S29xXzdNTzBpUHFLTHZyZWZVaUJuVHZLUm5uX3JWZlRKeTFrb2l6NjBVbGFhVThDbU1la3FXR18xX2thTVEzeVVtOF9zQUM3eGxieGhSQzFUWTFCSHZkbXp4TnpDdW8xZWZwS1F5bGNiRkRz?oc=5,2026-04-30 19:38:03+00:00,'World's busiest' NYC Trader Joe's temporarily closing for renovations FOX 5 New York,2026-05-01
Trader Joe's,Rahul Shinde,Grocery,Opening,Clovis to get trendy craft breakfast sandwich restaurant by chef from ‘Chopped’ - Fresno Bee,https://news.google.com/rss/articles/CBMic0FVX3lxTE9BV1R4cXJaZVNBLThRc1MzSzBSV196UWd1dTJGeTdSalpwN0pMRF9RcmJ3Y2V1YTZNa1VCWlVxSnVkMDk0S2N3cHE0VEJ3ZWNKSmhVSTFWMlpMM3VFVE1pU1BpYzU4WDRZbkV3elNyZ1JOYTTSAXNBVV95cUxQLTdVd1BobGtyUC1QSVZxZlMteURvdHNETkIxb1pOamwzMEJWNVdzbDFxY0tDTDlUUk1BejBBM1JUZVFJM0NuZUdqMnI5UnVlUGNTWFVBdlFmenNfaVlkMm9IZzVIQkk3NkY2Z1FSWVVsT21r?oc=5,2026-04-30 18:41:46+00:00,Clovis to get trendy craft breakfast sandwich restaurant by chef from ‘Chopped’ Fresno Bee,2026-05-01
Trader Joe's,Rahul Shinde,Grocery,Closing,‘World’s busiest’ Trader Joe’s in NYC will close its doors indefinitely — and fans are devastated: ‘This is a catastrophe’ - New York Post,https://news.google.com/rss/articles/CBMiqwFBVV95cUxPOGFrM1JNQ1pPWVk2MTRqN3J5VnB2NjdXZkgtbHAzb2Y0R2RnXy1ReU9OaFFLYThER0NCcXNvcEZJN21SbWFROUs4UnZ2dGJTU0YxNEZ3UnkzelhFWG9hNkwwYldYSUFuQmlKcVFldzNURThfeDNOSl9XbERIeDFvaTlfQUtxNXBYNkJyZUJNUEd4Vkp6RnBERlZpakVGRGVtV1JudVBHWUIwaHc?oc=5,2026-04-30 18:18:00+00:00,‘World’s busiest’ Trader Joe’s in NYC will close its doors indefinitely — and fans are devastated: ‘This is a catastrophe’ New York Post,2026-05-01
Sprouts Farmers Market,Rahul Vasaya,Grocery,Opening,Sprouts cuts prices on coffee and other essentials to boost customer visits amid inflation - The Business Journals,https://news.google.com/rss/articles/CBMipAFBVV95cUxOMno5YkppU0FDZWtpdHhwd3lUdnVQQUt6U2NYTjNvaF9qcG5Rd3o2XzF2eHpaNjZqdE14UHJpWmNHb1NzaTE0MW0wWWlYODJtLUdXUGotMzdUZ2hGN2dwbHB4RkhoOHVMdy16dlFZeWpscHNNUkZTWkdDRFdId3ZRRVp5TWFDYzZWZjh5ejNFeFluT2lVbVFaTlFqUl8yZWZDNWMtLQ?oc=5,2026-04-30 18:02:00+00:00,Sprouts cuts prices on coffee and other essentials to boost customer visits amid inflation The Business Journals,2026-05-01
ConocoPhillips,Harsimranjeet Singh Ghelani,Convenience Stores / Distributors,Opening,"In the latest conference call, ConocoPhillips pointed out that countries highly dependent on energy imports might gradually face severe shortages in key energy supplies between June and July this year. - Bitget",https://news.google.com/rss/articles/CBMiY0FVX3lxTE1KTVJzeEI3SFFiY1doU25ISk1wRGR5Qy1wNzdSeUlReW1tc0JwV2F5YzFtbHdNclVncVIzUHlzVDlPeERPRmpOZXhuTTh0dUhWRVJ0OHdnSUJWMG4tMG9mWHBCd9IBY0FVX3lxTE1KTVJzeEI3SFFiY1doU25ISk1wRGR5Qy1wNzdSeUlReW1tc0JwV2F5YzFtbHdNclVncVIzUHlzVDlPeERPRmpOZXhuTTh0dUhWRVJ0OHdnSUJWMG4tMG9mWHBCdw?oc=5,2026-04-30 16:49:31+00:00,"In the latest conference call, ConocoPhillips pointed out that countries highly dependent on energy imports might gradually face severe shortages in key energy supplies between June and July this year. Bitget",2026-05-01
Trader Joe's,Rahul Shinde,Grocery,Closing,Trader Joe’s at 72nd and Broadway Closing May 17 for Months-Long Renovation - iLovetheUpperWestSide.com,https://news.google.com/rss/articles/CBMiswFBVV95cUxQeW9IM0Fka1pQODU0YUk5THZuNzBucEhJTWF1UTJ3cDRsRXppZ1FUdW9ZcGNBLVMtSTU5eEdRRFVYQXZoRWExOUJGUU5mRE5SWkdBQl91ZkYzWWtGTkxoUGNLRHdTXzR3Z0JNR2c5RVc0am9Ybld2RG1RWEhPRmFmdDNzTnJSQURCRm0zb1dRdEF3SkhtbHRXTkFHUDdXLTFkNTh6OFc0RVRwX1M5bi1sWWRkRQ?oc=5,2026-04-30 16:12:05+00:00,Trader Joe’s at 72nd and Broadway Closing May 17 for Months-Long Renovation iLovetheUpperWestSide.com,2026-05-01
Sprouts Farmers Market,Rahul Vasaya,Grocery,Opening,"LongHorn, Sprouts signage denied - paxtonmedia.com",https://news.google.com/rss/articles/CBMi1AFBVV95cUxNaVMxQjV1Vk5GbTRPNFpyVlBsa1VlblRIdFZIU3BDYy1XUVZSSVJrcE1JMmpBdXoweFhCWjJqbFRRZG9va1pQbUdpX3h6SDItZ3dmdldNUi0yU0dlREV5eWEzOEdZVFRkSzJaaE91RkNxRGYzandOcFhsOGxZYk1PQjczaUNqd1l4RWJLdVlHMGFMbURudjRLOFdVUGplcHhRNkd1NnZHOTQ1UlVoeURSZ1FPeW1BcmlYX2I2Tkw2dWlTaVBBZ0t5YUg1SGN5QkFSRm9rcw?oc=5,2026-04-30 16:00:00+00:00,"LongHorn, Sprouts signage denied paxtonmedia.com",2026-05-01
Sprouts Farmers Market,Rahul Vasaya,Grocery,Opening,Sprouts’ holds steady in Q1 with a focus on affordability - Grocery Dive,https://news.google.com/rss/articles/CBMiogFBVV95cUxQUWR4MElJVUFESUJ2aGMwc0d6NlloTXdlMk5QRGFaZFA4RUpWRWdGazlhODB1STJLSEVUNllUR2dwNGNfTE5JRDdDRzc3cXJZcGVhQ3FtWFJfMzFjTXRVVmFrVElnMzhYZDdrbnZuSkpiVnpwbVpHNlo3ZzdsdnEzSUVkX2hrSGxSdGNGdTBwVHFfLUxiNzNHTG9FRTJUeFhsaFE?oc=5,2026-04-30 15:38:58+00:00,Sprouts’ holds steady in Q1 with a focus on affordability Grocery Dive,2026-05-01
Chick-fil-a,Rahul Vasaya,Restaurants,Opening,Region's third Chick-fil-A location set to open in Lansing - Lansing State Journal,https://news.google.com/rss/articles/CBMi3AFBVV95cUxQckp1MmhZWkExVnV2ejgtUFYzU1ByMXdweFBOV1QzU25pRnQzd08yX1Z2bXpNSUotVDR2dDdrN3VNcDA3VDNmdHlwSm56aFBUckM1MV9QVF83SUdhalY1SzBGZGNFNUt3cU1BLU14aWt4ZDg1UklKZTl2NzdvbkJlWFdDNHZIX0NuQzdiUzZ1UlV0TnFxOGFlbmRGT2RuNmtDblBSX0dqUUNEb1RoTFAyMTdneUpTTkNsTEZqdHZQSWdrbmEwRl9hbVlUWWE0ZEQ4bUVoQ2NRSWswekVC?oc=5,2026-04-30 15:36:00+00:00,Region's third Chick-fil-A location set to open in Lansing Lansing State Journal,2026-05-01
Sprouts Farmers Market,Rahul Vasaya,Grocery,Opening,"Sprouts Farmers Market's Net Sales Grow 4% in Q1, While Comps Fall 1.7% - Progressive Grocer",https://news.google.com/rss/articles/CBMimAFBVV95cUxON3lKV1pVYUUwNTR1ZlhmU01tb3Y5UXY3cXJtbmpiODdUMC1laFktV013LXQtdHQ5dkJuU1ZBYWF2RVJXQUVlRFlMR3ZwNFBESnRBVVJVSl8tVTF3UXlNMkNqaGwtbllIN3FweWRsUGVxVy13QVpmNHhIUnBaZVhYaTdPeUtRSUlhTnpZa3ZzU0g5S0xnOWQ2Rg?oc=5,2026-04-30 15:34:51+00:00,"Sprouts Farmers Market's Net Sales Grow 4% in Q1, While Comps Fall 1.7% Progressive Grocer",2026-05-01
Trader Joe's,Rahul Shinde,Grocery,Closing,UWS Trader Joe's at West 72nd Street to Close for Several Months Due to 'Major Renovations' - West Side Rag,https://news.google.com/rss/articles/CBMiuAFBVV95cUxPZ0NhUUdfZEFsUm9CZjFhNDBLaDlqMHN0UHA3c3ZVNzBPcUxtZnBGWVlCU0d6MUdlUjdGUHBMX2RBWUhrNTY0M05BdjJGNy0wR2w4NUNzVVZIRUZLZDBsczc2ZzlhVEl6aXVOMkVnZzFnWEg1X0lLc3kzUWZTOVdqNllGalJ5b2pmT21DWEpjaG1SWkRabTlPQmlvaXZoQm9rVUtLVkdsOEZXbWxjX0JQbzc2N2dDcEww?oc=5,2026-04-30 14:21:22+00:00,UWS Trader Joe's at West 72nd Street to Close for Several Months Due to 'Major Renovations' West Side Rag,2026-05-01
Kohl's,Bhavesh Phulwani,Mass Merchandisers,Closing,Is Kohl's closing more stores in 2026? CEO gives update - MSN,https://news.google.com/rss/articles/CBMi3wJBVV95cUxQMWJNTHhpSnZ6Qlg2TDY2bDE0UG5FQ1J2N2FaZnk5SnJrTDFfaFVKUmJ1UlpXMGFkUkxsR1hjQ0hUdmxJdzIxeGt2UnFVU0NmRmlRaE92cktaTjZ6M0dvajlhNHJHZlY4OXRaYm8zTVU0TGhFR3hMMHBQMHdMTUp0Mk8yUGg1c1pPeHE0T1ZQZExaSFJ5cS1rYTVLdjhFdl8wREg4WmpJbFB5REExSXFQSnBXajZUdmlMdDZ3VlJsWlpNelpobGtheUVxWmhFemtBTDFlbUl4bkxtNEZkUkNld3dMVWNaM19Qc3g2cmRSR1NDdFRWX3c2VDMzWnVLTnpfNDdseE9BQ2RoUWsxdDgwWVJITFNvMXR1UU5MMFhZMlNwRWgzMFYzcVBwUk1VWVhvV3pPQ09oSTA5SW9xakhlMDJVQVpncjdNakM2Z1Z6WDhTTGZFWXRYbno1eGZ0b1k?oc=5,2026-04-30 11:14:15+00:00,Is Kohl's closing more stores in 2026? CEO gives update MSN,2026-05-01
Saks Fifth Avenue,Harsimranjeet Singh Ghelani,Department Stores,Closing,Inside Saks Fifth Avenue’s final days on City Avenue - MSN,https://news.google.com/rss/articles/CBMiwgFBVV95cUxOZlJuZ2NZM3l6RTc1dzJKUDg2eEJTaUtwMm4yV0ZGb3BMR08wc3hQa3JidmdISmtaZnJYNlJkMEtWdXI2V0YtX0dpQzhiRmdEWVZPenFCMmxzTUlqOGsxRmYwekZ3WGhLLXRDTm1HUnFfczUxZW05SWFJcGZHeEJscV82U2tGSTh3RkRmWVFJR3QxVVRvRmkxcDBCd2tZVEdhTWtpVTE1TWF5OHVtdGZXb281NXlZUlo2ZENWU1Nqd256UQ?oc=5,2026-04-30 09:48:15+00:00,Inside Saks Fifth Avenue’s final days on City Avenue MSN,2026-05-01
Staples,Dhiraj Manghani,Mass Merchandisers,Closing,Closing Bell: Eight days of red for ASX; supermarket staples smacked - Stockhead,https://news.google.com/rss/articles/CBMingFBVV95cUxPYngzMXRncndhNjVCcDI4YVJ5cFp4Wkg1a3k2Y3o1OVZaUUxjR0U4cjh5ZkJ4YVNIMmdETWM3bWt4dTIxNUt0WjdqYnRwcHRaUjJJcE9SUnhLNld5MTNpQ3h3WElyZTVOUGZ2d3FFS3M0MUV1YVViR1RkS0VEbFBZSlg2X0lJTVlYZng0ZzB0S3NkeGRwWDhuUzhfc0tfdw?oc=5,2026-04-30 07:25:14+00:00,Closing Bell: Eight days of red for ASX; supermarket staples smacked Stockhead,2026-05-01
Grocery Outlet,Rahul Shinde,Grocery,Closing,Grocery Outlet is closing these San Diego County locations - MSN,https://news.google.com/rss/articles/CBMi5gJBVV95cUxPbWhXZ1QxMFN1WC02ZTk1VUFGbTkwT2E0VjJjUjVKZWxTV1FFcTNYbVpxY1VQcUxNeW9ZdUpKa19Kd1NYUFhnRHRJYnlyeUJSUFJ3MThFZlM5VUZQMkUzY1lBcGV3TUdTdTVJOFJaQW05MU9pWkwxelhUc0ZzUUdhQjdFZDBIbEhCdG9MdWlrSU5XdzdMc2M3cHVhMk9ZQWdFSmNLeG5lV1IxQURya0dxbk9kbjFqV1E1YnpCdGdRVjJyV3pia1BITGtrQlVFTk1RVlNhX2czV2hmNzk2MWhJVzlocVpUeXY5ejR2a2lpQUV4TG0zOURicVVhcE9hQXgwMmFUTzBQWTBLTzFCaDdhRG9vcHVqT1NwQ2ZHN0RVRVRvMWMtdUVaV1pqcnZoZWtOM0hsMUpKaDJaQjJIWU4weXhTSHMwTFVBMVJTeVpsbFZSNzlyQmpFMDFGWFViVUMzUEtWQ3FB?oc=5,2026-04-30 07:06:35+00:00,Grocery Outlet is closing these San Diego County locations MSN,2026-05-01
BP,Komal Agrawal,Convenience Stores / Distributors,Closing,Repeated BP Highway closures make Pushpalal only viable option - MSN,https://news.google.com/rss/articles/CBMixwJBVV95cUxOSy1xY0VaZTQ2QkFZaVhIcWxhVjdHa0lZQ1lTckZoSUZMYjFTYW5oR09acFRndGpVSEx1VWppWk9jSVAwLXAzSm9OakdXWFl5bzBMdTVVcDBQUmZjdUhxMndTd3VvWnd6ZGgyUHRfVW5xcDNhOHJnNXlWRmpkRHVfQkJGMTNoM1MwM2ZlWDRkeW5EdWhtc2FvSHh1Z1lYVXJhRWdjUExIV0FIdWJCa0FYVW5jLWZWSmpOSHhld3dpLWU2b284UkpfTE04d1FRTF9hdll4OXE5OTYzVUJvOS12c0diY1ZqYlU5QUIwUzhuTXZHR2NNWHRDci1wX255cGc1RVJmQXc1RHNFOTc2TFhQckphNFVVYnRxQ0J6VTYtQVZ1MkxMWlA3aVg5VWVUaTFjSGJob1hZV1Q3alQ5Yk1tWEZwMVgtZkk?oc=5,2026-04-30 05:23:32+00:00,Repeated BP Highway closures make Pushpalal only viable option MSN,2026-05-01
Saks Fifth Avenue,Harsimranjeet Singh Ghelani,Department Stores,Closing,Saks Fifth Avenue in Bala Cynwyd is closing - MSN,https://news.google.com/rss/articles/CBMikwNBVV95cUxQYXAzdTZDSHJIRHhJQ0p1QUZZSEhSNmdwYnJCQ0NFaU1zWTJuamxvMEhBS21EdTAwNG9CbjQzZ3ZqclQ3eW83RDJMcmpDTHBKUXJRSXRQeXdYRjU1aGV6UzcyQ2RHdk9qZFUxY1Y4RE85NTFfOEQzVVFHS0FtazhhNzNWQ2ltcUpqb3JlaUtYNFcwLU5VRWhqbXdJRkYyMzdzWnlZdHZPWWtBTUZiOGJndWpKdFY0VkpNdWZlZG50Y3ZoY0FFREFXbEgycWdvRmlORzQzVjJkazJfR3JrNVRNMzlhaWlCampKLUZWOFlnZzYtTzF0V0xCaU1vTTVONl9LZXAxVFRiWkdHVGtiT1FwUXhsWHY5M2MwRWk4akJYYktLbHY5cjV0TktKOEE4akJzYlJKX3N3REo3Qnpwb1FVbmJlZXZrdmVLQTJxbm1uTkc3ZXRMTHRXbTREcXdTM0dhTE1Db2o1MWRVcGF3bU9JNjVZYUNlUTFWeV9WOGNhbG1rMnNaR0l1VzlUOUc5Tl9VY2dr?oc=5,2026-04-30 04:52:28+00:00,Saks Fifth Avenue in Bala Cynwyd is closing MSN,2026-05-01
Walmart,Rahul Vasaya,Mass Merchandisers,Opening,Walmart Breaks Its No-Frills Mold With In-Store Beauty Experts and Personalized Advice - U.S. News & World Report,https://news.google.com/rss/articles/CBMi0wFBVV95cUxPcFBRU1BsRVhNbmRIOExBVFM1OFk2WUpoNkQ1MkF1Sk5jY3U4TnlOOS0tVWZSeVRRN2dMM1BqUkZzZjJwRGtkTmxzUFMwWDIwOGVTMThyUER0TkVsb1Y4U28wV3ZqcVpEejVKVFZuT0tPR0VBMno3NTYwWE9NV0VGdG5FYVkxQ3RMTWRKZEdyS2lDVndfZEVfSDhlYU5WMkwzbHZmTlVGeEhKWnQ1eFNiV2xlSlRIMlpla0hUbnpZSkpNeDhfS2ZnN2JyRmJvYUh4aERv?oc=5,2026-04-30 04:48:47+00:00,Walmart Breaks Its No-Frills Mold With In-Store Beauty Experts and Personalized Advice U.S. News & World Report,2026-05-01
Neiman Marcus,Harsimranjeet Singh Ghelani,Department Stores,Closing,"Major round of store closings set for Saks Fifth Avenue, Neiman Marcus - MSN",https://news.google.com/rss/articles/CBMi9AJBVV95cUxNbnR1dHJyLVAyNTgwRW8yWGdkYldRRnVBRmFLMmVCT294ek5XenM4NkxoZVhXWXlaSnlzN2VSeWktQ3l4Zk1kRi1ia29KMVR0QnJqNjlYU1ZKaDVZUjdCWkNvN2lUQlI1bkVMTVk2SllqX1ZhUXgtTW4xSmhqaUJ1SXpBdDJOQW1oeVhYUzk0eDAxMEEzeGl0MWRSVGNJNEVmNktyQ2l0TWdiNmZPcXItZF9pOFYyNHR1RFRyaURDRldoZ2Q1bjlKdHRhSWFMUWFpdEdDSkN3Q29NZFhJS1RaNFliZHBNWW5hT0JSTXBGTFlNQzVtQ1dPUlBURm8zRkd6S2FCTHpjeHozSThCTk85SGlzdlA2d29Ud2RnYno0XzBZaEMzRXltT1pwUzhjdEdLaHhpMmlJVWtzRE5fU2I1cXhMTnJOSU02el9DM196ejNlV1A5SXVSUmxQbDUtQlZUczFwV01Ob0lsckowNE1DUzY0c3I?oc=5,2026-04-30 04:07:47+00:00,"Major round of store closings set for Saks Fifth Avenue, Neiman Marcus MSN",2026-05-01
Dick's Sporting Goods,Ashwin Nair,Mass Merchandisers,Closing,Everything you need to know: 2026 Pittsburgh Marathon guide for runners and spectators - WTAE,https://news.google.com/rss/articles/CBMid0FVX3lxTFBPVEJrX0lfQ1pUdEdtSFlqSENMV0RXdE0tNmdYM1Q1WW1sZHVoeDRGNU81T3ZSOG9zZzQteHpXbUhQNDkwTmUzSWRVQUpTNjhsN19sRDdJcWtOV3NqQXJhb3VXN0p3LUZpWUxjcDBqMzdzM1BzUUxR?oc=5,2026-04-30 01:42:00+00:00,Everything you need to know: 2026 Pittsburgh Marathon guide for runners and spectators WTAE,2026-05-01
Grocery Outlet,Rahul Shinde,Grocery,Opening,Grocery Outlet to open stores in these Bay Area cities amid plans to close 36 other locations - MSN,https://news.google.com/rss/articles/CBMilANBVV95cUxOTFFJRGlLeF9wN1N4TXlIRHQyS3V0RlgySUdwTGdacER4RzBjRWNEaW1Ic3FlU2Z5RVdheXdab2JfMFBxYVZJNHdESzVkMVpOLU16bEE5T0N1dFRjaDhHSThLc0xWVEFJaGJreUk1bnk3Q0VnMGs3LTFyYVhGMTBZT1J3QnhNNHpDQVFZcVdPWUwwRlJRS3pTU2FXSTBHZmU2QlZBbFUzNDBldkVoYm5HLUFTZlNTRXVrNE43UlVNbTJBekhhZHBjTENWNkpqc0dDODZmamE5Z1hHOHFoOGR0SmROMEZ0RmYzRUpBUlBqcnN5aVY5NnJuMzYtbGxqMTRwck9CeEpjU1NhTHNicTB3YW5Odnh6NDNoV0c4Rkd3THRnLTVON1Z2MTlRalpocnhMLWxoTC1LRmNWcDhmU2w0c25iZFpubDhCRWNKaWIzR3VwNS1ZV2ZLYndzMFZoQTVGSlFUM3FrakNGYTI2R1pXTy1LeTJTcWtSYWh4WTNsZHIyUU1vd0p3QjJBZnlkc0hKcDRkRQ?oc=5,2026-04-30 01:38:10+00:00,Grocery Outlet to open stores in these Bay Area cities amid plans to close 36 other locations MSN,2026-05-01
Amazon Fresh,Kabeer Pandya,Grocery,Closing,Amazon Layoffs Hit Thousands Across Multiple States as Fresh Stores Close - TechRepublic,https://news.google.com/rss/articles/CBMiiAFBVV95cUxNS0pmbkppc1hJeDgzN0tWV3I3RWNSSWlQRF9XU3J4SW5YOWs5cVh4UkFDSHRjQ3FqR2o1ek5kWmlLbld2NUxnWXpCS1JuU2k3V0M2czg3UW55YzNTREw5YzlPQ2huaWI3ZmNnLXFFcTNQXzc5eFM5Yk5wWWFaQlpKbER4MDA3S01Z?oc=5,2026-04-30 00:56:06+00:00,Amazon Layoffs Hit Thousands Across Multiple States as Fresh Stores Close TechRepublic,2026-05-01
Harveys Supermarket,Komal Agrawal,Grocery,Opening,Second Winn-Dixie grand opening set for Saturday - Lake City Reporter,https://news.google.com/rss/articles/CBMiiwFBVV95cUxQQTNKS3BZOW1YbUhGZEFjME9RYzRMWGRqSm12dXd6NHBjRVUwT0VfNnBiMkQwWUlZOHNYU2lpUFZZYWhoelZwYVFMOFhXSXlxYXBiX1JFcHlkckpJc2t0UlhkOTRwRlZzOWVjd3dtbjRJbmdDX1BYdXVUcHYyUDl3TmZTNDhyWGFiYjBn?oc=5,2026-04-29 23:11:50+00:00,Second Winn-Dixie grand opening set for Saturday Lake City Reporter,2026-05-01
Meijer,Bhavesh Phulwani,Mass Merchandisers,Opening,Take a tour: Meijer opening soon on former Geauga Lake site - AOL.com,https://news.google.com/rss/articles/CBMie0FVX3lxTE5iS09IbldVb3R2d2cxS1dnNng4c3ZoSmg1NWZIWnNwYXZBb1JZM1NnVENvLTFqaDc3OUVDN1J0VTQ5SXgtQzVNRHZkWVZOMkdSNjNTU2FIeHprTHNMbV9UcWUtYUR1YWtsaldUY2xVMFZBOVlrSkp4ZjN0TQ?oc=5,2026-04-29 21:26:37+00:00,Take a tour: Meijer opening soon on former Geauga Lake site AOL.com,2026-05-01
FIELDS,Harsimranjeet Singh Ghelani,Department Stores,Opening,Nevada State University breaks ground on new North Las Vegas campus opening in 2027 - FOX5 Vegas,https://news.google.com/rss/articles/CBMitgFBVV95cUxPX3A4S2hqMHE3bFB6dk1XbGJZLUM1WDNwN0RVYUktd1VHZzlXWjRGZER5SFRWYjdVTWw5VlFrNk9uVzRVbGNaRVd2b2E3Z0dtLUxCWTI5all4X3hNQ19vU2ZyLWlPUGJHZFd0UXZCemM4ckpoek05OG95NGN1NTM1TF9wMHgyaXNkZkVtZk5mQVl2eDRXVnR5VlU2M1pmOVRsQVhHV3NCYnNqeW43cjJxUHVXb1ZmQQ?oc=5,2026-04-29 21:24:00+00:00,Nevada State University breaks ground on new North Las Vegas campus opening in 2027 FOX5 Vegas,2026-05-01
At Home,Rahul Shinde,Housewares & Home Furnishings,Closing,Rural nursing home crisis deepens as closures and citations mount - McKnight's Long-Term Care News,https://news.google.com/rss/articles/CBMic0FVX3lxTE9ZVnpnNktTTGNZZGl6ZGtkQV9NUnVnek1VZUVZTG1SWFlsd3BpMlhGRHpiSGhfUU9JYjNFVFp5N2c0MDJ1UE5wNjlkZmJNYmJidGJhYm9SdXVJcktVNGE3SlU0dW9XYXotT3A3ckV5Vk5CSGs?oc=5,2026-04-29 21:01:04+00:00,Rural nursing home crisis deepens as closures and citations mount McKnight's Long-Term Care News,2026-05-01
Meijer,Bhavesh Phulwani,Mass Merchandisers,Opening,Meijer to open May 6 at Geauga Lake (and everything else happening at the old amusement park!) - News 5 Cleveland WEWS,https://news.google.com/rss/articles/CBMi4gFBVV95cUxPUE5Kc3NEVjhfdUM0dVVtZkdPa2I0LXA4MG9janNWdndNYmxlcGVEV1Yzc3Fpa0dlc24xNXJhcmttY2VRQjhQVFowYkNpT2RReFhVR3gxZ291YlFVNlRuZ0JqZExTdzFuSkR5UThpX3EzNi1IWERZelBVaVNsRXp0RlloQkI4R1RqaVBYLU9vUTBZNXU4djduUGdtaDVXa0x3dW1XYTR4WFI2bmtCVUNWN0tMNmp5TzBIUThuekNReWFCdG1VYXVBWHVvQU1pLUpub2NUeGRtdHdNaW4tdTJmam9B?oc=5,2026-04-29 20:33:18+00:00,Meijer to open May 6 at Geauga Lake (and everything else happening at the old amusement park!) News 5 Cleveland WEWS,2026-04-30
Sam's Club,Dhiraj Manghani,Mass Merchandisers,Opening,"Sam’s Club hikes membership prices, here’s what changes - USA Today",https://news.google.com/rss/articles/CBMinAFBVV95cUxPZnNlLVFfNEhEN2stTllxWlNWUU1HT2RxNlhjNTRBaFlnQTN2VHNKQ3VzMGh5UnF3TW8wMDctbWIxRnJZTkJvTFg2WVkyWEVXenB3aGJ4c0R4dm5ucmlCcGdqT3d1UmUzMU5zZ0F5WlV4ckhqNjV2SDJMWFZkWGVUVk10M2RBM1B2cXNKOGROQXFQLUVlSUxhbGpzT3Q?oc=5,2026-04-29 20:30:00+00:00,"Sam’s Club hikes membership prices, here’s what changes USA Today",2026-04-30
Meijer,Bhavesh Phulwani,Mass Merchandisers,Opening,Take a tour: Meijer opening soon on former Geauga Lake site - FOX 8 News,https://news.google.com/rss/articles/CBMiiAFBVV95cUxNU2UyQ0xXV2l5aHpIbXNYOFcwbzlhWGZTZUN2N2Nia0VVQVNhNjNTUHJycUtVRzVXMk9jN01LUS1vYThaRW81VlRSU05rTVFQMHdfRnR6SThuNjNFUjEtUV9zc1IwRTUzMmlDWUVVYTl3Y2tiRl94bDFCZGx5Vkh1ZkhSNGc4RjEz0gGOAUFVX3lxTE11ZGI0QVIwenBxRkdPS19TZmN3NGxJVWpVN3JCZWpRRTY0cWJmSjRjbHh1MkpfQ3F2T0gwa2hSejBMeXMzWnNNLXhoaHNKd0dqMkFtaHJFbGxJbkVDc2x6N3c0cFZEcXFOQzEyTy1vUEtzMnBxUzFYbEowZERKQVNjcm90Smd3aDVYaXNEU2c?oc=5,2026-04-29 19:05:59+00:00,Take a tour: Meijer opening soon on former Geauga Lake site FOX 8 News,2026-05-01
Dogtopia,Suryakant Rajput,Pet Care,Closing,Doggy Day Care Staff See A Pup Waiting Outside All Alone — Then Realize Why - MSN,https://news.google.com/rss/articles/CBMi-AJBVV95cUxQV2J3UnlkM1hzaWxMSnhCM3BzMjkzUHFjS0drUWpZZDE4RE8xYkJCMEExYk1IRnJ4UGRIbmV5cnd5aEIyMnRtVHQ2VUFDSFA3dlhLd1BMY1RMNXV5MnBvZzZ0WUsxM29id1VNM0lYdVlneVVXNEM3eDlSaTEwd3QwSWF5ZVVJX0hZb0tZa2tsYUhXZGlTOTFBc2JNcFdZRnNyRWFZeDdBXy0wQ3htSXR3ZHIyNlJMT1MwdjVITmVwVWVnWVdNeWc3UUhhQ2RISkJ6MmJob0ptb3hPQ1o2eGJiSWEwSURGZnJvZFBHcDk2ZDVwMUxkZE1RVUdDelNZN2ZSMU1ZbVVtMGVldWJJSkdlZ0ZjS1hLdWdvN29XRVh4N1VuSFhZQ09NY250NlFYVkVpLWFCb0tkWVZJWW40ZGVQVEc0YzJUOU85U2FEeHZ4Z1FocWJ3a2wtR1ZoQS1YcC1tSzJaeDNzTnFlX2xEdGFGN0x5d1lxc1p3?oc=5,2026-04-29 19:01:40+00:00,Doggy Day Care Staff See A Pup Waiting Outside All Alone — Then Realize Why MSN,2026-05-01
Sam's Club,Dhiraj Manghani,Mass Merchandisers,Opening,Good news. Sam's Club's 'on track' to open Lebanon store this summer - AOL.com,https://news.google.com/rss/articles/CBMiekFVX3lxTE0xb0RfMTdyb1R1SkhJZG9UNXVVbzI4OHBsZC1rUXQwYVZOamlSc2hEeW56ZEw4YU8zLW81OWZnektkQVI1T2hjYnBWcEZCVGFWSHVlY2NQRUVrOTBCZFFWTGd6SHpNbVFOcWhFZmZpdHkyRDRoVDNicTBR?oc=5,2026-04-29 18:58:55+00:00,Good news. Sam's Club's 'on track' to open Lebanon store this summer AOL.com,2026-04-30
Sam's Club,Dhiraj Manghani,Mass Merchandisers,Opening,Good news. Sam's Club's 'on track' to open Lebanon store this summer - The Tennessean,https://news.google.com/rss/articles/CBMi4AFBVV95cUxOQS1ic01faHZrbkNNajB1OURBRW5zTlhVRzNoVVN2Y01KUU1GY3p6c015UDREMzhiaW1PSXBzTHJhRDlVeTRWbkZwUmMySi1kZ1Y2a3JCRWg3dGE2dFV4YnVRQ2sxOVB2TllaVjhsVTNZWEV2SjhRd0huOXBBSFB4U1ZNZ1NSOHVhZE8wOVhsUXd1SDNhLTF0a3BYZGR0TUszSzVJRE9IQUhrY2dnU1BkeTBBWVVHZ01va2FMTEV6aUpUNk9fTHV6NnVteHllN1ZIWGxtUnFMcWlUOEVYM25tUA?oc=5,2026-04-29 18:58:00+00:00,Good news. Sam's Club's 'on track' to open Lebanon store this summer The Tennessean,2026-04-30
Sprouts Farmers Market,Rahul Vasaya,Grocery,Opening,"Popular grocery store taking over giant, long-vacant Dominick's site in north suburbs - NBC 5 Chicago",https://news.google.com/rss/articles/CBMiywFBVV95cUxPSkFnUUxuVUVDLXZMQVFtajBwa1M1S1ZFQ3ZYV3JlVjhaTGZxZUl3VGYtcXFuTHNyVHZVcXdKYnVBWkhCckRueGc3YzBsbHBkaUFUZXA3dHhHeVhsQUU1VG1rbnFLTGV0a0xvRFoxSmw0ZGhnczhuVEhVWnVuUEhVUFBWOWVQSGpVbjdWVHA1U2JkbTZsRlVEaFp5NDhwb0JZTGk5Q1Y3cDgwb3RqdVB4dU9KYWZUQ0VKWUlHRi1pam1XWWlxWHFibVVyZ9IB0wFBVV95cUxPOEljRUZyTTdQSmotc3MyU0xMV1htd2E0elFTY000cU9LT0lEUW56eVZyU3F5Wm9DVnpqakwxV0dpUXNiWHVYMnhpeTBzSWxlMGMxSkZBekR3RFpoeG9fNmQ4Mms3ejI3UVM0STJZNWxPMVF2T19Ha1RxOFJZektfbTVkWUcxclJ3QkRHLXJGaVhKRHlqd1JFYzhJN3Jyc3A3X0piTGVuN0trY0s1T2hqZUZIU3RuZUE5Zzk2QU1nVVQwNWNtMmprUm1Db0VvcTlnYTNj?oc=5,2026-04-29 17:46:50+00:00,"Popular grocery store taking over giant, long-vacant Dominick's site in north suburbs NBC 5 Chicago",2026-05-01
Barnes and Noble,Ashwin Nair,Mass Merchandisers,Opening,Barnes & Noble returns to downtown Seattle with May grand opening - MSN,https://news.google.com/rss/articles/CBMizwJBVV95cUxQQWZSeU5FMm1kNG1pTDgwTzNyQ0k4UWczNXB1VldKdG9xWi0zSGVuRlRlc192YmItWHVlbkVTeWtDbjZnaGNPOExiTFJwNkJkdUMzSHBrbVk5WFpFVmc2SWZEU21YQ0RLYm10QnBoMGlwV0xEQW9fbmNrcmRSV1o4RVhMLVpEaW8zS2Q2RmpvSDVmRlk5ekNBbFRkNi1ab2hqZ0Y4Y3N5NWZWSzYzaXdGWkwxbUctQUhhLXV1d29lUVVtYnUtak9IWmsyRXY2UFdkRWxoUWJNZGNlakNTaVpDdHRjRjFhdVZ3cEdkS3VTb3VKZGVwT1BJQVp2cE0xVVFkZGZOem1sT0JhWEdSRlhsYlhYLXlnZUIwMjg5b2JtY2ZHcjNWVEZIRDRtU0xFOHpFMUxKS2dDT0lFblRRNXZhWC1FWFp4TnBHNWFjbVpmTQ?oc=5,2026-04-29 17:39:01+00:00,Barnes & Noble returns to downtown Seattle with May grand opening MSN,2026-04-30
Chick-fil-a,Rahul Vasaya,Restaurants,Opening,Chick-fil-A breaks ground on second standalone restaurant in south Fargo - Valley News Live,https://news.google.com/rss/articles/CBMirgFBVV95cUxOM0FmVHd1YXdBZXNvZ3ZkeEs3ZUk4dzhkUUZzeHNkdXRRSHN4bU1OTTVYMG41SjE5VmZienJoX21BbGZ5cEo5Mzh3Skp1R0tkTXR2N3VQZ250azBaQ192d1ZPRE14SGZpR2lSY29xcFlzcGVsQUZYQjBNN3pnay1yM1AycU5GLTRvVFB0d2lCT05SWnhqNlkxR0FJX0lsQmVjRkdqd1RuLUNjZWIwWVHSAcIBQVVfeXFMTVNPT2U1bHhpSkVELVhYcEhac0xqV05yY0NDbUtkb1F3aGdKd1QyVkdQbW9LSVhKWG8xZkM3cVJLQkstX3RrZlZpTVFxd0dkSzF0MWpzUkRfRXEzcjZja0NiYWhsTVRiV0d3c0lQN0YySGdrZEdTTkpjak9kRm5hZnB2VndhVlVkam1hSUluZUw0RDJ1bDFtek9QX09VMmxoZWhEejdhQU1NaW9MdmJUR3VFREFUNUU1UGI1Sm00Q0hsTnc?oc=5,2026-04-29 16:54:00+00:00,Chick-fil-A breaks ground on second standalone restaurant in south Fargo Valley News Live,2026-04-30
Dillard's,Ankit Rawat,Department Stores,Opening,Dillard’s opens new store in Beavercreek with ribbon-cutting; hundreds of shoppers attend - MSN,https://news.google.com/rss/articles/CBMijgNBVV95cUxNay0zaWFzaWpKRm1CQ0JfOGFpTGozVTFIOU96MVFGNG01SUVfT3dyVXQzS2IwTXMtRTJZME9KY1dFTG5SNGNjRzk3MElsVU02LVVtSjRscnVRV09ZT01XeFMxZVZ6WDNsbkdUTTRKcXEwaGcwc05RNWVWSkdnYW0td1otVTZMWFVfbVg4ZWU5WWNLOElXbzU4aFloc3hsMzczamZzLW5xX25iSVhpT0lYdFNHeHVaYVo5R0xfeGpGSG9WWkhUTmU5b2JLbFpYNXJaVXg1WlBuQm5ZbGltTDRtUmN4a2UxMzhtaUZjX0tvSFZXaU5fRmZtTXNjOVp4akNLcGxYNWRwQVI0dlE2b3ZXZWtTUXNPZGdLRFRKa3hfMi1vdEx6YTdMek5oeU5abV9ldjlXV3d6eUtPXzRfZjcxUHMydGdRcWpQY0FKT1F3Ymk2WG9BOGJxRE95d00xY1J1YU84a3I2bHNldXJfeDBhZV9tVDN1d1p1cV90ZURYRmx2UjhBWjJVVGo4Sk9Odw?oc=5,2026-04-29 16:20:38+00:00,Dillard’s opens new store in Beavercreek with ribbon-cutting; hundreds of shoppers attend MSN,2026-04-30
Barnes and Noble,Ashwin Nair,Mass Merchandisers,Opening,Barnes & Noble returns to downtown Seattle with May grand opening - KOMO,https://news.google.com/rss/articles/CBMi2gJBVV95cUxQRTFuc3Naemp5b0lzVEYtcGdwbmlpT0RvU20wVjJfejluOWJkT0pGelBOOE0ta0lDejNYWWZfREQ2YU1uc2Z2dDBSdXBVREZIaWxGYkRaOFJWNzZIQ2dpRTl0akE3T3RidlpGeDFEdlZVSEo1MXdYR0hCdVdBZ2lwUGVDNzVNaDJ2ZFc2eUxTYVlhbUdJc0Z5cjdTN2l0dHVYd2hTUzV6UmFYazJQYTZiZnA5QTBFTmtmY1ZxamlFXzhsVlFUT3l2LXlNblRlWVBlSDVQUVJRaVVGX2Q4RTVuXzM3UERReXY5UERDRzdhaHFqcmR4ZGVhNWtzUWJESDB1T095V2NFczN0S1dlV054V0NHVWszaDhuN010TldNOHRkanItcVozcEttdmR2MUstVmdzVGxGSmJKUlhlQkZiN0dac1dlSUQ4OHNLXzZBYU5BTXhNZlFSVmV3?oc=5,2026-04-29 16:19:53+00:00,Barnes & Noble returns to downtown Seattle with May grand opening KOMO,2026-04-30
Neiman Marcus,Harsimranjeet Singh Ghelani,Department Stores,Closing,Saks closing stores: Saks Fifth Avenue and Neiman Marcus locations are shuttering in 9 states. See the full list - MSN,https://news.google.com/rss/articles/CBMiqwNBVV95cUxOdENKellsTmJuWnhwWDZqQ3hBaW5raENHdE5UaGdqR3ZTQ2FlT3k4bVhmSTlsMnBIb2ZIQ1N2aW9ZYU5HaklGZHEyT2Q1eVE0X2JrOHIzdDB3bFVlbHU3Z28wOFdVSnItOHVhcTJlOUFrenRLQThXeGM3Nlc4M1k5YjN1Ri1FYjBkbEYzVlZpTThjRGk3dGg4cVhONG9ET2NfSDVqZFJPay1JUXljRmN5VU45VkF0ZnAyVkQ0d2N6YjJNdjZwUkJSLTZWNTNaN2RZX0V4ZkFrdUMwU1VOTU9nTzhWTXd5a25FWXFrTHo3MWdQb3JqRWVLbVA3M2NUdWpfbFZ5TVNMUVB3WllOWnJydUJtZlE3OHM3SlZUZjZGLUttWmxLOGxjbFk3a3I5Smw5VzBMeWxXa3R6ZzJtZ1l6aGk4b3M3cVlaUVYzajd4MFNUcFZ6bENyU1ZWemh1eDFxdTJZVEhfcUtEamJndFFPbVBCeGttYmdrQzgyMlBsTWRZaDJCTUhfUnZyV3ZCc1RTRW9nSUs3QXc5bzhqMWotRDBsNGtYNHlSNjdr?oc=5,2026-04-29 16:02:55+00:00,Saks closing stores: Saks Fifth Avenue and Neiman Marcus locations are shuttering in 9 states. See the full list MSN,2026-04-30
Grocery Outlet,Rahul Shinde,Grocery,Closing,"These Maryland Grocery Outlet stores closing among 36 closing nationwide, listing shows - MSN",https://news.google.com/rss/articles/CBMiiwNBVV95cUxNY25xRzBpUEhZLThjMFJNVnNkanhNVjJfYmpoYjVKVjFVZjhKa2VESjJBeWlQUDZpcV9SaVFyNUpOdG1Cb3N2eC1UTUFPaVpwVjN6YU9uYnpOdi1CQ19TQkJyckFENTlhQkhINWVsSXlpc3k0cUp6VTZGdWNjUzA3ZkVCNTdWRTltWkZVY2RkdUo0RFVCTGtmSnpBNVhWZGk2MlhyVHRmcDhmai1YTjA4T2FkZXo2Q1pvbldTOHFIWUxFZUVSMXNFQnREMkRxZzNrZ1VfWnlZellmM052M05YZ3NqUnVZNF9KV2FISGRub2IxdEktWjVqdGFvU3dlNHhuUW5WclluQlMwWWRtRGd2WHJqUC1iWFNraDVIeEphVHdaaUk1YVlmWXlYOW9faVBlR2FVVVIxQUFpYnBQWkJpdE9COVk1UzJEeTlEeFNFRzJrNDJoaDcyRENmanlNaERvcjlKNHJ5cUlRaTZLRFJTRGdLeC1MSGdndEVrZVBTVXc2cDhPWGdjV3J0SQ?oc=5,2026-04-29 15:11:38+00:00,"These Maryland Grocery Outlet stores closing among 36 closing nationwide, listing shows MSN",2026-04-30
Barnes and Noble,Ashwin Nair,Mass Merchandisers,Opening,Barnes & Noble cuts the ribbon on sprawling new store as first wave of 60 locations launches - the-sun.com,https://news.google.com/rss/articles/CBMilgFBVV95cUxPMVRkRF81U2tOcEtEbkk3YnJEMlQ4eGFoN2FJRlVlNnhsM3B1WTA2T1dCenRwelJWQlRQS2xDMzhGWnY3SzZ3eVRjOFFPb2JHTmx0V3FEa0pLRnAyQ3VOUXRGZzFMZ041N1ZKRzZoNVhRR0VLU2dHZE40V1U4VXdrWVotRnZheFhGb1pmalZvQzMyYmw1RXc?oc=5,2026-04-29 14:58:11+00:00,Barnes & Noble cuts the ribbon on sprawling new store as first wave of 60 locations launches the-sun.com,2026-04-30
Burlington Stores,Ashwin Nair,Mass Merchandisers,Opening,Burlington Stores opens new location inside The Shops at Boardman Park - Mahoning Matters,https://news.google.com/rss/articles/CBMidkFVX3lxTE5LR1dMcTNuQWJHYjlsSndyNlU1UWEtWDl6TUhpc0RnMUtTVXowNHllbHZMSGJ6WE1KWWZPNjEtVDcyZmNRRHBqRHlZNkMxQXM3bTBsTnlBSXNHM0tpWmRSTG40WFdSN3pfdW1UT0pmRmxDam8zT1E?oc=5,2026-04-29 14:00:00+00:00,Burlington Stores opens new location inside The Shops at Boardman Park Mahoning Matters,2026-04-30
Dick's Sporting Goods,Ashwin Nair,Mass Merchandisers,Closing,Dick's Sporting Goods Pittsburgh Marathon: Road closures & detours - WTAE,https://news.google.com/rss/articles/CBMijAFBVV95cUxQOXFwTnFES285Vlo1cGRRRVc0UXhfRHVwTnA2VTIxZkxIYUNqZHZRSFdsT0YtVEVpM29oaDF5SFBvd1lVcU4yUXpGaEVNNzFvWVBhZkdjTkp6dlcwcUpPWFM5cnNRUUZ0dV92cUFTUHU0M2tjWnhSQktYZ01Bc2szZlcxU3FxemdvWDFDeg?oc=5,2026-04-29 13:51:40+00:00,Dick's Sporting Goods Pittsburgh Marathon: Road closures & detours WTAE,2026-04-30
Dick's Sporting Goods,Ashwin Nair,Mass Merchandisers,Closing,Dick's Sporting Goods Pittsburgh Marathon Weekend: Road closures & Detours - WTAE,https://news.google.com/rss/articles/CBMijAFBVV95cUxQOXFwTnFES285Vlo1cGRRRVc0UXhfRHVwTnA2VTIxZkxIYUNqZHZRSFdsT0YtVEVpM29oaDF5SFBvd1lVcU4yUXpGaEVNNzFvWVBhZkdjTkp6dlcwcUpPWFM5cnNRUUZ0dV92cUFTUHU0M2tjWnhSQktYZ01Bc2szZlcxU3FxemdvWDFDeg?oc=5,2026-04-29 13:51:40+00:00,Dick's Sporting Goods Pittsburgh Marathon Weekend: Road closures & Detours WTAE,2026-05-01
BJ's Wholesale Club,Ashwin Nair,Mass Merchandisers,Opening,Looking for cheaper gas? BJ's Club just made it easier for Brevard. - Florida Today,https://news.google.com/rss/articles/CBMiggJBVV95cUxQRWVsRjdmYlRVRjNsT05wRHM5SDRlcWhPS0liRURmT1FVTzRrV2hfUFNGZllfRGwzVkVoT2dpdHlnc2RCamtocUM3a2FUaVRNZGhUZFpEdDVJT2tGN05lLU55TDFkN3Z1cXVCUEdra3JqNHBCY3VsWEZSQkhFQmd5akhyYjJXQU5Kc29IUEk4anlkOVNQc0xNME9QekhkQ1d0a2J2UGVkVEhmR0tSTXc5Y2I3U0k4MUN6LWNhclkyQmRySGhRM2tRVFU2dWVIX05sTERhVVhuZ3h6eXVjWlJCbmpvc0VpU0VBMGR2dVR0TTF2cGM4Mk1vdzdxaWpRTFk1OVE?oc=5,2026-04-29 13:49:00+00:00,Looking for cheaper gas? BJ's Club just made it easier for Brevard. Florida Today,2026-04-30
Grocery Outlet,Rahul Shinde,Grocery,Closing,Grocery Outlet is closing these San Diego County locations - MSN,https://news.google.com/rss/articles/CBMiiANBVV95cUxNY3Z2a2hxNkRvUmxyWVVIZ0JaQUhjTy1vblpwTk8zeTRaT2J1UE5YU1hWYkQxM0Q3YmNvVHdrbzFtenRfQlB1YU50Zy1KT085elU2V2Z1VlpBbjZBS1hQc1h6dlVWaG5XQ0NKYnBPQ2x2MU9oNmdaeGJuMXpEY1N4Y3EtOFVuNTVteTZpOWlCSHFUWkNIeEpJdUJHcEMzZkJ3Z1VSV0lHNXNsRmpnYzdaR25RYW1VLUFGMl9xcF9VN0NUMm1ZalcwNDFUem1wX1pOek1aWW9ObDk4MnpiekhwQ0dQQlZnS2NCbTJ2X1JxVnE5N3lXb2ZXVFdYWTNWQ2l6TERxVjdmZTRIU3lGZ0hZdl8zLXJoazQ3d1hCWHM5c2JRbFJPSHBkRDR3Z3pZbXpzNEQ4T2ktTWZJcHNLNmJ5clZTRjZGVHJNazBBYnNlREVBZG1aV3p5SWl3ZzNLVXlvRW9tS3JWbnFRUk0zODFGWno3WkVQZzhkNVRkaTc3UVoxSmlsdHE5Ng?oc=5,2026-04-29 13:36:10+00:00,Grocery Outlet is closing these San Diego County locations MSN,2026-04-30
Dick's Sporting Goods,Ashwin Nair,Mass Merchandisers,Closing,Road Closures Announced for 2026 PGH Marathon Weekend of Events - City of Pittsburgh (.gov),https://news.google.com/rss/articles/CBMi5wFBVV95cUxNQ2FvT2RvbGZkNTFScHBrS0VHeXZMWnpXWExHUHdkQlk4VEdXaFRibnh5VnZFOE1JM0xiYmd0U2dYcUZ1MFdqRDRTVGNkV1NiTTI4UW9IZ3p0N3paN1BIS2FGRkM5d3VJb3o5VVkyeTNxZEVWY2I0UTdPZXpfTFVKd1gya3VTeUhIUkNoeTBNNjNvSE5NTnRUTlZFbXZoUkZrX2JqY25BdFFMZU1EamFEZmRTcmJ4OXdZbWt0ZmtnXzJJT2VmTjBYUDJqazdNejI4NU1VN0RQb0RpSzUzZmpzZnBhN3JmSjA?oc=5,2026-04-29 13:35:42+00:00,Road Closures Announced for 2026 PGH Marathon Weekend of Events City of Pittsburgh (.gov),2026-04-30
Burlington Stores,Ashwin Nair,Mass Merchandisers,Opening,Burlington store opening in Canandaigua this spring - Democrat and Chronicle,https://news.google.com/rss/articles/CBMiyAFBVV95cUxPVWZZY1lVc1locUdMWGV6eFRQZlZkWHktbVRZTkRiNmlQX0NGYmo5MFNfNFpKbDFHc1l5dlpCTHo2NGRoZm02a2JhNjhFSjVVWXVSQ3pvbEtJeV9uVkZORFFNMzgweHNhNEtTbE9HOXhoMjY1SXZLTUZucWhnd05faDhxNE12QjF0RG9tYjNQYVRsMmdzYXAtOV9raGRQdkxjaWxBcHVjaXhncG5ZekFRUkxOdHFyOThNSFZ5anE0eUl2RThZcmR2VQ?oc=5,2026-04-29 13:30:00+00:00,Burlington store opening in Canandaigua this spring Democrat and Chronicle,2026-04-30
Whole Foods Market,Rahul Shinde,Grocery,Opening,Whole Foods Market Named Most Trustworthy Grocer - Progressive Grocer,https://news.google.com/rss/articles/CBMihAFBVV95cUxObmJmQVptVDB0azVhSFIxdWhILWgzUUkzLS1VdU1RTkF5V2VacWo5X3BmT1gyQXd2LWtKcGlZVEhoOFlCS01kNGZpSW56WkduWGYxZWU0N3lad0pXQlctanNZZlB0RXo0c1ZhREVyZzU3SXF2cGpJVjJtRnBjUjV4Wlc3WXE?oc=5,2026-04-29 13:06:38+00:00,Whole Foods Market Named Most Trustworthy Grocer Progressive Grocer,2026-04-30
El Pollo Loco,Ankit Rawat,Restaurants,Closing,El Pollo Loco’s Stock Shows Strength in Latest FT Scoreboard - franchisetimes.com,https://news.google.com/rss/articles/CBMi8AFBVV95cUxPc21hWGMxV3dRVXlNc0xYSWQzcUpjbnh3ZUNFM0ZQUjdWRWtBV0l2VG1FUnlBYlpISThzclFEN24zblZlMEFBdVMxaTVUMU0wUnRpY2hEM3hQeVJ3azhiakdsS09ldVJKbXc2VmdIQ3Q0Q3A5cTZiWU02NFRqektyR2l1N2Z4MFpuU180am54WS1FSVdhMWdFU2c3Wi01c1hDamlMeDZwVFltTXZyMXp0S2hxekFXRlg2T0hoWkpoY1FaNzRaYjVBdXNlLU45UXRFZGdsMW0zQXRfMUt4MHE1T1F1Y2xMWkNYSVAzUENjNmU?oc=5,2026-04-29 12:06:00+00:00,El Pollo Loco’s Stock Shows Strength in Latest FT Scoreboard franchisetimes.com,2026-04-30
At Home,Rahul Shinde,Housewares & Home Furnishings,Opening,Part of A47 closed after fuel tanker breaks down - EDP24,https://news.google.com/rss/articles/CBMijgFBVV95cUxQMzczNm5naG1QS3l6eWZQUUYyYUhVMU1LV3pDYmFYYk03bXhBQTBnOHpEMldPSmVxSklHVGVIczVrT2xGN1NlQU1zQ0M4NC1SR084UHU2cDdkcTJGM0xvUWlnbGFJX3RMeXVPTm5lWFR6bEhuUTdrejB2QllFazZXTmRvdEFRSW8xZXVNNEVB?oc=5,2026-04-29 10:04:00+00:00,Part of A47 closed after fuel tanker breaks down EDP24,2026-04-30
Macy's,Harsimranjeet Singh Ghelani,Department Stores,Closing,"More than 2,000 stores are set to close across the US in 2026. Here's the list. - Business Insider",https://news.google.com/rss/articles/CBMia0FVX3lxTE9SUTdiM1JqclMzakxVV3hnTHU3N0ZOdHQ2UFhvc0RMS0kwM1FQQnFKd3RUb3ctOWpLSHRyc2o4d3pDX2lVQUdRcEJ3bzhKNWZzT1VuNEY0MGk2XzVXLTVHanRNMHBRRWM5aVVN?oc=5,2026-04-29 09:09:00+00:00,"More than 2,000 stores are set to close across the US in 2026. Here's the list. Business Insider",2026-05-01
Kroger,Moksh Kashyap,Grocery,Closing,"More than 2,000 stores are set to close across the US in 2026. Here's the list. - Business Insider",https://news.google.com/rss/articles/CBMia0FVX3lxTE9SUTdiM1JqclMzakxVV3hnTHU3N0ZOdHQ2UFhvc0RMS0kwM1FQQnFKd3RUb3ctOWpLSHRyc2o4d3pDX2lVQUdRcEJ3bzhKNWZzT1VuNEY0MGk2XzVXLTVHanRNMHBRRWM5aVVN?oc=5,2026-04-29 09:09:00+00:00,"More than 2,000 stores are set to close across the US in 2026. Here's the list. Business Insider",2026-05-01
Saks Fifth Avenue,Harsimranjeet Singh Ghelani,Department Stores,Closing,"More than 2,000 stores are set to close across the US in 2026. Here's the list. - Business Insider",https://news.google.com/rss/articles/CBMia0FVX3lxTE9SUTdiM1JqclMzakxVV3hnTHU3N0ZOdHQ2UFhvc0RMS0kwM1FQQnFKd3RUb3ctOWpLSHRyc2o4d3pDX2lVQUdRcEJ3bzhKNWZzT1VuNEY0MGk2XzVXLTVHanRNMHBRRWM5aVVN?oc=5,2026-04-29 09:09:00+00:00,"More than 2,000 stores are set to close across the US in 2026. Here's the list. Business Insider",2026-05-01
Grocery Outlet,Rahul Shinde,Grocery,Closing,"More than 2,000 stores are set to close across the US in 2026. Here's the list. - Business Insider",https://news.google.com/rss/articles/CBMia0FVX3lxTE9SUTdiM1JqclMzakxVV3hnTHU3N0ZOdHQ2UFhvc0RMS0kwM1FQQnFKd3RUb3ctOWpLSHRyc2o4d3pDX2lVQUdRcEJ3bzhKNWZzT1VuNEY0MGk2XzVXLTVHanRNMHBRRWM5aVVN?oc=5,2026-04-29 09:09:00+00:00,"More than 2,000 stores are set to close across the US in 2026. Here's the list. Business Insider",2026-05-01
RaceTrac,Kabeer Pandya,Convenience Stores / Distributors,Closing,Popular Sandwich Chain Being Acquired in Major Deal - MSN,https://news.google.com/rss/articles/CBMi3AJBVV95cUxNSy16ckpTRnNGekIwc2hwMVBzUDVPQzZnOS11N2czcHNOTXl3SldPNjk5QWppNi1oR1dGVEpKSVVGVXM4TGVPN0YyWUI1V2ZUcV84VEk5QUJWQTZKSUNPZko3SlZFYUZvN3NqWGItRlhyRWNHNzBlZFd1QzJoMWxwaFFjeDV0aW5PeUh6VGZDNU9EUjlqVzFydjBtaHdmTThCZjVrTnFPY0pIQnBpdVdXN1VhajJiVU1fN3NkaVFwUkx4MDd1UTBLNDhONUxZNXg0N3Z4b0pWM1F1dTRaSkwxU1lSMW1sVG9TRkVoTnA2b05rOFFzaDBOSEZfZE1qV21jZlo4eGE3RG5INVBvcVNaeEhTODNmV0tZUmQ0VEFweUhBVHBfZE1IRVVFSHl2TUtpRXlHLUw0a1RJckFJbndCNGt2UzZ0RlhsYVEtcXpDOE1pMTR0V2ZuLUtMODM?oc=5,2026-04-29 08:47:54+00:00,Popular Sandwich Chain Being Acquired in Major Deal MSN,2026-05-01
Party City,Dhiraj Manghani,Mass Merchandisers,Opening,Party City plans comeback by partnering with major retailer to open 100-plus mini-stores in California - MSN,https://news.google.com/rss/articles/CBMioANBVV95cUxQYTJyZllxSjAtN0JFZFFCSE9ETU9RdEVQdVpUUlhrTmJTRUVKNkRfdE1KLWE1OTk4R0MtblpuanhnWHNLbTlDU2NOaUZOVFo3N1otVkswV1JRMDN1OGxZQUVKdVJseXBHdDR1VHlldDJLNXBSOFJMLWwyV1Z6bml3LWRYMHNFSnFBVzNQYUFIVGUxbG9zRnBwNDExWlB2RzRpTmc4aHBjNTFWbFVWclV4ZmpoZ2sxbzhiWFFGeVNMeG5CMnVsVFl1MkhyNXRCUmw2eE5tQzc0bzgyalVITEVqWDhfRUhJZllKMVM2ZXN4TEc4VGt4dWEzT3BobEp5Z2tkd3REVlRSNGNBSDF4VU9WdndQSlBVWThYY1pBakdoWnUzZEhLMWRuX2dpR1JockQ4UVpmUE5UTmFiLTdsZ2ZZcVVGUFhHcURvY3FzLTBlaVQ4V2xLWEpPT2tZT0luRUdXTTkyZ2Q0WHZ6Tmg2QjhYTm5jWDVINDVjZkM2T0lxZW5za1JPdVlfMlpxc3BoSk1wQVFiX1RYRi1Na3NVeUFoeA?oc=5,2026-04-29 08:25:45+00:00,Party City plans comeback by partnering with major retailer to open 100-plus mini-stores in California MSN,2026-04-30
Grocery Outlet,Rahul Shinde,Grocery,Opening,Grocery Outlet to open stores in these Bay Area cities amid plans to close 36 other locations - MSN,https://news.google.com/rss/articles/CBMilANBVV95cUxQUU1LZnNUNkt0RnlXNU4tdTBEckd2QmJ5UkpsT0FuU1FLNmNYOGloX2J0SHRZVHhVUWE5SzVOUnBqbFN6UVRDbnFkdndob2h1dVBCYjdBWjVnME5NLXhGYWg2aFJDUElWSDdPbjUtd1N5bXJUSkFFNWhxZmg0MTRQemI1T3d2cHNfMW1XdlItQ01HWWI5N3dZcXBrVjZIckdoamtBUDJlRWhHSGhaZENDSld6ckwzb3lnRmNMaXRnUjZWMTIyYzJOVmxOaF8xR0o3X3VyckNsSWlXRWR1enBQS0dGc1RtR0huUWNpOE1ZQ1ItM0s2YjVyUTdTSjB1eVRvNkNaRG04OV9QV0IzWWNkZ1M5NXZaZWs3ZUp1ektiT3p6LVJORnJOWUE4bWp2Y2VzZndJYUNDaFQ3bi1yTTlsRzg3SjNyNV9keS02eWo1cFpYNXc2MUw1MGM0bUxUaVYtU1R2R2d0MTl2bl9PRUg4T3hrQi1RLXJuYkVOS01YTUY3a1JSdlh4VGFSZ0VFVEYwR0FJYQ?oc=5,2026-04-29 07:09:10+00:00,Grocery Outlet to open stores in these Bay Area cities amid plans to close 36 other locations MSN,2026-04-30
Office Depot,Dhiraj Manghani,Mass Merchandisers,Closing,Office Depot on Pinhook Road in Lafayette closing; space expected to be filled by Planet Fitness - KADN News 15,https://news.google.com/rss/articles/CBMi_gFBVV95cUxOTDdXVFZ5aFBMcnRsZGxhRU81WlBnYWJuYlRfcXBzT20wNUdVUE05Qk1aTHcyTGlid050Y2xsMXZVZS0zZEJvUm5tX2w1aTBhMjBKY2w4ZXNQMmRmV3M5UXF3NkVTQVkwUEE1OHQ2OV9OLTE1TGZYRzlRMU44bktWaTg0MUxWTmNydGtyaFBYR2s2QjhvZmVPUGtsYWI0YVBqV2F5Sk5BcGFtNDFaTnlaaFlOZzZ5Ni1Qc2JMTGJJQ25VTWxrSnUwX2gwaHR6c28yTU5OT2ZtTjRrclBfOXdmLWVoT1NiT3Q1bVVIUTkxeFlkV1hXNmI5V2ZiNnk3Zw?oc=5,2026-04-29 03:42:00+00:00,Office Depot on Pinhook Road in Lafayette closing; space expected to be filled by Planet Fitness KADN News 15,2026-04-30
Office Depot,Dhiraj Manghani,Mass Merchandisers,Closing,Office Depot on Pinhook Road in Lafayette closing; space expected to be filled by Planet Fitness - KADN News 15,https://news.google.com/rss/articles/CBMi9AFBVV95cUxPNTRJV2VNTlQzSHM0LTJfV280TDRqWEZJeEI3TW5uT2lWcUpfYlFnTDBYNTh6aldqaGJXSXFKWTZ4YVVrY1NwcFJrbkk0WEZ2N3FtMzFQVV9kcnh6dmlSSWdPRXJra0hKblNhcnFnb3FydXh3WFRsajdNWXFzR2FnNVhCTXctQjU2TlBoMHBvUmp3MTJRZWhYM3AxRzBwejNYeUJFcmc3eUxWZHZNS2ZTZjg1T3VwbmVjcTdMZlVTc011MXhES1lTZnl3aUxXT21xNV9iZlhfNXMzQTBQQ1h0d1ZXSVZOZG9WOERCV2ZCeTQwZFJ5?oc=5,2026-04-29 03:42:00+00:00,Office Depot on Pinhook Road in Lafayette closing; space expected to be filled by Planet Fitness KADN News 15,2026-04-30
ConocoPhillips,Harsimranjeet Singh Ghelani,Convenience Stores / Distributors,Opening,Why ConocoPhillips stock dropped on Friday - MSN,https://news.google.com/rss/articles/CBMi0AJBVV95cUxPTkE5cUN4MWFMMEVCemRzVXU5QmxkWXYxSHNLYzdVRFE2azFuQU96TVRQWDBtSV9RdXJqNE9EYXRxZV9MM1VKLTdVU3RwUElCaGpJTVVZaEUtdHR2WVlBV2MydzVtX3lFZTI2ZXd6TC1UaGRwdk1nWWI2Z3VoZ0NKczhhbS0zdVJFdzBZek5sbmM0dDZMY1diYU5TdjJvWEdHbnhJSVA1YjI0ektvSlh2NlNtcDRCZEpMUGp5RE92aTdULWY4UW9XZTlXY1JxaHdLaWxLZzg3LWIzU09tb3FtVXl1TXNoZzd2T2FCQ0N4Zk1RaWFjc2tfT29RZlRRd0xyMHhCRTdjWGIzUVFQZGU2SkZjTFFlQU91NHNrYWxETGEwUUtrMGQtSnJ6UjlHUTZwX2twblRDMVJrZzR0bEFKeEk0TzQ3bnd3TU15NkNDOFI?oc=5,2026-04-29 00:44:57+00:00,Why ConocoPhillips stock dropped on Friday MSN,2026-04-30
Grocery Outlet,Rahul Shinde,Grocery,Closing,"36 Grocery Outlet stores closing across 6 states, listing shows - MSN",https://news.google.com/rss/articles/CBMi6wJBVV95cUxPcElmazZxRFpheTBVelc4MHpYdHdZajFWSWpMVEU3SGN3bXc5ZTZQb3NhNWtnaFY1cmhFTFU4eEVBNUhzS0xURlAtR211ODJyOFQwRkgwRkk4RG8zYUdtN1cxQ0ZqcVdEdk1oMnNqRENkUk00YksyUE1keW5zTFFDYnA3TkJVdGZGcWVtNkQxMW5aaUdYR0hqUkgydlRRaTRCQnBhREpJTnJDM25ZcGNmQktHVzhQMmk1czZHVWZOenQyVXhOQTFlc291bE15TVRrMmp6RjYyT1hDQW1BX19aQUdCSEtfdk13RDNhWFJoRDQ3cGlvTGVVSFJPemlZVE00TmVwdzlUVUQ2aTl0Y0hIbi1PemVBZGFvdlRuVmdnNkxwT1hucTJ6NHMxQXpQYU8wQ2ppOWtRWkNXNE92ZW9rUm1fN19GWHpDNUtXWWFTMmgzTDl3WWFGYTFma3lxMU43bmp5TndEUklHZGs?oc=5,2026-04-28 23:22:18+00:00,"36 Grocery Outlet stores closing across 6 states, listing shows MSN",2026-04-29
Saks Fifth Avenue,Harsimranjeet Singh Ghelani,Department Stores,Closing,Beachwood Place’s Saks Fifth Avenue store to close - MSN,https://news.google.com/rss/articles/CBMi0AJBVV95cUxQNTRaODNGcU9TYWtPaS1vTWVOZlEwOHFQSndFaFo0ZktrWnFiVXh6OUQ1VnlHMVBLM0hMQ1VzNW9DamtiV2ppY2ZNY01obGhMUGJ4S05LdDhXSm15bllBbms2UDdDMGZCZW83NXFaSmZlMW1IUE1xRkdLRk5wM2hkREs4OVFyZVJqVVUwdXB5cUNMajRuTzR6dW83aG1nVFE0U190dWdKX21oMXhTOTlmZXJXZlBIeGphb0Q2LVJZT3d4SVJady1pYWdjcTY5YmpRemg4M3dkVGRxVThjSkFiRmxrTG1DbEJUNHJiRU1iMjZMR0dpTng2RnVmMkJIdEQ5WkY2X1JOV2FkWHZFUjZOTE0yU01sTGxVRTRnSXBTb1VUaUE4MnY3bG5qZkx4TzNEcWxEMFpEdEFUV2RpQnhic3RLckZTNno0eEpEM3pIQWY?oc=5,2026-04-28 22:54:26+00:00,Beachwood Place’s Saks Fifth Avenue store to close MSN,2026-04-29
Saks Fifth Avenue,Harsimranjeet Singh Ghelani,Department Stores,Closing,Saks Fifth Avenue and Nieman Marcus closing several stores across SoCal - MSN,https://news.google.com/rss/articles/CBMi9wJBVV95cUxQZkF4aVNoVlhsSndUbTdfa3JIaklMMVhuTFc1eUh0V0twcW5pdW04cWlTVjBfMEdsa2IyVV9xLTlkZ1BoUHNhSnFneVB2QURGdnZNdnNOUmRHeE9MNGEyaG5FajZqVXM2NzlHN3FrbWxVMWRuNFdoazJEZ3hYZ0gtRXBoTWVYWFVlVDhCTVppdFhTZnRaa1NWZzdjVFFZVjVRdGdHUGx6Ny01cm9tOGREby1XOE1rblk0ZWNiM1A3WnMxc3ZOYzdNcXVuYnBfWkl2QkY4QlQ4TTZoZkpxbF8ycGVJX1NPcFA1aXdweUtLRDJBeHBfelJxUU5NYzlGNWVDa0JPR1ZBb0p5X01weFRsRUJ1T1ZtXzdXc3p6eHJLSHlsTTZkWWFjaVAwbTBhc3hSMWVrVi1xQjdhSERXWUxsNjd6RTVibEZ2eWJJVjdHVEtBcERHYl8tUnRmNjVTYWpFNWRBUlBhZkNaSUozZ3Axc1gtQnIzSEk?oc=5,2026-04-28 22:16:23+00:00,Saks Fifth Avenue and Nieman Marcus closing several stores across SoCal MSN,2026-04-29
Amazon Go,Kabeer Pandya,Grocery,Closing,Amazon is closing all 72 Go and Fresh stores in February 2026 - MSN,https://news.google.com/rss/articles/CBMiwwFBVV95cUxNOGZlYlpYSXVDZjZweHdsWGtlUUtMYU1YcnRHMjluNmVVTzhkcHN5OTB2N0F0UnFuWml5UmNBWDVEc3Y1TzA1a0RNU2txNTA3ZUtYQ1Q1Wmh5UEg0T21NQ3FnLVlSamg5amdZdTVzdFlxbkZqaG9PRU9TdGJkWUVKZmZZdzNyM1NOMk01TUZ3RFl0dlVLaXNZNWl5SC03R3dtMEpQdlIyazlOMnNQbjNBS1FRT3pYemVtNzJNNm1GSzVUbms?oc=5,2026-04-28 21:47:01+00:00,Amazon is closing all 72 Go and Fresh stores in February 2026 MSN,2026-04-30
Burlington Stores,Ashwin Nair,Mass Merchandisers,Opening,Burlington Stores sets opening for spring in Broken Arrow location - Broken Arrow Sentinel,https://news.google.com/rss/articles/CBMilAFBVV95cUxPZnp6bnQyV3FrWXVFakV4ZWZWT2RIMXgyNXZ2VFI1ZG15eVZoTjFodE1FWFdrVVp5RU1heEUzU1NoWUk5eGVZNHhNR3JGYTdhaUJpN2hSbE9MLUxmSXMyRmZSaU9WcW5VaVZHdDhzeW9CcXl6WDFad0x0MHVtVU5JRlphU3hPa2tHMUZzNlp1YTlqNGhG?oc=5,2026-04-28 21:29:44+00:00,Burlington Stores sets opening for spring in Broken Arrow location Broken Arrow Sentinel,2026-04-29
Chick-fil-a,Rahul Vasaya,Restaurants,Opening,New Chick-fil-A in Lansing announces opening date - WILX,https://news.google.com/rss/articles/CBMihgFBVV95cUxONlJwR2dWU1BNTmIxVWVQb2QwRjJ4akFkX0ZHeGg4Q1JOd1Jza2xmVUdmRldheEZmQmFlT0x4X084Ry1XRFdCdG02U3FfckZYTTNqekVTVDRsMmdhd1FrMlJKdERZaEhpY2FmVVNSUXVORHB6N3NVNGJUTHFoT0l2aXlJOVVPQQ?oc=5,2026-04-28 20:47:00+00:00,New Chick-fil-A in Lansing announces opening date WILX,2026-04-29
Burlington Stores,Ashwin Nair,Mass Merchandisers,Opening,Burlington Stores grand opening in Kent on May 8 - Kent Reporter,https://news.google.com/rss/articles/CBMikwFBVV95cUxQUWprbngyQmgwVkZnaWJRMWgyUXVEMmROSktnT2U0VkJuT1p5cHZGYmpwQXdKelpleUNRd1JjNC1WV2pfR0t4Wk82VU8tTGI4VGt3RXY3cGdxZnRqbXZnTGd3S3VrX2UybjJkelFHYldHV05BakE4U0gwZExwR0FHLWVQU19HVnhpWVoxT2lDVlhhSW8?oc=5,2026-04-28 19:51:32+00:00,Burlington Stores grand opening in Kent on May 8 Kent Reporter,2026-04-29
Casey's General Stores,Rahul Vasaya,Convenience Stores / Distributors,Opening,"News | 7-Eleven to renovate, expand thousands of North American stores - CoStar",https://news.google.com/rss/articles/CBMipwFBVV95cUxOVTBOckFGMlA0TDlldExlS1pDaE5iamxPbHBIQ25KZEE4WVlKeWs4MjYwS2NyU0VqUnE0aVkwM0NGSDdRVEhTZnNTWE1nZlRVdU5PRFNvVkNxZnVFeDJpSENyVFJqc0s1Rk45dThoRTk0RlFreFREMFIzNWhJdkxtUXNybjhNN0hHc0Q1M09TeVp4R2ZaWjkyU3ZrSlFjT1NmZTRsZGR6RQ?oc=5,2026-04-28 19:33:47+00:00,"News | 7-Eleven to renovate, expand thousands of North American stores CoStar",2026-04-29
T.J. Maxx,Dhiraj Manghani,Mass Merchandisers,Opening,TJ Maxx ‘sister store’ to open final wave of 4 sprawling new locations on April 30 - the-sun.com,https://news.google.com/rss/articles/CBMihgFBVV95cUxQdDNNdjM5c0FjTnI5N2NNQnE0d24wVVR0cEZkWnhmek5jRnBPbkdkdDJJYVl0Y3FVc1pNdkgwenZXeDVLWGJMYkQwRDJ3ZmxHclFMTFBwU3UwS3FRYU9JcXFON3M1d1dnelNYTEVRYktmNjJfM1hqS2tPWjlCdDRDMmcyWkluZw?oc=5,2026-04-28 18:59:18+00:00,TJ Maxx ‘sister store’ to open final wave of 4 sprawling new locations on April 30 the-sun.com,2026-04-29
Marshalls,Bhavesh Phulwani,Mass Merchandisers,Opening,TJ Maxx ‘sister store’ to open final wave of 4 sprawling new locations on April 30 - the-sun.com,https://news.google.com/rss/articles/CBMihgFBVV95cUxQdDNNdjM5c0FjTnI5N2NNQnE0d24wVVR0cEZkWnhmek5jRnBPbkdkdDJJYVl0Y3FVc1pNdkgwenZXeDVLWGJMYkQwRDJ3ZmxHclFMTFBwU3UwS3FRYU9JcXFON3M1d1dnelNYTEVRYktmNjJfM1hqS2tPWjlCdDRDMmcyWkluZw?oc=5,2026-04-28 18:59:18+00:00,TJ Maxx ‘sister store’ to open final wave of 4 sprawling new locations on April 30 the-sun.com,2026-04-29
Sheetz,Ankit Rawat,Convenience Stores / Distributors,Opening,It’s Official - Sheetz Is Now Open in Novi - WCRZ,https://news.google.com/rss/articles/CBMiW0FVX3lxTE5qb040ZzZkWWs0UU8xTUtQVko4ZEdYOGRjNmVRVkxQSkV6V2RYUGF4NFp5RzdLbEhsZENFY0pCZ05aNVhQS1lmdlUxb2ZGVVRvMkp6NDQzbU9Od00?oc=5,2026-04-28 18:33:16+00:00,It’s Official - Sheetz Is Now Open in Novi WCRZ,2026-04-30
Grocery Outlet,Rahul Shinde,Grocery,Opening,"Grocery Outlet comes to PB, with grand opening giveaways, including gift cards - Times of San Diego",https://news.google.com/rss/articles/CBMilgFBVV95cUxOOEktYmMxLUNwRTU5ZHhxTVY1bmtuSktieVM2MjJnU3pXOFpjcmpteldrNXFVSnozQTdRbjkzSWpMU2dmV29hcDgzNnZaVUVCdS1yMGtHYUd0b1lTVU5KRmVhWDlLbFhyb1BCbGpPMF90cVBUMms1bGJEbmVITUdURUQzVkJUNms4UE9Md2ExZ2wzZGRjTVE?oc=5,2026-04-28 17:20:00+00:00,"Grocery Outlet comes to PB, with grand opening giveaways, including gift cards Times of San Diego",2026-04-29
ULTA Beauty,Kashish Kasar,Mass Merchandisers,Opening,Bemidji's new Ulta Beauty opens May 1 - Bemidji Pioneer,https://news.google.com/rss/articles/CBMiggFBVV95cUxOLXpNTDlkVTllaGNTZ2Jsb253Q1NtR1NULVhrRWhzaWFNSUhsYm5ZT3otOHVOVVZaMG84SGE2ZE5sLXpWbmV6dWl6RHo3SHFKTGd2ZkZmVndueDA2U1llTVV1Tms1Q2hlc3NuTDlOZUxLdkFDdFBGbHpXTjRueG1ETXRn?oc=5,2026-04-28 16:29:51+00:00,Bemidji's new Ulta Beauty opens May 1 Bemidji Pioneer,2026-04-29
BP,Komal Agrawal,Convenience Stores / Distributors,Opening,London's FTSE 100 breaks six-day losing streak on energy boost - Reuters,https://news.google.com/rss/articles/CBMirAFBVV95cUxPOFhpYmlVaXlVNkZSUW9PcGNJY1JJRmJuYmJxcFFPNTRhVkFhT0d6TjlSUUwtM3lRZzg1U1E1ZUNaMEtBQ1A1OF9JNjQweXlLVXo1eFZEbm5fSVlQY1hCeXdHTXNqc0U1Sy1mNFFyX1dKeFVGcXJFVU9BclpYMFhuanB0SkN4SG52QS1hdi1qdDFwampLamdnU0FRd3VUbHpNbUhobzVocFBnaHBI?oc=5,2026-04-28 16:27:44+00:00,London's FTSE 100 breaks six-day losing streak on energy boost Reuters,2026-04-29
Domino's Pizza,Dhiraj Manghani,Restaurants,Closing,Domino’s Pizza franchisee files for bankruptcy amid wave of pizza chain closures - MSN,https://news.google.com/rss/articles/CBMigwNBVV95cUxOUmNNYU5CS0hYbE1ua1NzZUd5VGEzcEpOMFR1Y0tMX0pwRDh6TU0zOGs5WC1xS25SZTN5R0tYLXBaVlJieVNVWmtMMFppaU9DTFRreG42YXFXcFYxb3luMDBaUGVSUzZlcHMxTWtMMDZqSTQ1YzFPSTR3NzZGaGgyTmQwbzkzdHJDR0lyMG5tSVN2RFEzd0ZyNmp1bGpIb255WnVuYlptN3pJM1hZRU9rNlZsV0M4Y1NaSElGLUNoRXdybzZHdmFIMVdYN2tvRTN3Qm5lLWRTeTZwajVuT3hGdktYNVk0Wnd6MzhVRXVxYU9jWXpGSS1iWUNYTjVhQUxKUVJjell2RHFoVHZ2dXlpT25BQUZ5VXc1SXBNMjdqOHZ2MHEzMzJ4T0gtaDVybXVLZUxGc3VHTkxLYlNmZTk4Z1h2b2VPNE5HWlN2ZWV2NXE0NTN5b3Z0a0V6b1VXeF9XSHZqRjZ3eFkwV09wWlZvY1VRNC1zVjc0akE4dllWZGkzUUE?oc=5,2026-04-28 16:21:23+00:00,Domino’s Pizza franchisee files for bankruptcy amid wave of pizza chain closures MSN,2026-04-29
Trader Joe's,Rahul Shinde,Grocery,Opening,Trader Joe’s is expanding in Central Florida with plans for 3 more stores | Here’s what we know: - WESH,https://news.google.com/rss/articles/CBMihAFBVV95cUxQbkw1WFNLUHpJUXdyNzFJLUxBTlk1WG9wLUhjMWxjYUUzV3VGZzQ0RHBwNmFHSUlLMGdVbFpiWXhTcmdUdklncGhPeTR0cllrdXRvSzBNSi03UEFIUG1GbG0yZ2xZM2tzeWdmLV9oTFFMWFRmbHFSXzdfZVJ2dHlUN1JXeXk?oc=5,2026-04-28 15:43:00+00:00,Trader Joe’s is expanding in Central Florida with plans for 3 more stores | Here’s what we know: WESH,2026-04-29
Party City,Dhiraj Manghani,Mass Merchandisers,Closing,Party City Returns To Illinois With Supplies At Staples Locations - WROK 1440 AM / 96.1 FM,https://news.google.com/rss/articles/CBMiX0FVX3lxTE1vaGpFNXMtSEMybjJtQTNmczhSLTAtMHpwNmV6REV1NzdpZjczc1J0Yjd0YjRQUERRYkhRN2lHUmRQaE9oSzBNQmcxT1VxZkNZRzRIVEZiZ1cxYkVaZ2Jv?oc=5,2026-04-28 15:38:13+00:00,Party City Returns To Illinois With Supplies At Staples Locations WROK 1440 AM / 96.1 FM,2026-04-29
Wawa,Ayushi Chandel,Convenience Stores / Distributors,Closing,"Wawa recall, music shop closing, new boutique: Main Line business news - MSN",https://news.google.com/rss/articles/CBMi8gJBVV95cUxOSUw5Tnh0SFhHUjNCbk40cVlrekJESktiLXpDZkJDdzFoYnFnTElTTXJiYkJhUHV3dHowcDBQTlNJcnRVTWRRYVMxUi1iR1JfM1FNcndLb0pzWE85WnE0NGdOZEpWeFVTUEFZSGx6cjNkQUt4dVJpbHNFTU1yVEs3V0JuaGRnRG9KcUtnZHhQSzFraTAtOW9CU3hPSWMwZW1qeWJjRjQtY2RyWXYtNmd0NmJoZUVUZkZrLWFMalVUQTB6bkxVSzVTZEFodXd1NkVmRldTeWpLY053U1NGaG1McXVBcUtwNDFabXJSV1dsTGgtSG5OZEZmRGZYczdTandGMk16Yk5RbkE0N1ZYTGdabWg3N1MzazFJbUU3YnJtdy16cnkwRDY1ZUw2cGFlT1ZIaUFTcUU2cXk0M2VXVVA1VndhYU5mWk1hVzJtdUtNd3ZkcWpfdXRwOW9sdW9DQ0hCLWRLQzFWeDByeFFrV0l4dy1R?oc=5,2026-04-28 15:21:41+00:00,"Wawa recall, music shop closing, new boutique: Main Line business news MSN",2026-04-29
Party City,Dhiraj Manghani,Mass Merchandisers,Opening,Party City plans comeback by partnering with major retailer to open 100-plus mini-stores in California - MSN,https://news.google.com/rss/articles/CBMivgNBVV95cUxNbzJpMnNlaVhGd3NOWnc4bGV6RWhaTUpwWS0xZEZNUjREYzdBZUpaTXNFRDZKU0ExRnZGUzY0X1FYenlnTmFQZlRVdVVPNkRNRF9zMVl3ZHpzVmhHVUJvVk9Ld3NUYXZxTnJXTDVwYUJSR0d6ZmItdHA0Uld3c3Y4QzViSlRPeXRPZzBPcUFtLW1HaElrdUxMYW8zSVhBTzFGUnFGUHlhRF82MUE1ZGFfR3o0dlF5YlVJT19Sa1JGblVaRGQ0TTlZUnlRLWhPRHFTWFpNbXJzdWl5REZOZkwzeG9WRk9YRmVHX245ZEh2YmVocWJ3TjczdG5mRU5zb2hiSDhPYi1TdUozdloxWHFFdUpIMF9DQnIwN2FpUnc4elZDUHkwTkdCV0JSNkNfa1ZMVnVDVjNkcm5TMEFtWURaS1VUQ3dVNS12ODFLNXJSdFBTOUZMWHBpS0YtaWJmLXhOTk1LUndDZDN5TFlaa1lUY3M0QmJSNDVQUFZUOXJlTVBHQ0lyV3pvVzFnT3pXTzdSUGVuMVZxUVVEYVY3WmRTdkJFYi1tRHpQNFNzd0ZfM3F5dUlsMk4yRHRJdWJmdw?oc=5,2026-04-28 14:26:15+00:00,Party City plans comeback by partnering with major retailer to open 100-plus mini-stores in California MSN,2026-04-29
Barnes and Noble,Ashwin Nair,Mass Merchandisers,Opening,Barnes & Noble to open May 6 in downtown Seattle - The Seattle Times,https://news.google.com/rss/articles/CBMijgFBVV95cUxNbGxlRHZPLWpsQXBrcm9hTGstSmd2TGFVX0NaWU1HeDFmYVU1emRHVEE3Qk1ZaXpoRTFjMG9Ha1NxeUNtSDFtQjlDQU1aSnFOVjcta0ozeVg4SDNmYkNfb2dPZHdSUHN4S2ZVU1M5UWYyaEJ2dnJXZzFEQ0JyNjd5WHUwNURRMnFfYUU1em5R?oc=5,2026-04-28 14:07:30+00:00,Barnes & Noble to open May 6 in downtown Seattle The Seattle Times,2026-04-29
Barnes and Noble,Ashwin Nair,Mass Merchandisers,Opening,Barnes & Noble to open May 6 in downtown Seattle - Yakima Herald-Republic,https://news.google.com/rss/articles/CBMi8wFBVV95cUxNWTJlOXdFYVFBaFdTRjUzWkJQQ3UxcmhQSlhndGlfTzZhRnA2S0tKRnprSnQwbzJqSEJzdV9SZHFPWTl2b3dFMHNyZHpra0xkYk54SXpSbG5OWnJ2SmN6aFRGUXljUTY5X3Q5SW9lb2M1YWl1bDBJeTJzdnJBcEdvbDlOVlU1YmxQdVRpcEdrbGlSS293RktzMkxSeFRmQUItSFhvYUFFelA2ZDQ1TEVLaWgwalhzSzZFVzFINGZrbjBORnNTYkhmRGJ4T1lJS3pqRTNKYmlDM1dsR1R5eFBvbUxUUUZwN3lQaURLUDdwelh0Tm_SAfgBQVVfeXFMTVVENklTWGtybm5vcnl2ejBGbTBiUjRFQ3dUZ1V0Z1p6Vmx5cTRGbWtSOGU2emZENjFHdFFHc0VQcUZiUEtvdEJqVmxYRHE1dXhkazZ1N0FFY2oyOVZRX1lNMG9Cdm1rSk0zOW5LWnk2Z1lKdFU3Q3lBSzJ0a1FvSVNaSzhTWWgxanQ4c0xPOV9rZDh2S2Q5aVhVNjR3dGpETTJmbkt2d1NrS3JfdW5FZHdwOHMtV3h0OVIzSmQzZGtmaXR0clhCV1F6ODQwZl9iaXNlaEFNckFOb1owczJqNXlfU25XRzVsRGw2NlV1bWpIRTZ3LUlwcVM?oc=5,2026-04-28 14:07:30+00:00,Barnes & Noble to open May 6 in downtown Seattle Yakima Herald-Republic,2026-04-30
Grocery Outlet,Rahul Shinde,Grocery,Opening,"New Grocery Outlet stores opening in Strongsville, Willoughby Hills on April 30 - MSN",https://news.google.com/rss/articles/CBMi-wJBVV95cUxNQXpTWFN0R3NrOFNKQ280Y1REOTdMWFk3NFFmX2o0YXlsdC01SkhjWWJ0OUFYMnpzRnRKR2RRRk1ybHNwQjlyUmVILWFDTmRyWEIwSzA3U2FZNWxvejBqLWxNQm5RQWxwUEowUGwxbFcwVmhOeUFQd0JfV0hNbHNtRnRyYjZlTENpOFBZbUZaMkVrZmFIMzdOSVQ2T3BobGVJNXBYbmRaZWdQTlkzYWV6ZGNrQnBRMUVId1JWMDdvSmhlbm5QOVV0a1h0LVZxZkpsYXR6VmdaU28wYTFHN3U4aC1HWmVjQ3FsbUFHR2ZVc3hfWHRXVDAyb1pTUEstWHZFSW9sU0tneUhFeXZ6UHBBa1lUNVQtNzdxN1gyVFNTRUJrNExMblhSMFpRTV92Y1BQdnpuYXlyb2lXdUNvMWlzQXpCelJxRlRQSVFFU2VPclQxWkgtd2M4c3MwaE02UjJuODc5enRQM2c0QmhEYkFtV2wyT2F3V0k5TEFj?oc=5,2026-04-28 13:12:55+00:00,"New Grocery Outlet stores opening in Strongsville, Willoughby Hills on April 30 MSN",2026-04-29
Raising Cane's,Rahul Shinde,Restaurants,Opening,Raising Cane's to throw doors open on new store as it continues expansion - the-sun.com,https://news.google.com/rss/articles/CBMilwFBVV95cUxNUTZTdlFyRlZIei1tNjloa01CMWhnN2RDQ0hTam1lWHIxQXNWdTNTa2VMcGtjZjFJQUVYZ2hRZlI3eEQ3NXBOc1BRZFlyakJWS0ZqSUpvVjFnell1S2VXaEhHWWtkZjgwNUF3R2xDcUlUQkdnamdMSlExNlVudEJvSGxwWTc4Z2d5ZzVnZFhZT2dPQTR4TllB?oc=5,2026-04-28 12:27:56+00:00,Raising Cane's to throw doors open on new store as it continues expansion the-sun.com,2026-04-29
Dollar Tree,Ashwin Nair,Mass Merchandisers,Opening,Dollar Tree braces for new bag ban policy from July & additional fee at checkout - the-sun.com,https://news.google.com/rss/articles/CBMie0FVX3lxTE9qekpxNzZlcVdWeXZXVS0xVGxRNFRBOTJHbmR0Z3dSMndPLUs4d0xQUGZpZGJ3aUpNeXU3M0hja3ZKdUJnZERMYldyd1I3dXp2dTh0RHl3RjNtUGtXNnRQN0lZRTNKeTlfUGNrQUlDX3ppcGNUN2NITk9GTQ?oc=5,2026-04-28 11:43:19+00:00,Dollar Tree braces for new bag ban policy from July & additional fee at checkout the-sun.com,2026-04-29
Target,Vishwas Shah,Mass Merchandisers,Opening,Exclusive: Target to open $265M first-of-its-kind center in Houston - Houston Chronicle,https://news.google.com/rss/articles/CBMinwFBVV95cUxPNUNyTzFyalczLWR6dkRIWnVYTVY4Mjkyd0lLU3pVRC1tT2JBM1hjM3U1eGRZcno4enVoSkhrd2JiMjZFbU1OcC1MbUtVSzVyQlhxczJ0M25KN0VSRE1IeENsNjNXcVk2cjdEYTFGeThyQW9FM3Q4aW82aU5DblU1cURvOE9xcERZTm1rU0dvdENUZ1FBWlF0QkNmYTBfLTA?oc=5,2026-04-28 11:02:28+00:00,Exclusive: Target to open $265M first-of-its-kind center in Houston Houston Chronicle,2026-04-29
Dunkin',Kabeer Pandya,Restaurants,Closing,"Reshaping of RSW's food, beverage, retail options includes two closures - The News-Press",https://news.google.com/rss/articles/CBMi-AFBVV95cUxNRGNyX0RRMVZOY0VEaEdnZm1fMFBFUTFxVTVLUzRTS0Z1NkZaeGlGeXZXd3JXRUswcXI1TDZ6NFJ5b1BTRnNGZnJ5WmdrdzhHc0lzRVB1cndvdHQ3aWlLSjh4dm1BVEc4cUJON2QxaEQwelhxRzY0bmhYQUdEYkJCQWNBakE5cmlxRVRLbHliVkx0QWFkSmhBMUhBM1pGeV9HMXRhdzZXMVo3ZS1OUmdtY2xyYjlUWEx3bWNkcU9KNU5JMUNvU0I4SlZvUE5hYTVDQVN0YkI4SFYwajhnSlhxdklqd3A3eG02WUJMekRMSlNOTHhmWVJLag?oc=5,2026-04-28 10:30:00+00:00,"Reshaping of RSW's food, beverage, retail options includes two closures The News-Press",2026-04-29
Barnes and Noble,Ashwin Nair,Mass Merchandisers,Closing,Barnes and Noble store will sell its final ever book on May 2 in major loss to mall shoppers - the-sun.com,https://news.google.com/rss/articles/CBMijAFBVV95cUxPS2Rmdk5qUUR5T0pOdnptbEVtSFNSWV8yalJidXoxVVlKS3FYNzVQUXIzYzlrNE0yWkN0b0VaV0JYR2dzOGYwcEdDR0NJd0RkR2FJV3VMbl85VzI1eFJNdDNxaVNNMWdUc1F4d09nb3BTbUwxVW15UUVTVVlfUmduVDlNTWJZQ2d1VUtacw?oc=5,2026-04-28 09:12:42+00:00,Barnes and Noble store will sell its final ever book on May 2 in major loss to mall shoppers the-sun.com,2026-04-29
Party City,Dhiraj Manghani,Mass Merchandisers,Opening,Party City is back but not where shoppers expect to find it - Norwich Bulletin,https://news.google.com/rss/articles/CBMi3gFBVV95cUxQM2ozU2lMd0s1by1wUmZvTkk4N0hUVkU0dmpWT3lWdTBBX29TN3V2Zld4N3E1T0JpS3RpSXRDSDR5eEpVaF82NGRpY25qalJTUVpBSWVtejY1dEQtTS1IRE1aTFRzYkZkcmN5cElLVFlicTMwZ3kzV3hjMWZOdUowTUJMWm10VHJkaGgzOVIzX1dRbF8xdFdIdEhuOWhkUVFWS04ySGFPRVlzUGlTd0xtdDFpckxzdDZWeWlXclNNOUNodHVsY2VDUDFqRU1nMzVaUHV2R04xM1pDdENsWUE?oc=5,2026-04-28 09:10:00+00:00,Party City is back but not where shoppers expect to find it Norwich Bulletin,2026-04-29
ConocoPhillips,Harsimranjeet Singh Ghelani,Convenience Stores / Distributors,Opening,Why ConocoPhillips stock dropped on Friday - MSN,https://news.google.com/rss/articles/CBMivwFBVV95cUxOUmItdU5zNGVJNVlScjF4TlhFRG9CUENWTjRrQXUtZ0E0cTFGY09xZHhaVTVKU3V3MkpEaXVKdnh5MGFZUlJYelBjMm0tMGRWWFFzRkxuMXYxbUZPUV9vT0o2cWZKTU5rZHd2ODRSTmtGM1U1MktDREszemsyQUtET0JXb0ZqNjItZEJvODY4N1FZTlhqNS1GZEtrMEFnb3NQOVA1Z3lac000M0p5MDdLRFd1VE5tNW5zd1lxUFpSUQ?oc=5,2026-04-28 07:26:30+00:00,Why ConocoPhillips stock dropped on Friday MSN,2026-04-30
CVS,Dhiraj Manghani,Drug Retailers,Closing,CVS Closing Hundreds Of Stores Across US - MSN,https://news.google.com/rss/articles/CBMirwJBVV95cUxNMGZYZHVzeHp0MmFuRlYxT1E1bzJzQVdtU3dOYjZjMml4c0N6ckNPMDJWcC0weVZLS2dfVzRKM19kQzdfNmN1N2tXY1BKbXNuaW12LXJyTFNlUnZEaEg0ZkpXcnlnaTU5T1dHZWFPV2pveTJvNU1GbVZlc1M5MUEydTJBejI0eG1adnRtTzI4N3RtNS1keDRLVHhMbGRGQ3FKTGlJN2lRM2JIN3pHX0tGV2tmUW9fMlRqMW1OUlZFNVFxbllXc0kzbmNCczctUGtSTmd0OVVGVGFsWWJFMkFxMFRGeTNVUm5RazJZeXlkSnBkR0lkS2ttZGk0MkNhOVp1RnJ6RlZsVWZHQkVYUkh4dmtMNW93eWU4cE1mSTFiUlROQXMwV1luVUZQeFFVU1E?oc=5,2026-04-28 07:04:34+00:00,CVS Closing Hundreds Of Stores Across US MSN,2026-04-30
Market Basket,Moksh Kashyap,Grocery,Opening,Editorial: Market Basket needs a unified family behind it - Sentinel and Enterprise,https://news.google.com/rss/articles/CBMiqgFBVV95cUxQMVRraGctYWlWV01oY25lcUJ4XzZScG1XczlHT0Zja09WWTM2cHp0ZmVMTGNFdkNwTjJfNThBdlhWWENyRkJfRFhlMy1xMGFJZG1hVXNvU241OWlmMTRtYnc0UnVIUjRiNVhfQl83R19rRk9JUmN1SWNvdHpMRkx4eExJTHlGMVl4TzlDRDlWTWdpeko3MVE0V1pra2FIM2JwUlc0azZZUW53Zw?oc=5,2026-04-28 04:14:19+00:00,Editorial: Market Basket needs a unified family behind it Sentinel and Enterprise,2026-04-29
JCPenney,Harsimranjeet Singh Ghelani,Department Stores,Closing,From JCPenney's closing to Idaho's best salon — Purdy in Pink's remarkable first year in Pocatello - Idaho State Journal,https://news.google.com/rss/articles/CBMilwJBVV95cUxOMGhzbFlJUFJSV2VSN1FnOXJ4aVFDX2pVT3dxMHg3RjZBUGtBZzNwbGJjNGdfdWx0MnBLN01wNFVnYXBxZE91aTQyRjduUVZNWVJqUXFaOVhlRFNheEVHWEhaX2JGMnJybXc2SlJwSUMyU2VYRkY1dXdqZnVUVkY0U3hUWmdOOUp3UElCay0zNHo4ZjlRRGF2UGJINzNPMzlaTnJMcHVxeTY4Y0VVR0ZUQU42QjhiM3FPRkc5TW9zX2c5ZVZyd3ZRbnhPd01fWVdMQkFWQTA4eVJUWnd6ZUkwRG4waURwUnF2VkI0aHJjdGVraFV4U2YtZnpCY0F2RG1FaUhaYjJNd3J3SEJiWUZ2YnlnTWo4LTjSAZwCQVVfeXFMTVVYMmFFS2U0bTA2Sm1lLWwwZFloSlZHM0tNRVRnSHM4MzBVeWJ3aDJScy1WT0lxNEZEd2lQRFRRbGhXX09iWHp4ZzYyZ3ZDLUtSRlRZaFJkMm5LWUhCSzRkcThhU3g3RVpxNVN3ekp6Vkw5dkJoekFfM2lRQ3h5cFc2dTBkQ2sySjNkTDhWZlZPYUxReWlRSHkzYm5RX1JvUmZlWjFvUkcxbktPaTFYVDM3R3Zod3RCRC1VYXVUWDBiWEpjN2ZxbHJaUTdudXYyWHNSdlpxTkVFWGNWRnhuVmliRWo3cTg3TEVuX1k3anhURm11OW1nRzJob05NWkhYWTRaQlJnQzZNWjBSb2oweGtFRFFGVEZUMUhMaXI?oc=5,2026-04-28 01:15:00+00:00,From JCPenney's closing to Idaho's best salon — Purdy in Pink's remarkable first year in Pocatello Idaho State Journal,2026-04-29
Family Dollar Stores,Rishi Nagar,Mass Merchandisers,Closing,"Family Dollar Stores Closing Update: As 1,000 Stores Set To Close, Uber Eats Announcement Made - MSN",https://news.google.com/rss/articles/CBMitgNBVV95cUxQdGhqWlEyRk5xNFZ2Z1JYZ0lOTjZkNGpDdEtqNVR3M013cDV5VDhUZVBrdGF4MW9sTVhfWUt1QkRJRE5wNk5PNEljNWNQQlNKa0VkOFJGT3g3cExNeV9xQjNPdW5VRjBoM3JkV2tkaEJkVW52SW03eURiQ3c0VlFTZjYwcTNBdVA1bEpBWHU4endsdG9ySlRoRHZycW44d1dTNVBHQ3FMM2FjUEJEQmx6Z0tUWjZucTA3cFhrcGVycmlMb2hidHBjNm5tMWd4OWJrb0hGVVQwdWxZWUMza3R1aVFuVXVjQTBqSjBjMlVGVktYTllxMEctU0ZINlZBT01yOGtKMXcwOXZSd1hBOFNaOG84MjhXT1JtOTV0Q1VUMUY3YjViX09PSkdhNlVVLWtpNjkyaXpFQS1hQVV5U1dzTHVJQm1sSW42dmVsOFZ1NHE0OXo4UlliUll0cU5vejhZY3E3d1ZjSEdDd3dVbDNxbFpRcWxjS2s1SURpZE80TmduMmpMZTRjbDBFT28yRmZJWEw1UC1ROVRtM3VnWUtHdVg1LWJaUVZsSGRQM2NyWG5ROUl0UkE?oc=5,2026-04-28 01:14:39+00:00,"Family Dollar Stores Closing Update: As 1,000 Stores Set To Close, Uber Eats Announcement Made MSN",2026-04-29
Boscov's,Ankit Rawat,Department Stores,Closing,United States Sees Downtown Binghamton Traffic Disruptions as Boscov’s Improvements Reshape Urban Mobility and Commercial Flow : Latest Update - Travel And Tour World,https://news.google.com/rss/articles/CBMilwJBVV95cUxPV3VocHdwM2pPRjJBc0xMcFVhOFR1M0xiSklYb0QxaG5WNWtXRHNZc3RDMmt2aEZtNFRsdEdSRlBtNkZwLTlHY0taRWpTZ1VtV2pNVWN6TndXOW5YM1NudnRzcDcwQ255QzloZGlaZy1YZ0pqbXdEYVktNE5vS3FDMVY0WGdTZ1B5cExQZ1pKN04yTzY1V0RHNnUwVmwyd0NsejJnbW9BcE5fdmJKeU1maTdMRjc2M1luMGRKM0ppc0xHc2NTYzczOU1UbGpJeFV0RWpSQm1OWHJMdkItN1FJd25nYzZ1TEhmcWxTNnIxWFctOW9HcXNGc3pUY0NuOXZnbTBkb2dlWkZqanYzLXNRMXFZTUEwUTg?oc=5,2026-04-27 23:45:52+00:00,United States Sees Downtown Binghamton Traffic Disruptions as Boscov’s Improvements Reshape Urban Mobility and Commercial Flow : Latest Update Travel And Tour World,2026-04-28
Grocery Outlet,Rahul Shinde,Grocery,Closing,"36 Grocery Outlet stores closing across 6 states, listing shows - msn.com",https://news.google.com/rss/articles/CBMi6wJBVV95cUxNTTd1bnpTVnU2b01QSkRRX3dmZnN1Wk1GS3dzcnd3ZEI4OG9mSmNMSHZDa0VsWWt2YVRieVpxODNkdXpMNThJYzBzM2Rvci1fOVBlS0EtV2lXcklhTTZMbFhFLTRMUDNYVm9BcFBMMVduNHpjTmN1c09PVjVQdm5mZlEwOEtfcUdDUEFWWVVqVjVNNHJRakZ4cTVkQWhVWV9EV2EwM2Y5T3IwVWhNQlF5ejQ5dExYVkdtazZSSk1iUEVJV25VUEhBRi15OTgyV2dHU1ZZdk8xdjFldWZvNzVPanZmUGlHeENIdjRoZGloalk1Rk82Rm9WcXpLeHNRX1hQWGFJZFF6TlRRWGRQZElSdktoMXVqejJ5RWVRV202RjNxQTg5OHZkaV9yanJnWlNlSEs1NnRXLVVyYXVRS0txdlJKWGZQQWFLY01HNExLdnpYNzIxUUpRU1hoRFR3RUkwWkxBNHpKak53dUk?oc=5,2026-04-27 23:37:30+00:00,"36 Grocery Outlet stores closing across 6 states, listing shows msn.com",2026-04-28
Joe V's Smart Shop,Moksh Kashyap,Grocery,Opening,Joe V's Smart Shop by H-E-B to open a store just east of Fort Worth - MSN,https://news.google.com/rss/articles/CBMi8AJBVV95cUxNbHA0UlJKcGdrRFhvdnhmV1JNV3dFQ1k1ZTJTdjBINllFeGUwWWxvMGpLY1F1dDdQckx5NmFxcW9PZHpmMkxTaFVSWVZBN3ZXQ2hvazJJWnA3c2FDRmJEaTF4bFpMYWdTWmlMSkJoQ2FKMU81SGhhc2Z3MVE3X1JBRnZsa1BwbWdrVGtCTWFHb1d4SGFLMGdGWVNNQ3hVNUtmM2VuM2xpZHFXOWlVUnB2eXZaTUhuTzdqMDlaNzhsQ0ZrSWR0Y3lJWFk4VHNLZXdhb3B4alI5Z1RJZEtsNXVaYXFYSEtKeTRBX2N4Uk1hUUlhaWpiUzhWaENacWh3V2pDUk95bWxwQmliN2loWS05YnhJR2ZXMHhFWGE5eFZ2WHhDWGVSS3lJcVFIdThpRElKRnBCRjQ2RFRBamZnT1ZMbUpMb3k1Snd2NEVvckVremxkcUs4MGxVZTNOc0NEOEd2UkUxMGQ1V1QySnBzLUM4OA?oc=5,2026-04-27 23:15:15+00:00,Joe V's Smart Shop by H-E-B to open a store just east of Fort Worth MSN,2026-04-29
Nordstrom,Rishi Nagar,Department Stores,Closing,Nordstrom closing two stores over next month - The Detroit News,https://news.google.com/rss/articles/CBMi0wFBVV95cUxQNWZ2SjY1R2x1ZUlySmxuQm95eC1GUFZzWkVwWUtuM0FQUWtjUkVVdmpoYnNfNnpjUHN2NzhvbEJ1NENsUllwMGJjWGgwdWxEUC16X0YtR090TlFDNU5lV1BBc3R2Y191UjZ5OGJEU2JfVkFScHNMNUQ1eFBJWXZCWkNaa2FTUmVjVnVOdDNxUHZJbWc3Nk85YjItRzlpVG1XRmZ2dWVwLWhJYWIwbGRVTzRTNEtieG9aZUtCUTRsZ0Z4OUExZVR3YXhfVWJ5TnMzUWxZ?oc=5,2026-04-27 21:36:00+00:00,Nordstrom closing two stores over next month The Detroit News,2026-04-28
ULTA Beauty,Kashish Kasar,Mass Merchandisers,Opening,New Ulta to open at this Clovis marketplace - yourcentralvalley.com,https://news.google.com/rss/articles/CBMiggFBVV95cUxPQU56OHhVQXdobWpKWmNPUjMtaEk3SVdVTThCUE8xbmUwTGpQSHZNZXd3anZsOFFsa0FIcnF5dGY3UTdwVDZDb2ZiRHNvOVFPMktCM0dnODlGa1BOR3hzTVJ5VUMwUjV5YlJKZThCVjhVdGFyRkdsSTJQcElMeFMxaS1n0gGHAUFVX3lxTE8zQmpjU3N3aWxBVXB2RDctSzJ4eUdkemJBcmlMcFo2Y0s3Z25Cd3F2RE11OWdiRjh3UlBScm5kX002YW12WHZmMFhDSm1wbktGbDF3QkpRU2ZJWHdTdTR3SjV5NjZoSFMzNW5iZUJ3alZZbzJ6OWhidXRHSmI5Uml4cldqSy13SQ?oc=5,2026-04-27 20:49:06+00:00,New Ulta to open at this Clovis marketplace yourcentralvalley.com,2026-04-29
Joe V's Smart Shop,Moksh Kashyap,Grocery,Opening,"Joe V's Smart Shop plans new Houston store off 288 for 2026, Texas data shows - MSN",https://news.google.com/rss/articles/CBMi8AJBVV95cUxNRThvNEJ2WFVJN2xFWWhqQU9JM2NMTDdXX1RhTzFlWTN1RXQzN3VXYXdPb3dwUjFmNXpTWm5Pd0NQRHZHa2x3T2I3SEJEekNQZDdtUDhfVi1vZlRja2Z0RHR3c1FGemFuM3hzR3VmSl9KZ1V1b0tKZm9kM1IzamFHWHBGbjJuSTVib1ZLZktWS0xlaTNqbHBPRzQ5SFJrbmJGbWRJN3NfYkdKS29CZ1ExbHdnX252aWtCNmlmQ3Z1ajdkMWM1Rm1jbzZORndMX2hpYnVPV296eUVyc1FZamxmSXVCU1VnaEhONXZVUlpBZjhIV281Z05CR3pLVlY2MzJfcWdVSzhfZWNITk1QbTI3RUoxTFB2SmhPMTdraV81T3ZaSTJCaTNWNXhhWHFPMGstcm5kTDRBQUMxaVNBY3BMdFVMTDVvdkNfV3h1d29DU3JwczN6YlhUS2xxNFRET1R3THZLOFBydk1LTnFsaGowSQ?oc=5,2026-04-27 20:48:30+00:00,"Joe V's Smart Shop plans new Houston store off 288 for 2026, Texas data shows MSN",2026-04-29
Joe V's Smart Shop,Moksh Kashyap,Grocery,Opening,"Joe V's Smart Shop plans new Houston store off 288 for 2026, Texas data shows - msn.com",https://news.google.com/rss/articles/CBMi8AJBVV95cUxNRThvNEJ2WFVJN2xFWWhqQU9JM2NMTDdXX1RhTzFlWTN1RXQzN3VXYXdPb3dwUjFmNXpTWm5Pd0NQRHZHa2x3T2I3SEJEekNQZDdtUDhfVi1vZlRja2Z0RHR3c1FGemFuM3hzR3VmSl9KZ1V1b0tKZm9kM1IzamFHWHBGbjJuSTVib1ZLZktWS0xlaTNqbHBPRzQ5SFJrbmJGbWRJN3NfYkdKS29CZ1ExbHdnX252aWtCNmlmQ3Z1ajdkMWM1Rm1jbzZORndMX2hpYnVPV296eUVyc1FZamxmSXVCU1VnaEhONXZVUlpBZjhIV281Z05CR3pLVlY2MzJfcWdVSzhfZWNITk1QbTI3RUoxTFB2SmhPMTdraV81T3ZaSTJCaTNWNXhhWHFPMGstcm5kTDRBQUMxaVNBY3BMdFVMTDVvdkNfV3h1d29DU3JwczN6YlhUS2xxNFRET1R3THZLOFBydk1LTnFsaGowSQ?oc=5,2026-04-27 20:48:30+00:00,"Joe V's Smart Shop plans new Houston store off 288 for 2026, Texas data shows msn.com",2026-04-28
Party City,Dhiraj Manghani,Mass Merchandisers,Opening,Party City plans comeback by partnering with major retailer to open 100-plus mini-stores in California - msn.com,https://news.google.com/rss/articles/CBMivgNBVV95cUxNbzJpMnNlaVhGd3NOWnc4bGV6RWhaTUpwWS0xZEZNUjREYzdBZUpaTXNFRDZKU0ExRnZGUzY0X1FYenlnTmFQZlRVdVVPNkRNRF9zMVl3ZHpzVmhHVUJvVk9Ld3NUYXZxTnJXTDVwYUJSR0d6ZmItdHA0Uld3c3Y4QzViSlRPeXRPZzBPcUFtLW1HaElrdUxMYW8zSVhBTzFGUnFGUHlhRF82MUE1ZGFfR3o0dlF5YlVJT19Sa1JGblVaRGQ0TTlZUnlRLWhPRHFTWFpNbXJzdWl5REZOZkwzeG9WRk9YRmVHX245ZEh2YmVocWJ3TjczdG5mRU5zb2hiSDhPYi1TdUozdloxWHFFdUpIMF9DQnIwN2FpUnc4elZDUHkwTkdCV0JSNkNfa1ZMVnVDVjNkcm5TMEFtWURaS1VUQ3dVNS12ODFLNXJSdFBTOUZMWHBpS0YtaWJmLXhOTk1LUndDZDN5TFlaa1lUY3M0QmJSNDVQUFZUOXJlTVBHQ0lyV3pvVzFnT3pXTzdSUGVuMVZxUVVEYVY3WmRTdkJFYi1tRHpQNFNzd0ZfM3F5dUlsMk4yRHRJdWJmdw?oc=5,2026-04-27 20:11:54+00:00,Party City plans comeback by partnering with major retailer to open 100-plus mini-stores in California msn.com,2026-04-28
REI,Dhiraj Manghani,Mass Merchandisers,Closing,"Stores Closing in the U.S. in 2025: REI Co-op, Claire's, JCPenney and More Companies Facing Financial Challenges - msn.com",https://news.google.com/rss/articles/CBMipgNBVV95cUxOVVltNnk4WFdaVjNsRUN4LXlvQVJ1cHd3elJaeWNqMjY5VWdqeFNfR1RzMmprOEs0ZF9RbWJNV3pzUlp6Z1FBRFFPdDhNQU9mRnJ6UU0zQ3NCN05XUlJGbldKanBKS3lra0xLYmZ2RVlGSDl1dFFZeVVTWmpfOEx4bDZ5RW84bnRMSGVuVUFWcklMWkFVTUpKQ2M5c0NiWGZURFZwV3ZyaGxSdHFnSWVnck9tQ0wyU1lZcDBHRDgySFo4UEtKUzlYRlo0R3lTckpsRmNkaWJheVRJNl9mZzE2TXRtbmJqWElXNVdTd3p3OUV6U19LY2JtanpnaXNrRjNkMm9TQXZYZkpHLVhiT2RBMkZhZUdXYU5yT25GZ2ttUl9mZkFBNG5QN01WcWxZSldiTXFuUDZLckxWcV9iUUVBbjk0S2xkQVlYaExoUkR0dmFVbUhDd3V0M2tsNVIza0E1U3FxMVZjbEZxTjhkMjYyY19RX21ONkEtVGFDYlpqLXB1cXl1TEVELVkweVFfNm1vMWRYSm9JWURUZWdvY0cyaW5BY1Nldw?oc=5,2026-04-27 19:59:29+00:00,"Stores Closing in the U.S. in 2025: REI Co-op, Claire's, JCPenney and More Companies Facing Financial Challenges msn.com",2026-04-28
Raising Cane's,Rahul Shinde,Restaurants,Opening,Inside the Newly Renovated Raising Cane’s Now Open at Kaliste Saloom & Ambassador - Developing Lafayette -,https://news.google.com/rss/articles/CBMitAFBVV95cUxPajVnUGJJOVg3bXcwcngyOU45V1hDWHNfRGo4T1RKdHNNZWNTRHI5aUs3UmpWSmdvR2MzU3dOazZaWXNfcHl5SUlSZVR4ZmhrYVAtd1dsb080LVR0SGc0bU1lT2g4Tm1WSlNBUk9qdERqc2VqdEVFTVZWdVQzRDU3TVlDd2tkYmVDTnJBOGFqTGxhbjFCNGMtaHFpMnVuVGdGcjFkT3ZiSnpQcldlUmdnUDNEcHE?oc=5,2026-04-27 19:28:44+00:00,Inside the Newly Renovated Raising Cane’s Now Open at Kaliste Saloom & Ambassador Developing Lafayette -,2026-04-29
BJ's Wholesale Club,Ashwin Nair,Mass Merchandisers,Opening,BJ’s Wholesale Club Marks Texas Debut with Grand Opening of Forney Location; Bob Eddy and Natalie McAlanis Comment - AndNowUKnow,https://news.google.com/rss/articles/CBMiywFBVV95cUxPSlNXUllBRnZfb3lnbF9WMTJwUjdMdmcwSVA5dGs2OG5Zczc5cG1HMUY1ZWZuUXEtYWhOUzZYZUU3czNTbmlNaC1iejZIWG9SRGUyWGFOd0F6dzVvRjJjVVRYVUlfd054YzBWOFlqdnlhM3VZcFFUaHFaZGIzdkJmTkRSM3BXV3c3NVZfa19OaVd0aGwyb3hNOFJfdFZtcm9Sb2JrWWpMUXRiSlI1QlEwNlVCLXg4bjE2SndfVHVXZVJEX2VyMlNGRDNTMA?oc=5,2026-04-27 19:28:36+00:00,BJ’s Wholesale Club Marks Texas Debut with Grand Opening of Forney Location; Bob Eddy and Natalie McAlanis Comment AndNowUKnow,2026-04-28
Raising Cane's,Rahul Shinde,Restaurants,Opening,Inside the Newly Renovated Raising Cane’s Now Open at Kaliste Saloom & Pinhook - Developing Lafayette -,https://news.google.com/rss/articles/CBMisAFBVV95cUxOV3dRNm1GWlpNcDlNX1BXRU8zY3BiSElsUkFrNE1TZDNPcGswUzFoM2tpYkxaTXdnLXVyQjFVV05QYTBlZkdacnN3SUxIeVBFdVR3Qi1LZEtOX2lLOFV0Rm4xTkVEdGR5WWhjS2tsVFJnQzJoN1BGSWZ6QUlvNUVMM2xoU3Z2NU45S0NUVDZwNG5oUTdqeExtU3BzYlNnX2o4a1NQZXFvN3BFTDhPSFp0Qw?oc=5,2026-04-27 19:23:42+00:00,Inside the Newly Renovated Raising Cane’s Now Open at Kaliste Saloom & Pinhook Developing Lafayette -,2026-04-28
City Market,Ayushi Chandel,Grocery,Opening,Alo Bringing New Location To Ponce City Market - WhatNow,https://news.google.com/rss/articles/CBMiigFBVV95cUxQcWUtMjRTYlFab2RCR2p3UEUwVHlGVTh5WHZYbmtqVHhDekotMVZVb1dqbjZMV0dIdFY3Q080NldWLUNMNWpKTDFKZmZXcEpkcFRNa2dvX2lwUTBLdU45THU1NlAzNi1uUmhHZmZKM0s4NE1Nb0RPaE1SZUlvU05hRGtjM19mWFJ4Z2c?oc=5,2026-04-27 18:16:13+00:00,Alo Bringing New Location To Ponce City Market WhatNow,2026-04-28
Raising Cane's,Rahul Shinde,Restaurants,Opening,Raising Cane's announces May opening for new Florida location - Daytona Beach News-Journal,https://news.google.com/rss/articles/CBMixgFBVV95cUxPRWZYVHNvQTJzMTBab0dyT1VtdDcyTXNDWGRqVC02MTJlcXFxanhWbVBOTk9ZanVlNVB2cFVNUUhLcnMwOGotMU0yWUt5ZFRmcWtFWlNhODVydDJjcnFqUlVRbklCZDBVM1hJN2lwNWtzYkJ1eFZQbzdzNFNHNGQ0ZWZPMzFYdGdXXzQ3WmdiU0V4Y21lVDNlUllIb1k0LXU2QzJ2c1M1Sk1tekdHeUdWNmt5TEhmS0RXa0pBNkdsMi0xRkdmbHc?oc=5,2026-04-27 17:42:00+00:00,Raising Cane's announces May opening for new Florida location Daytona Beach News-Journal,2026-04-28
Academy Sports + Outdoors,Ashwin Nair,Mass Merchandisers,Opening,Why Academy Sports & Outdoors is going against the grain with store openings - Retail Dive,https://news.google.com/rss/articles/CBMirgFBVV95cUxOTXNJRmR0NXFXUTlxX1dteDR1NDhWT0FieUNIUGhkQnN6Z0tyMTl5TEdiWl9YRlYtcE41X3F1b19rSnk3aFd0azJIbnduaXNEcjN1X3VMbmotMU1NdGh2ajRITVFka3dobkNwS1JQdVdOdFY1S0MyVnZSejFzM0xCRHYzdllpX0Q1YTBKV2JPNTNCeXZGWkJWTFpINnpqUVVoMklwYVJsZ2daVjd0LUE?oc=5,2026-04-27 17:04:51+00:00,Why Academy Sports & Outdoors is going against the grain with store openings Retail Dive,2026-04-28
Grocery Outlet,Rahul Shinde,Grocery,Closing,Grocery Outlet is closing these San Diego County locations - msn.com,https://news.google.com/rss/articles/CBMi5gJBVV95cUxPbWhXZ1QxMFN1WC02ZTk1VUFGbTkwT2E0VjJjUjVKZWxTV1FFcTNYbVpxY1VQcUxNeW9ZdUpKa19Kd1NYUFhnRHRJYnlyeUJSUFJ3MThFZlM5VUZQMkUzY1lBcGV3TUdTdTVJOFJaQW05MU9pWkwxelhUc0ZzUUdhQjdFZDBIbEhCdG9MdWlrSU5XdzdMc2M3cHVhMk9ZQWdFSmNLeG5lV1IxQURya0dxbk9kbjFqV1E1YnpCdGdRVjJyV3pia1BITGtrQlVFTk1RVlNhX2czV2hmNzk2MWhJVzlocVpUeXY5ejR2a2lpQUV4TG0zOURicVVhcE9hQXgwMmFUTzBQWTBLTzFCaDdhRG9vcHVqT1NwQ2ZHN0RVRVRvMWMtdUVaV1pqcnZoZWtOM0hsMUpKaDJaQjJIWU4weXhTSHMwTFVBMVJTeVpsbFZSNzlyQmpFMDFGWFViVUMzUEtWQ3FB?oc=5,2026-04-27 16:30:00+00:00,Grocery Outlet is closing these San Diego County locations msn.com,2026-04-28
O'Reilly Auto Parts,Bhavesh Phulwani,Mass Merchandisers,Opening,Large retailer coming soon to former Bob's Stores spot in Milford - MSN,https://news.google.com/rss/articles/CBMitAFBVV95cUxPRGVncDV4dkU0Tkhsc2lhdk1sVWxSejFxS001WUh4UkE4X3hTeXNuTHp6NllpalV6WEo1aTFEaUJjMlJyZGhXeEtqaE91Z3lyeDdRM3JGcU9mTlh6a2U0a2pJelI4SFc1ZTRkUGhUTFJfX2hBbTBJbEhmOHYtYU9GcFZqRTFjVWJwOHIzdTFKUnVGMGdYZnY3SV93Ny0ySEJ4anJQQWx6dXVmZ1lTRGk4N0hCelM?oc=5,2026-04-27 16:17:39+00:00,Large retailer coming soon to former Bob's Stores spot in Milford MSN,2026-04-29
Dillard's,Ankit Rawat,Department Stores,Opening,Dillard’s sets grand opening date for new Miami Valley location - msn.com,https://news.google.com/rss/articles/CBMi7AJBVV95cUxNQldXR19Db1lidzg4QWM4UDVyWUZQVkN1V3VvM3ZTczJhQ0IwUERoRHo5UF9SNklfdVFDSFpLV0loeUZTcXhYWFp3YlZiZi1PTV9oWFJNaDVaV2dreGk5SnF1TklrOHdSeTdiN0luTTZqVHprNGt6aDVTQWE4OXdXUDJ6aGtKUng3NjFKem82RWZ3THZZb0xhZF9WblgtUTliZjI4SHFpMUhVdGx6N0dabmlKSGxpbjlzQlhxT295OHJ5MEt0dFRjTXA3Mk54VkJ4VmNCdV9ocmdjOXZyT1FweWFDRHpGWlk4MXFCcHk4SmVBTHFMam9zMnllcW1IZ1EtMTk2QUFLcjQ3RHBhNENrYjY3dmhaVHRaQWpVQjQzU1JnUERWZUdtWmg4REpjeDF2dGQtUzRjckI0bTI0cDdRekp6Q0xobFJReFAtWWJCSWpYdmswOFRzLTVBQVFvZlBSelg3MjZLNXgyV2E0?oc=5,2026-04-27 16:16:43+00:00,Dillard’s sets grand opening date for new Miami Valley location msn.com,2026-04-28
Neiman Marcus,Harsimranjeet Singh Ghelani,Department Stores,Closing,Saks closing stores: Saks Fifth Avenue and Neiman Marcus locations are shuttering in 9 states. See the full list - msn.com,https://news.google.com/rss/articles/CBMiqwNBVV95cUxOdENKellsTmJuWnhwWDZqQ3hBaW5raENHdE5UaGdqR3ZTQ2FlT3k4bVhmSTlsMnBIb2ZIQ1N2aW9ZYU5HaklGZHEyT2Q1eVE0X2JrOHIzdDB3bFVlbHU3Z28wOFdVSnItOHVhcTJlOUFrenRLQThXeGM3Nlc4M1k5YjN1Ri1FYjBkbEYzVlZpTThjRGk3dGg4cVhONG9ET2NfSDVqZFJPay1JUXljRmN5VU45VkF0ZnAyVkQ0d2N6YjJNdjZwUkJSLTZWNTNaN2RZX0V4ZkFrdUMwU1VOTU9nTzhWTXd5a25FWXFrTHo3MWdQb3JqRWVLbVA3M2NUdWpfbFZ5TVNMUVB3WllOWnJydUJtZlE3OHM3SlZUZjZGLUttWmxLOGxjbFk3a3I5Smw5VzBMeWxXa3R6ZzJtZ1l6aGk4b3M3cVlaUVYzajd4MFNUcFZ6bENyU1ZWemh1eDFxdTJZVEhfcUtEamJndFFPbVBCeGttYmdrQzgyMlBsTWRZaDJCTUhfUnZyV3ZCc1RTRW9nSUs3QXc5bzhqMWotRDBsNGtYNHlSNjdr?oc=5,2026-04-27 16:08:17+00:00,Saks closing stores: Saks Fifth Avenue and Neiman Marcus locations are shuttering in 9 states. See the full list msn.com,2026-04-28
Joe V's Smart Shop,Moksh Kashyap,Grocery,Opening,Here are all the H-E-B stores that opened across Texas in 2025 - msn.com,https://news.google.com/rss/articles/CBMi6wJBVV95cUxOcjZ4ckl3a0lxYzFDNXdmeUZxWHZWa3FYczNzbllNMTFOLUZzY0VuTTlLTzNIV29VVHdMVkhsNWtHNkpkcHF5X1NJQ1JmcHVuZTIxTEZXb0lyVzlJdkFXbDNaMF9sRjFKM0NIekNjV2JHdFBOc2s3Um1YRVdDUVV3ZVBtRkN5MGxQZ2lWOW9LazQyQUpjNTdYV3ZCdWU1bDV6UlRkY1dXZ3NSU2FMTW5LNGNSSDhTWUZyS3FQTDJZbEtNbXJIT21TQ3c1aXdFNTM3UmtHYkNyODJtVXVSVDBQZGFYRkZYWDZOcGQ3MTJ1QUhIMHEzUWltVm5aRzdNSDVBS21Ua0NFaFJ3dmVNXzhwc3ljV0UtNExNT3NLT2R1S3NlVFAxOGM3dmE5NktBQzBHRDBSVFdBUGN5UTFyUE1OMlBaS251ZG85UVFYMnRtQmRWa01pdmNwb1I5eGlfOG1oT0xiMFRjaGc2RDg?oc=5,2026-04-27 14:57:21+00:00,Here are all the H-E-B stores that opened across Texas in 2025 msn.com,2026-04-28
Saks Fifth Avenue,Harsimranjeet Singh Ghelani,Department Stores,Closing,Saks Fifth Avenue in Bala Cynwyd is closing - msn.com,https://news.google.com/rss/articles/CBMi5wJBVV95cUxQNERJSHhFeVY1MWQ2S2Uyc0UzaDFnNm9JT19mNkVxTTgtanpCQVFKWDZwX0hQamtxNWlOYndpRHJLS1AyeFpSVnF0M1hWaEl6Wk9sYzRza1Bhd3NheUdOLU9GU1BVS2dIeFprVVVPakw2QW1YYjNKZVd6LTd2Tlg0R0RfQkhGdzFfb0pyWHBxYjBsSzVqV01hc1E0a3I3cWJZYnBWeTMxQTR3VUI2VmN1bFZJSkNVTW5oWjhkUldxd2tBVWJoQXJaRmF6Y05PR3lUcVotdVZlYzdQSDFqQjB3NDZkRFFXcXZDX3Q4bEZ1NWhvS0lncGpDRjJzZzhzaEtVY1dtWlloZkJFaFdad25oQUtzbnhXV0tJSXRMcXFoRGlMZHE0bS1WSG00NGhVZVZJbnJQSXJxTkVILUtscjF3WGFJVGliVG9rdERSVFoya1BRSnQ0MDdjT2FFQ0JGV2pmRlZFV3IwOA?oc=5,2026-04-27 14:45:33+00:00,Saks Fifth Avenue in Bala Cynwyd is closing msn.com,2026-04-28
Chick-fil-a,Rahul Vasaya,Restaurants,Opening,New Chick-fil-A restaurant to open on Northwest Side - KSAT,https://news.google.com/rss/articles/CBMinAFBVV95cUxONi1ja0JSOU9UdV9rQkRnMlVyQkQ4OWFwbVctVjhFQkx3eUZITktzdnlBV3lOZ3BxdzUtcGZQNXpJMk5FRXEwVlRDbGV4dUhPVXZnTHh0aGs5dURVMnhGZWtMcktFTzJyTHIteEF6SnktMWtycUFZMmtzUzFwWVJVYzMtRDZ1YWNVQlVaT3NHbHhSdUFheWtwX21hRjU?oc=5,2026-04-27 14:01:45+00:00,New Chick-fil-A restaurant to open on Northwest Side KSAT,2026-04-28
Shell Oil,Moksh Kashyap,Convenience Stores / Distributors,Closing,Shell’s ARC Resources acquisition bid values producer at $13.6B - thedeepdive.ca,https://news.google.com/rss/articles/CBMiZkFVX3lxTFBlZnFkeFYyUlhpUE11WTZfYVhXazFKYjE0TnZvemkwLTVKalhIcjlPaF8zejF0dEMweG1WYzNHZlRRREJaMUNoZWM2ZS1zSkF3UzV3NXZBdmpMZDhYOUhOSFhEOWRtZw?oc=5,2026-04-27 14:00:35+00:00,Shell’s ARC Resources acquisition bid values producer at $13.6B thedeepdive.ca,2026-04-28
ULTA Beauty,Kashish Kasar,Mass Merchandisers,Closing,Why Ulta Beauty is closing hundreds of store-in-stores in 2026: Is your location on the doomed list? - msn.com,https://news.google.com/rss/articles/CBMimwNBVV95cUxOSG1PYm1PXzVKakJ3aGpMQ0VXT05zZ0xvdndfS01lOGFoMnhvaG90aGlENjRZRDBodm5ZZkFrbXFYMmxSNmRYbV9hMGM0Y3NXOXc2bVhJUUxzN0ZhWkRmZWFEQUljU0w2b1lWRmVOcV9CSWVFZnJzREY0a0QxZ3NWZ19DellIRVZPR24xdnRqWGNfNzk2Nkc0NF9zYWpNQWpnMV92QmtUbWpfaVBZSlZMWEpDVUY5ek9kbF9jYXF3VE5XcUs5S2g4UktGOEhIQXNzZ20waWl5VVBWbUE5aVZDOWg1V3c1OGsxRW9GZDU3LWttMF96NFV6TXVKY200SFZPQ1RPOHB4WC1pQy10MEdHOXcyWFBja1k1OUt1Y0VHRm84dDJXUERTNmlxU0pFM0tPR1BTTFJTWjRoVjlvZHpwWmw5ZVUwZHYzajRaSUNvNGM5eU9kNzJCWmo1Njh0YU9wakhXMGFJUkZsY3FzRFhQWU9YSFJjZXNOME53cmc4S3hRTE1nb2NTTExhem1DVzQxcHpkTzF0RlZOdTg?oc=5,2026-04-27 13:54:32+00:00,Why Ulta Beauty is closing hundreds of store-in-stores in 2026: Is your location on the doomed list? msn.com,2026-04-28
Saks Fifth Avenue,Harsimranjeet Singh Ghelani,Department Stores,Closing,Saks Fifth Avenue in Bala Cynwyd is closing - MSN,https://news.google.com/rss/articles/CBMikgNBVV95cUxOMFBLeXgyVjlyZnVPNmpTUEtOUjlwMnMxUVloajNvS1BoelltZUFLV0ZUc0w3WFYzWGlSNDc0bC1rUUJfOTZkR242bFdJUmVualpEUFo5aklFS0xuRHNXaWUwaTBBaExMa3dQMWtscXVhYU95Z3NjNGppbDU1dGhfekF1a2VCdzR1Um5MTXhma3V6SHdzOXVla3ZOVzZYMTFUMjhVZDhKTHVZdEw1R3VEX3l2STFkTi1jX0ltb0hjcUNuZHdlMy1mckJlQk1lS3FkR3FYTS1yeGRFZUZpMXpYWVRuX1lxaTUwZmd2NndCNjZONFlMUGNGRl9VMWhDTE1IN3B3bFQ4VzFHa0p2eWhCTWpIdC0wc0V4SWh3dk1HVWNUMzZQYUo0RUlXSjFObUR3YTNfY0pWUE54LUdMbzdJZ2J3S3BlblpuT2hHYzBDd0xRSnBDR3lMREx5YW5qNUhrZXNzakJ6RVRqTjIwLTZXWUtJVjVmR0w1RWQyaFFyaXVsMGg1NXNRWC1WazloUHBWQ0E?oc=5,2026-04-27 13:52:57+00:00,Saks Fifth Avenue in Bala Cynwyd is closing MSN,2026-04-29
Shell Oil,Moksh Kashyap,Convenience Stores / Distributors,Closing,Shell To Acquire ARC Resources In $22B Cash-And-Share Deal - thedeepdive.ca,https://news.google.com/rss/articles/CBMiiAFBVV95cUxOWWFlVFVpNFRoTm1jaXRwaU42QXlsVWc0MmpGZFh6WGxXUnpENmYtNVZhYTZaNXVBWFplVzEtb2pGd0FSenlNbmY2ZmE4U0oxalZ0ZS1SS0pCU1c1WWdwS1hzNENVRVQySW5FSGhobFRzaVZfVGtkM3IwMnhQblM5M01jUjBiRi1x?oc=5,2026-04-27 13:42:01+00:00,Shell To Acquire ARC Resources In $22B Cash-And-Share Deal thedeepdive.ca,2026-04-29
Amazon Fresh,Kabeer Pandya,Grocery,Opening,Tesco to open 70 Express stores - including five on former Amazon Fresh sites - msn.com,https://news.google.com/rss/articles/CBMingNBVV95cUxQZDhKUXQxTjJ6MDNhYl9Ic2YzTlZvQm9ia1ppV0t3NzFQMmx2TkVhTEh5U2ZhTmVZa3k1RGp0WjZ3NWVYVXBaeDY2dW12RUk5bHBlNWxxVGlsbE5tUTFIekluZjd3UFpQb1lQZnVkeG5wVDNzOHl3Tk1VazFJaHBlcm9XWV9TaXNFOUlIdHM3SmxjRXFYVmJTVmo4aUN4MGtCRzRiSFBxbzFpMWhGejJBWGx2akFZck1xNl9IVVZ5WWFYVWhyVERuNm56Z0VRR2p4RXNEUFh1dWVCb2EwTEtuYTBpOVRoQ0lXX1JSU05tUG9mT19ES2tId2RpcVZGZWhkS1hzcTRjNG0zdEJSM2FlaFZZUlRJU2RqQ3RQV2g3WE42dzlOR1J6YjFBLW0wVmZaal9QYkpKaTNLV3pBa3cyZ19wZ0lkY2F3N09BMk16ZklEd3lJaXZla1BBWmFwR19lUjVwZ3dnOEFhT19RYXBXZy1CZ05EUUIzQTdNbS1LNUFUR1JuMGFxUlJsSUVFcUcyWmwxenpCYnM5TWxTMEE?oc=5,2026-04-27 13:18:49+00:00,Tesco to open 70 Express stores - including five on former Amazon Fresh sites msn.com,2026-04-28
Mariano's,Moksh Kashyap,Grocery,Closing,Mariano's Closing 4 IL Stores: Here's Which Locations - msn.com,https://news.google.com/rss/articles/CBMi2wJBVV95cUxQdnh5R2FUWWl2eHZQU2dIZ2w3eUtuLVRnZHQ3Z3ZmQ3Q1YmRCSVRJaDlXcEtpY3pRVmFLcmdyY2dXUFBibldxLWZCdlUtY2ZQT0FaemhSWDhBU2F6Ym5CY1lGN2xnYUMtdjRaUDNxN2JSd0kwc0NQRmpGUFhDVlRqcjJ6emVDRjZNT2R3eGwwbDZGanQ3dmdZMnRTS2kxOGJJUmZjdWsyazVyU0Jjc21jaWJiNHhwLWZ4eFpIenQxQlBNaXZpSElyVkh3bXVrbi1idHBfOXVKazVhWlkwSEs5bnlkazVMT09FN1lFdDZ4MWFHczUxQUNTb21oOUsyREtfVXZJY2J2LVppMGJwZ2NFcTY2bUxmSUJvZjQ3SnNZdVhNTzUzNWNyR09PSG0yejVkaEhlOXExa3kyWlpGancwdU9NYUhJbTB5ZHhHTzllMjFuS1lZbGM3SXJCVQ?oc=5,2026-04-27 13:05:42+00:00,Mariano's Closing 4 IL Stores: Here's Which Locations msn.com,2026-04-28
The Container Store,Dhiraj Manghani,Mass Merchandisers,Closing,Formerly bankrupt The Container Store announces another round of closures - MSN,https://news.google.com/rss/articles/CBMi8wJBVV95cUxPeERjMDJ2aUFGVDRJaDNrbUdZaUNPaDhyR1lLMGVpcEQ1WDNlSWpBNDJjMU84SUZBQXFHM1NScy1Jck5kbmUwT0g4MHFLNVBNVUJBWHcyTVBBdHBLd2ppdFNhODdldm1UODdtb2lxRjBhVHZldmVFSUNzcEN1ZFctWkZzdEcwSWpiekR6WTN0aTVNU3ItbWFLVE5JM2dFQUwxcEpneDNMVHpoVkdWcEhaLXZxZ1k1eVRCWkZ5Um9kdFRGdmJWQjBFQ0NyZ2VmenVIX215N1QxV0c5czZIZFppYVNfcHYzdk1QM09IcEllX0FGaTNQUjR4ci1XaGV3bk52c0EzUzRjNlFaQy1nUXQyNm1seGJVOVpibEZheEF2SnducGNCbVk2al9XdU4xYjhnbEg4UTMxMlljVk5UNjA5NlNGVndyYWs0S2FKYkR5NzQtbkRtdmJPYzdnUURrQlhNYkFDczVlSWRxR21VaFg4ZHY5OA?oc=5,2026-04-27 12:45:47+00:00,Formerly bankrupt The Container Store announces another round of closures MSN,2026-04-29
The Container Store,Dhiraj Manghani,Mass Merchandisers,Closing,Formerly bankrupt The Container Store announces another round of closures - msn.com,https://news.google.com/rss/articles/CBMi8wJBVV95cUxPeERjMDJ2aUFGVDRJaDNrbUdZaUNPaDhyR1lLMGVpcEQ1WDNlSWpBNDJjMU84SUZBQXFHM1NScy1Jck5kbmUwT0g4MHFLNVBNVUJBWHcyTVBBdHBLd2ppdFNhODdldm1UODdtb2lxRjBhVHZldmVFSUNzcEN1ZFctWkZzdEcwSWpiekR6WTN0aTVNU3ItbWFLVE5JM2dFQUwxcEpneDNMVHpoVkdWcEhaLXZxZ1k1eVRCWkZ5Um9kdFRGdmJWQjBFQ0NyZ2VmenVIX215N1QxV0c5czZIZFppYVNfcHYzdk1QM09IcEllX0FGaTNQUjR4ci1XaGV3bk52c0EzUzRjNlFaQy1nUXQyNm1seGJVOVpibEZheEF2SnducGNCbVk2al9XdU4xYjhnbEg4UTMxMlljVk5UNjA5NlNGVndyYWs0S2FKYkR5NzQtbkRtdmJPYzdnUURrQlhNYkFDczVlSWRxR21VaFg4ZHY5OA?oc=5,2026-04-27 12:45:47+00:00,Formerly bankrupt The Container Store announces another round of closures msn.com,2026-04-28
Raising Cane's,Rahul Shinde,Restaurants,Opening,"Froyo shop opens in Simi, 2 other eateries in the works - Ventura County Star",https://news.google.com/rss/articles/CBMi6AFBVV95cUxQQ29nWEpZNDhCd3FOT0lERlJDWWtkNmRrQkQ1alJSZXhuZVlsY2dmLVZBV2JMdkdkQ19mVVJEU0tlM0R5dUFxS0RRc3pNNDJVNEVvckVpbHhBeW5Fai1kdXZYcDFzMEc3M2tiaWdsemEtaWJ3WFBpOVIyM1VUUzdsYU1vVk42TUZkNzU3N1FLNWZ1eFlncVdXaW5QV1JwbWZvOUxfdE9vdlZPTXF6bE1TSTdtUnFVcUtSX29GSWhyUi1BNjdjOEhKOFpEWE1VemljazdCUXp4OG9FM2VXWHhCcTdpVFRkelRq?oc=5,2026-04-27 12:30:00+00:00,"Froyo shop opens in Simi, 2 other eateries in the works Ventura County Star",2026-04-29
Dillard's,Ankit Rawat,Department Stores,Opening,Dillard’s to host ribbon-cutting ceremony for Beavercreek location - msn.com,https://news.google.com/rss/articles/CBMi8AJBVV95cUxOMmZUdEVGbmZVNko2UEJkZnBIYzNoUDk5UTJDeFdEN1VObGFqMXJOeTV2QldQX2dhN3pjQ2pENVkyaFByYm9jRnhsdEVkQUZ5S1MzTWFPOG5xdXE0SzlUbHdlWDZGdjNWcUdGMzNkOEZoY2dDLTNUdDFYT29FZkhUSk5iVjJGTk1LNWVlWFhKYkYzSkxZclJ1dVVmMlVJdVNEbHFFcWE5dlVwdjlxTUxnRzJVWnhaSTlaczZrRVJ5MjNlcU5tMG11M1VNMVhEVW9JaC1OeDlmN3BhVzBra2FuUTdSM0dlNHlMUm9IM0liV1FBY1dETjlyeWs5Y3IyVURwdFEwMjNNcnBIc0VubHRvN0xPNkJWTkpqYnVpb1ZLNFExVEZUenJZcUN4Nm1XcHRER3hEdUR5R2c0Q0RCU2xXd1A2RExmNjlWYUR3NS0weXJ2a0pTZXBfdThUZFcxQk12dm1yUlNWMHVHSjk2aW5nbQ?oc=5,2026-04-27 12:21:34+00:00,Dillard’s to host ribbon-cutting ceremony for Beavercreek location msn.com,2026-04-28
Papa John's,Vishwas Shah,Restaurants,Closing,A Look At Papa John’s (PZZA) Valuation After Tipping Backlash And Planned Store Closures - simplywall.st,https://news.google.com/rss/articles/CBMi5wFBVV95cUxQX2diOHpVS0x6U05ZaHo3VkdpdDdlOW1JdlBNcWVfSklFQWlGclZQNjRvTEpBVUh1Q3dTdk5xR19uSUlNaEtDWVpFMkRpbHoyVXBfZURvcUR6WnhUT1c0amlGUlJFdXBxSGFtWjJvRGxVMEJLZ3lZdGljQm84VU9qNTZVV1l6V3pOOWRzVHNNelozalhBbk5mNzlmdDR2ZlJ3ejJVSGw0YTVtSjdKTVA2ekw0dVZPX2xZMVAzaHM0aWhfQ1FpUUNZWUk5bnJVWmxvNkd2bWthVE1fZUlJZ3NoY0YycHZ5NWfSAewBQVVfeXFMUExwemRzYklaV3RMcHBqTkU4RnZnNGliZkhMdDBEU1BWamc2QTZlUTFsUTdfYmtzUkUxemlSNFhPbHRJZWF5WWoyLXZfYURCS3Q1WUVuYldfQVluYWhtQ0pBTUdxSWtqWmpqbGJ4bkpXUmNaT3l3VjJqVFZrSUpQZWV6azFGdHNKYmVXZUFwMEV1OW5QTVBEYjBGZDdkV1RLMldnNXpYckNmcW9WazYyd0JqRUxIaS1CbEhKbFBHcDV1cHlxaVFnX1dXVWgtb2dQRFhXcnZWdzRpV2RUdXFjd0lzazRKdzNORkladU0?oc=5,2026-04-27 11:11:40+00:00,A Look At Papa John’s (PZZA) Valuation After Tipping Backlash And Planned Store Closures simplywall.st,2026-04-28
The Container Store,Dhiraj Manghani,Mass Merchandisers,Opening,Bed Bath & Beyond throws open doors with new '2-for-1' layout from next week - the-sun.com,https://news.google.com/rss/articles/CBMikgFBVV95cUxOdUVQRGE1c016ZXo0TmpCelU5Ykx1Nmk1T1d2cF95bnZVaHA4STllNWFOUVY5ZURBTkxRb2NPXzBYa1d3bWNMTlNIUHFZM1pVQmFwYmRVWEdNaDNGVnhieTBxM1hWTnJfN0NrdlRpWXhnSW0yZU9lNnEwM0JVWEJsYnJKNnNfRFU5Rzg1bU1xSTVRdw?oc=5,2026-04-27 10:52:18+00:00,Bed Bath & Beyond throws open doors with new '2-for-1' layout from next week the-sun.com,2026-04-28
Domino's Pizza,Dhiraj Manghani,Restaurants,Opening,Popular Domino's Pizza store in Milton Keynes opens doors in brand new location - Milton Keynes Citizen,https://news.google.com/rss/articles/CBMiyAFBVV95cUxPczNOb1ZJNUlscmRGY2s0N3UtZi0tQkoxRFBUbzRmMnZ1bkxXV0h0TkYxRkZxa2RGUmNJZVBHRmpIWHJvT19OcVFLVE5sa0U4ZWxuLTlDMVRraEVhMVNKdEpXN0VYUU5NN0ozdGVSSVpKdHlmX0k1Z05rSXBYQm5LZnQ5dkxlUEZVM0VOT2hXQlNUUVkyQ0Y0REJlM1JBcmtsbVRZcVVVUzkySjRtV2FPVUpQTVVGOWFpNVFjTmdWMkhEb0VybjZJUg?oc=5,2026-04-27 10:48:00+00:00,Popular Domino's Pizza store in Milton Keynes opens doors in brand new location Milton Keynes Citizen,2026-04-28
Chick-fil-a,Rahul Vasaya,Restaurants,Opening,Chick-fil-A Opens Second Location at Boston Logan Airport in Terminal E - Boston's ROCK 92.9,https://news.google.com/rss/articles/CBMirAFBVV95cUxOLTFjUXZFOXUtcXlvNUhfSnJGQ0ZHd29FemF5TFNhajBBQVdWSUJyLUZsMkRrbkdrQjl6NFp3UUZDZDViVG1tZXlGM1VGcHg0MndRclZyWDlzTzhjOWI3Rkd0Z3N6SzNxYV8yRWJjZ2d6S19aWEx0Mi1CTzh5Yk5zb1RXU05rejFEQVpPam5CbVZUTm1ONEhSZlZoYlAwRVBfaE94bjNDSzYzMDNx?oc=5,2026-04-27 10:45:00+00:00,Chick-fil-A Opens Second Location at Boston Logan Airport in Terminal E Boston's ROCK 92.9,2026-04-28
H-E-B,Komal Agrawal,Grocery,Opening,"Third H-E-B breaks ground in San Marcos, set to open in 2026 - msn.com",https://news.google.com/rss/articles/CBMi_wJBVV95cUxNbzR3Ul80dFppU0RObHRVX3BsUmlKNVlVNEZxV2pQY1FXRThRdGdPU2lFR3ppYlI4ZVkydjF5QW5VV3cyVHM2ZHpOS04wR1JOS0tsRzFOWFZQM190dnk5T3FrVmdDZ1dFVzdrQmFEemlyWVBPUnVadV9hbmx6VWo2ajRoQU9NWk9RbGt2NE9RRFRFOFJVYkJxTlNlUl9IMEo0Z2wzWjJHLS1feHBIMUhxOF91SWhQUHMtaEVlVHdXWlBYVlIwR2ltcnJYSGxHaW1QeDZYbkpnWGtTWlVkRzFNMHlicl91UEc2V0VVYlFPTEE3VFVtWnlzY1BVLTdUSFNFdXZpbEJNQzJjczl0RDV3OFZGbk9QX0FmWkZMS0hyRkwxa1IzTG5vQ3l3aTBwTkQ5U0R3a1JOVXR6WDZYcnBfT3dYYmFibXZETVVLYWxueUJ5T3RSOUNGLTg1X2xXeF9QNHRGQlVQYXB0Rmc1SUdBOGpuWTJaQXN6YUI0WVZXUQ?oc=5,2026-04-27 10:44:03+00:00,"Third H-E-B breaks ground in San Marcos, set to open in 2026 msn.com",2026-04-28
H-E-B,Komal Agrawal,Grocery,Opening,"Third H-E-B breaks ground in San Marcos, set to open in 2026 - MSN",https://news.google.com/rss/articles/CBMi_wJBVV95cUxNbzR3Ul80dFppU0RObHRVX3BsUmlKNVlVNEZxV2pQY1FXRThRdGdPU2lFR3ppYlI4ZVkydjF5QW5VV3cyVHM2ZHpOS04wR1JOS0tsRzFOWFZQM190dnk5T3FrVmdDZ1dFVzdrQmFEemlyWVBPUnVadV9hbmx6VWo2ajRoQU9NWk9RbGt2NE9RRFRFOFJVYkJxTlNlUl9IMEo0Z2wzWjJHLS1feHBIMUhxOF91SWhQUHMtaEVlVHdXWlBYVlIwR2ltcnJYSGxHaW1QeDZYbkpnWGtTWlVkRzFNMHlicl91UEc2V0VVYlFPTEE3VFVtWnlzY1BVLTdUSFNFdXZpbEJNQzJjczl0RDV3OFZGbk9QX0FmWkZMS0hyRkwxa1IzTG5vQ3l3aTBwTkQ5U0R3a1JOVXR6WDZYcnBfT3dYYmFibXZETVVLYWxueUJ5T3RSOUNGLTg1X2xXeF9QNHRGQlVQYXB0Rmc1SUdBOGpuWTJaQXN6YUI0WVZXUQ?oc=5,2026-04-27 10:44:03+00:00,"Third H-E-B breaks ground in San Marcos, set to open in 2026 MSN",2026-04-29
Chick-fil-a,Rahul Vasaya,Restaurants,Opening,San Antonio bank is getting a $4.5M makeover into an eatery - MySA,https://news.google.com/rss/articles/CBMihAFBVV95cUxQSWZUd3ZxNnZpUW41NHpjdmxaai0zbUhyeXkzckZ1ZFNjRDZiRmtPbXpZTWRTSU5INEVMZUpEWkpWTzkwUjh0UmQzMWZhSGJLX21kQWVPdDJiZTZvRldFRmc1SjN5c2I0U3NjS3RkRzlyZkUtZlVibzI4QzFNeDJnOHdic24?oc=5,2026-04-27 10:17:37+00:00,San Antonio bank is getting a $4.5M makeover into an eatery MySA,2026-04-28
Nordstrom,Rishi Nagar,Department Stores,Closing,Final days for Nordstrom store as retail giant confirms April 30 closure - the-sun.com,https://news.google.com/rss/articles/CBMif0FVX3lxTE9FeXRNdmpidHJ2T2RXWHZpOWQyaXdzOTluYWVlajRFQ0JSdjUwZDNnNFhzR3ZkdUtaVXBnTVFkUUtFWEthbV9EN1ZqeHZWZWVmcUNBQjRlZjhZaUtGMlRockNpX1JyV0NqWFVmSHRaZjBYcDBkOXlueEQ3clZKdTQ?oc=5,2026-04-27 09:42:47+00:00,Final days for Nordstrom store as retail giant confirms April 30 closure the-sun.com,2026-04-28
Nordstrom,Rishi Nagar,Department Stores,Closing,Say goodbye to Nordstrom after 15 years before it closes April 30 - The News Journal,https://news.google.com/rss/articles/CBMi1wFBVV95cUxNckRwaDlOU0g2UXFQaGJ5ZU1yMEJQTlBWVHMwOWRWMDNJNWpuejgyNW0xeGdYRXBzdkFuVE5MSTVWeWRzdnBGNEpBLVZYMUoyZTN5LUhUdTlIMjdCczA4djFIUmNBNFFoVEdCWGJ0MUVPLXVaajV3Mk1jRWwyMUZwTm03b1R4My1VQjlmMDR3cE9Ha2dwSjJMalc4d242SjBhZVYwVkxBeG4wMlYyeFRKVjZOd2ZiWmprZGxPZ2JGUmlsYmp6QmVHa0J6TUVpdWpUMkVIc3IxZw?oc=5,2026-04-27 09:04:00+00:00,Say goodbye to Nordstrom after 15 years before it closes April 30 The News Journal,2026-04-28
Ross Stores,Rahul Vasaya,Mass Merchandisers,Opening,Ross Dress for Less opens new stores in New York - msn.com,https://news.google.com/rss/articles/CBMi1wJBVV95cUxQWDA3SGE3MFBzVFRxaGVXdDBtWFBGTGRkMXF1VjdOS1VQdkF4NlhfSmo4UzhlazF5WGhpSU85U25Qd1UzVHRZSVVzR3B0Z1NHaU5UZWk3YmtPODFhcmljWEd3NlVrTGtab252UVVzN2lHeFpmOXdjOXphSU9zdko3UWJDcjZpYVNXd1BIUm0xbEJjaUkwSUhPaFRidjM4c2ZpSnlVT2otTXRsQ0lBY0hTMjM0R1o2cjdoSzdnM0IyaGhTYi1zbHpPd2h4UVc2d00yVzczY0tZSm5kUUpvaUlPSzlVOWEyV1BEMkZadnhubVk4amJ2R1RpNFZ2SXM2NnRPeW9yM2l4SWZMdHlPNTR4UlBLdzNodnRnb2JBTm0wcWhxVGpjbUpaUzIxclV6b2g2WnpIOVd0ZXlzdUttc0YyWjZuMXhQRmNWQ0hpMEdNWWdoUjNTSVRr?oc=5,2026-04-27 08:20:43+00:00,Ross Dress for Less opens new stores in New York msn.com,2026-04-28
Ross Stores,Rahul Vasaya,Mass Merchandisers,Opening,Ross Dress for Less opens new stores in New York - MSN,https://news.google.com/rss/articles/CBMi2AJBVV95cUxPY0F3R2RlMHdzMVBLUDNsVkZqaGN4U3FqZUZfdW85SGhZWXdkZVZaZ3VyNkZSNUd1OWdqanhpR0RvbEx0NDhJZGQ0cjE0NklEbk5IeGhMWDY5THE5NFJJODN6blltdzVxTEJ4cGRIU0FxN0VpOTBYa1I1VUZITXkxdzdjVEg0QVVUT3pHVFRsUzVPTXZlc2ZRRnJIeGQ4WHdPRU9xbG1OSG9weDJ4SV9fSmRqSENRTXR5czcwdUNCNTY4SFBlcVJFVW1YdElFb1VITWhpcGZkcENIYlZNQlJXb25VVFl3NndHcmVURGU5b1FkT1FEcmxOUExJTkNlTHpKa29QU2pRQVlJSjZWajZnc2laTnhNcnVySXlSRjlIblFCM3FDSktncm13V2RmalZfZThHVjFxVzJuTVdPSlpDRTFlWWJhUVpXNnBIdm1BNE1maXpWdHVTNg?oc=5,2026-04-27 08:20:43+00:00,Ross Dress for Less opens new stores in New York MSN,2026-04-29
Chick-fil-a,Rahul Vasaya,Restaurants,Opening,Former Hard Rock Cafe building becomes Chick-fil-A with event space - The Business Journals,https://news.google.com/rss/articles/CBMimgFBVV95cUxPN2didG1TbFd1Mk12Uk83WjRWRjF2SWh3VVRTclJSX3dwYXlhOVY2aFBKZmdaM2hqaGdhTlhuVmd3RElCRHlQb3hEYnRpX0pZLXlsREFJQnExR29sUFVZZUpUQzRYTWxLTTc4WldRelh3RGQ5M2xpc3dnUU5TQnk5OTE3RHNKZVQ4bzN0TDhHLWNxNDZrR3NjSDdn?oc=5,2026-04-27 07:53:00+00:00,Former Hard Rock Cafe building becomes Chick-fil-A with event space The Business Journals,2026-04-28
T.J. Maxx,Dhiraj Manghani,Mass Merchandisers,Closing,TJ Maxx closing two popular locations in the new year on the East Coast - msn.com,https://news.google.com/rss/articles/CBMi9wJBVV95cUxOT05USC1RVGpnQVdHWExMTm01QWJqaklzSktuemFyMHk3cUFBS2M1RlpRb2lzMGxwOUl0Q082SklwSzFsQkFjQnZUVUNrZWxrcEFTVTdoeFlWUTJEaHdTV3dyaFRtX21PS1c5RHE3NHdnaDBoMFBMc1VWZE9Gai04TEFVS1ZET19GUUthZGI0SHVCLWMyaXdnaFFtWVhuYVBmNHh2blhJOG8zRDhBSG1qbUlXODhYM2x5SHhBelRoUVN1cGlRVWw5Yll5WEk4d25wSXNraVRURmVEVWZ0bWM1d2JPSkhsbnZ4aWpYVS1JOG1SQm9xWkN2cTJOR3I4QTJFclVOTEVpdnZhMzdfekJ2dFRUeko5dWh4d3FjbmpVX2dsVHdISXd0OVhRTEdiUkdIbGcwWDltU3RNUTR5TUFleXp0Q1J6VGhOMVJRdkVpWVJMeUpIX1JpeHFkNUdtb1A5dDI3RzM4djlBRTZlUmh2ZlYxWW5uY1U?oc=5,2026-04-27 07:50:04+00:00,TJ Maxx closing two popular locations in the new year on the East Coast msn.com,2026-04-28
Market Basket,Moksh Kashyap,Grocery,Closing,All Market Basket stores closing early ahead of storm - msn.com,https://news.google.com/rss/articles/CBMi-wJBVV95cUxPOU14ZU9xYkZWMzAwLVB1V0dCempkMnRRZUVkTGxNWHVhVjdROVNObURRNllDbFNITU12MktFazVWTTIwMDlzMXlDRl9DMmg3d2pBSzhwb2k2YUM2LWp6ZWxseUdOaktINlBkNjBVUVA1TjRHZnB4V1B4Y3lmeVJ3bkFYVWF5cDZzaWFvT3EwQVJSaTFhUTdpd1c4dlJzMlNDbUtreE5lcWV5SUdHRHlNYW9nMFJMX2Rod3VZYl80Z1ZkTmlQWGxIY3FSQng5SG1id3ZQOEpybXhlTmQwNHVneEZEWVJtaHp1dzczVm95d3V1aDJROVhMYnBkcGFDY0ZodGZOODVaanJ2NXNmWHgyalRkZXJFbm1OVF9wMVl0cXVCaXUwTkFhQ1FJM01sT3NLTFJpaVlpUW5UaDI1eHV5V2NKa185ajVtdUdTNUpyV19qSjNfZnhTQWNoNFk3eTJPb2QwSVBzYVFPbEdGNnpuazNqS0wwNDVuNzlZ?oc=5,2026-04-27 07:21:58+00:00,All Market Basket stores closing early ahead of storm msn.com,2026-04-28
Taco Bell,Kashish Kasar,Restaurants,Closing,A rare Mission-style Taco Bell in the Bay Area is closing after nearly 60 years - msn.com,https://news.google.com/rss/articles/CBMiigNBVV95cUxPSmNadWh5V3VaVGpOLU5ORmM4V0hlYXlmY1gzM2NfY0tpS2VSQ0JidWRkcjA3aU9sbHA2RER6c3pxb1MxNG1QUjJTdlotenAzQ0FFZVRxM2hHRzc1YmJYVXBmakE5SlF0bVBOZmwtOFBhVmpjRURYRm9KMGxHNm5YOUpoYXZBMWRGMlpiSjFJejJOZ3hzOG5EYmtlM1lVNENFR2dWX1VWVElKa1ZnSk9LY21xMmEzNmYwSWxDSTFHMkY0dklVZ01rNVBzemtDa1VteUxabWtnX0FtcjZsbDFhQmpndDNFa21vWWZhRWs5VjBhdHdBbW4wdjJlWkFfS3BZSmM4a3U1M0FqTHc0Y2tvTG94M21kYjNfUmxydGNpUExfemltdkhuM29LcW5SVG1HX2MxRXVxWXJMSUcxZDVOSXZSNktBM1U1MTM5NnVNREFQdXFQNGN0VTdNNGI2RV9iV284LV91TGJMNnJrRVdkNzBLeHRMSk1aeU5GU3puNTdDOW5WVWZveERB?oc=5,2026-04-27 06:18:07+00:00,A rare Mission-style Taco Bell in the Bay Area is closing after nearly 60 years msn.com,2026-04-28
CVS,Dhiraj Manghani,Drug Retailers,Closing,CVS closing 270 stores nationwide: List of locations impacted - msn.com,https://news.google.com/rss/articles/CBMiqgNBVV95cUxPUTNCLTNELWNBYmZjOEgyYlZ2V0Joek9MWURmVWQ5UW1lVnBqajd1SHdpYnpyRjZab0FZN2FzWjJQSU1OVjdaNmR5eUo1RzU4dExsY0pTNlA3Q2ctcHMzaHAwMThtWV9zREttSGQtSWpOcEd5TktTOVFXc2lmcE9STWk2TnVtU3lfSjE2MnplVHdEOC1HNDI4UGlHb05wd1BvV3hVNlpCMHJoMnJ0a0FSZWEyT19OUjZZTEFIdGJibGJoQ1RSdDdhLTBKS2ZzT1QtNHFzWDBhWjcteTdYUGoxVl93YVozcUZXenAyN0x3SlhZeEpyYlg1NFdkRm5OUWE3UHhxZ1o2ZFY3cVZ3Q1EyU2V6SnJ1dEF3bGlIMWNsMDNodUhXOUpuaTllLWppWnFNd2RsZnhiZnFnbHhVbzFoeTdsbzNQUTFlV1lFdGhidEUwSFBFcFhCdFBsa1puaG1SN1pXTS1hdzA3OG9vU2xsbEl0QWxWcnNxbWFBNlIwX0M2aTB2SC1ydG5fQmdQQjB2ZlpNenJfTnIyNTRhUE1CX0JiaDc0U1drWHc?oc=5,2026-04-27 04:08:24+00:00,CVS closing 270 stores nationwide: List of locations impacted msn.com,2026-04-28
Fred Meyer,Ashwin Nair,Mass Merchandisers,Closing,"Kroger’s Fred Meyer closures in Puget Sound region spark debate over retail theft, impact - msn.com",https://news.google.com/rss/articles/CBMi1wNBVV95cUxOeUdjdFI3T0xsenFzWXhuZmh5TXVZaHhiZ2RWeUw1Uk5nUWZJYW5HcENwNVYxcC1RQ1V3bkt0T01XOEE3NXhXY0ZNOHRRY0dJNDctXzZLVW55c1Zid1pTb1lia2EzZ0ZRYnNIRzlYaEhsU0NmOWt5V2ZHNGdGMnRCLXpfcE5BWW9nbE9CY24zQWMyQl9FRkt1SjZ5SjVBbl9ZQlNaLVJCSTVpdTRIYVNBdmtpdVVNMUJjMWxjeUJld0FqTmtsMGZYdmVvVjNBQjVhYVYwUzhnbEFWcWRCVmhwREIybDMxZDNSMVdsWlFwS3R6MVRVWkZZU0hjYjMtTEVGZ2ttdUtqSGwyM1lrV2pBN05YRmlDcVpSTzdFQ0stS3ZlX0xsMXFpVWR3NGktM2RtejJzV3R1OThzNEotaURNNlNUdEdZTDFFMVEwU0RiUEVDeENqdHppTDN3dHhpaDdwQzJUVzY3Wkw3VGRaOGw5eTdVa296bkRVa0RWV1VtQUJNSzRpM01MSzJPaHQzSnRVb1Fmckw4ZFFyaE9TMWxPU0stWkpTVDlENV9sZmU2REJsRWdaVm16VkxFNGFfdE5qaWRfY3FxY3pFWl9fdzFNVFNrT05fX0k?oc=5,2026-04-27 03:40:20+00:00,"Kroger’s Fred Meyer closures in Puget Sound region spark debate over retail theft, impact msn.com",2026-04-28
Market Basket,Moksh Kashyap,Grocery,Closing,All Market Basket stores closing early ahead of storm - MSN,https://news.google.com/rss/articles/CBMixwFBVV95cUxOc01uR3l0aDFxbEFoSncxV002djYtWFZqbFpyWGo0NElPd0ZSMGtuN041dVY5NDZiSjVoQnV6bTlaVFV5RW83TTdjQmd1S3Y3dUVmVTRKbzBNTGFXOUxjdFdqcUVqb1Z6enBwRWM2Mlc2QVhtazdXOHBLaXpkTDRGeXA1dlFqcWNXeUpxWUV6ZVk4X0ZRM015SUlmNzhTTjhuRkJxbWhFTHBKY1AwQkZXVWVjcmV5bEhnS2NZakthRklWX3dpdWdN?oc=5,2026-04-27 02:50:02+00:00,All Market Basket stores closing early ahead of storm MSN,2026-04-29
Pick 'n Save,Rishi Nagar,Grocery,Opening,Fox Bros. Piggly Wiggly could fill former Pick 'n Save space in South Milwaukee - msn.com,https://news.google.com/rss/articles/CBMi_wJBVV95cUxNajhtRWdPREFPbEVZQlVBMW1FQXNkQ0RBTTI4aUR5Zmd0Q3JfTnBWSWhZM21ueDlrLVNQVnAxeEtiNjd3ZklyZkE1ajRwWTNfS3BHaTY1NEczNndIUzUwcnJPU3c4OVFjejlyYjdmd0lRQlJlMlBRSVNLMFgwZzdoZ1IwYUZyc2FzTVFES0lkWS1USEVGRC1kSFdvLXl5cHBYSEp6ZUJOXzVldG9ERldOWkZENWJTVUtZeXFTQm9SZXBRWGRvdGRIM1JjRjk3QmsycWRMYWdSa3hfNkY1NGEwUHNfdHRtSnZDaVZtREVheEhLWEx0QWk3NW9WWDF2SUt3OTJmSk1SMU14bFJ4S2lkN2ZfYmRDbjBEQ1ZVLU1JazFyRWNKX21weWlLSkRPeFNjdVVhY2hWS3hYMkZJVC1URGRIa3JYZkQ3c09aMko3UU5lcGliMXU3OW5YTW5GYjUyZFRESFVmMndwNGJnRDZvNkN1S0kxYW5kb0VFSktPcw?oc=5,2026-04-27 02:37:22+00:00,Fox Bros. Piggly Wiggly could fill former Pick 'n Save space in South Milwaukee msn.com,2026-04-28
Pick 'n Save,Rishi Nagar,Grocery,Opening,Fox Bros. Piggly Wiggly could fill former Pick 'n Save space in South Milwaukee - MSN,https://news.google.com/rss/articles/CBMi_gJBVV95cUxQazJFdGZ3WjlmV2xBSkw4SG5TeW1JWUhiX2tDalVfRGxaaElFNnk1NWpMYWhUdl9ZQ2RMOTFUVEZDdnFBWkUwQVoyNzl3NnRycUVZRjExMzVrMkszLTk3TGZOSC1rbjluLUlxa0hNckN2cWxNeXFPRXQwYnF4Qkw3NVRzX2NUM3RpUE5SM3ZuYTZ2Z1ZhUzNNR2pwdFA4eHBNeVhHbnNoVU16LUg5V0lETzFwOUdfR0hzRnBVcnZENHRpUDljbWpnbXdnY1Q3azB6a0dEcXR5VC1sTTdiMjNkWkxKb3Z2NHpZcmxGS3VxaDNWVHVUczlCeDA5MkluOHZRWXFZTHdyeDh3NUdKWGN5ZXJPQWxQVFpPckdNamNINlFzOEdaUUcxYnVwcGdxcmZZa2lYcUZUNGFJYUJLLUdOUE14VUtTd0QwT01FNDM0SGxzWlBKdVJCdU54MDhMWl9mdFV1TjlrbTQ2TWtCNXk2Y0dTdEJDVmdNWnY3RUZR?oc=5,2026-04-27 02:37:22+00:00,Fox Bros. Piggly Wiggly could fill former Pick 'n Save space in South Milwaukee MSN,2026-04-29
CVS,Dhiraj Manghani,Drug Retailers,Closing,CVS Closing Hundreds Of Stores Across US - msn.com,https://news.google.com/rss/articles/CBMizgJBVV95cUxOZlVXa3hRbUNZYkQ1ZnNhbGhYTVg2V3Rwb0tWMGdxZmJHdjZtU0JjMWFmNDBISVh4YW8zTHhPcWxfSmR5S0h4clJDSmZqYmI2UXhyRzE2QV90VUFtVzZfNHVIVVdub3Nvd091cXJRY0NMUG1Fbm80QXhTZ09keVZqSEhSM1pFUlMxUmJ4cHBGRDJVYl9BeGVtT2l3ajU3TzhPd3d4VEIydE93dTZCcUxmWTRPYy1IbmVmQUdsV09WeDdnRmE2VXgwV054X3E2SmdmMUJzSEFYd1dOSDF3UGlpb2hBeFdnU2UtbzlFMFltQnpZamM5YlZQdjVNQmMyMkpXQ25weTJEQjUwcF9Sekc5dW5TcnlaQldBNVVWQjgwLUxOV2ZNLVdaX2JYbTJmV1gyQnVJUV9yQmlvX3hwbXQyOFh2dkJUQ3BQeWdIQkJ3?oc=5,2026-04-27 02:19:12+00:00,CVS Closing Hundreds Of Stores Across US msn.com,2026-04-28
Joe V's Smart Shop,Moksh Kashyap,Grocery,Opening,Here are all the H-E-B stores that opened across Texas in 2025 - MSN,https://news.google.com/rss/articles/CBMi6gJBVV95cUxOR0pKdThIVTJTbGZ3OTE0STdNeE9jZTlFeG5DeVRDQk5MZDZpSnpxOEhsTFB3em5mQ1FudmdTY05CcUk2azNHTzNoUTQ3am1BcW9fWEZ2anN5M1d2SFRlNkdOdTZPRUFwdV9uNVZ4YXZMb0pzaTlCQlhGSjdjcnhFSlk2Yng1amJXNGNpaDhWeXJKN0o5Z1liSURhMGsxTTJ2V1hJUDJ4eDE1OFZSMktsVVFudzdFSExLLW5ySFk0blc4bDR6R2RWdDZBZXZEaTk2RGZjeDZhODRGQXV2akw1cnVJUDlPekdSRXhMbjJVV1ppSXVtNldSaEx4QjZMT0Z3ODZ2bGFiTi1RajQ1WU1ud3pkZ1dVcGVGeTJENEliVngzdVdtbFc0RjNSaXNZeUdCd0NLSEhvRHQ5a0JVaFAxN2pvcHJOenphNE5Jd0tlUG04QV9XLUdyamx3cElldW5pd2xENk85WHBJZw?oc=5,2026-04-27 01:54:12+00:00,Here are all the H-E-B stores that opened across Texas in 2025 MSN,2026-04-29
Kohl's,Bhavesh Phulwani,Mass Merchandisers,Closing,"Kohl's to close 27 'underperforming' stores this Saturday: See the full list - ABC News - Breaking News, Latest News and Videos",https://news.google.com/rss/articles/CBMiqgFBVV95cUxPNGZMMFcwYTZ1bEZUNnhPMWx5N1FNQUdCS1hTbDUyVEhlOEpOb05RSllFRU1WbS1ldG1mbUhxOGx5VUYyU0FIQ1hqUlZROXk0YXltbFVyTDBia3kwZmMxRnMwWTFta0FJR3hudXJtSkhXNlRuX21fcVFLTU1zMnpwcFAySVBDYk9ObnAtckdBaXc5R2Q2dGxudFY5N3BIQmtrNERMLWUtSEp4QdIBrwFBVV95cUxQaGU3dlEzMGlHNS12YVBjamVKM0VVWV8xRl9kQnlDNUM4Z0N6dVRDYXBmdGhNNU5qdml2UDE5b3F0WXNOQzR6WWtYOS1tcC05MWlBOGh3aFAyd0hNYzRtWUZJVWlOcTIzYm9sTXM0b2xMLVc3UGhJSTktWTMzTGtIc0xmMU9xaUdERkNUdV9KNnZQcXJnTFNoX3NuYmJmVGRlNlA0R0RVQ0lCY3haR2lN?oc=5,2026-04-27 01:45:23+00:00,"Kohl's to close 27 'underperforming' stores this Saturday: See the full list ABC News - Breaking News, Latest News and Videos",2026-04-28
Saks Fifth Avenue,Harsimranjeet Singh Ghelani,Department Stores,Closing,Saks Fifth Avenue on El Paseo not closing despite prior announcement - MSN,https://news.google.com/rss/articles/CBMi8wJBVV95cUxPbjNOZmp3dG0xTktEeXNnNnZjZExMaDlfemNVWFFhZS00T1c2dlpRcVB3MXBLaWRTbU5ScVh5M3hSck5DYmxkQ1k4WkRXbjNxYjZmSEg1Y3J3VUotWWZybFFmUnNPNkJoSHVOVzJsNFpZMWZPQ0VzVVYwel9fdGk2MEFSblZWS2tlRDByZ1M0dlRheEE4U0FXZ0NCZ3JWMXFTRWREZlc0OHpEMzh5M1NZaFF3aEE5U1U0NHhKNXZtZTcwYm00YmxKXzhSbGhBZGpRc1k0V1ZEbERxUmZoY1pCVUNBb2c2bHEwSllxS3RzNmZfS2dmSWNPRTFLU0RXWkpNUzhXbDEtSFE0Qm5uLWpWeUFYYXhzeFhaa2tLck1BbUNTM0tubGhGel8wekk2M0RjNmdaWGdSUnIyNUJ2Q0d6ODNoUklUYXBCWnBwOUxXVEVDeTZ4Ni0xXzNCQkpVS0p6Zmd3QkJQQ0F3SjljS09IT09MVQ?oc=5,2026-04-27 01:22:59+00:00,Saks Fifth Avenue on El Paseo not closing despite prior announcement MSN,2026-04-29
Dick's Sporting Goods,Ashwin Nair,Mass Merchandisers,Closing,170-year-old Dick’s Sporting Goods rival Orvis shutters half its stores - msn.com,https://news.google.com/rss/articles/CBMi9wJBVV95cUxQQ19aZm9QM0V6cmVMYjVNd1ctUy0za1JSckFKZzI4WlE5WmNTa05FUE9JdXlHWXZrMmV1TU5yaDZKUk5YSHZIazczVXNCSUtSS0I4ZDRJVDV5MGpuLVY3cFpQblpabWZ0NjVKbURaNXFWZDg4Um13UXBnVmt3dmxnSFFDcGZaS1N4WDEyTGZwQUlMbG8tTXdmQ2R0MlkzNDROdGJIOVZuUlh2NUNVbm16UHNBUDgxc2V2TFdXSDFnVTh4UENXTnd3V2k4enF6Z0JoZFdIcG5XcGNEQndmbkdtbWxDdHl0NEtaR3lGNUlabEdiV1BsY25Mc0hjTE5ERVBkTWJ1Qm1VOERoSUgwQlcxblE2bk1tbjgxTkZkMEZ5aHhmMlBQejROcGJZQWJpQ1pMR09BSmg3MWJjd1NiR21RQ2JiaEFFUVI3blA1Rm1sMjFpejZWd3VaSlJ4QTRmZUxDZG9obzlnQ3hObzRqZ1NIa3ZSX0U5V1k?oc=5,2026-04-27 00:27:48+00:00,170-year-old Dick’s Sporting Goods rival Orvis shutters half its stores msn.com,2026-04-28
Popeyes Louisiana Kitchen,Kabeer Pandya,Restaurants,Closing,Major Popeyes franchisee just filed for bankruptcy and closed 17 stores—here’s the full list of shuttered locations - msn.com,https://news.google.com/rss/articles/CBMiyANBVV95cUxQcVc5YVptQW12cVdJdWNCLUNleVNYeXNnNC1VYThCXzlmSnBJMG9NX0prTUM1b2twRXdjQVlncklqaWphZXIxcEsydFBWbXViazEwUnFhWVhMVGR1S2twMEwwcVJjZ3E4cnFEMVBEZG52dnFCNm9XVFNfU2lfX0JpcnNlTk1sMEwxTmVoaFd5TVdJa0E0N2lsYWxwNllpTzcwV1JNb1N5bEo0aFlTQ2NKcURtd0JzLVhJVE0yTWZOTzdiRmZjME9TMlRHZ3NYbktISGctSmNzT2p3dURCcFIxQU9NaE5NalN2bVJMVk9KTUxoLWh2TkNGXzBmOHRuUi1tMllTbGtyU2ZFdGZDeGNWdXJ1dzl2MUFiVG5uZFJtdHpuSVJHRy1yT18zVVA5dnBJN2dnTXdHWVF6VUtlWVdnOC1Nb0VienBoT3U3cTVHOXlBWVFWVkhpQlJVd2tydzdCUlNlMVZ0cjN4NjUtTktDYVpkU2xXbHp2WDV2Sk85dTJZeXFRNHdvejlQdkJWUDlyNFJQV2tkdUpMT3RJbThScG5KYWV3TDcwWWdmODhzX2s0T3hvSldjbG8wUWRrMFZXdGZQUldHRjU?oc=5,2026-04-26 21:57:28+00:00,Major Popeyes franchisee just filed for bankruptcy and closed 17 stores—here’s the full list of shuttered locations msn.com,2026-04-28
Fred Meyer,Ashwin Nair,Mass Merchandisers,Opening,"Fred Meyer opens new store in Caldwell, creating 250 jobs - msn.com",https://news.google.com/rss/articles/CBMi4wJBVV95cUxQbUlkdTRhNExQZGJWNEJ5anlVV29VTm85RXdkWXpmUG4yc0xOYXd2Tjd0SzdrWEstUGdpRFI3aG5WZEMwZ0NDRlF1QmJUWHE4UmZZMUo3aEtzUk44QlZvWmJxdndtN1ppR1RwWG5wbHI4OWFSTWREcWdKRzdzUG5KMm9jdFdfQVA5THB4amlDaVB4X0ZOTy1EVEpRY19EZEt6bXlQa1VqNVcyWmRZQUxWNGtaNzZSU3RtRDlNdWx4bDNOVEZhWnJoQWwyNWg0NU1KclF3Vm1DUlBTWl9pZzQ0eVhCbTdfN2pYcENTTFFsY19vSTNTSHVXeTFkejdSb2RGSEJ1TlBlQ3VNWTB1Q1BPdEFMaDlPMlpqSEJIaDBmT3ZoUU1XcjRfVGdFVGZ3eEkwN2ZGdkJPWHY3YjZEOXNzUklpZEd4MUZ0MGJteG1fQS1FRWlBTF96b3Q2SFFXUlIwUG5R?oc=5,2026-04-26 21:42:32+00:00,"Fred Meyer opens new store in Caldwell, creating 250 jobs msn.com",2026-04-28
Wawa,Ayushi Chandel,Convenience Stores / Distributors,Closing,"Wawa recall, music shop closing, new boutique: Main Line business news - msn.com",https://news.google.com/rss/articles/CBMi8gJBVV95cUxOSUw5Tnh0SFhHUjNCbk40cVlrekJESktiLXpDZkJDdzFoYnFnTElTTXJiYkJhUHV3dHowcDBQTlNJcnRVTWRRYVMxUi1iR1JfM1FNcndLb0pzWE85WnE0NGdOZEpWeFVTUEFZSGx6cjNkQUt4dVJpbHNFTU1yVEs3V0JuaGRnRG9KcUtnZHhQSzFraTAtOW9CU3hPSWMwZW1qeWJjRjQtY2RyWXYtNmd0NmJoZUVUZkZrLWFMalVUQTB6bkxVSzVTZEFodXd1NkVmRldTeWpLY053U1NGaG1McXVBcUtwNDFabXJSV1dsTGgtSG5OZEZmRGZYczdTandGMk16Yk5RbkE0N1ZYTGdabWg3N1MzazFJbUU3YnJtdy16cnkwRDY1ZUw2cGFlT1ZIaUFTcUU2cXk0M2VXVVA1VndhYU5mWk1hVzJtdUtNd3ZkcWpfdXRwOW9sdW9DQ0hCLWRLQzFWeDByeFFrV0l4dy1R?oc=5,2026-04-26 21:28:48+00:00,"Wawa recall, music shop closing, new boutique: Main Line business news msn.com",2026-04-28
Family Dollar Stores,Rishi Nagar,Mass Merchandisers,Closing,"Family Dollar Stores Closing Update: As 1,000 Stores Set To Close, Uber Eats Announcement Made - msn.com",https://news.google.com/rss/articles/CBMitANBVV95cUxOSENxY0pDeFItclZCOHBkZ3loSjNnRTdYbmRPUEFNSlRFRkNoMmRjRC00YlNwZEUxOHJSNWdVanIyVGRpNVZ6aFJxaEJDQmE3c21xQVpFMlBjUlZtQ3I2RnhWbzBBakNGYUNaaUw3NHlnNTBvZlNJMHBEZjRJMzl4SUo5a1NIdXB3ZnNjVWU3S1FNTlo1UVFuZ0FkNnI2S3RNTTZvYmZzbzMydk45aTl2T0dRcWlqUDJaVkdUNHhBSndJMVYxQXQtR08wTHdkWFUyamMyZkVQbzk5WEhQU2s2VWhhQVdvbjlBNDViVk1YZ3RKU09fcmxEc3ktXzliazFnMENMTzRreENueXZka2tZUXo1dFoxeGVLWXJ0WEdMOWVIUUxFcWYtbm03Sjg0UWZfRnEyTF84bW1RaHJ3endranVFXzRGNUlJQldLUEF3bDVuUVhvSlprUG1WMnQ1RmxfWlNFWU9Gc3FRWVo4cmw0WEkyMUIxQ3I4eDdsN2E4ODFveG9FMDRrZ21BQ1hQN0FiNHhfZUpEekZjYWpvakwyUi0tcTdmSlUzdXNuQll0Y2IxcEdq?oc=5,2026-04-26 20:44:29+00:00,"Family Dollar Stores Closing Update: As 1,000 Stores Set To Close, Uber Eats Announcement Made msn.com",2026-04-28
Target,Vishwas Shah,Mass Merchandisers,Closing,Prediction: Florida trending for a 4-star defensive target closing in on a decision - On3,https://news.google.com/rss/articles/CBMitgFBVV95cUxOSllzV1BsVUhQT0VHTEw2cWlySklKWTdZMzNKeDdCUnBWdDk4XzlRRU1FcnFsc1FPLUlNdnVjNi0wcDhxMGN1RWdsSEZHR3Mtem1GcnlzQ3FFUDFkVEZka3dXdGxneUJpMkFZOXJjZmpERXBuSHBRa2RuTGxxRnU1OG1ock9OTlBUZVhhUzNKRW45alZoaEdEZi11azZpQ0xQYlcxQ1d6TnVMRU1jcUtmQ2JrNXRKZw?oc=5,2026-04-26 20:33:23+00:00,Prediction: Florida trending for a 4-star defensive target closing in on a decision On3,2026-04-27
Grocery Outlet,Rahul Shinde,Grocery,Closing,Grocery Outlet is closing these San Diego County locations - MSN,https://news.google.com/rss/articles/CBMi5gJBVV95cUxPX3RMelE0bU9HVmNLWEozZFFicGEwSnlBQzYwSmp1RW1sV2JlUHpmc0pjWGhlLXVaMk9JdU5VNHppOGw0dC1WaUhFQzRmazN6MFhQNnhLX091Qi1FbUhERXJGN1E3TzdJQzV1NndPNXFSTzNLLUlUUFRQYXY5WEx3X1lqbFU4TGU2YVYwZ2wzcHlkdXpma2JHVjljVXlaWWJsMkM1MVVuVlNkN1RPUE1RSnU5Q2M2eFNzdVdrWVlsaFNfenNTYnBSUEYzdFBFa2QweXZTU3hMVkRTNUt5MlE1UG9qaWo3RXoxUHZuc0dHa21PbjZqbXB4TTFtQy1vaW8tTXQzblBPcU1CV0ZFS21KTWZBNXJXakJvZFphOEotRzBDOUJSeXREVTFvS010dDl2S05UOXFscm80LWtYRXE1SnRpcWM2cnc3WWd4NEhpalV1dWVnQW9sQzA1cWw0Y1YtZG5iSWFn?oc=5,2026-04-26 19:16:12+00:00,Grocery Outlet is closing these San Diego County locations MSN,2026-04-27
ConocoPhillips,Harsimranjeet Singh Ghelani,Convenience Stores / Distributors,Opening,Exclusive: Inside the $93M transformation of a former BP and ConocoPhillips tower into luxury apartments - msn.com,https://news.google.com/rss/articles/CBMixANBVV95cUxOOGtfVmpnbjlKZU96eW9RaGhQM2pHZnFLbGlfcHZkOXJDRmI0UnFhRENvS0FGaWcxRWpnQlVSMG9pVENWUjNsbUZXRTdrUkFSSzJZNXBQWG9TNEtKcU95eDJYOVh2aGh6aXp5aVdzSXBHZmNoU2tGX2FCNzZWaXZmWDJNVDNlaWh6Rkg5U0RzZE1GSi1HWHdYM2c1TWhTal9BZUQxNHkxNHNlTDBfNDdObmFfODYzajV0RHVHRzRiUEQtQkJ0M1F4TVlTVUlsZ0hmUm9aQnBUUkN4M3dVbERKbE5ITmhfMDlCaHJaa3gyaTl0VUlRY1pXME4wRFVKT1hwZE5rX0FHQk5hS1NZRC0yYlBaWklfT01MbVRCcVQycTJGNkstQkxSYjJ4RTZVTHJXSEZlX19TN2l5cC1TbVN4NElHU0xvRWFnZkxKRWFXamhuRnN0bllrcFJjTXpweWFRRnlNM0hIejFteUEyNENtejZ3QmlQbVFOZW9HbHVKQzBrNjNzMzNqa0VEVzlEYjFCc2R5WU0wTzM2am5hVjcxdlFFLWNPMWJMT0VBRkQ0OVRJSmpRSFlnb3N4QmRZSVJOZmRqZQ?oc=5,2026-04-26 17:44:11+00:00,Exclusive: Inside the $93M transformation of a former BP and ConocoPhillips tower into luxury apartments msn.com,2026-04-28
Amazon Go,Kabeer Pandya,Grocery,Closing,Amazon is shutting down every Amazon Go and Amazon Fresh store. Here's what went wrong. - MSN,https://news.google.com/rss/articles/CBMi2ANBVV95cUxOOWZhbEl0QWJVWWhVMDBXWWlhSkotalEyMFRoa0ZsV2pSQ0FqTGdpbS1XQm1nRS14UlV1ZV9XS0YtTHo2c1M2dlFRblZqX2NuREstOWJXSDM1enNmU1JHOXF1bC1BdkJWc2pjSmRiYWpXUXVLVmV0bDE4TldNQ2R5MmNZRm9OdkxzZ012VTN6Nkpfa0FNYjN5RGVMX1hZSngyN3ZtWUxKZUhTQlVGRVZVQl9WRzRENnliaElUbEd2NU10MTlRVi01ektjN1JOZ1hkWlpSQWRqOTI0MmsyR2JFTkV0NjZLWlN0OHUzYUpzSExVcVNCSy03VmNXZC1OdmdTdEhkcHRFbHpSV0VuM0VtMXhVLWxiVnBiek9qcDl3TzJET1l3dlB0aENDdDlNcnpwRVhuWElOdFNrak1Ock1NNWFFd09JWHlObk52S3VsT0IxQkg4WEl6ODBPNGIxMzIwR29KS0xPVm41amJjYnFqeHpjcXhWNzJubS1wSHVKRG4xbUV5QTNjUklYMFc1WFJwLW9NUHRxcW9UbUR2dXo1aVppTkJyTFFDeG9nNHlVaG5DMHp1VFhrU0lNaDRMd2daV3BXSFFBd0ZuUGExc2oxc2NjM2xBUzgz?oc=5,2026-04-26 17:25:44+00:00,Amazon is shutting down every Amazon Go and Amazon Fresh store. Here's what went wrong. MSN,2026-04-27
Amazon Fresh,Kabeer Pandya,Grocery,Closing,Amazon is shutting down every Amazon Go and Amazon Fresh store. Here's what went wrong. - msn.com,https://news.google.com/rss/articles/CBMi1wNBVV95cUxOV3Zzamp0cVRvMERYeWdNQkMyWG1KSWhTSHhkX3pDVFJUWDJ5bko2a2d6SG1iZ1N5UnBrUEt5TWh1QWxwUjZHaVJSMVUzXzA0d1o1ME9aOENTdnpVUVBHcU15OXAzclpyM2xPZFAxTkdmY2RpZVJXamRFMnZ1YjNLbEl4alNaVFh4aENEX2tQOUxQSUJPdnFMUHVBcExnNFpGcEV2dUU1Sk40aVM1NUFYSHFDLS12S1IyWXZwTThBSUNpUHRjeTVBdGVYY20zSldYaTA2eDV5WlFnU1dYemxVdG5nbUpCVUl6b0xSWHBzcTJqQVVCQ0puc0NRYUhjWFV4QTlfNUVGTnZlNnRheDNWMGdXSEZ6bnNBMFpzOV9FZ3dvZmM2czNWbEhERHI0aW9LY2MzVm9JZUIwcUhNWXlRdHBFRHRnQm9Rd3AxN2pEUkp6MXp2QnNqaDg3SEVFR2VrdW1wODZzYWM4TGQ0SE81Z2tmSl90eXA3aDlHd01RY0FhN3RyenU5SkxPeGZXdE9OWGM4WlBLUzRJbmx4QlExR3JJcWhaemNwOTNzYlpYanVNbGk4WDgxb25iMEtiUGdJUTZmUHVnNUJwVVQ1Q3F4TjF2LVdhWTQ?oc=5,2026-04-26 17:25:44+00:00,Amazon is shutting down every Amazon Go and Amazon Fresh store. Here's what went wrong. msn.com,2026-04-28
Amazon Go,Kabeer Pandya,Grocery,Closing,Amazon is shutting down every Amazon Go and Amazon Fresh store. Here's what went wrong. - msn.com,https://news.google.com/rss/articles/CBMi1wNBVV95cUxOV3Zzamp0cVRvMERYeWdNQkMyWG1KSWhTSHhkX3pDVFJUWDJ5bko2a2d6SG1iZ1N5UnBrUEt5TWh1QWxwUjZHaVJSMVUzXzA0d1o1ME9aOENTdnpVUVBHcU15OXAzclpyM2xPZFAxTkdmY2RpZVJXamRFMnZ1YjNLbEl4alNaVFh4aENEX2tQOUxQSUJPdnFMUHVBcExnNFpGcEV2dUU1Sk40aVM1NUFYSHFDLS12S1IyWXZwTThBSUNpUHRjeTVBdGVYY20zSldYaTA2eDV5WlFnU1dYemxVdG5nbUpCVUl6b0xSWHBzcTJqQVVCQ0puc0NRYUhjWFV4QTlfNUVGTnZlNnRheDNWMGdXSEZ6bnNBMFpzOV9FZ3dvZmM2czNWbEhERHI0aW9LY2MzVm9JZUIwcUhNWXlRdHBFRHRnQm9Rd3AxN2pEUkp6MXp2QnNqaDg3SEVFR2VrdW1wODZzYWM4TGQ0SE81Z2tmSl90eXA3aDlHd01RY0FhN3RyenU5SkxPeGZXdE9OWGM4WlBLUzRJbmx4QlExR3JJcWhaemNwOTNzYlpYanVNbGk4WDgxb25iMEtiUGdJUTZmUHVnNUJwVVQ1Q3F4TjF2LVdhWTQ?oc=5,2026-04-26 17:25:44+00:00,Amazon is shutting down every Amazon Go and Amazon Fresh store. Here's what went wrong. msn.com,2026-04-28
ULTA Beauty,Kashish Kasar,Mass Merchandisers,Closing,Why Ulta Beauty is closing hundreds of store-in-stores in 2026: Is your location on the doomed list? - MSN,https://news.google.com/rss/articles/CBMimwNBVV95cUxOSG1PYm1PXzVKakJ3aGpMQ0VXT05zZ0xvdndfS01lOGFoMnhvaG90aGlENjRZRDBodm5ZZkFrbXFYMmxSNmRYbV9hMGM0Y3NXOXc2bVhJUUxzN0ZhWkRmZWFEQUljU0w2b1lWRmVOcV9CSWVFZnJzREY0a0QxZ3NWZ19DellIRVZPR24xdnRqWGNfNzk2Nkc0NF9zYWpNQWpnMV92QmtUbWpfaVBZSlZMWEpDVUY5ek9kbF9jYXF3VE5XcUs5S2g4UktGOEhIQXNzZ20waWl5VVBWbUE5aVZDOWg1V3c1OGsxRW9GZDU3LWttMF96NFV6TXVKY200SFZPQ1RPOHB4WC1pQy10MEdHOXcyWFBja1k1OUt1Y0VHRm84dDJXUERTNmlxU0pFM0tPR1BTTFJTWjRoVjlvZHpwWmw5ZVUwZHYzajRaSUNvNGM5eU9kNzJCWmo1Njh0YU9wakhXMGFJUkZsY3FzRFhQWU9YSFJjZXNOME53cmc4S3hRTE1nb2NTTExhem1DVzQxcHpkTzF0RlZOdTg?oc=5,2026-04-26 17:22:58+00:00,Why Ulta Beauty is closing hundreds of store-in-stores in 2026: Is your location on the doomed list? MSN,2026-04-27
Dillard's,Ankit Rawat,Department Stores,Opening,Dillard’s to host ribbon-cutting ceremony for Beavercreek location - MSN,https://news.google.com/rss/articles/CBMi8AJBVV95cUxOMmZUdEVGbmZVNko2UEJkZnBIYzNoUDk5UTJDeFdEN1VObGFqMXJOeTV2QldQX2dhN3pjQ2pENVkyaFByYm9jRnhsdEVkQUZ5S1MzTWFPOG5xdXE0SzlUbHdlWDZGdjNWcUdGMzNkOEZoY2dDLTNUdDFYT29FZkhUSk5iVjJGTk1LNWVlWFhKYkYzSkxZclJ1dVVmMlVJdVNEbHFFcWE5dlVwdjlxTUxnRzJVWnhaSTlaczZrRVJ5MjNlcU5tMG11M1VNMVhEVW9JaC1OeDlmN3BhVzBra2FuUTdSM0dlNHlMUm9IM0liV1FBY1dETjlyeWs5Y3IyVURwdFEwMjNNcnBIc0VubHRvN0xPNkJWTkpqYnVpb1ZLNFExVEZUenJZcUN4Nm1XcHRER3hEdUR5R2c0Q0RCU2xXd1A2RExmNjlWYUR3NS0weXJ2a0pTZXBfdThUZFcxQk12dm1yUlNWMHVHSjk2aW5nbQ?oc=5,2026-04-26 16:57:35+00:00,Dillard’s to host ribbon-cutting ceremony for Beavercreek location MSN,2026-04-27
Amazon Fresh,Kabeer Pandya,Grocery,Closing,Harford Mall developers seek new tenant as Amazon Fresh shutters its stores - MSN,https://news.google.com/rss/articles/CBMi_gJBVV95cUxPeGFEdXVWUnZqNjRyNlcxMmZXTDRIOVJJQ3dPeUxKNW0wYWZLQXd6ODZhSHZxQ1dOTzNGMWJ2NjdhMkRBQ01WZkhhaW5EdXRMZHVMaW4tcElTVVFqNkJ3ZlFoMU5YejVyWUIyZzU4OW5wTE5HcHlNang0RlBSS3o0Um1vZmdZNU0xWUpMaVpha2oxaTYxUjhiWnZ2UUNoQXpHX1FIM1NhVGhJVEVkZFY5ZkRxNUFfTUdIV1p0TzQ2UWw2NzdDbVFYZm1nRWZacmhpVUVGaHBPZl9sV1BLaWpVeDFlWjI1UGNDZmxBNGJ2OGlrVjFWQkVUUUtwZjVRZWt0VHptNVpBNC0tTjlrb3lkV3drSmQxTHN0TE1oWGNaLVZ6Z05tUnpxWmV5SGUxS1hrUkthRUJ1VVEzNXk2RHFoTGVhRXNzM1FQVEItc1ZnWVg1UzVaaUREdFUxY3JoZFFOQWF3SzBoN1ZLRDlVQTJpb01Vc2pkTk1ndEtiS0hn?oc=5,2026-04-26 16:21:18+00:00,Harford Mall developers seek new tenant as Amazon Fresh shutters its stores MSN,2026-04-27
Grocery Outlet,Rahul Shinde,Grocery,Closing,"36 Grocery Outlet stores closing across 6 states, listing shows - MSN",https://news.google.com/rss/articles/CBMi6gJBVV95cUxQRm45MGlwOVNRa3FiREU5YTR0VmVwbkVKR2x5YlVnTDZ4TWh0VUhJUnJtVjR3eWpjSTgtNnVONGtuOXNkYTF6WjMwUFluSDF0dkxTdncxYnpTc1FTeUxQU2hlTUhZc0Z3dGlfQ0lpRGFjVEVLUXFyUDV6YkVheG94QUl1VDVWX3pCbHJacUQtYTFxS0Ffb1JNSWlZWHE4aUkwMGNfUFlRcDFpQXJ4VXBmcFdTTnlpRmdfZlgwSExpa05mNnFxX2dJQk9sTWZoM0FNVWpWYlJ4a3VHY2g5YURuVWVOcVpEZE84cTNtU0lMVFZLZW5KbS1BUGdDa1lqRzJOck9ib0xHLVU3Z1pKVDVpa1FoZUk0YmgyeG1XT0Vla2dDc3FHTDlJSWw4cTJGRVROc2lyemhkN2JpZ0EzTkJ4U21YRFpYLTlDR25KZVJVejViSmNiWmdIMFdfT0JWcjBJNThDdXpidnUwQQ?oc=5,2026-04-26 16:06:54+00:00,"36 Grocery Outlet stores closing across 6 states, listing shows MSN",2026-04-27
Casey's General Stores,Rahul Vasaya,Convenience Stores / Distributors,Closing,Casey's General Stores' recipe for growth earns new bull at BofA - msn.com,https://news.google.com/rss/articles/CBMi6gJBVV95cUxNWVpjeEV2VXFLQklWaFVRdDlPdng0clB5cnc3OXdXZVIyTTEwS19Xc29QdllmQzUwNk1taGRUZWhLXzdCVlhZdWc5enVFM1liMm5KMHFOZDNGTVFRXzlPT2dUWW9XRXp4ZC1kcUEtdTJYSkhTc3MxRmw3UFBlOVE4OGs5ekRZY2tNNmdyM2tZbG5lTm5mZ1k5ZmljTVMyQWhhZzhFN0R1dnI3TExhZXZ6bHpvdGxOOHVsVWlKUEdOTWQyaUFSNVRST1dxc0xqU1k3aXB5WUE1bC1MM2lJT05vQnFYOUgwQnRwdWVQa2xhVkN3UER4WGZ4eXNYVUtZYXJDbVNLMTQ1amxsTHB2WFhXNGFnRzRTSWZ6QUhmbjY2SnNtYks2ejRscG5oRl85bHhZWnVUU2hQYTZNVFducDcyQUlrTG9taGtVdEVrandKWGRLNjZaQS1UblZtazVaaGVqWTBQQ21YTGlsUQ?oc=5,2026-04-26 16:05:30+00:00,Casey's General Stores' recipe for growth earns new bull at BofA msn.com,2026-04-28
CVS,Dhiraj Manghani,Drug Retailers,Closing,CVS closing 270 stores nationwide: List of locations impacted - MSN,https://news.google.com/rss/articles/CBMiqANBVV95cUxPOWxBeDA1Z2VGMlFaUVlKR0QyLTdWQTBmU1ExeWNxdjYwbkRmenVJRGJLb2ttTUxpOURyOW5SYy1WcDg3bDQ4U0xNY3Y4dFJCX2NjZ3JzTFJDQlFoM19HU3RoZzZrb0tWNFdQSjJjZmZNblNYMFRnaExEaUsweG5QNlJRbWVjX0hGUXNxTTYwQkp2Z3RDQ0k5SEQ4OFlTb3hycUhqS1RCV1NONVlBRWw3dnBmb0JnbGxiSmMtRTNQWF9UMjdrX0lMcXpHOVFXTWo4Q2xyY1NTdE41aUw5bnJWb2p4RjJXZXBmWndzYkFJNmJ5b2VOU0xUTWZoOHhRZ0QzZ1dfai1OT204Yi1NSUpUZVVSMVM5STk1RHdLTGFLWnhkMUM5OWtUcGpDOE01d051TzlwUjdsWEtGX21NbkRDVU9wXzhKdVNQd0drN1BQSFBzWHZRUXI0VkhLUDl5ZGtmek1BOUprT0ZiU3FqeV9oY25VXzltV09FRmZHOGVDdTNNUkpBNUQxTlhKSFpjdTNkazJCUF85R0JYRU40akU3dkkxZklMMjBR?oc=5,2026-04-26 16:04:09+00:00,CVS closing 270 stores nationwide: List of locations impacted MSN,2026-04-27
Kohl's,Bhavesh Phulwani,Mass Merchandisers,Closing,Is Kohl's closing more stores in 2026? CEO gives update - msn.com,https://news.google.com/rss/articles/CBMioANBVV95cUxOcV9tMEVxdTlCeEJkcGlPelNJWDZDdUpIQUMzUmM3Ym5VRldVenNNU19CcGRYVUFKMVVqRUxacXRvN1JPZS14WThmeHBqaWIxTjhpdEVWakgtVklHQ0pwa1A4TG9ZM2NhWTRRVWZ2TUc5MG9laTg0dm1ZM05TN2N4R0RQQ1RzNkxHVWJ3SmktaU44WThLcG5hbGZTRWxha2g2OUFXLV8wdWxNamJWUVBRNkNWNkExMldtSjFpLTJnemJ4N0JrVXg4bGFyd2ZJck02Q2FQQW5yZV9ZTlIwNWZXd3BLTl9YUWwyN1hJYk12cTRtdGgtejNnMkt1eFc1RlRhbGZBTG5CbnBFcF9OV0NzN3VlMVBVMFZ6ZlNCUVdWb3lhenFhMkt0WklIUjJ4MUJYRnc2VU02X0sxaDBwOFNwdWZhczY1blZrQ2tiaWlOaWVKVnVqalR4RDhpTVNxWWRtSWFYc1dmZFNyM1RsZTVHd1VRbEFjMzRXOFJZM0dZQnlBSEhMTVNuUlFpSVJqMDNWYTVPUVJWMkpPUWptNE5vRg?oc=5,2026-04-26 16:01:53+00:00,Is Kohl's closing more stores in 2026? CEO gives update msn.com,2026-04-28
Neiman Marcus,Harsimranjeet Singh Ghelani,Department Stores,Closing,"Major round of store closings set for Saks Fifth Avenue, Neiman Marcus - msn.com",https://news.google.com/rss/articles/CBMi8wJBVV95cUxNWHdUdDlKM1dJU0lPOWtYVVplc2JsZEZHOGJpV0w4QlZaX1dUTWh4azFEaG8wU0V4YTcxY3J0d2FEYkhDVm02VzctejgtcUVZME5fSWhSTWxfUzhPWGxTZEM0VTlsZ0FrZERxc0R4NnI4WnpwREV0Z2UxUW5zV2JoUS1SVE9oZllPSE9KNmhjMTVrZTlQRmd3M2x0RFRFN2FWaXRJTFNlS2xrY2lvUnl6dnl2N2ZDRGFLdWUtMUJBbmtWWUFGUlExOHZYZjB3T0p3bmpQY05YMUdnRnVFdUg2Y3loX3NqNC1xeEYtLVpIZWNWN0JmNWt4c3Z0eEZ5WGlFQ1VTZUFMVXBJYkhMbWFteVowYk9UWW5RcXlPS20zazh0RFJHYWR3TXBvVlpaUnQxbEJuSFdZQkxoRng3ekdYNGpSbXFxRDNXYnlOdXI0bzV1MDdEZ3l0N3FwWHduNDVqajlNMTBjTTk2WUNxR19EdDlJSQ?oc=5,2026-04-26 14:12:16+00:00,"Major round of store closings set for Saks Fifth Avenue, Neiman Marcus msn.com",2026-04-28
Saks Fifth Avenue,Harsimranjeet Singh Ghelani,Department Stores,Closing,"Major round of store closings set for Saks Fifth Avenue, Neiman Marcus - MSN",https://news.google.com/rss/articles/CBMi8wJBVV95cUxNWHdUdDlKM1dJU0lPOWtYVVplc2JsZEZHOGJpV0w4QlZaX1dUTWh4azFEaG8wU0V4YTcxY3J0d2FEYkhDVm02VzctejgtcUVZME5fSWhSTWxfUzhPWGxTZEM0VTlsZ0FrZERxc0R4NnI4WnpwREV0Z2UxUW5zV2JoUS1SVE9oZllPSE9KNmhjMTVrZTlQRmd3M2x0RFRFN2FWaXRJTFNlS2xrY2lvUnl6dnl2N2ZDRGFLdWUtMUJBbmtWWUFGUlExOHZYZjB3T0p3bmpQY05YMUdnRnVFdUg2Y3loX3NqNC1xeEYtLVpIZWNWN0JmNWt4c3Z0eEZ5WGlFQ1VTZUFMVXBJYkhMbWFteVowYk9UWW5RcXlPS20zazh0RFJHYWR3TXBvVlpaUnQxbEJuSFdZQkxoRng3ekdYNGpSbXFxRDNXYnlOdXI0bzV1MDdEZ3l0N3FwWHduNDVqajlNMTBjTTk2WUNxR19EdDlJSQ?oc=5,2026-04-26 14:12:16+00:00,"Major round of store closings set for Saks Fifth Avenue, Neiman Marcus MSN",2026-04-27
Neiman Marcus,Harsimranjeet Singh Ghelani,Department Stores,Closing,"Major round of store closings set for Saks Fifth Avenue, Neiman Marcus - MSN",https://news.google.com/rss/articles/CBMi8wJBVV95cUxNWHdUdDlKM1dJU0lPOWtYVVplc2JsZEZHOGJpV0w4QlZaX1dUTWh4azFEaG8wU0V4YTcxY3J0d2FEYkhDVm02VzctejgtcUVZME5fSWhSTWxfUzhPWGxTZEM0VTlsZ0FrZERxc0R4NnI4WnpwREV0Z2UxUW5zV2JoUS1SVE9oZllPSE9KNmhjMTVrZTlQRmd3M2x0RFRFN2FWaXRJTFNlS2xrY2lvUnl6dnl2N2ZDRGFLdWUtMUJBbmtWWUFGUlExOHZYZjB3T0p3bmpQY05YMUdnRnVFdUg2Y3loX3NqNC1xeEYtLVpIZWNWN0JmNWt4c3Z0eEZ5WGlFQ1VTZUFMVXBJYkhMbWFteVowYk9UWW5RcXlPS20zazh0RFJHYWR3TXBvVlpaUnQxbEJuSFdZQkxoRng3ekdYNGpSbXFxRDNXYnlOdXI0bzV1MDdEZ3l0N3FwWHduNDVqajlNMTBjTTk2WUNxR19EdDlJSQ?oc=5,2026-04-26 14:12:16+00:00,"Major round of store closings set for Saks Fifth Avenue, Neiman Marcus MSN",2026-04-27
Taco Bell,Kashish Kasar,Restaurants,Opening,Dirty Sodas and Crispy Chicken: How Taco Bell Aims to Keep Beating Burgers - MSN,https://news.google.com/rss/articles/CBMi-gJBVV95cUxQU2ZNczhhdF9ROEYyV0J2SURDcXJ5VG9iYkZWLWhGQ1g2aVl5NTJkWmN2blUyZjFYZFdwVWJST1BIdnY3Mmx0NWtrV2x4NkRrOGhZT3NMam9tSEU5bG9LenBqT0Zma3hmTElrUVctQUhSeXVGcWtnQWxLUEcwNkJfdHZ6cXhnYURuamx1ZjYxRExDSWYtX2lqNk55Zk5mWkViSWVEWno5TWtBVXU2R2lCcmlhWTJVZEFtYTBjN1FjQi0wREstd1JpOTMxTkRjRktFQmxLNWlZaTBFWkx3Z1dCQm41UWxGN2dVRzZHUjlVZGNUbkV5dzV5WUF2X085V3lURTctVVBnRXdoOEI3Y050N3hRYk5tLWZwdHhpalZXVnJ2d25vcTBuMmJNWlFlNS1yN0c4QTNUbmlqcXctbGJmVXZIQkQ5WXBab3RPNEwxc2FIdGNZNTg4bkVLTEZmY242RkZzZXlaMFJaSEhoQXpIMTJsMW45N2FSU1E?oc=5,2026-04-26 13:26:23+00:00,Dirty Sodas and Crispy Chicken: How Taco Bell Aims to Keep Beating Burgers MSN,2026-04-27
Joe V's Smart Shop,Moksh Kashyap,Grocery,Opening,Joe V's Smart Shop by H-E-B to open a store just east of Fort Worth - MSN,https://news.google.com/rss/articles/CBMi7wJBVV95cUxNN01oaTRUTC1WTWFOa2cybmpwT2pCdzdrN21uaG5YR3JCakNwVU1qNTV0RmY0djhldThCc3FUbUFKVmVyalhYQ0I0NUdwMVA0RHR2Y1l1TjJwZEtSYXQtX04xcm9KenlTUFA2MzA4UUM1dm9OUlZoSVVXN3VNVy1CSEh4bXVvRjF4QnJVOVNoVTBNbDZRYTZocm9YeEI0SWRoeEpmc1J5ZWdrOUxpaTVuTnNpZ2JVdU9rMDJNbXFyeGZlR1BXZTBVdldjWE9OOEdWczU5RXg5ckR2bms1YWFPc1J5TEktQU55SHNXMjFodEpoMlVtcnFJT3hsdTBZeUtHWlRNUXlPaTNPT1dsRl9OM0ZieVRwVjV1OXk0TzVmemFBc3lRcmxRWlFrVE9YTDNHbnc4MDVEem9vNXNZMXMyeGI3OThfN2lhd1k3eEo1Rll3N0RJOE1SckJTREJRYmQxdnhyWFJYTlFqLURVbFdR?oc=5,2026-04-26 13:14:11+00:00,Joe V's Smart Shop by H-E-B to open a store just east of Fort Worth MSN,2026-04-27
Trader Joe's,Rahul Shinde,Grocery,Closing,Trader Joe’s hours: Full schedule and holiday closures - MSN,https://news.google.com/rss/articles/CBMi_gJBVV95cUxPVGlEN1BEbDNLQ24zWW5kS3cxT3BQTk14NndCTC1ydGFrb2JFc3RaNkx0czB3andQb0lsMzNqWkI2Z0VqaHV6Y2gwalAxUHRvdEYtcWpKLVM0dnRNQnN1YVNEUTg3SjlTX2xHaEJrVng4MGN1OGtSaXJraW82NEdGQWZac2swNXFHNGJfNUZwQTlLWWEwNTJ0UzVXMU54X3RJa0VScmp0eExvSUYwQWh6dFJubTNucWxzT2VQQVl6WTV6UUpUQ1VkV0UyVGpELXFaMnpUbWp5ejRVcHQ4cjIwZkZMN3pZalNKenE4UUdYbXlmVFBxeUJJS2V3YXVMRkZQVm9DbTh5b1gxQVpIcmdKdDU4RV9OMTBhT08weEJKSUktZGVydzhmdFJlcE1WaWZJZTVyQXlJdFV5RDNZaHh5c1NrNEJsVmt4V1czYTRnZHZrV2V1WWJVVWVpOFltSzIzeEJtaEdrSXJKTDV6QnRMaHQxcE0zLXNJOEVrWV9n?oc=5,2026-04-26 12:52:47+00:00,Trader Joe’s hours: Full schedule and holiday closures MSN,2026-04-27
Office Depot,Dhiraj Manghani,Mass Merchandisers,Closing,Closing time for the owner of Office Depot and OfficeMax in the public markets - msn.com,https://news.google.com/rss/articles/CBMigANBVV95cUxQNmYyemtTUU5WSkREcndSelBJSEN0aF9EMkVBWGxwSk5sejRNZERXTVpQWjdVUi1feDBtTXZ4clVKUUpTZ3B6V251VXRRNk5XUUR3SVlQZU9ubHFoYTQteGxSTUV5aWNCQUNhLU01dmhBNFVmT282ejhwREpWUjFUQUZWSWxyWEZ3ZEFhdVhzNlRlR0lraVRyUklBR1dTazRTeXdIZEc5WENsd1hySjNhNWtmYzZsZWUyUm1DRHFpaUtyWWpsSHc5UElJRWY2ZVJ2eVRzZmdUZmVHSFQzcmg0RjdxajltSFByODJJN1VkLUFmNktBYjB3aFQ4cE1vMzlxQ29JUG5NZUR3ZHpaRGdqMmhIRy10QXJYbzI3Tnc0UjBxM2lEd0N1Q2ltUmdsZE0yWVJEbDlxOURta2k0Tnl4ZXRXeS00YW5ZalFBdmcwaVUtMHc0MHIzQmJ1VDdZbkl5NHY5UUVBakNxVVRmc05GMVBFUHFDUWRVM2ZMeXN3UHk?oc=5,2026-04-26 12:49:59+00:00,Closing time for the owner of Office Depot and OfficeMax in the public markets msn.com,2026-04-28
Office Depot,Dhiraj Manghani,Mass Merchandisers,Closing,Closing time for the owner of Office Depot and OfficeMax in the public markets - MSN,https://news.google.com/rss/articles/CBMigANBVV95cUxQNmYyemtTUU5WSkREcndSelBJSEN0aF9EMkVBWGxwSk5sejRNZERXTVpQWjdVUi1feDBtTXZ4clVKUUpTZ3B6V251VXRRNk5XUUR3SVlQZU9ubHFoYTQteGxSTUV5aWNCQUNhLU01dmhBNFVmT282ejhwREpWUjFUQUZWSWxyWEZ3ZEFhdVhzNlRlR0lraVRyUklBR1dTazRTeXdIZEc5WENsd1hySjNhNWtmYzZsZWUyUm1DRHFpaUtyWWpsSHc5UElJRWY2ZVJ2eVRzZmdUZmVHSFQzcmg0RjdxajltSFByODJJN1VkLUFmNktBYjB3aFQ4cE1vMzlxQ29JUG5NZUR3ZHpaRGdqMmhIRy10QXJYbzI3Tnc0UjBxM2lEd0N1Q2ltUmdsZE0yWVJEbDlxOURta2k0Tnl4ZXRXeS00YW5ZalFBdmcwaVUtMHc0MHIzQmJ1VDdZbkl5NHY5UUVBakNxVVRmc05GMVBFUHFDUWRVM2ZMeXN3UHk?oc=5,2026-04-26 12:49:59+00:00,Closing time for the owner of Office Depot and OfficeMax in the public markets MSN,2026-04-27
Autozone,Komal Agrawal,Mass Merchandisers,Closing,AutoZone Stock Upgraded by BofA Ahead of Next Week's Earnings Release - msn.com,https://news.google.com/rss/articles/CBMilwNBVV95cUxPYzlNR1FVNnJIeWFmdHd3Z1dQTUxXY1BKaUtIcUJYTUdnZjVXUkJvaXc5MldCQzB4Sl83ZU5VRjQzUG5PUW1fcDZ5akM2YUJHVU5POGRyR19mZTlkdXJtS1hpSlYzTFlYZnZFWnpFa2JQUHRPNjdtTHloZXVaOFhDM3dvdFo3bGhWdlNyd2M2NUdodFR2ZUNRQnhrZHRISTJEOVRXZy13TGlKeHhwMjFWczhnZmJWbVNIQTQxZzJiNWdRTGNjWTh6dlRHRGo1WVh5NzFvb0RydENJemcwb0Qwd1FEVk5uT2pLWloxdV9TcjZqMGtyN1RKZlhqQ0VPZHl2SjFOenY4Ri0ySmRLVE10M2hzTDI2ZGJpSkpEVkxObzJNSUxidUZUbGN1dUJPdmY5RGhhMTkwdV9QeTBvMV9sN0Y0TlFrN2o3WWx5YW95S29DT1laZFRvUDQ2UGoxamZjTWpKNDJaYzVZLUJGbjBSTzExVDBQUlh5MXhUTEhaTkVJcldiTk8zNEhONnk1NlVrM2k4RmprOA?oc=5,2026-04-26 12:45:51+00:00,AutoZone Stock Upgraded by BofA Ahead of Next Week's Earnings Release msn.com,2026-04-28
Amazon Fresh,Kabeer Pandya,Grocery,Closing,"516 Amazon workers could lose their jobs in Sacramento-area Amazon Fresh closures, state filings say - MSN",https://news.google.com/rss/articles/CBMinANBVV95cUxQeTdhdHB3ZlhzN24xQ1JtN0s4WXM2ZHNXa3pXWjR0SUJ4eFQzdG5Cc1JwYUlIWmlNd25oQUNTWlVib1VKRVFZdVMxM2ZSNmVaLXRGQWZnY2FWRGlOdDBDMFJDNFp4aVIwVmRqaXlCTmp0eTU5cEMzcVg2a2VJRGxmU2ZQQU5vc0RzUWNxSkVBVU8tRk5Jb0RHT09IYXdNb09fTzNGeW1iSm9kUXRaUXlXamVQQjBVaGRPXzVJMWNVbFNBQm9QMGNwUDZTWFdodXhjbDZKQTFQbzhVbk9FemF1QlNnRV9RcWVlNEdkOHZPb09GWm5ITVktalRFU2ZoWmJ6MkVPSEQ2Q2t5WmF0X1ZsYnlrTkFoWC0zMS1aTlBMQ3FjU29HeF9uZ19PbzNNQlhOXzQ3TzlvNnUtVC1OYTdMeHFUNURDRWoyWE1KTnk1cVloNWloTHhUam9iVDFLWHR0OWw4Tl9hQlZEM3FlTEoteDB2UHdyLXI3T1lxVkZpenhmQVFBQXZMWTFqOTJzRUQydGtWNnptbnhILWpn?oc=5,2026-04-26 12:45:35+00:00,"516 Amazon workers could lose their jobs in Sacramento-area Amazon Fresh closures, state filings say MSN",2026-04-27
Domino's Pizza,Dhiraj Manghani,Restaurants,Opening,Domino's Pizza store in Immingham to open with giveaway - msn.com,https://news.google.com/rss/articles/CBMi2gJBVV95cUxQZF9HQ2NDUldwNGF4ckVMSmZHM1RpOWFNYnI3eEJPQ05salBzV3lPb2t2WnY0c21sQlY1dzk4REJFSEtyYkJKQWgxZmEtTllxLWhuY1ZHb0prNUUtOVE3MkdWNzF6YmQwU3Q0Q21sTmYyR24za0c2eUJwTUw1dzBGUHI0S3VMdHdJYkhIR3VqVThrY3QzRmx5ZTcyVi1kNXJUY1hrUGRvRTNBRWpQNWMwWGVJT2JkNEFmSjdLa1NveEdaekw1U0xxeUtDWFlDbi1aNFBFMjVrSGRuWG9KaHVvUk5KWlM3aU8tT19VdEpQYzZfX1p4U3BRcmh0Q05Rb2pkRkx2OHUtd05PeGt3d1UxbndrdnB3czFael96ZHRrY2ZaN09Ib1JWVFRiUEVOMUd1Q2lGb2lFOHNPU1dTUVpTVnRrTnFqVVgweTN4SVRCZmtaV3ZJcWp0LXJ3?oc=5,2026-04-26 12:20:15+00:00,Domino's Pizza store in Immingham to open with giveaway msn.com,2026-04-28
ConocoPhillips,Harsimranjeet Singh Ghelani,Convenience Stores / Distributors,Closing,ConocoPhillips (COP) Advances While Market Declines: Some Information for Investors - msn.com,https://news.google.com/rss/articles/CBMigwNBVV95cUxQVFpoTEdUTHVnczFrN1g5YkFUUVZrZ2hMMGkwLTVvVzNOZ05JbGdUM3ZTaU5HcS1nNzRRNWV3QXFtcTUyR0hrQi1NRGUtSHhoVEpRM2RhTjFHRVc4OTdPeXh3X0FKUXpMTG4zZFNzWUIyLXZHODZ2VUxRM0MzQVg2cjFpNWY4UHc1bF9JX0gtUTRRTkdRUFBUMGJsbjFiTHJneGtWejI5Q3BKSUxVbG9BdkRmeHpra0NtYlFBaTVSUG9aREVSQ1FTMjktQXY1UUJiUWxfNmtwVENjNnBHeUl4WFJCaHBXLUpCdExXUTRXRGlkWWUySE1SeUxzalU3czVCRWpUc29MTUdfa2hOeE15cG9QV245eEhXeHNPbUdjZ2tFM2Z3a0JsNUtzVEpRYzRLWUJFTk03SlduSjZwajRicnZUSkZlTjNndy1EQUtFTmNiZjZiUGpCRU9icnJnRVpqc0l2U3pQM1FTQ0M1Y0hmVU5DeTBPZXItQTRoN2lsR0ZMQlk?oc=5,2026-04-26 12:16:24+00:00,ConocoPhillips (COP) Advances While Market Declines: Some Information for Investors msn.com,2026-04-28
Fred Meyer,Ashwin Nair,Mass Merchandisers,Closing,"Kroger’s Fred Meyer closures in Puget Sound region spark debate over retail theft, impact - MSN",https://news.google.com/rss/articles/CBMi1wNBVV95cUxOeUdjdFI3T0xsenFzWXhuZmh5TXVZaHhiZ2RWeUw1Uk5nUWZJYW5HcENwNVYxcC1RQ1V3bkt0T01XOEE3NXhXY0ZNOHRRY0dJNDctXzZLVW55c1Zid1pTb1lia2EzZ0ZRYnNIRzlYaEhsU0NmOWt5V2ZHNGdGMnRCLXpfcE5BWW9nbE9CY24zQWMyQl9FRkt1SjZ5SjVBbl9ZQlNaLVJCSTVpdTRIYVNBdmtpdVVNMUJjMWxjeUJld0FqTmtsMGZYdmVvVjNBQjVhYVYwUzhnbEFWcWRCVmhwREIybDMxZDNSMVdsWlFwS3R6MVRVWkZZU0hjYjMtTEVGZ2ttdUtqSGwyM1lrV2pBN05YRmlDcVpSTzdFQ0stS3ZlX0xsMXFpVWR3NGktM2RtejJzV3R1OThzNEotaURNNlNUdEdZTDFFMVEwU0RiUEVDeENqdHppTDN3dHhpaDdwQzJUVzY3Wkw3VGRaOGw5eTdVa296bkRVa0RWV1VtQUJNSzRpM01MSzJPaHQzSnRVb1Fmckw4ZFFyaE9TMWxPU0stWkpTVDlENV9sZmU2REJsRWdaVm16VkxFNGFfdE5qaWRfY3FxY3pFWl9fdzFNVFNrT05fX0k?oc=5,2026-04-26 11:46:57+00:00,"Kroger’s Fred Meyer closures in Puget Sound region spark debate over retail theft, impact MSN",2026-04-27
Taco Bell,Kashish Kasar,Restaurants,Closing,A rare Mission-style Taco Bell in the Bay Area is closing after nearly 60 years - MSN,https://news.google.com/rss/articles/CBMiigNBVV95cUxPSmNadWh5V3VaVGpOLU5ORmM4V0hlYXlmY1gzM2NfY0tpS2VSQ0JidWRkcjA3aU9sbHA2RER6c3pxb1MxNG1QUjJTdlotenAzQ0FFZVRxM2hHRzc1YmJYVXBmakE5SlF0bVBOZmwtOFBhVmpjRURYRm9KMGxHNm5YOUpoYXZBMWRGMlpiSjFJejJOZ3hzOG5EYmtlM1lVNENFR2dWX1VWVElKa1ZnSk9LY21xMmEzNmYwSWxDSTFHMkY0dklVZ01rNVBzemtDa1VteUxabWtnX0FtcjZsbDFhQmpndDNFa21vWWZhRWs5VjBhdHdBbW4wdjJlWkFfS3BZSmM4a3U1M0FqTHc0Y2tvTG94M21kYjNfUmxydGNpUExfemltdkhuM29LcW5SVG1HX2MxRXVxWXJMSUcxZDVOSXZSNktBM1U1MTM5NnVNREFQdXFQNGN0VTdNNGI2RV9iV284LV91TGJMNnJrRVdkNzBLeHRMSk1aeU5GU3puNTdDOW5WVWZveERB?oc=5,2026-04-26 11:23:13+00:00,A rare Mission-style Taco Bell in the Bay Area is closing after nearly 60 years MSN,2026-04-27
Barnes and Noble,Ashwin Nair,Mass Merchandisers,Opening,Barnes & Noble plans grand opening for new South Austin store - msn.com,https://news.google.com/rss/articles/CBMi5wJBVV95cUxNWEpfZEI2elRNNGZyWDZqZ0I3ZFFtRkl0YXNWcEtSazBka1M5ZHpjOS0zUDdjNkp0NEpQMG5VRFZRU2FFT2JQWlhfam9xM1BNVFpCWC1yeDZLMW5QQ0dOdlFfSkxoZ2s4SWFMQXVaM0txVXVpTEc5Q1VaOGRXTFc3Z0lNR0dpbFphSS1ULUUyUmRWNGZ2SEYwaGNyaUY2WFBmLXZwTnN1MzEwUVR5WEgta2V0cHRENUg1bXA5T3FGcndGS1Ata0s5RUtLRFJhR3A2Y1pBV1AzOEExbTVzdDNxYlZVWURRSi00aWVJSnpBYXJ5VkFmeEI5OUZlOEp3QUlZYlBOVFlNWG5HOWo1dUMtd0ZZNXFjdzlGemtKU2diMEpwUHhRZ0ZVUGMyS1NFRGFBc01tdkdkXzd5LVNvMnVHRk9JUVp4TWV1N01QWmdodGw2MU1TdFpSci1mN3RDSG5iZXdBS3JTUQ?oc=5,2026-04-26 11:10:01+00:00,Barnes & Noble plans grand opening for new South Austin store msn.com,2026-04-28
Barnes and Noble,Ashwin Nair,Mass Merchandisers,Opening,Barnes & Noble plans grand opening for new South Austin store - MSN,https://news.google.com/rss/articles/CBMi5wJBVV95cUxNWEpfZEI2elRNNGZyWDZqZ0I3ZFFtRkl0YXNWcEtSazBka1M5ZHpjOS0zUDdjNkp0NEpQMG5VRFZRU2FFT2JQWlhfam9xM1BNVFpCWC1yeDZLMW5QQ0dOdlFfSkxoZ2s4SWFMQXVaM0txVXVpTEc5Q1VaOGRXTFc3Z0lNR0dpbFphSS1ULUUyUmRWNGZ2SEYwaGNyaUY2WFBmLXZwTnN1MzEwUVR5WEgta2V0cHRENUg1bXA5T3FGcndGS1Ata0s5RUtLRFJhR3A2Y1pBV1AzOEExbTVzdDNxYlZVWURRSi00aWVJSnpBYXJ5VkFmeEI5OUZlOEp3QUlZYlBOVFlNWG5HOWo1dUMtd0ZZNXFjdzlGemtKU2diMEpwUHhRZ0ZVUGMyS1NFRGFBc01tdkdkXzd5LVNvMnVHRk9JUVp4TWV1N01QWmdodGw2MU1TdFpSci1mN3RDSG5iZXdBS3JTUQ?oc=5,2026-04-26 11:10:01+00:00,Barnes & Noble plans grand opening for new South Austin store MSN,2026-04-27
Uniqlo US,Ankit Rawat,Mass Merchandisers,Closing,The Fight to Restore Chicago’s Magnificent Mile to Its Glory Days - msn.com,https://news.google.com/rss/articles/CBMi8AJBVV95cUxNMUNzR1pkWGdIWmUyRHpSeHN0NWhqclYzRnRBbkhrOWZMWlFDV1BxOTZHZlFscXRvUXNTMEFyY2dQVW5aU2lITDhCSDYxOWNfVmwtVFZtNkFqZkpiUU82eG96eU0xaXhhYUpLa0o5RmRIRjg5QVlBNUc1d1RqQWVRMHdYenlhT29GdURTYkl2WmdZRzMxQUpsXzFPT3NQOVlPOUNxbUxmUENoWkxFT0JQekJHTlh3a0pTeXJBRGg1a2FiTlNvTjFLX0FNWjNuV3oxaEVXdzBTWDZjSHJQNHFkZ1hTRTRfWUNkcG5rT3J1ekgwOVJzUnd5a3VTMWpIYVA5WUljMlpxOVJ3cGl4aVdFSy1yOXhLRTRrcmFjSVhJdzNzejRjUFZiVlV3dGd3RUI2WHdEM2NJT0dWX0VaaktpeWlzN1pYRWEtZFRBNWRIMFFOQ1E0ZHhfZ0pJRmFTdHJBUloza0xGYVJqbDdDVV9iQw?oc=5,2026-04-26 10:08:49+00:00,The Fight to Restore Chicago’s Magnificent Mile to Its Glory Days msn.com,2026-04-28
HomeGoods,Bhavesh Phulwani,Mass Merchandisers,Opening,HomeGoods to open 5 new locations by Nov. 6. See upcoming stores. - MSN,https://news.google.com/rss/articles/CBMihgNBVV95cUxQQ0ttRGFEUTZUWG9tRWdCTTlTSWZOT2pNbG5JTG0tZnp0eFBnT2RCS3FqMVM1N0ZVUi0za25ham9Qdkhfb0JVMUQyWk8zeERXYkRQSl9TSDJwd2NHT1RmN1RrYkR0VE1ZYXYyQzhRaUNRUFE2bm54VGtDUnZXQktTbk01RmFGQlZIVGU2QXRCWGQyMHJLdGpyc1pJRnEtclBGU1hBZ0pKazkzZzVkOWhHVk1iN2NUM21LeW5RbVNwR1ZDdkZZbUJjTjVVVE5pVjBiYUtLMXJDM2FXTlpFcXA1c3NQQjJodVNTMk1VVDVrNXQyaUdnUkcyVHhjbS1reDRMUzJrMnc4Z1B6NkxQOG42UkdRS1ExNG1vRGFXZUVpYkJXektEMTl0NzV2cDlxdEYzV0JLREcxeHdDZlgwckpKWjROb1JtbHZ1RUxaUF9pMVlpalRsUWdXRnZTT1FqbVBtejc3WnJJeEJTMk14d1QwVGltbkNfYTJPdTRvWGJtM3piLWFsNVE?oc=5,2026-04-26 10:01:18+00:00,HomeGoods to open 5 new locations by Nov. 6. See upcoming stores. MSN,2026-04-27
Mariano's,Moksh Kashyap,Grocery,Closing,Mariano's Closing 4 IL Stores: Here's Which Locations - MSN,https://news.google.com/rss/articles/CBMi2gJBVV95cUxNaVlYWkhCeEdvVUZFOERFb0RMWHVOR2Z1c0JkV0ZEeklILUNrNl9sN1c0Umt4TmR4MVQ0N1RGRmo4dVdUa0QyTDRxZFRYRnBXc1pMWC1vYzlLZHNhWnJwenJNc25YZk8zdE5OUlVFM091MVJuTGd3V0NabnpVTm9FOVZONTdVLWJBNVlJSUk0NEQ2YlVkajFhZFJEWllZOEdsRzNqSFZXWGJjaTJUekJRX25pWUxOeUVZV25POXh1SDBCdFlYTUkySHZWVVNKMjM5OHhfR1pWbVE2dmt4dkZWSVktRmpXTWRWTVJNSnBkeGE3QmZJaGlIdGwwNUo1S1NjZnl5SFdJbTFuMVdXRmIyNnoyVUl6c2tBV3I2T1RrczdYUU0weHF0Q1ZuN3pZT1Q0OE9lMkhfY1ZIYW9RTjlwVTc0Ykp0RVMzY21ZX1JtZzBOY1F6T0VkZzJB?oc=5,2026-04-26 09:54:12+00:00,Mariano's Closing 4 IL Stores: Here's Which Locations MSN,2026-04-27
Neiman Marcus,Harsimranjeet Singh Ghelani,Department Stores,Closing,Neiman Marcus is closing its only store left in Massachusetts - MSN,https://news.google.com/rss/articles/CBMiqwNBVV95cUxPWi1QcE5qaDhvSkl3cEJwZGE4LUtkNkhieXNNQ3ozeTBaSGF3b1YzdktpUUduM0xGdmhvRU5HcnpVR1ExVWFfa3ZDX3NRVFJhQVJYTDV3ci1fSDhzcVZlMk83S0hTSmtVdEwwNmJYTDFJNDNlX0s2MlpoanlMZ1NDdHhMb3Q5RjVMdVkzMGpaME1zZnpYc1RDbWlXTUQtWF83Wks2Mmh4MjJoYTREMUo3LUZwZWJBS2EyZnNwbVUwWTFadWMyMERLSXJibXhSU2hlVHZFdERVdUZRQTVQUl90VV84U0Rsa3Qydy1UbDlUNjdYOEpEVjJkMWRVQWhJNTZlNDBMcUl4NlQ4MUYtWGt5VkVCQXpqcVhRaDZPaHNqS1lIem51SHd4YWVLNDhYbUlDMkJDUXRWMFExUlVnUjhkSHppQ2ZzQjlIMExQUDMySU52bDVUQW5XdFFaSlJ1OFV3RFcwNmlmenFjX0ZwQjByU2d4dEtJNFM2aWs4Q094ZU9BR3NwMGI4RXg1dGNDZE0wZDV5dHZxM29JcmFkVkRjVXBpVWIxWDFYRUtB?oc=5,2026-04-26 09:40:20+00:00,Neiman Marcus is closing its only store left in Massachusetts MSN,2026-04-27
Neiman Marcus,Harsimranjeet Singh Ghelani,Department Stores,Closing,Neiman Marcus is closing its only store left in Massachusetts - msn.com,https://news.google.com/rss/articles/CBMiqwNBVV95cUxPWi1QcE5qaDhvSkl3cEJwZGE4LUtkNkhieXNNQ3ozeTBaSGF3b1YzdktpUUduM0xGdmhvRU5HcnpVR1ExVWFfa3ZDX3NRVFJhQVJYTDV3ci1fSDhzcVZlMk83S0hTSmtVdEwwNmJYTDFJNDNlX0s2MlpoanlMZ1NDdHhMb3Q5RjVMdVkzMGpaME1zZnpYc1RDbWlXTUQtWF83Wks2Mmh4MjJoYTREMUo3LUZwZWJBS2EyZnNwbVUwWTFadWMyMERLSXJibXhSU2hlVHZFdERVdUZRQTVQUl90VV84U0Rsa3Qydy1UbDlUNjdYOEpEVjJkMWRVQWhJNTZlNDBMcUl4NlQ4MUYtWGt5VkVCQXpqcVhRaDZPaHNqS1lIem51SHd4YWVLNDhYbUlDMkJDUXRWMFExUlVnUjhkSHppQ2ZzQjlIMExQUDMySU52bDVUQW5XdFFaSlJ1OFV3RFcwNmlmenFjX0ZwQjByU2d4dEtJNFM2aWs4Q094ZU9BR3NwMGI4RXg1dGNDZE0wZDV5dHZxM29JcmFkVkRjVXBpVWIxWDFYRUtB?oc=5,2026-04-26 09:40:20+00:00,Neiman Marcus is closing its only store left in Massachusetts msn.com,2026-04-28
Nordstrom,Rishi Nagar,Department Stores,Closing,Say goodbye to Nordstrom after 15 years before it closes April 30 - Delawareonline.com,https://news.google.com/rss/articles/CBMi1wFBVV95cUxNckRwaDlOU0g2UXFQaGJ5ZU1yMEJQTlBWVHMwOWRWMDNJNWpuejgyNW0xeGdYRXBzdkFuVE5MSTVWeWRzdnBGNEpBLVZYMUoyZTN5LUhUdTlIMjdCczA4djFIUmNBNFFoVEdCWGJ0MUVPLXVaajV3Mk1jRWwyMUZwTm03b1R4My1VQjlmMDR3cE9Ha2dwSjJMalc4d242SjBhZVYwVkxBeG4wMlYyeFRKVjZOd2ZiWmprZGxPZ2JGUmlsYmp6QmVHa0J6TUVpdWpUMkVIc3IxZw?oc=5,2026-04-26 08:53:00+00:00,Say goodbye to Nordstrom after 15 years before it closes April 30 Delawareonline.com,2026-04-27
Fred Meyer,Ashwin Nair,Mass Merchandisers,Opening,"Fred Meyer opens new store in Caldwell, creating 250 jobs - MSN",https://news.google.com/rss/articles/CBMi4gJBVV95cUxPU1lQVUY2RjNHMEJKeEpILTZDZER4RU9MVDMzRms5cjVKWVg1TlcyR2ltbGlEMzJ5WDBibmlIX0owNE9mUi1uSjk5SWR4ZUtYX0RJY2RFUUpvRW5ib2xmUnNFM0VnUVZwQ25sUTZES0VfQ052MjAwLVJ2NE92WXp0eUN1VTVnaGZ4UDFFUFRxZndaTzNseWZnakpvRTVCRW9keWNqVldHc3VhRS1sLVVGSDRkQ29IdUJocWtCSG1zaXUxaDZBcWliXy1udjRwV212cU5ZeXNWSmZRRGlsbnlidFk5blpTSFRMSEprbjRBdXRmZDhLMTVZcl9iM25BVDNwTm5uV0NfN0h4V3hobHZIczdMMmNKSW10bTBXSlZpTVV4ZC1CUVJqUDhlbkMzcU9EWGJic2xiOXBHMk1YUW1pWW5fMGVPTG12SzVNYXYxQkpRLW94dGFjMHIzUVVvY0xRNVE?oc=5,2026-04-26 03:15:42+00:00,"Fred Meyer opens new store in Caldwell, creating 250 jobs MSN",2026-04-27
Northgate Gonzalez Market,Shuvechha Dere,Grocery,Closing,Las Cuatro Milpas closed 2 months ago after a 90-year run. It’s about to be reborn. - msn.com,https://news.google.com/rss/articles/CBMihgNBVV95cUxNMVFvT0U3Tkl2S0xtOTJ6b2hKLUhNbVVJSDN1SjZsWUJSQjN4Yk9TWUdQb3duckdLdFZzS1BjQ0c1Y3V5b2VyckpRVUg2NDZFb3RoUXpSVHRsNkFWZTl6QWtWMUI1UHNpRUJrN0xudEtDakRKNXVJRm56a3ZySWJ6NHZ2QUJmV2cxQ2RJS09PRGp6TG5qVmZMRHBDa0hEOHhQWDRVaGFYa2NHSkNkVmRBbERRNVZFenB2MmRNM2o2OFMyT0JZZGRHbDVBdkp6T1VQZTZ4T1UxRmhGNjBIVm1ncW1RTDlXSWRkUEFiNFZYX2hPVnQweVNmYzBhODJNbmZ3NThKcWFNYzRFSUJBNndOY0lDT0VCaEh4Q3ducDBiVW93d0xfLW0zX2JJLVRCaHNUSGZJYkNxNURRZ3lQU2VYMlZNWGItWnp1bVk3SXV6d1pUQmk4WU51S21OZlZWdWlOVDVxVXc3eFhJel9LV3lDVmMycnVRcHpwOXFtMXJRRWZDUzFNUEE?oc=5,2026-04-26 00:54:30+00:00,Las Cuatro Milpas closed 2 months ago after a 90-year run. It’s about to be reborn. msn.com,2026-04-28
Northgate Gonzalez Market,Shuvechha Dere,Grocery,Closing,Las Cuatro Milpas closed 2 months ago after a 90-year run. It’s about to be reborn. - MSN,https://news.google.com/rss/articles/CBMihgNBVV95cUxNMVFvT0U3Tkl2S0xtOTJ6b2hKLUhNbVVJSDN1SjZsWUJSQjN4Yk9TWUdQb3duckdLdFZzS1BjQ0c1Y3V5b2VyckpRVUg2NDZFb3RoUXpSVHRsNkFWZTl6QWtWMUI1UHNpRUJrN0xudEtDakRKNXVJRm56a3ZySWJ6NHZ2QUJmV2cxQ2RJS09PRGp6TG5qVmZMRHBDa0hEOHhQWDRVaGFYa2NHSkNkVmRBbERRNVZFenB2MmRNM2o2OFMyT0JZZGRHbDVBdkp6T1VQZTZ4T1UxRmhGNjBIVm1ncW1RTDlXSWRkUEFiNFZYX2hPVnQweVNmYzBhODJNbmZ3NThKcWFNYzRFSUJBNndOY0lDT0VCaEh4Q3ducDBiVW93d0xfLW0zX2JJLVRCaHNUSGZJYkNxNURRZ3lQU2VYMlZNWGItWnp1bVk3SXV6d1pUQmk4WU51S21OZlZWdWlOVDVxVXc3eFhJel9LV3lDVmMycnVRcHpwOXFtMXJRRWZDUzFNUEE?oc=5,2026-04-26 00:54:30+00:00,Las Cuatro Milpas closed 2 months ago after a 90-year run. It’s about to be reborn. MSN,2026-04-27
Wawa,Ayushi Chandel,Convenience Stores / Distributors,Closing,"Wawa recall, music shop closing, new boutique: Main Line business news - MSN",https://news.google.com/rss/articles/CBMi8AJBVV95cUxNVjBVdGFRSGdPT2FtOUlLVk1CclE1SDRjZkE3OTJvaUZGd0VvV0djSlk3eU9KM0dSOTJTeEpHVUp2eU1rZm9ueXRJc0hRVTJhemZmYm5Kelo4NXg2NjIydFVxcU1nTVNvNzFqU2I4a0ZwbTlYX29mYTlKQV9HbjN1TGFKa1VtNC1vamxIMmtaWEs4WkJ5SVZ1U1RlT1huT0NDSHhuUERVN01ETzJyaVJlc0ZoUDIwc3k0Ym9aOEQwcTNWa1RnNmpuTHEyd0psR3pTak50QWJjUEJsSk5PWVlRT2phMmdmZ1FNRnZYODdpalNad2swZTVMU2ZudTNDNnZTTzRhRjF4d090emVIYnFSeW5kcFozM2NmYThoRUFja3lUOURhdFJSWUl2TmlpZ1VoSGNGc2FsMnRtX3ZnM3NYTU1JM1RHNVZDa0VaWVNXOGRYbUhVMWdxaVA1SDBCYlhqUmxNdGZjWXlNWDVxSWlnUQ?oc=5,2026-04-26 00:33:52+00:00,"Wawa recall, music shop closing, new boutique: Main Line business news MSN",2026-04-27
Dick's Sporting Goods,Ashwin Nair,Mass Merchandisers,Closing,170-year-old Dick’s Sporting Goods rival Orvis shutters half its stores - MSN,https://news.google.com/rss/articles/CBMi9wJBVV95cUxQQ19aZm9QM0V6cmVMYjVNd1ctUy0za1JSckFKZzI4WlE5WmNTa05FUE9JdXlHWXZrMmV1TU5yaDZKUk5YSHZIazczVXNCSUtSS0I4ZDRJVDV5MGpuLVY3cFpQblpabWZ0NjVKbURaNXFWZDg4Um13UXBnVmt3dmxnSFFDcGZaS1N4WDEyTGZwQUlMbG8tTXdmQ2R0MlkzNDROdGJIOVZuUlh2NUNVbm16UHNBUDgxc2V2TFdXSDFnVTh4UENXTnd3V2k4enF6Z0JoZFdIcG5XcGNEQndmbkdtbWxDdHl0NEtaR3lGNUlabEdiV1BsY25Mc0hjTE5ERVBkTWJ1Qm1VOERoSUgwQlcxblE2bk1tbjgxTkZkMEZ5aHhmMlBQejROcGJZQWJpQ1pMR09BSmg3MWJjd1NiR21RQ2JiaEFFUVI3blA1Rm1sMjFpejZWd3VaSlJ4QTRmZUxDZG9obzlnQ3hObzRqZ1NIa3ZSX0U5V1k?oc=5,2026-04-25 23:19:37+00:00,170-year-old Dick’s Sporting Goods rival Orvis shutters half its stores MSN,2026-04-27
Dillard's,Ankit Rawat,Department Stores,Opening,Dillard’s sets grand opening date for new Miami Valley location - MSN,https://news.google.com/rss/articles/CBMi7AJBVV95cUxNQldXR19Db1lidzg4QWM4UDVyWUZQVkN1V3VvM3ZTczJhQ0IwUERoRHo5UF9SNklfdVFDSFpLV0loeUZTcXhYWFp3YlZiZi1PTV9oWFJNaDVaV2dreGk5SnF1TklrOHdSeTdiN0luTTZqVHprNGt6aDVTQWE4OXdXUDJ6aGtKUng3NjFKem82RWZ3THZZb0xhZF9WblgtUTliZjI4SHFpMUhVdGx6N0dabmlKSGxpbjlzQlhxT295OHJ5MEt0dFRjTXA3Mk54VkJ4VmNCdV9ocmdjOXZyT1FweWFDRHpGWlk4MXFCcHk4SmVBTHFMam9zMnllcW1IZ1EtMTk2QUFLcjQ3RHBhNENrYjY3dmhaVHRaQWpVQjQzU1JnUERWZUdtWmg4REpjeDF2dGQtUzRjckI0bTI0cDdRekp6Q0xobFJReFAtWWJCSWpYdmswOFRzLTVBQVFvZlBSelg3MjZLNXgyV2E0?oc=5,2026-04-25 22:57:49+00:00,Dillard’s sets grand opening date for new Miami Valley location MSN,2026-04-26
Family Dollar Stores,Rishi Nagar,Mass Merchandisers,Closing,"Family Dollar Stores Closing Update: As 1,000 Stores Set To Close, Uber Eats Announcement Made - MSN",https://news.google.com/rss/articles/CBMitgNBVV95cUxQS3RfYnpOaWZvUnFVZVNVV2ZicnYwcnRMMkRoOWdTZXZYVS12Q0NnMm1HZ05GMU1UckhJVGUwelF6MzUzSlRWSER2RE41bTNuUFczTEZoVFFKSmJqWERYek5NbmpBMHFuX0R2Y2dQaFJ2QXh5LUNma1ZPbmp1aWpFS0JUcW5sajZtMUVTQTZQTE5BQlprOFlOd1Awbmx4bFJuY2J4eWZhQWdicDhpWnZVdE9IdFJNVlZwVlFvcE9ubk5DdVgxRllzVHZPRGY2WVk4dklMS0lvNFdIQVdsbXdKVWE4R0l0WnhBX05UcGMxdTFtQmFrZ2hYUndjczU5YUEwNS1WWE1qU3E2MEpXZGVIUXhEX2NoU3dyWkk4ZTRTQjJiUDZIQ192b09vLUQxZ0RzczlfTjlsNjh5cVZ3YlE2Tk5EblpBM3JCN016eG81aTlONG1tUUFBMVFuRjlFZTh5V1gyU0RRcGhCTGFidzdpVXg4ZU52ZlI3X2JFYnpKWjdYLVAzZmxBQzJHVnlJSkgxb183Njh6MUI2S0JYRWJRci01RG9uNTBEY1dZU0gtMV8xbTRObmc?oc=5,2026-04-25 22:29:32+00:00,"Family Dollar Stores Closing Update: As 1,000 Stores Set To Close, Uber Eats Announcement Made MSN",2026-04-27
Taco Bell,Kashish Kasar,Restaurants,Closing,A rare Mission-style Taco Bell in the Bay Area is closing after nearly 60 years - MSN,https://news.google.com/rss/articles/CBMiiANBVV95cUxONnZITHBsQmtjb0dJQWV0MDRFQnVSQlVDeTZxRXQ0SmJLNTNlWmM1WkJIT09GbGhWV0kyY19IdmVYdFdTZHcxeEJ3TGpna0U3TUR4c05OSFhFYksyTlJvbWFhUmdSYmFOMG5Kakc4VG1GZ3NfbnNDMkVkODdyeTJlLVpfUEhXVDVuT25lME5wd2dXSlhfSmpGVE43cDE3SUk0amJUUU5IZGtNNlU3SUY3eVQ5Uzd2aVhlUHA3bXNsUnVJWUhPcEFxU2F2c0dwY19YZVdNRlBuOWJpSWJOU05LRXhiU2E3MEVtZFVQamgwUkcyVDhlU2VndlhXMjNVS0hxNmtLWEJSdEdzMG5BdXI5dE9waU05UC1tcXhYWVFydUJodVNVeGdzSmZkeVBmVGgteTk0QTZwa2JYUUtpaWkxc01ESzRkNnpDYUlhaDBSb0lzd2FTX3daSy1QWWYtRUlDb1hqQkZOYkNYTkdteE9yc3Z1alJBWW9wLUVyMTBVNEo4TXpaZEVscg?oc=5,2026-04-25 22:24:25+00:00,A rare Mission-style Taco Bell in the Bay Area is closing after nearly 60 years MSN,2026-04-26
Grocery Outlet,Rahul Shinde,Grocery,Closing,Patterson residents fighting to keep Grocery Outlet from closing - FOX40,https://news.google.com/rss/articles/CBMinwFBVV95cUxPYTBDMWRSQmF6Y1JpU2RaTW9lZEFxZ092ZExlaVVFbG14YkR4dDRobG9OazhDRWFWWGthMHRnQXhJSTNsZ1VlcEdsd3lmYnlPbFJqSDRQR0YwbjlZUkN2MFRxSkJFUk9qREZnU2dkLUZaZjlhMHk1RktRa3lJVGVESDNrX3dGRHRzSnNjeTQ1MHNjLWYwbC11V0kzdUR0SDQ?oc=5,2026-04-25 22:20:56+00:00,Patterson residents fighting to keep Grocery Outlet from closing FOX40,2026-04-27
Office Depot,Dhiraj Manghani,Mass Merchandisers,Closing,Closing time for the owner of Office Depot and OfficeMax in the public markets - MSN,https://news.google.com/rss/articles/CBMi_wJBVV95cUxNcWtnQ3lncHJxcktqSWJHVjh1WE83cmVzSmY0WUpxS3lYVzBxUEZKc01JMG1zTTIzTmRfcmh1ejRHcHF5NTZ1QWtwQ1RTd0E3OFdQeHhTaXBjbTRuQTlSWEw2ZFBlN3ZKeGVkT2tHNDl3Z2hzYzR1VVN6Z2RuSHpxbXBYZjN0OHdtRktuY2ZvTHdTZVdpaVNTVmtxLVJTdTJmc18wWElXNWtKYUllREN5VkNWRC1sNEpJUS03bi1yajUzQlY2S2tUSUVpNnR0WlRheG5TUGo1VndINmYwQ2gtVWdaRUYwYW5fQXh0NmRXdzF2bGpUbWZFbmpkSnR5ZnNld2J0aWxIY2IyZWJIVkpFRG9lZS1TVXFUNmZGbDNPSXE1WjBxNFlreGZIUVpXWUVYbkU4YmQ1WlFaOUNPeEJubjZkejhJX20zd1A4REMtM3Q3TmRaZzVraFpuZzNGQkF6MEFDTS1JMmU1R2JYdnNIekk3LVJKQkg4Y3QzRG5oRQ?oc=5,2026-04-25 22:02:34+00:00,Closing time for the owner of Office Depot and OfficeMax in the public markets MSN,2026-04-26
O'Reilly Auto Parts,Bhavesh Phulwani,Mass Merchandisers,Closing,MILFORD SCOOP: LA Fitness closing Milford gym - The Connecticut Scoop,https://news.google.com/rss/articles/CBMiqwFBVV95cUxOaUFlV1lFcFNvSFVqWEstWU1oSngteDlTUjVYdVlSTWRLMjVGdkE2SmNDQmV2dlpTZHpUTS13TUpXZ1hQUkh4MlRqTWZ1X1g2V24tRTRjRDBwTlBWNGk2ZEpaR25nVGNOTmR5ajJ3SkJNdUFKazB0ZnpaUUxkbXVpaUVvNjhUQWlKWjBqSjN3dVhQTUsydUhaamp2U18tSDFUbFIzYTY1SUJ0MGs?oc=5,2026-04-25 20:49:46+00:00,MILFORD SCOOP: LA Fitness closing Milford gym The Connecticut Scoop,2026-04-26
Trader Joe's,Rahul Shinde,Grocery,Closing,Trader Joe’s hours: Full schedule and holiday closures - MSN,https://news.google.com/rss/articles/CBMi2gJBVV95cUxNRVZ6WWxKZlgtWWFwaktSWFI5ZXBpWVg0SDNWM1JIUnNTMFhfMEhfWnYxaTlGd0xWZ0NJZk13YVI3Q1ZuWnNtYmdPdGtkTE5oUElENFcxWVpNWHB0elBWcjltX3FxV1d5dG5peEtqQlVuc0RRN21RNXZnc0NyY1N2dEMwbmppc2xSa1hDam10YXNwVFg2TElpRC1JeGJOUkRnRU9lSmYzRVNTLUtGWXRjRjgyZXAtc0E3UUFpRW9mbHREUE9MYXM0S3JUSUJVZ0F5MzRNaFBjQUk0YXNHVnQ3ZjFFWmdBb0k1NU1tYWV1VTNrcl9JRTJfeXdxVnZuTFJ1Z2IwVjB5ZHMxS0ZRNXRPOEIxOTBfYWpMN1dxOXlPaTZ1aWdoaXRwMGM5al9nWjZUOXdqVWR4anluNGZwM0pPaldtSGxtY3ZpamtIZzlUcV8tSC1YTXFoS2l3?oc=5,2026-04-25 20:11:10+00:00,Trader Joe’s hours: Full schedule and holiday closures MSN,2026-04-26
REI,Dhiraj Manghani,Mass Merchandisers,Closing,"Stores Closing in the U.S. in 2025: REI Co-op, Claire's, JCPenney and More Companies Facing Financial Challenges - MSN",https://news.google.com/rss/articles/CBMipgNBVV95cUxPc1l6T3NCb2tDYzlEcDc5Rmh2dEFpUmNTU256bmxQSTZ1VC1oYWJTb3dfWWFZREM1b00yQXpYOG5lZG55TExQbUVJV3RwZUx3dlhCN2dtZG92QWNsQ04ydU4ydFJQT0FTWmRiWE5mSmJGWWNlTDJ3T0V2OXprTmhHQmNxNTE2MUZncnpWQWZHeTBxalZlQ1NWc0RRanZpbmFOTk9ld0xEWTJMSHlZc1ZDeE9DYXpIUGhZTUc4cHM4c3Z0NTZiUDl2Sm84MFRHNGtTMERNYUtRbmRLdnBqRDlwZFZVVW5xUnF3WDU2ZkNHNFlKZC1ma0ZkUVV3SmliNTdoLTh4LTlMNGVsSzZHYUFfcVhwdEdVVElGOU5TOGVuOGV6YXZSYWpyaG44dWNPS29mc0pSUlJ3QW1yVzYwOGhWRk1JN3dsTzd5ZE1QY01mU1VqcGNpbWdwSU4yRGhUOVFXRk0tU2tKdDAyNWRYa2xiTk1JejM0WkhSQmVzOWNFVjN3dm81UEloTFdHcmtUUHJhenA1MWpZSlpKS2I2bHNQT25ENEh6dw?oc=5,2026-04-25 19:29:42+00:00,"Stores Closing in the U.S. in 2025: REI Co-op, Claire's, JCPenney and More Companies Facing Financial Challenges MSN",2026-04-27
ConocoPhillips,Harsimranjeet Singh Ghelani,Convenience Stores / Distributors,Closing,ConocoPhillips (COP) Advances While Market Declines: Some Information for Investors - MSN,https://news.google.com/rss/articles/CBMiggNBVV95cUxOWnNVZExKSDNxWkV4RXM3RWtTc0dFLVc2STJhUS1uSVdHNXpUZk1VWXlOWmcwaW43VHZNUTJ3QW5WMFlpZl95YnFkVXlYM2J3Z0ZvRjVHd3ZwXzJIdk1TV3lWcjktdGE3ZzlSQkMwUUdvbldnODZ1aEhLWkFIZktRcTBZT2dKYkRCczlSdU9kYWctT0ZwV0JuU0xTX3FqV0U3MTItRG9iYktOX3pQbWxrdXJhamxnZ29JZ3VaeENKdU5ONkZVZzlhLW1rdlptOXFwVVdEUkpjcjV0Uy1mcDVfc2hpYWxfdVBwa1ozeGZjTE5YckNCSlktUUJQSzVRMmpoVWNyTlMtRzVDTW1nNU9DVVNkQkVaRG5nSUlIeDdhUlF6RW5mTjQ4dE5nUWlPb2dXNUgxd2hYZV9HeXkwemdOLTItczFFVUQwUkw3UkppVTlybUZZR0wyd01JOVVKLVBwMWxuQWd4MHlUdDJ1N2MzZDB6TnlXZW5oODhuMFlaZjJBQQ?oc=5,2026-04-25 18:53:10+00:00,ConocoPhillips (COP) Advances While Market Declines: Some Information for Investors MSN,2026-04-27
ConocoPhillips,Harsimranjeet Singh Ghelani,Convenience Stores / Distributors,Closing,ConocoPhillips (COP) Advances While Market Declines: Some Information for Investors - MSN,https://news.google.com/rss/articles/CBMigwNBVV95cUxQVFpoTEdUTHVnczFrN1g5YkFUUVZrZ2hMMGkwLTVvVzNOZ05JbGdUM3ZTaU5HcS1nNzRRNWV3QXFtcTUyR0hrQi1NRGUtSHhoVEpRM2RhTjFHRVc4OTdPeXh3X0FKUXpMTG4zZFNzWUIyLXZHODZ2VUxRM0MzQVg2cjFpNWY4UHc1bF9JX0gtUTRRTkdRUFBUMGJsbjFiTHJneGtWejI5Q3BKSUxVbG9BdkRmeHpra0NtYlFBaTVSUG9aREVSQ1FTMjktQXY1UUJiUWxfNmtwVENjNnBHeUl4WFJCaHBXLUpCdExXUTRXRGlkWWUySE1SeUxzalU3czVCRWpUc29MTUdfa2hOeE15cG9QV245eEhXeHNPbUdjZ2tFM2Z3a0JsNUtzVEpRYzRLWUJFTk03SlduSjZwajRicnZUSkZlTjNndy1EQUtFTmNiZjZiUGpCRU9icnJnRVpqc0l2U3pQM1FTQ0M1Y0hmVU5DeTBPZXItQTRoN2lsR0ZMQlk?oc=5,2026-04-25 18:53:10+00:00,ConocoPhillips (COP) Advances While Market Declines: Some Information for Investors MSN,2026-04-26
Chick-fil-a,Rahul Vasaya,Restaurants,Opening,Chick-fil-A to open new location in Northwest Side. Here's where and when. - San Antonio Express-News,https://news.google.com/rss/articles/CBMijgFBVV95cUxQbWJabGdVQUJUUnJ3X254NnZwTnRtWERlWG9iZllmLUdxSGhBemxHQldod2hYM3ZGZzFXY2thOFcwTEhxU3V5eFJ0VEhVU3B1cmNITTJfYXFUNjhyUUJDY2xINGlwbjhnOVViRVZQZUpEZ1RWVU1JTjNVXzZBbkNydUtBVzItcHg0OFNPWFR3?oc=5,2026-04-25 18:22:48+00:00,Chick-fil-A to open new location in Northwest Side. Here's where and when. San Antonio Express-News,2026-04-26
Ingles Markets,Harsimranjeet Singh Ghelani,Grocery,Opening,"Plans approved for new, larger Ingles store in Swannanoa - MSN",https://news.google.com/rss/articles/CBMi4wJBVV95cUxNellNV2dJUHQ3TVYyWHEySFc1NDZuMUdfRkJ5Q2xaYUU3TzBYQVNsV05ackdJSDBGa2FGYUFFVHB3UGRaVXI5Q3pOS2pnZ0RUSkJYcWgwZnNfTGwwcFVYMjlUQ3BaM1dUdjF2T2NudEVkUXdvYnFYSXg4SzlQMkdnWVN3MXprU3FjMXI0akE2SVZmRHlld291QnVQaVR1R2FjS1ViNTY4VlNQY191U2Zsbk5LSXZBVF8tQXRXZVZ5cUd0cE93VTdxOG5TYVB4OE9kQTVQLW1FWE5GR2lzVDY2MDUtUXVoc1JDeDBUdDAyeTBVSG83ekNpbmRJUEdBZVVPclJWOTE2VkZqUjFlcGJSNFFvVW9YNHBkSjFFSUVMQS1ZSGttaUJfTlpDSjNMMjJ0eVMwYmtvbk14NnN4Z3lDc0FLRGJNQ3hiUlJrNmtEaW9nU1BSem9zVVBnNDIwYXE3OUdF?oc=5,2026-04-25 18:11:53+00:00,"Plans approved for new, larger Ingles store in Swannanoa MSN",2026-04-26
Dillard's,Ankit Rawat,Department Stores,Opening,Dillard’s opens new store in Beavercreek with ribbon-cutting; hundreds of shoppers attend - MSN,https://news.google.com/rss/articles/CBMijANBVV95cUxNbHd5bDRnNmEtcG1TVGV4dEUtNzcxSXhURV9CNl9STm5EVktwYVlOLVR1QVJnZTBQZG1tYU9GdkVUUFBmUEJxYWEwaTBJQnpadWNZUGRyTWVvS1BZVzdMaUhUeDNESGtEMzNCSzc5Rm1zYjZ0b2Fyc002ZDN6d3BqVThfRG5YMGhkTnUyTVpJWU9GRWV0WFJmNGMzVXhIVlhjSGlzTmh2d0NUVlVkYXNjakN4UUcxNDQzcXZ6elBqaXNWc2xaN3pabmRCOE5CelVQNUlfYlhlaDYtUk5XNzBQd3g4TWdfMmc4TWVQbjVyRXlHWGRsSjk1NzBFLUR1RXhVdDdmOWJGYzQzODJjc1JLbWZNQmN5Ri1IeW1NM0VDWnNzb2FSM1I3aHlSQ2JRWm4tTWNkX0RXbHhQYm1aWllMbXl6WkdQSzNVU1JFeXdrQkx4RE5UTThzUXZTRmtxeElROXJzRER6NzY2TFRxanlDUmt3RVlsM0hRd1lJMnR6eGtPX2syWU9zLUF3V0g?oc=5,2026-04-25 18:06:44+00:00,Dillard’s opens new store in Beavercreek with ribbon-cutting; hundreds of shoppers attend MSN,2026-04-26
Fred Meyer,Ashwin Nair,Mass Merchandisers,Closing,"Kroger’s Fred Meyer closures in Puget Sound region spark debate over retail theft, impact - MSN",https://news.google.com/rss/articles/CBMi1wNBVV95cUxPRXdXX2E0RGFvalhpRlE1UHV3YW9Oa2o0SmZ1eWpDOE1RbEc3d25VZzYxRndMME5uc0ZBMktDY05BakZvLXJTaHFjRlNraVM3SmFLVmxqNWFMMWI0NUJtdlJOVjY3S1hrZ0NfMFdLV2daSHVEemduMTE1ODNXRGVwaVdiU1VwTDdOOVRPX3pUdG1sRXBVRGp5VW5RVFpNQkRrTHI2d3BrSkR5VTh5YjZRX3lsRVgzWjBLUHhWQlh0QmNEa3NNaHlOYzVXcEQxamc0blJFLUNqRGVXdFdzLWgtYy1lYlRXcHBXY1VaUGRLZ3RyOVpVYUFiUTBFXzdsa3lxZjR1TXludzBEM3VqaU10SnhKUHo4dUx5RTRlWC1YbkY3dFlPaDN0RWRpc0pFVlhLWGRnNlhQUGo1STFrTGUwNGtBT05aVm9QaFAwOFV4UF9rMi1CMDN0WGR3b3p1S2Y3YzBCdTlEUFNUc1BkNTNJRG9Ba3l6MFRCOUxwd3BOZGdKV1huOHJBdmxyLWVKRlBTVVpnTk41Z01GSU9DRVpqemZWdzNRMjZIUzJ5OTJmWUdCczR4RzFPdDFnaURWVWhBSy1JVkdNalNwLXlWVUNoaUZpdWg2X28?oc=5,2026-04-25 17:50:36+00:00,"Kroger’s Fred Meyer closures in Puget Sound region spark debate over retail theft, impact MSN",2026-04-26
Whole Foods Market,Rahul Shinde,Grocery,Closing,Whole Foods closing Capitol Hill location June 20 - MSN,https://news.google.com/rss/articles/CBMi2AJBVV95cUxQaWIzUUdWbXJUdHpNU2tuVTRHMVZFbXVYSjl0VmNybGllQ1U5ajJkVE0tYkpySG5od3A1NmE0UTFiaVhldVFQbHJzaUtOQ1oxTTZWTzBMU0tQUlIzcXg4Ql9sUUpYcGhaeExkVGVCaVBsb1VERGQ5WjBRelZyT1dZd0RWOHdHYXY3UHBncWowOGFScjRqSm9NMW1aUWJXWlZOazBtOGFMUGZGbFJ3Z2RSMGVRcFdaWEN1bTd0MzVRXzlwRllELTRVelVsWV9sSDYtSGYydWNmdVRYQ05taDg0dzc2UzFJdHkzNjV5RC1KQWpFNGgwMm1ZRHBxcU5ORExtWkhXY2dsUnpGcEl3Zmx2ZURhNDRPQWFadzQtaHZIRlJabXBCQTRCTEhBdmFxMXRKOE13TW5ObjNLRFJ1WGlEdWhkX1VnZmdhekNlcDBlWGpfTHh3MHJ1dg?oc=5,2026-04-25 17:22:40+00:00,Whole Foods closing Capitol Hill location June 20 MSN,2026-04-26
Grocery Outlet,Rahul Shinde,Grocery,Closing,Why Grocery Outlet is closing some stores in California - AOL.com,https://news.google.com/rss/articles/CBMid0FVX3lxTFA3NlBqVDZrVmZucHYyR1FZXzZZaTloUUloa1daM0NPUnVEZG04OEhSZWNJMzVNN0dtWWROTkhYNEtod3Y2ZFE1TUI1eUFiOWJNRHliV3ZXT1J6Yjc5RENaNF8xOHFudVFYd0gyNDVNLWpna1NzdjFj?oc=5,2026-04-25 15:49:07+00:00,Why Grocery Outlet is closing some stores in California AOL.com,2026-04-26
The Container Store,Dhiraj Manghani,Mass Merchandisers,Closing,Another blow for troubled big box Texas retailer that conquered the country as it shutters stores - MSN,https://news.google.com/rss/articles/CBMiuwNBVV95cUxONk9VNk1xZ3RBWXZaWVJhRkNyNE9QaG1sa24tdHJlX3poSzZheE9tNDhBUG82Si02UG1qbzBPRjFneTZRWUZ0cnk2aWV3VjktYnVBbTVwWE9zaDRzVjNjTnZDUzB2WHF3MURmSmR4eGVMLTR5V3lyNWJzaFU5ekxsR0N0S1ZTUnVYcktNWE5nMG82VTlUazYzR2VLQzdzOVl5MER5U1ZlWTFlc2tRS3VfWkl6cWdQODhIQmlEYVp3U2p4RjBKY3FNZTRURmc3a0M5QXdqOFhOSmRNcERqUTNXTFZmdHRRYzUyWm9Ma1gxWFUtUURSNFQ2Mk1qaUVZbFJIdllhRTRWZnVzc3UtaHo0b1R4Q0dLOXREeEhZeDROX211NzZQS3V4TmZGczNCeU9RbUxaUGFsN25CZ2E0ajROd19LYWRKcWFVSjlnelYwbUl4RDhjcmRUSnhLN0c1RGpWSVI4Q0FQZUdmNGpsYk5VVnpUQ0pacW9HVjZROG1zMXRoSS1oU05pVFdoTVJvUnF0bThKWnNCTUZCWkhyRkRXS3gxNzdjYjFTYkQ5dHNINTVxQ2pJaUd1YUItNA?oc=5,2026-04-25 14:59:54+00:00,Another blow for troubled big box Texas retailer that conquered the country as it shutters stores MSN,2026-04-26
CVS,Dhiraj Manghani,Drug Retailers,Closing,CVS fights law that could force over 100 stores to close - thestreet.com,https://news.google.com/rss/articles/CBMilwFBVV95cUxOVUpJbW9McUhyakxKbWFhQWwxSW5vcENvc3VobXNMYURxS3B4dlBySDZLVmJwREprb05OZnVjZklhNXJPeE1oV0pCUmg3cDN6M0RTM0lrMG9Nam52Yi1DVlVLckFMU2FYYkJMblNnVHRLVHNia1BGT1hiMkplSnVrMkxMSmtpajlwb01GMEstR1NnMXBQUjFz?oc=5,2026-04-25 14:11:33+00:00,CVS fights law that could force over 100 stores to close thestreet.com,2026-04-27
Target,Vishwas Shah,Mass Merchandisers,Opening,Target is betting on home to break its slump - MSN,https://news.google.com/rss/articles/CBMi0wJBVV95cUxQX1hRbFZKR09qajltUVBWZ25qSExOUGRGbG1xdk1UZVd0dDZiNDZiSFNWeXhIb1JkSFBYSXFnZG5tSlhLSXBtTjUwNmF3cnYxNVJHekNPcndWVC01ODRDNC1mWUM2SlJFYVVJZWhad3pvMkNLQkg1Znlnb19QdjJYVC1QMi1LbE0xVkZqNDdiMmtKM3RlWm00UkxVTTRvYzlTSlVwUHJlTjA4VlpQcUo0Vy1MX295ZU9fRzdqR1lVLWNWYXl0VmJxY2JHS3hRckdkeGhXaHM3MFZ6Tm1ES2d0WHFPUWM3bkJ4LVJHckw5SmdjNklDd3dJOXpzOHdNSjVTcjdmYU95Z1g1Tnl6c1RIZU5wS19KYUxEdlktLUtSUEUtVGpHeXd5N0Uyd0pvdHdQZ2hKRGs4MUZ4VUphZTZwbXZkN0owNFNoenhjMDYyRWxHSjQ?oc=5,2026-04-25 14:09:36+00:00,Target is betting on home to break its slump MSN,2026-04-26
Grocery Outlet,Rahul Shinde,Grocery,Closing,"These Maryland Grocery Outlet stores closing among 36 closing nationwide, listing shows - MSN",https://news.google.com/rss/articles/CBMiiwNBVV95cUxPclBZaWlnLTZIMm1Ka0VvbWFZTmVMeDYwWGhnVGVvdW90RU92U0lnVV93eGNPOWlRWjh1Y2dHMVVMSXVSd19oUlhacWlQUUJVYnotc214a0FBZkFxR0sxU2gyamhfN3lnRGZ0akxqTFRVOWR1VHFkMUlaTUR6cm1VLXF5TF9xNEt5OW0xYURZeTU2czdfcnNHaXBZNWpmcWlnanJrRzZ0YzFjMnNub3VlUDZac01kRjN0ZU1IUWFhS2trd01POVV2Y2tkSnUwRUVYdFhjQThKRzVOc3Yycl90dVE2ei1FUmJENlA5MVdXQ2ttWjU4YkZ1QWVIbDFqeVR0VmZhZzd3UTVNN2lQMlVUdEZ5T1MzRW9jczJHZTE3eGRGbTVwWHZTdHFILUZTSno1UmZPMGZDLUl3RmpXaTZpQU05WkJxSVk3LS1OckdRak5UMjB5TEhqYnZvRzZjQ0xzYVRzcEdsM2pjTm5BYm8yN1N4T0dqMkh3WWc2VVdTTWtmNjRlcml0Q0VJZw?oc=5,2026-04-25 13:32:40+00:00,"These Maryland Grocery Outlet stores closing among 36 closing nationwide, listing shows MSN",2026-04-26
Albertsons,Kabeer Pandya,Grocery,Closing,Albertsons serves its last customers as grocery giant shutters two stores TODAY & lays off workers - the-sun.com,https://news.google.com/rss/articles/CBMikAFBVV95cUxPUGh6bUwxblg2MTZjVzN3OVprb3RNUDJDeEgzemU4OEpTOXRYN0ZvU1dzNmJweUt1dzkyNkpFS3k4WV9uSzl2RXNJOWtQRXJfLWlmRDkzdkphX29VRnF6b094b1FBaFptM253eklCSk9QZHdOQ2FFMlBRbktTWmJTQlotN1ZXeVp1UFpNR1VmdUE?oc=5,2026-04-25 13:16:55+00:00,Albertsons serves its last customers as grocery giant shutters two stores TODAY & lays off workers the-sun.com,2026-04-26
ConocoPhillips,Harsimranjeet Singh Ghelani,Convenience Stores / Distributors,Opening,Exclusive: Inside the $93M transformation of a former BP and ConocoPhillips tower into luxury apartments - MSN,https://news.google.com/rss/articles/CBMixANBVV95cUxOOGtfVmpnbjlKZU96eW9RaGhQM2pHZnFLbGlfcHZkOXJDRmI0UnFhRENvS0FGaWcxRWpnQlVSMG9pVENWUjNsbUZXRTdrUkFSSzJZNXBQWG9TNEtKcU95eDJYOVh2aGh6aXp5aVdzSXBHZmNoU2tGX2FCNzZWaXZmWDJNVDNlaWh6Rkg5U0RzZE1GSi1HWHdYM2c1TWhTal9BZUQxNHkxNHNlTDBfNDdObmFfODYzajV0RHVHRzRiUEQtQkJ0M1F4TVlTVUlsZ0hmUm9aQnBUUkN4M3dVbERKbE5ITmhfMDlCaHJaa3gyaTl0VUlRY1pXME4wRFVKT1hwZE5rX0FHQk5hS1NZRC0yYlBaWklfT01MbVRCcVQycTJGNkstQkxSYjJ4RTZVTHJXSEZlX19TN2l5cC1TbVN4NElHU0xvRWFnZkxKRWFXamhuRnN0bllrcFJjTXpweWFRRnlNM0hIejFteUEyNENtejZ3QmlQbVFOZW9HbHVKQzBrNjNzMzNqa0VEVzlEYjFCc2R5WU0wTzM2am5hVjcxdlFFLWNPMWJMT0VBRkQ0OVRJSmpRSFlnb3N4QmRZSVJOZmRqZQ?oc=5,2026-04-25 13:04:17+00:00,Exclusive: Inside the $93M transformation of a former BP and ConocoPhillips tower into luxury apartments MSN,2026-04-26
T.J. Maxx,Dhiraj Manghani,Mass Merchandisers,Opening,TJ Maxx sister store to open new location in days - with even more to come - the-sun.com,https://news.google.com/rss/articles/CBMingFBVV95cUxNbWl2QkctTzBoeW81OUhYbUQzSy1Qb0FmamMydm9FY05uWmxtRnpoZk9rMkhNZkIzUU1zUlBPSmUxZFB2bWd3YnFQQ1F2N25Va0FYNjl6Nk1SWEhyRVozaHJvdzhfR0dieWdIVXpMU1pPUHBaSVlCZlhDM1NPUkpkcTRCQ21Yc3E1anQ2M1ZLSU5ZY2QtdUlTM1FTc2VBUQ?oc=5,2026-04-25 12:27:45+00:00,TJ Maxx sister store to open new location in days - with even more to come the-sun.com,2026-04-26
Marshalls,Bhavesh Phulwani,Mass Merchandisers,Opening,TJ Maxx sister store to open new location in days - with even more to come - the-sun.com,https://news.google.com/rss/articles/CBMingFBVV95cUxNbWl2QkctTzBoeW81OUhYbUQzSy1Qb0FmamMydm9FY05uWmxtRnpoZk9rMkhNZkIzUU1zUlBPSmUxZFB2bWd3YnFQQ1F2N25Va0FYNjl6Nk1SWEhyRVozaHJvdzhfR0dieWdIVXpMU1pPUHBaSVlCZlhDM1NPUkpkcTRCQ21Yc3E1anQ2M1ZLSU5ZY2QtdUlTM1FTc2VBUQ?oc=5,2026-04-25 12:27:45+00:00,TJ Maxx sister store to open new location in days - with even more to come the-sun.com,2026-04-27
Amazon Fresh,Kabeer Pandya,Grocery,Closing,"516 Amazon workers could lose their jobs in Sacramento-area Amazon Fresh closures, state filings say - MSN",https://news.google.com/rss/articles/CBMimwNBVV95cUxOV1VIQ29Bb1owZFFPZFp0eGtDcWxVM3BjOG1NUllkc0IyQkNMX3dxRjRDdDZuRjFBSU9iOGFtNjdCdEw1aG9uWVd5THFEenI4cXFIMkp5RVN4YkM1YzZTVGhaSzlhZFJHcHNxZWM3cnRscEUwak9icXN0Y25pMHYyeXlKSVhuazVJWWdZeUJGbEtUWURqUl85a1BNZWFwNUJfb3hvZTZ4MFlBZ1c2ZFBScm1ETlNieHQ0TEhXQTR4X3pTV1JKUVJmS0JRdWh0ZG93ZkhyYWw5bE5MMWVJNnE0NFE5b21IWXF0VHBIQWhHTk1iVEl2ckMyMThBRlJURkh3RHF2SWZ2QzNFZ2tlSV9ubk1EeXY0YXk0bWxkS1J6TTBkaXVoUDFqTHYwTUNCUktJLWVSWFVGNWpwOUU3bnUwOTJHYWlrRkZ6eE9EcWoySllsYTJ6emNMMG5URTNOMVlJdXRxT0FjSktjR3A3QXZoSm1LdEZMdFlwM29xVXpvZlZubEtqdTRJZUEydWJDMHdvcWl1ZGlQQS03bDg?oc=5,2026-04-25 12:25:18+00:00,"516 Amazon workers could lose their jobs in Sacramento-area Amazon Fresh closures, state filings say MSN",2026-04-26
Wawa,Ayushi Chandel,Convenience Stores / Distributors,Closing,Wawa is closing another Philly store after its new format fell flat - MSN,https://news.google.com/rss/articles/CBMiiANBVV95cUxQYWNsc1BBX3h6WGxKSThONzRhVDhuekkyVUU2NEdCelVTbmNPOVphdXpkc1VMWUNiaENOWElBS2ljZTc3QnppOFQ1R0RMQWFKcVF3MS1waHVyOUxoUmxuSU1QODFjNHNnY0VTS21LUEJIa3ZNaTdrMjNTWmk2X1Y1bDc2VVdrQXppZHlOMkZUbjRmSmVBLWpyMTVDNnpBYnVMUEhRZ09OY0QtYjF1V3oyaXpfSnBEN3pfSGdRU3RSWVhxMzR4ZXRQTXlIMWdrbnpxRzFpQkVsS08zR1hDXzAtYm5BSlFZeklwaTNiRGZJS2d3aGVBTEpQd05NSmo0NGNGMGRjN1JLWEZTYWRZeUhUcE5PZnpGN0d6TlY0TFFTalE2Und2SjZQT2FNOGNaRUpqcGNucFZxclJvaDFiUmZ2MzZrTENKN1MtLU1CUVU5ems3UjNZc0dIRExvVjRJYlo1eG5aQ29oWEZ4ZG83TVNBYUZ5OVV6OHBKeXFPLWtEUTdHYlpMcXBWeA?oc=5,2026-04-25 12:12:20+00:00,Wawa is closing another Philly store after its new format fell flat MSN,2026-04-26
T.J. Maxx,Dhiraj Manghani,Mass Merchandisers,Closing,TJ Maxx closing two popular locations in the new year on the East Coast - MSN,https://news.google.com/rss/articles/CBMi9wJBVV95cUxOT05USC1RVGpnQVdHWExMTm01QWJqaklzSktuemFyMHk3cUFBS2M1RlpRb2lzMGxwOUl0Q082SklwSzFsQkFjQnZUVUNrZWxrcEFTVTdoeFlWUTJEaHdTV3dyaFRtX21PS1c5RHE3NHdnaDBoMFBMc1VWZE9Gai04TEFVS1ZET19GUUthZGI0SHVCLWMyaXdnaFFtWVhuYVBmNHh2blhJOG8zRDhBSG1qbUlXODhYM2x5SHhBelRoUVN1cGlRVWw5Yll5WEk4d25wSXNraVRURmVEVWZ0bWM1d2JPSkhsbnZ4aWpYVS1JOG1SQm9xWkN2cTJOR3I4QTJFclVOTEVpdnZhMzdfekJ2dFRUeko5dWh4d3FjbmpVX2dsVHdISXd0OVhRTEdiUkdIbGcwWDltU3RNUTR5TUFleXp0Q1J6VGhOMVJRdkVpWVJMeUpIX1JpeHFkNUdtb1A5dDI3RzM4djlBRTZlUmh2ZlYxWW5uY1U?oc=5,2026-04-25 12:06:39+00:00,TJ Maxx closing two popular locations in the new year on the East Coast MSN,2026-04-26
Macy's,Harsimranjeet Singh Ghelani,Department Stores,Closing,Liquidation sales reach 80% off as Macy’s permanently to close 14 stores - the-sun.com,https://news.google.com/rss/articles/CBMimwFBVV95cUxQYnlfaktTUVB4VEpFMjkxLUpHLUpLNDdEeUlXQ2I2ZjRobWdVOFA2XzhQdm56QmtfZFAyOG9DRE5LNTZoTVM3SVQ5RWlEb2xWUHNZMzVBOWtPbW1sMnV1aGZuZ01icmlsTVBfV1I1bHR0TXNiNjd1eTJGQ3NMS3dzbmNiTHcwbFNBcEFqd2NkOElocW5DR2gyM2ZzUQ?oc=5,2026-04-25 11:27:22+00:00,Liquidation sales reach 80% off as Macy’s permanently to close 14 stores the-sun.com,2026-04-26
Joe V's Smart Shop,Moksh Kashyap,Grocery,Opening,"Open and closed for Thanksgiving: Hours at H-E-B, Kroger, CVS and other Houston retailers - MSN",https://news.google.com/rss/articles/CBMiiwNBVV95cUxOcU5hb2ZOLTVzRVp5Z2M2MHp3WjVVX0VIbUlIWGZWUnh3M1piRjAtRmpmbmxkTlVMNWQwX1BZX2VXdHNSTmVCUlRCVTQ3Njg5akxmSVUyQnN5emJ2VFhWVlBkM1BWZkVfQXhUY2V0ZFVUc3l5Q3FJOG9hMDZaTE9oZ2trTVBKbE9lMnBhQTB6YlVDVzJMNlZWR0ItemJGWHdJTTlSazdZeUI4RElITEhNTVVfT2ItNmFzbU5ycEpBb3VGZy1kS0htV3paZUNZWTk2VDZDN0U2dC1sNGZfRjRCdklZT3lZYXdaay1OVXNMak9Za3NieHJvTERSM1h1eUpibUo1VmtVUm9LOERYRjBHV2pBRFhFbVlwZV9DZENVYm10a2dXMkIxWjdIUnlBc1JHeU0yQ183OVJTQ09lR3JCNFM1dHpZTWRhRlBibEdvR2lVdTUxdURWX2tES2d3Q2dNVUFvTkJUVFdmSjJ1cWRUcVZ5SU5yOFVyVmQzTjhjSUxIc2ZtdHlwdHd0RQ?oc=5,2026-04-25 09:13:08+00:00,"Open and closed for Thanksgiving: Hours at H-E-B, Kroger, CVS and other Houston retailers MSN",2026-04-26
BJ's Wholesale Club,Ashwin Nair,Mass Merchandisers,Opening,Discount chain BJ's Wholesale Club to open first Texas store in Forney - MSN,https://news.google.com/rss/articles/CBMiwgFBVV95cUxOS2ZmNHdQR0Y2NE5DenhUNnMwOHdRaWkxdVZNb1QyQXc0VFlVbFRMVHlLNnY4ZHc0ZnpKRWpKdG9tOUdsWWs1MGdtV1E3MEEzQjZwYUtSbzZ5V29hM0xoLTNBYkpMMy02MlR6UEZ4azY4cnZ0d3dyNTZnTFdKUUxZUE96SUxzaGE1V3hyUlZtZnB6aGVHc015MFVJcFkzdklFdHJVZUN1VkpKMF9mdUlhXzkxemxkdjBmS3lncnZIbHhmZw?oc=5,2026-04-25 02:07:02+00:00,Discount chain BJ's Wholesale Club to open first Texas store in Forney MSN,2026-04-26
ConocoPhillips,Harsimranjeet Singh Ghelani,Convenience Stores / Distributors,Opening,Exclusive: Inside the $93M transformation of a former BP and ConocoPhillips tower into luxury apartments - MSN,https://news.google.com/rss/articles/CBMiwwNBVV95cUxNMzZzcnVDTDlOcTg4QVA0YXdnOTJPMnR5RjZITFdDOTUyLXlqWG02YTVxUHJndnB6SHZKRGN3cFk5YnFtNk9KVGJLMmU1bzVEMExOYUt6ZVFhX05pSUtkRGVlNEhkM2pJNXhNMTlmeDViaHp3ekp1VGtCb3k3WW5GOXBpOUh2LW85RWJfMm1EUGJ3NDExSFFQdG1vRzNiQnVxWTJEWVJ0V3hjdEdRcUVmMWRES1VNdFhxQWxUUWs1cWk3VWxTZEREMmI0NjBZajRGTVR4YTFnbXBTNG1sTHZkS1U4TVZsYS1QQy1RS1hMZXJqVndwSl9qNldQNHZDOW1QTHg0Y1FZSXZsSVRmaVNCMEp3el9FeFZmOWFvMm4xR0ZpbTdFcXpOVUl5RHM1bVhvRVVUSkljTlJCYl8zUGVRR0xtNU1fYl9oNlJ3dFd5TWN3NU0xOTRzYnhCX0llN1AtQ0k4aGNMc01sOHExblIzRGxmeHJvWGRkT2hGdWZJcTZFbTdsbGNVVXREbFVBV1llYllqQk80aThRSXVtdTB4dnE3TXlEZkl6MHo3alFWaHRvT3cweG1UeDVKQmM0azBPMVc4?oc=5,2026-04-25 01:50:13+00:00,Exclusive: Inside the $93M transformation of a former BP and ConocoPhillips tower into luxury apartments MSN,2026-04-27
Autozone,Komal Agrawal,Mass Merchandisers,Closing,AutoZone Stock Upgraded by BofA Ahead of Next Week's Earnings Release - MSN,https://news.google.com/rss/articles/CBMilwNBVV95cUxPYzlNR1FVNnJIeWFmdHd3Z1dQTUxXY1BKaUtIcUJYTUdnZjVXUkJvaXc5MldCQzB4Sl83ZU5VRjQzUG5PUW1fcDZ5akM2YUJHVU5POGRyR19mZTlkdXJtS1hpSlYzTFlYZnZFWnpFa2JQUHRPNjdtTHloZXVaOFhDM3dvdFo3bGhWdlNyd2M2NUdodFR2ZUNRQnhrZHRISTJEOVRXZy13TGlKeHhwMjFWczhnZmJWbVNIQTQxZzJiNWdRTGNjWTh6dlRHRGo1WVh5NzFvb0RydENJemcwb0Qwd1FEVk5uT2pLWloxdV9TcjZqMGtyN1RKZlhqQ0VPZHl2SjFOenY4Ri0ySmRLVE10M2hzTDI2ZGJpSkpEVkxObzJNSUxidUZUbGN1dUJPdmY5RGhhMTkwdV9QeTBvMV9sN0Y0TlFrN2o3WWx5YW95S29DT1laZFRvUDQ2UGoxamZjTWpKNDJaYzVZLUJGbjBSTzExVDBQUlh5MXhUTEhaTkVJcldiTk8zNEhONnk1NlVrM2k4RmprOA?oc=5,2026-04-25 01:48:04+00:00,AutoZone Stock Upgraded by BofA Ahead of Next Week's Earnings Release MSN,2026-04-26
Macy's,Harsimranjeet Singh Ghelani,Department Stores,Closing,NC mall losing Macy's and Saks Fifth Avenue at Triangle Town Center in Raleigh; what's future of the shopping spot - ABC11 Raleigh-Durham,https://news.google.com/rss/articles/CBMiuwFBVV95cUxQakNBdnpsTFFSMkN0NWExNkRwM0drUmxtd1RZdGlxQnNpcV9PeTVFM2JNdFdRMzVNdXN6X2p5Y2F4VERGUFI4Z3poZUxNT3RXUXRzUFJSQWRtbWpCQWdaZnM4SDdTMXJFdVZ0Z1Z2QWI0cDhLQXhOMUZiQ2h0V05qcnVKbTVvM0pMNEREOUY5X2lkX1drQ2FSWWFRU3V3cV92YWVwQ3lfckRxcU1VYkpoalhEYUFJaFFWVTVj0gHAAUFVX3lxTE11QV9uWUd1WUlPb0loZjVvalhxRHphOFhiaUljUHZBMjBNUHVkOHlaMHFRNHBsbWZUczRVV29MZ0FEQ0FLQ2pxMmZVRG5zVENkalBTdEFSNXp6ZUhmRG0yakFJaXJ0cndJakl4SkJmMndxN0dKQjhWc3BDcy02X1RDUlo0Z05WN2lfVkhjdDZkWlc0X24zZ0dRYW9hM1ljQ1BHejY3R0NYdVY1WVN5ODlDZFRXbkFyLUVJZTU4dEhhZg?oc=5,2026-04-25 01:10:17+00:00,NC mall losing Macy's and Saks Fifth Avenue at Triangle Town Center in Raleigh; what's future of the shopping spot ABC11 Raleigh-Durham,2026-04-26
Saks Fifth Avenue,Harsimranjeet Singh Ghelani,Department Stores,Closing,NC mall losing Macy's and Saks Fifth Avenue at Triangle Town Center in Raleigh; what's future of the shopping spot - ABC11 Raleigh-Durham,https://news.google.com/rss/articles/CBMiuwFBVV95cUxQakNBdnpsTFFSMkN0NWExNkRwM0drUmxtd1RZdGlxQnNpcV9PeTVFM2JNdFdRMzVNdXN6X2p5Y2F4VERGUFI4Z3poZUxNT3RXUXRzUFJSQWRtbWpCQWdaZnM4SDdTMXJFdVZ0Z1Z2QWI0cDhLQXhOMUZiQ2h0V05qcnVKbTVvM0pMNEREOUY5X2lkX1drQ2FSWWFRU3V3cV92YWVwQ3lfckRxcU1VYkpoalhEYUFJaFFWVTVj0gHAAUFVX3lxTE11QV9uWUd1WUlPb0loZjVvalhxRHphOFhiaUljUHZBMjBNUHVkOHlaMHFRNHBsbWZUczRVV29MZ0FEQ0FLQ2pxMmZVRG5zVENkalBTdEFSNXp6ZUhmRG0yakFJaXJ0cndJakl4SkJmMndxN0dKQjhWc3BDcy02X1RDUlo0Z05WN2lfVkhjdDZkWlc0X24zZ0dRYW9hM1ljQ1BHejY3R0NYdVY1WVN5ODlDZFRXbkFyLUVJZTU4dEhhZg?oc=5,2026-04-25 01:10:17+00:00,NC mall losing Macy's and Saks Fifth Avenue at Triangle Town Center in Raleigh; what's future of the shopping spot ABC11 Raleigh-Durham,2026-04-26
Party City,Dhiraj Manghani,Mass Merchandisers,Closing,"Party City is reappearing inside another big-box retailer, Staples, after closing last year. - Modern Ghana",https://news.google.com/rss/articles/CBMiYkFVX3lxTE1EdGVMTE9qT285UC1BRGM4NlQ4VHFRb0VaMUFOcVRiLXN2Mkh4bFkxZ0JXbVl1ZEJSNDlCalU3V1VCeXBWOU1FZTJvSGRPbHgtWWZoa0ZZRVdFRGtNa3RHUWF30gFcQVVfeXFMTU9Ua2VOSTFYbWlGbTI1d3BSd1RkQTVha0Z0V082MjRlcEswTUNnUGNFT0wxelItWFFQVmNDSWhvQ01wTXdSeS1sZURtV2tjM1lFZDF5SWxDM3JWSzM?oc=5,2026-04-25 00:51:36+00:00,"Party City is reappearing inside another big-box retailer, Staples, after closing last year. Modern Ghana",2026-04-26
Circle K,Moksh Kashyap,Convenience Stores / Distributors,Opening,"NewYork-Presbyterian The One, a new state of the art facility to open in White Plains - Daytona Beach News-Journal",https://news.google.com/rss/articles/CBMizwFBVV95cUxQN0xGQkw1U2huVWR3eFAybkIxYV9pVDI0Q01QZlRTWU1vQURGNzU4VlUtWi1TdHFoakYweGh2SUYtcjRBVkZjZkVLLW5xeE9PeVFHcnJTekY1RTVBTWpkSWJNQ045S3N5bU1hSlFPVlU1WFhnb1o5eEJSbWpuME92OWQ0YldycTYtVWF1NXc3X0dMY1ZuZ25EaFNLTUgtZG5sRlIwNlJYNl9VR3VZVllGc0VWZjJqTHV1Y09hN3VLbXpaRVZYNG1BXzZLSHVqbGs?oc=5,2026-04-24 23:46:50+00:00,"NewYork-Presbyterian The One, a new state of the art facility to open in White Plains Daytona Beach News-Journal",2026-04-26
Lowe's,Rahul Vasaya,Mass Merchandisers,Opening,Twin tower retail and residential high-rises break ground in Upper Kirby - AOL.com,https://news.google.com/rss/articles/CBMif0FVX3lxTFBCNmVsNG5SRFVFUFNwTUgzRXp3VUZ3aWhTZFlXX090c0g3VEtkLUV3WGs1WkNtRWE3S3V1X0lkOV95R2ZRRG1NVm5GcktvMG1SQ1p3eEdTS1BRM05sS3Iwc04ySGxOUzdxY2Q4ZnEyXy1hUkFlSzNSR2l4eENOVEE?oc=5,2026-04-24 22:49:00+00:00,Twin tower retail and residential high-rises break ground in Upper Kirby AOL.com,2026-04-26
Macy's,Harsimranjeet Singh Ghelani,Department Stores,Closing,NC mall losing Macy's and Saks Fifth Avenue at Triangle Town Center mall; what's future of the shopping spot - ABC11 Raleigh-Durham,https://news.google.com/rss/articles/CBMiuwFBVV95cUxQakNBdnpsTFFSMkN0NWExNkRwM0drUmxtd1RZdGlxQnNpcV9PeTVFM2JNdFdRMzVNdXN6X2p5Y2F4VERGUFI4Z3poZUxNT3RXUXRzUFJSQWRtbWpCQWdaZnM4SDdTMXJFdVZ0Z1Z2QWI0cDhLQXhOMUZiQ2h0V05qcnVKbTVvM0pMNEREOUY5X2lkX1drQ2FSWWFRU3V3cV92YWVwQ3lfckRxcU1VYkpoalhEYUFJaFFWVTVj0gHAAUFVX3lxTE11QV9uWUd1WUlPb0loZjVvalhxRHphOFhiaUljUHZBMjBNUHVkOHlaMHFRNHBsbWZUczRVV29MZ0FEQ0FLQ2pxMmZVRG5zVENkalBTdEFSNXp6ZUhmRG0yakFJaXJ0cndJakl4SkJmMndxN0dKQjhWc3BDcy02X1RDUlo0Z05WN2lfVkhjdDZkWlc0X24zZ0dRYW9hM1ljQ1BHejY3R0NYdVY1WVN5ODlDZFRXbkFyLUVJZTU4dEhhZg?oc=5,2026-04-24 22:29:09+00:00,NC mall losing Macy's and Saks Fifth Avenue at Triangle Town Center mall; what's future of the shopping spot ABC11 Raleigh-Durham,2026-04-25
Saks Fifth Avenue,Harsimranjeet Singh Ghelani,Department Stores,Closing,NC mall losing Macy's and Saks Fifth Avenue at Triangle Town Center mall; what's future of the shopping spot - ABC11 Raleigh-Durham,https://news.google.com/rss/articles/CBMiuwFBVV95cUxQakNBdnpsTFFSMkN0NWExNkRwM0drUmxtd1RZdGlxQnNpcV9PeTVFM2JNdFdRMzVNdXN6X2p5Y2F4VERGUFI4Z3poZUxNT3RXUXRzUFJSQWRtbWpCQWdaZnM4SDdTMXJFdVZ0Z1Z2QWI0cDhLQXhOMUZiQ2h0V05qcnVKbTVvM0pMNEREOUY5X2lkX1drQ2FSWWFRU3V3cV92YWVwQ3lfckRxcU1VYkpoalhEYUFJaFFWVTVj0gHAAUFVX3lxTE11QV9uWUd1WUlPb0loZjVvalhxRHphOFhiaUljUHZBMjBNUHVkOHlaMHFRNHBsbWZUczRVV29MZ0FEQ0FLQ2pxMmZVRG5zVENkalBTdEFSNXp6ZUhmRG0yakFJaXJ0cndJakl4SkJmMndxN0dKQjhWc3BDcy02X1RDUlo0Z05WN2lfVkhjdDZkWlc0X24zZ0dRYW9hM1ljQ1BHejY3R0NYdVY1WVN5ODlDZFRXbkFyLUVJZTU4dEhhZg?oc=5,2026-04-24 22:29:09+00:00,NC mall losing Macy's and Saks Fifth Avenue at Triangle Town Center mall; what's future of the shopping spot ABC11 Raleigh-Durham,2026-04-25
BJ's Wholesale Club,Ashwin Nair,Mass Merchandisers,Opening,BJ’s Wholesale Club will open soon in Fort Worth - Fort Worth Star-Telegram,https://news.google.com/rss/articles/CBMiggFBVV95cUxNcTZNUEF3SUlKOEdoWVdaM0JGdTd3RjdoZ3dKRjVhYjRDdGxtOWRjdVlUT3VKTFBOWTVlMC04STA3OWlmbmhHX05NcHRTZVh6eEJjWUx0VDZiRkRxM204bVNqRW5fWno3SUFTTlRTNkxlWkV4VEV4a1l2eS1IN05La0hB?oc=5,2026-04-24 22:15:03+00:00,BJ’s Wholesale Club will open soon in Fort Worth Fort Worth Star-Telegram,2026-04-25
BJ's Wholesale Club,Ashwin Nair,Mass Merchandisers,Opening,BJ’s Wholesale Club will open soon in Fort Worth - AOL.com,https://news.google.com/rss/articles/CBMidkFVX3lxTE02MWRFY2pIUHFOWnlueUFkR3dyVzk5Q2xPaC1mbExmZG96UjZQREJpcHV6eXlfM3NZSHA1VE1NcFNoQ2x2MEpKd1ROT0ZVVlFJdUxudTlRWXI3WkV2V1BrVXF4bkFrMWppMVRzaldieTMxNHlFa0E?oc=5,2026-04-24 22:11:06+00:00,BJ’s Wholesale Club will open soon in Fort Worth AOL.com,2026-04-26
Vallarta Supermarkets,Rahul Shinde,Grocery,Closing,Vallarta Supermarkets opens first store outside California - AOL.com,https://news.google.com/rss/articles/CBMif0FVX3lxTE1DV0RfUHBZLTE5RW5oVG1sM0hQTG9YYW5VbXNKclJHLW5UWThCa21JWmItQUpad0l0UTJRdUkwT2gyd0Rxdll3blp4bFBnWVBxZUQ4ZEJmSHM4ZzJrVE1iQ250VDgxY21PeElubXlMbmJuTzNpR0JfSU5HVXMzcGs?oc=5,2026-04-24 21:47:46+00:00,Vallarta Supermarkets opens first store outside California AOL.com,2026-04-26
BJ's Wholesale Club,Ashwin Nair,Mass Merchandisers,Opening,BJ’s Wholesale Club is about to open in Fort Worth. Take a look inside. - Fort Worth Star-Telegram,https://news.google.com/rss/articles/CBMiggFBVV95cUxNYUJzcjdXWHlDS2JONmRFeUlZZlk3bGxnMldDeGxwTEYyM0xLZnZZTWhxSmZfTm1XVDhJM1lWMUNhM3V0blAtQWJMNTBIaTg3b2lYQmh6dEZBUF83MzJjcTZCSkh5eEh1NFlMWUJNTjFocUtkZUg1bEFBMHY2STUtRXBR0gGCAUFVX3lxTFBCeUZIOXB1UzFHNUttcWZlUzJLelJWQWJmb09LNWpFbm1IQkp3MTlCQ3Q1TDAxZDNVVGZNeFB6SEh2S1Q1ZzQ4UnBIS0ZHMGxia19mc1dMLW45YzZvZVd6MUJjcS1vZkx3WW5qMzRjTUUwTWFvcmxJY3ozU1h0Q1MtSFE?oc=5,2026-04-24 21:10:02+00:00,BJ’s Wholesale Club is about to open in Fort Worth. Take a look inside. Fort Worth Star-Telegram,2026-04-25
Saks Fifth Avenue,Harsimranjeet Singh Ghelani,Department Stores,Closing,Saks Fifth Avenue in Bala Cynwyd is closing - MSN,https://news.google.com/rss/articles/CBMi0gJBVV95cUxNNV9IckkxbXp1azlBbnZxOWZKcWQ4RlB0VTBzX1pxSGdyQTY2OEgzRVU4dTNzSWI0OWxQYVRHOVZ6Q21hU2dCTC1nR2hhekdMcjI5Y2h5UFdvWEMyeHpRelBIT29PUGdqMzI5Vk5UNnFEXzNUTkgzT1dVYTlJMlRKZjdUQ3R0SWtHWkV1UEVJR1hEX296NV9iTXdoTVBoYmpPNlN3cVZSSFRJbG5zdzJlTkVHYWp0Nk43NGx3ZkNKb1pSbndxTk9iZGFhazZnOXZxeUtJLTczSURfQnJQZk52M281VS1fZDdPYVhBaTM4SVFGZW9oeC1CT1F6SVlSbjhFUEpfYUlsYlhnZkdiaWc1aG5Jc3Y4SGxmUkxzM0VkOFdDNjZmdEQtTnpQRVRaeU9FQlFhSTZ6Z3NHMDI0VkxrTmlhbkdLdTRpN0xobzJHU2k5dw?oc=5,2026-04-24 21:09:57+00:00,Saks Fifth Avenue in Bala Cynwyd is closing MSN,2026-04-25
Lowe's,Rahul Vasaya,Mass Merchandisers,Opening,Hillsborough County breaks ground on $1.6B wastewater infrastructure project in Lithia - AOL.com,https://news.google.com/rss/articles/CBMigAFBVV95cUxQX2tWQVN6Mk9iUV9fN0lOYk5yMW4tQm9VS0hZQzRlMGt1WGhIX0lKY2hLbGxQcHZDUHJCWXhvWnRNTEtZZnVTWHdJT1F0UHcyTVNyVnpjaDc3M051RVdpOFBrRVNUaUp0Y3Ywa2JxOHg3dlU5OVJNSVcyMHNFX0FwTg?oc=5,2026-04-24 20:33:03+00:00,Hillsborough County breaks ground on $1.6B wastewater infrastructure project in Lithia AOL.com,2026-04-26
Whole Foods Market,Rahul Shinde,Grocery,Opening,"Whole Foods Market Preps New Store In Downtown Jacksonville, FL - The Shelby Report",https://news.google.com/rss/articles/CBMipAFBVV95cUxONFRuRjdMMmJlNm1HZDliSzB2UGkxTjV1anlzb3E5QWJjcWdYS0hrY21ZeHc5SFFrRkwtZngtNWR0OG13RzRzQl9nVEZ6WFBpUDlZWHVlWVNvNmR4S1RNcWk0elkzYllJSVdqVmdiSWt6SDdnRXJxZEhsTzFrUUF0WkRDYVA5ek83U1N4NVR6c3BwQmU1MkctblpkXzZlQUtRRzNaMQ?oc=5,2026-04-24 20:06:20+00:00,"Whole Foods Market Preps New Store In Downtown Jacksonville, FL The Shelby Report",2026-04-24
Harris Teeter,Ashwin Nair,Grocery,Opening,Harris Teeter: ‘More plans to be involved’ - Jacksonville Daily Record,https://news.google.com/rss/articles/CBMikgFBVV95cUxQcWdwWF9WM3B2MHVCeG85VDVkWWlCN0hiQUdfZGl0dW5fZXM5MWxFQW1iYWZoZ2JtNkl4UWg2S2UyWXJrT3g5NVdpbDZKWGZwN0pZRFg4MjQ0MmVwOUV4QUlHV2JRLVU2MzhLR0pyYlhlT1dfak5CT0s5Y25xVWNuTEVPeHlOQ05kbTdXbGJUUmplUQ?oc=5,2026-04-24 19:14:00+00:00,Harris Teeter: ‘More plans to be involved’ Jacksonville Daily Record,2026-04-26
Chick-fil-a,Rahul Vasaya,Restaurants,Closing,"What will replace Chick-fil-A? SEMO Students try new food concepts, share opinions - southeastarrow.com",https://news.google.com/rss/articles/CBMiwwFBVV95cUxOVE9fV3BQZ2RLaWNRLW80bHJXWVZYOFdqTHk0a0lmSFVwSDFRZUVGNWlkY01nN0VFSWliTWRJQWVGdF9FYmhGNWtsR1MtWmMyVmJGeWFZaGhFWkxvdFp0dXc0ZW00eVcyQ1hTZkJQbnQzdmtxc0tBTC1rMVp4TWxONE1KTWdOWmlWWjhnTzRTLW4tS1BjbjBBVGJHZkRpb2F4b05feVhGYUdzQUMwOFoxUVhvbzhBeTlNSHdJem9yZm1CUjg?oc=5,2026-04-24 19:07:42+00:00,"What will replace Chick-fil-A? SEMO Students try new food concepts, share opinions southeastarrow.com",2026-04-26
Dillard's,Ankit Rawat,Department Stores,Opening,Dillard’s sets grand opening date for new Miami Valley location - MSN,https://news.google.com/rss/articles/CBMi6wJBVV95cUxORmhVVHVtUjVNTTdiT1FseFlmcGNtU3FVWTZhSU5KeDIzYUpnci1Wa0pxeGhPZ1c0cWZXVUZsaE5TVXZFbG1lTlc0c1BSSWpUbjNkcFdacGNVaHZHckluQ0liUlRHUVhYNnMxakdYdWdXdzFZUTExWERhNDFuSWVvZXVNcXFEdmptUXMzQWFGczl0VzBXbFRmV2dhamRTdEVqbUt2Vk55dmV1NTFkaUw3ZFVWRXVGSzJfWlV4QmVYbG1ZOHVPMnBJbG1Zcm93WmJFYTJkc0VsQmpQdGxWNVpXbnZnaFVlRDBjbnVoYms5bEJ6bUZXUWZGU1BRUXhLcThjZHd5X3FWejcxZ0U5cTRNdm9NZUFrUnRMLUx3UVM1RHRYamtLU0tzb0xFc2poMUNZc1lzTDFoSEVJeWlCY2huS1pDLXRkdWNsVFFXWTlJdUZyeU9TenpjTmZ2ZUVhNE8ySVc0UkhJRlU1MUU?oc=5,2026-04-24 19:06:12+00:00,Dillard’s sets grand opening date for new Miami Valley location MSN,2026-04-25
Dillard's,Ankit Rawat,Department Stores,Opening,Dillard’s sets grand opening date for new Miami Valley location - MSN,https://news.google.com/rss/articles/CBMi7AJBVV95cUxNZ0NvSVdLRWxnWFk3LUpLbzJTM1MwbFJnelZha1hTYW9IYUEycHI3blhCLTVNejZ3WDl3anJsa2l1REdMam9xb1U5RE5pODQ4Um9QV05RaHBwTEpSeS1MdHB3WXNKSXVNQnVJZ2FuUjBmZ1pPU3FlRXdOUmNieDBnUlhFa1hzckZib0hucjlrcEhpNVBIc1NyYTF2NlNOWnlvaWtnLWExRUVIYnVCNzc4aWVDZHMyQjJQODJkczF6ZjBpelVGSlN2TjZJMjFBQnhHOFBPWDFLZnRiZVlzY2hwekk0S0NPLXAzNWJ5UnRHMWZDdmZZLVBWRDZ6SXkwMjA0dE1EZF83Vjh5UG55eHlyNjFKZ25rLV9JWlRoT2JOblNJS0kxdFJvaWw4QnhlRy1ESUZtS04zeG1JOW9RakxKWjlNZjFUQ2pDR09Dd2lUZTdYM3UwUXd6Z3A2ZXRxdktNcUszTlJyNERHM0Zi?oc=5,2026-04-24 19:06:12+00:00,Dillard’s sets grand opening date for new Miami Valley location MSN,2026-04-24
Harris Teeter,Ashwin Nair,Grocery,Opening,Harris Teeter thinks it's found the perfect spot to reenter Jax market - The Business Journals,https://news.google.com/rss/articles/CBMijAFBVV95cUxPM3UxUW1sMlhPYW9kTkh3QXFVMEV0WVY4ZXRVSDBmc0xBYXVyTmQtZU10V1FvdjFZTllJM1YwU3kxS0hIU0lmc0JqY0FzdXc4YlgxZ0Q5Vm5zM1RUVWwtWHd4cE03TURPcEFGNUlrSzg5VHNwYnFSYnM3aTB0VGI3SkxRTGZGN0lsQndZaA?oc=5,2026-04-24 18:49:00+00:00,Harris Teeter thinks it's found the perfect spot to reenter Jax market The Business Journals,2026-04-24
Party City,Dhiraj Manghani,Mass Merchandisers,Closing,Party City returning in 17 Georgia stores after shutting down. See where - Savannah Morning News,https://news.google.com/rss/articles/CBMiywFBVV95cUxPOFJITmJ2eUk0YUJRTEJxUERyYi16Rnc3MndpajBxa1lEcnpRMVdFOFphcldILTU3MzZmZkdhRmpYU0EzQlk2dXRvbkRWS3RmcUxCanVhS2s0QVVEYnZNbXZuOGpCV1FrWTBYcmdpQjhicjBwQlFHcXhsZ2E5Yk5EYnc0Q1laQWJVdEp3UktvNTNrTWE4Zjgwd3ZBVjdpOXFpM2oxWWZHQWJnNU5FQWtWUk9oSmNpazdVYVBSWW5VSXNSc2xLSUVOaHFraw?oc=5,2026-04-24 18:40:00+00:00,Party City returning in 17 Georgia stores after shutting down. See where Savannah Morning News,2026-04-24
Chick-fil-a,Rahul Vasaya,Restaurants,Closing,"What will replace Chick-fil-A? SEMO Students try new food concepts, sh... - southeastarrow.com",https://news.google.com/rss/articles/CBMiwwFBVV95cUxOVE9fV3BQZ2RLaWNRLW80bHJXWVZYOFdqTHk0a0lmSFVwSDFRZUVGNWlkY01nN0VFSWliTWRJQWVGdF9FYmhGNWtsR1MtWmMyVmJGeWFZaGhFWkxvdFp0dXc0ZW00eVcyQ1hTZkJQbnQzdmtxc0tBTC1rMVp4TWxONE1KTWdOWmlWWjhnTzRTLW4tS1BjbjBBVGJHZkRpb2F4b05feVhGYUdzQUMwOFoxUVhvbzhBeTlNSHdJem9yZm1CUjg?oc=5,2026-04-24 18:38:39+00:00,"What will replace Chick-fil-A? SEMO Students try new food concepts, sh... southeastarrow.com",2026-04-24
Burlington Stores,Ashwin Nair,Mass Merchandisers,Opening,Burlington to open Eagan store in former OfficeMax space - The Business Journals,https://news.google.com/rss/articles/CBMijwFBVV95cUxOcGxhdzc5N2tpZWJIU2ZINExLS2lZeE9RanRkdUZsejAwVXlxVXJ4eV8wQmNhWTBmVTdaRU5Kdk50Z0pQcXJZYlNiSk9GMV9EYzBqWXFFTGNyZkRIamhOZ3VXVEV6STlWRFA0ZHJyT3ZoTUYycWVMSTBFMk95TnEwRVluLXJleTNTdGR0YlNvaw?oc=5,2026-04-24 18:18:00+00:00,Burlington to open Eagan store in former OfficeMax space The Business Journals,2026-04-24
O'Reilly Auto Parts,Bhavesh Phulwani,Mass Merchandisers,Opening,No opening date set for new O'Reilly Auto Parts in Rome - Rome Sentinel,https://news.google.com/rss/articles/CBMi0gFBVV95cUxOZ1FPMWsyUTZWWDUwdUFTdUNJU1JjTnVRLXhOSzFYNXRLVktVT0NUNWZnQllCWnFKMWZsZmZmd0I0LVI2YnRPZFZpQkEyOXMxNVNBa2x4RUV1LWlqR25fWmc4NWgwVW54Sm5HcTEzQ25EVFJESG42SlA5SGgweEtiU0VDVUViY25yNkhEWk1FUnNYYzl1b0dRUGd3QmZyaWZBWjhLTER1aFFCbnN1T0ltNEhsMGVSX01WWjUzN3AyazJndnR6dWlhRG9DX3Yzd3dtVXc?oc=5,2026-04-24 17:30:00+00:00,No opening date set for new O'Reilly Auto Parts in Rome Rome Sentinel,2026-04-24
Raising Cane's,Rahul Shinde,Restaurants,Opening,Raising Cane’s Chicken Fingers to open first Owings Mills location - Baltimore Sun,https://news.google.com/rss/articles/CBMifEFVX3lxTE9laEdZQmdkd1E5LWFuTXBld3EwYWp4aVFBbmJjeEZzbU56dUdkWkJEMmprSHVVTHk0bThMcmltQ3FUU0lUeG1BUlh5aVFjeGY1ZXdqNlViZmdaU1A1YzV4LWNSSS1aSnZhZ0NvYkdOMDktMEkzcUZxRXp5M28?oc=5,2026-04-24 17:09:22+00:00,Raising Cane’s Chicken Fingers to open first Owings Mills location Baltimore Sun,2026-04-24
Party City,Dhiraj Manghani,Mass Merchandisers,Closing,Popular Retailer Plans PA Comeback After Closing All Stores - Patch,https://news.google.com/rss/articles/CBMiogFBVV95cUxPQ3FqU0twaHlTeGxHTTlJU3lLRTYxR2ZmLTgzRUF4ejhjanlLY1JnaTY0Q21na0dnWDZPbDZwRnZuU09ZNnJYZWdsSkFGUDFtNnE4Rmh2ZHpRYV9ZYmdRdi1na2dYTEtYSmJrR3VZektvWXUwMzd4M1pzOWlTX21hZ2U4WEtxY3RVb1dzMXhCVFdQUElNeWhmYnRiLVdmLXZRWkHSAbMBQVVfeXFMTjc0V3phbTRXZmZiZU4yU3lZUHlKdDJTbkJzcDlCLTdoQWpwYkI3ZFg5V1N5eE9Gd3FRVzhxcTNwanRTcmVoX0t0aS1xN2NIakRoX2J6T1p6SWZZMlRZSjlfdFU2cVBFWVpYX1Q4TW5QVXcyRnBFRzZpQ2lHTklsTk1NdEs3NDBKNlZySGpXVVpQNjhSS0FrWXl3U2d0Q2RXclBSR3Voa0dWN1JyNDN4V3FkWjg?oc=5,2026-04-24 17:00:54+00:00,Popular Retailer Plans PA Comeback After Closing All Stores Patch,2026-04-24
Chick-fil-a,Rahul Vasaya,Restaurants,Opening,Chick-fil-A opens a second location at Boston Logan Airport. What terminal? - AOL.com,https://news.google.com/rss/articles/CBMie0FVX3lxTFBrTFBpTnV6MzdzWWVvUmp0aFY1QnpmWnRFREg1cFRUcm5wS0NQdlpPY3c1YVI3Zm1rWU5OMVpWNjU3TUh4OWh2c3QxeUktbjFfUHhBTVVEdU5HM0N2U2NjekRCeWM5WHFxeWZzZVhENmtQYWRZRmoxaXJqSQ?oc=5,2026-04-24 16:59:56+00:00,Chick-fil-A opens a second location at Boston Logan Airport. What terminal? AOL.com,2026-04-24
Whole Foods Market,Rahul Shinde,Grocery,Opening,Whole Foods set to open May 21 in Brooklyn - JaxToday,https://news.google.com/rss/articles/CBMibkFVX3lxTE5USnhoYzhRLVZ0N2dQOHJPbGsxeDctMGU4MS12Tzk2SGgyZlFTRF9uRzNHRmp1LXVfY2t5dkZiR2NwaHQ3ZE5Pb0JlZFdpU242Ml9SU05tckJibGRvRnZxSy1ZdkxBS1F1elBQVHJ3?oc=5,2026-04-24 16:57:28+00:00,Whole Foods set to open May 21 in Brooklyn JaxToday,2026-04-24
Sam's Club,Dhiraj Manghani,Mass Merchandisers,Closing,"Walmart warehouse, in former Sam's Club off Route 146, closing - AOL.com",https://news.google.com/rss/articles/CBMif0FVX3lxTFB0LVdwZHdGYWlXaldxajZ3a1MwbGloa0VFUXNJdWgwSzNNT19reFlPN3lPTGN3M21WVGdqcXdGemFTNmxSYUhKQlJ5UjZDQkpBUXhvUVFNZEFPMnZ3TlpBT09vaUhmaGZabHRDN2V5ZlRoWWxEMi1PRUZEMExMMU0?oc=5,2026-04-24 16:35:29+00:00,"Walmart warehouse, in former Sam's Club off Route 146, closing AOL.com",2026-04-26
Saks Fifth Avenue,Harsimranjeet Singh Ghelani,Department Stores,Closing,Saks Fifth Avenue in Bala Cynwyd is closing - MSN,https://news.google.com/rss/articles/CBMi0gJBVV95cUxPYmRmWXo3dEkwM1VCUDhrUTFrUTNiSEY1V0VIYm80Q25IVmdFb1E2Q3JIYlE2ZkhxaVlhbXZoemFFLWJ0VVpRb0FPRDAwSHN6TDhqMzY3clhDbWhSbkxZajlRQnMtX3IzcXZLeW1uaXBZMzI0RmRRbjR0TnZxYUZyWVpCUFlfQktIMkpESjFtZWtsNHpRd1J4cXN6aTVxM2tpdW8xR0ZXOGhfaDBGMlZCcmVrcGVnazgzTjlxSGxRcUM1RG44WG5zMUpnX3FpRDlwbVNFTU9kTl82WWVzLW1LeXRzdWg2Z3VrR2VoUHJnUjMxRUZ5UjY0U3d4ZHBnT3ZvS0FvVWZudWFMck9UZU1Td1FlN2tiRjFmVzc2NjlOa3laWWJjZ0NDWDVBU1JUbmp6RVIxWnlFVlVxRnViMHZIVE5fbVdhSHdXZTFiSy1UNzFTQQ?oc=5,2026-04-24 15:53:21+00:00,Saks Fifth Avenue in Bala Cynwyd is closing MSN,2026-04-24
T.J. Maxx,Dhiraj Manghani,Mass Merchandisers,Closing,TJ Maxx closing two popular locations in the new year on the East Coast - MSN,https://news.google.com/rss/articles/CBMimgNBVV95cUxPZzhwWTJ3eURKR2MxeGpBYTVXN1hjMVJBTDJMbXZCZE5YVVlsc256enNMMWF4LWxCN3F0VDVlNnVPRTk1a0RWblh5REV6c0hBc3dxRlJWVzl1blZiYllNUlhzM3doRlV5WWpqYjNMSXpOcGZMMlVKNGVoNkVjN0xBTTVPek9tWVBFR05SZDVuWHJvdUt4N3pzTzM3NDVzYk5hVXMxS1c1TUxpa1lyTXM0WHozZ0lLWktldmYwNVRMZTYyZ3RpTEhpYVpyQXhxY25ZQm1rSGJKbTFpZlMxVTBPbWxyS2pUWUFidjRyY2sxRnUyZllHaWNyLU5aNVZlcEwxcEY3LV90d2JpSS1OUFlxVVRHZnFLWU9TZjRNQkxQVzc5cng0aUFBYWFuSkhSZ0Z0czNKQlJNVkRxVnhRMkxhQTZhUXpaVjJNNnVuY3FoeWVtUVA2SEtIQnBXdzEtSzMtLVJadkx3b1FJVEduaFJjU25qemhQcDZidk9TUkM2ZWNJUUM1RGRCSVF0Tm82UWhzVlJoQ0pKcG5qZw?oc=5,2026-04-24 14:41:44+00:00,TJ Maxx closing two popular locations in the new year on the East Coast MSN,2026-04-24
Harveys Supermarket,Komal Agrawal,Grocery,Opening,"Grand opening set for new Winn-Dixie, site of former Harveys store - AOL.com",https://news.google.com/rss/articles/CBMid0FVX3lxTFA3VHozU00weERoaUdBbmJqZ2ZHeVVSbHQwWHg4SkptLVRjck9RUDlFSk1NQmdZaDYxS3F4Y2VVcGxmMWtjSkJfR1JsSzB6eFNlMVI0TTYxZTNNMXNkV1BYMlBKaDlqZE1nVEVrMGgxQ0NOaHVhVktZ?oc=5,2026-04-24 14:32:45+00:00,"Grand opening set for new Winn-Dixie, site of former Harveys store AOL.com",2026-04-26
Sam's Club,Dhiraj Manghani,Mass Merchandisers,Opening,Limited Time 10% Off Disney Gift Card Deal Coming Soon - WDW News Today,https://news.google.com/rss/articles/CBMihwFBVV95cUxQemkxU0hBRkhTY3B2SU5JNHc1WlAyTW16el9pT2hSajZnbXgzRGlBUW9ocHFqTHAzVFNZbWhDRzlOTUVvc0hsMlUzYVFvRGxWTlJuVlBKVFBzLUxGUUtlWElCV0dRTGY2UEJhRlBheDlTSEdUdDhhTlZVNUMwV1cyTDJyMlBqdGM?oc=5,2026-04-24 14:02:31+00:00,Limited Time 10% Off Disney Gift Card Deal Coming Soon WDW News Today,2026-04-24
Grocery Outlet,Rahul Shinde,Grocery,Closing,Why Grocery Outlet is closing some stores in California - MSN,https://news.google.com/rss/articles/CBMi4AJBVV95cUxPYm1FQUNQMDM0OFRKWkxXelNrTWFRaHU2d0d1ZWI5a2hvRXNjZ3dtWDBKYkFtSlkxc1RvMkV3WGprTXMwNmpLb24yVExEdHozcnI3R0luQTRxMFFEbE5xdmk0VnRFWk45bVEycUNFbk9CeFdrQUJjVTU2ZnJtUndrUG1RRzRQdTRDbE02clgxZTBHb255MlJkdEc2YnJiNHJLTU9IQVEyeDk2TzlwdThVVjU2bmdtdWE4NXlMdTJwaU1YUWVlenVLZVpjRFRaVDE2YVJxbzA0elBrWDIzUFg0SVJLY2xVR0RqTEtiOTlmRjdpTGhPUGhYbW42VjlCQzFDV0oxZl90OFRlUlYtdUhkQ2pTeFB6SFNUNVphZUI2a3hxeTV6eXdCdkVrQTJYSXo3bkdOcGREUGl5WUE2VjBvcUpOd2lodUtlUVdXanJld3g5MVBzc29HU0lQV0paeTZ6?oc=5,2026-04-24 13:57:08+00:00,Why Grocery Outlet is closing some stores in California MSN,2026-04-26
Grocery Outlet,Rahul Shinde,Grocery,Closing,Why Grocery Outlet is closing some stores in California - MSN,https://news.google.com/rss/articles/CBMi4gJBVV95cUxOZGt2dk4zNFhCZlBiQXZMLUJ2OHNMV3Q5THRKYWNRdXZjMTBlWTlJamliVnhXV1hwcEw5cGw1WmlrMGNVSDhKd1k3MWlkTGVQWFpzZXNnOVJ4NFdkMkNTcDlHZXlQSEhCeGV4ZHhNWWpyc0VoNi1lM292Z2xrTUdkSWZpc2hLYWtzZFNuOGdjZkkzYm5LNE5zSW12cGdfZFNKamttbDA2X0d2amthbjE1cksyZnFRX3E1WDNzSWtxTTVzb0RycW1mcEJfeGlidUJxSzlKTDZzRXpGRG1KQkJ6TXFVQ0VkTEYxdzdQU0RpWDBEa1ZFbGo3Y1lJWDFJNXpWMmlCdVQ2MV9KVVpIZnI0ZjI5bS1DdUtCZEVFay1GcDdNSlZrdk53TzRjTDcwamJmeEJuYU42YVYxNVFLSGhROUVTVWtXM2JsRUJveFlxUUZROS0xdkp5U3JxZ3YxVHpScWc?oc=5,2026-04-24 13:57:08+00:00,Why Grocery Outlet is closing some stores in California MSN,2026-04-25
Amazon Fresh,Kabeer Pandya,Grocery,Closing,"All Amazon Fresh stores, including six in the Philly area, are closing - MSN",https://news.google.com/rss/articles/CBMi8gJBVV95cUxOMUV2ZVY3UHBYdnBmR1dwSU9BVlJ4RlRQamhTODhSaXpoTE5xLUhpdS14N1d3SHVvTGZCaTFjMVV0NV9yZVBrODRmb1JOaExlZ1N5X2lNaUhsdEZCeTNjZnJlQkN1ZFZmQ0JwdHVMaG03WWhjOFUtTXVER3lQalp2d25lUTdnTDNFZHNhRlFzam1BOW41dzc2a3Q1dVNqTHVTUTdBV2g5TWtJRDJUMS16d29kQ09vTEZLa3NmbEFiMzZSak5IZ3luZFd1dW1WSkVyLUd4dFhMdVhkbm1iRUZGQlloWFRsbjB4dURRTnlIY25LcWRHeWxZOGlIYWZZdjJ2UE5wWElJTFdqMWpjZWNEVHcyQWtCaUZxQXczSkNIY1pWS2Q0TEQwMFBSeEdOb2JubmVCTEYwZnhQNzdYeWVfeU0tMDNOYWU5VlhMRnRvaEx6bExIOWlfQjZEcGxKOHBsUVhwR3U0SlpTYW5OcjY3MFh3?oc=5,2026-04-24 13:48:39+00:00,"All Amazon Fresh stores, including six in the Philly area, are closing MSN",2026-04-24
Whole Foods Market,Rahul Shinde,Grocery,Opening,Whole Foods expands in Florida: Cities where stores are under development - Sarasota Herald-Tribune,https://news.google.com/rss/articles/CBMi3gFBVV95cUxPa0xBczlqbkhFU2hoU01VZE5VVFBZNDh1aldQRGdXMHF3elpXNXk3VUJudktONWpZdHJVUXlFdElvOUt4THdwS2I3dlZWclZjdWJ4T29jMm85Z1dZNEpITzBxMmhwWUF4MjdMNHY4OXVKSVRWR19mM3pacHNsbWphLWllQl83Z2h5RDNOVXhtLXB6YjBsYXZjRWdqQ2hvaUFSWk1VR1JiMTRFeUpIUXRjLUtvT1R3WEJ2eUF0UnpmOXVGUnNvQU15NWFoRXpGS1RraHlybjdBOGJ2Yms3dVE?oc=5,2026-04-24 13:33:00+00:00,Whole Foods expands in Florida: Cities where stores are under development Sarasota Herald-Tribune,2026-04-24
Chick-fil-a,Rahul Vasaya,Restaurants,Opening,Chick-fil-A opens a second location at Boston Logan Airport. What terminal? - The Patriot Ledger,https://news.google.com/rss/articles/CBMixAFBVV95cUxNZ0d0bDNGXzY3WlBwcEtZaldIdFRVdVVQSnFaMzF1a1czU2pHLWhRWE4wNnRkVko2QlNyZExvMUJFakMzYURfVW8tUGhBeXppWHJpcExmcTJPSTBxMlhJS0Y0VzhaSEt3Yll4Yi1tQTJWX1N0OHhLOU1LM2ZDN2dhTzE2YVdZWjd2UFQtRlZWNDYtclIzNGlGaVRJSkpYVkpGSkl5WUpKR2xpdWxoTl9iZ2dsSWpLVUhkalJBenNWenBzajFF?oc=5,2026-04-24 13:25:00+00:00,Chick-fil-A opens a second location at Boston Logan Airport. What terminal? The Patriot Ledger,2026-04-24
Meijer,Bhavesh Phulwani,Mass Merchandisers,Opening,"After legal fight, Metro Detroit Meijer expected to open by late summer 2026 - Yahoo",https://news.google.com/rss/articles/CBMiiwFBVV95cUxNYUQ0SWlNTWt2cDIzQkF4OTc2LUpiMC1IdFBtOW01eWN4SENKSU5WRWhoZFhnUkNWQnZqVWlQeTNvbDVBQnRodFNtR09Eck9UWVJUMG9QVXVWbGtIRkI2ZWNrSUVQeXVfU2ZLazkyTmdzbjRfR19GTGE0cTR2b3hxUnJXWWQzSGRYOElF?oc=5,2026-04-24 13:08:56+00:00,"After legal fight, Metro Detroit Meijer expected to open by late summer 2026 Yahoo",2026-04-24
Meijer,Bhavesh Phulwani,Mass Merchandisers,Opening,"After legal fight, Metro Detroit Meijer expected to open by late summer 2026 - MLive.com",https://news.google.com/rss/articles/CBMiwAFBVV95cUxNclQweE1rM1d1Q0otaDFRLXlDOGh5OHU1WVh6dC1LbG9aUWM1WWtpcXhFaFJiSXY2QVg2aHc4SU5QS0k0WTZBdDhpdHE5blpDQkktcnZfS0g0UC1aSDRJc2ozRnFpRlBBaVh1YzVkbURsY0Mtdy05T3BadzRqUkNOWEhNRU9vZU1xbFZTcWlTWkRpX0Vsd1o5ZFY5QndCOGZKdXhfR0pSSGkwRmpJaldDaTdad0NCU2JFUDZ2ZHpOVkzSAdQBQVVfeXFMTzQ2a09pcGxMUExVdXdSM2lZRVJnblVjM1E4N1pCVWVmZm9vb080RDU3REF2blpWT2ZmYndWbF9xbkg3VGZoRTNQa2RTYzYtaFdzSk1UX0tMZVZoT1A2QmNuUmhDbjhJcEpLSWRabVZlYjVYRnpfRkQ3UjBnTVZydnpZNFVvX2RZdkVTT25wUHVpRG1taWRmMTVmV1l2ZDItaHJhVjlhbEczclRlRnJSTjM4TzNieEtQZklfS0p3WEpiNDRtNXpialdGYlN6S0NGdXNSbms?oc=5,2026-04-24 13:07:00+00:00,"After legal fight, Metro Detroit Meijer expected to open by late summer 2026 MLive.com",2026-04-25
O'Reilly Auto Parts,Bhavesh Phulwani,Mass Merchandisers,Opening,O'Reilly Auto Parts to open its 52nd CT store at the Milford Plaza - MSN,https://news.google.com/rss/articles/CBMi8AJBVV95cUxQc3U5eUFGTGhaOTEzblpiUFZqTzJlSUdFOHJXcDVyVFBWdDRUTjJEdkZIS1lXVlJKUzBXbUlNYjN4YXdnR3l2czduVzNRRkV0ZGRjTU5rT1E2eDVBNFl0dXh0QWR3WVZuMUZSOFRrZ1htVVZ1MF91SmlRQnZSdXVMZ3NBNE5NeU5wd3JDZDAyOUFmY0JLRGJPYVZnU2RGNzdBcndKMzBNSlRBUlRXQTNodXRGTmVqQUpxZXBWQTlrU1hYVmZEN0tzYWE1M1B3UEMyWTVLR0FtWmhacjJyN0thTVlFMHJkOEJNN0t5clFMWFF1bVhaM0paOG40U1ZqdU9pQTlDZWRJcG1TclQxS2hIbnVFTkFMWnAwLUpSNXFqdUUxRmVVSU5yQkZEQ0JwUTJ5TF95c0o5NjBTVVdhMFN6cWlNclRUR21XYmxBbllDQkdQSmhDSTV0ZlRQMl84X0NKWW1BaXVScHBnQWdXc1N4eQ?oc=5,2026-04-24 12:35:44+00:00,O'Reilly Auto Parts to open its 52nd CT store at the Milford Plaza MSN,2026-04-24
Chick-fil-a,Rahul Vasaya,Restaurants,Opening,Whatcom Roundup: New restaurant in Lynden; Chick-Fil-A opening date set - Bellingham Herald,https://news.google.com/rss/articles/CBMic0FVX3lxTFBiM0hfR1BqRVNaVkE5VFRKOHpya29VaEV0ZkZhNHY4eUhZODA1Q0VSOXVkUlltaHV6OEJjTWZFeUZESWNHdzZxRkF2aE9JanZ6a0VRdndtTVpyTEJWcmxBR05CU2ZXUlJub25yb0tvWVNxSlHSAXNBVV95cUxNQzVMbEc1Z0tXU3BSOVZEMXItZnFHTlp3Tm9tbWs1NHZ6MjBkdldYcnBMUU1neTl3cmh2STZCcG4zZzBhd1FnTDljX3F0M2FUcDVIcHdwMFJPb1NWODBYVFpNWmQ2aC1FZ1EyVm9RUzVqdW4w?oc=5,2026-04-24 12:15:00+00:00,Whatcom Roundup: New restaurant in Lynden; Chick-Fil-A opening date set Bellingham Herald,2026-04-24
Save-A-Lot,Shuvechha Dere,Grocery,Opening,Save A Lot opens new deli in Canton store - North Country Now,https://news.google.com/rss/articles/CBMijAFBVV95cUxNMkRyT0JvS0FRakVlUTdaLWVpOTZGVFotRUJjRExjcFI0d19GdVJ0eG1mTjN2aFZlRWk0NXNTX1NuQW5aUHV3YnJqY1pwTzVWekxscWRBV0JUYW5Pa25TSTU3Z2s2MFhnN0xKSXZIaDdjY1N6cHJPWjZQVHJTWHdFZ1FTWEFlTUMyR2x5Wg?oc=5,2026-04-24 10:18:27+00:00,Save A Lot opens new deli in Canton store North Country Now,2026-04-24
Grocery Outlet,Rahul Shinde,Grocery,Closing,Grocery Outlet Bargain Market Closing (v3XdeLsudC) - fathomjournal.org,https://news.google.com/rss/articles/CBMicEFVX3lxTE9UanpwZUFRWExnUTBLVC0xZFZVeGNVcHR3OGNYWFNqeS1GN19GY3NjV1E0aUtUMjZBZTNQSFVyLS1zT0t5eTBNQXNYSk1Zanlfdk9VVGw1bTQxdUtqeTdJMTI0QjJ5Z1p5eWRNX1dZQnY?oc=5,2026-04-24 09:46:43+00:00,Grocery Outlet Bargain Market Closing (v3XdeLsudC) fathomjournal.org,2026-04-26
Grocery Outlet,Rahul Shinde,Grocery,Closing,Grocery Outlet closes 36 underperforming stores - MSN,https://news.google.com/rss/articles/CBMi1wJBVV95cUxPNWdoM3hKV2lPYndVM09LLTlkbUhzd2R5S0xETEdiaTJ5LWc1M3dKTGVtcllrMWUxR2IwZFdVYXFlZFNFODBMekFzaFI2MmFSQ2d4TVdIalJkOERRTVBVMXRzdThDWGNqQ0VJSXlrX3hmMjRlYVg1M2EzYTJZay1RTTZnTGdyam1nME9LMzJhUHlUcm5oeG1hYU42Uno0NnQzRkJ3MlB0bEdsOGVSX3FVMTA0X0I0REJWZXVNSXFMY1dLemo1MEJLX09oU3Nwa05zdWRVbU44UXFldWY3cTNmUURLYlY0YWtUVmpENi0yZ3RaRzJBNmp2WXdaTTFSU05ZekZGMnJHREtOQ1YybElad1puQnVpNWtLd1k3ZnBUOGFhaTJuTzA1LUk1Y0V1Zmgyd3c3LS1qRHpTZmMxRXVfeWJSeWtJOTlNNEtCRmNkemNHbHAxZEJr?oc=5,2026-04-24 09:26:10+00:00,Grocery Outlet closes 36 underperforming stores MSN,2026-04-25
Lowes Foods,Moksh Kashyap,Grocery,Opening,Lowes Foods to open Johns Island store on March 12 - MSN,https://news.google.com/rss/articles/CBMi4wJBVV95cUxNZmdXZkh3S0U0eUE4SzNwWS03czljX3FnYk1USGtnc3kxb2dTWTBNM3UzYXNDNXZTa0ozVnlEN2l0Qk1Xd1B6TDhYQUVWbU1TTGdXSjJjYS1BMUkzUDZ6bkxTY2VKelE3a0NkbmtMcEdfaU1hSmwwUDN5aWJ6V3dlWl9SdXJsVGFGR2ZsVzJPTXB6a3VraEExQWFEYXJ3TTBqN0czVDJYeWZkVFJRQmR6U3NFREZXZ1locm9fLXZ1RzhJV3FSRnhCRmQ3blFFZ09CbTR2azM2RmJlejEyMEJEUE1HUDM0UFJHRmxiTFhGUHlNZ0Zra0M1QU5BYUpCU24ydjJtajBjUVBvQVc0S2prOFRVTWQ4NkxsMEZreHRzZmR5bWd6WWJGVUpyVTdkRS1DZVd2NDFURmFCZW4yTEJsTUU4MjB2dGZqcmFReUlSQ2w2MUtOczNHTFlDWUp3elZ3cjZn?oc=5,2026-04-24 09:06:54+00:00,Lowes Foods to open Johns Island store on March 12 MSN,2026-04-26
Lowe's,Rahul Vasaya,Mass Merchandisers,Opening,Home Depot rival set to open 5 new stores across US states in massive wave of expansion - the-sun.com,https://news.google.com/rss/articles/CBMikAFBVV95cUxNY0lVejEwX21wVHhma0JJYW9ZQ3dzVTlmQW1KUU0zVHhBNnRiSXRIRWkxQ2FGd1U3dkh5WldEal84SllaUi1QaEVidFNDeFdWSzRqNnhDOVZMN1lRNjNORFh4ZTFQY2dWaU83YkhBUzl4R3FJRHRIZkJRek93ZDE1Y05tNnQxNFJJcjFZRWYyZ1o?oc=5,2026-04-24 08:04:36+00:00,Home Depot rival set to open 5 new stores across US states in massive wave of expansion the-sun.com,2026-04-24
The Container Store,Dhiraj Manghani,Mass Merchandisers,Opening,"Bed Bath & Beyond to Open New Stores in LA, OC - MyNewsLA.com",https://news.google.com/rss/articles/CBMioAFBVV95cUxQRDBiWmNIVDhkTjFWWFFzVVVxZ0t6amotZklvQjFkOHhrV1lXa1M0QlhPMmpSZVBTekJHMEZzSmpRd1Jycjl2eW1wWW5FX29zSVRrcXUyMVZaWHNiR3dfamtFRmlNb1oyUWxfeTZHUTVjbmNsRFZ3Ti1GNHVUS0pSY3F5WDZCdzVyTnFCcnotRjJJNkprTE5XM0J1OWczbFhM?oc=5,2026-04-24 06:58:00+00:00,"Bed Bath & Beyond to Open New Stores in LA, OC MyNewsLA.com",2026-04-24
Whole Foods Market,Rahul Shinde,Grocery,Opening,Whole Foods Market opens Liverpool Street store as part of London growth plan - Retail Bulletin,https://news.google.com/rss/articles/CBMi1AFBVV95cUxQSjN5bW1ybjV0Z29oOEVLWTVoODlrbllueHdZRWtDUGpLVi01OTh2UENmTkMyR3o0cTdrZlNrbTcyc2pFaGxmeF9rLTdxTmk0SnU2M3VHOUN3SHV0SlpKM3kzMjFZVTBsaXZ0b3dKdUFjUHFqX2p0Rl8wSnV1eGRXRUJEQW8zYzZjSzNxMHBiMUNVRkYxeENEV3RqYndrMVpMRVZESjYzVnNUcWRrWG4wWnRGNlNMc2tHWWhMcjVvVUR2Zm5NMDFJTzdLZkJkbk51TzhTcA?oc=5,2026-04-24 05:27:06+00:00,Whole Foods Market opens Liverpool Street store as part of London growth plan Retail Bulletin,2026-04-24
Piggly Wiggly,Harsimranjeet Singh Ghelani,Grocery,Opening,"Piggly Wiggly in Greensboro to open 'soon' after another delay, developer says - MSN",https://news.google.com/rss/articles/CBMihwNBVV95cUxNNVN4UnJhVy02bWtQWjdnZjVvNk9aenBjYnRfMGxsOEtWN0I2c2p6Tmp4Z1dCTmtBLWxCaWNIbzRuaGhwUG41VHZzU2QtcGx1MlVFRnlPa0VWbnVEdmVWbm1kNW1MeFB1RFJfMzNuQkFhMzRJUENEVlVXWklobWZPTjBuNzZJaHVSYWQ1Z2RIeGRJUENwVWVSWFhqeGs0b0pWZzlicjlHTnVuUHpLczVDLVJDNWF5em94Q0xzZkUycDZnR3A1aHI2bTZRTkdKdDEwemtkSXRES0VKMTNKU3drOHhydjRiZ1pHbV9BVjRUYkNuTzBWa2tMOGVValBKMTR5NWdQZXZkNF9sczVMOURrZDh0TXQtXzkxZFhyZnlLRHdrTkg4NTlwdG1mZUw4UkZzZEtYblFETnFvNWR4UnFtVzdXSU9JN0xBa2d3dFJWU3VBaVRYVk1QMjF1cHpVVUQ1czhRUWtvekVDWWpHZy1lQUJ1c2x4VVRULVMwS3JzQ3NvX3FORWtz?oc=5,2026-04-24 03:29:00+00:00,"Piggly Wiggly in Greensboro to open 'soon' after another delay, developer says MSN",2026-04-25
Amazon Go,Kabeer Pandya,Grocery,Closing,Amazon is closing its Fresh and Go locations - MSN,https://news.google.com/rss/articles/CBMi0wJBVV95cUxQeUNvTnAzT2NuRGtkZU1JY2ptdVgzcGpCOFNtNzNRcUpnSzFsVThIYXN2dW1vN1diWWZGdk52MElBcWZFSDlQZzhSb21FZWUzaTVvRHpHMlBPaEt2OGNVWW04Z2RtcllrTVY5dVEwZXVEQXNuSnl5eWdvbVBIME1xd09nRW04U25rVGt1cmVwU2FpWEJyVzI1RDIxNmJrX21iWVZ5dnlIeDZCclpiWFN3OERmYm9xUlJWQjFYX2Y3Z2QyeVhpRUQwMFJpNXVkYUE2dDRoTXFDQkxHSHk4bHdXWmV6UGFOVXB3R0tiTUZsMmFpSWtvR1dObXZJNC00ZXZHSi1FQVBiY1Zyb0FSci1XQVBhQU4yakVfd0ZkYnNqdnZsNnZzUy1VOHpLR09MYURYY25KYVRGTTg2UXBYTkYyWlNuR2FMZU0waTROaVlScGNhLWs?oc=5,2026-04-24 02:09:14+00:00,Amazon is closing its Fresh and Go locations MSN,2026-04-25
Joe V's Smart Shop,Moksh Kashyap,Grocery,Opening,Joe V's Smart Shop by H-E-B to open a store just east of Fort Worth - MSN,https://news.google.com/rss/articles/CBMi8AJBVV95cUxOalBGeTAzUVB5OU82S19ZQ1JtU0RXbHVQeUk1bFBMaldJZUZhY3lTVkVWWURKdk16LUhMU2xUWU1MR21sb2c5VWFpSmNWQXRHTF9fUXNVOUdSNnRkblFQLUZ3YmVFMDFDdENJZGxFeUdlazdDZ1FZOW9zREhROVhsTTExQnkweDJSMjZMTEFBWGlkdGRuV003bHVZcFg4ZG9Pd2VSTFVvTlVQNVZ3ZHN4MmV6QjRRNk9aYk5NSEQ2QUtGYXFaRndBRlhqV0szQUtvdTlmUEJkZWNzSmRWWW9VTXdTYkdqZnE4VGJ4dk5NSE1oeEMwRU1QYnJ0TkpPWVlnaVAxYXo3aXFNNnNpRm81OGtjYUp2Q0dtYnRLeFRTdXBLNUFyc0Y0WHJTU2pFMUNEVHluY0x3bXBLNV9LYXJvaTFkT0Nva2kzdnJaSHdZQkgxdm9HQnhCOF9oWmxGVEh4WWU1VnZXdF8wYkM4SUZZSQ?oc=5,2026-04-24 02:05:28+00:00,Joe V's Smart Shop by H-E-B to open a store just east of Fort Worth MSN,2026-04-24
Joe V's Smart Shop,Moksh Kashyap,Grocery,Opening,Joe V's Smart Shop by H-E-B to open a store just east of Fort Worth - MSN,https://news.google.com/rss/articles/CBMi7wJBVV95cUxOYTgwYTk0aFU0bW9KSFVjMVNTQUZGakFSOFpLLWZkUldESjBJOURXSjZ2U3RxUE1uRjZRZF9lVE1EQ2c4cTcwTTNjYV96NTFEMWNPZEpOcUwwT2NYVWhpV3ZqRmpQV1RoVWpremZRNzV5Nm5qVVB1VEk0bGMyXzkwZDRZaHUzUDRoNEtKMVJjbVJZLXhKd0s1TFI0aUliOEQ3ZGJBNnFZQkxvUUwxY0tndGJqRG0tSWRLV1l1RExod1FEUjg0MDF2Mmt4SlBEa1ZYWXlmUzFTaDF2RGdhc0s2M3JGUjJXRFBNX2FSdW9KTk91Z1hzZ1JPTEV3ZWNZbTFMNXhERXc2a1VOcEIySVJsWjJDNXJpMHBqN0N0Y2M4ajAwSGZORUNJZlRsZnV6dWZpYnVPSUs1SWtyWWE2UHA3UjkxcldTVGN4WmtrRnVyUmpyNmllREN3THhSUDN1cjZSVE1iNTdEQ1JsQjl0bVpr?oc=5,2026-04-24 02:05:28+00:00,Joe V's Smart Shop by H-E-B to open a store just east of Fort Worth MSN,2026-04-25
Trader Joe's,Rahul Shinde,Grocery,Opening,"Trader Joe's plans to open new store in Spring, filing shows - MSN",https://news.google.com/rss/articles/CBMi5gJBVV95cUxQYWhETzJLVTJDX3NDNlpQMEQwQjdRcGk3Rl9QQWVITUNwclQ3UUQzd1FzLWV6VXNlcjVxeFliZVhZSTZtUFR4empCRDVJcHVuUFlrNHV0c0Fqbi1VMV9tcDJvbGNjbUZIZ014bHltVWhYMUhHcVN1cU12WDlDWkl1WTJRdHdGNVc3NlJxX1ZidC1ERVY2QUc1V3VzUEl0dnAxRHlzODE0eVlIXzhNRzhYQ0FreEZXd2J3aFBKRFgxNnFmenNYT0xObGdQN0NmNWRQREN3eV92cm9rYlRWR0FiRWl3SE9aNU9kdncxbHVZVE80bUpUODMwaFV0enhTbEI5VE1sR01DOWJqb2pINWdlOGk3Vm9FeWdCbmlhWlJ2dVNSeGxOamthendYR0pxcElSeDU4cnR0N2dwNHZOdjg4bVYtYzVpdHFWVW5NbEVENjFuVVFiV3o2V08zVV9LTUh1Vm9UUVRR?oc=5,2026-04-24 01:45:42+00:00,"Trader Joe's plans to open new store in Spring, filing shows MSN",2026-04-26
ConocoPhillips,Harsimranjeet Singh Ghelani,Convenience Stores / Distributors,Opening,Exclusive: Inside the $93M transformation of a former BP and ConocoPhillips tower into luxury apartments - MSN,https://news.google.com/rss/articles/CBMioANBVV95cUxNYTdibVhRelR5UjVLYUhpdFVzX2NBbWNpUXk0VzdlNVRZUF9TNDFmVm9Pc2drRl9ob3lNWFFmZEg2RGM2QVBXQ2FXbGxlNkExQkswQjhtMG8wYmx2dWw0eVlLa0k4UzQ1aW1vV3ltWUE4ejN5UUpBLXNIbV92cFVXYXVuRkZDWGNKYmZScFBsZk9ULVU4UVY5S0VSQW5odmROWFJHMmt1MlFaU21FWjBacjFOWHRRejU4TkUwMXFZOVVEaGNtanA5T0FGWms4cUdkLTZ6SUxlbGdWMTJ1UzlQWkVISWV1ekNHbVV2UHQxdTFIcHJmVW5LMnY4NldsbWZwU0dMd09EWGJhU1gyd1Z0NEdEd2w2N3hrUWp6OXlldGI5T3IyTUl6U0lQamxxeEtIVVlHLW0zaDFORkF2MzZ1YWN6aVhYX1ZjaFFnR3lKZjhJQWtCbkhXaW9tXzBUaVFQdWdNQ2FzY2VCZjlPMzNUckRvZk1xbjhKYkdLZUx3TzlkbG05cUZ2ck5tTHlyYlJUUUlYTl83LXhLZ3YzTnpMaw?oc=5,2026-04-24 01:15:00+00:00,Exclusive: Inside the $93M transformation of a former BP and ConocoPhillips tower into luxury apartments MSN,2026-04-24
Central Market,Kabeer Pandya,Grocery,Closing,Why a trailblazing cheese store is closing in downtown LA - MSN,https://news.google.com/rss/articles/CBMiywJBVV95cUxPbzZXYktOZGhRUU1xWWc2TGVReS1CWFlYMHlPTVRGSHRSMW1JcG52SEd5cVo2a19qV3AwbDJIdm1xN3BZQ1g5S1JMYTdrZXFZclVMQS1aOWdqUVZwMVd0UkhCYXFXRXNocnBjeTloZ0hWNnUyZHRQUjRLeHdPNVVWTzBFYVFKblR2UDU4LUdocjhHbjdURE9sa25zNXphTFZkclhIU1hCZzY2c0FuZkNOa05TN0Vib1dkVHVJV1hYTlBvbGw0Yk5PUGFnc0ZsZEdFeWhkb0U0ajFZTkVsQWU1aTBjcHp0OWFlS2FIUUpsQUNlVkg2Ukx2a2poalpweE9wZG9xQUJ1TGMzRDR0MUU4bDJoWUYwSDNsWTkyMW9ueWpPMVloMmRHZmFqY1NVa0dKUHlKZGZ0RzJtRk9tTzhlUHlmRDhycmRveEJr?oc=5,2026-04-23 23:20:52+00:00,Why a trailblazing cheese store is closing in downtown LA MSN,2026-04-24
Variety Wholesalers,Shuvechha Dere,Mass Merchandisers,Opening,"Big Lots to reopen 132 stores across 14 states this May: See the full list - ABC News - Breaking News, Latest News and Videos",https://news.google.com/rss/articles/CBMilgFBVV95cUxQeGkwN21YS0xnc2FRWDJnbUIxRmxWTTFDR1lWaC1UeDNieTd1anBBcmJXa085Y1lOa1ZZT3RBVHdnMWx5dzBCOVpPZjQ1c2RLSi1xZHZyYzN2ZDdqN3ZkR0lTZkRhSnoxUWVObWtnVlRHSWtSMlhkTF9vWE1USDR5Y01JaXF5bFF6U1NQWmNSTDVjbDFITVHSAZsBQVVfeXFMUGxvWUlLS21NZWtWZDhRcWZUSnF1eDdpVUh5V2pnSzFXd1hXb2lfeW8tcFExbEdXaW02X25DT3VGdnVmWm8yVzh4V2ROdjlPcjhrMnIzNFlfcGtLc25HSnlJcDRpYkE0LVh4cDlWNzZuaDJpczdBV1ZlMml5LVg1bi1kVUdhM1g5UUhiUWJZY0w0elFnNzdUR2d4ZTg?oc=5,2026-04-23 23:18:46+00:00,"Big Lots to reopen 132 stores across 14 states this May: See the full list ABC News - Breaking News, Latest News and Videos",2026-04-24
Chick-fil-a,Rahul Vasaya,Restaurants,Opening,People line up early for grand opening of Ocean Springs Chick-fil-A - KY3,https://news.google.com/rss/articles/CBMinwFBVV95cUxQQnE1VHVncnIyOFAwelhDdlotdzdsLXVyTWRETzUwYU5nSmo4cWpmMWhfTGo3UkJzT2V5aTNIQ1NhQUJGalBvQnM3N2VjVVpTS01nZXlnZ1pNNE9uNTFXb25YYXhudlAzNjBYWnJRQjlTNWNqZE5BYUgydWtBVmsyV0lEZVJzUWxMWko5R2l3THdIY3Jtc19pdFNBRGM1Z3c?oc=5,2026-04-23 22:00:28+00:00,People line up early for grand opening of Ocean Springs Chick-fil-A KY3,2026-04-24
Saks Fifth Avenue,Harsimranjeet Singh Ghelani,Department Stores,Closing,Saks Fifth Avenue and Nieman Marcus closing several stores across SoCal - MSN,https://news.google.com/rss/articles/CBMi7AJBVV95cUxQRTBTYXZhbnI3WEFkZmpSZ3EzSzA1bUhvWjNCblZaV25qN0p0SFk4MTIwQ0NtWG85bUhoMDNlQTJadDQ5LV9ZM1A2YVNCaFNnLTdWMVo0Wm5YTGdlMlI5Rll5Wnh0dlNmRmpnZURiTHZQOXdQSWNyNFI3RFZWYkFIWVRvd1JCRDJUV01TZzB0dEhiekcya1NwVG0weFRXTDZZVHJkVTV6NmlkcUFNWXllZ3g1SEp4MmtjbzEwRUxQQVh4aU1CZDBkX3BDUU1oMFdnSFl3eXF3ZUpIb0NGTzZUbVRXcTBYSVNVVFpnWlVlQTFsTGVKWFpPSy0xYjY4eG1LckxCXzFid0NGcks5R1JhZ0NpaUQ2UDVZWkxsUFlnTEh1WXc4WmpBT0JHWmZtS0tad3praGpFakZBc1czbzZQVThPbWpuSWVhMHRVTGR3S3NHcmZkMW5sNTlTaTZEMzR2bjFnbmlFRk85YzJh?oc=5,2026-04-23 20:18:41+00:00,Saks Fifth Avenue and Nieman Marcus closing several stores across SoCal MSN,2026-04-25
CVS,Dhiraj Manghani,Drug Retailers,Closing,"TN General Assembly passes bill that CVS claims could close 100+ stores, local pharmacies say the bill evens the playing field - WBIR",https://news.google.com/rss/articles/CBMi4gFBVV95cUxOVklNUmViamxpajhBNFk5cHdtSnJRRktPemNKXzMtR09Va0Y2VENQZUJZRWJUNjhZN2J4RHl4MmRtcUFpbTU3TEU5M2x4ZVU3WDRlZEN4WG51MDN6QVJEVVdnQVgwYWdDV0F4N1VNREpVQ3ktSWx1anFQUUxhSnNpdkM1WmFMTW1HdlZWb1Z4NENnVzZDbjhCNE0xRGpxc0xpYnUtT3M2UVl5TE1nb293eGNVcTJ0aGFvbWJQQzVDMFF5RE5VTklsQTB4SnNRdnluNVRhMDdUQWN2WGgwNEJXTGx3?oc=5,2026-04-23 20:14:00+00:00,"TN General Assembly passes bill that CVS claims could close 100+ stores, local pharmacies say the bill evens the playing field WBIR",2026-04-24
Wegmans Food Markets,Rahul Shinde,Grocery,Opening,Wegmans ready for it’s grand opening in Connecticut - MSN,https://news.google.com/rss/articles/CBMizwJBVV95cUxPT0pET2pwSFdwODdJdzNqSnhYU1kwaEVMalR2ZzEycG04UXAxSmhjV2NjMnM3TUFveHpFbjdOTTNxQ1ZBVFpGclFXbW5Jd1hnNEQ1bHlYY2RxUDZIVFNCbDNVZ1IyQlJ5U2ZhdkZ2Q1l5cDdjSVJCclZROUhEUHA2bnpQNFJsXzg4S0I2TTBvbm9xblZNYUsyVzVFVlVOMTBZd2VBN0hnYkotdWlUc2dPaWRCQ0UwRkZqWDR3aTh5WHhYdnFJY0M3X1E1d0toNkFoNVdvLXJvaVNPdHpJUndYbThBVWZBLWhyME9xYmpBdjZJUWIxUUlDNjhjVEc5TEZnZWlHek5PSU96Sl9MVjM4Ui1fSkFkZzU0a3JmMmREc3J0WlpBcUE1bGJsTlhBbEpSbmhBTTJhRVNYQnI5cElqQTJKckF3cklYVU9mblhfWQ?oc=5,2026-04-23 19:29:21+00:00,Wegmans ready for it’s grand opening in Connecticut MSN,2026-04-24
CVS,Dhiraj Manghani,Drug Retailers,Closing,CVS closing 270 stores nationwide: List of locations impacted - MSN,https://news.google.com/rss/articles/CBMi6AJBVV95cUxQMWFXWnQ0UEZ3eG03cEtpWWF1SWw4dmU5SjFYUGUyZ2tZQm1oOXFUbnlWTDRuck83QWxzQ1hmOWdJSFhzU3o3T3U4SmszUGMxWFlkbWpCWlNlek9fLXV2NlEyNW9JQ2JRbmYyZUU5UXVaS1I2VzhQN0tPMlAzQjRnUWc5NXBxWUt5QkFJaDJibkpaOW9wTGVZZEpXVjhZQVI5QXBLSHE0M2dlS3NEeVMybGlRbVZPdnd3Z2NJdDJqdlE2U25vVERLaHBnaVF4Z3JYV1RyYmxXQ1NVM09MMnR2aTZVbjdSYmMxRDUxbVVGZmVlYUY2SXZsa3lWYmZNSnkxb043d2NUdlZ3NzdJT09OTTZGRUFScmhrSzdLRmlRcXBNd04tUDNldE1oYWpQZGlFU2xkM0I2VUltVkhXNHVEZGcwQ3l5STVKaDZHam5zbFdDeWxEZzZ0SkZHWGJaLTR2QWlFZHFCcUc?oc=5,2026-04-23 18:47:27+00:00,CVS closing 270 stores nationwide: List of locations impacted MSN,2026-04-24
Taco Bell,Kashish Kasar,Restaurants,Closing,"Pizza Hut closures signal Yum Brands' bet on KFC, Taco Bell growth - MSN",https://news.google.com/rss/articles/CBMi7gJBVV95cUxPcnNibVFDMFI2Si1ndDRoU2FjZkpfcVNJTzRIMTFaSmU0Qkt4dU12bU80WUFEaUFaejYtQ2tVbDhIX3dlSFlGaEZlU2x1OVY4QkZ3MXl1NEViZ3RKQnpvY0hmU1pYR01PYU9pUGllWG1SNXg2dnVZZ2oxOGxlUno2M25SeHluTVItSExPSDBxZDMzUUc2dzRoTWxhTDY4YUt1TDAxN3hVTXdEb1NEdEhpNVlJQjl1NGh2UThfQzJxbDhhcTlUZTBiOHJReU5tVE5qRHE3Q21ycllFa2RJcjdsNmJRVmswZ3ZHTVBhalcwYTNwLVhNRUFlc0tuYmxTamJIbFcyaTVJM1ZNWHc4dDV3WnZ1cWlScWpQQnFmc0pTVHl4VWF5emFibFV1Nk5xeS1ZWXFDUDJvNFF1c0VBWnFJTDdHcjdsTUxGX3A3dlFYd3g5b0ZqbVA4ZjJjQkUzcHJQWUZEZjBXdWpjTmZlTFE?oc=5,2026-04-23 18:38:54+00:00,"Pizza Hut closures signal Yum Brands' bet on KFC, Taco Bell growth MSN",2026-04-25
Whole Foods Market,Rahul Shinde,Grocery,Opening,Whole Foods Market will double its UK stores with six new outlets - check if one will be near you - MSN,https://news.google.com/rss/articles/CBMikANBVV95cUxQTEloR0pvbjQzMWRGZHZ5c1Zycm9QbUZ2eW5yZmVOdFM4NzhlSmdJTVYzTXJjaE94X18wVWc5Rk1rMjFDNnlhbWh1STJIS2QweXhVRFVCRzNOUWxWal9xUGJaeVBhME5ZUUJzYXU3TXQ5enllbDhiRFdHeV9MTkR2SDRVU1JwYXRUYkUxX2hWRk1yMlRPNkVoVzhzcmdwWGhxcDVNV01uRHpqbWxZX0gzVXBkMG94eTY0N214WUo3enRfaHNHdmhLMFBLWW8zSzFoT1BRMjdZSVhUeEFwRXIzUENoaFJ1NWZ0TmZnM0NMX3czVWtGek5QOXVNSnVDRF9OTEZEOUNHeUo0SkFja1ctazdrb3Exd1hfUVFpUmpvYWp6QVNuenFOSl9OMnk2a3JLOHVCRlIwRlNsUlhaTnA1VDdfOHEzMDdKLUd2M1FhZGdjR212X0pJbzV3bmlJZ082RnVZamFxWlNFX2dMYjVvRlVJTlp0TERSZXIxeDNrVHBPVy1yRXhvNmx5bDVOa1Z1?oc=5,2026-04-23 18:27:34+00:00,Whole Foods Market will double its UK stores with six new outlets - check if one will be near you MSN,2026-04-24
Party City,Dhiraj Manghani,Mass Merchandisers,Closing,Party City Is Back 1 Year After Closing Hundreds Of Stores—And You’ll Find It In A Very Unexpected Place - Southern Living,https://news.google.com/rss/articles/CBMidEFVX3lxTFBTZWN2QjlEWnBQNGpUcG5PREp2U1lXdDdqQmg4MVh2cVlISjh5NFFHWFNyektVWl9wMTluSzl3c3N4MkJSNk5Vd2VYdmt2Tk52d3UweHZBbldHY3BBQk5zZUI1cm1aNWhSSFhlTm9NWTgxQlhi?oc=5,2026-04-23 18:06:04+00:00,Party City Is Back 1 Year After Closing Hundreds Of Stores—And You’ll Find It In A Very Unexpected Place Southern Living,2026-04-24
Joe V's Smart Shop,Moksh Kashyap,Grocery,Opening,Here are all the H-E-B stores that opened across Texas in 2025 - MSN,https://news.google.com/rss/articles/CBMi_wJBVV95cUxNYXZFbHQyTlJwVU1CQUx2dmd6MG83Zlk2dG8zM1dqeVFXU2plMzVVNHJncERxVzZ0aUdTOFNpWmNXNFRpOTZIdFZqSGJ2OUlpVDRhcUEtYkRUdC1TR0FjZ0tFSTlUUUtsbGVQZ1l3QlVxWkdSZERXcmlPeEM0MU54b0t2YjE0b1l4SnU3Rmx6ZHEzY1c0bGRsWS1QNlpXYlZrWkxNUXB5SXZLdkl4OGtFSGpOSVRGRWdSVmtsM2JvaGI5Rmh2NE0tUDFLWmJIR2hDeUQwd2gtNklWUkZVTUNQTjZDZzFFYWVYZmpiUDhCXzVzekZjdlhCM2lQTV9YdVZMdmtGcFItZkpJZW9VRnRmVkdIbkZldG9od0ZtbFVmbF9CRkU0OE9FaUZDb2JEUmtVUEtPRnkzcG9xRUI4dWZ6MVhsVHJUY2I5VUtyakdIN1l4LVdOSy1pTjdrZG1XTUc1a1p0MFlhZ2NHZjdpZF9kSTNIbWx1U193N3Q2TG01OA?oc=5,2026-04-23 17:51:14+00:00,Here are all the H-E-B stores that opened across Texas in 2025 MSN,2026-04-25
Walgreens,Komal Agrawal,Drug Retailers,Closing,Walgreens closures and fast-food revamps mark retail shift - MSN,https://news.google.com/rss/articles/CBMi8gFBVV95cUxPMW0tNUU4Z3JSemF1Q3VCcXNFV0hkZVJqVU9XZ2l3WldmdldXS2lvMGlRTHlGY2o2Q2E3YS1SRi1YejlVbmFHRTN1UGVmemZsMnVPcVh2NHk4OHpkN0hYNk1RZWtSV0FJakx6WnNfWGRfTjhkdDJIY1ZGN0VGZ2tQT0d1MmlNOERJS2RCd0VlekF3THlOTWZ6Nlp3cE1tMnVMOHB4bnRpN0ctUkFSd1lDbUcxdGwwbm43U3BFSnVQWmFENEt1QVgtakYzSmVsTEs0N3BPN3oxYWl3RHJUZWdUclFnb0hnV0dtTmVQYzE5RUpCZw?oc=5,2026-04-23 17:38:55+00:00,Walgreens closures and fast-food revamps mark retail shift MSN,2026-04-25
Boscov's,Ankit Rawat,Department Stores,Opening,Boscov's to host charity event ahead of Greece Ridge Mall grand opening - MSN,https://news.google.com/rss/articles/CBMi7wJBVV95cUxNVFR6Y1ZGV1RjbXdnOVlibmZrdW9IYV9NSU84U0ZOenBBWEhKNkU4ZGlnRXlyU0lNZ2RCa085U1M2cTZpUS1SRnVRekJRLWpZTTFyV05zTEhyTUg0bWtMRkxaSlFsMWZUQ0tCLTQtYmVjeEhXNjBDekgxa2ZxenJnTUE3LW1TOVIwaUI2bVBMYU1oSmpGakFVQnk3TmxON0d4OUNWcWh6aE5tMVA2N2JYc2ZWd1d6RTdtOG8wOEhyY3ZNbFNROWUtX3JFZDgwRG54SzNGS1JTUFhKQVRTVVlPcUpKZFFRTkFLczlSNkVnMHFwNUx6VWpKZURna2ZxdTI2RFdvblpWZTZDcEZDdDVuQkhJSVNRQlpQZTRyRHhUZ1c2TDRlTW9sTE93bW9UYzN2c2g1eDJlQWRlVHlIMTZWdE5MMFhqS1lBbm5EMGlTc1VzeTZoTF9sT3k5Q09ETU1QYXpVR1RaaGxhamUzODRJ?oc=5,2026-04-23 17:04:22+00:00,Boscov's to host charity event ahead of Greece Ridge Mall grand opening MSN,2026-04-24
Whole Foods Market,Rahul Shinde,Grocery,Opening,Whole Foods Market opening new Florida grocery store. Freebies available - The Florida Times-Union,https://news.google.com/rss/articles/CBMizwFBVV95cUxQZ2UzbHI4TWpBV3ljUkRkTXVMWk45NzF0UDdRQXdJMXh2UHBxbWdOMHlSdWhLbnhDYTM1ellYUXZCaU11Q0ZXQ0c2Zk4za0hrR19CMGxhX09aMGFGQTM4OV9SOThUSmlvdm9NZlZiTjNILVhUc19XVmhhYnN1MVJpMEJNRGlwZVdhLTVJVzd4UXNRQkw2a1pQWW1ma29rWk5BbXRYRnhfUGE4dVp2Q0VQQkNvdW50eE1OZmtDYTdnMnlQRi1IWDZlb3VVTnQ1UUk?oc=5,2026-04-23 17:03:47+00:00,Whole Foods Market opening new Florida grocery store. Freebies available The Florida Times-Union,2026-04-25
Whole Foods Market,Rahul Shinde,Grocery,Opening,Whole Foods Market opening new Florida grocery store. Freebies available - Winter Haven News Chief,https://news.google.com/rss/articles/CBMiywFBVV95cUxObmZDQ2Z2YmVRXzQ5NkFiQk5NS0dQUkhCZmJpSDVIS1YyNjZZeFh3aENObm9Lb003MlBva3ZOZGRPR3JRdDFvQVJ0Q0FRZkJSVUgySFZBSFBwVjJKYmhtbUJPVFZiTkNMRWFkMXItWnM4cndCdVB6djRad0xfaGU4LW81c3BDVk1ULXhkM0JXUnZrSWVyeWVwemctXzRFSi1wZ0ZhajNzOER4Q21YQnVMTFRVS0RMX1FnYmtGeVJTOFdqRUZtd3VzTndOdw?oc=5,2026-04-23 16:59:00+00:00,Whole Foods Market opening new Florida grocery store. Freebies available Winter Haven News Chief,2026-04-24
PetSmart,Ayushi Chandel,Mass Merchandisers,Closing,Is PetSmart Open on Fourth of July This Year? - MSN,https://news.google.com/rss/articles/CBMi2gJBVV95cUxOSVBSUFpDZkVyMVJDNHlEdnI5Q1ZpYjNncm83Q2d0bHdkS3JkLW5aNTdPSmpzel8zQUt0a1FpeENvdGQ5N05fQTVSdkVCZWVFMGNmYUdFaXllQzlqd05mX3lMVVN2MEM3OF9qQWhzZlYxZmdXNF94Nmd2LUhlOG1UOFFTZ1kxMnlEbzJmY3JPc1F3V0Z4MTB1OFQxUjlZblZYTzFVTzlyTEQ5Xy1YblhlUHRkbFdLQjgtOFhXTVBqb0V2TmNIU0k2RlMwQW9sTmpvM3I5ODNNd2VVb21sRmVQZlgtLXhfOVNhWm5ySlRVa09fWUkxYlZtUmkxRmhnd1RPRDJORVY4c0xsZzlIMzJIYVRlU3AyREFiN0Y2RVA0bWluTWZ5aGVZRlMyU05GYWF3czZyaWFpdjN5SHdIOVFPQzBXbDlhcTlLOXlVZ2NLd2ZXX0pkTE1vUmx3?oc=5,2026-04-23 16:42:01+00:00,Is PetSmart Open on Fourth of July This Year? MSN,2026-04-24
Grocery Outlet,Rahul Shinde,Grocery,Closing,"36 Grocery Outlet stores closing across 6 states, listing shows - MSN",https://news.google.com/rss/articles/CBMi6wJBVV95cUxQOUVoT2VocUhBUEdZaGgtRjlFa3F0LUw5bC04T0hKNkhLUG1iZmxFSFdjRi0yZ1NSdTBub0QwcGE3V2Y0REhhWnlIdlZwRXdTSkdiRzExSGFkNV9Va1RySGpjMmtlOVJjV0pEeTloZkVPWG44S0YyWEl3bTBHdHFuV19Fd0lzeUFOc2NmSEJpUk5aeFAxN3IwOU1ON1JtTFloeV9kYkpobnF2NHVub1ZSVkdQZ2YxTmlmZ01XRnlXU1U5YWYzZlV0c0ZXemJMUWo2Q0ludHFRMFRDdVVNZlJydTNCXzNVa1pDQ2pCUlhKVVRSVV9oWjd3YnE1VFVtWkNUZU1KcjM5V3VPeHNSa0xMZG5tUkRIY2xoa3VmZ3pzTXI0Ukh3TmdaSzZVeTc5TTloRXlobEgtSG5Nd1V5Yl8xWUp1aEVpUksxQUs3THZiZmwyeTFPTzdEWE5QUEQtdzAzY2N6ZXZnU0Zlcm8?oc=5,2026-04-23 16:36:05+00:00,"36 Grocery Outlet stores closing across 6 states, listing shows MSN",2026-04-25
Chick-fil-a,Rahul Vasaya,Restaurants,Opening,WXXV News 25’s Asia Ellis at The Chick-Fil-A Grand Opening - WXXV News 25,https://news.google.com/rss/articles/CBMiiAFBVV95cUxOeUUteVZ6d0txZzB3MmxwNDdpUmN4Qlctb1EyQWdmQzA3SUdlVjJ6NGthMkVOWkphaTh6RG4tR05DMDdDYW9JT2RUdGVpeGlILTNMSzNaUU1pRGdJV1BSS0Q2RThMZnppZkFMMS1Rb0lEbHNBNVkyeHF4ekpkc3dYV1R4UGJQWXda?oc=5,2026-04-23 16:13:17+00:00,WXXV News 25’s Asia Ellis at The Chick-Fil-A Grand Opening WXXV News 25,2026-04-24
Joe V's Smart Shop,Moksh Kashyap,Grocery,Opening,Here are all the H-E-B stores that opened across Texas in 2025 - MSN,https://news.google.com/rss/articles/CBMi_wJBVV95cUxPdnlZNVk4VDNNb1poNV9NcEVmYlg1YmIzM2xZc2J0OTBkN2ZHM2dSMVppVV9EX24yVklid2VraENwWFVnWmJEdjNoX2FrSDlfMnp6cGRYZnBaVXNqNDVMS0tqeXVIcl9oSGZZTk4xR1R5WnRMWE1BQjRiM3J1VE81bFlpSnRxTXk1RVdIdld5cVdDMnpVZnBGUU5UNm5PdkNNekdpNlIyaW85YUlRMl9lakZWQ0ZGNjFDWWNmcWRfTGFOdjM2aHA4MlptdmRLMU1Vc1ZQNUxLUVU2S2lOMGZhenV0NTRVLTdmRFBhZ0ZzakZDNG96WU1venp1MEsweXMtc1RzWDBzbDJqVzExaWh2UjMtUVJLMml0UEhKLVFqSU1iMjlXUV9Rdm1OajFSaFBTM3JMUnZJLWhsOVBLdldpT0dPTGhIR0UxRVhBQzhEUzhhN3UxaDNnRVR3MXVwYlJtWU50UFAtaUxCZDFzZ3pTWGU3V2NWYnpuOXZrMGlobw?oc=5,2026-04-23 16:09:40+00:00,Here are all the H-E-B stores that opened across Texas in 2025 MSN,2026-04-24
Whole Foods Market,Rahul Shinde,Grocery,Opening,"New Whole Foods Market in Jacksonville, Florida, to Open May 21 - WebWire",https://news.google.com/rss/articles/CBMiYEFVX3lxTE5yZ0lLVGh2Q21hbDFRT2JFSTVva3ZEbFdhRlZVajg0VDc5V0lmY1ZlUV8zcFl3cVprbjJ1TjRzNi14ZDI1empGUmZkYW03R2FwYm8zZmhoMjdlbExjcXhpTQ?oc=5,2026-04-23 14:25:45+00:00,"New Whole Foods Market in Jacksonville, Florida, to Open May 21 WebWire",
Party City,Dhiraj Manghani,Mass Merchandisers,Closing,Party City expands footprint through Staples partnership after store closures - Fox Business,https://news.google.com/rss/articles/CBMisgFBVV95cUxPNTc0S3ZVcG5Xd3hxLXU3WUJNY0xIaW9uaEpmbHRPWjZLQk13R1o5ZFA4QUdXUGxlQUdKbWtvRHN0VTRoZjdQYzJrdGN5WTJ4U3l3SGNmYUpESjVlNTFvcGlEVDZsNFFZcTFvRkRYVWxhOHNnb2h1ek9LVVh6WUw0OWZWWGkwQW53em5CTlliWDVXUUh3bXdTSlhMT2RJMWplQ1hLNjgtUHVkcjdQci00cXNR0gG3AUFVX3lxTE9JMWlwdEZleTZwRENEN3VCY0l2STF6X0t5QmpvdFNhQ3M5NmxsY1N5ZUMweFVCZlZ3QWxTUG9DWXFWa2VSWUNRQnppYm5VVVRMdFJFT2Zkc1hWRW45YmNrWjdZMk5uanBadjlOZjhON2ItbU5vd1pLNHN3cWRaT3JFYTFBeFhQcWtUQi1EVmtIYXhYTmNsWmFHbHoxWVRWTFBLZ3ZQcE1fMVo1VWxzekZPWFBTdkdKZw?oc=5,2026-04-23 14:10:00+00:00,Party City expands footprint through Staples partnership after store closures Fox Business,
Barnes and Noble,Ashwin Nair,Mass Merchandisers,Opening,Barnes & Noble's new Clovis location gets opening date - ABC30 Fresno,https://news.google.com/rss/articles/CBMijAFBVV95cUxOVkZwNWNRYUdRR0MwbUh6TEFCSWFDdmVuNEk3LUlSVnppcjB2SEd0RS1fbTdxeF9DbVpsTmNEMjdSYWNIbWlFOGljU1FiTkNpMUsycmE5cEVqN3Q5Sm5kY2ttbWZxQW5RWmVkcllGQm1iNmI0czRYTlRsRTRQZE9rMjdaUm5vZ3hKR3hnX9IBkgFBVV95cUxPRVhRYzZjUWVORkVBWTFYLUU2QWV5cGpqczNxb2VKSEVOcGVJX3ExV3NobGJyNmJHWkIyYkhYUFZNSU1XMjBqbDBwekVQV3E0bWZ5Y1lsNDd4UzR1MU9GZ2VGV3JZTXNsUjFaQmdlRzlIT2ctQUc3c0VRdlRYV0lnU2pySWhaQjhuSUJQWWpTVHAtQQ?oc=5,2026-04-23 14:04:19+00:00,Barnes & Noble's new Clovis location gets opening date ABC30 Fresno,
Wawa,Ayushi Chandel,Convenience Stores / Distributors,Closing,"Wawa recall, music shop closing, new boutique: Main Line business news - MSN",https://news.google.com/rss/articles/CBMi8AJBVV95cUxORm1nZmUtM0tadjk1Z01ZeXJYM0xBTnNRaTBuTkMwRDZZTGMwa1JuODM3cEY5SWZsWWs4S0tEdGlIa3hCeTcyaGw1d0pDcUlpdElVX2lacXNlYVV2ME5wcVRVc2xuc09tN0Vlc04xQkkxanJRQ0ROM01KNF9UTFhFNWFDWVJmbmJCT1VWdm9tc253a1lhSGtPZUtvUmQ4eWk2bkhiaElhWmVYS0I3Mm1tYmU5SnJFdnUtSFlVX0U1eHpja3lYQ1pCY3dTYnhTdkNOcWpKZXBia1cwOTJKNGdVb3U4UDlmZXdCUnk3MWU3c0xSdi1UNWRJQ2ZLRG1MejlyVllxZ1Y2QXFMVU1BSkhUWm9maHRRLVhDdGg4NUczT1FxVkdnY2hiend4YlJjbTRtTDlqdnVRbXFXR3E5MGJVRDVRUFZKYnEwWGpJaVk1bUlCOFVrV1pRRG8ySUtGMXNrelFTM2l2bXdEOUhuVGhVRw?oc=5,2026-04-23 13:00:41+00:00,"Wawa recall, music shop closing, new boutique: Main Line business news MSN",
Grocery Outlet,Rahul Shinde,Grocery,Closing,GO Lawsuit Alleges Inadequate Risk Disclosures Regarding Financial Performance - Grocery Outlet Holding Corp. Investors Face Losses Following the Disclosure of Missed Full Year Guidance and 36 Store Closures: SueWallSt - Morningstar,https://news.google.com/rss/articles/CBMiiwNBVV95cUxQQnZTZXFwMjlOd3RHSW80N2t4b2Z6MTA0QVZfSXEwUzItVGphU25teWEtRUlZZEpiNHUxQkJSVDdLZUpDbTVuMXBoRWcwOUViOVdJV0w2ZzZGZjJZSDJ5ZkY1d001OFVmOEtYS2lwdGd1UjFzbHJueEpCMFhlRW9OQjRhV3FFby1HQ0x3UVhScWNRVDRxSk91YkQ1eUVPZWpqZl9wSXBxS1F4SkVmU19XdnRHbXFrcENGS3RROXN2MmJ4QWpYSWdabXlzRlNyNHluaEd3b2ZuZ1JvZmJDOUdCR1d3X3dFQks0YTAtQldQVGFtLVd4bEpKbGt5M1BnZnZaRWU5ZFRqQWU1ZGNnLUNoVEV0djFVOXRpWXA2RUtKazlBVTNJM0U3NWNWdFZXMWtQTm54aXVuTDZXRGd6RzFxelNLRV81ZGl6cEE1dEFyemtLYWk4QXJyUXU3QzNNbUhXNURiOEVwSDJnSHdaMUZZMllmQW5PRFJsRXdQOFBqSHVOYTRvaWdrbVVKUQ?oc=5,2026-04-23 13:00:00+00:00,GO Lawsuit Alleges Inadequate Risk Disclosures Regarding Financial Performance - Grocery Outlet Holding Corp. Investors Face Losses Following the Disclosure of Missed Full Year Guidance and 36 Store Closures: SueWallSt Morningstar,
Whole Foods Market,Rahul Shinde,Grocery,Opening,Whole Foods Market will double its UK stores with six new outlets - check if one will be near you - MSN,https://news.google.com/rss/articles/CBMikANBVV95cUxQUGlqVVBjZ1IzQi1KR3lFb21RY3lmajFERDVqaUVfUnFCazRSX01aQ08zU2tVVUttNXVLbzBUM0JtcHk5QlhBeHo2a3R6dkNpTTFZa25UaGZRTklhQnI5SXNFZEdnWlhXNVEyaU5CZzI0N095cmpEQ1pXWi1DZlJzYzFLaEY5c3JRVmc0YTRqOExhUy1POUNTWnNGM3BSa3kzWTNCMGFPbjlsTVcybE5rLTRRTGxacHk3enNxVndMY2dxMURSa2paQkhxYjV0UGNJYTNDclZOQ2ZFWVFreXlYWjhDQTVoTDNPQ0VZQUFWc2JHVHdYcnRHR3FERnZ5NGtsV3U5WUJ2akROVy1lU25ZYnE2NzlXMjlmT25jd1VVNVo1LTB1aXREckkwejJYanNLLVBHTmpSdkhua2JiLTEzZDZzQWFqNDJyRzdmOENwdVQ3cDE1OXRaU250STVOQUlCLXZURWlralp1UFdPSlN0VGlvOGotYVYxYURxUXpqV29UbDRoMkNDamVMbURMS3ln?oc=5,2026-04-23 11:58:06+00:00,Whole Foods Market will double its UK stores with six new outlets - check if one will be near you MSN,
O'Reilly Auto Parts,Bhavesh Phulwani,Mass Merchandisers,Opening,Large Retailer Coming Soon To Former Bobs Stores Spot In Milford - Patch,https://news.google.com/rss/articles/CBMinAFBVV95cUxPcER3NVMxWkxEblY1dXpaRkl4dllCODFEZmFFTTFLbFUtYl9TVFMxaGotQWlPQ0RGNktXcGR6eWc3alN3OWVNY1RROEJsMWdDb0ExUlV2OF9OSTNzUlR6anR2WDJtZm5FWDl3WXJRZEttNXBKcGZuVkU1N3hnYUNUVW1MS2JBWFJLWjhRa2RyMHpvN2lwWDF3ejFMM3XSAbYBQVVfeXFMT0xZS1Q5aE1IeExkaTAwZFZHZkVkTzBLWEhsbjNUU0I1allpZndpYXhKWm9vZ0VCbVBsUmJ0bG9hbFNqRDNveFFsNkRMQnQ2aTRiTVdPeVlxR3lrVDJ6Ql9BQ0hqb1B4SzFoREhJazdCaVJ5ME9UR01YbS1XXzhGTWFIalFITHFfVkFtVXExT1hMc0xfRjJKb0pSMFhtZ0lwWWFOQ1BmUDZ3Uk5sWkhXdUpQSjFVU2c?oc=5,2026-04-23 11:44:56+00:00,Large Retailer Coming Soon To Former Bobs Stores Spot In Milford Patch,
Chick-fil-a,Rahul Vasaya,Restaurants,Opening,People line up early for grand opening of Ocean Springs Chick-fil-A - WALB,https://news.google.com/rss/articles/CBMioAFBVV95cUxNX0MtZW9LVjlXYUtyeTBDRzdvM243ekxnT3V6bHZiRm54NVZUNFBvcnpON1J1WmhmWFNlS2tkcDRJd3IwQUlaVlhtcG1oMjI3bEVldnAtTlhGZ0dJTDFiR3BQeDVTbWZ5bzgzaFZNdDdoYm9XeXd5bEZHTHVxZGdhbzVvd19JSkp6U19rTHl6S0FpVG83aC10bHB4ZEZBSmtw?oc=5,2026-04-23 11:20:21+00:00,People line up early for grand opening of Ocean Springs Chick-fil-A WALB,
Neiman Marcus,Harsimranjeet Singh Ghelani,Department Stores,Closing,Neiman Marcus is closing its only store left in Massachusetts - MSN,https://news.google.com/rss/articles/CBMi_wJBVV95cUxOWGZpZmE3cWxFS0FmVUl0dFZPUEVjVDYxUXBDR3FJOGxJdlFLYVlFVnR1VFhCVldVeUt3YllHYThfcVFjM2NORUFRY05SVWI2TFhTZm5WbTU2ZXhfNVlYTEkteDU5OHJ5X1pITml6c0twUHJ3QWRDam5XOXlmNTlGa190TF93T2lnSmFOMFlBWVJLX0M4RkVhYTY0cjNsN1NkNVp4eWdfN25sREVSUXdQdlFXd0VSczdjQWpUcFpteTdCR0NuS2tLSDU0eXlHNXpEUW1ZSjhhMkhIdF9fZzFRdk5pRXpLbFhpUUE0STE4aWhYbEFvbTdwRzRLbXNhazU4eE5KTS1MMk1WVlh5T1cyTnV4TmRoUEFfWjhyWDdtSVFZS3o0YXFVNkVSUkRLemlPOTB2UUxvNmw0dzdKeFFOUld4ZmNhTTNMUmJZQzFBb25DazduQ0RvQzhpdW1fcU1MVzktbU1sT014bEJJcVQ0UDdsTF81WGxHX3ZNUGNmYw?oc=5,2026-04-23 11:14:29+00:00,Neiman Marcus is closing its only store left in Massachusetts MSN,
Neiman Marcus,Harsimranjeet Singh Ghelani,Department Stores,Closing,Neiman Marcus is closing its only store left in Massachusetts - MSN,https://news.google.com/rss/articles/CBMi_gJBVV95cUxPOEg0eGJZNjVjU3BXS3VtU1BhOVh2SkVJVl8zdWFENGdrUVhkeFdSUDFyZ1VtVGtKZmNzVmZUSkg5MlhmVTZ1ZG9Cb1RqTnVSVjZpamZRT3ZmcmQtbms4bzctam14a0lOMVY5OGJuVXpfRTh5TDNMT3dCM3R0UllFZkl2RWgtMUU1RkM2U29wU2wydlhmak9jV1JGTTFFSXVrX2hGTU5xQWlpSWxTUTJqM2xzM256bElQMEpNRFQ5Wm93SXBhTFFGRVlHZlAyZkV1VDRZbk9PZVBzdGtud3FPZWgtTDQyRk03MEVzYVpGU2ZUWUhubktKVUtSRG5sVUd1Y3p5WGlnakt1Zi1yZjFwRlgyMGVCNm9pRnNqTUFQN19NaGZZY3p0Mk9KNm1sWmdPS2tDMnBhNlNpWWlHakI5Q1BTdkE2NW1MZWIxa0U2WllYMUFtak5VSkwtTFRhd1dISk92ZkxBeGRyTU1RMjNhUjM2Rmd4SlRMdXN6Z2VR?oc=5,2026-04-23 11:14:29+00:00,Neiman Marcus is closing its only store left in Massachusetts MSN,2026-04-24
Grocery Outlet,Rahul Shinde,Grocery,Closing,Grocery Outlet abruptly shutters 36 stores after expanding too fast - MSN,https://news.google.com/rss/articles/CBMikwNBVV95cUxPMlRnRzJJUlU1TDFrbHlWNHl1MkprdlN2LUotdThiM0w4elgzSDRMUGpLRlVCeC03aTNvemFKMHc4Rm81ZkdUVVJYNDRheHl3Y19xcFBLcjJHNUFSanJXbnJXSDhqR1hLSllzVmpZS0ZxRFVVak5QZkhuQnF6ZXVDTW9xVVUyclZaUmpuUGRoeVR4SDdxR0hpSWQtcXVtay1GQWVJeTFuODYzNjF6NzFHSE9faGRuWkhMTzRnSlY5SFpVb2Z5WjJCdXlGV2lwZHJLaDNENkprVGJ5dmtkSko3TlktMVZiUFdfdWVSdXhxMjVmN2ZGZFZvV1lwMW0wVnZBenRkWjh0ZnVKMHFOaG5SaUd1V2lZODNDZ3VSbHc2eWJBaVNxUE5INktvZGpBTWVFOFNUUndlWnVGRDhJWXZUSzVCVGM2b3pYZzBEbnhqc2RXWk1ZeXpobXg0cDMwN2Rwckk3RWx5d3o5VWpTYmNzQnJEXzlrYTdFampYcFRSREoyUXhJMVp3TjNhallJQXVJN1FB?oc=5,2026-04-23 11:07:57+00:00,Grocery Outlet abruptly shutters 36 stores after expanding too fast MSN,
Party City,Dhiraj Manghani,Mass Merchandisers,Closing,'A NATURAL FIT': Party City is reopening hundreds of stores inside another popular retailer. - facebook.com,https://news.google.com/rss/articles/CBMi2gFBVV95cUxPeTE2RmhuLWZSdjlZazNRQTJ2c2NueHhBb3JNUTk3ZE92dVZHS3lIaU9RbGNLUXM4Q0hKTjBhb2ozSW9Pcmt6T1lla25NUGZxNVhRSHpocUNTZjVGcURhUzFObWR1eVI3RGZEQkNtMlJhVkNGaTBEbGU2MmJ2YUI4Qk1zZlV2T3Q3WkhUZC01TWxFdGxhank3cmZwX3ZfTk1Pb1JhNlZwV3R2a3BsYXYweTIxWVdVM1ZucVdMaThYNzlNWVhNQW5LUUJQXzl6czZWYmV1eG1BYjE1dw?oc=5,2026-04-23 11:05:58+00:00,'A NATURAL FIT': Party City is reopening hundreds of stores inside another popular retailer. facebook.com,
Whole Foods Market,Rahul Shinde,Grocery,Opening,Whole Foods opens new store in Downtown Summerlin - MSN,https://news.google.com/rss/articles/CBMi2gJBVV95cUxQRndPY1JxZ3NvdEhnS09XN0ZYQjhvS2tNTER6MHZIc05aNUIzc3RZN0tfNC1hWnZNV2dnSjQwN09SZXlya05vemhMUFRQbmJWb01leHJVZERodG9PMGJQMUtWa2VfOVJnN2wtUTNWODVEeXMtVDlDQ2RkVHIyLVZMaE9DYUtKQzhPNDZaRnZ6TkI3VjR0SFJtVmNRNlZnWGpJRXEzOFZiamxlbjQ3MW0taFdCaE82TW1rQkFpZEk2Qk8tRTRMNVlTQnBCaldWcE5nS0l6ZFVRX3JqWEszN2NDdlQtWDNnUWx4Qkl6MnduTUp3eWdRSWp4dVlpQ0FKeTNDZmZYLWRGUXZ1Y2loV3Q0cnlVbE9TVnE0cmtsZnRFT041TVZibE54WXc4dVIyYUVBWUZFOWJvbjZDOEtFcGNSb2JTTjAxUERfaTVQbWIxbVJpN1BHUXVVWWdB?oc=5,2026-04-23 10:50:17+00:00,Whole Foods opens new store in Downtown Summerlin MSN,2026-04-24
Marshalls,Bhavesh Phulwani,Mass Merchandisers,Opening,New Marshalls in Conway set to open by end of April - MSN,https://news.google.com/rss/articles/CBMi5wJBVV95cUxPUjc2Nmx5Z1FjbHRWeG5XZC1HRHlqbFpEOTE4TXpnMkVjLW8tc2Ruc0ZLemc4bXZfZGRIN01aYmxsUlo5X3cwdTBHNWE2ZEt2SmFWNjJBUWxyMW1obDhfUWc0Nk5FdjhXVVJ6aDBWdkFjQUZ0Nm5vejRmei1sOE5qMUtpejlPclBZUDRraU41NkJiTlowaHJkRE9yaWlhajMxOGRBem5uOGM4ZnB0ZExUUVViOWo0bVU2a1JEV2RaR2RDai1CY3JnRFgzOWt1TzI0SUZfQXBaQTZzZjVsS3YzOVRsbmk3TDVIWXBIY2pZYUo1dkxlckI3S3c0MkxTaGZLOEdVbkZ0eWE1aUR0TWZGOUV2VldJckZmdlpDNGF6c0tYSl9kQ1dCWGF4N05yZVhaNE1SQjVEWC12aUFIZnRHbFQ3U2ozUG5lNlhBY2RsNDBBUTZNUXBGdjJVWEJMYkF4UmxpVzdCbw?oc=5,2026-04-23 10:43:09+00:00,New Marshalls in Conway set to open by end of April MSN,2026-04-25
Marshalls,Bhavesh Phulwani,Mass Merchandisers,Opening,New Marshalls in Conway set to open by end of April - MSN,https://news.google.com/rss/articles/CBMiywJBVV95cUxOVDN0X3NYcEJ2Mndqbnpkb0ktX2JkMVVSaTJUeTBHZUNVZDc4UU14YVdqQ1MwQkVZRkU4WUI3c29mbEFzUTZBX09IcU8xRVZOMFIxcHozUEptN0J0amVzUU1CemxjMDJnYjFOVUhLMkxQdjJTbHB5S2FXSmd1dVBTeG92cEtIWnpsWm8wbUc1TEtyTEl6dTBSeU5uZmZEVlE0ZHpaSEdsYVFSdHZXaEJYa0xYU0duOGVfeEtJdDlud1FuM0FQZzN2Z1V6RUR0ckRiWDkzWVV3bHUxMXprWHlVRGRMT0pDYWNZYWxCVW9IdTFHN2syeU5UODktdWRIWjdqelJGYmtCU1Fnc1U4VnV0TXFGLW5ZM0c5VFJpZWZaZFhiYVBjdnVxSU5wV0J1UW1UMFJoRVBldTdCbkNqLVVySVZ5a1JMNG5zejV3?oc=5,2026-04-23 10:07:47+00:00,New Marshalls in Conway set to open by end of April MSN,
Chick-fil-a,Rahul Vasaya,Restaurants,Opening,What's happening at former Stow-Glen property? Here's what we know: - Akron Beacon Journal,https://news.google.com/rss/articles/CBMiyAFBVV95cUxNWDZNSGtHc3BWWWV2MTlORHA0RmJGdDRoNXZPeWRmSzlpbnF0YmJUQkJ5WDJyRmtVRkJLTUdsSDBHcElmT1N0SjJLVnRyb1R5RWI4Qngtd1RIeHJZNnlEYks3LVhLVS1lZWdCZUlXbHJ0RUVXRFVPNkM3dXEwbndPY0tXb2NhbXhLZ2tTYzN0a0NsWGdhR3pUalZsWkgwMFNNcFVlSTdEa2I4UmZzSERzTGxWWmpZblFMb3ZhYzExTkpqREc3UU9FNw?oc=5,2026-04-23 10:04:00+00:00,What's happening at former Stow-Glen property? Here's what we know: Akron Beacon Journal,
Whole Foods Market,Rahul Shinde,Grocery,Opening,Big grocery chains are expanding in Chicago. Here’s what’s driving the latest wave. - Crain's Chicago Business,https://news.google.com/rss/articles/CBMiogFBVV95cUxNZHpBancwSm5BdXFHcDcyM21LVFEySDNfM3U2Rk56Z2UwMlNLQ0ZTRGk4bHFBT2E0TzZJaFphaUVtTFlSQlFEVktRajFJUkx5dFgxbl82NjJzTEljT3RZWlBqNms3dURwTzNSNkhIajIxSmVBWkpTRGo2N29xLXlNQlpjU1k5elhNbE5NMUtCY05jX3VkQlVxNzRJTHJDOTlzVkE?oc=5,2026-04-23 10:00:00+00:00,Big grocery chains are expanding in Chicago. Here’s what’s driving the latest wave. Crain's Chicago Business,
Trader Joe's,Rahul Shinde,Grocery,Opening,Big grocery chains are expanding in Chicago. Here’s what’s driving the latest wave. - Crain's Chicago Business,https://news.google.com/rss/articles/CBMiogFBVV95cUxNZHpBancwSm5BdXFHcDcyM21LVFEySDNfM3U2Rk56Z2UwMlNLQ0ZTRGk4bHFBT2E0TzZJaFphaUVtTFlSQlFEVktRajFJUkx5dFgxbl82NjJzTEljT3RZWlBqNms3dURwTzNSNkhIajIxSmVBWkpTRGo2N29xLXlNQlpjU1k5elhNbE5NMUtCY05jX3VkQlVxNzRJTHJDOTlzVkE?oc=5,2026-04-23 10:00:00+00:00,Big grocery chains are expanding in Chicago. Here’s what’s driving the latest wave. Crain's Chicago Business,
Party City,Dhiraj Manghani,Mass Merchandisers,Closing,Party City announces major US comeback following two bankruptcies - The Independent,https://news.google.com/rss/articles/CBMimwFBVV95cUxQbUg2akhYZzEzbjJhMExiVmVLV3VQcU5abGhHd1JtNGxtTzMzTjZiMXN3UURtVDFVSVNLM0tTck5qZ09XZTJkaVNWR2I5UldaT3ZHOTNGd0RPd0hsdUVnY21TcHR3cmdkeTZtNnY1MWF3aGJoeFBaQkFyWXhMbm5VN0Q2OWpwMHRYdFpkbjV5WEhWVHc1YzFsRkJUQQ?oc=5,2026-04-23 09:48:00+00:00,Party City announces major US comeback following two bankruptcies The Independent,
Ingles Markets,Harsimranjeet Singh Ghelani,Grocery,Closing,Ingles board fight: Proxy advisors back Sackler-linked firm for board - The Asheville Citizen Times,https://news.google.com/rss/articles/CBMipAFBVV95cUxOOHU0S3NzUDJOWWg2Vm5iTTV2OHVuQkFpQWtGTjF2Uk1IdnI4Z3VDaW10UjRPazdKQWVCNU9KdEloUFB3YjJoRnRhdGk5WHlTNk1XRHlFNG5vdkpVcUR3QVFoM2ZoUU9JVW02VWVxbjZ2TEtWeGg4R2xQWFhXbXJUNVNCWTVsMzdCVkZKMGRXZmhTSlFfeVZNM0pwQVRaRE5nczcycA?oc=5,2026-04-23 09:06:00+00:00,Ingles board fight: Proxy advisors back Sackler-linked firm for board The Asheville Citizen Times,
O'Reilly Auto Parts,Bhavesh Phulwani,Mass Merchandisers,Opening,O'Reilly Auto Parts to open its 52nd CT store at the Milford Plaza - CT Insider,https://news.google.com/rss/articles/CBMimwFBVV95cUxQa1NaaVBTU29PbTMwbEtNUS13enVremRkd2c3aWYxeGV6dUEwZUhuajFYaFR4cUxsZEJ0TkZwOUJndkxPZ3NmRXFndm5La043c0VNYjZHN2FVLS11UFU0UzRiWXVEQml1VTBfNGZzNERwQm5GSDJJdnF1cWVKV0FidG9Ya3NVMFlLWEZKa2NWVmI5eXpTODU1VEVlMA?oc=5,2026-04-23 09:03:27+00:00,O'Reilly Auto Parts to open its 52nd CT store at the Milford Plaza CT Insider,
Saks Fifth Avenue,Harsimranjeet Singh Ghelani,Department Stores,Closing,Saks Fifth Avenue in Bala Cynwyd is closing - MSN,https://news.google.com/rss/articles/CBMi0gJBVV95cUxNd2lodEVlaDVLYkt2R2JwSWhUR1hFY2tGUGhGZ0hocVI3VFREMkxhUjdSV1Ytam0wYlZPV0ZlamV0VkJUSW5raXNQSFZ3MkYyV0hwd29sYmVDMWFab2FfbVpfallXVHdCbkJmc3JHdlJuWTZYLTRZT2hkNVZiNndBeG9Sdlg5U1FSMnFTV1hnWjVONUl3LXE4M09fLVZxV1lXOURPZmw2VmxIaTVfd2VXSHkwek94bGUyTUhadndmUi00TjVaODlyVjZTZUNEc0pjRE1YSHI1d0prbzc4bWNRVkc2Vk9oc2t4VlQ2TUE0aEpHeEFtY0VFMnZQR2lZVXpEclFtcW8tTE40aERUbkVxNFJPWDlhT3lpekx6Nm5NcFdpbThIWjBURF9TQXVIal9LR3cwdWs3U09DeUFfRm5nR0tXYnkyVmNYVmhENWFGcTN0Zw?oc=5,2026-04-23 06:26:39+00:00,Saks Fifth Avenue in Bala Cynwyd is closing MSN,
Chick-fil-a,Rahul Vasaya,Restaurants,Opening,"People line up early for grand opening of Ocean Springs Chick-fil-A - KOLN | Nebraska Local News, Weather, Sports | Lincoln, NE",https://news.google.com/rss/articles/CBMipAFBVV95cUxON3VOa3I2YTBZVDJTR3hneGNjN21ZRU55U2ZvckRINDBOWENPem1Bckd2UHgtenNuaGV3QnM2STlnajdvLXdqWWlucGdDVUdTX1pVTzNsUkozSWJ4RXBPcEhuVlA0U041a0pCalBTcm1yYkV3ZU9HcGY1TWZlTFlzMnhVSUFiU3B0ZVNKRTAycXFTbXZrQWlyQXFKdWh2UTRKV1dMZw?oc=5,2026-04-23 06:15:22+00:00,"People line up early for grand opening of Ocean Springs Chick-fil-A KOLN | Nebraska Local News, Weather, Sports | Lincoln, NE",2026-04-25
Grocery Outlet,Rahul Shinde,Grocery,Closing,"Grocery Outlet is closing stores in South Jersey, Philadelphia, and Kennett Square - MSN",https://news.google.com/rss/articles/CBMigwNBVV95cUxNN0pueUF4ZzhzMlA2aHkwSHItdEpHZnVfZWFmRV9RME1qeFB2dVdwemNVMnhxYlduYnhyek0wc1poMUhHdlBoOTJ5eDlLX3JmNDI1YU9JRTN0azJVSXQ2TFprRjFKZTFWOTdrakdIRl9qdzhYY210UXMxeGxrSTVoYVJLQmhxSDY5OFBXT04yVWV0WW9IQk9NZ0JoNEVfYVpOMTBseU1QSlcwZkliQjY1TXBRRk9oTjJIQVEtMUVrYmZkMU96Rlo2d1FtTnVXVmhKQVE0OXA3OEFIMGlIMHlXQ2xnMUM5cTRrVzBJX2t6Yzk3UUFHS0ZJNlVpTGUzQm80ZkdlN1ktTU9WOE8yazlGR2dweTQzaXE2eFNnUjlYTUtNd0tWb0h4R0w0ZzJoQ3lFMlZoZ1ZZMXhNRjduVVlNZjl3YUR5c0MzZEtWM0MtOHdMRzNOXzBZY1dsVlg3bjh1RFJIRGpYeTA2TVBTVGFDSHVfQW5yR3E4d0p2djNjVzFaTjA?oc=5,2026-04-23 06:15:16+00:00,"Grocery Outlet is closing stores in South Jersey, Philadelphia, and Kennett Square MSN",
Grocery Outlet,Rahul Shinde,Grocery,Closing,Grocery Outlet is closing these San Diego County locations - MSN,https://news.google.com/rss/articles/CBMihwNBVV95cUxQU1QzNk9xUFg1cXFQMDllcWJyU2FaWkNnd29sczEwdXFqWE9PaF90VWI0cUhoeHhuSnlEbTBXZGtwM0ZSMmIxTDBoUGxhMmt5MUhMR3k3WXgzUE1HYkdUVFJyVEs4RkJIQzE3Vk9GOFhvMDdTMkVKUnJqSmk2WHZlanRuWG5HQlZvX2xZVUs5LS1DV3NkY3hDcTdjalFGeTc0MXh4Y1V6ZTZwRXUyS20zV0FSREZDVmVkYUNjTnJVUEJYNTF3cjk2d2E4QVloU0NRNW94Nl9nd2ZCRWs0WmVwdXVoeHZmSXBRdnlWMElna05HckFvWU5hNmNnLVNxWVQ4Rzg1NzNENjBsYVNTWFlHZGVuU0ZPYi1kb29LNi11NnNkZklIN1pVS2NZVm92SU4xVV9MTzJCWnpqWkpmQ3YyYzRqSExXMUFtei11R1pDc3l1MEFRNGN0MXBPSFJyZzluTDBEYm9vS05pQW1rMUU3Qk1rdjhXTm42VTJYSGZOY1hqOF9xQkJn?oc=5,2026-04-23 04:45:28+00:00,Grocery Outlet is closing these San Diego County locations MSN,
Lowe's,Rahul Vasaya,Mass Merchandisers,Opening,Lowe's opens at Manvel Town Center; Portillo's and In-N-Out proposed as future tenants - MSN,https://news.google.com/rss/articles/CBMiqwNBVV95cUxOYUdkV1d6aF9ReWhZazJMZ3JGdEEtZ0ZTa2pDTlJ1b2pkUmY1U1A2YS1nQzhBOGVjLV9qR2tXNGJIcDBydmx4QUNVb2Z4TDRHR3RPWl90Znc2RlJ3RklrTVJJT2dRMW5YWUNrbGFrZ1c5Zmp3S0RKVHRCMXJNbzJudmViblZZalRsNktPODY4ZUdLbFo2UWpMTU5ycVBlWWV2VVJqVGNEYXJVdGFiR0VPYlpnN3VPQ3lwVWlENGVFY0o1bUp5OHAySWwtbXE4UFY1MEx5WXBzYUw0M3RrQ2h1YnZZd1NWbTdMVU5jTG4zMG1VTHZ1dGF3TjZyeVJtc2Fwd29KajRBR0YxQUV2bTN3T3hZREp0RENCQkM1TUtEVDNaR1otVnkxZG15bXNFZGJEcjBXN2ZMZi1GMVBWMzdFSG1yMHphaGJCTlpDblpZbnZqTU5YNG03VkNScS1rMlZrRWhBQzR4YnBQT1hnZnpoVVpZWkYwenJUZ2xRVmF3ZXY0dThGOGhpdjduRzdFVkpBb1lRN2FMVXdvU2hUWXc4bjBaXzB2d09VRERJ?oc=5,2026-04-23 04:24:14+00:00,Lowe's opens at Manvel Town Center; Portillo's and In-N-Out proposed as future tenants MSN,
Taco Bell,Kashish Kasar,Restaurants,Closing,"Pizza Hut closures signal Yum Brands' bet on KFC, Taco Bell growth - MSN",https://news.google.com/rss/articles/CBMi7gJBVV95cUxOWGtEYnRjR18yOUc2Ym1PUDlnNVg2VmRuQlYtY2NvR01vWmw0cDBNY3AxUndnQzdCSkpmYk1jYlpSaHBjaFBiRV9KdTVNTnNEYTh6a0pCTFNfem1weF9CbXhUSXZuY05IVmZsb2cyOGhrZzNyVHdUdlIxWDFlbFhUWklXTEU5NGFsNkpkTmg2WmhCdHFjN2I0Z1lyM0pFam1UeXBYbHpBc0RfNTVCeFpiYktSTWlKYlp0ekFJYVlOeDlVeWZOcXkzUjhuZDFvTzBKMWJHSGNKamlxWXlUdEJ2U1duRjNXQ0VqcC1aMzU3Y3YxcVNDcExOd1dnSHhHb0RuSENrcWRyc3ZodzZ4MUl0RlZLLThyZDN4LWNmVzBkdXhHekpvdmdmZ0dldmE3eEpmWWx1UHo1STJTcFc0QmJsOEN3My1lNV9UaDg5Z0piamFPaTdpanA3bTJNNlB6dGdCX3VxOGhwQURKM2RHVnc?oc=5,2026-04-23 04:01:14+00:00,"Pizza Hut closures signal Yum Brands' bet on KFC, Taco Bell growth MSN",
Taco Bell,Kashish Kasar,Restaurants,Closing,"Pizza Hut closures signal Yum Brands' bet on KFC, Taco Bell growth - MSN",https://news.google.com/rss/articles/CBMi7AJBVV95cUxNTjlhSFlBeklFMENkaUF3STFGXy1WRUQ1aHFjakY4azNtOVNLSnNHeHlLV1RYSG4zUFY0b0pXSlpmdnFCMG9VUW5ucVNyRW8xZWdmLUJHMGhpSDktWVZobUh5M29zNXNjNG9OcEl2aENpNFY5azN4Ty1YTzZHaTlHSDk5LVVUa3phbGRKbDFpWEpidlEyQ1ZYaGFiTnBXcDNvcEo5dHoxbUtwU3hyVThEWjFpY0hZa2QtaUFRZ2p1Z2ZjN1I2aVM0ZUw0WVdvRWVfdml6MGFSX0ZvTlFzNlZHZ1hZS0VONk1uVmc4XzM3X01jYjhhNGNYYVJZeDJxZUxhV1c5MHFwWHFBRDdEWXkxZVFoS2VUcUI2ZVhOQU5ranBaTUZTLWFxQndhNTlYc2dvRmRvMmVza19vVlRnY1hCaWpzN05SdE9xOHVfaVpHSDlocmY1MHp0N0liemRvSzVNcHJnZ25fa1RmYmhD?oc=5,2026-04-23 04:01:13+00:00,"Pizza Hut closures signal Yum Brands' bet on KFC, Taco Bell growth MSN",2026-04-24
Kohl's,Bhavesh Phulwani,Mass Merchandisers,Closing,Is Kohl's closing more stores in 2026? CEO gives update - MSN,https://news.google.com/rss/articles/CBMigwNBVV95cUxOXzZlalZaWXhjbWZIZ2N6N1FKXzdwTkFOaWdkUTV0UVM3T1lULWZMVkdJa3l3T3lvYkgtT005UXNsNW4wVE5RRlZLc1RDNk1PLXB1UzlKdkZ6VFpYWFQ1TjYxUEkyR2ozRkE3MWpzVVBuc1lGOXBoalpvdXkyVjRlLXlHLVA0MVoxSWwxVXNXNDRlS1owVC0xUmw0cW53a3Z1V1FfellPbUs1Qk9Xckxja2ZtTHZycVhYY1hGbHpWNmZsbkJDYy0zMEZYQVJSdEtqUlhUcU5qQWo4OWlmNW42cEd6d25rUUZsS3BQZ29oc3h2TFY1SW44SkxTUUVBUE5kUkJ4VXZFNUlvcDgtel9hWmVtWFlaWERQbEh4OHl3V1BvX19HOEpDRnBZWkFLeHctanNmdDVzYk05TTJHZHlwWVBsbW84MWZyWkFjdEhsZ2Vac1JGTE5iZm5GX20tNWt6R1FzYnZFd0pZelROVDZTUU9zWTQ5OGRPbXBLXzJ0ZUNnT0k?oc=5,2026-04-22 23:45:47+00:00,Is Kohl's closing more stores in 2026? CEO gives update MSN,
Trader Joe's,Rahul Shinde,Grocery,Opening,This $3.99 Trader Joe’s Freezer Find Is My Go-To When I Don’t Feel Like Cooking - Southern Living,https://news.google.com/rss/articles/CBMifEFVX3lxTE1HNEFjeVltdWhxamZOclNuYVJTTjFEWXdxOUk4cFBqc3hDSzZ1QURCRGVhNUZ2QWRWYlhSRmhEV3ZpNTFYakFvMlNVdUhZcHlRc1ZVaGY5MzI1NWJOVFZGNWxfZlR5RGJGcVIza2plY2d2THcxb1haSjJoOUc?oc=5,2026-04-22 23:40:00+00:00,This $3.99 Trader Joe’s Freezer Find Is My Go-To When I Don’t Feel Like Cooking Southern Living,
Party City,Dhiraj Manghani,Mass Merchandisers,Closing,Party City is Making a Comeback After Closing All 700 of Its Stores in the U.S. Last Year - AOL.com,https://news.google.com/rss/articles/CBMihAFBVV95cUxPYjk2M2s5dWRGNmx2Z3BCckxXdjJXbzNvb1I5Z0R5R3VGQ19JTVBMZFBSTEV1S3dISW9mSEFDVV9kekFlSnlBZjlMZlJnTi1kTHNZS2F1Y3E0Q3diSTNEQ2hPN3RCdFF0N1pucUF2TU5za2RWSkU5Qlp4Q3M1YkV3ODBFTC0?oc=5,2026-04-22 22:37:08+00:00,Party City is Making a Comeback After Closing All 700 of Its Stores in the U.S. Last Year AOL.com,
Party City,Dhiraj Manghani,Mass Merchandisers,Closing,"Party City returns to Colorado, less than a year and a half after closing all locations - 98.5 KYGO",https://news.google.com/rss/articles/CBMipwFBVV95cUxQVkRzQUN6RE9vWG1PNVhJVnNlNlZ0aUJqZUNJc0JRZndfa2FxTU53cmJ5RFJiUXhMcHdrdGN1ZTh2VXcyblAweFdrS3dBYmg4WDhEQzJJaW9NdFBuWUZnVEVKcEFZMUJpSTVwNmd2eHA5dmRzWkFadTZYQm9UaFd5a3llclJYTlZDX0ExUVlrTko4aDNaVW1DckxQREpSVFNRbklBN3JRbw?oc=5,2026-04-22 22:00:26+00:00,"Party City returns to Colorado, less than a year and a half after closing all locations 98.5 KYGO",
Party City,Dhiraj Manghani,Mass Merchandisers,Closing,Party City is Making a Comeback After Closing All 700 of Its Stores in the U.S. Last Year - People.com,https://news.google.com/rss/articles/CBMirwFBVV95cUxQXzVEVGxqZ2tNUGFjTFUweWVXX0VvdFFjanFMZTQ4dDZkTkQ1UEpELV9vbDNWRGVISVpvaWdaSFBJZ3BtZ3kyb3YtZC16cmhwcVhEV0xEaGRzeTNSd1Y4Umw3cTh5U3drRHMxVUdnWGprV2t5cWdqR205dDhNM082eXZuRDVUYllxQ2ZnQ3BDUnFsTWxNUWs0VUpSd2ZuV1N5MnZTaURha0xLY1l2WGlR?oc=5,2026-04-22 21:54:28+00:00,Party City is Making a Comeback After Closing All 700 of Its Stores in the U.S. Last Year People.com,
Marshalls,Bhavesh Phulwani,Mass Merchandisers,Opening,TJ Maxx ‘sister store’ to open 4 new spots by April 30 – see list of locations - the-sun.com,https://news.google.com/rss/articles/CBMihwFBVV95cUxPa2dCZ19GcnVDVHEtRWFDajJlU3RsUEptTEt5bFlsbnR6YVIwR0pBcFM3QndCU0xqajJ1YzZ4eWlzaDlseExKQVM5S0MyNTBOM0NFdVlsTWNJbVpfOUZQVjZLMGY3LXVQVzdiazhCR3JGTjZkTGZRa2J4VWFpZko0dFU1ZERKeEk?oc=5,2026-04-22 21:29:47+00:00,TJ Maxx ‘sister store’ to open 4 new spots by April 30 – see list of locations the-sun.com,
T.J. Maxx,Dhiraj Manghani,Mass Merchandisers,Opening,TJ Maxx ‘sister store’ to open 4 new spots by April 30 – see list of locations - the-sun.com,https://news.google.com/rss/articles/CBMihwFBVV95cUxPa2dCZ19GcnVDVHEtRWFDajJlU3RsUEptTEt5bFlsbnR6YVIwR0pBcFM3QndCU0xqajJ1YzZ4eWlzaDlseExKQVM5S0MyNTBOM0NFdVlsTWNJbVpfOUZQVjZLMGY3LXVQVzdiazhCR3JGTjZkTGZRa2J4VWFpZko0dFU1ZERKeEk?oc=5,2026-04-22 21:29:47+00:00,TJ Maxx ‘sister store’ to open 4 new spots by April 30 – see list of locations the-sun.com,
Hollywood Feed,Suryakant Rajput,Pet Care,Opening,"Hollywood Feed to Open New Dallas-Area Pet Store in Midlothian, Texas - Pet Age",https://news.google.com/rss/articles/CBMilwFBVV95cUxNTzMySktkSW5ZdXFjY1hPZkdQRm9IM3dMcGM5VjBHbFF5X3d6aTBQVUl2TzB6RDhDTXB5OTNGdjRMS0YtNnhyUEZaai1OWS1XTWEySVUwa0IzWkF1bWNCa2s0ZFVLYWRaTGxiTmxSdWlVSUZ3TzhfSzRKSkdkR3NSNjg1YVJlQUdWQVI3ZHlkdlZWS2VXSS13?oc=5,2026-04-22 21:14:28+00:00,"Hollywood Feed to Open New Dallas-Area Pet Store in Midlothian, Texas Pet Age",
Whole Foods Market,Rahul Shinde,Grocery,Opening,Whole Foods eyes long-vacant Lakeview retail anchor space in Chicago’s North Side - The Real Deal,https://news.google.com/rss/articles/CBMikgFBVV95cUxNRUxVSFhmMUM2a2FOUkhRZzFYZHN2NUtXNFM4elVqbHYyN01saFEwVHdtelF1VnpnbUtSTkNjMVhycGNyMDdyZUl1Y2l1SW1sRndMOGpoU0g5Vjl3ZVYxXzI5VmhWZlNQQTY4ZmdsUEU4UjZyUVZlRDBVMFMwYThtbDJRT3ZvZ0ttN3Ruc2hKb2R3UQ?oc=5,2026-04-22 21:00:00+00:00,Whole Foods eyes long-vacant Lakeview retail anchor space in Chicago’s North Side The Real Deal,
Chick-fil-a,Rahul Vasaya,Restaurants,Opening,Town of Ulster’s Chick-fil-A at Red Lobster site aims to open by end of year - Daily Freeman,https://news.google.com/rss/articles/CBMiowFBVV95cUxNT3d2ckthWjBram43T2hCeXYtaFlUOGluR2JRV2FvVGhqVjVCSXlHb3N6akItWHpXckdjR0dyV3VKbFNnd29YamNKZFBUVU9JWEc4U2hHMk5nZ1FvelhCUlJNOWpTaWV6SEkySWFxU1ZVNE5kN1RTSTJzcnU3WUxDeXkzZ2pHQVBkLVFfYkhVRGxFdEJaaGVLbzJsbmZlUV9uTHN3?oc=5,2026-04-22 20:54:33+00:00,Town of Ulster’s Chick-fil-A at Red Lobster site aims to open by end of year Daily Freeman,
Chick-fil-a,Rahul Vasaya,Restaurants,Opening,Check out the inside of the new Chick-Fil-A opening in Ocean Springs - Biloxi Sun Herald,https://news.google.com/rss/articles/CBMiY0FVX3lxTE1MUS1iUDB4dDFHc0ZaUG9NaFZDVGZPcFB6VTdvX3loVElfVFRUejNVdFp2TGRZM2k1YXBzenpHRDR0SWpKQzdWd3BEYzlEZUZmcUtUOG1HWkZiRUJ5SXpUV3Izaw?oc=5,2026-04-22 20:25:41+00:00,Check out the inside of the new Chick-Fil-A opening in Ocean Springs Biloxi Sun Herald,
Chick-fil-a,Rahul Vasaya,Restaurants,Opening,Bellingham’s Chick-Fil-A is opening next week. Score free food with this costume - Bellingham Herald,https://news.google.com/rss/articles/CBMihwFBVV95cUxPVmdkUnVyX3IzREh0QW96X0I5OVZlem5BUDBkLXRnaE12azlYNXZUd1EzWnJuMVlYcEV3UVpSOGgyNmp2Tmc3R0VRX3NDb1ZzVTlpZGg1OWR1cTkxUWFhRXpiSHNOb3lnNnNLSzR3cGstOXFDY3d0aDJPTUlUTVUzZ2JYSHhjNVnSAYcBQVVfeXFMTXVPWHhKdElnbHQyR1dXb3F4Umt4a0tHelBzQXViTlBjTjNEYmlVLUFEMjVlQlY4SkFZSzhSUGU5X2U1SzRoUmpQVjRqU0I4djBIbTVZU1lZdFVpc0dnSkVpZmNkQUowN2U3LV9xeWNWTnJIcERZMl8tVFJIVFp4cVpSZEt4OUFN?oc=5,2026-04-22 19:58:42+00:00,Bellingham’s Chick-Fil-A is opening next week. Score free food with this costume Bellingham Herald,
Party City,Dhiraj Manghani,Mass Merchandisers,Opening,Party City plans comeback by partnering with major retailer to open 100-plus mini-stores in California - New York Post,https://news.google.com/rss/articles/CBMiiwFBVV95cUxNMzA4cnQtZzlsMjJ2bVEteXFyVzItVjJ6dUxjYU5kbVd2WWxXXzdOX3NDcFhKU1FlQnk1NjdDbWtnOFNWMVRSN3NSbXZNNkgyQ0lPLW0ydkt1Q2c0aDVzVXNObFh0bmV6V0kyRVhpWFBHbGltbmRHdWlETzVkX0xBUmVKcEFSdmVCOEdz?oc=5,2026-04-22 19:34:00+00:00,Party City plans comeback by partnering with major retailer to open 100-plus mini-stores in California New York Post,
BJ's Wholesale Club,Ashwin Nair,Mass Merchandisers,Opening,"New BJ's locations Texas: Club rivaling Costco, Sam's expands to Texas - USA Today",https://news.google.com/rss/articles/CBMixwFBVV95cUxNdGV4UnhESzlHcWdFeVNpSk9famh6aWhvU1Fxc1hnejJCVlBNa0dFVGF1SmdZalV0aE5RcEtkLXZ4Nkh4MFFKOFhXLTUxUXNXWUQ2aFNUWS1DeVRaMVJuZHp5amx5dWtqZVRBMzBZM1ZYcVhka3RwYW15dFhDV0VaVmFqRjFQY2JFNWhweFZXaHJNMklOS01BTG5LMzFCSTcxMDNrUjB0T0hiVmNhcWZ6dWE4RFpsM3NxR3dwR1FEUmNFMURYUk9z?oc=5,2026-04-22 19:23:00+00:00,"New BJ's locations Texas: Club rivaling Costco, Sam's expands to Texas USA Today",
T.J. Maxx,Dhiraj Manghani,Mass Merchandisers,Opening,Buc-ee’s breaks ground on 2 new locations as first wave of 14 stores to open in 2027 - the-sun.com,https://news.google.com/rss/articles/CBMiiAFBVV95cUxOajJ1WEtNb1BvcTd6RFNDbENyM1d5WUFDcXp2YlJGam5CdGgtbFdmcFd5UGpxUnNOMlZOYjBMQ3ZlRmNnaGNSZW4zLVVVY3dVdUlzd25Jekg3bGNlb1RGM0kxWXEtVmd2czVTeUFzWkI4bnRoU0dCYnRjazdFN2FXOVRzSlR1WnVU?oc=5,2026-04-22 19:14:20+00:00,Buc-ee’s breaks ground on 2 new locations as first wave of 14 stores to open in 2027 the-sun.com,
Party City,Dhiraj Manghani,Mass Merchandisers,Closing,Party City returns to U.S. after closing 700 stores - The Independent,https://news.google.com/rss/articles/CBMihwFBVV95cUxPUW5OTjUyd0lQbWljR3R0WnViT3RKUVpvVFlZV2EyRG9vVU15cTUtcWdGaWxUZVBTeF83SmwxMVBsTWttd0hkTlFnSFMxbHRNUlQ0a1Z1VDdnbnh5dEdXRTA1cXQzT1JYWWxqdDZjM3VfUnVMVk5mOHdldk5EQ2RuWXlfTllVUDA?oc=5,2026-04-22 18:22:00+00:00,Party City returns to U.S. after closing 700 stores The Independent,
Chick-fil-a,Rahul Vasaya,Restaurants,Opening,"Going to Chick-fil-A opening? What to know about traffic, take-out and free food - Biloxi Sun Herald",https://news.google.com/rss/articles/CBMifkFVX3lxTE5FZUgwdUlpMU5XMTNHMzZsYXc3Z193cklBdUJ5dzB4Yl9Eb2xONEdBa2xFZVp4Z3VkbS1JblhLTF9VUVllZnJVcUYxUW1CTXd0NHlCVDJISDNXb3BCZUY5cm9YUkdRaXFmeU5BRWRQRzBsbWhIT3lHSlotellzZ9IBfkFVX3lxTE4ycFZvWFpsUkdnQThPSWcyYlA2QzN3VTc2RnFYS3U5cDI0QU95Sm5LRXVQcWxQdC11MXZoQUFCdEZVVGRNOFlKNkhRcUN3VDB5TEkxWXdzcjJiMnJ5Z1RPOEZJbjBCdzJtdmdGczFIeGpYSWZRZ2FZcEdVX3Bkdw?oc=5,2026-04-22 17:51:00+00:00,"Going to Chick-fil-A opening? What to know about traffic, take-out and free food Biloxi Sun Herald",
ConocoPhillips,Harsimranjeet Singh Ghelani,Convenience Stores / Distributors,Opening,Proxy advisor ISS urges ConocoPhillips shareholders to vote for independent board chair - Reuters,https://news.google.com/rss/articles/CBMi0gFBVV95cUxOTDRRZU15LUxPd003MjJFam5BSHBQV3Z0QjJjZUwyajV3Y3BkMDd6aUZPZEJJN2UtX0thNUVzMmp3d2pQV0ZyMEhEaEpCb1BXTmtvSTRzalFuTzFzcHhKdlBfVGhXRnc2M3ZiRE93dW0zbS01RjBYUVVVZlhRQlQ3SlU5alYwamxWWWthQS05bkhxM1R5dlpielJ0VmV0Q2hFZ1AwMTJnZTJVZnVWbnd3Q0FCREpRMXpBUVkzV0ZMQ3h5RUlVV19zUlQxRWtKRTJoWFE?oc=5,2026-04-22 17:49:16+00:00,Proxy advisor ISS urges ConocoPhillips shareholders to vote for independent board chair Reuters,
Raising Cane's,Rahul Shinde,Restaurants,Opening,Raising Cane's plans second Pasco County location - The Business Journals,https://news.google.com/rss/articles/CBMiqAFBVV95cUxPRE14cE1uVHNibjUwS0xQalZ5VmhwVkc0c1dZcTFUVkJlRnhqMkdNcFp0SU44M1ZHd1g0UjhjRjVUX2VPbmJzSHQ5UkQtRkFIdmxZemtYellKR1VXTHJFVDJIbHBENWwyWWE5NS0yYTl2QkJxa09pY3dwaG9MY19sYlVjMExHal9PejlNc1FhYnRjdXhFZGhiYW5nMFhJVVlCQjRCNTkxNDg?oc=5,2026-04-22 16:49:00+00:00,Raising Cane's plans second Pasco County location The Business Journals,
Chick-fil-a,Rahul Vasaya,Restaurants,Opening,Chick-fil-A to open new Northwest San Antonio location next spring - San Antonio Current,https://news.google.com/rss/articles/CBMisAFBVV95cUxOQ1RuR1VEcHJRUkY1aGhCYS0taGxTQWpIMFlFYlcwUVljT2lJb19mTDZtcjRsY3Z0YjVxU2dWa2t4T3g0S2x5cFJyb2xKbnJKanhUTllCU2ZYdUxleEZ5NXhydnh2c0dGdko4TnVneDNJVURkXzgxbktxU1M5emZrT0FCM2lDaVkzQWZ3QlpvOHotOTVIMUtjazFUZkNyXzdUb1FlMDgyaHIwT0Utd3d1dw?oc=5,2026-04-22 16:26:19+00:00,Chick-fil-A to open new Northwest San Antonio location next spring San Antonio Current,
PetSmart,Ayushi Chandel,Mass Merchandisers,Closing,Is PetSmart Open on Fourth of July This Year? - MSN,https://news.google.com/rss/articles/CBMivgJBVV95cUxNbDBaRGkydm43S2hEWlJqcUI2TURCRjZKZ3hSaE1aVFJNNDZ2ZG1RWVZvMFNhRTM2UjdXQ3ZRVVN1M25BUUtBVE1EeVVSakJ4VXBNOU0zSk9nMU1hY0N6YTBseU9fR0VTZFdBdDFYMUJnV3d1bXhNVUFOeEtiX0VaOHJTVDE4c0pCZFMxODdTUjJhU1BxN1lJNHo0eFZFcHFZdnhzUDAwYmFmWXJpVU5nSU1SRktiM3UyNHJmN211R0dmWmZnMVlfX2gtdmNVQlItdGR2cnIzZ3AxX1VjemVMdkxDeUZNME1vNm5NQ2JkX3FWVHVfeEl3LVZBeENVOUFsUzJmc3VsdUxrazUzckNtVkFpTmtFRHk1akMyRjBMZGlpcU5OTmZUV0Uxb1ZsS2s1RXREV0hPRWNBbkpqQmc?oc=5,2026-04-22 16:00:07+00:00,Is PetSmart Open on Fourth of July This Year? MSN,
Grocery Outlet,Rahul Shinde,Grocery,Opening,2 new Grocery Outlet stores opening in Northeast Ohio - AOL.com,https://news.google.com/rss/articles/CBMie0FVX3lxTE1KRHZmZ2xvT0U1UGRSMXdNMlpyd0xCeEVhdjNEdkZ4aGxDV19fd21jdU5qVEhwLXJlR1JwdVZ6T2x2QUhrR1ozRm51S1Y2bF9UWVNkYjZvWU1paG0wbHQxbTdNbzk2ekd6THRoTmEzcmNJZDRTTDRiWHhsOA?oc=5,2026-04-22 14:09:51+00:00,2 new Grocery Outlet stores opening in Northeast Ohio AOL.com,2026-04-24
Grocery Outlet,Rahul Shinde,Grocery,Opening,2 new Grocery Outlet stores opening in northeast Ohio - MSN,https://news.google.com/rss/articles/CBMipgFBVV95cUxONEJEWExwblhTUGxkQ05OVDNxYW96d3YyMHBsdnFUcnByd1RnekN0TVhNVDNzMjBCRDczWUFPQXhVV0Q0NGlTRno4Y1ZuMkJCVk5aR09peUROVE9JYVdJdEM4azE1ZnZlUklNbnJEZ1JPeHpsanVOVThwS0J0U01ScHRObE5XNmdwUjM4VmR0WTlEVWI3U0dRNUZ3T01neTFybDJ6dGpB?oc=5,2026-04-22 14:09:51+00:00,2 new Grocery Outlet stores opening in northeast Ohio MSN,
Grocery Outlet,Rahul Shinde,Grocery,Opening,2 new Grocery Outlet stores opening in Northeast Ohio - Yahoo,https://news.google.com/rss/articles/CBMiigFBVV95cUxOcHhNaHAyb1hPUF9tQlZBVVlxQkZ0WVk1YXphQmc0Q3pFMkxsc0EteVRwaXV0X0prY0R1Q2dTYTA5aWtidWowaXlFVG80bnBkWjhPZ01FbkY4MVNWSW9Jdy04aXZDSlpQTU0zOHpnVlZDUEE0T2RiZDcwRnlHZFY1TDhOaW90ei1JdUE?oc=5,2026-04-22 14:09:51+00:00,2 new Grocery Outlet stores opening in Northeast Ohio Yahoo,2026-04-24
Grocery Outlet,Rahul Shinde,Grocery,Opening,2 new Grocery Outlet stores opening in Northeast Ohio - FOX 8 News,https://news.google.com/rss/articles/CBMiggFBVV95cUxNZE9UaDZYNTg5VmVNNjlTMkZRenpJUXl4SzNzX3hTaDJ6eGRnaDM3THBjLTk0LWJtbjdIcVJnaW9wUndSSEUwOEdRY0IzNWZETl9scEdrMHp3bl9tbl9ZSnJhbmEtMDVuOFJsMTVJZ21kbTM1WXpKWTdBUzdleFdJazZB0gGHAUFVX3lxTFAwZzRpLXdRaW8wcHlUUmtaZmtXQ3A4X1JyejNZNVl5UXdWQW9ub1BsZmsxNExPbGEwOFI0RlNES09hUkJkUXJBVWYtLUhRTEpJVkpZdHVLMFpJSFpqbmZURWxDOFh5Q3h5R3ItSFZPYVVsd0xRMy1IblJmRWFBYmhmRXhGd2Y2bw?oc=5,2026-04-22 14:09:51+00:00,2 new Grocery Outlet stores opening in Northeast Ohio FOX 8 News,
Saks Fifth Avenue,Harsimranjeet Singh Ghelani,Department Stores,Closing,Tysons Galleria’s closing Saks Fifth Avenue might turn into a fitness center - FFXnow,https://news.google.com/rss/articles/CBMirwFBVV95cUxQR1g0T3lkYVhBN3JZa1Q1aWx0UEozS1FhRjZrTlk2YVFCNGtwWndWRTN3cDAxSjFTTEJBU01XVWpWTktYV0xfV2dRMXVfbjhDTGhKb1VKcWZwajVtemtEb0NtVVBlZlp2Z21OMEFQRURDNGduWjFJWHFMZlk5NG9JZTZhSUYzNTYxMm90ajcxQXFNSVVEWTVxWmV1d0xmcGVwUkRXaDdmaGdVdFUtY2JZ?oc=5,2026-04-22 14:00:55+00:00,Tysons Galleria’s closing Saks Fifth Avenue might turn into a fitness center FFXnow,
Macy's,Harsimranjeet Singh Ghelani,Department Stores,Closing,"Macy’s Shutting Down More Locations, Including Michigan Stores - 103.3 WKFR",https://news.google.com/rss/articles/CBMiUkFVX3lxTE5sNXc1dVoxMDZqd2VnandJdXNBbFhzSnp1MkhlZDhqSXlOMTZYVWMwa3lYQWFEMGxrNEJoVE84eVpVcGZ3OGtJdzljRThhd01Udnc?oc=5,2026-04-22 13:22:12+00:00,"Macy’s Shutting Down More Locations, Including Michigan Stores 103.3 WKFR",
BJ's Wholesale Club,Ashwin Nair,Mass Merchandisers,Opening,BJ’s Wholesale Club Makes Texas Debut - Retail & Leisure International,https://news.google.com/rss/articles/CBMibEFVX3lxTFBjMGFjOWdEYXNZa20xdi1LSVh2OUlWNk1zbnRkVlI3cVYyX3NIUThFVlhkWnZWT0k5NzFjSnA4OVRqSDR0Q2RyUWRERWxoZ2ZVN1VvcF93YUNvcG05UlROMmtHZXpvVm9MSi1yVA?oc=5,2026-04-22 11:44:40+00:00,BJ’s Wholesale Club Makes Texas Debut Retail & Leisure International,
Giant Food,Komal Agrawal,Grocery,Opening,New outdoor social space and sports bar to open at giant Birmingham food hall - Birmingham Live,https://news.google.com/rss/articles/CBMinwFBVV95cUxQWXk2Unh4R2RXOGJ6bWVUX2J0TTBRNU1DMUl3SWVRbTJnWGdlbjFnU1JDMXliRDNzRUJkeFUzbmU4Qjlrb0RmaTJrQWxYclB0MDA3b2h2Uk44M3R0VjkyNkY0cmJocmNLTGhfOE42d2ctYVdlLTFKQXNyekE2NHRpaGJiOTZzbGkydnh6NGVzZXF3RFlXT05ucGlNWk4zR2fSAaQBQVVfeXFMT1o4czJBcmliZDk0RXlkeURockZuOTlNaENZTE1ha3k2TXFmR0VPQTFFcllYbC1ZVnVZZFhJY1Q5c0RtSkp2bExPOFgwRjlCdG9fNXBJMHFUZ3NVR1NBczQ5bW1JbEJNaGZzUUxOUWJkOFN4T19oTWJoNTRmQlJmN0I4RnAyQ2pZLTYxelhYTFBYcTlxdXFFWnlXdl9NWFgwMkxfeGQ?oc=5,2026-04-22 11:43:00+00:00,New outdoor social space and sports bar to open at giant Birmingham food hall Birmingham Live,
BP,Komal Agrawal,Convenience Stores / Distributors,Closing,BP shutting down two North Slope pipelines; might need to be replaced - Petroleum News,https://news.google.com/rss/articles/CBMiywFBVV95cUxPenJyWDlBVHdONFE3MjRPNG1HbWwta240UXBXM2pKQjRNX1l6ZkF2OE1NWG5kaFRXMlZWSHB5Tm9ISWFMVlY4MHo0MWFTb0w5RWtqbE9rVlkzOWRyMldMb2ZMRU5DVzI4UlZVUU42Y0dnQklNNUFZY18yVU5NY3pTWVM1RnNjRTltTmkwYU1yMzI5Q0RaMEM0Z2RFZ0V2cnpLN2xqUThPUVpZcV84T3J3OU9EbTcycFU4cUladXBmZV9ySmx6OHpQODlGWQ?oc=5,2026-04-22 10:09:18+00:00,BP shutting down two North Slope pipelines; might need to be replaced Petroleum News,
ConocoPhillips,Harsimranjeet Singh Ghelani,Convenience Stores / Distributors,Opening,Sidebar: ConocoPhillips moving ahead with Willow development - Petroleum News,https://news.google.com/rss/articles/CBMivwFBVV95cUxNaWdObndraFlXNWtUZnIwM3RkX1RZRzBzOWdFRENBbV9ZcThtUmdVZVZNc2V5eFBYRUFvQ1ZaOUVGYjB3Q2w0LThhdVhUOUdDM282MXRfZ2VmazBJS1RHQVBJU0RJMjJGb2dHUmtfUWtWODdZSkZta2FTeC1EZVEycDViWmdZckFtQzhFMU0tT0dxbnNoc0JYR2V3OVJFWW5jcUZNNXlkWXM3Z3J4QjFmU0o2UnZhMWZ0dWdPSGVqSQ?oc=5,2026-04-22 09:37:33+00:00,Sidebar: ConocoPhillips moving ahead with Willow development Petroleum News,
BJ's Wholesale Club,Ashwin Nair,Mass Merchandisers,Opening,"BJ's Wholesale Club extends hours, which could save customers money - AOL.com",https://news.google.com/rss/articles/CBMifEFVX3lxTE9xSlJoUE1rTnFOTm5QRzd1WXViMi14aUVnVXQ5RlV1aFoteGsycEQzVjNIRDVBTWJNdXMyUnVIWHlBX0x0bGpRaHZNR0xBSnlBTDNyYzAydWtjVk5hWU1OU004eWtodTZMZ01TcFBZeFQ5WlpFSEhNZHFOdm0?oc=5,2026-04-22 08:46:57+00:00,"BJ's Wholesale Club extends hours, which could save customers money AOL.com",
Central Market,Kabeer Pandya,Grocery,Opening,Indoor farmers market coming to Morris County town - Bergen Record,https://news.google.com/rss/articles/CBMizgFBVV95cUxPRWZmUE03R2VLNTJSRWNKemczVWxLc3RfcFZTTUNnWndRQlViMG9QMzJsTjE2MzVMemtzaVdTUzBqd3AwZkp4WW5nYUVfZHowS3A2cE1SVTJQLTR6ckpHcW1fSGltWEpfWmVObFdUWEtxc0ZTVllDdGZuaUdLalpUQjNXWWEyVFZQX2Vpb29xeU1tbWpmY2NVcnZ3dHA2YkVMRGdSMzdOYTctd2JGOUlOdzdocHpVaDlFNThyc0x2NUJJWW11OEl2aWlkWlVDQQ?oc=5,2026-04-22 08:35:00+00:00,Indoor farmers market coming to Morris County town Bergen Record,
CVS,Dhiraj Manghani,Drug Retailers,Closing,Tennessee lawmakers pass 'Fair Rx Act' as CVS warns of closures and litigation - WCYB,https://news.google.com/rss/articles/CBMipwFBVV95cUxNVVc2NmNpbjdUNmhKR3BVMWRaZkEyUmN5WFpuejF1aGNxVTctbWtHcXdPdkt3UG5aTi1MT01DSUNmT0R2aFBaaGxDd0o4RlFOV0xKdHd2dW1xbktrVlpMSGoyN2REZGZyS0gwdWVtQVZFQVB4bmNKR0F2UmduVGowY1kxcmsya1VhOTgwLW5JZ0lvQWxWamJFS0RmNi1WRU1BUTFabFB5Yw?oc=5,2026-04-22 02:47:46+00:00,Tennessee lawmakers pass 'Fair Rx Act' as CVS warns of closures and litigation WCYB,
ARCO,Harsimranjeet Singh Ghelani,Convenience Stores / Distributors,Closing,Phillips completes acquisition of ARCO’s Alaska businesses - Petroleum News,https://news.google.com/rss/articles/CBMiuwFBVV95cUxNYWRQV2YxMzJaaFZjQ2szT1NzWnlDX2xabF9pc3VIRzlOZ0JMNFRWUmd2NXN4NzBHVV9wWVBLSG1rRTd4RWJGbFoxQ001MkVQNzI4MXB2U1piempUYXMtYXBtRWtEMG9CbS1QS1Q0QVYzN2s4TDcwM3NMek9tVmE0QVFGazdJQVJ5Qnozci1rZ2wzeFc3ZzNTQ3RVU1VMOXA1c0FhT0dZc21TNXZUbk1xQ3lhUm50aHh4a0Fr?oc=5,2026-04-22 02:28:46+00:00,Phillips completes acquisition of ARCO’s Alaska businesses Petroleum News,
FIELDS,Harsimranjeet Singh Ghelani,Department Stores,Opening,Chiefs QB Fields Breaks Silence on Playing Behind Mahomes - heavy.com,https://news.google.com/rss/articles/CBMikgFBVV95cUxNUmRLODNIeTNlM183OFBxSlRGNUlYYW9DeGFaV3RGSVMwZlIydG1oMVVfTU9xLUgzZ2ItWEI2c0dGR09hMVZsTEhENGNaQV9keHF3WV9JV2oyUkoyVDRmN0NzMldVa3RMc2wwdHdIRW9BN09KRFRzYUJDY3I0Z2tPQjlFTzFEbS1ucUVkNjVkaTdQUQ?oc=5,2026-04-22 00:14:00+00:00,Chiefs QB Fields Breaks Silence on Playing Behind Mahomes heavy.com,
CVS,Dhiraj Manghani,Drug Retailers,Closing,Letter to the editors: Cempa CEO says CVS threats of bill closing pharmacies are empty - Chattanooga Times Free Press,https://news.google.com/rss/articles/CBMingFBVV95cUxPT0xmcExJR0hvZjBNNDdBcmc3d1Z1UVpsWnU4ajRaM3llWnR6ZFJ3eDlHamdaWmZ5TXBpdUxwdVp3YnQyenF4SW9TcGRPTDhTdkRaNU5vTDR6MjVvYmxjTWxKZHpPeGtBcGNmTkVLUkpLY3VpbG1VWnpwZlFpLTBLd0t2WUVMUW1wbTRxb0tsWF95c1lHSDBFTF9rNFdJdw?oc=5,2026-04-21 23:19:52+00:00,Letter to the editors: Cempa CEO says CVS threats of bill closing pharmacies are empty Chattanooga Times Free Press,
Dunkin',Kabeer Pandya,Restaurants,Opening,"Dietitian breaks down high-protein fast food menus, best options - ABC News - Breaking News, Latest News and Videos",https://news.google.com/rss/articles/CBMiogFBVV95cUxNMGxkRklnMFowZzJCZ0dIcG9Qb3lMTHpMYkw1Y1FMVVVkQXpqNGh4QWstRWZCRzJUWlVORGxiU3E3VE9ZRXVGNWlPYW1qRERwVzJFUzJtZzFGMDlUVlA0bGxqS3ZJUzdvVlVQRjcwb3FzX2hYQmVJT2FLdDY3SjU4NTBXam1uMm5pbGRaTFVYdW1NTktBZXF4dGg1RWJqWmNhNmfSAacBQVVfeXFMUGRrTWVMNDFFYUdsUEx0QmJvQWNwWDdoRkNrWG5mdXlwRnBtZ21KTjltYjJid002eHpBRU83Q2ZYckN4dDVIZlNmZktubGhzcXhjM3F5b3UwaGJocDhEUXkxcHNNM01LN0hHeEdFcldTU1VMTHV6QzN6dHIyVXpvY2tDblJWSFRNdDhJbVNFT2xPWjg2M2xqTkloa2ExQ2FRYjV0OWpmcWM?oc=5,2026-04-21 22:43:04+00:00,"Dietitian breaks down high-protein fast food menus, best options ABC News - Breaking News, Latest News and Videos",
CVS,Dhiraj Manghani,Drug Retailers,Closing,"TN lawmakers pass 'Fair Rx' Act, could result in numerous CVS pharmacy closures - Local 3 News",https://news.google.com/rss/articles/CBMi9wFBVV95cUxOZFNxT1g2UXRQUFBXb0hCaFFqVjV3Nm5IaTZmVm14QnhNYWtTeFMyVU4xNXl4eW9haUVUV1FUSlZRQ3loaTAxb0xKb0tfSXpLcGkwZC1SZVpWY0VSZjRlbnFvT2J3bmJDZWFhNWVWTTRQRlcwYzVOQWtOQVAxN1hDZXRaUll3cHR3TTdzY0hTN1hTUExYWWhvM1ZNZ0VieS10dURDRWNld1ZBZDFMU2dBQ21mcVU0ZFpLVXlhR3Nhd3BlanF4dDNTc3RnYktnSUFNTkNkY3J2cWVnSFRscURONUZJNzZDN1kzdThPZUlKRlQ5dXg5dGFZ?oc=5,2026-04-21 21:15:43+00:00,"TN lawmakers pass 'Fair Rx' Act, could result in numerous CVS pharmacy closures Local 3 News",
CVS,Dhiraj Manghani,Drug Retailers,Closing,"Tennessee House passes bill targeting CVS, pharmacy closures in question - WTVC",https://news.google.com/rss/articles/CBMi-wFBVV95cUxPRUV0VzkwUzdRaXUtSmhHcmpRMmZURlpFcS1EWEszOW02Um9EYVhlTVZMeEhwQ2diNzY3SFBnX2xBT2FOc2xya24xdnpyd0pFZ1ZzT29uSWpzRHNUZFlXZldiNGNTVm8wbGNqeWZFc2V0VVdQOEpqYkM2SVJSX0VMT1pUNUpTbTZYQ2RoOHM0SHgxS1F4allVNkxNTEFrWHNTdUxFUEtrcWljSXNNeDJCV0xLNnRBNjVhbTBBcGtnVGxKS1JkTEdhQ0Q2WVVabkpPSnVsSlR6WE5kUm5hRFFfLV9KUmh3LW9RNWo5aTFYLUlnS2hGeFl1Ymw1aw?oc=5,2026-04-21 20:29:34+00:00,"Tennessee House passes bill targeting CVS, pharmacy closures in question WTVC",
Party City,Dhiraj Manghani,Mass Merchandisers,Closing,Is the Party City and Staples Partnership Cause for Celebration? - RetailWire,https://news.google.com/rss/articles/CBMic0FVX3lxTFA1QlV4bGF5QTRGWEE4QlRmRDhLZ1pnUnRNVWJOb2xLWjlvWTZ6b09aUUphMDVDNUlqLWI4V05xbVRWNm56YWZFZnNOSlNDQVNsQUtfeXRYclQyWGpYV0Z1S3h5OG93eV9Cb1JjdkFpTmRiRWM?oc=5,2026-04-21 20:11:10+00:00,Is the Party City and Staples Partnership Cause for Celebration? RetailWire,
Trader Joe's,Rahul Shinde,Grocery,Opening,Trader Joe’s confirms new Central Florida location - The Business Journals,https://news.google.com/rss/articles/CBMipwFBVV95cUxOWXNSNUtpUmNiaktWVnpUTWxZUTk1clo1YWRUSkV3SXJyTzBPQV9BSXcyWXRQWWRvUkpzd21DZ0RxZlRmaXZPVnEwby1wOWZ4RFo3STZ5dlREaTRQQkZBbllMWmtVaGZnWUo1OGdBSWhic0dzcWJQVm5Icm1PMDRKWjlyb05LMnRRejF1MnFyWkl2RVhEUXJRcldrd1U3V2M3eFlBQ25UTQ?oc=5,2026-04-21 19:56:00+00:00,Trader Joe’s confirms new Central Florida location The Business Journals,
Kroger,Moksh Kashyap,Grocery,Closing,"Kroger shakeup sees store closures, executive changes - WKRC",https://news.google.com/rss/articles/CBMizgFBVV95cUxONVMyWlZJc0F4Z09CN2tUU09haTBQTllwR2VqbWFuZW14TXBvOTFvRS1neGI4azJ6bG9YT0JWYXA0YWVnVkFrWXlHTkJWY21nLTFZb3NscVhocU5YTW5aQ1hEVUthaHc5ZWpWM2hYSm9fOVRHYktOZ3JhMjZ5QWpzQ2IzOFp3MU81QTQ1aHRkdFl1RkFkc2hvNWdYbzUtVnoxdFRQc2dRdE9YbWIyRGhCMEtvdmJpeDZKOVVaMFFTTER5NVhPdTRjdlFkN0FZZw?oc=5,2026-04-21 19:24:18+00:00,"Kroger shakeup sees store closures, executive changes WKRC",
Grocery Outlet,Rahul Shinde,Grocery,Opening,Grocery Outlet to open 2 NE Ohio stores while closing 5 underperforming locations - The Business Journals,https://news.google.com/rss/articles/CBMipwFBVV95cUxNd1dNb0p0c3c2MDE3NUdfU2dZTDBHT3FsVjRMdC01X04xZGlnNk5fS29jcG9nVURUTXlvZGtsSGZYdXJSOV9VTGRwMHBMMk4wRE9xZGpQRm9kYmhvR0dOYWtlRFMxZlcyakFKeXZUUmhiaXZjcERpUDFKV0k1Y2pDRWVoYkNqTmJSWVhoczQ2OWstRHJzVnY3RnJxQzRXa08zOVloVkNlRQ?oc=5,2026-04-21 19:18:00+00:00,Grocery Outlet to open 2 NE Ohio stores while closing 5 underperforming locations The Business Journals,
Grocery Outlet,Rahul Shinde,Grocery,Opening,Grocery Outlet to celebrate grand opening of Strongsville store April 30 - Cleveland.com,https://news.google.com/rss/articles/CBMivAFBVV95cUxNNFZRWUdRRmF2YjdaTWVsVjFxUThSN3Zyd0VVSXNocDdoWVhkbVE1MTlubVotanpjTjZKeU8xZGR2RENuSHU1RDFKWXNMLXl4eG56WWdVc2R1MGJ1ZGF3Nl91eE1BYTNFWlhKWjl5T0U5QThUVU9oV1F4NERSOUh4SmMxQy11d1pmS3BGNVF3YlduTjZ1Y0psN0U5ZWE0dnRtLXplaHVzUDRpTlFodlRDM1VaZktGU0ZFb1hySQ?oc=5,2026-04-21 19:06:00+00:00,Grocery Outlet to celebrate grand opening of Strongsville store April 30 Cleveland.com,
PetSmart,Ayushi Chandel,Mass Merchandisers,Closing,Five Below and PetSmart plan to take over former Manitowoc OfficeMax - Herald Times Reporter,https://news.google.com/rss/articles/CBMixgFBVV95cUxPUFJuWWRyMnhDcWFoS0dmNmUtMW1jeGQwMTdYeEhCcm1fZEFJVlo3Y3BHU3RLZHVwdVAzV0F5TXBQNHI2RUZYeTA4emlnSk13RkR4U0RyU1d6ZURwSVhwWWhub0FsSUJlTmFtOVN3dldtYkJlMVVvS1ZIZ2JNZExOYXhib21YNzNkQkNPbUVMaWNuaWI5eWlaUzB3WWJnNVNhTjdMU1ExMmRpMENQNVN6eFRZVDNBejdOQWFiV1Vxd3JCMUZGSEE?oc=5,2026-04-21 18:47:00+00:00,Five Below and PetSmart plan to take over former Manitowoc OfficeMax Herald Times Reporter,
T.J. Maxx,Dhiraj Manghani,Mass Merchandisers,Opening,"Natchez Trace Town to add TJ Maxx, Ulta, Bath and Body Works and more major retailers - The Natchez Democrat",https://news.google.com/rss/articles/CBMiyAFBVV95cUxOLThGMzNXZ1JUSjNwbk1iM3VxUGlHNEQ5Z3dXTUF3Q3pfMGNMaG5TRUdYSW5qTG10dHlJVG1teUhJR3MySGxBYlJnYlBEYmg3V0p4anhTc1ZJeTdfQTJHU3JlbE9rN2VhVTNpVHF4OTd5WjY4UFJQdzdHdmlLQXNsYk5aNjR0djBuOE9URXVZY0RpV0RTMXhBbDBaMFdMdlZUSFJSOXRaNTJOT1JESmlCaGpXekhNUzhrLV9BMXhWaWQxSzlHOTNCaQ?oc=5,2026-04-21 18:28:26+00:00,"Natchez Trace Town to add TJ Maxx, Ulta, Bath and Body Works and more major retailers The Natchez Democrat",
BJ's Wholesale Club,Ashwin Nair,Mass Merchandisers,Opening,Beloved warehouse giant 'more budget-friendly than Costco' to open 30 stores in 2026 - first location coming in DAYS - the-sun.com,https://news.google.com/rss/articles/CBMijwFBVV95cUxPUGZjRWlPWXo0a1J0emZINzAtX1N0VWhzUUJQRGcycnNTWDc3eHNMQi0yMkZCRnkzUVVUQ0gzSng0ZWhWV0N1eUJpbVA0UG9YTFoxd3E4S05xUV9tZTdROGczM3p3M3ZSLWF0Q2lIeGs1NWVOUndRSUpwRjdOTElDb2dQUW5wN3F3MktVcVVHTQ?oc=5,2026-04-21 17:49:14+00:00,Beloved warehouse giant 'more budget-friendly than Costco' to open 30 stores in 2026 - first location coming in DAYS the-sun.com,
O'Reilly Auto Parts,Bhavesh Phulwani,Mass Merchandisers,Opening,MILFORD SCOOP: O'Reilly Auto Parts bringing hub store to Milford - The Connecticut Scoop,https://news.google.com/rss/articles/CBMiwwFBVV95cUxPQ2RlZEpTTWJhdHJxSU96dngzdlY2RmhCZy1scWhoZTVkZDBsbmplV29MYXE5Zm5RRVZCVlBLUEtPSUlZemRTY29Hd0ViOUpqdk1zclVzTklCdi1lelhwRlNQMzU1RzVCVmxsY0RKaFNjV3B2SEtVWHJNelE2Z1l2dHo0eXliNlh6Z1MzckptcGp2V3NkU2xiQW1taE1qTFh0OHpidGFTc0x5VHBsSFR3X3ZSZFViS3dxS3NMaXVoSE1ZNFU?oc=5,2026-04-21 16:47:01+00:00,MILFORD SCOOP: O'Reilly Auto Parts bringing hub store to Milford The Connecticut Scoop,
Grocery Outlet,Rahul Shinde,Grocery,Opening,New grocery store coming to Willoughby Hills - Cleveland.com,https://news.google.com/rss/articles/CBMimwFBVV95cUxNZ0lneERxeVRLbDZRY0djRDAtTnlUNmh1NmhMTkJCaW1SclNPd040bmllNklCamtlY2V0TWxFSko3ZTdXYmFQWWI5cnR2cjRzT01nZWFfLVB4Y0VIQnVKcGI2Skx4NkwyYlJvQlRDRURFRjFzWTdUcGRFOFlIOHFWWExKOVNmTXRPVUhpQ0hFZWNiT0dsX2IxOGV5d9IBrwFBVV95cUxPc2F2a25WcFlUd0phbm5TUExFMkltSHQ2S3ZFMGw0TFZkdXY3Q2dlblFGM21wR2lLa0xPVUlnZkNTMDNaNUV1Z1BUUWhROGtRUy1IMUxQdEtsV3VSWEtoZDlFb0IySEptam5ZcFBMZHQ5VWg0c1ZvUGFEamZaaXViZTZ4VTdicjMwazRLWnVkTUZJdll5RUZYYlJtcmdkUllMSEJWQ1RIbXhIRm8zcHJz?oc=5,2026-04-21 16:35:00+00:00,New grocery store coming to Willoughby Hills Cleveland.com,
Walmart,Rahul Vasaya,Mass Merchandisers,Closing,An Indianapolis Walmart is closing temporarily. Here's why - IndyStar,https://news.google.com/rss/articles/CBMi8wFBVV95cUxQc3FlelhfdG1URTFCWEhNdTIxT0MxWmRrZndVRnd5Q3NhcVRoX1R2T0l4ZDdrRFFJdVZBZVlNeWpVd3J6RER4N1ItLVNFSjJLbnR2a0VvUy1KSXE4dGZuc2FMamNzSVRmQVFCRkhwdWxDYXpkUV9iTXZRb0c1UGFZSnFIUmc5eER6RmtKRDVnbWpQSmJGMkI2V1YtZVZ4TnNkQkRCek55STBkNHZDY3ZtYjc3ZmxIcWJXbU13OTJJRnNPZ2N3eHFtQllYVkF4S0EyMU9qRktyZ21EUUNZYzhjX09IcnBoUTNydVpzaFZWYW9BZk0?oc=5,2026-04-21 15:52:00+00:00,An Indianapolis Walmart is closing temporarily. Here's why IndyStar,
BP,Komal Agrawal,Convenience Stores / Distributors,Closing,"Spain's antitrust watchdog shutters probes into BP, Repsol, Moeve - Reuters",https://news.google.com/rss/articles/CBMivAFBVV95cUxOQnc2ckdna0xFcDUxcWtUdFBDMUtmNU9SeFprVUozSGxCWmJCN1lsQS1BaW96dE0tbFlwRmZPOENhWlVxWENTMWRORE0tR05UZWF2Y19uTWZqYWV0T3dtMmZSWUxRbzV5TUNMb0hxeUdKQkNfa2FKSUhNX2g2QnBvdHNXZTkyeldDN2FGVFpnd09ESlR5b3BOc3NvUzdXb0QyLUw1UU43V1JoM2ttT19JSWZqOVlrbWtUSGMzdQ?oc=5,2026-04-21 15:40:39+00:00,"Spain's antitrust watchdog shutters probes into BP, Repsol, Moeve Reuters",
BJ's Wholesale Club,Ashwin Nair,Mass Merchandisers,Opening,BJ’s expands into Texas - Grocery Dive,https://news.google.com/rss/articles/CBMiigFBVV95cUxOZUdhTWI4bmYzM3VyS1E2QXdrd3VwOTREeVo1VFRlaXpXNzJoTXRUR1ktRG1UanpaalpyUWFrRGxnOEVDVmhERWgySHQ3bWZGbWdCRnV2UVRCNUVleWVDcVhuVi1lV1cwT2E5RlVlU3QyYTJBeC04aHNhX0RhaFdMdDBTc3Z0WGxJc3c?oc=5,2026-04-21 15:10:01+00:00,BJ’s expands into Texas Grocery Dive,
Chick-fil-a,Rahul Vasaya,Restaurants,Opening,"Three new restaurant chains set to open in Hanford, Poor Richard’s returns to downtown - Hanford Sentinel",https://news.google.com/rss/articles/CBMiggJBVV95cUxNcGs4WmR0QTl3NXFuQ2ItbjlrdkxJZHlGci14dkVocEcyV3FjVXZkcHY0MUh2bmpaVFdNWThjbDJpWXpyZGhtYjVhdjd4VG52Mi1WNWpza1Y1ZnBiM3BBOWFVTUtCLUdLN1V2TmNkbUc3WW1xdm11OGxGa015RWxlTHdJajd3ZXhPNDZqQlFvSjJndFE3aWl5TjVrZVk0YlVzNVczdXNRMGh4d25nNl9ObGJSc2NCbUdwMldrcGRYRTVwXzZ1WnRVQ2I1MmhEZTB1N2VfVzB5OGJ5U2Zyand0TGF2M3g4ZEpsc0Y1eEgxWWd1dWRQT1FjR0pHOXM5MXMxU0E?oc=5,2026-04-21 15:00:00+00:00,"Three new restaurant chains set to open in Hanford, Poor Richard’s returns to downtown Hanford Sentinel",
Grocery Outlet,Rahul Shinde,Grocery,Opening,Grocery Outlet Opens 2 New Stores in Cleveland Market - Progressive Grocer,https://news.google.com/rss/articles/CBMihwFBVV95cUxNTlphRzkzd2QzM1JILWVwUE5BOXFwYm5NSjZkcTNGUzVVTjN3Sm9kRUprdFFiVUdNTXkyRkl1NmpYeGdxZjAtRnBTdU5xSFRid0xkMnlYdXJFZHk3UUxZOXBPTERKZ3VDaHg2R3ZZcW9WUEtFUEkxbTdqRWtNNEZZdnF4MHVuQVE?oc=5,2026-04-21 14:33:31+00:00,Grocery Outlet Opens 2 New Stores in Cleveland Market Progressive Grocer,
Nordstrom,Rishi Nagar,Department Stores,Closing,Nordstrom closing 2 stores by end of summer: See where - AOL.com,https://news.google.com/rss/articles/CBMic0FVX3lxTE1MaWl1bWRxajhkTFk3VFNKU05DNXdEWHFoNmxEaEFaMVlVZFpwZS1GeEFxR0s1NXVFcXJaVkpDeXRGUDhWbjUtaGR4WW9LbkU4N1gyQ3F4SE5XX1ZBQU9wUGFQaUVUMVdhUTk4M3Zzei1td1U?oc=5,2026-04-21 14:13:41+00:00,Nordstrom closing 2 stores by end of summer: See where AOL.com,
Dick's Sporting Goods,Ashwin Nair,Mass Merchandisers,Opening,Dick's House of Sport opening in Lowell - 5newsonline.com,https://news.google.com/rss/articles/CBMivAFBVV95cUxNUUdSVDVXaUlvczJ3RWlXby1Ca2hnSDg1ZWhRQ3c4c2JHZHlyZHZ1dDdUQ0JyNDQ0ekszcG9OWWF4UEFDbUN3c0p2aWM2WllNUGV4TERZbkJTdnJ6dERoRDJJU3lxWmJtZ0o4OEZlMjZDdGJ1QWNxZk4wVE9ZdXVsMlExOHBVY2daVE5QQlZxaHpMZWhqQ1BBNDFrRHM1MF9LWlpuVkZaU0ZTcXF3aEVQZkY3d0s1Zm0tbEJlMQ?oc=5,2026-04-21 14:10:00+00:00,Dick's House of Sport opening in Lowell 5newsonline.com,
Whole Foods Market,Rahul Shinde,Grocery,Opening,Expanded Whole Foods Market opens in Los Gatos - The Mercury News,https://news.google.com/rss/articles/CBMiiwFBVV95cUxPS25mOUw5bjVEcVZYMUc5MWRxdGh5QW9ZYk9Xa0h3V19sRUdsY2IxVGZKUlduVm9HbHZjQ3hVcGRNZTZpa1l1SHdZbTVuM1BfdUVlQm81TGZYNVdXeGRqcU9VbDZMdlRTT3pJRGpsa2hzNF92T0N6ZndHcEJqdVoxcm5aMVp4VVY1Nnp30gGQAUFVX3lxTE5pcktuRzlLQ1lUWHRqRlBnM1RYcnlvQkxpa2VyTTlZdi13cHY4Tmh5MEFxQTV6dHJBdnVEaEZDd2NsNjBPVklpSTZOQld3ODNJakJjSG91NHB3NFVTY2dROFNFZjhvZFdNYUROLVdiM0czN21hY2JJcldrX1ZVUlRIWDdDTTEzTURDWG9lbGNEMQ?oc=5,2026-04-21 13:48:26+00:00,Expanded Whole Foods Market opens in Los Gatos The Mercury News,
BP,Komal Agrawal,Convenience Stores / Distributors,Closing,"Spain's antitrust watchdog shutters probes into BP, Repsol, Moeve - MSN",https://news.google.com/rss/articles/CBMiswFBVV95cUxOVWNWVUNnWDcwUU12UEtSMlNEQkNwLU5UTGp1b203QTJmSFc5aFBxMkd5TUZfcVRpTlhVOXlzbVNkQV84STJNTG9TSXV4YkI5eUtKQk9KMXZ5cENmTnpzalJEVllyUjQxQkMyZGpueXNCUGZCQ0hyVGd6TE5YSk9YdTFkZm9fT0dHLTdCcE9aQkh2dnZHT1h5cjZ0WWJrX0dMNXUxUFNGVjVTZFVnbzNCc3c0OA?oc=5,2026-04-21 12:34:31+00:00,"Spain's antitrust watchdog shutters probes into BP, Repsol, Moeve MSN",
Hy-Vee,Komal Agrawal,Grocery,Closing,Hy-Vee shutting down major facilities; hundreds of jobs impacted across Iowa - MSN,https://news.google.com/rss/articles/CBMi3wJBVV95cUxPNTlkV0RPWmJxcVlyd1FXRHNkbnFUeTVVTTBuaXZ2ODJ1RmRJbGdPbURNdHpMTTdTRnR3WnlDeWxmbENTaDRoRWtTazVJQllpUFI1RlRyWHU1aERadzAzbmNFaXc4LURVWWd6cVlvbG5pOXVrdjRiVjFOaWpyaWpMR3BPWTZPaGhZcHlnVk0xRnBLbFgxX241c3lBTFhRX0pjTWhuWGxLeW9rcDZFRDNYR2pZcjRXVThTLUk3Uk9uMVhxWC1JY3drallHNTFNdUhTWTQ0SUFhNTQ2VzFoZWVJUkZDY040NzV6M3doelVyQXRCREhYMGMyRi1UZ3RjY2RjTWxweENlcGdiWVNDNU02VzloREt3QWdIdng0RS1PQThJSVJiS25Tc1JIWnlpR0ZhUkd0UmJEazNLZE4tdU9WYmFWVzBiX1hWSFp3UndncDVEMHR4WDEwZzFsVVBlZlk?oc=5,2026-04-21 11:50:03+00:00,Hy-Vee shutting down major facilities; hundreds of jobs impacted across Iowa MSN,
Grocery Outlet,Rahul Shinde,Grocery,Opening,"New Grocery Outlet stores opening in Strongsville, Willoughby Hills on April 30 - WKYC",https://news.google.com/rss/articles/CBMi4AFBVV95cUxPczJtVEpfa3FuWFAwMWwtVURSWHB0eUo4WkVBNGl4WlBUV3d3Y3NOS0o0YzBpbi1CVGJHbzZvb29hY3RON0tfZ21rVmJ5NTZHNkR3bFJkcW40S0ZJUWI3WHhoNFR1N3hFV205eTUxNkpvdm9WUWNadEhXamRidmJtZDcydFZFNTJrbE9iS05rQmN2My11YlQ4WUJmLXB6VjFlUU5ZWng0NFJrRzRBOXN0cFgzQXdpMTFMWGc5dDBneHRzSzJYLVVQN193SXE2Um9vQWNUYkZvQ2VPZnRqOTVoQg?oc=5,2026-04-21 11:36:00+00:00,"New Grocery Outlet stores opening in Strongsville, Willoughby Hills on April 30 WKYC",
Domino's Pizza,Dhiraj Manghani,Restaurants,Opening,Brand-new Domino's store set to open near secondary school in Somerset village - Somerset County Gazette,https://news.google.com/rss/articles/CBMipwFBVV95cUxPeGdoNkFiUy1OQTJia05YOHJFZmEtLVI2TzlCbFVZOGhfR3A2SWhxUFpjRjQ3ckpvQllsZmVxRHdkNEk4NldIeW1pUEtabEJSZ21QN2hEM2RLLVozanlCU19tMnZtOTBvd1dxclJPVGhxUjBFdXJiRzR4WjlVb0d4YXJsMTdaUXloVE8yZU8xZGFkVzRKdGQ4Nm8wemtzWUx1TUR5ZkVaTQ?oc=5,2026-04-21 11:20:00+00:00,Brand-new Domino's store set to open near secondary school in Somerset village Somerset County Gazette,
Dollar General,Shuvechha Dere,Mass Merchandisers,Opening,Dollar General grand opening celebration set for Saturday - Cleburne Times-Review,https://news.google.com/rss/articles/CBMi5wFBVV95cUxORVdZS2xicVlaUVVnTWltMmRCV0FhQTczZXhHOTY4LTRUS1E3T0NwcUtFWTNtcFlKZkFLX2lMSmdkY3dTanVmQXh2VHhURUctR3BwSE9JWld2U0xLQkpXbXI2aEJ1aXAtRUJOald3bkhwR3pQS2hHcGI0QTlFUENWbVV2M1BFQ3hVYlNQV0FoM2VwRXI0ZnNhR3lIRnNqM2h1SEFBZkd2NmtKREJYSzRHVlFnTW4wMGdTNFpQT3FwWVhWUUpRMkRhT2thUy1nS0R6NnEzZVlZaEZ2YlQtQzluNkh5ckZJNWs?oc=5,2026-04-21 11:00:00+00:00,Dollar General grand opening celebration set for Saturday Cleburne Times-Review,
BP,Komal Agrawal,Convenience Stores / Distributors,Closing,"Spain's antitrust watchdog shutters probes into BP, Repsol, Moeve - TradingView",https://news.google.com/rss/articles/CBMizgFBVV95cUxPa2dpZDNuR0ZYT0FfOXZFSmc1UmNzZ1NvaTVCNkEwT1JrZ1YxYnE3Ujg2SmZTM1E3X3Z1TWU3WWlPUlBLaVRrV29WZUZDT0pkYm9GMEFEZG8tTmNLbHZjNFRCY1h1YkMyVjUxbkZqbW5rUHpZelg5RUFZRzlBVTJfSklBZnY1MlFyZXp5MzlqeGdnYWpFX245TFV4Z3hONzhXX3RqcTAzd0Zsb1ZmdnBPV2lkN2l2U0w1Y2hoemZMeFNuUFp2Y3NoYVlWWUZjdw?oc=5,2026-04-21 10:54:48+00:00,"Spain's antitrust watchdog shutters probes into BP, Repsol, Moeve TradingView",
Chick-fil-a,Rahul Vasaya,Restaurants,Opening,Red Lobster In Ulster County Demolished For New Chick-fil-A - Hudson Valley Post,https://news.google.com/rss/articles/CBMikgFBVV95cUxQdEFuQk4tU0xtWVJTMVZIX29jX1RFWmZzalJ1MGUxdFJQMFRuaHZCNjZTdGdkZy1Fb1lEU3BMaXFvVzV3cnkxeUxwZ3ZibVdIOGFaNU9nSGVxdXRMLWFpRHh1N0N5UDJ0NTFuUWxkVXJyMmNaZ21KV0V0ckRHTUo3MmhoU3hVc0dGQUU4am1tX2kxZw?oc=5,2026-04-21 10:37:01+00:00,Red Lobster In Ulster County Demolished For New Chick-fil-A Hudson Valley Post,
Taco Bell,Kashish Kasar,Restaurants,Opening,Applegreen To Open Northern Ireland’s First Taco Bell - checkout.ie,https://news.google.com/rss/articles/CBMilAFBVV95cUxPZ0Y2ZWpTbFpidDVmT2J4T1NockFtZ1BYSlUybTlzUW5lOXZZZXJmWDg4VU9Xb042S3NHRGlQUUVyNFNTbm1sZ2tFZDdFNHlPTTF0OFhXaDNJdG5vZEtOeGNMdG9xT3hZRk95b2UweG82Sk8wUjd2NTNLZ3AwenRibTJxcFd5a0w4aWt0di1fMGctRU9U?oc=5,2026-04-21 10:30:43+00:00,Applegreen To Open Northern Ireland’s First Taco Bell checkout.ie,
Trader Joe's,Rahul Shinde,Grocery,Opening,5 things to know about Trader Joe's coming to Quincy - The Patriot Ledger,https://news.google.com/rss/articles/CBMi2gFBVV95cUxONVFwQ2t0cWpmYk91YmtjNzRrNFVFOUFOSUk1VTNVLXdZUjNZYmFxN2FLcGxCSTA4Wm5jOVMyaTFOWDlBd1hDSHV1NFdKUlNEUDFXMTVkRVdiVVRzNWgyeTBYeTd6bHJQMHMwSWdqTGlmWDBsZ1pjOWlxWEktdUpfZlFVZEpsX3o4RXp2VDRBTUZRT1ExeFZpcFU0R1Uxc1VHd2VMUHo2VE5XbzJ4aGVxM1hXR3VfanM0bnRweDVUMUdLX3UwQW03ZlhOMzlMYW1Rb0NOWGp4Ym9TQQ?oc=5,2026-04-21 10:20:15+00:00,5 things to know about Trader Joe's coming to Quincy The Patriot Ledger,
Stop & Shop,Rahul Shinde,Grocery,Opening,Floor & Decor Opening New Westchester Location At Former Stop & Shop Location - Patch,https://news.google.com/rss/articles/CBMisAFBVV95cUxQQi1mSGdIQlZCSTk1c2ZkWGNLZ3RYdTRiTHg3TU52Wmg1aHJLenl1V2NEVEpTQldhUkxsd1oySkFCbXFIOGFneWNXekczTGVDVmxYMkplak05YWU2V0Ffdmd5RHRsVmFsb3dDeDJzdm03b2FuQ3pmSVkwdVVKUG1XNXdERmZMekxhNVU0U0hoVzVnckJJU2ZYdjQwcU1kaTJhUkdpeGxNUHVlOEQ0bTJzcNIBxgFBVV95cUxQUVptSjVmVXFDNWsxSnQ2bmphMkJBQldzeXJ6WFdyZVc3dGRLVTlEVVpWSHJkZkZDeUdySkJvT2ZTMTVPY0pOV3VMMmMydDBsdWFKQmQzRWw3OVRVa280ZElIVDJ4SmY3Q2t2RzhWOFBxZ1JLOXh4dUFib19XOTY2cFBmRUNHZmE5M0Y5NGNmLWdGdnBHMVdyLVV3NG56OHhQZVRhWGRFM01HcXpySkdwbFhHbFB6TlVxUE5rRHVZM2xtU0RrWHc?oc=5,2026-04-21 08:04:52+00:00,Floor & Decor Opening New Westchester Location At Former Stop & Shop Location Patch,
CVS,Dhiraj Manghani,Drug Retailers,Closing,"Tennessee Senate passes 'CVS bill,' reshapes pharmacy business as CVS threatens closures - WZTV",https://news.google.com/rss/articles/CBMitAFBVV95cUxQU0lzd3RveTRLYWkxeTF5ajJ3MjlibnV1U2NvUWt5UV92WWlLMHZVTy1TTENMdzB1U09KZFYyY2Q3ak9wejRTN2ZUT0R6Snd1NkV6UGRQSWM0UlpqRy1BTW9fS0VrdXlpQXhOWlJBYnRqdmYzWkRqYmdENU12aXVpckVYM0g2eWVkVjRhbF8zNnVwN3pTMk1jSXh4M3lZYWtodFBjWHFQY3BpYkNuYXVDMFFpVU0?oc=5,2026-04-21 02:20:13+00:00,"Tennessee Senate passes 'CVS bill,' reshapes pharmacy business as CVS threatens closures WZTV",
Chick-fil-a,Rahul Vasaya,Restaurants,Opening,Chick-fil-A announces late April grand opening in Whatcom County - My Bellingham Now,https://news.google.com/rss/articles/CBMiqAFBVV95cUxPTW1LU0ZXdlBCUjVVci1PdzlLOHFnU0dGTzZWZ2ZTbVZtekZwLWxYMFowMUtORGFOcUJ4NmV1dHI4eTYtUERGb243am03QTlBc0FoWHB1ODlaaHBPS1VEQmJQeGVFWXpIN2I3QnlzdWVSM1ZLdnVpeEtFeVY3Z0diSnY1YkJaWGtudlVmWTB3TlVmNmx3bUhBYVVHSzhadTBqNmNqbWxmZ24?oc=5,2026-04-21 00:03:56+00:00,Chick-fil-A announces late April grand opening in Whatcom County My Bellingham Now,
Barnes and Noble,Ashwin Nair,Mass Merchandisers,Opening,Barnes & Noble's new Clovis location gets opening date - AOL.com,https://news.google.com/rss/articles/CBMif0FVX3lxTE9NbHQxaHFnSUFXSjE1a2txLVduOUNPR1JWQ01rN0lFcWo1NEpjblhZZWhfTWVCeGZRUkp6Skp0ZjVfY0d2c2lEOWFJX2xNYmtyUHpoZlBqNTdUWVdoUmdGZmJRcGZDZzlOM1NEUTVueUhrcUp5cldHeTRaSnBoeE0?oc=5,,Barnes & Noble's new Clovis location gets opening date AOL.com,
Hy-Vee,Komal Agrawal,Grocery,Closing,Hy-Vee shutting down major facilities; hundreds of jobs impacted across Iowa - MSN,https://news.google.com/rss/articles/CBMi_AJBVV95cUxPMmQ2MzI2RGM1d2Y4bnBweElBMldTOE9vcWZJLVV1eVZRUXA5YXUta2Q1dU5PMkZGSDJHQzY0SUJhQ2dXU0Ffdm1oZVEwOUVuakZ5azQ4Wmw3QlA0OTJtN3ktdzVMTU41Zmo5RlFQV3VhTTVDNFdKZTZyWFFmcnZJY2tSVjg1UEJtVmxZRE5GamNhWkpvVnYzVUl0ZmpzSTdNZDczeTREMlpCM1QteUNTOG9mX2NfbUhIMlk3UmVBU0M5bTlHNkE5WElBVjVhdVdGWk8tRFVrRnY5bUprNWdMT2xhcFQxeHFDVnhXOW1YaG50WWt1RW1CUGozbUlfSk1mb0RpQkFnSHprLXdjdFJUVkFsWHJIV1B6U1lHdmlwRkk2clA1MC0zY2hqdzE0MlVYT0NBUzVjWTZiajk0TU90OUtMdnRyRHZGOFN1bWs5S0xVaXplTkRaWHdQNFFEaHpOX3pFaHFMS3Y3bDlrX0pVeGJvaWRjV1N3UmFqNg?oc=5,,Hy-Vee shutting down major facilities; hundreds of jobs impacted across Iowa MSN,
Giant Eagle,Komal Agrawal,Grocery,Closing,Giant Eagle at Parkway Center closing after more than 40 years - MSN,https://news.google.com/rss/articles/CBMi6gJBVV95cUxQOHZIbzY4RXZ4Ui1hZEF0d0hFcFo1NXUzRWRSVHFMc0ctV0tvYVM1TnJ2d002R0RaN2xQa01sVXVHTVJpUUlUd0dkaTRkRXBLbzg2U0x1WHJoNVVuRnp3UXFuOWVfVTB5djJXY19LWkZ1NHhWTDh6TUl3RU85Qk8yTnk0QzNkX3B6X25pNDdBcGxuMVNSOGR1V0pwb3NrV1J6dWtBQmxObXVZNVFkcEQ2TVZNdlV1bGxHb0pyMldRajIwdmM0dG5Oek9iY08tUU5idGU4akFWVUFEZDhibTFSZkVJY0VNaWFTWHRMMzdQcG04ZFVFb2Y0dnA2Wk5tTTFfb0RYSUhrdnRfMVpxTXc4amRVTVhFOFpiZWpXRjlQRS1iX2pLQlhyT0k4OVFBbEZZbnNqN3RwN2lQakpfSGIzLW1OSU5jdE5BaHRwaGV0QmlzaG5wRWJsemdnNG9ZZU9oUDRuSnVJSlJtZw?oc=5,,Giant Eagle at Parkway Center closing after more than 40 years MSN,
Family Dollar Stores,Rishi Nagar,Mass Merchandisers,Closing,Bangor's Long-standing Family Dollar Store May Close Soon Amid Nationwide Cutbacks - Q106.5,https://news.google.com/rss/articles/CBMiZkFVX3lxTE9RMnZMaFA4MzFqSElWdU5IZWFWS25qXzVWT1N2TVpnbktJOS1obndPMXFiRU9SREVOeWw1Vm5BVVRSV0Q4aFY0WmR4REc5UTY1UHhLbGx4UTMxWDc5NEtlN25PQkZPUQ?oc=5,,Bangor's Long-standing Family Dollar Store May Close Soon Amid Nationwide Cutbacks Q106.5,
HomeGoods,Bhavesh Phulwani,Mass Merchandisers,Opening,Plans for Oswego HomeGoods store gain Village Board approval - Shaw Local,https://news.google.com/rss/articles/CBMiuAFBVV95cUxPTG9vbTJNYW1LbW1wQjVCOUJMRUtSZXJ5N1A5UVozajZBNDByN1VBMTJQVXZzNzQ4V21FVHFUVUJXOS01RVhIS0o4TUVUVjZzWWh3QXhzcVdGbmVxZllNLWFicTl1ajg0QWw4dVlfTEhyUVh3TkdTekxLYTc3Mkt3d2ZGZHNNNGdCSGNVNG9hZEY1Tno3cVFkMXptclI3cXBKM3RZaUt4eWl4Z3dtajBFMDBERkxxazQ3?oc=5,,Plans for Oswego HomeGoods store gain Village Board approval Shaw Local,
Marshalls,Bhavesh Phulwani,Mass Merchandisers,Opening,New Marshalls in Conway set to open by end of April - MSN,https://news.google.com/rss/articles/CBMi6AJBVV95cUxOdk1SOUNVRnhGY1dhN3FpRGVNamNmTEF0VGNNOV9WSG5RWXFYd3hGNjFMS29NNGpMdjZGTzY5LTZlQVBTMHA3VUZSaXhMMmtJNzMxekZMUTVMSzAxVXp1QUtHeUtJb3FiOUFoTHpGeE9UWm5vUHpTSU1ZdVBxdWJPdTdveDZYMUZTVjA5WjJJV0gzSWEwZWpvNkFFVU1NR0pWbFpuX1JJRVI2ZjF2a2VvX1ZDWHFockgtRno5NnB4eEZ3dmwwTDZ5a19VLTdPakl6NmozTkpaelpPdnVhVGRkN2gtTWlwZEZTTXRzU21ESlpXREJVc1ZWNmNpa21EekdqakJWendlYUpOcFI5anhQdTZJd05VU2I5MHhWNFFDWGVra2J0R20wTmpsZWwtM3Vxazg4RllCSy1ObmVJRHpqU2FSaTFGM0t4Zzc4bnFqX1k4SmRhUGI5RFdrbEEzalFKamFCZE9jWEg?oc=5,,New Marshalls in Conway set to open by end of April MSN,
O'Reilly Auto Parts,Bhavesh Phulwani,Mass Merchandisers,Opening,O'Reilly Auto Parts to open its 52nd CT store at the Milford Plaza - MSN,https://news.google.com/rss/articles/CBMi7wJBVV95cUxPSXRfV0FfYndqbWJXaklpbjlGZFFDMHBHcFZCZGlwOEJOcExQYmVvN2h5bENmTmZfV2hsY3J1bVg3TV94OEM1MzZROVdHX1I0b1dlcEM4U1Bhak5YazVabnZDQWdGcFZyeFJUUXE2THFfd05PWUY5SGJYTnNLV0w3dkNmY0FVaHEtNlltTlhKeUxJWFQ1NzRBRnJjTHJ2bk02cXE5c3NFdlFibTNaLWV6b2xXa3ZkaVlzOTM0WlhzbmhLcFdDcWJ6aUJrZlNvT2MzelYyZnpWRG9LZC11aHBScWlGcDlTUHc3SUZmRHFPUUVmRDJmWWdmeU1mb0JEVUxxcnBjaS1BcTRaUEY4MnZDOTB3UFhYZWpDWUlUckV5aUZ0X1BtRWVGTm9mbDZ6RlJuR3QtenFobTlUSl9rWmUwSHNzT2x1OG13a0NkNWx4UW0wRU5RSEhZamFQU3Y1QWJncEg1TXdJTXNpbFY3TlJJ?oc=5,,O'Reilly Auto Parts to open its 52nd CT store at the Milford Plaza MSN,
Lowe's,Rahul Vasaya,Mass Merchandisers,Opening,Lowe's is set to open 5 stores in 3 states in 2026. See where - MSN,https://news.google.com/rss/articles/CBMitAFBVV95cUxNTHEyMVZ6WVhvcEdXN1VqMTF5NnltRmwwbmUxX1pkcWR6bFU2OW00MlR1cVJySUFCcmp1cURfMUNHTDNDYnRkeHlaM2FyMjc3TDBPRVhCZDhGN3pQMmszUWJaazRCU1lsaEFPdVNUMlJtZWxJbUlUNFJnbGVtSGRTcE9OZ18zUzFrT0R6ak9VOWJUZHFYeDduVXBzYjlYYzAyMldrZWszTk5NdkJqNERRT1dtMks?oc=5,,Lowe's is set to open 5 stores in 3 states in 2026. See where MSN,
Chick-fil-a,Rahul Vasaya,Restaurants,Opening,Red Lobster In Ulster County Demolished For New Chick-fil-A - WRRV,https://news.google.com/rss/articles/CBMijwFBVV95cUxOUGVQR1hTWEszTXBjRDNzTG42cGprai1NQlpUQlR3dldVX3VQSm1BcENMV0gwR201Ty1UWkFjN0s3Y3V5S2VoeDN2MURQZGZxQTVvTTBsWnQ3dVoxVWVUaUV6YmQ2ekdZNW1FYk9xQTFvSkFfSW1wTVVHVm9sQVJxLTh6MlJ0MUtJMG0zcEhTNA?oc=5,,Red Lobster In Ulster County Demolished For New Chick-fil-A WRRV,
Chick-fil-a,Rahul Vasaya,Restaurants,Opening,These 2 popular restaurants are opening new Triangle locations. Here’s where - The News & Observer,https://news.google.com/rss/articles/CBMid0FVX3lxTE1OSG0wTzV6SG02NmdNb1M5MXp5M19DeEp3WEJFRkRUVFE5S1g1RS1MZEVmd1dyMUVFbGlZRHd1TVdGRjdOYmtRbENsbjEteVFvVE5ERnk3UF8zZU9qT3c1aUhGdG1icmdOMlFhVkp1ekhuRTFLdFNZ0gF3QVVfeXFMTlVwVTFRdTdUX08zZWJTeEw4Rnpfa25pM09Ta1k1ZHlHU3ZDWjJMTHdYZjFqSkNnMno0RTdTcUgyR0ZaZFdEbmhEbVpDS2M3RFdQZ3A1TUZsYU1kQTRJYmRILTlfVVgtOC0zSUhyUUREdU4wcTQxWmM?oc=5,,These 2 popular restaurants are opening new Triangle locations. Here’s where The News & Observer,
Chick-fil-a,Rahul Vasaya,Restaurants,Opening,People line up early for grand opening of Ocean Springs Chick-fil-A - KOLD,https://news.google.com/rss/articles/CBMitAFBVV95cUxQVjd1YXNmUXBUMlFoYzVKTnhDX0psODZtc3dlQ3drU1NwNy1UT2RqN09QaU5QSDltQ2wzdlRPOHlYd3A0OGZuMnVWd2RLZlFicUdXQWVoMGpIVm12bTJqNXNGakMxTHV3SVljVWE0THdkRms4eW1zeHU3TjJMeUM3RjF3Z25OQ0pwTHdhc1BZLTh0MDV0ZFVDckcteTE1SzA4b1h2VzFCT0duMzBQT05mcEJOY08?oc=5,,People line up early for grand opening of Ocean Springs Chick-fil-A KOLD,
Chick-fil-a,Rahul Vasaya,Restaurants,Closing,Chick-fil-A Ocean Springs welcomes customers for the first time - WLOX,https://news.google.com/rss/articles/CBMikgFBVV95cUxOYzNOQlBQUHRHTW1SVmxhdGJrTHdlOXNPUnhCYnplVy1kZm5qRDVtVVhKTjA4VUpoUXpuSUdobWp2bnQyTFZxWWd4ek1uN3FrZUxPNVVSU3JNYTh4bW9zQlhVUlRudHZPX0RuNDF3M3dNVVhvcUhIMXhUNUZtZ3dPbUpXdlpRUUdsOGlTc1FFWkhqQdIBpgFBVV95cUxPM1dSMmdiTEZuRERieFRZclN5Qy11cThHYmdXUHZwUm5WNEhTYlZwMjR5ckxTa0gtczcyVV9VYW8tdEdjVVZuRGMtT3BQaGVRZHU0TGlVbUZDNEpmWEVLY1EyaWh1Tkt3WTI3dmZ3bXhWeEN6d2g4b2daQmVNVG0xYUNQdk1hZGpMc2xMa3hiQzVZRFNVR1hWT2xJaG43YW9aXzlObHNR?oc=5,,Chick-fil-A Ocean Springs welcomes customers for the first time WLOX,
Party City,Dhiraj Manghani,Mass Merchandisers,Closing,Party City Is Back 1 Year After Closing Hundreds Of Stores—And You’ll Find It In A Very Unexpected Place - Yahoo,https://news.google.com/rss/articles/CBMiigFBVV95cUxOdGhSeEZ4c2Q0MXZGNU80cUdUa2ZQZGltU1dzQjluU2gzbUxSTTNQSGlTcWE3SkFwc3BoSXRYN1VWTDdkd0dkbE9jVGZIR0tqMHkyZzF3TThQa29JNE8zUS1neFZjYlk5NVJlalFqOVM3VUFIWHhLWUZjM1VjQVJjT2Q0ZzhJRm92YlE?oc=5,,Party City Is Back 1 Year After Closing Hundreds Of Stores—And You’ll Find It In A Very Unexpected Place Yahoo,
Staples,Dhiraj Manghani,Mass Merchandisers,Closing,Party City expands footprint through Staples partnership after store closures - Fox Business,https://news.google.com/rss/articles/CBMisgFBVV95cUxPNTc0S3ZVcG5Xd3hxLXU3WUJNY0xIaW9uaEpmbHRPWjZLQk13R1o5ZFA4QUdXUGxlQUdKbWtvRHN0VTRoZjdQYzJrdGN5WTJ4U3l3SGNmYUpESjVlNTFvcGlEVDZsNFFZcTFvRkRYVWxhOHNnb2h1ek9LVVh6WUw0OWZWWGkwQW53em5CTlliWDVXUUh3bXdTSlhMT2RJMWplQ1hLNjgtUHVkcjdQci00cXNR0gG3AUFVX3lxTE9JMWlwdEZleTZwRENEN3VCY0l2STF6X0t5QmpvdFNhQ3M5NmxsY1N5ZUMweFVCZlZ3QWxTUG9DWXFWa2VSWUNRQnppYm5VVVRMdFJFT2Zkc1hWRW45YmNrWjdZMk5uanBadjlOZjhON2ItbU5vd1pLNHN3cWRaT3JFYTFBeFhQcWtUQi1EVmtIYXhYTmNsWmFHbHoxWVRWTFBLZ3ZQcE1fMVo1VWxzekZPWFBTdkdKZw?oc=5,,Party City expands footprint through Staples partnership after store closures Fox Business,
The Container Store,Dhiraj Manghani,Mass Merchandisers,Opening,The Container Store Launches Store Reset Ahead of Bed Bath & Beyond Integration - HomePage News,https://news.google.com/rss/articles/CBMivgFBVV95cUxQNFZud0h2eE5nSmZzMWV0dGw4dGprRGdnSm55UHdnRDB1d1NOT3Rxam12SG4xRUF1RHB2eVJuRE1VazV3MDhmZk5mM2RFTXZEUXlwNFg1WGZDTDFEdTE2R2p0Z0VsUnJadkhUa3JCTG91UW52NFRELV9PMWpnTVNqWHFFYWQ5bDN3ckxXQ3dUVkRvR1dTYi1vN2lTekdRdDBpN2d4cVR1QzBVTkU1aW11X19Sb2pYQ1hSYVhoSk93?oc=5,,The Container Store Launches Store Reset Ahead of Bed Bath & Beyond Integration HomePage News,
The Container Store,Dhiraj Manghani,Mass Merchandisers,Opening,Smoothie King Debuts New Store Design With 200-Plus Locations In The Pipeline - Bisnow,https://news.google.com/rss/articles/CBMikAFBVV95cUxNSHY2U21rTVlueE5kLVoyNHRMbUhib0puMmQwaDAycUZFcUx5dWhkNEhQeDVmNHRiTGg5ZEJlQnlrUkF2YTRhdDZVOXA0UXVkQ1FWdGhkNlpFaXloVjRFVENwRXlOTFRpcGlJQ0QyQXl4Q0g3LXdVUjlxTU9sYUtOUlUxdUduQnBmWm1Nc3JraUY?oc=5,,Smoothie King Debuts New Store Design With 200-Plus Locations In The Pipeline Bisnow,
CVS,Dhiraj Manghani,Drug Retailers,Closing,CVS issues update on new ‘middleman bill’ & says all stores in state may close - the-sun.com,https://news.google.com/rss/articles/CBMihwFBVV95cUxORVJ1UkpUR1c5NXRNR0w4VnBBMmZna3VmTi1lcDVwc25kbWExTkpaYkRiOWtyZWxhX0xnQ2lQM2FVOWZiSGJYU2dOeWUtelAtUTQ2Y2hPRmVQa21nRUNMWG1wQWQzb0Fwc3NKMXlfbzNsU0xKVnkwMkVSc1RCVzhjMDJUTk9XT0E?oc=5,,CVS issues update on new ‘middleman bill’ & says all stores in state may close the-sun.com,
PetSmart,Ayushi Chandel,Mass Merchandisers,Closing,Is PetSmart Open on Fourth of July This Year? - MSN,https://news.google.com/rss/articles/CBMi2wJBVV95cUxNUnFxRTdjSkFYdVZDRlVqWlpkQ290cnB0UUhvRHg1X2Zna2JfOTdRTFBpR2xIMEwtdFF5VVZRd25oQlNVdkc2UFR6S0FjeWNKX3BSR0RNOHdiQmpXYlE1NzBKcGVZOG9Gb3IyUENicVN5Zm5QSVpJYkJtVzRla3d0OG4xY0dvc3VPdW1lRlJFcmZhN3JiTm5QREY5NlpJZ3o5MmxHdGN0REZRaTJBMTlOT2VsN2l5WjlnU1VPYW0yNW80UlhySEFPMjZ4SFpaemNSZXB5Unl6WFh5VHV6U0VSTTViWk9NNnltQVBuTUIyUTRTcjhoVWU3b29HSzNhV3MyNzBpcjBNd2lhRXNNYS1QOFBScEpNTkJkMUVsSDAxR3FXd2FSeDJkbnJGYkNfeXR4Q0lqRWNNaHRyZ05VeUYtV2pVOTVLZ1hUcHM4VEQyNEtlUTJiY2JpSTEwSQ?oc=5,,Is PetSmart Open on Fourth of July This Year? MSN,
Wawa,Ayushi Chandel,Convenience Stores / Distributors,Closing,"Wawa recall, music shop closing, new boutique: Main Line business news - MSN",https://news.google.com/rss/articles/CBMi8gJBVV95cUxQWG40b1hqRksyOXFMZUZrTGI3bGdPRlAwQ2VMMFIweUtaTTc1S1JDX0tSWnItMnRhX1hFUzlCdUJYVmRoNTNfVl9XejZQcVhxRGhXTDhlVzNjeGxPM1NiazdGVmxsUUVmM2hKRGttVFJnWkJ6eFVYM0k1ejRjTkdzYmJtSXFTWHVLNm5USjg1alBBMnVFZFpvd3ljUFMyRWJlUmRuMzl1dDQ3RTVmYzk5Tkl4aUNUd3NSV1ZxR0ExSzVTSzU1Y0wxRHlUSUpfTXNzZHkwOGF2a0p6SVpFMDZpal9qSDBLem12RE4wWXpIWm5jUFVuTU9Wa3dEVC1CdUhoVWZhWkJWUXh4UmtkNDlDMmd0VUpJSUhuX1RkUFFfZURtNDhPY3FUSnA3Sk5vNHM0czcyYjhjSDVKZHB5czdIV0V2WkFtbmhUYVVrWkxjOERhUmlUSnpvVlVtTi02RmlZQ3Q4ejQtYVU0MXhXR2pWZV9B?oc=5,,"Wawa recall, music shop closing, new boutique: Main Line business news MSN",
ULTA Beauty,Kashish Kasar,Mass Merchandisers,Closing,Is Ulta Beauty Closing All Its Stores? Here's What We Know - MSN,https://news.google.com/rss/articles/CBMi4gJBVV95cUxONmM2c2JtNkd4blRfQmZYWGpKd0FPYXdUUWY5R0xJMkFfbEJ6WS1pSjdjSXIxX1FCRkl6MUxUa2JQYlRVSHhPdkJ6UmotX0NIN2RxWENWc3l5aE9BYmNPSDNhWnF3UTM2cFRCb0tsaEZzbmF3clhmdzdlbWpPc2pwbFF4d1d3VFg0NF8yVGhlNzVqNTF3RHBkNGNxZVI0MFl1aEM2UWIwRHJPamFqRVh6Zzg5dFFjbl9HemF2UnVnLTlrNC0wOTFMSWxtcjhlVHQyaTVBa3VScFBYZC1wR0RfYmF0U3lTZExBb3p5UDVPVlFJSE9wWVlnYWZsY0ZNTnNxRThWRUlSendaWm13VW1SQzlVSE1PMFNTZ0JUdE1DN0kzdFhTaW9nYWM2dzUxa1RMR1JVd2k5akNLRmZlSHE0QWZVZzlYSlFhcGJxUzJlNW0xb3pOSHQ3aGpFY0ZCakExb3c?oc=5,,Is Ulta Beauty Closing All Its Stores? Here's What We Know MSN,
Sheetz,Ankit Rawat,Convenience Stores / Distributors,Closing,"Daly Restaurant, a Livonia landmark is closing after the summer season - Detroit Free Press",https://news.google.com/rss/articles/CBMipwFBVV95cUxNakUtb3lxUnRlSzdjbVJRQzVaRkctZXAzRFVsUm5fUTE2aWgzVWt3bGZQM09FT2pHMm90Y3E0anNzaFlKaERYVEJhWUdRTGxuZGd3RkVNb1RieHByWWNXcEp0dDlBX1VjR3E5X0NWOXd1c29vOTBYcVJ2TzhLcU83Zzg0em16S1U1c3ZxT0RESVZrOS1mWmVxMEVRUW91YXVkTDZNc25ZTQ?oc=5,,"Daly Restaurant, a Livonia landmark is closing after the summer season Detroit Free Press",
Boscov's,Ankit Rawat,Department Stores,Opening,Boscov's to host charity event ahead of Greece Ridge Mall grand opening - MSN,https://news.google.com/rss/articles/CBMi8AJBVV95cUxNQndNZy1DODVfSV9tS0U0MUtwV29FQVRXc1NiaVotUVRQdmZ4T1BCai0xdWUzLVloVVVyVzlXeW5nSHQ1dmVuMFJrWE1TR1M0ekh4Wmx0S05oSzd2YUMzMlZXM3g2dUN3Q2NhVm9PR1luNG81dk44MEtuOGw3OFBTT3NTLTVSaERRUFFBV3FIWU55MHBmNXU4SzBXU2dKM3BFUGIwRnVET0dVWDhhZG9XaEozZmJqZThZb1lDT3FGWWdTOGZ6dkNjaW16eVZKcmtLRWtyZHB4WjQ3cmU1d2NQbVZVOGJ6M2VHX1J2N01rMXdjcF9PNTI2Yzd4alBpTGxnRDVENFl6UGxoRzFRcFdxRWp0U1NPQWVETmhXQ1JYUElvanpleFVzUHhQOVJzTGh2UDJoSV9aNi1pTjdOOUIzUE1sUjVUNUdhZVRBaFBadWVGTEJrQ1ctclU4QlFMNFFQeWRrVVcxUGRUVjRfeHlQUA?oc=5,,Boscov's to host charity event ahead of Greece Ridge Mall grand opening MSN,
Macy's,Harsimranjeet Singh Ghelani,Department Stores,Closing,Macy’s Is Closing More Stores in 2026: See an Updated List of Locations That Will Shutter Soon - inc.com,https://news.google.com/rss/articles/CBMilwFBVV95cUxOSWs2SGh0bzhibjBmbTF0V1VFbGlrc2lVY3ZncXNZMUhXaXFwMldqanh2SjAwSmhISEc0NnVIRlUycDhzRDB6N2hPTXB1aWtkM0JaOUJWUUpKVXhnU0JOTmZQMHQ4QTBxMlpJdXplS2FjZGkzNWUwS0JUSWFJem1nMzNPMjB5a25XYk9ZRWNXS2FYS2VTMTdN?oc=5,,Macy’s Is Closing More Stores in 2026: See an Updated List of Locations That Will Shutter Soon inc.com,
ConocoPhillips,Harsimranjeet Singh Ghelani,Convenience Stores / Distributors,Opening,ConocoPhillips expanding WNS G&I facilities to include Willow - Petroleum News,https://news.google.com/rss/articles/CBMixAFBVV95cUxOYmVmRzdvbFZ1U05RaVgyVFVTWmYyMlpFdU43NVVYZDltb3Nhbm1QQ2t2TjMyWFQ3S3ByOFBKN2hJZWRsbmJVVE8wZjNHQUlka1lnUUxRLXROYU5JTHJuSmt4bldHMUhFRDVKMnEtamVSLV8xOEM1bkhaX1FtQ0RPTlVqQlY4cVM3cGxoS2NIRWQ3MmtkLTZKb2V6TXNHckI4U1BMWld6Y0FtTFRlNTJXOFhqMW90U2ZRM2VOTDlxQ25UX1pi?oc=5,,ConocoPhillips expanding WNS G&I facilities to include Willow Petroleum News,
Joe V's Smart Shop,Moksh Kashyap,Grocery,Opening,Here are all the H-E-B stores that opened across Texas in 2025 - MSN,https://news.google.com/rss/articles/CBMi_gJBVV95cUxNRkZiVDBPeWdGQjBheDE0NHNZNUhONHVKS3N0UUUwRTUwZW1jQnRiM29EYkNCY3ZHNTRyUUlMRHRYRFZoWlhPS2tKeGptNHlTZE9kQllPeUQ2QnlETHZLQWtJWUU5eFlUcXcxRXVQd2NOVzVHcTlXRlYyakQ3VDJKNC1vWVlOZC1tQ2RHUHR4R29jdnQ4YVEwNWJqQU05M2gyTFU2MUdkN1lEcGU2S0p6QWJHalMwenVMZHJycjFiaTNQd3FVczc2QVdzY2FaLWQwM3NyR0dPWUtONWpkenlkQTJhSTJOcko2X2o5RHU2VXNUTzFDcnRWWkdMWnRKSFRENlN5Z3FPb1p1aWFNNkZkMnh5TTNDVkcxQzRiSF9WdXJGbTM1TkhvdGQ5RE5RZHJPWkRvMW00ZTliMS15RjRMSk0xSmpuVkNJRXdlcTNWMWlsSHFEMWRIbWRDa0toSkJJdUNCN1NVcmRVVFJpTExFbFFFMkEwalpJYnkyWEF3?oc=5,,Here are all the H-E-B stores that opened across Texas in 2025 MSN,
Joe V's Smart Shop,Moksh Kashyap,Grocery,Opening,H-E-B to open another new low-price value store in North Texas - MSN,https://news.google.com/rss/articles/CBMi5AJBVV95cUxNZlBxVU1NTUdMbDZ3aEVEbXBIWDU3UVpZNXAtby1NT1VQSnJySERmaDRYcl9TMUhGc284blR2LTJSTjJfdWFaRW1hZzFIbW1XcTdBTnQ5TXhXSEEwQW5DNkhhd2VmNXR2ZkVYc09CTlZlU3AyU2ZuWEs2NmtyVWNZYVBnaDJ5VHBpRVhPYkVaRUF3bTI2TmtOZFk3dkk0bUljN2lCOE40VlNYVGw5YV9LeTZQVE5ta200bTNTcTdzSEhyUUxVOGJWYW9oQlZmSHBSbjVVMFhIOXIyQV81SDJOWWhicDBNc0U2OXBSSzFsOVloTGFuUU5UOUdHTmFzUnF6UUk2UnpxNThQZllKd2dRUWdqQXpnRDZ5R0tBMUstME80MWR4WW9TTkV1U0lLOXJzWXZSR3F0ZjBNMUw5Y3hpQ3pZUGhRcno2ODNFd0pyR2J3cGdhXzl3YXl1aTFDT1NoWEREWQ?oc=5,,H-E-B to open another new low-price value store in North Texas MSN,
Whole Foods Market,Rahul Shinde,Grocery,Opening,Whole Foods in downtown Jacksonville gets official opening date - The Florida Times-Union,https://news.google.com/rss/articles/CBMirAFBVV95cUxPdjI3ck9heC1lWDNnRk1lN19ySzl5dlhLQ25seTJCSVVfVkRzZnNoSzgtOEZlVTNhQXFuaUhvZFRjTW42Vk9ET0NwR21RMkdtVVQ1OHVnb3lkSDNWRFFIWU9uMXRVcEIzZjR1TUg5bTMyQWN2cFpQbUNnYklOYkVZY0YwaHh5eDZld2NNemVqNXVXN3RRTTUwNXRtUmxoMmNPRHlnZ2VDN3NIbFl6?oc=5,,Whole Foods in downtown Jacksonville gets official opening date The Florida Times-Union,
Whole Foods Market,Rahul Shinde,Grocery,Opening,Whole Foods Market opening new Florida grocery store. Freebies available - AOL.com,https://news.google.com/rss/articles/CBMihAFBVV95cUxOTkVmLWtMSWZtVnZscU9YUGNxOTJPY21YMmhnMS1MUXNMMkdZczJpRUNJZDA2WXFMOGxNVGN3elRBcHdud2FVbDJZVmctaDZpYlNqUUZKcWxDRzBMeUpXNFB5WDZYWTVpdzhJQWtVcy1ub0liU1p3YWxicnhfY1hGdVRHMGM?oc=5,,Whole Foods Market opening new Florida grocery store. Freebies available AOL.com,
Whole Foods Market,Rahul Shinde,Grocery,Opening,Whole Foods Market opening new Florida grocery store. Freebies available - Panama City News Herald,https://news.google.com/rss/articles/CBMizAFBVV95cUxOVzkwblEwVmhBeFFCTXExZmlZdEZ4TXFEN20zU250T25qVi1oS0pGbW5tLWZ6NmI4VVBJOEpfNnA1TGhpSDk3b21hMWlWR09raHJWX0dYNzFRVy0wcUFxVFVQaGFkRDNwbS14M3RZWlgwZzA4bFRSUmdaV3NvNHhvUk1fSUZaZ1A1TWRuZ3Z5XzhacC04X0hRRDlULS1ESkh6TGZiaFp3QWVLSmFYSDlNUUtHLTMxakdNVTJvd3BXRVF5enZjTFhlcDRzSHE?oc=5,,Whole Foods Market opening new Florida grocery store. Freebies available Panama City News Herald,
Whole Foods Market,Rahul Shinde,Grocery,Opening,Whole Foods Market to Open New Jacksonville Store on May 21 - Progressive Grocer,https://news.google.com/rss/articles/CBMiiwFBVV95cUxOMmVUcjRhc3d1WXF3MzZvYXhNSnRoTXotZlAzb0h2UWxub1dyaWRYVm1fRk5GMV9NLWoyVFhwdlEzb00xVGFqaGxCNlA4Zy1wQWRMOE52NkFwYUtlNFUzdWg4ZVoteUt4S1ZkZlBfNUxteVlfdkhuZmtPUWN1UzRUUVhVYWJlR1RJNy1n?oc=5,,Whole Foods Market to Open New Jacksonville Store on May 21 Progressive Grocer,
Whole Foods Market,Rahul Shinde,Grocery,Opening,New Whole Foods Market in Jacksonville to open May 21 - Mass Market Retailers,https://news.google.com/rss/articles/CBMimgFBVV95cUxOWFpRcFJNQU91TGJCdkJqbjJPVGFyWWdNZzZPRkt0dmlRci1HNjNGVEswakJlemladTAyTm44UmhycmZMS2wydW1GM2JKWjNTUkFiUE1nZmtvOWNlVnhEV0pXLVhaVFlDVjg0YUlGYVhQZUp3NVFoUC1JSW0wYzJYR3RnQTFWLXU3ekVBdWk4TUQxNU9JUTd6bDZ3?oc=5,,New Whole Foods Market in Jacksonville to open May 21 Mass Market Retailers,
Whole Foods Market,Rahul Shinde,Grocery,Opening,Whole Foods Market announces opening date for new Downtown Jacksonville store - Action News Jax,https://news.google.com/rss/articles/CBMi2gFBVV95cUxQR20tNXNyUnJjcFF6aUdHSWVyQ1ZnX25NQkM1V3ZJaDc1cUNxaG5ubDFsVGpDR19sUWdING9fcTFMOHhmY3oxVUZkckdyM1ZQb3phMldkMy11NUdJOG5SanJobEc5bGU5aTJZWU9NZTYzY3BLVmpkRk5nOUw2OE1nQXFXMUNyMVJxRXZYbWxPaEtRZzhjZjJFbUlka1pRTGlOUFJwSDRmcEp3SmViX0F4MkFqb3o4T1Zzd2Q0QVVfWktUMEc2c3ZZUUlkcF9uUWoxVkVHME9WSzBiQdIB7gFBVV95cUxPNEdMN3JhV2dMY1J5ZU5Jc2MtVGwyVXBiaWRtREk0ZWFxTE54VHp3bGhIQndjTUxhclBvNWxMTDBVWHlSOTV5S3pqQXRZV2xScDBheHBGZmtlM3lPOHZmRmJwYml1bzVlRlo3V01RT3RGTFJFd2psR1Z5ZF9mbFVPQVBodzlvQnhxRGowMjN6Q2NJOWw1LTBobmdkUEZwN3psWVE3ejkyNWN5UXBVbExnSkVUWTNnUzd0VXF0OVNDaGh5ckk4MkpIZ0hlZkhOWGx5TEs0Uy0tdHpoQVZsbWJRQUJVZTlLMmNqWkNrVnlR?oc=5,,Whole Foods Market announces opening date for new Downtown Jacksonville store Action News Jax,
Whole Foods Market,Rahul Shinde,Grocery,Opening,Whole Foods Market launches new shop in Liverpool Street - Retail Gazette,https://news.google.com/rss/articles/CBMif0FVX3lxTE9uMS1scTQ3V1dzZWJiTUVQMG1EOWVveVpPbHBwclQtVjhiMjBOUWRLQ29OX0lDQXdSRG5ISkNrdFdGUjQ0R2gweTRaWG80VXpfWnkyZnVhd3I1OExxekpyV05aeUVrVGtOOEN0S2JqLS1UT3h6eEJQeDhKaUJReTQ?oc=5,,Whole Foods Market launches new shop in Liverpool Street Retail Gazette,
Whole Foods Market,Rahul Shinde,Grocery,Opening,Whole Foods Market to open Brooklyn store months ahead of schedule at One Riverside - The Business Journals,https://news.google.com/rss/articles/CBMikAFBVV95cUxPYXZTR1N5LUFSaFhqSk5CdnE2NDFERUI3TjhnX05EYWRRRXZnVWZJODhGNkJNc3lINkhCamMxN2ZDMzFpeWpPYmlrMkU0Wmp1Um5NLTZZNG5TWC1yU2M1ZnI5VUxNUlhQaTFiRDZWUVQ0eVRZR3EyWVEzN24wQ3RpX2dDTElUYzN5QXNrV1p3U2M?oc=5,,Whole Foods Market to open Brooklyn store months ahead of schedule at One Riverside The Business Journals,
Grocery Outlet,Rahul Shinde,Grocery,Closing,"36 Grocery Outlet stores closing across 6 states, listing shows - MSN",https://news.google.com/rss/articles/CBMi6gJBVV95cUxNLUNTUW5RYXRkS245bC1PSHZVVGhCYktIcUh1Wm5vTjhBN3lqdFBlOXFEV212MnQ4dzVhS0dBa3pMeXB2VTZRQXA1eFRiRlJUc0dvSnFjNEhCcUMxV2FEMVVaVEt4M1E5Q2JZLTNiS01PNlZoSUMxUHl6VDhLZ19RUW56bmpxdDBiRnJuaTdOeXZVYmJyck5aTGJUbURJdFdxandTRlhHNTZXeHFQSnM2SDN6NWNxUjJlUFVlMUZyU0FwR2dMejdtX1ItQlBTd3ZWY2puZmxBYkVET3dIcXlVcFpDWklTemQ3YWt6eFlmRmRvV1ZMamxvQzd6TG02MVM4MnBqYXljTWtlWWJ4Q2EyVVNza0xKbzFTM2gxRzdrSl8xRUtyb2Jhb2pSYkZSdzN4T1JOa2psNVA1SU9MaURHdmIzSDNuNHhMRi0taTRIOTZTVGcyZk1PMUFQbW1XYVNacV9xUmcyV2Uzdw?oc=5,,"36 Grocery Outlet stores closing across 6 states, listing shows MSN",
Grocery Outlet,Rahul Shinde,Grocery,Closing,"Grocery Outlet is closing stores in South Jersey, Philadelphia, and Kennett Square - MSN",https://news.google.com/rss/articles/CBMiggNBVV95cUxOTWp3TExzSEpMcUszelc3SUwzTk9kSWxzTnpOZnl6cUZmN0NrdG9iWnh6RjJJRHFfRW16Y3d3Y1Q1VWhSVUJZb2ZPVmZLQldOcFpoc1ZuSnItaGphSUx3SV9HOFZsdEZ0MmxWUjFieFVaUFNLVU15VXVtN2JFNjM4bFF4bTFOSHFUZm0xM0hwaWNhS1gzZXdPS0pOZFJiODdoOFdTSktXaG1NN2pVdUktTU0yMk43VGN6YlFmX1JmeDU3dmFqM3h0TGx4d1g5ZGhMYlg4U09hbWExbXdvdUNqQlBPeGlkM0d3aFgwbC10RVM4VS1kRkVLeG5kaERaSkM3WThrejZtTnk5YXB1ck9janRFVDAxQ0pxUjhpbWZGWmFxZF9CcFhFV053am9aQVByN3pLdmdyanRQOXRkTWdDei1rdGhKODVncFZLOUNQZFQwMHMxZ1hvSVY4SkdxZnlKS0tUWXVXNlpaRzhGZlZyVmliZTRZT0hSZkl0NUJTXzM2dw?oc=5,,"Grocery Outlet is closing stores in South Jersey, Philadelphia, and Kennett Square MSN",
Rite Aid,Shuvechha Dere,Drug Retailers,Opening,Dollar General swoops on vacant Rite Aid - and shoppers score free gift cards at grand opening bash - the-sun.com,https://news.google.com/rss/articles/CBMimAFBVV95cUxQY0N4cl92dGNYaF9Nd2FXd080WkZMZ1VfMWlXY0ZEV3YyTmtUTmxNOHFZSjhmYUl3TlIxbUluUTVJZ0Z4SmhyVmdodUIzUGRQSTRtclEybXNBbjB4OWFHWEZMeVBFVHRnZzZJeGVYMVhZSnhlYm5BRnpIaFh2TnBTaU13VFBXWW9Gb2FiQ09PdTcza2Z0amYzaQ?oc=5,,Dollar General swoops on vacant Rite Aid - and shoppers score free gift cards at grand opening bash the-sun.com,
Dollar General,Shuvechha Dere,Mass Merchandisers,Opening,Dollar General swoops on vacant Rite Aid - and shoppers score free gift cards at grand opening bash - the-sun.com,https://news.google.com/rss/articles/CBMimAFBVV95cUxQY0N4cl92dGNYaF9Nd2FXd080WkZMZ1VfMWlXY0ZEV3YyTmtUTmxNOHFZSjhmYUl3TlIxbUluUTVJZ0Z4SmhyVmdodUIzUGRQSTRtclEybXNBbjB4OWFHWEZMeVBFVHRnZzZJeGVYMVhZSnhlYm5BRnpIaFh2TnBTaU13VFBXWW9Gb2FiQ09PdTcza2Z0amYzaQ?oc=5,,Dollar General swoops on vacant Rite Aid - and shoppers score free gift cards at grand opening bash the-sun.com,
CVS,Dhiraj Manghani,Drug Retailers,Closing,CVS eyes health services growth as Walgreens retreats - MSN,https://news.google.com/rss/articles/CBMipwFBVV95cUxNakZhdjhLM09abGpKTHdHaDNXc1hOR2dhREYxNmhIcklvUUdkZGJib2o4OHJBSWpLTlpFbzdDZnNIMHR1SmtGMFI0UWRuUmhoOW9IUUU0X2hWWXNyMFZXbjB4NXhMbGFYaGVwNUlGZnViMjlIazJIZ0N2d3FIVWxveUpwdkkwRjJaSHpkaU9sa0xXVXVrYTY3aUl3U3VSZHJYWXFiam1HOA?oc=5,,CVS eyes health services growth as Walgreens retreats MSN,2026-05-02
ConocoPhillips,Harsimranjeet Singh Ghelani,Convenience Stores / Distributors,Opening,Why ConocoPhillips stock dropped on Friday - MSN,https://news.google.com/rss/articles/CBMinAFBVV95cUxQcjU2ZlIxLXI5a0pqQlVMLTZWczlqSHN1NUNIMG1NTDdjcmpacXJNd0tLYk0yMEdNM1M4M0NiX1BTb0luNVozY1piQl9rQldQVmowdlVoRXAwREdmeG9HamFUZi1RSXVVSC1KMl9SUjRMT2lzODNaR0gyS0VqYnRKSkF6Y1pmbV9FMXdyd2JkVmdPaHVuS2xYNC1iTF8?oc=5,,Why ConocoPhillips stock dropped on Friday MSN,2026-05-02
Trader Joe's,Rahul Shinde,Grocery,Opening,7 New Trader Joe's Items You'll Want To Try This Spring - Southern Living,https://news.google.com/rss/articles/CBMid0FVX3lxTE54QXhiaDZ2MlNiRHZ4TkpDTEx0X24yYmxsN0tNOGk1YVllVWNxWU5nZklkbU5uQ0Y5SWRUUWNlSG81SEpKQ1lDZzg0UXFtRDVuaExJSGp5MHBfTTdNWFpWbHBKcmRrX3VUOWpzeU9XOS1scHduM09Z?oc=5,,7 New Trader Joe's Items You'll Want To Try This Spring Southern Living,2026-05-02
Trader Joe's,Rahul Shinde,Grocery,Opening,Trader Joe's near Stone Oak to undergo renovations - The Business Journals,https://news.google.com/rss/articles/CBMinAFBVV95cUxPSTU5TEZRQ3h6TC1ySzM5SzV1N0hfQ3FRQThhWDdtMnpEY3FzemVLaTBEX1dhTW9oUlhlY0h3S0FHdjdjTXczVmU2bldLbEFEdmNrTTZ0SVFhX2cyd3BqUG5odjRpcjZfd2ZKelJNRHA3a3pFa1hrYnpSdElvQlVDUVRhNFFCdGkzUFA1VUZ1ZHhPUXZWMDVGMVFRekg?oc=5,,Trader Joe's near Stone Oak to undergo renovations The Business Journals,2026-05-02
Wegmans Food Markets,Rahul Shinde,Grocery,Opening,Here's how much Wegmans paid for land for new store in Cranberry - The Business Journals,https://news.google.com/rss/articles/CBMiqgFBVV95cUxPMko3elV1OVBlZlEwWW9hVmNRUlg1OTRsaV9qRG91V2p4QVN2QmhhWUJlaDRWV1RHbzU2d043M0xORlRFaXNmYmlQY1p2blh3cUNyQzJPSDMxTGhrUlI2Y2NqZG0teDZXYmF1Y0ZWWEdvbFVReUVuc09OSXluYVF1dklwSDZqZzIwT2RFeHEtRTlzYmRkajl3bUg4Ti1weThzdDhlbC1rN1lSZw?oc=5,,Here's how much Wegmans paid for land for new store in Cranberry The Business Journals,2026-05-02
