city,title,date,link,image,Date_Appended
Austin,J. Crew Factory coming to Cedar Park,3h ago,https://communityimpact.com/cedar-park/business/j-crew-factory-coming-to-cedar-park/,https://communityimpact.com/_next/image/?url=https%3A%2F%2Fassets.communityimpact.com%2Fuploads%2Fimages%2F2024%2F05%2F02%2F307933.jpg&w=1920&q=75,2026-10-07
Austin,Palm House Museum to reopen in Round Rock in November,3h ago,https://communityimpact.com/round-rock/business/palm-house-museum-to-reopen-in-round-rock-in-november/,https://communityimpact.com/_next/image/?url=https%3A%2F%2Fassets.communityimpact.com%2Fuploads%2Fimages%2F2026%2F10%2F06%2F40b001e4ba933f5fc612149b286336bddab746449ee9902b248fa6327a6c6837.jpg&w=1920&q=75,2026-10-07
Austin,Crestview Baptist Church to open new worship center,4h ago,https://communityimpact.com/georgetown/business/crestview-baptist-church-to-open-new-worship-center/,https://communityimpact.com/_next/image/?url=https%3A%2F%2Fassets.communityimpact.com%2Fuploads%2Fimages%2F2026%2F10%2F06%2F3630bbcac7cd7af43162893a87e123db5be4cae36bc05891df01f36251a0639e.jpg&w=1920&q=75,2026-10-07
Austin,Bastrop's beef business,5h ago,https://communityimpact.com/bastrop-cedar-creek/business/bastrop-s-beef-business/,https://communityimpact.com/_next/image/?url=https%3A%2F%2Fassets.communityimpact.com%2Fuploads%2Fimages%2F2026%2F09%2F22%2F0483c3d8964e4d6f05665746a832ef0d067e9f00fdc93ff418ecc91e3792bcf4.png&w=1920&q=75,2026-10-07
Dallas - Fort Worth,Chuck E. Cheese Adventure World planned for Plano's Creekwalk Village,3h ago,https://communityimpact.com/plano/business/chuck-e-cheese-adventure-world-planned-for-plano-s-creekwalk-village/,https://communityimpact.com/_next/image/?url=https%3A%2F%2Fassets.communityimpact.com%2Fuploads%2Fimages%2F2026%2F10%2F06%2Fc9cf280739b6630d329d0a6335d556e965ed167e42cc5b223a30d6eb185aa599.jpg&w=1920&q=75,2026-10-07
Dallas - Fort Worth,"Collector’s Edition now offering trading cards, figurines at Allen Premium Outlets",4h ago,https://communityimpact.com/allen/business/collector-s-edition-now-offering-trading-cards-figurines-at-allen-premium-outlets/,https://communityimpact.com/_next/image/?url=https%3A%2F%2Fassets.communityimpact.com%2Fuploads%2Fimages%2F2026%2F10%2F06%2F665a24ddbe3fdbc8c94d2a683c916d798552c176ab6970e4365f8927291baf0f.jpg&w=1920&q=75,2026-10-07
Dallas - Fort Worth,Rose Couture Nail Bar holds grand opening in Fort Worth,5h ago,https://communityimpact.com/keller-roanoke-northeast-fort-worth/business/rose-couture-nail-bar-holds-grand-opening-in-fort-worth/,https://communityimpact.com/_next/image/?url=https%3A%2F%2Fassets.communityimpact.com%2Fuploads%2Fimages%2F2026%2F10%2F06%2F54b9790b8e4be70afd2a154897c92ef6539222ee83c84150ae9107cb0721aedc.jpg&w=1920&q=75,2026-10-07
Dallas - Fort Worth,Johnston & Murphy plans new store for Stonebriar Centre,7h ago,https://communityimpact.com/frisco/business/johnston-murphy-plans-new-store-for-stonebriar-centre/,https://communityimpact.com/_next/image/?url=https%3A%2F%2Fassets.communityimpact.com%2Fuploads%2Fimages%2F2026%2F10%2F01%2Fac3746aa4e7d1d59d0cff336ce37f7816384d99e6b9b34494b865b5368488c3c.jpg&w=1920&q=75,2026-10-07
Dallas - Fort Worth,Indoor playground Kid Mania closes Plano location,1d ago,https://communityimpact.com/plano/arts-entertainment/indoor-playground-kid-mania-closes-plano-location/,https://communityimpact.com/_next/image/?url=https%3A%2F%2Fassets.communityimpact.com%2Fuploads%2Fimages%2F2025%2F11%2F19%2F396585.jpg&w=1920&q=75,2026-10-07
Houston,Dairy Queen opens in Webster along Hwy. 3,5h ago,https://communityimpact.com/bay-area/business/dairy-queen-opens-in-webster-along-hwy-3/,https://communityimpact.com/_next/image/?url=https%3A%2F%2Fassets.communityimpact.com%2Fuploads%2Fimages%2F2026%2F10%2F06%2Fd804f7c359522971d237c7ee9a267bf47785805b3cadf6dd513c9370b7e91ba3.jpg&w=1920&q=75,2026-10-07
Houston,Local Infusion plans location in The Woodlands,5h ago,https://communityimpact.com/the-woodlands/business/local-infusion-plans-location-in-the-woodlands/,https://communityimpact.com/_next/image/?url=https%3A%2F%2Fassets.communityimpact.com%2Fuploads%2Fimages%2F2026%2F10%2F06%2F2cd3041e6108ec44fd3c7cf71b88cd58783506d113ff98656590fdd855f90681.png&w=1920&q=75,2026-10-07
Houston,The White Canvas Event Venue now hosting in Cypress,5h ago,https://communityimpact.com/cypress/business/the-white-canvas-event-venue-now-hosting-in-cypress/,https://communityimpact.com/_next/image/?url=https%3A%2F%2Fassets.communityimpact.com%2Fuploads%2Fimages%2F2026%2F10%2F06%2Fd5738a159cfa2506bca3b78d4908f1d31f9658b6e86b95ef262eac6848ddbdc9.jpg&w=1920&q=75,2026-10-07
Houston,"Evera Medspa now offering facials, laser hair removal in New Caney",6h ago,https://communityimpact.com/new-caney-porter/business/evera-medspa-now-offering-facials-laser-hair-removal-in-new-caney/,https://communityimpact.com/_next/image/?url=https%3A%2F%2Fassets.communityimpact.com%2Fuploads%2Fimages%2F2026%2F10%2F06%2Fd2eface242de937d9220822e93d9380067d5470bd1b46a05a545b4c9cdeb4379.jpg&w=1920&q=75,2026-10-07
Houston,Dutch Bros Coffee to open Kingwood location in late 2026,7h ago,https://communityimpact.com/lake-houston-humble-kingwood/business/dutch-bros-coffee-to-open-kingwood-location-in-late-2026/,https://communityimpact.com/_next/image/?url=https%3A%2F%2Fassets.communityimpact.com%2Fuploads%2Fimages%2F2026%2F04%2F27%2F421518.jpg&w=1920&q=75,2026-10-07
Houston,The Container Store closes Spring-Klein area location,7h ago,https://communityimpact.com/spring-klein/business/the-container-store-closes-spring-klein-area-location/,https://communityimpact.com/_next/image/?url=https%3A%2F%2Fassets.communityimpact.com%2Fuploads%2Fimages%2F2026%2F10%2F06%2Fbb4ed6ed4d2023e6ec436640c6c9b2662ad6ea7d67d0dee2fd9464927eba9ada.jpg&w=1920&q=75,2026-10-07
Bryan - College Station,"Texas A&M, Buc-ee’s release new shirt for university's 150th anniversary",5h ago,https://communityimpact.com/bryan-college-station/business/texas-a-m-buc-ee-s-release-new-shirt-for-university-s-150th-anniversary/,https://communityimpact.com/_next/image/?url=https%3A%2F%2Fassets.communityimpact.com%2Fuploads%2Fimages%2F2026%2F10%2F06%2Fa9de880534da3d330fb3a3f9f84abc8c3cdd6f46cdd98414a382f194bfb7773b.jpg&w=1920&q=75,2026-10-07
Austin,"Sporting goods, an indoor playground and a new grocery store: 14 Cedar Park-area local business updates in October",5h ago,https://communityimpact.com/cedar-park/business/sporting-goods-an-indoor-playground-and-a-new-grocery-store-14-cedar-park-area-local-business-updates-in-october/,https://communityimpact.com/_next/image/?url=https%3A%2F%2Fassets.communityimpact.com%2Fuploads%2Fimages%2F2026%2F09%2F21%2Faf01dbbee2b22349e7ba3a4c7a5c55f236ddde91ec17bd5a344e00e25bf65995.jpg&w=1920&q=75,2026-10-06
Austin,Gringo's Mexican Kitchen coming to Northline,5h ago,https://communityimpact.com/leander-liberty-hill/business/gringo-s-mexican-kitchen-coming-to-northline/,https://communityimpact.com/_next/image/?url=https%3A%2F%2Fassets.communityimpact.com%2Fuploads%2Fimages%2F2025%2F06%2F13%2F371127.jpeg&w=1920&q=75,2026-10-06
Austin,Blackbird Massage + Recovery moves into new space with additional services in Cedar Park,5h ago,https://communityimpact.com/cedar-park/business/blackbird-massage-recovery-moves-into-new-space-with-additional-services-in-cedar-park/,https://communityimpact.com/_next/image/?url=https%3A%2F%2Fassets.communityimpact.com%2Fuploads%2Fimages%2F2026%2F10%2F05%2F800a9fe85008488b9e033c983fe43746b06b5357e5374a082d488a6db3844b2f.jpg&w=1920&q=75,2026-10-06
Austin,Five fall business updates for Liberty Hill,6h ago,https://communityimpact.com/leander-liberty-hill/business/five-fall-business-updates-for-liberty-hill/,https://communityimpact.com/_next/image/?url=https%3A%2F%2Fassets.communityimpact.com%2Fuploads%2Fimages%2F2025%2F12%2F12%2F400462.jpeg&w=1920&q=75,2026-10-06
Austin,Hill House Home to open clothing store at Domain Northside,6h ago,https://communityimpact.com/northwest-austin/business/hill-house-home-to-open-clothing-store-at-domain-northside/,https://communityimpact.com/_next/image/?url=https%3A%2F%2Fassets.communityimpact.com%2Fuploads%2Fimages%2F2026%2F10%2F02%2F5c8563bf59f9306686aef4c9a7140ac6047e7e22d052b60bf7c6cfb347f477a0.png&w=1920&q=75,2026-10-06
Austin,First Financial Bank to open near Bee Cave,7h ago,https://communityimpact.com/lake-travis-westlake/business/first-financial-bank-to-open-near-bee-cave/,https://communityimpact.com/_next/image/?url=https%3A%2F%2Fassets.communityimpact.com%2Fuploads%2Fimages%2F2026%2F10%2F01%2F9e8bcbaf1eee23286dff9ce50caa4a4aa09b786a1d5e140c7cd7eed8a3edd24b.jpg&w=1920&q=75,2026-10-06
Dallas - Fort Worth,"Atlas & Orion Creative Exchange adds retail space, expanded workshop space in Colleyville",6h ago,https://communityimpact.com/grapevine-colleyville-southlake/business/atlas-orion-creative-exchange-adds-retail-space-expanded-workshop-space-in-colleyville/,https://communityimpact.com/_next/image/?url=https%3A%2F%2Fassets.communityimpact.com%2Fuploads%2Fimages%2F2026%2F10%2F05%2F12a687e6f02374e2f90a7c07e2ba4f65b1491f5883df4aa43e1102b30c19cdf3.jpg&w=1920&q=75,2026-10-06
Dallas - Fort Worth,Coral Reef Coffee Company finds new home in Denton,6h ago,https://communityimpact.com/denton/business/coral-reef-coffee-company-finds-new-home-in-denton/,https://communityimpact.com/_next/image/?url=https%3A%2F%2Fassets.communityimpact.com%2Fuploads%2Fimages%2F2026%2F10%2F05%2Fac3b73560f01069dde352f6fb81afb966b2f327d7a0ad038d8a67f59d99a5dd1.jpg&w=1920&q=75,2026-10-06
Dallas - Fort Worth,See 13 business updates in north Frisco,6h ago,https://communityimpact.com/frisco/business/see-13-business-updates-in-north-frisco/,https://communityimpact.com/_next/image/?url=https%3A%2F%2Fassets.communityimpact.com%2Fuploads%2Fimages%2F2026%2F09%2F21%2Fb5bd5b34fedb36108fa0de0bf312377564528da393790b341ca1f3114113e7a4.png&w=1920&q=75,2026-10-06
Dallas - Fort Worth,Boba tea shop Magic Cup Cafe closes Richardson location,7h ago,https://communityimpact.com/richardson/business/boba-tea-shop-magic-cup-cafe-closes-richardson-location/,https://communityimpact.com/_next/image/?url=https%3A%2F%2Fassets.communityimpact.com%2Fuploads%2Fimages%2F2021%2F06%2F07%2F131001.jpg&w=1920&q=75,2026-10-06
Dallas - Fort Worth,"iCode to relocate coding classes, after-school programs in Frisco",7h ago,https://communityimpact.com/frisco/business/icode-to-relocate-coding-classes-after-school-programs-in-frisco/,https://communityimpact.com/_next/image/?url=https%3A%2F%2Fassets.communityimpact.com%2Fuploads%2Fimages%2F2026%2F04%2F02%2F418011.jpg&w=1920&q=75,2026-10-06
Dallas - Fort Worth,"Little Moose Creamery offers soft-serve, milkshakes in Frisco",8h ago,https://communityimpact.com/frisco/business/little-moose-creamery-offers-soft-serve-milkshakes-in-frisco/,https://communityimpact.com/_next/image/?url=https%3A%2F%2Fassets.communityimpact.com%2Fuploads%2Fimages%2F2026%2F09%2F30%2F697cad9de656c9e5668556b28e0d8e25284fd1e6ed0400bc0314dfe4efdd90e0.jpg&w=1920&q=75,2026-10-06
Houston,Arms manufacturer Watchtower Defense opens facility in Tomball,5h ago,https://communityimpact.com/tomball-magnolia/business/arms-manufacturer-watchtower-defense-opens-facility-in-tomball/,https://communityimpact.com/_next/image/?url=https%3A%2F%2Fassets.communityimpact.com%2Fuploads%2Fimages%2F2026%2F10%2F05%2F3a42c43b2dfa812030db138616a3184566a3d3d0f7a0f456e1d548e515d279c6.jpg&w=1920&q=75,2026-10-06
Houston,Construction on Crunch Fitness in Kingwood expected to begin in October,6h ago,https://communityimpact.com/lake-houston-humble-kingwood/business/construction-on-crunch-fitness-in-kingwood-expected-to-begin-in-october/,https://communityimpact.com/_next/image/?url=https%3A%2F%2Fassets.communityimpact.com%2Fuploads%2Fimages%2F2026%2F07%2F13%2F432314.jpg&w=1920&q=75,2026-10-06
Houston,Hourani's Barbershop opens at Grogan's Mill Village Center in The Woodlands,6h ago,https://communityimpact.com/the-woodlands/business/hourani-s-barbershop-opens-at-grogan-s-mill-village-center-in-the-woodlands/,https://communityimpact.com/_next/image/?url=https%3A%2F%2Fassets.communityimpact.com%2Fuploads%2Fimages%2F2026%2F10%2F05%2F97b6697cd1f983d1a58ae000dc90b88d8ebf96f23ce4f7ccf27428efdfd6560a.jpg&w=1920&q=75,2026-10-06
Houston,Lumos offers family entertainment at Valley Ranch Town Center in New Caney,13h ago,https://communityimpact.com/new-caney-porter/business/lumos-offers-family-entertainment-at-valley-ranch-town-center-in-new-caney/,https://communityimpact.com/_next/image/?url=https%3A%2F%2Fassets.communityimpact.com%2Fuploads%2Fimages%2F2026%2F09%2F18%2Fde29ca8c24635ba7a8cc8a1a4ff846279e2ff4d94eba6efad9c283d64f4437d3.jpg&w=1920&q=75,2026-10-06
Houston,Aloha Beauty Lounge opening new Magnolia location,16h ago,https://communityimpact.com/tomball-magnolia/business/aloha-beauty-lounge-opening-new-magnolia-location/,https://communityimpact.com/_next/image/?url=https%3A%2F%2Fassets.communityimpact.com%2Fuploads%2Fimages%2F2021%2F08%2F30%2F155102.jpeg&w=1920&q=75,2026-10-06
Bryan - College Station,Bryan graphic design studio celebrates 20 years,5h ago,https://communityimpact.com/bryan-college-station/business/bryan-graphic-design-studio-celebrates-20-years/,https://communityimpact.com/_next/image/?url=https%3A%2F%2Fassets.communityimpact.com%2Fuploads%2Fimages%2F2026%2F10%2F05%2F9acf01a45230ec96226af5a84d7e83d9f76588500586e391b124766d072662e0.jpg&w=1920&q=75,2026-10-06
Austin,Outlaw Paintball provides family-friendly competition in Pflugerville,5h ago,https://communityimpact.com/pflugerville-hutto/business/outlaw-paintball-provides-family-friendly-competition-in-pflugerville/,https://communityimpact.com/_next/image/?url=https%3A%2F%2Fassets.communityimpact.com%2Fuploads%2Fimages%2F2026%2F09%2F21%2F64f59520135e71e7e2c8c44b0bced7a81157b21a8e53018cc941391fb3c1d914.jpg&w=1920&q=75,2026-10-03
Austin,"Development updates, Lammes Candies: Read 6 trending stories in the Austin area",6h ago,https://communityimpact.com/round-rock/business/development-updates-lammes-candies-read-6-trending-stories-in-the-austin-area/,https://communityimpact.com/_next/image/?url=https%3A%2F%2Fassets.communityimpact.com%2Fuploads%2Fimages%2F2026%2F10%2F02%2Ff42a523aae318c7e86945d6c40e386af42ecd28c8253f5ae26f0a0f2362dbb1c.webp&w=1920&q=75,2026-10-03
Austin,Better Health Counseling relocating to new Georgetown address,14h ago,https://communityimpact.com/georgetown/business/better-health-counseling-relocating-to-new-georgetown-address/,https://communityimpact.com/_next/image/?url=https%3A%2F%2Fassets.communityimpact.com%2Fuploads%2Fimages%2F2026%2F10%2F01%2F24d5154e9aef7996923c5eaff6de4aec6ae84c8ad9925ff8833125a570af4760.jpg&w=1920&q=75,2026-10-03
Dallas - Fort Worth,"Industrial real estate firm Meritex acquires 121 Technology Park in Allen, plans 2027 expansion",3h ago,https://communityimpact.com/allen/business/industrial-real-estate-firm-meritex-acquires-121-technology-park-in-allen-plans-2027-expansion/,https://communityimpact.com/_next/image/?url=https%3A%2F%2Fassets.communityimpact.com%2Fuploads%2Fimages%2F2026%2F10%2F02%2F5d177d1a14e31497932a9a1e5f3024aa4ac6337b910b95ff95c2d58023b83a42.jpg&w=1920&q=75,2026-10-03
Dallas - Fort Worth,151 Coffee to open new North Freeway location in Fort Worth,4h ago,https://communityimpact.com/keller-roanoke-northeast-fort-worth/business/151-coffee-to-open-new-north-freeway-location-in-fort-worth/,https://communityimpact.com/_next/image/?url=https%3A%2F%2Fassets.communityimpact.com%2Fuploads%2Fimages%2F2023%2F05%2F09%2F255397.jpg&w=1920&q=75,2026-10-03
Dallas - Fort Worth,"Graceville Pediatrics looks to 2026 opening on Prosper, Celina border",5h ago,https://communityimpact.com/prosper-celina/business/graceville-pediatrics-looks-to-2026-opening-on-prosper-celina-border/,https://communityimpact.com/_next/image/?url=https%3A%2F%2Fassets.communityimpact.com%2Fuploads%2Fimages%2F2020%2F05%2F29%2F59921.jpeg&w=1920&q=75,2026-10-03
Dallas - Fort Worth,15 business updates in south Frisco,5h ago,https://communityimpact.com/frisco/business/15-business-updates-in-south-frisco/,https://communityimpact.com/_next/image/?url=https%3A%2F%2Fassets.communityimpact.com%2Fuploads%2Fimages%2F2026%2F07%2F01%2F430977.jpg&w=1920&q=75,2026-10-03
Dallas - Fort Worth,"Parekh Jewelers plans jewelry sales, repair location in Frisco",5h ago,https://communityimpact.com/frisco/business/parekh-jewelers-plans-jewelry-sales-repair-location-in-frisco/,https://communityimpact.com/_next/image/?url=https%3A%2F%2Fassets.communityimpact.com%2Fuploads%2Fimages%2F2026%2F09%2F29%2Fea81b95ad2301109b04f7dad037cc7907998f97bab64e55e69d2e628377845f5.jpg&w=1920&q=75,2026-10-03
Dallas - Fort Worth,"L’Abri Salons & Wellness now offering beauty, wellness services in Richardson",6h ago,https://communityimpact.com/richardson/business/l-abri-salons-wellness-now-offering-beauty-wellness-services-in-richardson/,https://communityimpact.com/_next/image/?url=https%3A%2F%2Fassets.communityimpact.com%2Fuploads%2Fimages%2F2026%2F10%2F02%2F25b732ebbddd2e062c8c6a6076527063bcfc469e35e0c5cd4674da102de6d739.jpg&w=1920&q=75,2026-10-03
Houston,Shiloh Fellowship Church now offering place for worship in Missouri City,3h ago,https://communityimpact.com/sugar-land-missouri-city/business/shiloh-fellowship-church-now-offering-place-for-worship-in-missouri-city/,https://communityimpact.com/_next/image/?url=https%3A%2F%2Fassets.communityimpact.com%2Fuploads%2Fimages%2F2026%2F10%2F02%2Ff7301119c9c39efecbe71b3c7059dde00fcaff30de134c31a64816100eb1f610.jpg&w=1920&q=75,2026-10-03
Houston,Zyrax Uniform Services now open in Oak Ridge North,4h ago,https://communityimpact.com/the-woodlands/business/zyrax-uniform-services-now-open-in-oak-ridge-north/,https://communityimpact.com/_next/image/?url=https%3A%2F%2Fassets.communityimpact.com%2Fuploads%2Fimages%2F2026%2F10%2F02%2F9f91c83eaded83d5db1472c9e5d7888cfca0b20fa056adcf78c9dda6f77db720.jpg&w=1920&q=75,2026-10-03
Houston,On the Park Toy and Candy Store to celebrate 30th anniversary in Kingwood,5h ago,https://communityimpact.com/lake-houston-humble-kingwood/business/on-the-park-toy-and-candy-store-to-celebrate-30th-anniversary-in-kingwood/,https://communityimpact.com/_next/image/?url=https%3A%2F%2Fassets.communityimpact.com%2Fuploads%2Fimages%2F2026%2F05%2F21%2F425433.jpeg&w=1920&q=75,2026-10-03
Houston,"Impact roundup: 5 businesses now open, coming soon to the Lake Houston area",5h ago,https://communityimpact.com/lake-houston-humble-kingwood/business/impact-roundup-5-businesses-now-open-coming-soon-to-the-lake-houston-area/,https://communityimpact.com/_next/image/?url=https%3A%2F%2Fassets.communityimpact.com%2Fuploads%2Fimages%2F2026%2F07%2F28%2F434342.jpeg&w=1920&q=75,2026-10-03
Houston,"New businesses, HISD staff shifts: 6 trending stories across the South Houston area",5h ago,https://communityimpact.com/sugar-land-missouri-city/business/new-businesses-hisd-staff-shifts-6-trending-stories-across-the-south-houston-area/,https://communityimpact.com/_next/image/?url=https%3A%2F%2Fassets.communityimpact.com%2Fuploads%2Fimages%2F2026%2F09%2F28%2F7fe9001a35df69164fe22239219dc65cb1b69bbfc71c7458f640b528c12c158a.jpg&w=1920&q=75,2026-10-03
Houston,Brooks Running to open new retail location at Houston's MKT,8h ago,https://communityimpact.com/heights-river-oaks-montrose/business/brooks-running-to-open-new-retail-location-at-houston-s-mkt/,https://communityimpact.com/_next/image/?url=https%3A%2F%2Fassets.communityimpact.com%2Fuploads%2Fimages%2F2026%2F10%2F02%2F91e1339ffc8da25046c2e82a43acd8fc8e95c88a3ffeade5d20559e635b912df.jpg&w=1920&q=75,2026-10-03
Austin,Catch up on 5 stories that made an impact in Cedar Park this September,4h ago,https://communityimpact.com/cedar-park/business/catch-up-on-5-stories-that-made-an-impact-in-cedar-park-this-september/,https://communityimpact.com/_next/image/?url=https%3A%2F%2Fassets.communityimpact.com%2Fuploads%2Fimages%2F2025%2F08%2F05%2F378913.jpeg&w=1920&q=75,2026-10-02
Austin,New archeological exhibits unveiled at Headwaters at the Comal,5h ago,https://communityimpact.com/new-braunfels/business/new-archeological-exhibits-unveiled-at-headwaters-at-the-comal/,https://communityimpact.com/_next/image/?url=https%3A%2F%2Fassets.communityimpact.com%2Fuploads%2Fimages%2F2026%2F09%2F30%2F6e8878932060a12137eb2c8d2ea00af2a9f5c017e9ac9d1f9c650e393cfb7f4c.jpg&w=1920&q=75,2026-10-02
Austin,Local wine retailer relocating and rebranding in New Braunfels,7h ago,https://communityimpact.com/new-braunfels/business/local-wine-retailer-relocating-and-rebranding-in-new-braunfels/,https://communityimpact.com/_next/image/?url=https%3A%2F%2Fassets.communityimpact.com%2Fuploads%2Fimages%2F2026%2F10%2F01%2Fcfb9274f17921184b863ba6d23a552175fcfb4dc13edc2e09e19732a26cf0ea6.jpg&w=1920&q=75,2026-10-02
Austin,Mohawk debuts new neon sign amid push to save Red River district venues,7h ago,https://communityimpact.com/central-austin/business/mohawk-debuts-new-neon-sign-amid-push-to-save-red-river-district-venues/,https://communityimpact.com/_next/image/?url=https%3A%2F%2Fassets.communityimpact.com%2Fuploads%2Fimages%2F2026%2F10%2F01%2F717ad03c11c655e2edb52f609d915ddc59d555a689a39e7eeb2351234f724dd8.jpg&w=1920&q=75,2026-10-02
Austin,"Pflugerville to gain 2 restaurants, plus other business news",9h ago,https://communityimpact.com/pflugerville-hutto/business/pflugerville-to-gain-2-restaurants-plus-other-business-news/,https://communityimpact.com/_next/image/?url=https%3A%2F%2Fassets.communityimpact.com%2Fuploads%2Fimages%2F2026%2F09%2F08%2F439789.jpg&w=1920&q=75,2026-10-02
Austin,"Round Rock's Party Chaos fills need, plans expansion",9h ago,https://communityimpact.com/round-rock/business/round-rock-s-party-chaos-fills-need-plans-expansion/,https://communityimpact.com/_next/image/?url=https%3A%2F%2Fassets.communityimpact.com%2Fuploads%2Fimages%2F2026%2F09%2F23%2F0f7630a062d697bc1bf9c6d562ccc52ee66e6d330f310d51baa7dd3a1976caed.jpg&w=1920&q=75,2026-10-02
Dallas - Fort Worth,Glo Xtreme All-Star Cheer & Dance opens at Golden Triangle Mall,3h ago,https://communityimpact.com/denton/business/glo-xtreme-all-star-cheer-dance-opens-at-golden-triangle-mall/,https://communityimpact.com/_next/image/?url=https%3A%2F%2Fassets.communityimpact.com%2Fuploads%2Fimages%2F2026%2F10%2F01%2F5cd079b58a5139c618f98a217da642ab2a1b4ad6f029c418415ec5febdc797ba.jpg&w=1920&q=75,2026-10-02
Dallas - Fort Worth,The Keller Depot event space could be ready for lease by end of 2026,4h ago,https://communityimpact.com/keller-roanoke-northeast-fort-worth/business/the-keller-depot-event-space-could-be-ready-for-lease-by-end-of-2026/,https://communityimpact.com/_next/image/?url=https%3A%2F%2Fassets.communityimpact.com%2Fuploads%2Fimages%2F2026%2F10%2F01%2Ff438cc154824ad5f24fed7cdfb464b7197db12229ac75a23252a40704b3d1cb0.jpg&w=1920&q=75,2026-10-02
Dallas - Fort Worth,Creamwala to open flagship ice cream shop in Richardson,5h ago,https://communityimpact.com/richardson/business/creamwala-to-open-flagship-ice-cream-shop-in-richardson/,https://communityimpact.com/_next/image/?url=https%3A%2F%2Fassets.communityimpact.com%2Fuploads%2Fimages%2F2024%2F03%2F19%2F300589.jpg&w=1920&q=75,2026-10-02
Dallas - Fort Worth,Kid Approved Pediatrics to open downtown Celina location this fall,7h ago,https://communityimpact.com/prosper-celina/business/kid-approved-pediatrics-to-open-downtown-celina-location-this-fall/,https://communityimpact.com/_next/image/?url=https%3A%2F%2Fassets.communityimpact.com%2Fuploads%2Fimages%2F2026%2F10%2F01%2F3c4a4bf78455e9d9ea2003c3464e7744e68eb30ec43882d2a692f71ec7335ffe.jpg&w=1920&q=75,2026-10-02
Houston,New curated antique shop celebrates grand opening near West University Place,3h ago,https://communityimpact.com/bellaire-meyerland-west-university/business/new-curated-antique-shop-celebrates-grand-opening-near-west-university-place/,https://communityimpact.com/_next/image/?url=https%3A%2F%2Fassets.communityimpact.com%2Fuploads%2Fimages%2F2026%2F10%2F01%2Fa30ce76a166516298a9e597f9ba8dae561f5f9c49ee27260c1f473e9561d3659.jpg&w=1920&q=75,2026-10-02
Houston,Mere Makings marks one year serving Spring,4h ago,https://communityimpact.com/spring-klein/business/mere-makings-marks-one-year-serving-spring/,https://communityimpact.com/_next/image/?url=https%3A%2F%2Fassets.communityimpact.com%2Fuploads%2Fimages%2F2026%2F10%2F01%2Fe0a00fb48920fab4759235e06200002329aa2837aaa1e2cb13700ca63f182d89.jpg&w=1920&q=75,2026-10-02
Houston,Houston Hand and Foot Orthopedics to build out League City office,4h ago,https://communityimpact.com/bay-area/business/houston-hand-and-foot-orthopedics-to-build-out-league-city-office/,https://communityimpact.com/_next/image/?url=https%3A%2F%2Fassets.communityimpact.com%2Fuploads%2Fimages%2F2023%2F10%2F27%2F280400.jpg&w=1920&q=75,2026-10-02
Houston,Women-owned michelada bar crafts drinks with love and chili powder,4h ago,https://communityimpact.com/bay-area/business/women-owned-michelada-bar-crafts-drinks-with-love-and-chili-powder/,https://communityimpact.com/_next/image/?url=https%3A%2F%2Fassets.communityimpact.com%2Fuploads%2Fimages%2F2026%2F09%2F25%2Faeece90a213cf524fc5c8b97848092bfb938b1ad7a4ce2050944e02014cd66f9.jpg&w=1920&q=75,2026-10-02
Houston,Dollar Tree now open on Lake Woodlands Drive,8h ago,https://communityimpact.com/the-woodlands/business/dollar-tree-now-open-on-lake-woodlands-drive/,https://communityimpact.com/_next/image/?url=https%3A%2F%2Fassets.communityimpact.com%2Fuploads%2Fimages%2F2023%2F10%2F13%2F278257.jpeg&w=1920&q=75,2026-10-02
Austin,Strong Sprouts indoor playground and youth gym now open at The Crossover,4h ago,https://communityimpact.com/cedar-park/business/strong-sprouts-indoor-playground-and-youth-gym-now-open-at-the-crossover/,https://communityimpact.com/_next/image/?url=https%3A%2F%2Fassets.communityimpact.com%2Fuploads%2Fimages%2F2026%2F09%2F30%2F28d2fa4c6cb7d13da0985f997baf413f8c3b09e0cca88ce7a0c019f19db41cc7.jpg&w=1920&q=75,2026-10-01
Austin,Gracie Barra Brazilian jiu-jitsu academy to open in Liberty Hill,4h ago,https://communityimpact.com/leander-liberty-hill/business/gracie-barra-brazilian-jiu-jitsu-academy-to-open-in-liberty-hill/,https://communityimpact.com/_next/image/?url=https%3A%2F%2Fassets.communityimpact.com%2Fuploads%2Fimages%2F2025%2F12%2F12%2F400462.jpeg&w=1920&q=75,2026-10-01
Austin,Broken Walls CrossFit now open in Leander,4h ago,https://communityimpact.com/leander-liberty-hill/business/broken-walls-crossfit-now-open-in-leander/,https://communityimpact.com/_next/image/?url=https%3A%2F%2Fassets.communityimpact.com%2Fuploads%2Fimages%2F2026%2F07%2F30%2F434493.jpeg&w=1920&q=75,2026-10-01
Austin,Check out these 6 Hutto-area business updates,8h ago,https://communityimpact.com/pflugerville-hutto/business/check-out-these-6-hutto-area-business-updates/,https://communityimpact.com/_next/image/?url=https%3A%2F%2Fassets.communityimpact.com%2Fuploads%2Fimages%2F2026%2F09%2F18%2F9fbecabc9743787446ad4d7ec31cdd6516f02eca1e2f514fa3d6b98dc836d317.jpg&w=1920&q=75,2026-10-01
Austin,Restore Hyper Wellness in Westlake and Bee Cave celebrate anniversaries,8h ago,https://communityimpact.com/lake-travis-westlake/business/restore-hyper-wellness-in-westlake-and-bee-cave-celebrate-anniversaries/,https://communityimpact.com/_next/image/?url=https%3A%2F%2Fassets.communityimpact.com%2Fuploads%2Fimages%2F2026%2F09%2F30%2F893eeed5c76831ee5da67358239742506264cc6c1e5ef424efe6fae8646022e7.jpg&w=1920&q=75,2026-10-01
Dallas - Fort Worth,Moda opens doors in Grapevine Mills,3h ago,https://communityimpact.com/grapevine-colleyville-southlake/business/moda-opens-doors-in-grapevine-mills/,https://communityimpact.com/_next/image/?url=https%3A%2F%2Fassets.communityimpact.com%2Fuploads%2Fimages%2F2026%2F09%2F30%2F60f47eeccb37067a8a03d28e3017557c8e68b279e28a0db362c761686a9bfa8b.jpg&w=1920&q=75,2026-10-01
Dallas - Fort Worth,Dogtopia Denton,4h ago,https://communityimpact.com/denton/business/dogtopia-denton/,https://communityimpact.com/_next/image/?url=https%3A%2F%2Fassets.communityimpact.com%2Fuploads%2Fimages%2F2026%2F08%2F07%2F435881.jpeg&w=1920&q=75,2026-10-01
Dallas - Fort Worth,"Knockouts Haircuts & Grooming serves Prosper, Celina community",5h ago,https://communityimpact.com/prosper-celina/business/knockouts-haircuts-grooming-serves-prosper-celina-community/,https://communityimpact.com/_next/image/?url=https%3A%2F%2Fassets.communityimpact.com%2Fuploads%2Fimages%2F2025%2F02%2F24%2F352673.jpg&w=1920&q=75,2026-10-01
Dallas - Fort Worth,"American cuisine, Rio Mambo: check out 16 business updates in Grapevine, Colleyville, Southlake",5h ago,https://communityimpact.com/grapevine-colleyville-southlake/business/american-cuisine-rio-mambo-check-out-16-business-updates-in-grapevine-colleyville-southlake/,https://communityimpact.com/_next/image/?url=https%3A%2F%2Fassets.communityimpact.com%2Fuploads%2Fimages%2F2026%2F09%2F14%2Fb3c6a2b024736431516f996b291f52ac7a98b751ca62593b5aad50075cac3647.jpg&w=1920&q=75,2026-10-01
Dallas - Fort Worth,Ellie Mental Health plans Frisco location,8h ago,https://communityimpact.com/frisco/business/ellie-mental-health-plans-frisco-location/,https://communityimpact.com/_next/image/?url=https%3A%2F%2Fassets.communityimpact.com%2Fuploads%2Fimages%2F2022%2F12%2F13%2F232426.jpeg&w=1920&q=75,2026-10-01
Houston,Clean and Clear Pools now located on Jackrabbit Road,3h ago,https://communityimpact.com/cy-fair-jersey-village/business/clean-and-clear-pools-now-located-on-jackrabbit-road/,https://communityimpact.com/_next/image/?url=https%3A%2F%2Fassets.communityimpact.com%2Fuploads%2Fimages%2F2024%2F06%2F12%2F313692.jpg&w=1920&q=75,2026-10-01
Houston,Therapy 4 Littles to offer pediatric speech & occupational therapy in Missouri City,4h ago,https://communityimpact.com/sugar-land-missouri-city/business/therapy-4-littles-to-offer-pediatric-speech-occupational-therapy-in-missouri-city/,https://communityimpact.com/_next/image/?url=https%3A%2F%2Fassets.communityimpact.com%2Fuploads%2Fimages%2F2026%2F09%2F30%2Fa966bd072ba7d11339aff25cff451b0722ed782e9b5320ba7c924b0cab0f6370.jpg&w=1920&q=75,2026-10-01
Houston,"From swimming to ceviche: See 5 recently opened Cypress, Cy-Fair area businesses",5h ago,https://communityimpact.com/cypress/business/from-swimming-to-ceviche-see-5-recently-opened-cypress-cy-fair-area-businesses/,https://communityimpact.com/_next/image/?url=https%3A%2F%2Fassets.communityimpact.com%2Fuploads%2Fimages%2F2026%2F09%2F17%2F318904294033e3dd57ada285af38eb5c656376522d2800ee45ae14bc6a06f003.jpg&w=1920&q=75,2026-10-01
Houston,Tomball and Magnolia businesses work against rising costs,5h ago,https://communityimpact.com/tomball-magnolia/government/tomball-and-magnolia-businesses-work-against-rising-costs/,https://communityimpact.com/_next/image/?url=https%3A%2F%2Fassets.communityimpact.com%2Fprint%2Flinks%2F1b3980e88db6e9431de9528a334d2569acbb22d0db60c7b36fb81a0657bb7b21.jpg&w=1920&q=75,2026-10-01
Houston,Green Pulse Spinning now offering classes in Spring,5h ago,https://communityimpact.com/the-woodlands/business/green-pulse-spinning-now-offering-classes-in-spring/,https://communityimpact.com/_next/image/?url=https%3A%2F%2Fassets.communityimpact.com%2Fuploads%2Fimages%2F2026%2F09%2F29%2F9aecdc88e1072a0343823e25381067609c509ee4ba895151568f8bd04c2efbce.png&w=1920&q=75,2026-10-01
Houston,Gomez Western Wear celebrates September reopening in Humble,8h ago,https://communityimpact.com/lake-houston-humble-kingwood/business/gomez-western-wear-celebrates-september-reopening-in-humble/,https://communityimpact.com/_next/image/?url=https%3A%2F%2Fassets.communityimpact.com%2Fuploads%2Fimages%2F2026%2F07%2F28%2F434342.jpeg&w=1920&q=75,2026-10-01
Bryan - College Station,Aerie opens in College Station's Century Square,6h ago,https://communityimpact.com/bryan-college-station/business/aerie-opens-in-college-station-s-century-square/,https://communityimpact.com/_next/image/?url=https%3A%2F%2Fassets.communityimpact.com%2Fuploads%2Fimages%2F2026%2F09%2F30%2F499900e6a9d222a679dc2273a540314065333a29da947b37c494e5c9e8ea88f2.jpg&w=1920&q=75,2026-10-01
Austin,Family-owned 1845 Meat Company changes name in New Braunfels,6h ago,https://communityimpact.com/new-braunfels/business/family-owned-1845-meat-company-changes-name-in-new-braunfels/,https://communityimpact.com/_next/image/?url=https%3A%2F%2Fassets.communityimpact.com%2Fuploads%2Fimages%2F2026%2F09%2F29%2Fc619841799471dcfd15900b7014ec1341b30dfbd2ad9421d3d9057f26b23a653.jpg&w=1920&q=75,2026-09-30
Austin,"BuildLabs, design and construction firm, opens first Texas office in Lakeway",7h ago,https://communityimpact.com/lake-travis-westlake/business/buildlabs-design-and-construction-firm-opens-first-texas-office-in-lakeway/,https://communityimpact.com/_next/image/?url=https%3A%2F%2Fassets.communityimpact.com%2Fuploads%2Fimages%2F2026%2F09%2F28%2F572e42c74f9e4067afb384399e2f3cf3929b947d6e34a2ad4ecd77eeaa3ff32e.jpg&w=1920&q=75,2026-09-30
Austin,Frost Bank opens 29th Austin branch on South Lamar Boulevard,8h ago,https://communityimpact.com/central-austin/business/frost-bank-opens-29th-austin-branch-on-south-lamar-boulevard/,https://communityimpact.com/_next/image/?url=https%3A%2F%2Fassets.communityimpact.com%2Fuploads%2Fimages%2F2026%2F09%2F28%2Fc84075dafbf52050c0677f6ab4daea963430f5e69592f1c0b0087c36a930201f.jpg&w=1920&q=75,2026-09-30
Austin,Pitchside breaks ground on 8.75-acre sports complex,9h ago,https://communityimpact.com/bastrop-cedar-creek/business/pitchside-breaks-ground-on-8-75-acre-sports-complex/,https://communityimpact.com/_next/image/?url=https%3A%2F%2Fassets.communityimpact.com%2Fuploads%2Fimages%2F2026%2F09%2F21%2F4d0fa11e2f75a668666de6e81c6117d127c03264002d9e7ad0e56930d523024b.png&w=1920&q=75,2026-09-30
Austin,Check out these new and coming soon businesses in Round Rock,10h ago,https://communityimpact.com/round-rock/business/check-out-these-new-and-coming-soon-businesses-in-round-rock/,https://communityimpact.com/_next/image/?url=https%3A%2F%2Fassets.communityimpact.com%2Fuploads%2Fwpengine%2Fuploads%2F2019%2F10%2Fspirithalloween_hojunchoi.jpg&w=1920&q=75,2026-09-30
Austin,"Pfun Arts to hold grand reopening celebrating fine arts gallery, expansion",11h ago,https://communityimpact.com/pflugerville-hutto/business/pfun-arts-to-hold-grand-reopening-celebrating-fine-arts-gallery-expansion/,https://communityimpact.com/_next/image/?url=https%3A%2F%2Fassets.communityimpact.com%2Fuploads%2Fimages%2F2026%2F09%2F24%2F9166a7d9806d644ae8f96c949600a2752bf80330e5ab3bf0d669742fb01ac56c.jpg&w=1920&q=75,2026-09-30
Dallas - Fort Worth,Flip Flop Shops brings beach-lifestyle to Grapevine Mills,3h ago,https://communityimpact.com/grapevine-colleyville-southlake/business/flip-flop-shops-brings-beach-lifestyle-to-grapevine-mills/,https://communityimpact.com/_next/image/?url=https%3A%2F%2Fassets.communityimpact.com%2Fuploads%2Fimages%2F2026%2F09%2F29%2Ff922f01ba5cb8b5055c16ad31486105e643f61ef143e289a17283c2e326f5c51.jpg&w=1920&q=75,2026-09-30
Dallas - Fort Worth,Benchmark Electrical Services debuts McKinney headquarters,5h ago,https://communityimpact.com/mckinney/business/benchmark-electrical-services-debuts-mckinney-headquarters/,https://communityimpact.com/_next/image/?url=https%3A%2F%2Fassets.communityimpact.com%2Fuploads%2Fimages%2F2026%2F09%2F29%2Fb412fac575fd23d73579699d775d76c7c93894895100ec7173db5e323f94b526.jpg&w=1920&q=75,2026-09-30
Dallas - Fort Worth,The Learning Experience Celebrates 5th anniversary in north Fort Worth,8h ago,https://communityimpact.com/keller-roanoke-northeast-fort-worth/business/the-learning-experience-celebrates-5th-anniversary-in-north-fort-worth/,https://communityimpact.com/_next/image/?url=https%3A%2F%2Fassets.communityimpact.com%2Fuploads%2Fimages%2F2026%2F09%2F28%2Fe37b865649bc961df62a4929818ed21f14daba77115a37b7d0dec4421806a0c9.jpg&w=1920&q=75,2026-09-30
Dallas - Fort Worth,AMD Trailer Rental relocates rental yard from Allen to McKinney,8h ago,https://communityimpact.com/allen/business/amd-trailer-rental-relocates-rental-yard-from-allen-to-mckinney/,https://communityimpact.com/_next/image/?url=https%3A%2F%2Fassets.communityimpact.com%2Fuploads%2Fimages%2F2026%2F09%2F29%2F43a3dd2bb0f1f5b281c98576353267e6f7547a17a2ed03bf2e6a5c98db86214b.jpg&w=1920&q=75,2026-09-30
Houston,Prime Bazaar Halal Supermarket opens 3rd location in Sugar Land,3h ago,https://communityimpact.com/sugar-land-missouri-city/business/prime-bazaar-halal-supermarket-opens-3rd-location-in-sugar-land/,https://communityimpact.com/_next/image/?url=https%3A%2F%2Fassets.communityimpact.com%2Fuploads%2Fimages%2F2026%2F09%2F29%2Fd6ed08a61aedfed41aa109cb9db9c61fc7bf250e44a0b6b1ce8a6d3d390e84e8.jpg&w=1920&q=75,2026-09-30
Houston,Muse Mantra opens Spring-Klein area location,7h ago,https://communityimpact.com/spring-klein/business/muse-mantra-opens-spring-klein-area-location/,https://communityimpact.com/_next/image/?url=https%3A%2F%2Fassets.communityimpact.com%2Fuploads%2Fimages%2F2026%2F09%2F29%2Ffc7a6580378581696f1506cc437cd07c7e173be1d8a00c591cd87b3015c769c5.jpg&w=1920&q=75,2026-09-30
Houston,Mimi’s Ethiopian Cuisine now open in Tomball,15h ago,https://communityimpact.com/tomball-magnolia/business/mimi-s-ethiopian-cuisine-now-open-in-tomball/,https://communityimpact.com/_next/image/?url=https%3A%2F%2Fassets.communityimpact.com%2Fuploads%2Fimages%2F2026%2F09%2F28%2F7ce15adff90c261d0c85003b2e2c6339fa3f071793e012c7217c88963e0fbf77.jpg&w=1920&q=75,2026-09-30
Houston,Conroe Icehouse opening soon,15h ago,https://communityimpact.com/conroe-montgomery/business/conroe-icehouse-opening-soon/,https://communityimpact.com/_next/image/?url=https%3A%2F%2Fassets.communityimpact.com%2Fuploads%2Fimages%2F2026%2F09%2F28%2F9218e51212832b30de4ef325caf73bf64f25b95aa3dc5e154a506ec7d4eb8522.jpg&w=1920&q=75,2026-09-30
Bryan - College Station,7Brew Coffee expands in Bryan,5h ago,https://communityimpact.com/bryan-college-station/business/7brew-coffee-expands-in-bryan/,https://communityimpact.com/_next/image/?url=https%3A%2F%2Fassets.communityimpact.com%2Fuploads%2Fimages%2F2026%2F09%2F29%2Fcce41b35f6b16e5a086e35368a11629cc1471013afede7ac0dc84855a2df7dd0.png&w=1920&q=75,2026-09-30
Bryan - College Station,Back Nine Golf brings 24/7 golf simulator games to College Station,1d ago,https://communityimpact.com/bryan-college-station/business/back-nine-golf-brings-24-7-golf-simulator-games-to-college-station/,https://communityimpact.com/_next/image/?url=https%3A%2F%2Fassets.communityimpact.com%2Fuploads%2Fimages%2F2026%2F09%2F28%2F6271454c434243d1268437847aa2d5565a21d0ebe2de0ba7b66dda8b0f91cf4d.jpg&w=1920&q=75,2026-09-30
Austin,Birds Barbershop opens on West Parmer Lane,5h ago,https://communityimpact.com/northwest-austin/business/birds-barbershop-opens-on-west-parmer-lane/,https://communityimpact.com/_next/image/?url=https%3A%2F%2Fassets.communityimpact.com%2Fuploads%2Fimages%2F2026%2F09%2F28%2Faedf704715fbfae3451760886f841fa90e4de6fa694f8c55a706e1bed816e9d0.jpg&w=1920&q=75,2026-09-29
Austin,Strength and conditioning gym Liberty Bells now open in Leander,5h ago,https://communityimpact.com/leander-liberty-hill/business/strength-and-conditioning-gym-liberty-bells-now-open-in-leander/,https://communityimpact.com/_next/image/?url=https%3A%2F%2Fassets.communityimpact.com%2Fuploads%2Fimages%2F2026%2F09%2F28%2F466496f52f9b05029b7ff7bc3ef6038460764c56aada8664a9a25ef8d4534c4b.jpg&w=1920&q=75,2026-09-29
Austin,New office space for growing businesses opens in San Marcos,6h ago,https://communityimpact.com/san-marcos-buda-kyle/business/new-office-space-for-growing-businesses-opens-in-san-marcos/,https://communityimpact.com/_next/image/?url=https%3A%2F%2Fassets.communityimpact.com%2Fuploads%2Fimages%2F2026%2F09%2F25%2Fe3ac03a2acfe4926afc76a0bbf3109890a0a068ffca84bd759d5d72c087e067a.jpg&w=1920&q=75,2026-09-29
Austin,The Picklr closes Round Rock pickleball club,7h ago,https://communityimpact.com/round-rock/business/the-picklr-closes-round-rock-pickleball-club/,https://communityimpact.com/_next/image/?url=https%3A%2F%2Fassets.communityimpact.com%2Fuploads%2Fimages%2F2024%2F08%2F01%2F319889.jpg&w=1920&q=75,2026-09-29
Dallas - Fort Worth,Studio 15 offers 'one-stop shop' beauty services in downtown Plano,4h ago,https://communityimpact.com/plano/business/studio-15-offers-one-stop-shop-beauty-services-in-downtown-plano/,https://communityimpact.com/_next/image/?url=https%3A%2F%2Fassets.communityimpact.com%2Fuploads%2Fimages%2F2026%2F09%2F28%2F7fa0d67908abfe3602e2619c84589daa384e9150027f7c8ce14ac35458f0139a.jpg&w=1920&q=75,2026-09-29
Dallas - Fort Worth,Barry’s to open fitness studio in Southlake,5h ago,https://communityimpact.com/grapevine-colleyville-southlake/business/barry-s-to-open-fitness-studio-in-southlake/,https://communityimpact.com/_next/image/?url=https%3A%2F%2Fassets.communityimpact.com%2Fuploads%2Fwpengine%2Fuploads%2F2019%2F04%2F01_Barrys-Bootcamp.jpg&w=1920&q=75,2026-09-29
Dallas - Fort Worth,Alora Hospitality Group acquires stake in Frisco’s Rail Yard,6h ago,https://communityimpact.com/frisco/business/alora-hospitality-group-acquires-stake-in-frisco-s-rail-yard/,https://communityimpact.com/_next/image/?url=https%3A%2F%2Fassets.communityimpact.com%2Fuploads%2Fimages%2F2022%2F04%2F20%2F193661.jpeg&w=1920&q=75,2026-09-29
Dallas - Fort Worth,Water Wings Swim School offers swimming education in Frisco,6h ago,https://communityimpact.com/frisco/business/water-wings-swim-school-offers-swimming-education-in-frisco/,https://communityimpact.com/_next/image/?url=https%3A%2F%2Fassets.communityimpact.com%2Fuploads%2Fimages%2F2026%2F05%2F27%2F420246.jpg&w=1920&q=75,2026-09-29
Dallas - Fort Worth,SIG/North Star Insurance opens office in Fort Worth,6h ago,https://communityimpact.com/keller-roanoke-northeast-fort-worth/business/sig-north-star-insurance-opens-office-in-fort-worth/,https://communityimpact.com/_next/image/?url=https%3A%2F%2Fassets.communityimpact.com%2Fuploads%2Fimages%2F2026%2F09%2F23%2Fe79f0d48354e09d08a33bc2fa8ebb9708ce1bd0f2e3bf491b9149716c202c0a3.jpg&w=1920&q=75,2026-09-29
Dallas - Fort Worth,"Reliable Technology Services offers cybersecurity, workforce training in Frisco",8h ago,https://communityimpact.com/frisco/business/reliable-technology-services-offers-cybersecurity-workforce-training-in-frisco/,https://communityimpact.com/_next/image/?url=https%3A%2F%2Fassets.communityimpact.com%2Fuploads%2Fimages%2F2026%2F09%2F24%2Fc4f2252428beb8a3ac39fdd87a4fa202233108450f76d828579efd1514c194eb.png&w=1920&q=75,2026-09-29
Houston,Good Vibes Coastal Cantina and Good Vibes Coastal Kitchen close the same day,4h ago,https://communityimpact.com/bay-area/business/good-vibes-coastal-cantina-and-good-vibes-coastal-kitchen-close-the-same-day/,https://communityimpact.com/_next/image/?url=https%3A%2F%2Fassets.communityimpact.com%2Fuploads%2Fimages%2F2026%2F09%2F28%2F7fe9001a35df69164fe22239219dc65cb1b69bbfc71c7458f640b528c12c158a.jpg&w=1920&q=75,2026-09-29
Houston,7 businesses and restaurants now open or coming soon in The Woodlands area,6h ago,https://communityimpact.com/the-woodlands/business/7-businesses-and-restaurants-now-open-or-coming-soon-in-the-woodlands-area/,https://communityimpact.com/_next/image/?url=https%3A%2F%2Fassets.communityimpact.com%2Fuploads%2Fwpengine%2Fuploads%2F2015%2F06%2FSWA-06-2015-HCD-34.jpg&w=1920&q=75,2026-09-29
Houston,Andy's Cleaners & Alterations now open in The Woodlands,6h ago,https://communityimpact.com/the-woodlands/business/andy-s-cleaners-alterations-now-open-in-the-woodlands/,https://communityimpact.com/_next/image/?url=https%3A%2F%2Fassets.communityimpact.com%2Fuploads%2Fimages%2F2026%2F09%2F28%2F0453bebf767ad6a73f1efa18cccb8e113bea0bc19435144f6cfceb11a87e3fb8.png&w=1920&q=75,2026-09-29
Houston,Academy Sports + Outdoors marks 10 years in Valley Ranch Town Center,7h ago,https://communityimpact.com/new-caney-porter/business/academy-sports-outdoors-marks-10-years-in-valley-ranch-town-center/,https://communityimpact.com/_next/image/?url=https%3A%2F%2Fassets.communityimpact.com%2Fuploads%2Fimages%2F2026%2F07%2F31%2F435018.jpg&w=1920&q=75,2026-09-29
Austin,Aqua OKs water service for Pacifico development,2h ago,https://communityimpact.com/bastrop-cedar-creek/business/aqua-oks-water-service-for-pacifico-development/,https://communityimpact.com/_next/image/?url=https%3A%2F%2Fassets.communityimpact.com%2Fuploads%2Fimages%2F2026%2F09%2F24%2F1484a9ae09b9c2a02201d7109fc543e7482b11ee07c9ec862770d3d24f4d7683.jpg&w=1920&q=75,2026-09-26
Austin,AT&T Hotel and Conference Center reveals $35 million renovations,2h ago,https://communityimpact.com/central-austin/business/at-t-hotel-and-conference-center-reveals-35-million-renovations/,https://communityimpact.com/_next/image/?url=https%3A%2F%2Fassets.communityimpact.com%2Fuploads%2Fimages%2F2026%2F09%2F24%2F76b833f6335f6b34daaccefeea9578ed4d774b77239b5a4cbebe7623e1b644db.jpg&w=1920&q=75,2026-09-26
Austin,Read about 20 business updates in New Braunfels,4h ago,https://communityimpact.com/new-braunfels/business/read-about-20-business-updates-in-new-braunfels/,https://communityimpact.com/_next/image/?url=https%3A%2F%2Fassets.communityimpact.com%2Fuploads%2Fimages%2F2026%2F09%2F01%2F439020.jpg&w=1920&q=75,2026-09-26
Austin,New boutique fills former Tough Cookie space in historic Lock Drug Store,6h ago,https://communityimpact.com/bastrop-cedar-creek/business/new-boutique-fills-former-tough-cookie-space-in-historic-lock-drug-store/,https://communityimpact.com/_next/image/?url=https%3A%2F%2Fassets.communityimpact.com%2Fuploads%2Fimages%2F2026%2F09%2F24%2F5735de5152986eafe8cec8150e8ab814a6e9ab5a85bd0503aed3174fb1b85258.jpg&w=1920&q=75,2026-09-26
Austin,A Cedar Park event center and dining news: 6 trending Austin-area stories,8h ago,https://communityimpact.com/bastrop-cedar-creek/business/a-cedar-park-event-center-and-dining-news-6-trending-austin-area-stories/,https://communityimpact.com/_next/image/?url=https%3A%2F%2Fassets.communityimpact.com%2Fuploads%2Fimages%2F2026%2F09%2F21%2F8ea2291925812ab047e77206e36fb3f044aa4168b6b76ee7f3668afd7fd3a6fe.jpg&w=1920&q=75,2026-09-26
Austin,Merge Barbershop to relocate in Hutto,8h ago,https://communityimpact.com/pflugerville-hutto/business/merge-barbershop-to-relocate-in-hutto/,https://communityimpact.com/_next/image/?url=https%3A%2F%2Fassets.communityimpact.com%2Fuploads%2Fimages%2F2025%2F02%2F18%2F351735.jpg&w=1920&q=75,2026-09-26
Dallas - Fort Worth,NeuroSync Diagnostics opens as sister business to A&B Neurology in Colleyville,3h ago,https://communityimpact.com/grapevine-colleyville-southlake/business/neurosync-diagnostics-opens-as-sister-business-to-a-b-neurology-in-colleyville/,https://communityimpact.com/_next/image/?url=https%3A%2F%2Fassets.communityimpact.com%2Fuploads%2Fimages%2F2026%2F09%2F25%2Fc9468b79b7a6d8a9f2b0722423858fa9a41f6e15396874977433696b41d520a8.jpg&w=1920&q=75,2026-09-26
Dallas - Fort Worth,"Exit 4 Escape Rooms brings groups together through puzzles, problem solving in Allen",4h ago,https://communityimpact.com/allen/business/exit-4-escape-rooms-brings-groups-together-through-puzzles-problem-solving-in-allen/,https://communityimpact.com/_next/image/?url=https%3A%2F%2Fassets.communityimpact.com%2Fuploads%2Fimages%2F2026%2F09%2F25%2F94dec32faef5e1990b91597ef0d7f89f47fee0a29f582bfddb0ed7689554c8a1.jpg&w=1920&q=75,2026-09-26
Dallas - Fort Worth,Rose Couture Nail Bar opens second location in Prosper,5h ago,https://communityimpact.com/prosper-celina/business/rose-couture-nail-bar-opens-second-location-in-prosper/,https://communityimpact.com/_next/image/?url=https%3A%2F%2Fassets.communityimpact.com%2Fuploads%2Fimages%2F2026%2F09%2F24%2F39aa2404932949cac7bd16c6467db671ed845e9a30f9e41a507ec0beaededf7e.jpg&w=1920&q=75,2026-09-26
Dallas - Fort Worth,Super Star Car Wash planning 3rd Fort Worth location,5h ago,https://communityimpact.com/keller-roanoke-northeast-fort-worth/business/super-star-car-wash-planning-3rd-fort-worth-location/,https://communityimpact.com/_next/image/?url=https%3A%2F%2Fassets.communityimpact.com%2Fuploads%2Fimages%2F2026%2F09%2F22%2Fb231e8fb2ec394f23e5015dc714a7856026764dc5263e9a71438e92d5d7ce18d.jpg&w=1920&q=75,2026-09-26
Dallas - Fort Worth,"Rembrandt Florist reopens storefront near Richardson, Dallas border",6h ago,https://communityimpact.com/richardson/business/rembrandt-florist-reopens-storefront-near-richardson-dallas-border/,https://communityimpact.com/_next/image/?url=https%3A%2F%2Fassets.communityimpact.com%2Fuploads%2Fimages%2F2026%2F09%2F25%2F9da2214f9c5f5c703c4c775d5b59ca8718045d6e107ceb4628188f022f1aeb65.jpg&w=1920&q=75,2026-09-26
Dallas - Fort Worth,"Alloy Personal Training supports strength, cancer awareness in Frisco",7h ago,https://communityimpact.com/frisco/business/alloy-personal-training-supports-strength-cancer-awareness-in-frisco/,https://communityimpact.com/_next/image/?url=https%3A%2F%2Fassets.communityimpact.com%2Fuploads%2Fimages%2F2026%2F09%2F23%2F190f697bc3df2571b386a1544a642a5aeae77d177be33e4cb50910495687553d.jpg&w=1920&q=75,2026-09-26
Houston,JR Tire Shop opens Missouri City location,3h ago,https://communityimpact.com/sugar-land-missouri-city/business/jr-tire-shop-opens-missouri-city-location/,https://communityimpact.com/_next/image/?url=https%3A%2F%2Fassets.communityimpact.com%2Fuploads%2Fimages%2F2026%2F09%2F25%2Ff813c27951b198c7344bf1c0db8cdcfbc7640cb9ee68e7a21a6eabda80724435.jpg&w=1920&q=75,2026-09-26
Houston,Wicked Core marks its 10-year anniversary,4h ago,https://communityimpact.com/the-woodlands/business/wicked-core-marks-its-10-year-anniversary/,https://communityimpact.com/_next/image/?url=https%3A%2F%2Fassets.communityimpact.com%2Fuploads%2Fimages%2F2026%2F09%2F25%2Fddf5e18e72e189799a3e7f64eaa8f4de40050a930d1facb40485309ffd13a9d0.png&w=1920&q=75,2026-09-26
Houston,"New meat market, Missouri City road development project: 6 trending stories in the South Houston area",5h ago,https://communityimpact.com/bellaire-meyerland-west-university/business/new-meat-market-missouri-city-road-development-project-6-trending-stories-in-the-south-houston-area/,https://communityimpact.com/_next/image/?url=https%3A%2F%2Fassets.communityimpact.com%2Fuploads%2Fimages%2F2026%2F09%2F25%2F0723c5d05018c6aa2d0b0c1d4fc737624507c5f6a21bd1fe8ba7b1df5e0fd69b.jpg&w=1920&q=75,2026-09-26
Houston,Woof Gang Bakery & Grooming now open in Montgomery,5h ago,https://communityimpact.com/conroe-montgomery/business/woof-gang-bakery-grooming-now-open-in-montgomery/,https://communityimpact.com/_next/image/?url=https%3A%2F%2Fassets.communityimpact.com%2Fuploads%2Fimages%2F2026%2F09%2F25%2Ff2049c4b702e94c26df22da40289213475df12f31735317b54e599387ea50fab.jpg&w=1920&q=75,2026-09-26
Houston,Hoyer Global to renovate its Houston office space on Space Park Drive,5h ago,https://communityimpact.com/bay-area/business/hoyer-global-to-renovate-its-houston-office-space-on-space-park-drive/,https://communityimpact.com/_next/image/?url=https%3A%2F%2Fassets.communityimpact.com%2Fuploads%2Fimages%2F2020%2F10%2F15%2F89256.jpeg&w=1920&q=75,2026-09-26
Houston,Tomball H-E-B planned to undergo $20M renovation,5h ago,https://communityimpact.com/tomball-magnolia/business/tomball-h-e-b-planned-to-undergo-20m-renovation/,https://communityimpact.com/_next/image/?url=https%3A%2F%2Fassets.communityimpact.com%2Fuploads%2Fwpengine%2Fuploads%2F2016%2F11%2FHEB-1500-e1454688234176-1200x465.jpg&w=1920&q=75,2026-09-26
Bryan - College Station,Sprouts Farmers Market opens in College Station,6h ago,https://communityimpact.com/bryan-college-station/business/sprouts-farmers-market-opens-in-college-station/,https://communityimpact.com/_next/image/?url=https%3A%2F%2Fassets.communityimpact.com%2Fuploads%2Fimages%2F2026%2F09%2F25%2F1529e0be1fc1f55ea606ed4f823e8f8758da14b033755cfa68f28f19b8ee0fbf.jpg&w=1920&q=75,2026-09-26
Austin,"Downtown Round Rock business rebrands as Alcove, opens expansion",2h ago,https://communityimpact.com/round-rock/business/downtown-round-rock-business-rebrands-as-alcove-opens-expansion/,https://communityimpact.com/_next/image/?url=https%3A%2F%2Fassets.communityimpact.com%2Fuploads%2Fimages%2F2026%2F09%2F24%2F4c2337da579ea932b71cfe24714fd0d339dd6b85cfde4806285e5205bd9cefe1.jpg&w=1920&q=75,2026-09-25
Austin,Check out 8 restaurant and retail updates headed for South Central Austin,2h ago,https://communityimpact.com/central-austin/business/check-out-8-restaurant-and-retail-updates-headed-for-south-central-austin/,https://communityimpact.com/_next/image/?url=https%3A%2F%2Fassets.communityimpact.com%2Fuploads%2Fimages%2F2026%2F09%2F09%2Ff85c2242ff6216bd02f5e63369d82ded99bf8b5d9b8cd35c0fb286028ace399d.png&w=1920&q=75,2026-09-25
Austin,QuesaLab coming to Liberty Hill,3h ago,https://communityimpact.com/leander-liberty-hill/business/quesalab-coming-to-liberty-hill/,https://communityimpact.com/_next/image/?url=https%3A%2F%2Fassets.communityimpact.com%2Fuploads%2Fimages%2F2026%2F09%2F24%2F00dd8ce05d2378fcb97db8effae1946748bbaf8c429a5b1c73b1413d52f00e03.jpg&w=1920&q=75,2026-09-25
Austin,Domain Northside marks 10 year anniversary of restaurants and retail,5h ago,https://communityimpact.com/northwest-austin/business/domain-northside-marks-10-year-anniversary-of-restaurants-and-retail/,https://communityimpact.com/_next/image/?url=https%3A%2F%2Fassets.communityimpact.com%2Fuploads%2Fimages%2F2026%2F09%2F24%2F603b9a232f02e8c7e5243a2b03fc77b93f23bb45b89b154b800de68f820c7066.jpg&w=1920&q=75,2026-09-25
Austin,JETSET Pilates launches at The Arboretum,6h ago,https://communityimpact.com/northwest-austin/business/jetset-pilates-launches-at-the-arboretum/,https://communityimpact.com/_next/image/?url=https%3A%2F%2Fassets.communityimpact.com%2Fuploads%2Fimages%2F2026%2F09%2F24%2F16067fb4e2504627a64a648b8978a844c6bb8764ac05eff69fcf33882530a878.jpg&w=1920&q=75,2026-09-25
Austin,Austin company to acquire New Braunfels senior living community,8h ago,https://communityimpact.com/new-braunfels/business/austin-company-to-acquire-new-braunfels-senior-living-community/,https://communityimpact.com/_next/image/?url=https%3A%2F%2Fassets.communityimpact.com%2Fuploads%2Fimages%2F2025%2F04%2F25%2F363364.png&w=1920&q=75,2026-09-25
Dallas - Fort Worth,Fitness gym D1 Training announces updated Roanoke opening date,2h ago,https://communityimpact.com/keller-roanoke-northeast-fort-worth/business/fitness-gym-d1-training-announces-updated-roanoke-opening-date/,https://communityimpact.com/_next/image/?url=https%3A%2F%2Fassets.communityimpact.com%2Fuploads%2Fimages%2F2025%2F06%2F03%2F369466.jpg&w=1920&q=75,2026-09-25
Dallas - Fort Worth,"Universal Smoke & Vape now open, to hold October grand opening",3h ago,https://communityimpact.com/denton/business/universal-smoke-vape-now-open/,https://communityimpact.com/_next/image/?url=https%3A%2F%2Fassets.communityimpact.com%2Fuploads%2Fimages%2F2026%2F09%2F24%2F5b1f58ba8f99b7994f747f1ee06e2aea25c053ae8c49a23cc25f965ec15127a1.png&w=1920&q=75,2026-09-25
Dallas - Fort Worth,Gold Rush to debut in Prosper as part of Texas expansion,4h ago,https://communityimpact.com/prosper-celina/business/gold-rush-to-debut-in-prosper-as-part-of-texas-expansion/,https://communityimpact.com/_next/image/?url=https%3A%2F%2Fassets.communityimpact.com%2Fuploads%2Fimages%2F2026%2F09%2F24%2F333191aedd5ab8a623be9165be3c3e13cdff5f3bbd06241bfbc126b0c5000028.jpg&w=1920&q=75,2026-09-25
Dallas - Fort Worth,The Novel Narwhal finds new space to sell books in Roanoke,5h ago,https://communityimpact.com/keller-roanoke-northeast-fort-worth/business/the-novel-narwhal-finds-new-space-to-sell-books-in-roanoke/,https://communityimpact.com/_next/image/?url=https%3A%2F%2Fassets.communityimpact.com%2Fuploads%2Fimages%2F2026%2F09%2F22%2Fb8428397617b9309b704bb4d5a86ffdb0dd6079b8a1d55c99be1aa9eff70a0f1.jpg&w=1920&q=75,2026-09-25
Dallas - Fort Worth,Texas Regional Bank opens new Frisco banking center,5h ago,https://communityimpact.com/frisco/business/texas-regional-bank-opens-new-frisco-banking-center/,https://communityimpact.com/_next/image/?url=https%3A%2F%2Fassets.communityimpact.com%2Fuploads%2Fimages%2F2026%2F09%2F22%2F82067083e68ffaad5d9ad6edd1dc10a1f5e21ef543f07255dca3b71811d6630d.png&w=1920&q=75,2026-09-25
Houston,MK Dental Studio opens office in Fulshear,2h ago,https://communityimpact.com/katy-fulshear/business/mk-dental-studio-opens-office-in-fulshear/,https://communityimpact.com/_next/image/?url=https%3A%2F%2Fassets.communityimpact.com%2Fuploads%2Fimages%2F2026%2F09%2F24%2F0540d2f2855e0ad6ba675bf2613f24ab2a3ea7c892940945d4d8588c087e738d.jpg&w=1920&q=75,2026-09-25
Houston,Jovi Roasters Café now open on Rayford Road in Spring,4h ago,https://communityimpact.com/the-woodlands/business/jovi-roasters-caf-now-open-on-rayford-road-in-spring/,https://communityimpact.com/_next/image/?url=https%3A%2F%2Fassets.communityimpact.com%2Fuploads%2Fimages%2F2026%2F09%2F24%2F8cfb5886ae121d2e2b3a2e6abc89b0b500c691acfe28b6a513e9fe829edddda7.png&w=1920&q=75,2026-09-25
Houston,Faith-based boutique La Lihn coming soon to Atascocita,5h ago,https://communityimpact.com/lake-houston-humble-kingwood/business/faith-based-boutique-la-lihn-coming-soon-to-atascocita/,https://communityimpact.com/_next/image/?url=https%3A%2F%2Fassets.communityimpact.com%2Fuploads%2Fimages%2F2026%2F09%2F24%2F824ef02ddfea04f16a4e8d4298bfd120814868a242eafc94f121fee98471dc50.jpg&w=1920&q=75,2026-09-25
Houston,New Take 5 Oil Change coming to Kemah in 2027,6h ago,https://communityimpact.com/bay-area/business/new-take-5-oil-change-coming-to-kemah-in-2027/,https://communityimpact.com/_next/image/?url=https%3A%2F%2Fassets.communityimpact.com%2Fuploads%2Fimages%2F2026%2F04%2F21%2F420740.jpg&w=1920&q=75,2026-09-25
Houston,Bare & Balanced Wellness Spa celebrates one year serving Spring,7h ago,https://communityimpact.com/spring-klein/business/bare-balanced-wellness-spa-celebrates-one-year-serving-spring/,https://communityimpact.com/_next/image/?url=https%3A%2F%2Fassets.communityimpact.com%2Fuploads%2Fimages%2F2025%2F06%2F02%2F366925.jpeg&w=1920&q=75,2026-09-25
Houston,Reppond Barber relocates to Tomball,16h ago,https://communityimpact.com/tomball-magnolia/business/reppond-barber-relocates-to-tomball/,https://communityimpact.com/_next/image/?url=https%3A%2F%2Fassets.communityimpact.com%2Fuploads%2Fimages%2F2026%2F09%2F22%2Fd215a3178aa2b91da8443877e53472fc44b4335e27228b415f48245790e8ebe1.jpg&w=1920&q=75,2026-09-25
Bryan - College Station,Gypsy Waltz yoga studio announces Bryan opening date,4h ago,https://communityimpact.com/bryan-college-station/business/gypsy-waltz-yoga-studio-announces-bryan-opening-date/,https://communityimpact.com/_next/image/?url=https%3A%2F%2Fassets.communityimpact.com%2Fuploads%2Fimages%2F2026%2F09%2F24%2Fd14c871693b2116fec681491050b5f476546d6f0d57ee12f5e3df1c2e655de9b.png&w=1920&q=75,2026-09-25
Austin,Expected cost and timeline details revealed for new Buda H-E-B,2h ago,https://communityimpact.com/san-marcos-buda-kyle/business/expected-cost-and-timeline-details-revealed-for-new-buda-h-e-b/,https://communityimpact.com/_next/image/?url=https%3A%2F%2Fassets.communityimpact.com%2Fuploads%2Fimages%2F2026%2F03%2F11%2F414072.jpg&w=1920&q=75,2026-09-24
Austin,Westlake Dermatology opens off Crystal Falls Parkway in Leander,4h ago,https://communityimpact.com/leander-liberty-hill/business/westlake-dermatology-opens-off-crystal-falls-parkway-in-leander/,https://communityimpact.com/_next/image/?url=https%3A%2F%2Fassets.communityimpact.com%2Fuploads%2Fimages%2F2026%2F08%2F04%2F435198.jpeg&w=1920&q=75,2026-09-24
Austin,Chalk Training in Westlake celebrates 10 years,5h ago,https://communityimpact.com/lake-travis-westlake/business/chalk-training-in-westlake-celebrates-10-years/,https://communityimpact.com/_next/image/?url=https%3A%2F%2Fassets.communityimpact.com%2Fuploads%2Fimages%2F2026%2F09%2F23%2Fe6446e7239fe8bf6cf90a8bd76775470b4b3043cc17923684e5f2b8baddcc203.webp&w=1920&q=75,2026-09-24
Austin,Hutto-based Cottonwood Creek Brewery to open Round Rock taproom,6h ago,https://communityimpact.com/round-rock/business/hutto-based-cottonwood-creek-brewery-to-open-round-rock-taproom/,https://communityimpact.com/_next/image/?url=https%3A%2F%2Fassets.communityimpact.com%2Fuploads%2Fimages%2F2026%2F09%2F23%2Fb256c69742a7f5853ea0ae2eec9a7c355fd43f24f769113aeaedfa2d15f568c2.jpg&w=1920&q=75,2026-09-24
Austin,Germer Insurance heads to former Relics spot,1d ago,https://communityimpact.com/bastrop-cedar-creek/business/germer-insurance-heads-to-former-relics-spot/,https://communityimpact.com/_next/image/?url=https%3A%2F%2Fassets.communityimpact.com%2Fuploads%2Fimages%2F2026%2F09%2F22%2F5322a3481944a36313b8b9888042dafa7654c0863e9353929abc5cc2b47672dc.jpg&w=1920&q=75,2026-09-24
Dallas - Fort Worth,"Bucketheads sells clothing, gifts in Grapevine",3h ago,https://communityimpact.com/grapevine-colleyville-southlake/business/bucketheads-sells-clothing-gifts-in-grapevine/,https://communityimpact.com/_next/image/?url=https%3A%2F%2Fassets.communityimpact.com%2Fuploads%2Fimages%2F2026%2F09%2F23%2F05a399a02075d19748716767ed35f8064b5bf7ea1c9f95277930d585af5ff179.jpg&w=1920&q=75,2026-09-24
Dallas - Fort Worth,Layoffs affect nearly 200 Amazon delivery drivers in Roanoke,3h ago,https://communityimpact.com/keller-roanoke-northeast-fort-worth/business/layoffs-affect-nearly-200-amazon-delivery-drivers-in-roanoke/,https://communityimpact.com/_next/image/?url=https%3A%2F%2Fassets.communityimpact.com%2Fuploads%2Fimages%2F2026%2F09%2F22%2F496ed037a8d001d4cfa1ad43664a322bdae20ced8f97ed5e300e1031d5e68940.jpg&w=1920&q=75,2026-09-24
Dallas - Fort Worth,Play golf and dine at Sip'Stroke Lounge in Plano,4h ago,https://communityimpact.com/plano/business/play-golf-and-dine-at-sip-stroke-lounge-in-plano/,https://communityimpact.com/_next/image/?url=https%3A%2F%2Fassets.communityimpact.com%2Fuploads%2Fimages%2F2026%2F09%2F23%2Ff46f172e56da470ea8f878867e3ca2d7f843a2aaf58b0e0cb87e7f971ccf8343.jpg&w=1920&q=75,2026-09-24
Dallas - Fort Worth,Game shop Overworld Collectibles opens in downtown Denton,5h ago,https://communityimpact.com/denton/business/game-shop-overworld-collectibles-opens-in-downtown-denton/,https://communityimpact.com/_next/image/?url=https%3A%2F%2Fassets.communityimpact.com%2Fuploads%2Fimages%2F2026%2F09%2F22%2F940c4f2965f7a4bd74d1eb1022c0c3807503947c3130df09a0bcc512a438cab5.jpg&w=1920&q=75,2026-09-24
Dallas - Fort Worth,Relax Myora now offering massage services in Allen,9h ago,https://communityimpact.com/allen/business/relax-myora-now-offering-massage-services-in-allen/,https://communityimpact.com/_next/image/?url=https%3A%2F%2Fassets.communityimpact.com%2Fuploads%2Fimages%2F2026%2F08%2F10%2F436219.jpeg&w=1920&q=75,2026-09-24
Houston,Wells Fargo opening new branch in Montgomery,3h ago,https://communityimpact.com/conroe-montgomery/business/wells-fargo-opening-new-branch-in-montgomery/,https://communityimpact.com/_next/image/?url=https%3A%2F%2Fassets.communityimpact.com%2Fuploads%2Fimages%2F2026%2F03%2F10%2F413700.jpeg&w=1920&q=75,2026-09-24
Houston,Clinic specializing in digestive disorders to connect with Bellaire patients,3h ago,https://communityimpact.com/bellaire-meyerland-west-university/business/clinic-specializing-in-digestive-disorders-to-connect-with-bellaire-patients/,https://communityimpact.com/_next/image/?url=https%3A%2F%2Fassets.communityimpact.com%2Fuploads%2Fimages%2F2026%2F09%2F23%2Fa5d1f54a4ad3c220e3039def2103103acfe082b028cd62377a95b22890af7f97.jpg&w=1920&q=75,2026-09-24
Houston,Target opening Texas Heritage Marketplace location in October,4h ago,https://communityimpact.com/katy-fulshear/business/target-opening-texas-heritage-marketplace-location-in-october/,https://communityimpact.com/_next/image/?url=https%3A%2F%2Fassets.communityimpact.com%2Fuploads%2Fimages%2F2026%2F09%2F15%2Fbf18014a4db4bef6273004c2799d77592540552be07724a4be80b760d190c698.jpg&w=1920&q=75,2026-09-24
Houston,In-Step Dance Center welcomes 28th season with a new location,4h ago,https://communityimpact.com/the-woodlands/business/in-step-dance-center-welcomes-28th-season-with-a-new-location/,https://communityimpact.com/_next/image/?url=https%3A%2F%2Fassets.communityimpact.com%2Fuploads%2Fimages%2F2026%2F09%2F10%2Fd5f751a47748121e0c32dcf763cd82763bb55320cb638075de6ae3ec84ab7bef.jpg&w=1920&q=75,2026-09-24
Houston,Eagles Nutrition now open in New Caney,9h ago,https://communityimpact.com/new-caney-porter/business/eagles-nutrition-now-open-in-new-caney/,https://communityimpact.com/_next/image/?url=https%3A%2F%2Fassets.communityimpact.com%2Fuploads%2Fimages%2F2026%2F09%2F08%2F439732.jpeg&w=1920&q=75,2026-09-24
Houston,Petsense by Tractor Supply closing down Magnolia location,14h ago,https://communityimpact.com/tomball-magnolia/business/petsense-by-tractor-supply-closing-down-magnolia-location/,https://communityimpact.com/_next/image/?url=https%3A%2F%2Fassets.communityimpact.com%2Fuploads%2Fimages%2F2026%2F09%2F22%2F4abd71c9e4fa6be4369bfbcc124e2f2b79e7f3ca7057275b62a6acb6686088be.jpg&w=1920&q=75,2026-09-24
Bryan - College Station,Vital Care opens as first in-house infusion pharmacy in College Station,4h ago,https://communityimpact.com/bryan-college-station/business/vital-care-opens-as-first-in-house-infusion-pharmacy-in-college-station/,https://communityimpact.com/_next/image/?url=https%3A%2F%2Fassets.communityimpact.com%2Fuploads%2Fimages%2F2026%2F09%2F23%2F994818da6c51e564f1ae7c2d7f9e87f3e3e08e95249579874aa799bd45a007eb.jpg&w=1920&q=75,2026-09-24
Austin,America's Best Contacts & Eyeglasses coming to Northline,3h ago,https://communityimpact.com/leander-liberty-hill/business/america-s-best-contacts-eyeglasses-coming-to-northline/,https://communityimpact.com/_next/image/?url=https%3A%2F%2Fassets.communityimpact.com%2Fuploads%2Fimages%2F2026%2F02%2F18%2F410031.jpeg&w=1920&q=75,2026-09-23
Austin,"Local toy store changes ownership in downtown New Braunfels, San Marcos",6h ago,https://communityimpact.com/new-braunfels/business/local-toy-store-changes-ownership-in-downtown-new-braunfels-san-marcos/,https://communityimpact.com/_next/image/?url=https%3A%2F%2Fassets.communityimpact.com%2Fuploads%2Fimages%2F2026%2F09%2F22%2F2e6521d6fd62aeee10c7b482c283493641b7a54be8d202eaefd3500f2068a766.jpg&w=1920&q=75,2026-09-23
Austin,Urgent care clinic to move to new space in New Braunfels,8h ago,https://communityimpact.com/new-braunfels/business/urgent-care-clinic-to-move-to-new-space-in-new-braunfels/,https://communityimpact.com/_next/image/?url=https%3A%2F%2Fassets.communityimpact.com%2Fuploads%2Fimages%2F2026%2F09%2F22%2F1e58078186533987ec097f02d595909352c6a00df94ce2cbbd8775d407452ed5.jpg&w=1920&q=75,2026-09-23
Austin,Timberland to open new store at San Marcos outlets,1d ago,https://communityimpact.com/san-marcos-buda-kyle/business/timberland-to-open-new-store-at-san-marcos-outlets/,https://communityimpact.com/_next/image/?url=https%3A%2F%2Fassets.communityimpact.com%2Fuploads%2Fimages%2F2026%2F08%2F26%2F438440.jpg&w=1920&q=75,2026-09-23
Dallas - Fort Worth,"New tequila lounge, Chicken Salad Chick: See 14 business updates in Denton",2h ago,https://communityimpact.com/denton/business/new-tequila-lounge-chicken-salad-chick-see-14-business-updates-in-denton/,https://communityimpact.com/_next/image/?url=https%3A%2F%2Fassets.communityimpact.com%2Fuploads%2Fimages%2F2026%2F08%2F27%2F438557.png&w=1920&q=75,2026-09-23
Dallas - Fort Worth,Studio One Dance Center celebrates 20th anniversary in Fort Worth,4h ago,https://communityimpact.com/keller-roanoke-northeast-fort-worth/business/studio-one-dance-center-celebrates-20th-anniversary-in-fort-worth/,https://communityimpact.com/_next/image/?url=https%3A%2F%2Fassets.communityimpact.com%2Fuploads%2Fimages%2F2026%2F09%2F22%2F244b29f008bbd3e2edef99a2c91bff4de70831a8aa3b9ad0ac6c83b4b9ec2b50.jpg&w=1920&q=75,2026-09-23
Dallas - Fort Worth,Grapevine’s Talking Animals Books renovates upstairs into enchanted forest-themed children’s area,6h ago,https://communityimpact.com/grapevine-colleyville-southlake/business/grapevine-s-talking-animals-books-renovates-upstairs-into-enchanted-forest-themed-children-s-area/,https://communityimpact.com/_next/image/?url=https%3A%2F%2Fassets.communityimpact.com%2Fuploads%2Fimages%2F2026%2F09%2F22%2Fd2ed017dcf7ded58f7d49d5f70fb92dbac90206cd370f6d9ba91ef787ee3db35.jpg&w=1920&q=75,2026-09-23
Dallas - Fort Worth,"Mother, daughter duo embrace 'passion for fashion' at Only You Bridal in Colleyville",11h ago,https://communityimpact.com/grapevine-colleyville-southlake/business/mother-daughter-duo-embrace-passion-for-fashion-at-only-you-bridal-in-colleyville/,https://communityimpact.com/_next/image/?url=https%3A%2F%2Fassets.communityimpact.com%2Fuploads%2Fimages%2F2026%2F09%2F11%2Fc29ad762502f7b4f5c9a5086dba21aa3c7b0d365dbd599cea8461f23fc441392.jpg&w=1920&q=75,2026-09-23
Dallas - Fort Worth,"4Ever Young now offering Botox, hormone therapy in Allen",18h ago,https://communityimpact.com/allen/business/4ever-young-now-offering-botox-hormone-therapy-in-allen/,https://communityimpact.com/_next/image/?url=https%3A%2F%2Fassets.communityimpact.com%2Fuploads%2Fimages%2F2026%2F09%2F21%2F5fa070d187e7e520cf990c4cb378f68b25672806ceeebca5d85998789e70f731.jpg&w=1920&q=75,2026-09-23
Houston,League City Yacht Sales relocates to Watergate Marina,3h ago,https://communityimpact.com/bay-area/business/league-city-yacht-sales-relocates-to-watergate-marina/,https://communityimpact.com/_next/image/?url=https%3A%2F%2Fassets.communityimpact.com%2Fuploads%2Fimages%2F2026%2F09%2F22%2F2557d4e89e108b9ebb999601b3fad229c182e1eeae38eead8abc46f585752056.jpg&w=1920&q=75,2026-09-23
Houston,"Plaza Wellness now providing aesthetic, wellness services in Houston's Museum District",3h ago,https://communityimpact.com/bellaire-meyerland-west-university/business/plaza-wellness-now-providing-aesthetic-wellness-services-in-houston-s-museum-district/,https://communityimpact.com/_next/image/?url=https%3A%2F%2Fassets.communityimpact.com%2Fuploads%2Fimages%2F2026%2F09%2F22%2F8d73a9e0ca4afd7a1651008b638d565a90f7baec08b21648f7b9fb11fbf5f56a.jpg&w=1920&q=75,2026-09-23
Houston,Locally-owned Nadia’s Hair Shop marks 5 years in Porter,5h ago,https://communityimpact.com/new-caney-porter/business/locally-owned-nadia-s-hair-shop-marks-5-years-in-porter/,https://communityimpact.com/_next/image/?url=https%3A%2F%2Fassets.communityimpact.com%2Fuploads%2Fimages%2F2026%2F09%2F22%2Fb5006439ca610138ef5a0172f0bf1985d8f7b57a1d2a2a159bcc5d2ef8891bb0.jpg&w=1920&q=75,2026-09-23
Houston,Arride Bikes opens second area showroom in The Woodlands,8h ago,https://communityimpact.com/the-woodlands/business/arride-bikes-opens-second-area-showroom-in-the-woodlands/,https://communityimpact.com/_next/image/?url=https%3A%2F%2Fassets.communityimpact.com%2Fuploads%2Fimages%2F2026%2F09%2F22%2F7cb69dac9c32f85f96fd30ee876220e30a0130c6fd55c238d0f833f38b415cc2.jpg&w=1920&q=75,2026-09-23
Houston,Flour House Bakers now open in Tomball,19h ago,https://communityimpact.com/tomball-magnolia/business/flour-house-bakers-now-open-in-tomball/,https://communityimpact.com/_next/image/?url=https%3A%2F%2Fassets.communityimpact.com%2Fuploads%2Fimages%2F2026%2F09%2F21%2Fab8a11210cb57e1535f19407f2627c980a1d700637c681e1ee51322bba101972.webp&w=1920&q=75,2026-09-23
Bryan - College Station,"What's new in Bryan-College Station: Sprouts, 3 restaurants open in September",3h ago,https://communityimpact.com/bryan-college-station/business/what-s-new-in-bryan-college-station-sprouts-3-restaurants-open-in-september/,https://communityimpact.com/_next/image/?url=https%3A%2F%2Fassets.communityimpact.com%2Fuploads%2Fimages%2F2026%2F09%2F22%2Fb23ef3dbd57e4cc39d42a3b3dced54bfa78a1491eaa365b76f7954e9533c31e2.jpg&w=1920&q=75,2026-09-23
Austin,PostalAnnex offers more than mail services in Bastrop,3h ago,https://communityimpact.com/bastrop-cedar-creek/business/postalannex-offers-more-than-mail-services-in-bastrop/,https://communityimpact.com/_next/image/?url=https%3A%2F%2Fassets.communityimpact.com%2Fuploads%2Fimages%2F2026%2F08%2F10%2F436090.jpg&w=1920&q=75,2026-09-22
Austin,FVF Law opens new Rosedale office,3h ago,https://communityimpact.com/central-austin/business/fvf-law-opens-new-rosedale-office/,https://communityimpact.com/_next/image/?url=https%3A%2F%2Fassets.communityimpact.com%2Fuploads%2Fimages%2F2026%2F09%2F21%2Fccd896c2c1fb778f1d7598db30d8eb844a561ae186a496903afe5c27a1b0c68e.jpg&w=1920&q=75,2026-09-22
Austin,MonkeySports now open at The Crossover,3h ago,https://communityimpact.com/cedar-park/business/monkeysports-now-open-at-the-crossover/,https://communityimpact.com/_next/image/?url=https%3A%2F%2Fassets.communityimpact.com%2Fuploads%2Fimages%2F2026%2F09%2F21%2Faf01dbbee2b22349e7ba3a4c7a5c55f236ddde91ec17bd5a344e00e25bf65995.jpg&w=1920&q=75,2026-09-22
Austin,Spirit Halloween now open in Round Rock,3h ago,https://communityimpact.com/round-rock/business/spirit-halloween-now-open-in-round-rock/,https://communityimpact.com/_next/image/?url=https%3A%2F%2Fassets.communityimpact.com%2Fuploads%2Fimages%2F2024%2F10%2F15%2F332237.jpg&w=1920&q=75,2026-09-22
Austin,Cedar Park Walmart to undergo renovations,3h ago,https://communityimpact.com/cedar-park/business/cedar-park-walmart-to-undergo-renovations/,https://communityimpact.com/_next/image/?url=https%3A%2F%2Fassets.communityimpact.com%2Fuploads%2Fimages%2F2026%2F08%2F27%2F436750.jpeg&w=1920&q=75,2026-09-22
Austin,HAAM Day Music Festival returns with largest event to date,4h ago,https://communityimpact.com/central-austin/business/haam-day-music-festival-returns-with-largest-event-to-date/,https://communityimpact.com/_next/image/?url=https%3A%2F%2Fassets.communityimpact.com%2Fuploads%2Fimages%2F2026%2F09%2F21%2F879adac6c189f5ec2e669a226aa7d285c815f15982ab51252acd824cb7cb9931.jpg&w=1920&q=75,2026-09-22
Dallas - Fort Worth,Denton’s New York Sub Hub opens food truck near East Side,3h ago,https://communityimpact.com/denton/business/denton-s-new-york-sub-hub-opens-food-truck-near-east-side/,https://communityimpact.com/_next/image/?url=https%3A%2F%2Fassets.communityimpact.com%2Fuploads%2Fimages%2F2026%2F09%2F21%2F8ad26921e8130590365910de6547294e46bb0cd332edb2b0680ad513003fd0a5.png&w=1920&q=75,2026-09-22
Dallas - Fort Worth,"Dutch Bros Coffee considers location on Prosper, Celina border",4h ago,https://communityimpact.com/prosper-celina/business/dutch-bros-coffee-considers-location-on-prosper-celina-border/,https://communityimpact.com/_next/image/?url=https%3A%2F%2Fassets.communityimpact.com%2Fuploads%2Fimages%2F2025%2F10%2F16%2F390652.jpg&w=1920&q=75,2026-09-22
Dallas - Fort Worth,"Bewitched Denton offers products, resources for all spiritual paths",4h ago,https://communityimpact.com/denton/business/bewitched-denton-offers-products-resources-for-all-spiritual-paths/,https://communityimpact.com/_next/image/?url=https%3A%2F%2Fassets.communityimpact.com%2Fuploads%2Fimages%2F2026%2F09%2F21%2F7069fdd862856358902c2d23c34cacd9c3a1f61660d0aaab51fbf723f5502f1d.jpg&w=1920&q=75,2026-09-22
Dallas - Fort Worth,"Pizza and pickleball: Check out 11 business updates in central, East McKinney",10h ago,https://communityimpact.com/mckinney/business/pizza-and-pickleball-check-out-11-business-updates-in-central-east-mckinney/,https://communityimpact.com/_next/image/?url=https%3A%2F%2Fassets.communityimpact.com%2Fuploads%2Fimages%2F2026%2F07%2F01%2F430900.jpeg&w=1920&q=75,2026-09-22
Dallas - Fort Worth,"Coffee, collectibles and cigars: Check out 13 business, restaurant updates in Allen",11h ago,https://communityimpact.com/allen/business/coffee-collectibles-and-cigars-check-out-13-business-restaurant-updates-in-allen/,https://communityimpact.com/_next/image/?url=https%3A%2F%2Fassets.communityimpact.com%2Fuploads%2Fimages%2F2026%2F09%2F01%2F439097.jpg&w=1920&q=75,2026-09-22
Houston,Secret Touch Salon Studios coming soon to New Caney,3h ago,https://communityimpact.com/new-caney-porter/business/secret-touch-salon-studios-coming-soon-to-new-caney/,https://communityimpact.com/_next/image/?url=https%3A%2F%2Fassets.communityimpact.com%2Fuploads%2Fimages%2F2026%2F09%2F21%2Ff0022433f6b74dfc23590489b54f414b4dac00f958deddb26ea6f3876e074ed0.jpg&w=1920&q=75,2026-09-22
Houston,Brookshire Chamber of Commerce celebrates 1st anniversary since relaunch,4h ago,https://communityimpact.com/katy-fulshear/business/brookshire-chamber-of-commerce-celebrates-1st-anniversary-since-relaunch/,https://communityimpact.com/_next/image/?url=https%3A%2F%2Fassets.communityimpact.com%2Fuploads%2Fimages%2F2026%2F09%2F21%2F5adee71ffd7314f12ccd05c93c461a54df45c43d31b523352683e0e5d93e82a1.png&w=1920&q=75,2026-09-22
Houston,BMF Fitness to celebrate 15 years serving Spring,5h ago,https://communityimpact.com/spring-klein/business/bmf-fitness-to-celebrate-15-years-serving-spring/,https://communityimpact.com/_next/image/?url=https%3A%2F%2Fassets.communityimpact.com%2Fuploads%2Fimages%2F2026%2F09%2F21%2F1a6ef22a32a57b1baba1c849e82b68414ae0959bb43ed994ef721ed051e33054.jpg&w=1920&q=75,2026-09-22
Houston,Potted Nursery closing down,20h ago,https://communityimpact.com/tomball-magnolia/business/potted-nursery-closing-down/,https://communityimpact.com/_next/image/?url=https%3A%2F%2Fassets.communityimpact.com%2Fuploads%2Fimages%2F2025%2F09%2F18%2F385901.jpeg&w=1920&q=75,2026-09-22
Austin,Texas Roadhouse to open next month in Georgetown,11h ago,https://communityimpact.com/georgetown/business/texas-roadhouse-to-open-next-month-in-georgetown/,https://communityimpact.com/_next/image/?url=https%3A%2F%2Fassets.communityimpact.com%2Fuploads%2Fimages%2F2026%2F07%2F24%2F434037.jpg&w=1920&q=75,2026-09-21
Austin,Gibson & Co. Salon permanently closed in Georgetown,1d ago,https://communityimpact.com/georgetown/business/gibson-co-salon-permanently-closed-in-georgetown/,https://communityimpact.com/_next/image/?url=https%3A%2F%2Fassets.communityimpact.com%2Fuploads%2Fimages%2F2026%2F09%2F18%2F8d94808d7a20937edbf789e1b2a35662828f3d6caec9d520167112627dc71340.jpg&w=1920&q=75,2026-09-21
Bryan - College Station,Peas in a Pod Learning Center unexpectedly closes in College Station,1d ago,https://communityimpact.com/bryan-college-station/business/peas-in-a-pod-learning-center-unexpectedly-closes-in-college-station/,https://communityimpact.com/_next/image/?url=https%3A%2F%2Fassets.communityimpact.com%2Fuploads%2Fimages%2F2026%2F09%2F18%2F75395c258091adb3aabee6c7f48ac3e68fb36717029b348921117f50c27c6b6c.png&w=1920&q=75,2026-09-20
Austin,Dick’s Sporting Goods teased for Bastrop,1h ago,https://communityimpact.com/bastrop-cedar-creek/business/dick-s-sporting-goods-teased-for-bastrop/,https://communityimpact.com/_next/image/?url=https%3A%2F%2Fassets.communityimpact.com%2Fuploads%2Fimages%2F2026%2F06%2F30%2F430777.jpeg&w=1920&q=75,2026-09-19
Austin,Doll House Beauty Lounge now open in Hutto,4h ago,https://communityimpact.com/pflugerville-hutto/business/doll-house-beauty-lounge-now-open-in-hutto/,https://communityimpact.com/_next/image/?url=https%3A%2F%2Fassets.communityimpact.com%2Fuploads%2Fimages%2F2026%2F09%2F18%2F9fbecabc9743787446ad4d7ec31cdd6516f02eca1e2f514fa3d6b98dc836d317.jpg&w=1920&q=75,2026-09-19
Austin,"Business news, wave pool, school closures: 6 trending Austin-area stories",7h ago,https://communityimpact.com/georgetown/business/business-news-wave-pool-school-closures-6-trending-austin-area-stories/,https://communityimpact.com/_next/image/?url=https%3A%2F%2Fassets.communityimpact.com%2Fuploads%2Fimages%2F2025%2F11%2F20%2F396605.jpeg&w=1920&q=75,2026-09-19
Austin,Theme parks and breweries: 17 Northwest Austin business and dining updates,7h ago,https://communityimpact.com/northwest-austin/business/theme-parks-and-breweries-17-northwest-austin-business-and-dining-updates/,https://communityimpact.com/_next/image/?url=https%3A%2F%2Fassets.communityimpact.com%2Fuploads%2Fimages%2F2026%2F09%2F17%2F17f11dfc57d775d32d5ac30df5f86c4c916b4a344b033d2438b41442694bf4c9.png&w=1920&q=75,2026-09-19
Austin,Polished Smiles of Round Rock now serving patients,7h ago,https://communityimpact.com/round-rock/business/polished-smiles-of-round-rock-now-serving-patients/,https://communityimpact.com/_next/image/?url=https%3A%2F%2Fassets.communityimpact.com%2Fuploads%2Fimages%2F2026%2F09%2F03%2F439417.jpeg&w=1920&q=75,2026-09-19
Dallas - Fort Worth,"Southern Soul & Co. selling western-inspired jewelry, clothing in Keller",3h ago,https://communityimpact.com/keller-roanoke-northeast-fort-worth/business/southern-soul-co-selling-western-inspired-jewelry-clothing-in-keller/,https://communityimpact.com/_next/image/?url=https%3A%2F%2Fassets.communityimpact.com%2Fuploads%2Fimages%2F2026%2F09%2F18%2F89930902cbbcbdd82c51117e98d8be73b5ad5d93666a9b38f29e57cef463b8e7.jpg&w=1920&q=75,2026-09-19
Dallas - Fort Worth,Big Air Trampoline Park to open in Plano this November,3h ago,https://communityimpact.com/plano/business/big-air-trampoline-park-to-open-in-plano-this-november/,https://communityimpact.com/_next/image/?url=https%3A%2F%2Fassets.communityimpact.com%2Fuploads%2Fimages%2F2026%2F07%2F30%2F434960.jpeg&w=1920&q=75,2026-09-19
Dallas - Fort Worth,Lukas Western Wear to open in Denton's Golden Triangle Mall,4h ago,https://communityimpact.com/denton/business/lukas-western-wear-to-open-in-denton-s-golden-triangle-mall/,https://communityimpact.com/_next/image/?url=https%3A%2F%2Fassets.communityimpact.com%2Fuploads%2Fimages%2F2026%2F09%2F17%2F6ce8079265bc8fbb7d66cebd13f5a6ded4b70fa06129f52d447113f12eb50a7f.jpg&w=1920&q=75,2026-09-19
Dallas - Fort Worth,"New York Butcher Shoppe offers ready-to-go meals, fresh meat in Southlake",6h ago,https://communityimpact.com/grapevine-colleyville-southlake/business/new-york-butcher-shoppe-offers-ready-to-go-meals-fresh-meat-in-southlake/,https://communityimpact.com/_next/image/?url=https%3A%2F%2Fassets.communityimpact.com%2Fuploads%2Fimages%2F2026%2F09%2F18%2F4d00fc3ddb736b3cc3f3e8356a8d4f4027ebdc77a7c683129d1d3516668562ac.jpg&w=1920&q=75,2026-09-19
Dallas - Fort Worth,Pilates Retreat now offering exercise classes in Allen,8h ago,https://communityimpact.com/allen/business/pilates-retreat-now-offering-exercise-classes-in-allen/,https://communityimpact.com/_next/image/?url=https%3A%2F%2Fassets.communityimpact.com%2Fuploads%2Fimages%2F2026%2F09%2F17%2Fea44929a40eba70c6c55f05ede051c46dd75acb94a88e8b36ffd656482ce7d60.jpg&w=1920&q=75,2026-09-19
Dallas - Fort Worth,North Dallas Bank and Trust Co. opens Frisco Fields West multi-use campus,8h ago,https://communityimpact.com/frisco/business/north-dallas-bank-and-trust-co-opens-frisco-fields-west-multi-use-campus/,https://communityimpact.com/_next/image/?url=https%3A%2F%2Fassets.communityimpact.com%2Fuploads%2Fimages%2F2026%2F09%2F16%2F2681e81b618473fbbbcf58ac15f54b4a6a49095a1b59518ff7e239c584bf28ad.jpg&w=1920&q=75,2026-09-19
Houston,Hiatus Day Spa to open second Houston location in the Heights,2h ago,https://communityimpact.com/heights-river-oaks-montrose/business/hiatus-day-spa-to-open-second-houston-location-in-the-heights/,https://communityimpact.com/_next/image/?url=https%3A%2F%2Fassets.communityimpact.com%2Fuploads%2Fimages%2F2026%2F09%2F18%2F6513bf9cb7b65a7e9ca407d3ff191282c8a93c31ede8ecadd97d9f3218d70afb.png&w=1920&q=75,2026-09-19
Houston,Plato's Closet opens resale shop in Conroe,2h ago,https://communityimpact.com/conroe-montgomery/business/plato-s-closet-opens-resale-shop-in-conroe/,https://communityimpact.com/_next/image/?url=https%3A%2F%2Fassets.communityimpact.com%2Fuploads%2Fimages%2F2026%2F09%2F18%2Fe87700efb7ee0f0f59d4fdc15b1e4560050bb3a4f8b1b8219ed616f5a146659c.jpg&w=1920&q=75,2026-09-19
Houston,"Lone Star College enrollment exceeds 100K, Texas Roadhouse coming to Montgomery: 8 stories trending from across the North Houston area",3h ago,https://communityimpact.com/the-woodlands/business/lone-star-college-enrollment-exceeds-100k-texas-roadhouse-coming-to-montgomery-8-stories-trending-from-across-the-north-houston-area/,https://communityimpact.com/_next/image/?url=https%3A%2F%2Fassets.communityimpact.com%2Fuploads%2Fimages%2F2026%2F09%2F11%2F32b349da929898fea2993bb68a69039a2f89ce2f9043053eac7adf41bebf96d6.jpg&w=1920&q=75,2026-09-19
Houston,Score Entertainment officials project fall opening for Deerbrook Mall location,3h ago,https://communityimpact.com/lake-houston-humble-kingwood/business/score-entertainment-officials-project-fall-opening-for-deerbrook-mall-location/,https://communityimpact.com/_next/image/?url=https%3A%2F%2Fassets.communityimpact.com%2Fuploads%2Fimages%2F2026%2F04%2F23%2F421127.jpeg&w=1920&q=75,2026-09-19
Houston,State Farm to offer insurance via new location in New Caney,3h ago,https://communityimpact.com/new-caney-porter/business/state-farm-to-offer-insurance-via-new-location-in-new-caney/,https://communityimpact.com/_next/image/?url=https%3A%2F%2Fassets.communityimpact.com%2Fuploads%2Fimages%2F2026%2F08%2F28%2F438720.jpg&w=1920&q=75,2026-09-19
Houston,Varley set to open with new renovations in The Woodlands' Market Street,4h ago,https://communityimpact.com/the-woodlands/business/varley-set-to-open-with-new-renovations-in-the-woodlands-market-street/,https://communityimpact.com/_next/image/?url=https%3A%2F%2Fassets.communityimpact.com%2Fuploads%2Fimages%2F2026%2F07%2F28%2F434444.jpg&w=1920&q=75,2026-09-19
Austin,Houston-area thrift store to open up Austin expansion,2h ago,https://communityimpact.com/central-austin/business/houston-area-thrift-store-to-open-up-austin-expansion/,https://communityimpact.com/_next/image/?url=https%3A%2F%2Fassets.communityimpact.com%2Fuploads%2Fimages%2F2026%2F09%2F16%2F5b65e2486036fb4314c019003421b01213e6f1e857000ba07e2916f894baa9ae.jpg&w=1920&q=75,2026-09-18
Austin,Betty Lou Coffee Co. relocates to brick-and-mortar in New Braunfels,3h ago,https://communityimpact.com/new-braunfels/business/betty-lou-coffee-co-relocates-to-brick-and-mortar-in-new-braunfels/,https://communityimpact.com/_next/image/?url=https%3A%2F%2Fassets.communityimpact.com%2Fuploads%2Fimages%2F2026%2F09%2F17%2F0d17518c4a0f50df9621f194577876a43a2aa797e10a07d413761bb5f5940a8d.jpg&w=1920&q=75,2026-09-18
Austin,"My North Star Learning private school teaches with “neuro-inclusive"" model",4h ago,https://communityimpact.com/southwest-austin-dripping-springs/business/my-north-star-learning-private-school-teaches-with-neuro-inclusive-model/,https://communityimpact.com/_next/image/?url=https%3A%2F%2Fassets.communityimpact.com%2Fuploads%2Fimages%2F2026%2F09%2F17%2F107925f5e94da4e710429daf751b582d3da2ae2859f45ee58aa56dd1ef3c7790.jpg&w=1920&q=75,2026-09-18
Austin,Hold on tight: COTALAND nears its debut,5h ago,https://communityimpact.com/bastrop-cedar-creek/business/hold-on-tight-cotaland-nears-its-debut/,https://communityimpact.com/_next/image/?url=https%3A%2F%2Fassets.communityimpact.com%2Fuploads%2Fimages%2F2026%2F09%2F17%2F667911b9fb44c337b9b116be9de3d1e580f04fe532f44d7d0b8ae506126423b3.jpg&w=1920&q=75,2026-09-18
Austin,Once Upon a Child now buying merchandise for resell in Round Rock,21h ago,https://communityimpact.com/round-rock/business/once-upon-a-child-now-buying-merchandise-for-resell-in-round-rock/,https://communityimpact.com/_next/image/?url=https%3A%2F%2Fassets.communityimpact.com%2Fuploads%2Fimages%2F2026%2F09%2F16%2Fb0e2d6d09197b9f417a512c00e3b022156684df9105597304a5009ddd17a0c1b.jpg&w=1920&q=75,2026-09-18
Dallas - Fort Worth,"Housewife Rebellion opens art gallery, wine tasting room in Grapevine",3h ago,https://communityimpact.com/grapevine-colleyville-southlake/business/housewife-rebellion-opens-art-gallery-wine-tasting-room-in-grapevine/,https://communityimpact.com/_next/image/?url=https%3A%2F%2Fassets.communityimpact.com%2Fuploads%2Fimages%2F2026%2F09%2F17%2Fd36d56eb977b2c2d99afe13fa561da460f5b2279ede2e2a639203c245cc458a4.jpg&w=1920&q=75,2026-09-18
Dallas - Fort Worth,Toys R Us to open new location at Allen Premium Outlets,3h ago,https://communityimpact.com/allen/business/toys-r-us-to-open-new-location-at-allen-premium-outlets/,https://communityimpact.com/_next/image/?url=https%3A%2F%2Fassets.communityimpact.com%2Fuploads%2Fimages%2F2026%2F09%2F02%2F439177.jpeg&w=1920&q=75,2026-09-18
Dallas - Fort Worth,"A&E The Hair Studio to offer hair services, booth rentals for stylists",4h ago,https://communityimpact.com/denton/business/a-e-the-hair-studio-to-offer-hair-services-booth-rentals-for-stylists/,https://communityimpact.com/_next/image/?url=https%3A%2F%2Fassets.communityimpact.com%2Fuploads%2Fimages%2F2026%2F09%2F17%2Fa987b70c20c10956293ff0ee89216faff8c5dcc2d2651afcfe4cc08858d43720.jpg&w=1920&q=75,2026-09-18
Dallas - Fort Worth,AT&T to expand Lakeside campus in Richardson with city support,5h ago,https://communityimpact.com/richardson/business/at-t-to-expand-lakeside-campus-in-richardson-with-city-support/,https://communityimpact.com/_next/image/?url=https%3A%2F%2Fassets.communityimpact.com%2Fuploads%2Fimages%2F2026%2F09%2F17%2Fa668bc34d900eb286980aaec50da7af8fdd76628ed5f1889bea1794da74367df.webp&w=1920&q=75,2026-09-18
Dallas - Fort Worth,Puja’s Trendz to open Frisco boutique,7h ago,https://communityimpact.com/frisco/business/puja-s-trendz-to-open-frisco-boutique/,https://communityimpact.com/_next/image/?url=https%3A%2F%2Fassets.communityimpact.com%2Fuploads%2Fimages%2F2026%2F09%2F14%2F2fa8f7a5a3667f9a122b04da4be03f82de1011c1f2c784be8c928133410c8783.jpg&w=1920&q=75,2026-09-18
Dallas - Fort Worth,Cigar Warehouse and Bar now open in Allen,9h ago,https://communityimpact.com/allen/business/cigar-warehouse-and-bar-now-open-in-allen/,https://communityimpact.com/_next/image/?url=https%3A%2F%2Fassets.communityimpact.com%2Fuploads%2Fimages%2F2026%2F09%2F01%2F439097.jpg&w=1920&q=75,2026-09-18
Houston,SIX13 now offering Lagree classes in Sugar Land,3h ago,https://communityimpact.com/sugar-land-missouri-city/business/six13-now-offering-lagree-classes-in-sugar-land/,https://communityimpact.com/_next/image/?url=https%3A%2F%2Fassets.communityimpact.com%2Fuploads%2Fimages%2F2026%2F09%2F17%2Fa39d374d1f4b2bc3313f814646e761298633c04475dca9501a0f72ed47061afa.jpg&w=1920&q=75,2026-09-18
Houston,Construction on Great Clips in Humble expected to conclude in October,4h ago,https://communityimpact.com/lake-houston-humble-kingwood/business/construction-on-great-clips-in-humble-expected-to-conclude-in-october/,https://communityimpact.com/_next/image/?url=https%3A%2F%2Fassets.communityimpact.com%2Fuploads%2Fimages%2F2026%2F08%2F21%2F217cf24432c9ab15e44185585890d1bdc55b2cf945e4e86b8023c724e1aabca7.jpg&w=1920&q=75,2026-09-18
Houston,Twin sisters to bring twists and turns to Houston with new escape room,5h ago,https://communityimpact.com/heights-river-oaks-montrose/business/twin-sisters-to-bring-twists-and-turns-to-houston-with-new-escape-room/,https://communityimpact.com/_next/image/?url=https%3A%2F%2Fassets.communityimpact.com%2Fuploads%2Fimages%2F2026%2F09%2F17%2Fa6de071639ccb68d64b0986ffde3b44d32a13a5ec5087c92a993b06128e2712c.jpg&w=1920&q=75,2026-09-18
Houston,Golden Gray moves to new location at Market Street in The Woodlands,10h ago,https://communityimpact.com/the-woodlands/business/golden-gray-moves-to-new-location-at-market-street-in-the-woodlands/,https://communityimpact.com/_next/image/?url=https%3A%2F%2Fassets.communityimpact.com%2Fuploads%2Fimages%2F2026%2F09%2F16%2Fd6911af1055bcf0adac741041ec3a5ee6ada87c3bb2d8f59b29915f3b7e3b8e5.jpg&w=1920&q=75,2026-09-18
Houston,New party hall opens in League City,1d ago,https://communityimpact.com/bay-area/business/new-party-hall-opens-in-league-city/,https://communityimpact.com/_next/image/?url=https%3A%2F%2Fassets.communityimpact.com%2Fuploads%2Fimages%2F2026%2F09%2F16%2F16523d545518cf9c226c6398fded036b1bf1565e10b6765a35cf8b22960e9bd8.jpg&w=1920&q=75,2026-09-18
Bryan - College Station,Bryan hair salon celebrates 5 years in business,3h ago,https://communityimpact.com/bryan-college-station/business/bryan-hair-salon-celebrates-5-years-in-business/,https://communityimpact.com/_next/image/?url=https%3A%2F%2Fassets.communityimpact.com%2Fuploads%2Fimages%2F2026%2F09%2F17%2F1343e2b203cdd9193e6eeed6f12583cf814e35ca108e8d2f1afcbfe69292c570.png&w=1920&q=75,2026-09-18
Austin,Chipotle Mexican Grill announces opening date for 2nd New Braunfels location,3h ago,https://communityimpact.com/new-braunfels/business/chipotle-mexican-grill-announces-opening-date-for-2nd-new-braunfels-location/,https://communityimpact.com/_next/image/?url=https%3A%2F%2Fassets.communityimpact.com%2Fuploads%2Fimages%2F2026%2F09%2F16%2Ff6f3ae1c23c5f2cf7aec47a8b847601c9bfc0dbf3259a841314d5b5a7277e26e.jpg&w=1920&q=75,2026-09-17
Austin,Clarksville’s newest neighborhood third space: The Watershed,3h ago,https://communityimpact.com/central-austin/business/clarksville-s-newest-neighborhood-third-space-the-watershed/,https://communityimpact.com/_next/image/?url=https%3A%2F%2Fassets.communityimpact.com%2Fuploads%2Fimages%2F2026%2F09%2F16%2F2d60ad041412af7e1b5295315d855f897c9b16622d6a63afacd766a29c284197.jpg&w=1920&q=75,2026-09-17
Austin,Beauty and BBQ: Check out 6 Dripping Springs business updates,4h ago,https://communityimpact.com/southwest-austin-dripping-springs/business/beauty-and-bbq-check-out-6-dripping-springs-business-updates/,https://communityimpact.com/_next/image/?url=https%3A%2F%2Fassets.communityimpact.com%2Fuploads%2Fimages%2F2026%2F09%2F14%2Fd86fd9933088710afe70f519ba1c6c7942429f1b1636ee31653a74b5490506a0.jpg&w=1920&q=75,2026-09-17
Austin,Daddy Shack Golf Club now open in Pflugerville,5h ago,https://communityimpact.com/pflugerville-hutto/business/daddy-shack-golf-club-now-open-in-pflugerville/,https://communityimpact.com/_next/image/?url=https%3A%2F%2Fassets.communityimpact.com%2Fuploads%2Fimages%2F2026%2F03%2F17%2F415176.jpeg&w=1920&q=75,2026-09-17
Austin,Impact Family Wellness relocates clinic near Leander-Liberty Hill border,7h ago,https://communityimpact.com/leander-liberty-hill/business/impact-family-wellness-relocates-clinic-near-leander-liberty-hill-border/,https://communityimpact.com/_next/image/?url=https%3A%2F%2Fassets.communityimpact.com%2Fuploads%2Fimages%2F2024%2F05%2F21%2F310761.jpg&w=1920&q=75,2026-09-17
Austin,"Nicely Acne Solutions now open in Bee Cave, Lakeway area",8h ago,https://communityimpact.com/lake-travis-westlake/business/nicely-acne-solutions-now-open-in-bee-cave-lakeway-area/,https://communityimpact.com/_next/image/?url=https%3A%2F%2Fassets.communityimpact.com%2Fuploads%2Fimages%2F2026%2F09%2F16%2F64fbebbf1f4c1f44abec06be68da0380d2747fe1382a5a09e5edd16bc29c045e.jpg&w=1920&q=75,2026-09-17
Dallas - Fort Worth,"Rustic Cowboy Bar & Dance Hall offers dance lessons, live music in Fort Worth",5h ago,https://communityimpact.com/keller-roanoke-northeast-fort-worth/business/rustic-cowboy-bar-dance-hall-offers-dance-lessons-live-music-in-fort-worth/,https://communityimpact.com/_next/image/?url=https%3A%2F%2Fassets.communityimpact.com%2Fuploads%2Fimages%2F2026%2F09%2F16%2F40fc3a554b16c2a0b5db2505767a81f669efc5f67c647a60755272829d8767e2.jpg&w=1920&q=75,2026-09-17
Dallas - Fort Worth,True Test Hormone Optimization expands to Prosper,6h ago,https://communityimpact.com/prosper-celina/business/true-test-hormone-optimization-expands-to-prosper/,https://communityimpact.com/_next/image/?url=https%3A%2F%2Fassets.communityimpact.com%2Fuploads%2Fimages%2F2026%2F09%2F11%2Fafede8f2dd887d20b8a5b56ec41ad80c32bf769c4d6ae423078293bd2b726f65.jpg&w=1920&q=75,2026-09-17
Dallas - Fort Worth,Gem Studio plans Frisco location at Stonebriar Centre,6h ago,https://communityimpact.com/frisco/business/gem-studio-plans-frisco-location-at-stonebriar-centre/,https://communityimpact.com/_next/image/?url=https%3A%2F%2Fassets.communityimpact.com%2Fuploads%2Fimages%2F2026%2F09%2F11%2F1bf7a1d8017f17dc9c08d318618fcdb820690357f054872b5b685778463715ee.png&w=1920&q=75,2026-09-17
Dallas - Fort Worth,A&B Neurology to open NeuroSync Diagnostics facility in Colleyville,9h ago,https://communityimpact.com/grapevine-colleyville-southlake/business/a-b-neurology-to-open-neurosync-diagnostics-facility-in-colleyville/,https://communityimpact.com/_next/image/?url=https%3A%2F%2Fassets.communityimpact.com%2Fuploads%2Fimages%2F2026%2F09%2F15%2Fc6f61c1a7d726c954d24f7e6f53177f0cc2c7e6d91b6b6b4388cdcee559c2182.png&w=1920&q=75,2026-09-17
Dallas - Fort Worth,Burlington opens new location in Denton’s Rayzor Ranch,1d ago,https://communityimpact.com/denton/business/burlington-opens-new-location-in-denton-s-rayzor-ranch/,https://communityimpact.com/_next/image/?url=https%3A%2F%2Fassets.communityimpact.com%2Fuploads%2Fimages%2F2026%2F07%2F28%2F434351.jpeg&w=1920&q=75,2026-09-17
Houston,"7 weekend events to get into in The Woodlands, Sept. 17-20",3h ago,https://communityimpact.com/the-woodlands/business/7-weekend-events-to-get-into-in-the-woodlands-sept-17-20/,https://communityimpact.com/_next/image/?url=https%3A%2F%2Fassets.communityimpact.com%2Fuploads%2Fwpengine%2Fuploads%2F2015%2F06%2FWDL-2015-06-65-h.jpg&w=1920&q=75,2026-09-17
Houston,"Heaven Bites Vintage dresses up the Heights area with Y2K fashion, nostalgic artistry",4h ago,https://communityimpact.com/heights-river-oaks-montrose/business/heaven-bites-vintage-dresses-up-the-heights-area-with-y2k-fashion-nostalgic-artistry/,https://communityimpact.com/_next/image/?url=https%3A%2F%2Fassets.communityimpact.com%2Fuploads%2Fimages%2F2026%2F09%2F16%2Fc30b38f0fa145502899af969772276a79b8730784fabb9310afb7e33fc43e75d.jpg&w=1920&q=75,2026-09-17
Houston,Slick City Action Park officials target October opening for Humble location,5h ago,https://communityimpact.com/lake-houston-humble-kingwood/business/slick-city-action-park-officials-target-october-opening-for-humble-location/,https://communityimpact.com/_next/image/?url=https%3A%2F%2Fassets.communityimpact.com%2Fuploads%2Fimages%2F2026%2F09%2F16%2F99ba06042348c94684bfba75227efcd03733085525a2faf291b1733ea5a747fe.jpg&w=1920&q=75,2026-09-17
Houston,"From ice cream to internet services: See five new, upcoming business in the Cypress, Cy-Fair area",7h ago,https://communityimpact.com/cypress/business/from-ice-cream-to-internet-services-see-five-new-upcoming-business-in-the-cypress-cy-fair-area/,https://communityimpact.com/_next/image/?url=https%3A%2F%2Fassets.communityimpact.com%2Fuploads%2Fimages%2F2026%2F09%2F11%2Ff42161f9d4f3eb0e339f95c3e771b53b40559c0410802156612c9db6019aebeb.jpg&w=1920&q=75,2026-09-17
Houston,Bar Bludorn to open in late September in The Woodlands,10h ago,https://communityimpact.com/the-woodlands/business/bar-bludorn-to-open-in-late-september-in-the-woodlands/,https://communityimpact.com/_next/image/?url=https%3A%2F%2Fassets.communityimpact.com%2Fuploads%2Fimages%2F2025%2F09%2F02%2F383517.jpeg&w=1920&q=75,2026-09-17
Austin,Coffee and cards: 8 business updates to know near downtown Austin,3h ago,https://communityimpact.com/central-austin/business/coffee-and-cards-8-business-updates-to-know-near-downtown-austin/,https://communityimpact.com/_next/image/?url=https%3A%2F%2Fassets.communityimpact.com%2Fuploads%2Fimages%2F2026%2F09%2F09%2F9bf1846fe4b30fe9aecc9a6ac3df63d63429f8fb81485262b0f3fdb80891bbe0.png&w=1920&q=75,2026-09-16
Austin,Dripping Springs Sports Club to operate additional courts at new facility,3h ago,https://communityimpact.com/southwest-austin-dripping-springs/business/dripping-springs-sports-club-to-operate-additional-courts-at-new-facility/,https://communityimpact.com/_next/image/?url=https%3A%2F%2Fassets.communityimpact.com%2Fuploads%2Fimages%2F2026%2F04%2F06%2F418303.jpg&w=1920&q=75,2026-09-16
Austin,Cheetah Crew Homeschool Athletics now serving the Round Rock area,3h ago,https://communityimpact.com/round-rock/business/cheetah-crew-homeschool-athletics-now-serving-the-round-rock-area/,https://communityimpact.com/_next/image/?url=https%3A%2F%2Fassets.communityimpact.com%2Fuploads%2Fimages%2F2026%2F09%2F15%2F1fcb7fbfb0d10f79a84a1644e84d180b1098507ab1a7121cbf4041109b4ad1d0.jpg&w=1920&q=75,2026-09-16
Austin,A ‘bullseye’ for Bastrop: City manager hints at Target,8h ago,https://communityimpact.com/bastrop-cedar-creek/business/a-bullseye-for-bastrop-city-manager-hints-at-target/,https://communityimpact.com/_next/image/?url=https%3A%2F%2Fassets.communityimpact.com%2Fuploads%2Fimages%2F2026%2F09%2F15%2Fbf18014a4db4bef6273004c2799d77592540552be07724a4be80b760d190c698.jpg&w=1920&q=75,2026-09-16
Austin,Terry Black's Barbecue now open in New Braunfels,9h ago,https://communityimpact.com/new-braunfels/business/terry-black-s-barbecue-now-open-in-new-braunfels/,https://communityimpact.com/_next/image/?url=https%3A%2F%2Fassets.communityimpact.com%2Fuploads%2Fimages%2F2026%2F09%2F14%2Fcc0448275f3982c384dbdeef37a41ea8c0f4fb2866b35483ec7f4029c20a4ddf.jpg&w=1920&q=75,2026-09-16
Austin,Soapy Falls Express Car Wash coming to Pflugerville,10h ago,https://communityimpact.com/pflugerville-hutto/business/soapy-falls-express-car-wash-coming-to-pflugerville/,https://communityimpact.com/_next/image/?url=https%3A%2F%2Fassets.communityimpact.com%2Fuploads%2Fimages%2F2026%2F09%2F14%2F092154da2530ec6c1c7e4a90cb438cc997969a2bf03f4b05d10e7df430e233d8.jpg&w=1920&q=75,2026-09-16
Dallas - Fort Worth,The Purrrfect Lounge offers cat boarding at new McKinney facility,3h ago,https://communityimpact.com/mckinney/business/the-purrrfect-lounge-offers-cat-boarding-at-new-mckinney-facility/,https://communityimpact.com/_next/image/?url=https%3A%2F%2Fassets.communityimpact.com%2Fuploads%2Fimages%2F2026%2F09%2F15%2Ff17235f19bdeb5d329e88d8b4a7d943aa9cfb8b9798e1456e94de9b054e4960f.jpg&w=1920&q=75,2026-09-16
Dallas - Fort Worth,Tutu School boutique ballet studio coming to Prosper,5h ago,https://communityimpact.com/prosper-celina/business/tutu-school-boutique-ballet-studio-coming-to-prosper/,https://communityimpact.com/_next/image/?url=https%3A%2F%2Fassets.communityimpact.com%2Fuploads%2Fimages%2F2026%2F09%2F11%2F14006f1ef86921ca0dbafafae061267fafa2b0fe9139566d1fc9a0c1a51f4c8b.jpg&w=1920&q=75,2026-09-16
Dallas - Fort Worth,Bank7 plans second Frisco branch,5h ago,https://communityimpact.com/frisco/business/bank7-plans-second-frisco-branch/,https://communityimpact.com/_next/image/?url=https%3A%2F%2Fassets.communityimpact.com%2Fuploads%2Fimages%2F2026%2F09%2F11%2Ff0d9663f564716c53b691efc80299a5eeb8fa7bec199ea1518591e62449bc445.png&w=1920&q=75,2026-09-16
Dallas - Fort Worth,New York Butcher Shoppe to open Southlake location Sept. 18,6h ago,https://communityimpact.com/grapevine-colleyville-southlake/business/new-york-butcher-shoppe-to-open-southlake-location-sept-18/,https://communityimpact.com/_next/image/?url=https%3A%2F%2Fassets.communityimpact.com%2Fuploads%2Fimages%2F2026%2F09%2F15%2F1397d10f01b5a93663f5b805d51e5c743dc970d8640bc7c96eef951941032551.jpg&w=1920&q=75,2026-09-16
Dallas - Fort Worth,"Collector’s Edition to offer sports memorabilia, trading cards at Allen Premium Outlets",11h ago,https://communityimpact.com/allen/business/collector-s-edition-to-offer-sports-memorabilia-trading-cards-at-allen-premium-outlets/,https://communityimpact.com/_next/image/?url=https%3A%2F%2Fassets.communityimpact.com%2Fuploads%2Fimages%2F2026%2F05%2F13%2F424038.jpg&w=1920&q=75,2026-09-16
Houston,The UPS Store now open in Jordan Ranch,3h ago,https://communityimpact.com/katy-fulshear/business/the-ups-store-now-open-in-jordan-ranch/,https://communityimpact.com/_next/image/?url=https%3A%2F%2Fassets.communityimpact.com%2Fuploads%2Fimages%2F2025%2F03%2F04%2F353960.jpeg&w=1920&q=75,2026-09-16
Houston,Texan Mattress to sell sleep products soon in New Caney,5h ago,https://communityimpact.com/new-caney-porter/business/texan-mattress-to-sell-sleep-products-soon-in-new-caney/,https://communityimpact.com/_next/image/?url=https%3A%2F%2Fassets.communityimpact.com%2Fuploads%2Fimages%2F2026%2F09%2F15%2F30ccbe0979e09d518bacffd73c364df2e30b844a440762aab1d486a99534db75.jpg&w=1920&q=75,2026-09-16
Houston,Yonutz now serving doughnuts and ice cream in The Woodlands,5h ago,https://communityimpact.com/the-woodlands/business/yonutz-now-serving-doughnuts-and-ice-cream-in-the-woodlands/,https://communityimpact.com/_next/image/?url=https%3A%2F%2Fassets.communityimpact.com%2Fuploads%2Fimages%2F2026%2F09%2F14%2F00cb575983b8a69ac9dde83d4b470c0a68776aef1d5bfed6a6ecdd4fe30fbad7.png&w=1920&q=75,2026-09-16
Houston,River Oaks District captures Leica Camera as Texas flagship store,5h ago,https://communityimpact.com/heights-river-oaks-montrose/business/river-oaks-district-captures-leica-camera-as-texas-flagship-store/,https://communityimpact.com/_next/image/?url=https%3A%2F%2Fassets.communityimpact.com%2Fuploads%2Fimages%2F2026%2F09%2F15%2F4f8c646a97d3eaf2459af021dedeb676bb2f62f06298eb127967e8883e5fef35.jpg&w=1920&q=75,2026-09-16
Houston,Fondren Market Place to add Shoe Palace to tenant lineup,8h ago,https://communityimpact.com/bellaire-meyerland-west-university/business/fondren-market-place-to-add-shoe-palace-to-tenant-lineup/,https://communityimpact.com/_next/image/?url=https%3A%2F%2Fassets.communityimpact.com%2Fuploads%2Fimages%2F2026%2F01%2F14%2F404884.jpeg&w=1920&q=75,2026-09-16
Houston,Dutch Bros set to open in Conroe,19h ago,https://communityimpact.com/conroe-montgomery/business/dutch-bros-set-to-open-in-conroe/,https://communityimpact.com/_next/image/?url=https%3A%2F%2Fassets.communityimpact.com%2Fuploads%2Fimages%2F2026%2F03%2F27%2F417104.jpeg&w=1920&q=75,2026-09-16
Austin,Malina Flowers coming soon to Cedar Park,2h ago,https://communityimpact.com/cedar-park/business/malina-flowers-coming-soon-to-cedar-park/,https://communityimpact.com/_next/image/?url=https%3A%2F%2Fassets.communityimpact.com%2Fuploads%2Fimages%2F2026%2F09%2F14%2Fc287bbad0152b06cc2d35be5a677a7ed75b7f7cb9dc3c0fbf5e78ace0772765a.jpg&w=1920&q=75,2026-09-15
Austin,From reopened favorites to new outlet mall stops: Check out 5 San Marcos business updates,4h ago,https://communityimpact.com/san-marcos-buda-kyle/business/from-reopened-favorites-to-new-outlet-mall-stops-check-out-5-san-marcos-business-updates/,https://communityimpact.com/_next/image/?url=https%3A%2F%2Fassets.communityimpact.com%2Fuploads%2Fimages%2F2026%2F08%2F20%2F437705.JPG&w=1920&q=75,2026-09-15
Austin,Handcrafted sushi spot opens in New Braunfels,9h ago,https://communityimpact.com/new-braunfels/business/handcrafted-sushi-spot-opens-in-new-braunfels/,https://communityimpact.com/_next/image/?url=https%3A%2F%2Fassets.communityimpact.com%2Fuploads%2Fimages%2F2026%2F09%2F11%2F476571eef81b2884884e02b35191928e1869eec42934896bbc256a732c5bdee4.jpg&w=1920&q=75,2026-09-15
Austin,"Coffee, candy, theme parks: 14 Southwest Austin business updates",13h ago,https://communityimpact.com/southwest-austin-dripping-springs/business/coffee-candy-theme-parks-15-southwest-austin-business-updates/,https://communityimpact.com/_next/image/?url=https%3A%2F%2Fassets.communityimpact.com%2Fuploads%2Fimages%2F2026%2F08%2F24%2F438003.jpg&w=1920&q=75,2026-09-15
Austin,Wild Birds Unlimited to open new location in Georgetown,13h ago,https://communityimpact.com/georgetown/business/wild-birds-unlimited-to-open-new-location-in-georgetown/,https://communityimpact.com/_next/image/?url=https%3A%2F%2Fassets.communityimpact.com%2Fuploads%2Fimages%2F2026%2F09%2F14%2Ffe48a08f1604df7011bdd1a80d2f85f768842f22bb2a14592374aaf52b82c8e9.jpg&w=1920&q=75,2026-09-15
Austin,Vintage fashion & facials: 5 Bastrop County business updates to know,1d ago,https://communityimpact.com/bastrop-cedar-creek/business/vintage-fashion-facials-6-bastrop-county-business-updates-to-know/,https://communityimpact.com/_next/image/?url=https%3A%2F%2Fassets.communityimpact.com%2Fuploads%2Fimages%2F2026%2F09%2F13%2F57f5f5a281cf366b84fc05c682ece2ebff02e57f72966ded7443c8b3b752def4.jpg&w=1920&q=75,2026-09-15
Dallas - Fort Worth,"Super-Sod selling sod, grass seed in north Fort Worth",2h ago,https://communityimpact.com/keller-roanoke-northeast-fort-worth/business/super-sod-selling-sod-grass-seed-in-north-fort-worth/,https://communityimpact.com/_next/image/?url=https%3A%2F%2Fassets.communityimpact.com%2Fuploads%2Fimages%2F2026%2F09%2F14%2Fc66f75f7c6c87b0095a10081f11518545ecf5dcd9777d72222101ee39b517d55.jpg&w=1920&q=75,2026-09-15
Dallas - Fort Worth,Pokeworks celebrates 5 years of business in Southlake,3h ago,https://communityimpact.com/grapevine-colleyville-southlake/business/pokeworks-celebrates-5-years-of-business-in-southlake/,https://communityimpact.com/_next/image/?url=https%3A%2F%2Fassets.communityimpact.com%2Fuploads%2Fimages%2F2026%2F09%2F11%2Fcb7ff13dbaa0f4801ac7fe071703975f218ba6ade248eecdeab0a81537afd2a6.jpg&w=1920&q=75,2026-09-15
Dallas - Fort Worth,Texas Regional Bank building nears completion in Frisco,4h ago,https://communityimpact.com/frisco/business/texas-regional-bank-building-nears-completion-in-frisco/,https://communityimpact.com/_next/image/?url=https%3A%2F%2Fassets.communityimpact.com%2Fuploads%2Fimages%2F2026%2F01%2F22%2F405836.jpg&w=1920&q=75,2026-09-15
Dallas - Fort Worth,Pilates studio inLIFE Wellness sets updated opening date near Richardson,4h ago,https://communityimpact.com/richardson/business/pilates-studio-inlife-wellness-sets-updated-opening-date-near-richardson/,https://communityimpact.com/_next/image/?url=https%3A%2F%2Fassets.communityimpact.com%2Fuploads%2Fimages%2F2026%2F06%2F22%2F429619.jpg&w=1920&q=75,2026-09-15
Dallas - Fort Worth,"The Happy Blend to offer smoothies, matcha in Allen",7h ago,https://communityimpact.com/allen/business/the-happy-blend-to-offer-smoothies-matcha-in-allen/,https://communityimpact.com/_next/image/?url=https%3A%2F%2Fassets.communityimpact.com%2Fuploads%2Fimages%2F2026%2F09%2F14%2F86bd6f99d9f9ecb4eee87f5ffc1ea1ff36c4e6d1507e65225c93969f480ed8f2.jpg&w=1920&q=75,2026-09-15
Dallas - Fort Worth,Valhallan Esports Training arena offers competitive gaming experience in McKinney,10h ago,https://communityimpact.com/mckinney/business/valhallan-esports-training-arena-offers-competitive-gaming-experience-in-mckinney/,https://communityimpact.com/_next/image/?url=https%3A%2F%2Fassets.communityimpact.com%2Fuploads%2Fimages%2F2026%2F09%2F11%2Fe3d86b7385f7ca13605f964062a4fc229797e7bbbc029d8ef839d7f571cbdfb1.jpg&w=1920&q=75,2026-09-15
Houston,BarkSuds now open in Tomball,4h ago,https://communityimpact.com/tomball-magnolia/business/barksuds-now-open-in-tomball/,https://communityimpact.com/_next/image/?url=https%3A%2F%2Fassets.communityimpact.com%2Fuploads%2Fimages%2F2026%2F09%2F14%2Fe812492b7c71f5aadb732ab7418f3bac6488c729d59cccf040dfadda2d8bf4c7.jpg&w=1920&q=75,2026-09-15
Houston,Sprouts Farmers Market now open in The Woodlands,4h ago,https://communityimpact.com/the-woodlands/business/sprouts-farmers-market-now-open-in-the-woodlands/,https://communityimpact.com/_next/image/?url=https%3A%2F%2Fassets.communityimpact.com%2Fuploads%2Fwpengine%2Fuploads%2F2015%2F06%2FSWA-06-2015-HCD-34.jpg&w=1920&q=75,2026-09-15
Houston,Chama Gaúcha Brazilian Steakhouse opens 2nd Greater Houston location in Katy,4h ago,https://communityimpact.com/katy-fulshear/business/chama-ga-cha-brazilian-steakhouse-opens-2nd-greater-houston-location-in-katy/,https://communityimpact.com/_next/image/?url=https%3A%2F%2Fassets.communityimpact.com%2Fuploads%2Fimages%2F2026%2F09%2F14%2F0d5443e4715afc0f704485eebe9931829c9a34e3d467cdb76c01a6781e67499c.png&w=1920&q=75,2026-09-15
Houston,Redbird & Co. Salon Suites opening soon,19h ago,https://communityimpact.com/tomball-magnolia/business/redbird-co-salon-suites-opening-soon/,https://communityimpact.com/_next/image/?url=https%3A%2F%2Fassets.communityimpact.com%2Fuploads%2Fimages%2F2026%2F09%2F11%2Fa9140efddd6e31e90cc398ce70b26b5b107f0005ea81a55354dfce2a17221b29.jpg&w=1920&q=75,2026-09-15
Bryan - College Station,"New coffee lounge, antique mall to open in Bryan",7h ago,https://communityimpact.com/bryan-college-station/business/new-coffee-lounge-antique-mall-to-open-in-bryan/,https://communityimpact.com/_next/image/?url=https%3A%2F%2Fassets.communityimpact.com%2Fuploads%2Fimages%2F2026%2F09%2F14%2Fd373091066231c912c53d271ad3949d8056693310eda29490804e46e0b48f561.jpg&w=1920&q=75,2026-09-15
Houston,"Japanese eatery, gym among 9 projects filed in Sugar Land",2d ago,https://communityimpact.com/sugar-land-missouri-city/business/japanese-eatery-gym-among-9-projects-filed-in-sugar-land/,https://communityimpact.com/_next/image/?url=https%3A%2F%2Fassets.communityimpact.com%2Fuploads%2Fimages%2F2026%2F09%2F11%2F74dda177403f82f837fb8beb342f4c75a49fc8801859674e6e41e9fe4033f335.png&w=1920&q=75,2026-09-14
Austin,"Wine, flowers and film: 5 North Central Austin business updates",3h ago,https://communityimpact.com/central-austin/business/wine-flowers-and-film-5-north-central-austin-business-updates/,https://communityimpact.com/_next/image/?url=https%3A%2F%2Fassets.communityimpact.com%2Fuploads%2Fimages%2F2026%2F09%2F09%2Fe211583a0853788c0b1af48d2a127d1dbb07e82537c818cda32e93b76f2aba5d.png&w=1920&q=75,2026-09-12
Austin,"Indoor hitting facility, Infinite Hitting - Lake Travis coming to Spicewood",3h ago,https://communityimpact.com/lake-travis-westlake/business/indoor-hitting-facility-infinite-hitting-lake-travis-coming-to-spicewood/,https://communityimpact.com/_next/image/?url=https%3A%2F%2Fassets.communityimpact.com%2Fuploads%2Fimages%2F2026%2F09%2F11%2F77b69d4d636c7700bec66327957a085a1bf7e97cc4d96587f03bdeabc37b37ea.jpg&w=1920&q=75,2026-09-12
Austin,The Empress offers magic and mysticism in New Braunfels,3h ago,https://communityimpact.com/new-braunfels/business/the-empress-offers-magic-and-mysticism-in-new-braunfels/,https://communityimpact.com/_next/image/?url=https%3A%2F%2Fassets.communityimpact.com%2Fuploads%2Fimages%2F2026%2F09%2F09%2F95686e603cb9ca60095aca31d2fd2e9c9770b6a9414aa7619239ff42c4605810.png&w=1920&q=75,2026-09-12
Austin,Cosmic Egg Wellness to relocate within Round Rock in October,9h ago,https://communityimpact.com/round-rock/business/cosmic-egg-wellness-to-relocate-within-round-rock-in-october/,https://communityimpact.com/_next/image/?url=https%3A%2F%2Fassets.communityimpact.com%2Fuploads%2Fimages%2F2026%2F09%2F09%2F61d3a33c17861be70f6c165b9b329d64c8cd7199da153527d23a5c765b6b87be.jpg&w=1920&q=75,2026-09-12
Austin,Popbelly's Popcorn celebrates 10 years in Gruene,10h ago,https://communityimpact.com/new-braunfels/business/popbelly-s-popcorn-celebrates-10-years-in-gruene/,https://communityimpact.com/_next/image/?url=https%3A%2F%2Fassets.communityimpact.com%2Fuploads%2Fimages%2F2026%2F09%2F10%2Fa96154fe691426e2b3add7d83ab7c0241723c9c7364d2f13b36f1916451a6074.jpg&w=1920&q=75,2026-09-12
Dallas - Fort Worth,Trader Joe's to open second Plano store,3h ago,https://communityimpact.com/plano/business/trader-joe-s-to-open-second-plano-store/,https://communityimpact.com/_next/image/?url=https%3A%2F%2Fassets.communityimpact.com%2Fuploads%2Fimages%2F2025%2F10%2F14%2F390200.jpeg&w=1920&q=75,2026-09-12
Dallas - Fort Worth,"Clothing, construction: Check out 4 business updates in Allen",3h ago,https://communityimpact.com/allen/business/clothing-construction-check-out-4-business-updates-in-allen/,https://communityimpact.com/_next/image/?url=https%3A%2F%2Fassets.communityimpact.com%2Fuploads%2Fimages%2F2026%2F09%2F04%2F439554.jpg&w=1920&q=75,2026-09-12
Dallas - Fort Worth,"Check out 16 business updates in Prosper, Celina",5h ago,https://communityimpact.com/prosper-celina/business/check-out-16-business-updates-in-prosper-celina/,https://communityimpact.com/_next/image/?url=https%3A%2F%2Fassets.communityimpact.com%2Fuploads%2Fimages%2F2026%2F08%2F20%2F437558.jpg&w=1920&q=75,2026-09-12
Dallas - Fort Worth,Omaha Steaks opens doors in Grapevine,7h ago,https://communityimpact.com/grapevine-colleyville-southlake/business/omaha-steaks-opens-doors-in-grapevine/,https://communityimpact.com/_next/image/?url=https%3A%2F%2Fassets.communityimpact.com%2Fuploads%2Fimages%2F2026%2F09%2F11%2F5b977405026ef6f9adae64ae6f37b29f40b061e04bf673d443b0e4cc1dc0159a.jpg&w=1920&q=75,2026-09-12
Dallas - Fort Worth,"Pilates, Asian cuisine: Check out 14 Keller, Roanoke, northeast Fort Worth business updates",9h ago,https://communityimpact.com/keller-roanoke-northeast-fort-worth/business/pilates-asian-cuisine-check-out-14-keller-roanoke-northeast-fort-worth-business-updates/,https://communityimpact.com/_next/image/?url=https%3A%2F%2Fassets.communityimpact.com%2Fuploads%2Fimages%2F2021%2F08%2F03%2F151465.jpg&w=1920&q=75,2026-09-12
Dallas - Fort Worth,Harvest House to add farmers market to rotating events this fall,9h ago,https://communityimpact.com/denton/business/harvest-house-to-add-farmers-market-to-rotating-events-this-fall/,https://communityimpact.com/_next/image/?url=https%3A%2F%2Fassets.communityimpact.com%2Fuploads%2Fimages%2F2026%2F07%2F07%2F431521.jpeg&w=1920&q=75,2026-09-12
Houston,ALEOLI Me Time Studio offers services for moms,2h ago,https://communityimpact.com/katy-fulshear/business/aleoli-me-time-studio-offers-services-for-moms/,https://communityimpact.com/_next/image/?url=https%3A%2F%2Fassets.communityimpact.com%2Fuploads%2Fimages%2F2026%2F09%2F11%2F7e920405bedfe7b78a6ec5718af4834352e2263423d578320e8b44f04875697c.png&w=1920&q=75,2026-09-12
Houston,Aesthetica MD Med Spa opens in Katy,3h ago,https://communityimpact.com/katy-fulshear/business/aesthetica-md-med-spa-opens-in-katy/,https://communityimpact.com/_next/image/?url=https%3A%2F%2Fassets.communityimpact.com%2Fuploads%2Fimages%2F2023%2F03%2F07%2F245230.png&w=1920&q=75,2026-09-12
Houston,Verizon retail store coming soon to Village Green at Bridgeland Central,3h ago,https://communityimpact.com/cypress/business/verizon-retail-store-coming-soon-to-village-green-at-bridgeland-central/,https://communityimpact.com/_next/image/?url=https%3A%2F%2Fassets.communityimpact.com%2Fuploads%2Fimages%2F2026%2F09%2F11%2Ff42161f9d4f3eb0e339f95c3e771b53b40559c0410802156612c9db6019aebeb.jpg&w=1920&q=75,2026-09-12
Houston,"Seamless Laundry Co. handles laundry day with pickup, delivery service in Greater Houston",4h ago,https://communityimpact.com/bellaire-meyerland-west-university/business/seamless-laundry-co-handles-laundry-day-with-pickup-delivery-service-in-greater-houston/,https://communityimpact.com/_next/image/?url=https%3A%2F%2Fassets.communityimpact.com%2Fuploads%2Fimages%2F2025%2F06%2F12%2F370866.jpeg&w=1920&q=75,2026-09-12
Houston,New apartment complex opens in Webster,4h ago,https://communityimpact.com/bay-area/business/new-apartment-complex-opens-in-webster/,https://communityimpact.com/_next/image/?url=https%3A%2F%2Fassets.communityimpact.com%2Fuploads%2Fimages%2F2026%2F09%2F11%2F2dacb96c47f719e09e8c6a9a76c0fbc5a7280a638ffe4cd7ec01f83dbd55900d.jpg&w=1920&q=75,2026-09-12
Houston,"Multifamily growth, global cuisine: 6 trending stories across the South Houston area",4h ago,https://communityimpact.com/sugar-land-missouri-city/business/multifamily-growth-global-cuisine-6-trending-stories-across-the-south-houston-area/,https://communityimpact.com/_next/image/?url=https%3A%2F%2Fassets.communityimpact.com%2Fuploads%2Fimages%2F2026%2F09%2F08%2F439837.png&w=1920&q=75,2026-09-12
Austin,Industrious gym offers functional fitness in Northwest Austin,3h ago,https://communityimpact.com/northwest-austin/business/industrious-gym-offers-functional-fitness-in-northwest-austin/,https://communityimpact.com/_next/image/?url=https%3A%2F%2Fassets.communityimpact.com%2Fuploads%2Fimages%2F2026%2F09%2F10%2F743929cb2b3050c6020562c8d22f7b6e0a04416ab2501dbfd74e9f33eb6cba78.jpg&w=1920&q=75,2026-09-11
Austin,Pure Barre Georgetown reopens under new management,3h ago,https://communityimpact.com/georgetown/business/pure-barre-georgetown-reopens-under-new-management/,https://communityimpact.com/_next/image/?url=https%3A%2F%2Fassets.communityimpact.com%2Fuploads%2Fimages%2F2026%2F09%2F09%2F73ce4866f985cba3b558914c233e2c302b0ada2c76ee1aeec854765f33818f48.jpg&w=1920&q=75,2026-09-11
Austin,Cedar Park Hotworx under new ownership,3h ago,https://communityimpact.com/cedar-park/business/cedar-park-hotworx-under-new-ownership/,https://communityimpact.com/_next/image/?url=https%3A%2F%2Fassets.communityimpact.com%2Fuploads%2Fimages%2F2026%2F08%2F06%2F435744.jpg&w=1920&q=75,2026-09-11
Austin,"Planning, landscape architecture firm Studio 16:19 marks 15 years in Round Rock",6h ago,https://communityimpact.com/round-rock/business/planning-landscape-architecture-firm-studio-16-19-marks-15-years-in-round-rock/,https://communityimpact.com/_next/image/?url=https%3A%2F%2Fassets.communityimpact.com%2Fuploads%2Fimages%2F2026%2F09%2F09%2F590cb91b3ae3382a17c5a39ed7de669efe15e6d557f38b3eac1d5a5f24753214.jpg&w=1920&q=75,2026-09-11
Austin,Local skincare clinic to relocate in New Braunfels,9h ago,https://communityimpact.com/new-braunfels/business/local-skincare-clinic-to-relocate-in-new-braunfels/,https://communityimpact.com/_next/image/?url=https%3A%2F%2Fassets.communityimpact.com%2Fuploads%2Fimages%2F2026%2F09%2F09%2F8cc5615c8094744abd2372e616ffd2e19eedb34a539e472b3ec3903024e3429f.jpg&w=1920&q=75,2026-09-11
Austin,Shake Shack now open in Georgetown,1d ago,https://communityimpact.com/georgetown/business/shake-shack-now-open-in-georgetown/,https://communityimpact.com/_next/image/?url=https%3A%2F%2Fassets.communityimpact.com%2Fuploads%2Fimages%2F2026%2F09%2F09%2F6d089b31f39a9a3eab8d497929ba97aec8286abb87ea3684f5d5e889f63c0486.jpg&w=1920&q=75,2026-09-11
Dallas - Fort Worth,AC Hotel McKinney opens reservations ahead of planned November debut,3h ago,https://communityimpact.com/mckinney/business/ac-hotel-mckinney-opens-reservations-ahead-of-planned-november-debut/,https://communityimpact.com/_next/image/?url=https%3A%2F%2Fassets.communityimpact.com%2Fuploads%2Fimages%2F2026%2F06%2F08%2F427788.jpeg&w=1920&q=75,2026-09-11
Dallas - Fort Worth,Hometown Paws cares for furry friends in Celina,7h ago,https://communityimpact.com/prosper-celina/business/hometown-paws-cares-for-furry-friends-in-celina/,https://communityimpact.com/_next/image/?url=https%3A%2F%2Fassets.communityimpact.com%2Fuploads%2Fimages%2F2026%2F09%2F10%2F84c6a6e9d6d98495bce666fcc8989218fe68c8cd5afa7648e739a24768d2e03b.jpg&w=1920&q=75,2026-09-11
Dallas - Fort Worth,Just Wellness celebrates 15 years in Grapevine with expanded offerings,11h ago,https://communityimpact.com/grapevine-colleyville-southlake/business/just-wellness-celebrates-15-years-in-grapevine-with-expanded-offerings/,https://communityimpact.com/_next/image/?url=https%3A%2F%2Fassets.communityimpact.com%2Fuploads%2Fimages%2F2026%2F09%2F09%2F0242c56dc3ffcb1114da391dc8581a1c6697591fba4de7886a34d95af39216eb.jpg&w=1920&q=75,2026-09-11
Dallas - Fort Worth,Mobile grooming service Paw Control purchases Club Canine’s boarding facility in Denton,1d ago,https://communityimpact.com/denton/impacts/mobile-grooming-service-paw-control-purchases-club-canine-s-boarding-facility-in-denton/,https://communityimpact.com/_next/image/?url=https%3A%2F%2Fassets.communityimpact.com%2Fuploads%2Fimages%2F2026%2F09%2F09%2F9b6fd2a42bb3996c082aaed97a536f87974d524f588c02acd5dbbbffcbeff4a4.jpg&w=1920&q=75,2026-09-11
Houston,"Bam Kazam to test brain, physical power with new adventure arcade location",3h ago,https://communityimpact.com/heights-river-oaks-montrose/business/bam-kazam-to-test-brain-physical-power-with-new-adventure-arcade-location/,https://communityimpact.com/_next/image/?url=https%3A%2F%2Fassets.communityimpact.com%2Fuploads%2Fimages%2F2026%2F09%2F10%2F64e39d30954e78e50307a426e7c91293564f1e92e67ef20ea2e7d8e3a62441df.jpg&w=1920&q=75,2026-09-11
Houston,Family owned pizzeria opens in League City,4h ago,https://communityimpact.com/bay-area/business/family-owned-pizzeria-opens-in-league-city/,https://communityimpact.com/_next/image/?url=https%3A%2F%2Fassets.communityimpact.com%2Fuploads%2Fimages%2F2026%2F09%2F10%2F5187a54ae28cabb2456b4e27123cc8c17071459914229a4bc9d6fa76e8392140.jpg&w=1920&q=75,2026-09-11
Houston,5 upcoming or recent business openings in The Woodlands area,4h ago,https://communityimpact.com/the-woodlands/business/5-upcoming-or-recent-business-openings-in-the-woodlands-area/,https://communityimpact.com/_next/image/?url=https%3A%2F%2Fassets.communityimpact.com%2Fuploads%2Fimages%2F2026%2F09%2F04%2F439625.png&w=1920&q=75,2026-09-11
Houston,"Maui’s Meals now selling products via pet hotels in Porter, Kingwood",6h ago,https://communityimpact.com/new-caney-porter/business/maui-s-meals-now-selling-products-via-pet-hotels-in-porter-kingwood/,https://communityimpact.com/_next/image/?url=https%3A%2F%2Fassets.communityimpact.com%2Fuploads%2Fimages%2F2026%2F09%2F10%2Fb0db2a9f25c8457bd5f6c73e64ca113dedf0f3e5307bbd8990faf50c46a2ccae.jpg&w=1920&q=75,2026-09-11
Houston,Stretch Zone coming soon to Coles Crossing area,9h ago,https://communityimpact.com/cypress/business/stretch-zone-coming-soon-to-coles-crossing-area/,https://communityimpact.com/_next/image/?url=https%3A%2F%2Fassets.communityimpact.com%2Fuploads%2Fimages%2F2026%2F09%2F08%2F439512.jpg&w=1920&q=75,2026-09-11
Houston,Stretch Zone now open in Spring area,19h ago,https://communityimpact.com/spring-klein/business/stretch-zone-now-open-in-spring-area/,https://communityimpact.com/_next/image/?url=https%3A%2F%2Fassets.communityimpact.com%2Fuploads%2Fimages%2F2026%2F09%2F08%2F439512.jpg&w=1920&q=75,2026-09-11
Austin,From running gear to dirty sodas: Check out 8 businesses now open in San Marcos,2h ago,https://communityimpact.com/san-marcos-buda-kyle/business/from-running-gear-to-dirty-sodas-check-out-8-businesses-now-open-in-san-marcos/,https://communityimpact.com/_next/image/?url=https%3A%2F%2Fassets.communityimpact.com%2Fuploads%2Fimages%2F2026%2F09%2F09%2F39d91215eee6c6ac2c53994b7b1bf373f985c003b42e75d383935fad39f58c1a.jpg&w=1920&q=75,2026-09-10
Austin,Guzman Automotive to open in Hutto,7h ago,https://communityimpact.com/pflugerville-hutto/business/guzman-automotive-to-open-in-hutto/,https://communityimpact.com/_next/image/?url=https%3A%2F%2Fassets.communityimpact.com%2Fuploads%2Fimages%2F2026%2F09%2F08%2F439782.jpg&w=1920&q=75,2026-09-10
Austin,"Rush Bowls now serving smoothie drinks, bowls in Round Rock",11h ago,https://communityimpact.com/round-rock/business/rush-bowls-now-serving-smoothie-drinks-bowls-in-round-rock/,https://communityimpact.com/_next/image/?url=https%3A%2F%2Fassets.communityimpact.com%2Fuploads%2Fimages%2F2026%2F09%2F08%2F439767.jpg&w=1920&q=75,2026-09-10
Dallas - Fort Worth,Syra Salon styles hair at Prosper studio,6h ago,https://communityimpact.com/prosper-celina/business/syra-salon-styles-hair-at-prosper-studio/,https://communityimpact.com/_next/image/?url=https%3A%2F%2Fassets.communityimpact.com%2Fuploads%2Fimages%2F2026%2F09%2F09%2F9249bf4d8d4c871bff43a55988cf7fc93268559a7350293f08c72d04b4150da7.png&w=1920&q=75,2026-09-10
Dallas - Fort Worth,Game Show Studio to offer interactive play in Southlake,6h ago,https://communityimpact.com/grapevine-colleyville-southlake/business/game-show-studio-to-offer-interactive-play-in-southlake/,https://communityimpact.com/_next/image/?url=https%3A%2F%2Fassets.communityimpact.com%2Fuploads%2Fimages%2F2026%2F09%2F09%2Ff63db64506ce52d1b697f79cb508cee4843278ad98f44c1bdfbcef4fe94db68c.jpg&w=1920&q=75,2026-09-10
Dallas - Fort Worth,Be Fit Modern Pilates celebrates 1st anniversary of Allen location,10h ago,https://communityimpact.com/allen/business/be-fit-modern-pilates-celebrates-1st-anniversary-of-allen-location/,https://communityimpact.com/_next/image/?url=https%3A%2F%2Fassets.communityimpact.com%2Fuploads%2Fimages%2F2026%2F09%2F08%2F439768.jpg&w=1920&q=75,2026-09-10
Houston,"D’Limo Nail Lounge’s party limousine, nail-painting services to make permanent stop in Meyerland",2h ago,https://communityimpact.com/bellaire-meyerland-west-university/business/d-limo-nail-lounge-s-party-limousine-nail-painting-services-to-make-permanent-stop-in-meyerland/,https://communityimpact.com/_next/image/?url=https%3A%2F%2Fassets.communityimpact.com%2Fuploads%2Fimages%2F2026%2F08%2F20%2F437550.jpg&w=1920&q=75,2026-09-10
Houston,The Collective Boutiques soft opens 2nd Greater Houston location in Katy,3h ago,https://communityimpact.com/katy-fulshear/business/the-collective-boutiques-soft-opens-2nd-greater-houston-location-in-katy/,https://communityimpact.com/_next/image/?url=https%3A%2F%2Fassets.communityimpact.com%2Fuploads%2Fimages%2F2026%2F09%2F09%2Fd4f3fd69e4b9831c83f77d90bfea6eef9a6aa4bfefa3722f0fc6136b0cd51e15.webp&w=1920&q=75,2026-09-10
Houston,"7 events to get into in The Woodlands area this weekend, Sept. 11-13",6h ago,https://communityimpact.com/the-woodlands/business/7-events-to-get-into-in-the-woodlands-area-this-weekend-sept-11-13/,https://communityimpact.com/_next/image/?url=https%3A%2F%2Fassets.communityimpact.com%2Fuploads%2Fimages%2F2026%2F09%2F09%2F439892.JPG&w=1920&q=75,2026-09-10
Houston,3 dental businesses coming soon to Spring,8h ago,https://communityimpact.com/spring-klein/business/3-dental-businesses-coming-soon-to-spring/,https://communityimpact.com/_next/image/?url=https%3A%2F%2Fassets.communityimpact.com%2Fuploads%2Fimages%2F2026%2F08%2F13%2F436765.jpeg&w=1920&q=75,2026-09-10
Houston,Lowe's opens new Katy store in Texas Heritage Marketplace development,1d ago,https://communityimpact.com/katy-fulshear/business/lowes-opens-new-katy-store-in-texas-heritage-marketplace-development/,https://communityimpact.com/_next/image/?url=https%3A%2F%2Fassets.communityimpact.com%2Fuploads%2Fimages%2F2026%2F09%2F08%2F439838.jpg&w=1920&q=75,2026-09-10
Austin,11 things to do around Bastrop County through early October,2h ago,https://communityimpact.com/bastrop-cedar-creek/business/11-things-to-do-around-bastrop-county-through-early-october/,https://communityimpact.com/_next/image/?url=https%3A%2F%2Fassets.communityimpact.com%2Fuploads%2Fimages%2F2026%2F09%2F08%2F439804.jpg&w=1920&q=75,2026-09-09
Austin,Sandy’s Southern Spice closes in Bastrop after owner’s death,2h ago,https://communityimpact.com/bastrop-cedar-creek/business/sandys-southern-spice-closes-in-bastrop-after-owners-death/,https://communityimpact.com/_next/image/?url=https%3A%2F%2Fassets.communityimpact.com%2Fuploads%2Fimages%2F2026%2F09%2F08%2F439807.jpg&w=1920&q=75,2026-09-09
Austin,"Scheels, sandwiches and soccer: 13 Cedar Park-area business updates to know this September",3h ago,https://communityimpact.com/cedar-park/business/scheels-sandwiches-and-soccer-13-cedar-park-area-business-updates-to-know-this-september/,https://communityimpact.com/_next/image/?url=https%3A%2F%2Fassets.communityimpact.com%2Fuploads%2Fimages%2F2026%2F09%2F08%2F439703.jpg&w=1920&q=75,2026-09-09
Austin,Foodie’s Corner opens flagship store along US 183 in Liberty Hill,3h ago,https://communityimpact.com/leander-liberty-hill/business/foodies-corner-opens-flagship-store-along-us-183-in-liberty-hill/,https://communityimpact.com/_next/image/?url=https%3A%2F%2Fassets.communityimpact.com%2Fuploads%2Fimages%2F2026%2F09%2F08%2F439281.png&w=1920&q=75,2026-09-09
Austin,Texan Tea opens 2nd New Braunfels location,3h ago,https://communityimpact.com/new-braunfels/business/texan-tea-opens-2nd-new-braunfels-location/,https://communityimpact.com/_next/image/?url=https%3A%2F%2Fassets.communityimpact.com%2Fuploads%2Fimages%2F2026%2F09%2F08%2F439791.jpeg&w=1920&q=75,2026-09-09
Austin,Mo Bamba Cards & Collectibles to open in early September,3h ago,https://communityimpact.com/central-austin/business/mo-bamba-cards-collectibles-to-open-in-early-september/,https://communityimpact.com/_next/image/?url=https%3A%2F%2Fassets.communityimpact.com%2Fuploads%2Fimages%2F2026%2F09%2F08%2F439786.jpeg&w=1920&q=75,2026-09-09
Dallas - Fort Worth,"Burn Boot Camp offers fitness classes, play area in Celina",5h ago,https://communityimpact.com/prosper-celina/business/burn-boot-camp-offers-fitness-classes-play-area-in-celina/,https://communityimpact.com/_next/image/?url=https%3A%2F%2Fassets.communityimpact.com%2Fuploads%2Fimages%2F2026%2F09%2F08%2F439734.jpg&w=1920&q=75,2026-09-09
Dallas - Fort Worth,Omaha Steaks sets opening date for Grapevine location,6h ago,https://communityimpact.com/grapevine-colleyville-southlake/business/omaha-steaks-sets-opening-date-for-grapevine-location/,https://communityimpact.com/_next/image/?url=https%3A%2F%2Fassets.communityimpact.com%2Fuploads%2Fimages%2F2026%2F09%2F08%2F439698.jpg&w=1920&q=75,2026-09-09
Dallas - Fort Worth,"WaveMax Laundry now open, offers bulk laundry services in Denton",6h ago,https://communityimpact.com/denton/business/wavemax-laundry-now-open-offers-bulk-laundry-services-in-denton/,https://communityimpact.com/_next/image/?url=https%3A%2F%2Fassets.communityimpact.com%2Fuploads%2Fimages%2F2026%2F09%2F08%2F439711.jpeg&w=1920&q=75,2026-09-09
Dallas - Fort Worth,"Scarvelli’s Italian Restaurant to bring family-centered dining, fresh ingredients to Denton",6h ago,https://communityimpact.com/denton/business/scarvellis-italian-restaurant-to-bring-family-centered-dining-fresh-ingredients-to-denton/,https://communityimpact.com/_next/image/?url=https%3A%2F%2Fassets.communityimpact.com%2Fuploads%2Fimages%2F2026%2F09%2F08%2F439690.jpeg&w=1920&q=75,2026-09-09
Houston,New car wash opens in Pearland,2h ago,https://communityimpact.com/pearland-friendswood-manvel/business/new-car-wash-opens-in-pearland/,https://communityimpact.com/_next/image/?url=https%3A%2F%2Fassets.communityimpact.com%2Fuploads%2Fimages%2F2026%2F09%2F08%2F2fbefb2019151a27038e83e5ffd50912eb31e379621cf8ffdca4b10071271ab0.jpg&w=1920&q=75,2026-09-09
Houston,"New pickleball and beer concept opens north of Pearland, Beltway 8",3h ago,https://communityimpact.com/pearland-friendswood-manvel/business/new-pickleball-and-beer-concept-opens-north-of-pearland-beltway-8/,https://communityimpact.com/_next/image/?url=https%3A%2F%2Fassets.communityimpact.com%2Fuploads%2Fimages%2F2026%2F09%2F08%2Faf81099d3df977c634be1105b4abf81aa308bb95ca2217391f91b761d2762ecf.jpg&w=1920&q=75,2026-09-09
Houston,"Trading card shop opens third Houston-area location in League City, monthly tournaments",4h ago,https://communityimpact.com/bay-area/business/trading-card-shop-opens-third-houston-area-location-in-league-city-monthly-tournaments/,https://communityimpact.com/_next/image/?url=https%3A%2F%2Fassets.communityimpact.com%2Fuploads%2Fimages%2F2026%2F09%2F08%2F076a871ad9c64d2c1a24c67f23c9cb7939a6c571288c18086727622f252e821d.jpg&w=1920&q=75,2026-09-09
Houston,"Gymnastics, fitness and range of motion: See 4 health-focused business updates in Spring-Klein",4h ago,https://communityimpact.com/spring-klein/business/gymnastics-fitness-and-range-of-motion-see-4-health-focused-business-updates-in-spring-klein/,https://communityimpact.com/_next/image/?url=https%3A%2F%2Fassets.communityimpact.com%2Fuploads%2Fimages%2F2026%2F09%2F08%2F439772.jpeg&w=1920&q=75,2026-09-09
Houston,Eagles Nutrition to celebrate grand opening in New Caney,6h ago,https://communityimpact.com/new-caney-porter/business/eagles-nutrition-to-celebrate-grand-opening-in-new-caney/,https://communityimpact.com/_next/image/?url=https%3A%2F%2Fassets.communityimpact.com%2Fuploads%2Fimages%2F2026%2F09%2F08%2F439732.jpeg&w=1920&q=75,2026-09-09
Houston,Amped Fitness expands in Houston area with its 7th location opening on Westheimer Road,6h ago,https://communityimpact.com/heights-river-oaks-montrose/business/amped-fitness-expands-in-houston-area-with-its-7th-location-opening-on-westheimer-road/,https://communityimpact.com/_next/image/?url=https%3A%2F%2Fassets.communityimpact.com%2Fuploads%2Fimages%2F2026%2F09%2F08%2F439731.jpg&w=1920&q=75,2026-09-09
Bryan - College Station,Liberty Hearing Center celebrates grand opening in College Station,4h ago,https://communityimpact.com/bryan-college-station/business/liberty-hearing-center-celebrates-grand-opening-in-college-station/,https://communityimpact.com/_next/image/?url=https%3A%2F%2Fassets.communityimpact.com%2Fuploads%2Fimages%2F2026%2F09%2F08%2F439773.png&w=1920&q=75,2026-09-09
Austin,New recording space Studio Hill Austin to open,3d ago,https://communityimpact.com/lake-travis-westlake/business/new-recording-space-studio-hill-austin-to-open/,https://communityimpact.com/_next/image/?url=https%3A%2F%2Fassets.communityimpact.com%2Fuploads%2Fimages%2F2026%2F09%2F04%2F439579.jpeg&w=1920&q=75,2026-09-08
Austin,Koncept Garage brings time-saving customization to homeowners,3d ago,https://communityimpact.com/lake-travis-westlake/business/koncept-garage-brings-time-saving-customization-to-homeowners/,https://communityimpact.com/_next/image/?url=https%3A%2F%2Fassets.communityimpact.com%2Fuploads%2Fimages%2F2026%2F09%2F04%2F439535.jpg&w=1920&q=75,2026-09-08
Austin,1 Hotel Austin opens in downtown with suites and amenities,3d ago,https://communityimpact.com/central-austin/business/1-hotel-austin-opens-in-downtown-with-suites-and-amenities/,https://communityimpact.com/_next/image/?url=https%3A%2F%2Fassets.communityimpact.com%2Fuploads%2Fimages%2F2026%2F09%2F04%2F439495.jpg&w=1920&q=75,2026-09-08
Austin,Holiday season kicks off in San Marcos with Spirit Halloween opening,3d ago,https://communityimpact.com/san-marcos-buda-kyle/business/holiday-season-kicks-off-in-san-marcos-with-spirit-halloween-opening/,https://communityimpact.com/_next/image/?url=https%3A%2F%2Fassets.communityimpact.com%2Fuploads%2Fimages%2F2026%2F09%2F04%2F439560.jpg&w=1920&q=75,2026-09-08
Austin,Learn about 6 Hutto-area business updates,3d ago,https://communityimpact.com/pflugerville-hutto/business/learn-about-6-hutto-area-business-updates/,https://communityimpact.com/_next/image/?url=https%3A%2F%2Fassets.communityimpact.com%2Fuploads%2Fimages%2F2026%2F08%2F29%2F438562.jpg&w=1920&q=75,2026-09-08
Austin,"Check out 9 Round Rock-area events in September, early October",4d ago,https://communityimpact.com/round-rock/business/check-out-9-round-rock-area-events-in-september-early-october/,https://communityimpact.com/_next/image/?url=https%3A%2F%2Fassets.communityimpact.com%2Fuploads%2Fimages%2F2026%2F09%2F03%2F439438.jpeg&w=1920&q=75,2026-09-08
Dallas - Fort Worth,The Good Feet Store relocates in Southlake,1d ago,https://communityimpact.com/grapevine-colleyville-southlake/business/the-good-feet-store-relocates-in-southlake/,https://communityimpact.com/_next/image/?url=https%3A%2F%2Fassets.communityimpact.com%2Fuploads%2Fimages%2F2026%2F09%2F04%2F439647.jpg&w=1920&q=75,2026-09-08
Dallas - Fort Worth,"Moss Construction relocates, debuts new Allen office",3d ago,https://communityimpact.com/allen/business/moss-construction-relocates-debuts-new-allen-office/,https://communityimpact.com/_next/image/?url=https%3A%2F%2Fassets.communityimpact.com%2Fuploads%2Fimages%2F2026%2F09%2F04%2F439682.jpeg&w=1920&q=75,2026-09-08
Dallas - Fort Worth,"Sam’s Rug Corner offers imported, antique rugs in Historic Downtown McKinney",3d ago,https://communityimpact.com/mckinney/business/sams-rug-corner-offers-imported-antique-rugs-in-historic-downtown-mckinney/,https://communityimpact.com/_next/image/?url=https%3A%2F%2Fassets.communityimpact.com%2Fuploads%2Fimages%2F2026%2F09%2F04%2F439666.jpeg&w=1920&q=75,2026-09-08
Dallas - Fort Worth,7th Avenue showroom now open at Legacy West,3d ago,https://communityimpact.com/plano/business/7th-avenue-showroom-now-open-at-legacy-west/,https://communityimpact.com/_next/image/?url=https%3A%2F%2Fassets.communityimpact.com%2Fuploads%2Fimages%2F2026%2F09%2F04%2F439605.jpeg&w=1920&q=75,2026-09-08
Dallas - Fort Worth,Psycho Bunny now offering apparel at Allen Premium Outlets,3d ago,https://communityimpact.com/allen/business/psycho-bunny-now-offering-apparel-at-allen-premium-outlets/,https://communityimpact.com/_next/image/?url=https%3A%2F%2Fassets.communityimpact.com%2Fuploads%2Fimages%2F2026%2F09%2F04%2F439554.jpg&w=1920&q=75,2026-09-08
Dallas - Fort Worth,"SimpleVeda to bring yoga, holistic wellness to Richardson",3d ago,https://communityimpact.com/richardson/business/simpleveda-to-bring-yoga-holistic-wellness-to-richardson/,https://communityimpact.com/_next/image/?url=https%3A%2F%2Fassets.communityimpact.com%2Fuploads%2Fimages%2F2026%2F09%2F04%2F438919.jpg&w=1920&q=75,2026-09-08
Houston,Waygood coffee shop coming soon to Tomball,3d ago,https://communityimpact.com/tomball-magnolia/business/waygood-coffee-shop-coming-soon-to-tomball/,https://communityimpact.com/_next/image/?url=https%3A%2F%2Fassets.communityimpact.com%2Fuploads%2Fimages%2F2026%2F09%2F04%2F439644.jpg&w=1920&q=75,2026-09-08
Houston,Taylored Fitness relocates within Porter ahead of October grand opening,3d ago,https://communityimpact.com/new-caney-porter/business/taylored-fitness-relocates-within-porter-ahead-of-october-grand-opening/,https://communityimpact.com/_next/image/?url=https%3A%2F%2Fassets.communityimpact.com%2Fuploads%2Fimages%2F2026%2F09%2F03%2F439350.jpeg&w=1920&q=75,2026-09-08
Houston,Bobbie Marie Jewelry now open in The Woodlands Mall,3d ago,https://communityimpact.com/the-woodlands/business/bobbie-marie-jewelry-now-open-in-the-woodlands-mall/,https://communityimpact.com/_next/image/?url=https%3A%2F%2Fassets.communityimpact.com%2Fuploads%2Fimages%2F2026%2F09%2F04%2F439625.png&w=1920&q=75,2026-09-08
Houston,Oopsie Daisies Flower Company now offering blooms in Montgomery,3d ago,https://communityimpact.com/conroe-montgomery/business/oopsie-daisies-flower-company-now-offering-blooms-in-montgomery/,https://communityimpact.com/_next/image/?url=https%3A%2F%2Fassets.communityimpact.com%2Fuploads%2Fimages%2F2026%2F09%2F04%2F439600.jpg&w=1920&q=75,2026-09-08
Houston,Qwik Pack and Ship opening soon in Cypress area,3d ago,https://communityimpact.com/cypress/business/qwik-pack-and-ship-opening-soon-in-cypress-area/,https://communityimpact.com/_next/image/?url=https%3A%2F%2Fassets.communityimpact.com%2Fuploads%2Fimages%2F2026%2F09%2F04%2F439489.jpeg&w=1920&q=75,2026-09-08
Houston,Ace Hardware store slated to replace former CVS Pharmacy in Bellaire Triangle,3d ago,https://communityimpact.com/bellaire-meyerland-west-university/business/ace-hardware-store-slated-to-replace-former-cvs-pharmacy-in-bellaire-triangle/,https://communityimpact.com/_next/image/?url=https%3A%2F%2Fassets.communityimpact.com%2Fuploads%2Fimages%2F2026%2F09%2F04%2F439589.jpeg&w=1920&q=75,2026-09-08
San Antonio,Feliz Modern now open in the San Antonio International Airport,"June 22, 2026",https://communityimpact.com/san-antonio/business/feliz-modern-now-open-in-the-san-antonio-international-airport/,https://communityimpact.com/_next/image/?url=https%3A%2F%2Fassets.communityimpact.com%2Fuploads%2Fimages%2F2026%2F06%2F22%2F429681.jpg&w=1920&q=75,2026-09-08
San Antonio,James Avery Artisan Jewelry now open in Schertz Station,"June 19, 2026",https://communityimpact.com/san-antonio/business/james-avery-artisan-jewelry-now-open-in-schertz-station/,https://communityimpact.com/_next/image/?url=https%3A%2F%2Fassets.communityimpact.com%2Fuploads%2Fimages%2F2026%2F06%2F19%2F429448.jpg&w=1920&q=75,2026-09-08
San Antonio,Arnold & Mane hair salon now open in New Braunfels,"April 30, 2026",https://communityimpact.com/san-antonio/austin/arnold-mane-hair-salon-now-open-in-new-braunfels/,https://communityimpact.com/_next/image/?url=https%3A%2F%2Fassets.communityimpact.com%2Fuploads%2Fimages%2F2026%2F04%2F30%2F418300.jpeg&w=1920&q=75,2026-09-08
San Antonio,Roundup: 3 updates from San Antonio businesses in March,"April 8, 2026",https://communityimpact.com/san-antonio/business/roundup-3-updates-from-san-antonio-businesses-in-march/,https://communityimpact.com/_next/image/?url=https%3A%2F%2Fassets.communityimpact.com%2Fuploads%2Fimages%2F2026%2F02%2F11%2F408950.jpg&w=1920&q=75,2026-09-08
San Antonio,Curator Coffee celebrates 5 years serving North San Antonio,"April 8, 2026",https://communityimpact.com/san-antonio/business/curator-coffee-celebrates-5-years-serving-north-san-antonio/,https://communityimpact.com/_next/image/?url=https%3A%2F%2Fassets.communityimpact.com%2Fuploads%2Fimages%2F2026%2F04%2F07%2F418302.jpg&w=1920&q=75,2026-09-08
San Antonio,New family-owned pizza shop opens in North San Antonio,"April 7, 2026",https://communityimpact.com/san-antonio/business/new-family-owned-pizza-shop-opens-in-north-san-antonio/,https://communityimpact.com/_next/image/?url=https%3A%2F%2Fassets.communityimpact.com%2Fuploads%2Fimages%2F2026%2F04%2F07%2F417637.jpg&w=1920&q=75,2026-09-08
Bryan - College Station,College Station Dave & Buster's announces fall opening date,6d ago,https://communityimpact.com/bryan-college-station/business/college-station-dave-busters-announces-fall-opening-date/,https://communityimpact.com/_next/image/?url=https%3A%2F%2Fassets.communityimpact.com%2Fuploads%2Fimages%2F2026%2F09%2F01%2F439003.jpg&w=1920&q=75,2026-09-08
Bryan - College Station,College Station mall to host new 'southern charm’ boutique,"August 31, 2026",https://communityimpact.com/bryan-college-station/business/college-station-mall-to-host-new-southern-charm-boutique/,https://communityimpact.com/_next/image/?url=https%3A%2F%2Fassets.communityimpact.com%2Fuploads%2Fimages%2F2026%2F08%2F31%2F438884.png&w=1920&q=75,2026-09-08
Bryan - College Station,College Station nail salon reopens under new management,"August 24, 2026",https://communityimpact.com/bryan-college-station/business/college-station-nail-salon-reopens-under-new-management/,https://communityimpact.com/_next/image/?url=https%3A%2F%2Fassets.communityimpact.com%2Fuploads%2Fimages%2F2026%2F08%2F24%2F437985.png&w=1920&q=75,2026-09-08
Bryan - College Station,Bryan Lucky Goat Coffee opens with large community turnout,"August 20, 2026",https://communityimpact.com/bryan-college-station/business/bryan-lucky-goat-coffee-opens-with-large-community-turnout/,https://communityimpact.com/_next/image/?url=https%3A%2F%2Fassets.communityimpact.com%2Fuploads%2Fimages%2F2026%2F08%2F20%2F437609.png&w=1920&q=75,2026-09-08
Bryan - College Station,"Downtown Bryan bar expands with new bar, stage area","August 18, 2026",https://communityimpact.com/bryan-college-station/business/downtown-bryan-bar-expands-with-new-bar-stage-area/,https://communityimpact.com/_next/image/?url=https%3A%2F%2Fassets.communityimpact.com%2Fuploads%2Fimages%2F2026%2F08%2F18%2F437235.png&w=1920&q=75,2026-09-08
Bryan - College Station,Bryan’s Aggie-owned record shop reopens in new location,"August 16, 2026",https://communityimpact.com/bryan-college-station/business/bryans-aggie-owned-record-shop-reopens-in-new-location/,https://communityimpact.com/_next/image/?url=https%3A%2F%2Fassets.communityimpact.com%2Fuploads%2Fimages%2F2026%2F08%2F14%2F436887.png&w=1920&q=75,2026-09-08
