store_name,location,event_type,event_date,status,short_description,article_link,published_date,source_batch,Date_Appended
No qualifying business found,N/A,N/A,N/A,N/A,N/A,https://www.msn.com/en-us/money/smallbusiness/havertown-restaurant-to-permanently-close-after-rent-troubles/ar-AA22xg1I?apiversion=v2&domshim=1&noservercache=1&noservertelemetry=1&batchservertelemetry=1&renderwebcomponents=1&wcseo=1,2026-05-13 23:42:16,newsbatch_10_output,2026-05-15
Woods Furniture,"Castlepoint’s West Village, Bournemouth (former Lakeland unit)",Opening,May 21,"set to open its doors later this month / launch on Thursday, May 21",Woods Furniture will launch its Bournemouth branch at Castlepoint’s West Village on May 21. A grand opening event will include complimentary drinks and 25 per cent discount on full-price items until June 1. The store will feature living and dining collections and a “design your own sofa” section.,https://uk.news.yahoo.com/furniture-store-open-retail-park-230000939.html,2026-05-13 23:00:00,newsbatch_10_output,2026-05-15
No qualifying business found,N/A,N/A,N/A,N/A,N/A,https://www.hotelnewsresource.com/article141247.html,2026-05-13 22:54:52,newsbatch_10_output,2026-05-15
Draft City Taproom,"Outlets at The Dells, Wisconsin Dells",Opening,later this summer,set to open later this summer,"Draft City Taproom is set to open later this summer at Outlets at The Dells. The restaurant will feature craft beers, elevated pub-style cuisine and a lively atmosphere.",https://natlawreview.com/press-releases/outlets-dells-prepares-major-restaurant-opening-summer-along-3-new-retailers,2026-05-13 22:46:55,newsbatch_10_output,2026-05-15
Tickled Pink Makers Market,Outlets at The Dells,Opening,May 2026,Opened May 2026,"Tickled Pink Makers Market opened in May 2026 at Outlets at The Dells. It features handmade goods, artisan products and unique finds from local makers.",https://natlawreview.com/press-releases/outlets-dells-prepares-major-restaurant-opening-summer-along-3-new-retailers,2026-05-13 22:46:55,newsbatch_10_output,2026-05-15
Buckle,Outlets at The Dells,Opening,May 2026,Opened May 2026,"Buckle opened in May 2026 at Outlets at The Dells. It offers premium denim, on-trend apparel and personalized styling.",https://natlawreview.com/press-releases/outlets-dells-prepares-major-restaurant-opening-summer-along-3-new-retailers,2026-05-13 22:46:55,newsbatch_10_output,2026-05-15
Lush Latte,Outlets at The Dells,Opening,May 2026,Opening May 2026,"Lush Latte is opening in May 2026 at Outlets at The Dells. The café offers specialty coffee, handcrafted drinks and light bites.",https://natlawreview.com/press-releases/outlets-dells-prepares-major-restaurant-opening-summer-along-3-new-retailers,2026-05-13 22:46:55,newsbatch_10_output,2026-05-15
American Signature Furniture,"2821 Wilma Rudolph Blvd., Clarksville",Closing,Not specified,Store closing,American Signature Furniture in Clarksville is closing as part of going-out-of-business sales.,https://www.aol.com/articles/tennessee-american-signature-furniture-stores-195158350.html,2026-05-13 22:36:33,newsbatch_10_output,2026-05-15
American Signature Furniture,"1770 Galleria Blvd., Franklin",Closing,Not specified,Store closing,American Signature Furniture in Franklin is closing as part of going-out-of-business sales.,https://www.aol.com/articles/tennessee-american-signature-furniture-stores-195158350.html,2026-05-13 22:36:33,newsbatch_10_output,2026-05-15
No qualifying business found,N/A,N/A,N/A,N/A,N/A,https://www.bizjournals.com/sacramento/news/2026/05/13/sunridge-plaza-rancho-cordova-new-tenants.html,2026-05-13 22:00:00,newsbatch_10_output,2026-05-15
Bayside Bar and Lounge,"Tomales Bay Resort, Inverness",Opening,last week,debuted last week,"The Bayside Bar and Lounge debuted last week at Tomales Bay Resort in Inverness. It offers a casual seafood-forward menu with smoked ribs, vegan banh mi, pizza and local catch. The establishment serves both resort guests and the local community.",https://www.ptreyeslight.com/news/bayside-hotel-open-for-dining-in-inverness/,2026-05-13 21:24:16,newsbatch_10_output,2026-05-15
No qualifying business found,N/A,N/A,N/A,N/A,N/A,https://www.msn.com/en-gb/money/other/sports-retailer-announces-closure-of-175-underperforming-stores-in-us/ar-AA230LjJ,2026-05-13 20:14:10,newsbatch_10_output,2026-05-15
No qualifying business found,N/A,N/A,N/A,N/A,N/A,https://www.msn.com/en-us/money/companies/texas-roadhouse-lifts-prices-while-accelerating-restaurant-expansion/ss-AA233DNA,2026-05-13 20:05:06,newsbatch_10_output,2026-05-15
Pete’s Restaurant & Brewhouse,"Howe ‘Bout Arden shopping center, Arden Arcade",Closing,Not specified,‘temporarily’ closed,Pete’s Restaurant & Brewhouse in the Howe ‘Bout Arden shopping center has temporarily closed. The Arden Arcade restaurant was locked with a “for lease” sign. The chain has faced bankruptcy and prior location closures.,https://www.sacbee.com/news/business/article315740033.html,2026-05-13 19:45:00,newsbatch_10_output,2026-05-15
Charlie D’s Seafood and Chicken,"1124 Oak St., downtown Kansas City",Opening,soon,opening soon,"Charlie D’s Seafood and Chicken is opening soon at 1124 Oak St. in downtown Kansas City in the former El Pulgarcito Express. The fourth location will serve cafeteria-style lunch, chicken wings, fish dinner, Philly cheesesteaks and more, plus beer.",https://www.kansascity.com/news/business/openings-closings/article315741458.html,2026-05-13 19:44:13,newsbatch_10_output,2026-05-15
Meijer Grocery,"northwest corner of Telegraph Road and Champaign Road, Taylor",Opening,Not specified,is coming / approved,"A new 75,097-square-foot Meijer Grocery store is coming to the northwest corner of Telegraph Road and Champaign Road in Taylor. The smaller grocery-focused concept was approved by the Taylor Planning Commission.",https://www.yahoo.com/news/articles/meijer-market-approved-metro-detroit-131839818.html,2026-05-13 19:38:24,newsbatch_10_output,2026-05-15
No qualifying business found,N/A,N/A,N/A,N/A,N/A,https://www.travelweekly.com/Travel-News/Hotel-News/One-and-Only-brand-to-open-first-Europe-resort-in-French-Alps,2026-05-13 19:17:45,newsbatch_10_output,2026-05-15
Ari’s Pantry,"3011 Olympus Blvd., Suite 120, Dallas (Cypress Waters)",Opening,"May 14, 2026","opening this week / ribbon cutting on May 14, 2026","Ari’s Pantry is opening a new location at 3011 Olympus Blvd., Suite 120 in Cypress Waters this week with a ribbon cutting on May 14, 2026. The fourth Dallas-area Italian grocer will offer produce, cheese, meats, pasta, wine, beer and 160 new products.",https://www.dallasnews.com/food/restaurant-news/article/aris-pantry-coppell-italian-grocery-near-me-22257358.php,2026-05-13 19:07:02,newsbatch_10_output,2026-05-15
Minnesota Food Grocery,"West Lake Street, Minneapolis",Closing,Not specified,now-closed,Minnesota Food Grocery on West Lake Street is now closed. The owner was charged with trafficking SNAP benefits by allegedly using others' EBT cards to buy goods for resale at the store.,https://www.aol.com/news/minneapolis-grocery-store-owner-charged-152219390.html,2026-05-13 18:54:28,newsbatch_10_output,2026-05-15
Whole Foods Market Daily Shop,"111 Harbor Way, Seaport, Boston",Opening,Not specified,is coming / signed a lease,"Whole Foods Market signed a lease for a new Daily Shop at 111 Harbor Way in Boston’s Seaport. The smaller-format store will offer fresh produce, meat, seafood, prepared foods, bakery items and grab-and-go options.",https://www.boston.com/food/food-news/2026/05/13/whole-foods-grocery-store-coming-to-the-seaport/,2026-05-13 18:50:32,newsbatch_10_output,2026-05-15
No qualifying business found,N/A,N/A,N/A,N/A,N/A,https://kezj.com/ixp/96/p/splash-canyon-hotel-grand-opening-announcement/,2026-05-13 18:27:59,newsbatch_10_output,2026-05-15
No qualifying business found,N/A,N/A,N/A,N/A,N/A,http://www.msn.com/en-us/health/fitness/which-gym-deserves-your-vote-gym-of-the-year-2026-nominations-open/ar-AA22LDcO?apiversion=v2&domshim=1&noservercache=1&noservertelemetry=1&batchservertelemetry=1&renderwebcomponents=1&wcseo=1,2026-05-13 18:07:37,newsbatch_10_output,2026-05-15
Rosie’s Burgers,"11928 104th Ave. NW, Edmonton",Opening,Not specified,to open new Edmonton location soon,"Rosie’s Burgers is opening at 11928 104th Ave. NW in Edmonton’s Brewery District. The smash burger spot offers burgers, chicken sandwiches, fries, poutine, onion rings, banana pudding and milkshakes. An opening date has not yet been announced.",https://dailyhive.com/edmonton/rosies-burgers-opening-edmonton,2026-05-13 18:02:00,newsbatch_10_output,2026-05-15
Brick + Bramble,"Ironworks Plaza, Edwardsville",Closing,May 24,"set to close permanently / last day of service on Sunday, May 24",Brick + Bramble is set to close permanently with its last day of service on May 24. The cocktail bar and restaurant cited lease expiration and small business challenges.,https://whatnow.com/news/local-news/edwardsville-cocktail-bar-and-restaurant-set-to-close-permanently/,2026-05-13 17:57:51,newsbatch_10_output,2026-05-15
No qualifying business found,N/A,N/A,N/A,N/A,Article could not be fetched (connection timeout). No content available for extraction.,https://tribuna.com/amp/en/blogs/vinicius-jr-and-girlfriend-virginia-steal-the-show-at-marcel/,2026-05-13 17:17:02,newsbatch_11_output,2026-05-15
"Food Bazaar (The 360, Mott Haven)","350 Grand Concourse, Mott Haven, South Bronx, New York City, NY",Opening,Spring 2028,completion anticipated in the spring of 2028,"PCCP has provided a $130 million senior construction loan for The 360, a 13-story mixed-use project at 350 Grand Concourse in Mott Haven, South Bronx, which includes a pre-leased 47,892-square-foot Food Bazaar grocery store. Construction has commenced with completion anticipated in spring 2028. Food Bazaar is described as a regional specialty grocer with an existing presence in the Bronx.",https://www.citybiz.co/article/845984/pccp-provides-130-million-senior-construction-loan-for-the-360-a-304-unit-multifamily-project-with-a-food-bazaar-grocery-store-in-south-bronx-neighborhood/,2026-05-13 17:05:14,newsbatch_11_output,2026-05-15
Gustafson's Furniture & Mattress,"Rockford, IL (full address not specified)",Closing,Not specified (liquidation sale beginning day after Tuesday confirmation),liquidation sale,"Gustafson's Furniture & Mattress, a family-owned nearly century-old business and the only location of its kind, confirmed it would begin a liquidation sale featuring discounts up to 50% off all inventory including mattress and furniture brands. Owner Dale Gustafson thanked customers for their loyalty and confirmed the building has been put up for sale. Social media speculation about the closure had been building since February when customers found the doors locked.",https://www.the-sun.com/money/16356088/gustafsons-furniture-mattress-store-closing-rockford-illinois/,2026-05-13 16:46:08,newsbatch_11_output,2026-05-15
QDOBA (Columbia Vista),"1000 Gervais St., Columbia, SC",Opening,"May 20, 2026",expected to open on May 20,"QDOBA is expected to open at 1000 Gervais St. in Columbia's Vista neighborhood on May 20, 2026, making it the third standalone QDOBA restaurant in South Carolina, alongside locations in Mauldin and Greenville. The restaurant is located on the block of Gervais Street closest to Main Street, joining several other restaurants in the dining and nightlife district. A QDOBA spokesperson did not confirm what time the restaurant will open or whether special promotions are planned.",https://www.postandcourier.com/columbia/news/qdoba-opening-date-vista-columbia-sc/article_86d146f5-c5f3-4c51-9143-406104ec2422.html,2026-05-13 16:30:00,newsbatch_11_output,2026-05-15
No qualifying business found,N/A,N/A,N/A,N/A,Article could not be fetched (403 Forbidden). No content available for extraction.,https://www.bizjournals.com/philadelphia/news/2026/05/13/whole-foods-daily-shop-philadelphia-new-store.html,2026-05-13 16:24:00,newsbatch_11_output,2026-05-15
Whole Foods Market Daily Shop (South Street),"2221-2225 South St., Philadelphia, PA",Opening,Not specified,signed a lease; opening date not determined,"Whole Foods Market Daily Shop, the smaller-format version of Whole Foods introduced in New York two years ago, has signed a lease for a storefront at 2221-2225 South St. in Philadelphia, replacing the locally owned South Square Market. An opening date has not been determined; the Amazon-owned chain announced plans to expand to Philadelphia, Boston, and Chicago over the next two years.",https://www.phillyvoice.com/whole-foods-market-daily-shop-philly-south-street/,2026-05-13 16:05:11,newsbatch_11_output,2026-05-15
No qualifying business found,N/A,N/A,N/A,N/A,Article returned no text content. No content available for extraction.,https://614now.com/2026/hot-topics/grocery-chain-plans-first-ohio-location,2026-05-13 16:05:10,newsbatch_11_output,2026-05-15
Sainsbury's (Burnham-on-Crouch),"Foundry Road, Burnham-on-Crouch, UK (full address not specified)",Opening,Later in 2026 (after June 13 Co-op closure),anticipated to open later this year,"Sainsbury's has confirmed plans to open its first store in Burnham-on-Crouch by taking over the existing East of England Co-op supermarket on Foundry Road after the Co-op permanently closes at 10pm on June 13. Work to convert the site is expected to begin shortly after the Co-op closure, with the new Sainsbury's anticipated to open later in 2026. All Co-op employees will be offered roles at Sainsbury's under TUPE regulations.",https://www.maldonandburnhamstandard.co.uk/news/26104100.sainsburys-supermarket-open-burnham-on-crouch/,2026-05-13 16:00:00,newsbatch_11_output,2026-05-15
East of England Co-op (Burnham-on-Crouch),"Foundry Road, Burnham-on-Crouch, UK (full address not specified)",Closing,"June 13, 2026",set to permanently close at 10pm on June 13,"The East of England Co-op supermarket on Foundry Road in Burnham-on-Crouch is set to permanently close at 10pm on June 13, 2026, with Sainsbury's taking over the site. The closure comes as Sainsbury's has filed a planning application with Maldon District Council for reconfiguration of the car park and installation of new trolley bays. All existing Co-op staff will be offered employment at the new Sainsbury's.",https://www.maldonandburnhamstandard.co.uk/news/26104100.sainsburys-supermarket-open-burnham-on-crouch/,2026-05-13 16:00:00,newsbatch_11_output,2026-05-15
"East of England Co-op (Foundry Lane, Burnham)","Foundry Lane, Burnham-on-Crouch, UK (full address not specified)",Closing,"June 13, 2026",expected to close on June 13,"Article 209 is a duplicate covering the same Co-op closure and Sainsbury's takeover as Article 208, with a planning application submitted to Maldon District Council for the site conversion. Sainsbury's has confirmed it will offer jobs to existing Co-op employees. No additional business details beyond Article 208.",https://www.maldonandburnhamstandard.co.uk/news/26097644.sainsburys-replace-east-england-co-op-burnham/,2026-05-13 16:00:00,newsbatch_11_output,2026-05-15
Lion & Cub,"206 E. College Ave., State College, PA",Closing,Early June 2026 (rebranding date),will be rebranded as Rally House State College in early June,"Rally House has acquired the Lion & Cub Penn State apparel store at 206 E. College Ave. in State College, along with its online Nittany Outlet business, following the retirement of owner Benson Lichtig after nearly 50 years. Both will be rebranded as Rally House State College in early June. Lichtig opened Lion & Cub in 1975.",https://www.centredaily.com/news/local/community/state-college/article315737648.html,2026-05-13 15:58:07,newsbatch_11_output,2026-05-15
Rally House State College,"206 E. College Ave., State College, PA",Opening,Early June 2026,will be rebranded and open as Rally House State College in early June,"Rally House announced it acquired Lion & Cub and its online Nittany Outlet store, both of which will be rebranded as Rally House State College in early June 2026. This will be Rally House's 43rd Pennsylvania location; the company operates more than 310 locations across 28 states. Rally House also plans a second State College location on North Atherton Street in fall 2026.",https://www.centredaily.com/news/local/community/state-college/article315737648.html,2026-05-13 15:58:07,newsbatch_11_output,2026-05-15
Ann Sather (1819 W. Division St.),"1819 W. Division St., West Town, Chicago, IL",Opening,July 2026,set to open in July,"Ann Sather will open a new location at 1819 West Division Street in West Town, Chicago in July 2026, seating approximately 150 diners inside and 50 on a sidewalk patio. The new location takes over the space of the former Yolk restaurant and will replace the closing Belmont Avenue location, becoming the third Ann Sather in the city.",https://www.aol.com/news/ann-sather-restaurant-open-chicago-134911980.html,2026-05-13 15:56:17,newsbatch_11_output,2026-05-15
Ann Sather (909 W. Belmont Ave.),"909 W. Belmont Ave., Lakeview, Chicago, IL",Closing,Late June 2026,will close in late June,Ann Sather's 909 West Belmont Avenue location will close in late June 2026 to make way for a new apartment building being developed on the site. The restaurant had operated on Belmont Avenue in the Lakeview neighborhood for eight decades. The closing Belmont location will be replaced by the new Division Street location opening in July.,https://www.aol.com/news/ann-sather-restaurant-open-chicago-134911980.html,2026-05-13 15:56:17,newsbatch_11_output,2026-05-15
Francine,"Goldwater Blvd. and Fashion Square Dr., Scottsdale Fashion Square, Scottsdale, AZ",Closing,"Not specified (abrupt closure discovered May 13, 2026)",abruptly closed,"Francine, a popular coastal Mediterranean restaurant at Scottsdale Fashion Square, has abruptly closed with ""RESTAURANT CLOSED"" signs posted on its glass doors. Calls to the restaurant went unanswered on Tuesday and no notice was given to customers. Restaurateur Laurent Halasz opened Francine in 2020.",https://www.phoenixnewtimes.com/food-drink/popular-scottsdale-restaurant-francine-closes-at-fashion-square-40666566/,2026-05-13 15:40:54,newsbatch_11_output,2026-05-15
PDQ Chicken (Lena Road),"5484 Lena Road, Manatee County, FL",Closing,December (year not specified),closed,"PDQ Chicken closed its location at 5484 Lena Road near State Road 70 E. and I-75 in December. It was the only Manatee County location for the chain, which specializes in chicken tenders and sandwiches. Yum! Brands converted the space into its Saucy! by KFC concept.",https://www.bradenton.com/entertainment/restaurants/article315722647.html,2026-05-13 15:30:00,newsbatch_11_output,2026-05-15
Tijuana Flats (Cortez Road W.),"2127 Cortez Road W., Manatee County, FL",Closing,Not specified,closed its doors,"Tijuana Flats closed its fast-casual Tex-Mex restaurant at 2127 Cortez Road W. in Manatee County. The Florida-based chain filed for Chapter 11 bankruptcy protection in April 2024 according to Nation's Restaurant News. Tijuana Flats still operates a location on the Manatee County side of University Parkway at 5215 University Parkway, Suite 106.",https://www.bradenton.com/entertainment/restaurants/article315722647.html,2026-05-13 15:30:00,newsbatch_11_output,2026-05-15
Slicker's Eatery,"12012 Cortez Road W., Manatee County, FL",Closing,Early 2026,shuttered its doors in early 2026,"Locally owned Slicker's Eatery shuttered its doors in early 2026 at 12012 Cortez Road W. after being open for roughly five years. The space was subsequently transformed into Izzy's Place, a family diner owned by Tom Theophilopoulous.",https://www.bradenton.com/entertainment/restaurants/article315722647.html,2026-05-13 15:30:00,newsbatch_11_output,2026-05-15
Izzy's Place,"12012 Cortez Road W., Manatee County, FL",Opening,Not specified (after early 2026 closure of Slicker's Eatery),transformed into,"Izzy's Place, a family diner owned by Tom Theophilopoulous, opened in the former Slicker's Eatery space at 12012 Cortez Road W. after Slicker's closed in early 2026. The diner serves breakfast items including biscuits and gravy, omelettes, and waffles, as well as sandwiches, salads, and a dinner menu on select nights.",https://www.bradenton.com/entertainment/restaurants/article315722647.html,2026-05-13 15:30:00,newsbatch_11_output,2026-05-15
No qualifying business found,N/A,N/A,N/A,N/A,"Article covers multiple Five Points neighborhood developments including a proposed rooftop restaurant still in planning/zoning stages, a game room, and business relocations, but no single qualifying business with a confirmed opening or closure event, address, and date extractable per the rules.",https://www.postandcourier.com/columbia/news/five-points-columbia-business-rooftop-restaurant/article_46f7b71e-2c59-414a-8c54-608f26c84b61.html,2026-05-13 15:15:00,newsbatch_11_output,2026-05-15
No qualifying business found,N/A,N/A,N/A,N/A,Article could not be fetched (403 Forbidden). No content available for extraction.,https://johnsoncountypost.com/2026/05/13/bluhawk-hotel-open-286319/,2026-05-13 15:00:58,newsbatch_11_output,2026-05-15
Callow End Post Office and Premier Convenience Store,"Upton Road, Callow End, Worcestershire, UK (full address not specified)",Closing,"May 8, 2026",taken into possession of the landlord by peaceable re-entry,The Callow End Post Office and Premier Convenience Store closed after bailiffs from West Country Bailiffs repossessed the property on behalf of the landlord via peaceable re-entry on May 8. Shutters remain closed at the site on Upton Road. A notice also obliges tenants to collect any goods left in the building under the terms of the terminated lease.,https://www.worcesternews.co.uk/news/26103762.bailiffs-called-callow-end-post-office-premier-store/,2026-05-13 15:00:00,newsbatch_11_output,2026-05-15
Ann Sather (1819 W. Division St.),"1819 W. Division St., West Town / Wicker Park border, Chicago, IL",Opening,July 2026,opening a new Wicker Park restaurant in July,"Ann Sather will open a new location at 1819 W. Division St. in July 2026, taking over the former Yolk restaurant space, seating approximately 150 diners inside plus a 40–50-seat sidewalk café. The new Division Street venue will succeed the Belmont Avenue location as the third Ann Sather in Chicago, and will also introduce a dedicated to-go bakery section for cinnamon rolls and pastries.",https://secretchicago.com/ann-sather-opening-new-restaurant-wicker-park-july-2026/,2026-05-13 14:55:59,newsbatch_11_output,2026-05-15
Carbon Performance (Charlotte),"3325 S. Tryon St., Charlotte, NC",Opening,Late July 2026,targeting a late July opening,"Carbon Performance is building out a 44,000–45,000-square-foot luxury gym and wellness hub at 3325 S. Tryon St. in Lower South End (LoSo) Charlotte, targeting a late July opening for the first wave of members. The Tennessee-based brand's Charlotte outpost will be its largest location, featuring 220+ pieces of equipment, a 4,000-square-foot women's-only training area, a Pilates studio, a shake bar, retail shop, and a members-only Carbon Elite Lounge. Construction crews are still on site as of the article's publication.",https://hoodline.com/2026/05/loso-scores-mega-gym-as-carbon-performance-rolls-out-45-000-square-foot-club/,2026-05-13 14:21:30,newsbatch_11_output,2026-05-15
No qualifying business found,N/A,N/A,N/A,N/A,Article could not be fetched (DNS resolution failure). No content available for extraction.,https://www.ctvnews.ca/atlantic/new-brunswick/article/new-brunswick-towns-only-grocery-store-to-reopen-8-months-after-fire/,2026-05-13 13:43:14,newsbatch_11_output,2026-05-15
"Saddleback BBQ (new concept, Mason)","Downtown Mason, MI (full address not specified)",Opening,Summer 2026,will open a new restaurant this summer,"The owner of Saddleback BBQ will open a new restaurant concept in downtown Mason, Michigan this summer. No further details beyond the owner's identity and general location are available in the article text provided.",https://www.lansingstatejournal.com/story/entertainment/dining/2026/05/13/saddleback-bbq-owner-to-open-new-restaurant-concept-in-mason/90046118007/,2026-05-13 13:30:00,newsbatch_11_output,2026-05-15
Coushatta Casino Resort – Legacy Tower,"Coushatta Casino Resort, Southwest Louisiana (address not specified)",Opening,"May 15, 2026 (guests welcomed May 18, 2026)","grand opening on May 15; officially begin welcoming guests on May 18, 2026","Coushatta Casino Resort will celebrate the grand opening of its new Legacy Tower on May 15, marking one of the largest expansions in the resort's 30-year history. The tower adds 204 guest rooms including 100 luxury suites, bringing the resort's total room inventory to more than 1,000 rooms. The opening ceremony runs 10:00 a.m. to 12:00 p.m. inside the tower's newly constructed lobby.",https://www.yogonet.com/international/news/2026/05/13/120292-louisiana-39s-coushatta-casino-resort-to-open-new-legacy-tower-in-major-expansion,2026-05-13 13:25:47,newsbatch_12_output,2026-05-15
No qualifying business found,N/A,N/A,N/A,N/A,Article could not be fetched (403 error). Title indicates IHG is unveiling a $200 million investment to expand luxury resorts across Mexico. No extractable individual business details available.,https://www.travelandtourworld.com/news/article/mexico-reaches-new-heights-in-global-hospitality-as-ihg-unveils-200-million-investment-to-expand-luxury-resorts-across-the-country/,2026-05-13 13:23:18,newsbatch_12_output,2026-05-15
QuickChek,"Stelton, Edison, NJ (address not specified)",Opening,Not specified,replacing closing restaurant,Article could not be fetched (403 error). Title indicates QuickChek is replacing a Stelton restaurant in Edison that is closing after 48 years. No further details available.,https://dailyvoice.com/nj/edison/quickchek-replacing-edisons-stelton-restaurant-closing-after-48-years-report/,2026-05-13 12:50:15,newsbatch_12_output,2026-05-15
Stelton Restaurant,"Stelton, Edison, NJ (address not specified)",Closing,Not specified,closing after 48 years,Article could not be fetched (403 error). Title indicates this restaurant is closing after 48 years to be replaced by QuickChek. No further details available.,https://dailyvoice.com/nj/edison/quickchek-replacing-edisons-stelton-restaurant-closing-after-48-years-report/,2026-05-13 12:50:15,newsbatch_12_output,2026-05-15
The Origin Restaurant and Lounge,"2010 W. Armitage Ave., Bucktown, Chicago (zip not specified)",Opening,Not specified (grand opening Friday; soft opening since April 30),grand opening Friday; in soft opening since April 30,"The Origin African Fusion Restaurant and Lounge has taken over the former El Rinconcito Sudamerica space on Armitage Avenue in Bucktown after delays due to construction and city permitting. The restaurant has been in a soft opening since April 30 and is now holding its grand opening Friday, offering African dishes including goat pepper soup, jollof rice, and red snapper. An extensive cocktail menu and a future chef residency program are also planned.",https://blockclubchicago.org/2026/05/13/the-origin-african-fusion-restaurant-and-lounge-opening-in-bucktown/,2026-05-13 12:48:00,newsbatch_12_output,2026-05-15
La Vietta,"1644 Platte St., Denver, CO (zip not specified)",Opening,July 2026,set to open in July,"Italian restaurateur Marco Albertin is set to open La Vietta, a traditional trattoria, in the former Brider Rotisserie & Kitchen space on Denver's Platte Street in July. The build-out is estimated at $100,000 and features a terracotta floor, mosaics, and a redesigned bar, aiming to recreate the feel of a restaurant off a small Italian street. The menu will include pastas, gnocchi, lasagna bolognese, veal Milanese, and a monthly rotating regional Italian fixed menu.",https://www.denverpost.com/2026/05/13/la-vietta-denver-marco-albertin/,2026-05-13 12:00:02,newsbatch_12_output,2026-05-15
The Poet,"Back of Manuscript restaurant, Stadium District, Tacoma, WA (St. Helens Avenue entrance; address not specified)",Opening,Not specified (opening this weekend),opening this weekend,"The Poet is a new event venue opening this weekend inside the back room of Manuscript restaurant in Tacoma's Stadium District, with a street-level entrance on St. Helens Avenue. Owner Leah Browning plans to host live music, parties, workshops, and mini markets, with food-and-drink packages available from Manuscript. The space features a small stage, a lounge, and windows overlooking Commencement Bay.",https://www.thenewstribune.com/news/business/article315717945.html,2026-05-13 12:00:00,newsbatch_12_output,2026-05-15
"Wawa (Loxley, AL)","Loxley, AL (address not specified)",Opening,Not specified (grand opening celebration Wednesday),grand opening celebration Wednesday,"Wawa will open its seventh Alabama store in Loxley, between Mobile and the resort towns of Gulf Shores and Orange Beach. The grand opening celebration will include a hoagie-building competition and free coffee until Sunday. Wawa's first Alabama store opened in April 2024 in Fairhope.",https://www.yahoo.com/news/articles/snl-famous-convenience-store-adds-115932042.html,2026-05-13 11:59:32,newsbatch_12_output,2026-05-15
Restaurant Chestnut,"Ballydehob, West Cork, Ireland (address not specified)",Closing,"October 30, 2026","last dinner season; reservations open through October 30, 2026","Restaurant Chestnut, a Michelin-starred restaurant in Ballydehob, West Cork run by Rob Krawczyk and Elaine Fleming, has announced that its current dinner season will be its last after eight years. Reservations are open through October 30, 2026, with the couple stating their next chapter will also be rooted in West Cork. The restaurant opened in 2018 and earned its Michelin star within its first year.",https://www.irishmirror.ie/news/irish-news/popular-michelin-star-irish-restaurant-37149708.amp,2026-05-13 11:44:37,newsbatch_12_output,2026-05-15
Panda Express,"5 District Ave, Dorchester, MA (zip not specified)",Opening,"May 15, 2026","opening May 15, 2026; ribbon-cutting at 2 p.m. Friday","Panda Express is opening a new location at 5 District Ave in Dorchester on May 15, 2026, marking the brand's first Boston-area restaurant in eight years. The 59-seat restaurant is expected to create about 40 local jobs and will host a ribbon-cutting at 2 p.m., with the first 88 guests receiving a free t-shirt. The brand will also donate $5,000 to the Boys & Girls Club of Dorchester.",https://whatnow.com/boston/restaurants/popular-american-chinese-restaurant-brand-opening-first-boston-area-location/,2026-05-13 11:41:56,newsbatch_12_output,2026-05-15
Costa Coffee (at Cineworld locations – up to 26 UK stores),Multiple Cineworld cinema locations across the UK (addresses not specified),Opening,Summer 2026 (first locations); most by end of 2026,first locations set to open this summer; most expected to welcome guests by end of 2026,"Costa Coffee plans to open at up to 26 Cineworld cinema locations across the UK as part of a new partnership to serve cinema-goers drinks, toasties, and sweet treats. The first locations are set to open this summer with most expected by end of 2026, featuring contemporary interior design and self-service order screens. Named Cineworld locations include sites in Ashton-under-Lyne, Edinburgh, Glasgow Silverburn, Birmingham Broad Street, and others across England, Scotland, and Wales.",https://www.heraldscotland.com/news/national/uk-today/26102925.major-coffee-shop-chain-open-26-new-stores-cineworld/,2026-05-13 11:37:12,newsbatch_12_output,2026-05-15
No qualifying business found,N/A,N/A,N/A,N/A,Article could not be fetched (403 error). Title concerns a Milan hotel tourist tax increase amid hospitality market expansion — no specific individual business opening or closure.,https://www.travelandtourworld.com/news/article/milan-introduces-new-5-star-hotel-tourist-tax-increase-amid-strong-hospitality-market-expansion/,2026-05-13 11:34:41,newsbatch_12_output,2026-05-15
Elk City Community Gym,"Inside Framing Our Community Incubator building, Elk City, ID (address not specified)",Opening,Not specified (open; grand opening referenced as past event),open,"A new community gym has opened inside the Framing Our Community Incubator building in Elk City, ID, on a mezzanine level, featuring donated exercise equipment including a unique horse-simulation machine. Every machine and accessory was donated by community members and set up by volunteers. The gym has already been used by a core group of residents through the winter.",https://www.idahocountyfreepress.com/news/elk-city-community-gym-is-open-locals-volunteer-to-improve-area/article_64b9593a-8562-4d81-928c-6900c24f4123.html,2026-05-13 11:00:00,newsbatch_12_output,2026-05-15
Finger Lickin Chicken & Fish,"Inside Lansing Shuffle, 325 Riverfront Drive, Lansing, MI (zip not specified)",Opening,"April 11, 2026",opened April 11,"Finger Lickin Chicken & Fish opened inside the Lansing Shuffle food hall and social club on April 11, offering burgers, barbecue, and fried fish and chicken. The eatery joins four other restaurants already operating inside the Lansing Shuffle.",https://www.aol.com/articles/meat-market-restaurant-opened-april-164404254.html,2026-05-13 10:50:18,newsbatch_12_output,2026-05-15
Gardner White,"8748 W. Saginaw Hwy., Delta Township, MI (zip not specified)",Opening,"April 10, 2026",opened April 10,"Gardner White, a Warren-based furniture and mattress retail chain, opened its first Lansing-area location on April 10 in a 100,000-square-foot former Art Van Furniture store off West Saginaw Highway. The store sells living room, bedroom, dining room, and office furniture, as well as mattresses, lighting, and rugs.",https://www.aol.com/articles/meat-market-restaurant-opened-april-164404254.html,2026-05-13 10:50:18,newsbatch_12_output,2026-05-15
Smokey Bones,"Lansing area, MI (address not specified)",Closing,April 2026,closed,"Smokey Bones closed its Lansing-area location in April 2026, which was the chain's last Michigan location, in the same week the company shuttered all of its remaining locations.",https://www.aol.com/articles/meat-market-restaurant-opened-april-164404254.html,2026-05-13 10:50:18,newsbatch_12_output,2026-05-15
MUSE Brasserie,"Former Côte Brasserie unit, Gloucester Quays, Gloucester, UK (address not specified)",Opening,"May 11, 2026",officially opened May 11 following a soft launch over the weekend,"MUSE Brasserie has officially opened at Gloucester Quays, following a soft launch over the preceding weekend, in the former Côte Brasserie unit which closed in February of the prior year. The restaurant offers a seasonal menu with exclusive Gloucester Quays specials, brunch, bottomless brunch, and Sunday roasts. MUSE also has locations in Cheltenham and Bristol.",https://www.punchline-gloucester.com/articles/aanews/gloucester-newest-restaurant-muse-gloucester-quays-is-open,2026-05-13 10:28:56,newsbatch_12_output,2026-05-15
Restaurant Chestnut,"Ballydehob, West Cork, Ireland (address not specified)",Closing,October 2026 (final dinner service through end of October),final dinner season; closing after this season,"Restaurant Chestnut in Ballydehob, West Cork announced this will be its final dinner season after over eight years, with dinner reservations open until the end of October. Chef Rob Krawczyk and Elaine Fleming opened the restaurant in March 2018 and earned a Michelin star within their first year, retaining it every year since. The couple stated their next chapter will remain rooted in West Cork.",https://www.corkbeo.ie/news/local-news/michelin-star-restaurant-close-after-33937143,2026-05-13 09:34:49,newsbatch_12_output,2026-05-15
No qualifying business found,N/A,N/A,N/A,N/A,Article is a market analysis of retailers pulling out of Moscow shopping mall expansion — no specific individual business opening or closure event in the U.S. or relevant retail market.,https://komersant.ua/en/riteylery-pochaly-masovo-vidmovliatysia-vid-vidkryttia-novykh-mahazyniv-u-tts-moskvy-iaki-prychyny/,2026-05-13 09:16:00,newsbatch_12_output,2026-05-15
Habit Burger & Grill (Lexington),"5304 Sunset Boulevard, Lexington (zip not specified)",Closing,Not specified,permanently closed,"Habit Burger & Grill at 5304 Sunset Boulevard in Lexington has permanently closed, notifying customers only through signage on the door reading ""This location is closed."" The location had been open since January 2024 in a building formerly home to Uno Pizzeria and Grill, which closed in April 2022. The location has been removed from the chain's website and marked as permanently closed on Facebook.",https://www.the-sun.com/money/16352784/five-guys-rival-burger-joint-closes-diner-overnight/,2026-05-13 09:10:49,newsbatch_12_output,2026-05-15
DTLR,"Annapolis Mall, Annapolis, MD (address not specified)",Opening,Not specified,debuted a new concept,"National shoe retailer DTLR debuted a new concept store at the Annapolis Mall, located by the food court. Article is largely behind a paywall with minimal detail available beyond the opening of a new concept.",https://www.baltimoresun.com/2026/05/13/dtlr-next-gen-annapolis-mall/,2026-05-13 09:01:54,newsbatch_12_output,2026-05-15
No qualifying business found,N/A,N/A,N/A,N/A,MSN page returned no article content. Title indicates Irish fashion retailer Born is closing after 16 years with the loss of over 100 jobs. No extractable details available.,https://www.msn.com/en-ie/news/other/irish-fashion-retailer-born-to-close-after-16-years-with-the-loss-of-over-100-jobs/ar-AA21wZZ3,2026-05-13 09:00:37,newsbatch_12_output,2026-05-15
OD Taco Co.,"Former Fenway Grill location, Main Street, North Myrtle Beach, SC (address not specified)",Opening,Not specified,opening in former Fenway Grill space on a temporary basis,"The OD Taco Co., a taco restaurant and beer garden, is opening in the former Fenway Grill space on Main Street in North Myrtle Beach on a temporary basis while the Worley family's larger Shag City USA development is built out. The restaurant will eventually move into a new second building estimated to be complete in 2027. The Worley family sees OD Taco Co. as a springboard into a new era of owner-operated family businesses.",https://www.myrtlebeachonline.com/news/local/article315717125.html,2026-05-13 09:00:00,newsbatch_12_output,2026-05-15
Ulta Beauty,Dubai Hills Mall,Opening,Not specified,coming to Dubai Hills Mall / coming soon,Ulta Beauty is coming to Dubai Hills Mall with boards stating “coming soon”. The store is expected to open towards the end of the year. This follows the brand’s first Middle East store at Mall of the Emirates in January.,https://whatson.ae/2026/05/an-ulta-beauty-store-is-coming-to-dubai-hills-mall-heres-what-we-know/,2026-05-13 08:42:49,newsbatch_13_output,2026-05-15
No qualifying business found,N/A,N/A,N/A,N/A,N/A,https://parameter.io/asian-gaming-market-expansion-accelerates-with-multi-billion-dollar-resort-developments/,2026-05-13 08:40:45,newsbatch_13_output,2026-05-15
Mikey’s Pizzeria,"2320 Bale St., McNeill Pointe shopping plaza, Raleigh",Opening,late June or early July,set to open some time in late June or early July,"Michael Longo of Vic’s Pizzeria is opening Mikey’s Pizzeria at 2320 Bale St. in the former Pizza & Pints space. The kid-friendly spot will feature arcades, a pizza station for kids, pizza by the slice and 18-inch pies.",https://www.aol.com/news/popular-raleigh-pizzeria-owner-opening-202843501.html,2026-05-13 08:19:09,newsbatch_13_output,2026-05-15
Restaurant Chestnut,"Ballydehob, west Cork",Closing,October 30th 2026,will close its doors for the final time / this one will be our last,"Restaurant Chestnut will close after nine dinner seasons on October 30, 2026. The Michelin-starred restaurant has been operating since March 2018. Owners plan to reveal next chapter plans in due course.",https://extra.ie/2026/05/13/lifestyle/michelin-star-cork-restaurant,2026-05-13 07:41:00,newsbatch_13_output,2026-05-15
No qualifying business found,N/A,N/A,N/A,N/A,N/A,https://www.griffindailynews.com/news/local-grocery-store-to-close-at-the-end-of-the-month-shop-owners-share-memories/article_49b62dc8-da2c-5164-a5df-18419647f80e.html,2026-05-13 06:30:10,newsbatch_13_output,2026-05-15
Gyutan Negishi (Gyutan Tororo Mugi Meshi Negishi),"Kobe Sannomiya Sanchika underground shopping arcade, Sannomiya, Kobe",Opening,mid-August 2026,to open in mid-August 2026,Gyutan Negishi will open its first Hyogo location in mid-August 2026 at Kobe Sannomiya Sanchika. This is the chain’s second Kansai store after LINKS UMEDA in Osaka. The beef tongue specialty restaurant will offer set meals with grated yam and barley rice.,https://kisspress.jp/en/articles/63157/,2026-05-13 04:59:00,newsbatch_13_output,2026-05-15
No qualifying business found,N/A,N/A,N/A,N/A,N/A,https://www.aol.com/news/jewelry-store-smash-grab-robbery-195731432.html,2026-05-13 04:56:25,newsbatch_13_output,2026-05-15
Tata’s Thai Kitchen,"Old Bank on Poulton Street, Kirkham (former Midland Bank / HSBC)",Opening,May 22,"planning to open on Friday, May 22",Tata’s Thai Kitchen is opening its first permanent site on May 22 at the Old Bank on Poulton Street in Kirkham. The restaurant serves 100% authentic Thai food and plans evening openings initially with future lunches.,https://www.lep.co.uk/news/popular-thai-restaurant-to-open-in-former-bank-8542392,2026-05-13 04:30:00,newsbatch_13_output,2026-05-15
No qualifying business found,N/A,N/A,N/A,N/A,N/A,https://www.aol.com/news/investigation-underway-fire-forced-castle-041900600.html,2026-05-13 04:19:00,newsbatch_13_output,2026-05-15
The Stand,"267 El Camino Real, Suite A, Encinitas",Opening,Not specified (later this year),planned to open,"The Stand is expanding to Encinitas at 267 El Camino Real, Suite A. The fourth San Diego County location will offer gourmet burgers, bowls, salads, shakes and a full service bar.",https://whatnow.com/san-diego/restaurants/the-stand-expanding-to-encinitas-with-new-restaurant/,2026-05-13 04:14:13,newsbatch_13_output,2026-05-15
Boots Opticians,"inside Morrisons supermarket on Blackhorse Street, Bolton",Opening,Not specified,opens new branch / is now welcoming customers,"Boots Opticians has opened a new branch inside Morrisons on Blackhorse Street in Bolton. Services include advanced OCT eye scans, private eye tests, contact lens fittings and frames.",https://www.theboltonnews.co.uk/news/26096828.boots-opticians-opens-new-branch-morrisons-bolton/,2026-05-13 04:00:00,newsbatch_13_output,2026-05-15
Flat Iron,"Grey Street, Newcastle",Opening,May 22,opening on May 22,Flat Iron is opening its Grey Street restaurant in Newcastle on May 22. The steak-specialising chain will celebrate with a 300 Wagyu steak giveaway on May 21.,https://www.hexham-courant.co.uk/news/26099367.highly-rated-london-restaurant-flat-iron-coming-newcastle/,2026-05-13 04:00:00,newsbatch_13_output,2026-05-15
No qualifying business found,N/A,N/A,N/A,N/A,N/A,https://www.msn.com/en-us/foodanddrink/foodnews/a-new-restaurant-opened-in-joco-serving-up-one-of-the-triangles-biggest-trends/ar-AA22ypf8,2026-05-13 03:57:29,newsbatch_13_output,2026-05-15
Laurel Supply,West Hollywood,Opening,last week,opened last week,"Laurel Supply opened last week in West Hollywood. The luxury grocer offers curated pantry items, prepared foods, smoothies ($14-$16) and a farmers market-like experience.",https://www.aol.com/articles/move-over-erewhon-bougie-grocery-232043113.html,2026-05-13 03:53:16,newsbatch_13_output,2026-05-15
United Market KC,"31st Street and Prospect Avenue, Kansas City",Opening,in eight days (from May 13),doors open in eight days,"United Market KC is opening at 31st Street and Prospect Avenue. The full-service grocery store features remodeled layout, new carts and fresh asphalt parking.",https://www.kctv5.com/2026/05/13/new-grocery-store-is-coming-31st-prospect-meet-man-who-says-this-time-will-be-different/,2026-05-13 03:40:00,newsbatch_13_output,2026-05-15
No qualifying business found,N/A,N/A,N/A,N/A,N/A,https://abcnews4.com/news/nation-world/two-people-shot-south-las-vegas-suspect-in-custody-lvmpd-metro-police-crime-investigation-silverado-ranch,2026-05-13 02:58:18,newsbatch_13_output,2026-05-15
No qualifying business found,N/A,N/A,N/A,N/A,N/A,https://www.msn.com/en-us/foodanddrink/foodnews/new-clothing-store-opening-in-east-wichita/vi-AA231ruw,2026-05-13 02:26:14,newsbatch_13_output,2026-05-15
No qualifying business found,N/A,N/A,N/A,N/A,N/A,https://kfdm.com/news/local/full-house-ahead-tribe-opening-temporary-casino-this-summer-resort-coming-next,2026-05-13 02:01:57,newsbatch_13_output,2026-05-15
Brick + Bramble,"Ironworks Plaza, 2323 Plum St., Suite 100, Edwardsville",Closing,May 24,last day will be May 24 / set to close this month,Brick + Bramble will close with its last day on May 24 after three years. The owners cited lease expiration. Gift cards will be redeemable at their Global Brew Tap House locations.,https://www.aol.com/news/madison-county-restaurant-owners-announce-200436780.html,2026-05-13 01:12:40,newsbatch_13_output,2026-05-15
Wendy’s,Address not specified,Closing,Not specified,quietly closes 200 U.S. locations,"Wendy’s has closed roughly 200 U.S. locations since September 2025. States with the most closures include Florida, Texas and Illinois. The chain continues operational improvements.",https://www.aol.com/articles/wendys-restaurant-chain-quietly-closes-032020212.html,2026-05-13 01:05:37,newsbatch_13_output,2026-05-15
No qualifying business found,N/A,N/A,N/A,N/A,Article could not be fetched (robots.txt disallowed). No content available for extraction.,https://www.msn.com/en-us/health/other/a-massive-luxury-gym-and-wellness-center-is-opening-in-loso/ar-AA2314l9,2026-05-13 01:02:04,newsbatch_14_output,2026-05-15
The Food Warehouse by Iceland (Bradford),"Enterprise 5 Retail Park, Bradford Road, Bradford, UK (full address not specified)",Opening,"May 19, 2026","opening on Tuesday, May 19","Iceland is opening its latest branch of The Food Warehouse at the Enterprise 5 Retail Park on Bradford Road in Bradford on Tuesday, May 19, with ambassador Josie Gibson cutting the ribbon and conducting a charity trolley dash benefiting food bank FoodCycle. The store launch is set to create 20 new jobs in the community. The first 150 customers in the queue will receive a share of £1,500 in vouchers.",https://www.thetelegraphandargus.co.uk/news/26099130.new-iceland-food-warehouse-opening-bradford-retail-park/,2026-05-13 00:00:00,newsbatch_14_output,2026-05-15
No qualifying business found,N/A,N/A,N/A,N/A,Article could not be fetched (403 Forbidden). No content available for extraction.,https://www.statecollege.com/articles/business/rally-house-acquires-downtown-state-college-penn-state-apparel-store/,2026-05-12 23:57:50,newsbatch_14_output,2026-05-15
No qualifying business found,N/A,N/A,N/A,N/A,Article could not be fetched (robots.txt disallowed). No content available for extraction.,http://www.msn.com/en-us/money/general/this-popular-furniture-retailer-is-opening-an-outlet-in-chandler/ar-AA1Ob3KJ,2026-05-12 23:52:32,newsbatch_14_output,2026-05-15
No qualifying business found,N/A,N/A,N/A,N/A,"Article could not be fetched (robots.txt disallowed). Article covers legislative/policy topic about canned cocktail sales in NC grocery stores, not a retail or restaurant opening or closure.",https://www.msn.com/en-us/foodanddrink/foodnews/could-nc-residents-soon-buy-canned-cocktails-at-the-grocery-store/ar-AA231R23,2026-05-12 23:46:43,newsbatch_14_output,2026-05-15
Raising Cane's (Evansville),"East Indiana Street, Evansville, IN (current Roppongi restaurant location; full address not specified)",Opening,Not specified,coming to Evansville (update expected in coming days),"Raising Cane's has been confirmed to move into a space just off the Lloyd Expressway on east Indiana Street in Evansville, currently occupied by Roppongi restaurant. No opening date has been announced; Raising Cane's said an update would be provided in the coming days. The future of the current Roppongi restaurant was not disclosed.",https://www.aol.com/news/raising-canes-plans-evansville-location-213952753.html,2026-05-14 23:09:28,newsbatch_14_output,2026-05-15
No qualifying business found,N/A,N/A,N/A,N/A,Article body returned only a newsletter sign-up/permission page with no article text. No content available for extraction.,https://www.westcoasttoday.co.uk/news/home-bargains-3m-investment-ahead-of-new-oban-store-opening,2026-05-14 21:10:12,newsbatch_14_output,2026-05-15
No qualifying business found,N/A,N/A,N/A,N/A,Article could not be fetched (403 Forbidden). No content available for extraction.,https://www.thestreet.com/restaurants/friendlys-ice-cream-dining-chain-survived-bankruptcy-over-750-closures,2026-05-14 21:04:26,newsbatch_14_output,2026-05-15
No qualifying business found,N/A,N/A,N/A,N/A,"Article covers Hersheypark's labor dispute and plans to open for the summer season on May 21, 2026. Hersheypark is an amusement park, not a qualifying retail or restaurant business per the extraction scope.",https://www.disneydining.com/hersheypark-issues-statement-on-union-negotiations-jc1/,2026-05-14 20:36:39,newsbatch_14_output,2026-05-15
The Morning Post (Lansing),"637 E. Michigan Ave., Lansing, MI",Opening,Summer 2026 (no exact date),coming soon (social media hints at sometime this summer),"The Morning Post, a spirited breakfast restaurant currently operating in East Lansing at Hannah Plaza, is expanding to a second location at 637 E. Michigan Ave. in Lansing, the former site of Bobcat Bonnie's and Clara's Station. No exact grand opening date has been announced, though social media buzz indicates sometime this summer.",https://witl.com/lansing-new-restaurants-morning-post-dnulffos/,2026-05-14 20:33:00,newsbatch_14_output,2026-05-15
D'Nulffos Seafood & Chophouse (Lansing),"637 E. Michigan Ave., Lansing, MI",Opening,Summer 2026 (no exact date),coming soon (social media hints at sometime this summer),"D'Nulffos Seafood & Chophouse, currently operating in East Lansing at Hannah Plaza, is expanding to a second location at 637 E. Michigan Ave. in Lansing, the former site of Bobcat Bonnie's and Clara's Station. No exact grand opening date has been announced, though social media buzz indicates sometime this summer.",https://witl.com/lansing-new-restaurants-morning-post-dnulffos/,2026-05-14 20:33:00,newsbatch_14_output,2026-05-15
Teriyaki Madness (Elko),"1657 Mountain City Highway, Suite 104, Elko, NV",Opening,"May 22, 2026","officially re-opening on Friday, May 22","Teriyaki Madness is officially reopening its Elko location at 1657 Mountain City Highway, Suite 104 on May 22, 2026 under new local ownership by franchisee Juanita Gaeta following extensive refurbishing and operational upgrades. Grand opening day kicks off at 10 a.m. on May 22 with $6 Chicken Teriyaki Bowls on Friday and Saturday, plus free Teriyaki Madness for a year for the first five customers. The reopening marks Gaeta's first location as a Teriyaki Madness franchisee.",https://www.restaurantnews.com/teriyaki-madness-elko-reopening-new-ownership-051426/,2026-05-14 20:20:06,newsbatch_14_output,2026-05-15
Constitution Bank (Bethalto branch),"705 Texas Blvd., Bethalto, IL",Opening,Fall 2026,expected to open this fall,"Constitution Bank has announced plans to open a branch at 705 Texas Boulevard in Bethalto, Illinois, expected to open this fall as the bank's 14th branch. The project involves transforming a largely vacant building into a refreshed multi-tenant space that will also retain longtime tenant El Mezcal Mexican Restaurant. Plans include a new roof, updated facade, and drive-up banking lanes.",https://www.thetelegraph.com/news/article/constitution-bank-open-branch-bethalto-22259015.php,2026-05-14 20:17:01,newsbatch_14_output,2026-05-15
No qualifying business found,N/A,N/A,N/A,N/A,Article body returned only unrelated promotional/editorial content (restaurant show preview). No qualifying business opening or closure details available.,https://www.nrn.com/top-500-restaurants/in-family-dining-success-means-closing-early,2026-05-14 20:06:44,newsbatch_14_output,2026-05-15
Splitsville Bowl (Toronto/Woodbine),"1122 Queen's Plate Dr., Toronto, ON, Canada",Opening,Early 2027,looking at an opening in early 2027,"Splitsville Bowl has announced it will open a new 21,000-square-foot location at 1122 Queen's Plate Dr. near the Great Canadian Casino Resort in Toronto's Woodbine neighbourhood, though no official date has been set and the brand is targeting early 2027. The venue will feature 17 bowling lanes (including four private VIP lanes), a state-of-the-art arcade, and a full-service bar and restaurant.",https://curiocity.com/splitsville-bowl-woodbine-toronto-opening-winter-2027/,2026-05-14 19:40:47,newsbatch_14_output,2026-05-15
Lost Continent (Islands of Adventure),"Islands of Adventure, Universal Orlando Resort, Orlando, FL",Closing,Closing in phases (Mythos in 2027; rest of land phased),"will permanently close to make way for a major ""new themed area""","Universal Orlando Resort has confirmed the permanent closure of the Lost Continent section at Islands of Adventure, which opened with the park in 1999, to make way for a major new themed area. The fan-favorite Mythos restaurant will also shut down in 2027 as part of the development, while the rest of the land will close in phases.",https://www.aol.com/articles/universal-orlando-permanently-closing-opening-145655789.html,2026-05-14 19:11:43,newsbatch_14_output,2026-05-15
Mythos (Islands of Adventure),"Islands of Adventure, Universal Orlando Resort, Orlando, FL",Closing,2027,will also close in 2027,"Mythos, a popular restaurant within the Lost Continent section of Islands of Adventure, will shut down in 2027 as part of Universal Orlando Resort's plan to permanently close the Lost Continent and develop a major new themed area. The closure is part of a broader redevelopment described by the resort as representing ""unprecedented momentum.""",https://www.aol.com/articles/universal-orlando-permanently-closing-opening-145655789.html,2026-05-14 19:11:43,newsbatch_14_output,2026-05-15
The Moppet Shoppe,"Shreveport, LA (full address not specified)",Closing,End of May 2026,closing at the end of May,"The Moppet Shoppe, a children's clothing store in Shreveport, is closing at the end of May 2026 after 50 years of operation. The store announced its closure on Facebook, offering a 40% off sale and remaining open regular hours through the end of May.",https://www.aol.com/news/moppet-shoppe-closing-50-years-152010329.html,2026-05-14 19:07:26,newsbatch_14_output,2026-05-15
"Gap (Lakeshore Avenue, Oakland)","Lakeshore Ave., Oakland, CA (full address not specified)",Closing,Summer 2026 (lease expiration),set to expire this summer,"The Gap is closing its storefront on Lakeshore Avenue in Oakland, the retailer's final location in the city, as company officials have confirmed they will not renew the lease, which is set to expire this summer. The Oakland location has been a fixture of the Lakeshore shopping district for more than 25 years. Employees will be offered the chance to relocate to other positions within the Bay Area.",https://www.aol.com/news/oaklands-only-gap-store-closing-125326928.html,2026-05-14 18:37:23,newsbatch_14_output,2026-05-15
No qualifying business found,N/A,N/A,N/A,N/A,Article could not be fetched (robots.txt disallowed). No content available for extraction.,https://www.msn.com/en-us/money/companies/list-of-stores-closing-in-may/ar-AA22e4GO,2026-05-14 18:37:09,newsbatch_14_output,2026-05-15
No qualifying business found,N/A,N/A,N/A,N/A,Article could not be fetched (robots.txt disallowed). No content available for extraction.,https://www.msn.com/en-us/foodanddrink/foodnews/trader-joe-s-opening-new-locations-in-12-states/ar-AA20BNax,2026-05-14 18:33:27,newsbatch_14_output,2026-05-15
No qualifying business found,N/A,N/A,N/A,N/A,Article could not be fetched (403 Forbidden). No content available for extraction.,https://www.bizjournals.com/cleveland/news/2026/05/14/barnes-noble-to-open-aurora-ohio-bookstore.html,2026-05-14 18:32:00,newsbatch_14_output,2026-05-15
Aritzia,"University Park Village, 1612 S. University Drive area, Fort Worth, TX (suite not specified)",Opening,March 2027 (estimated completion),expected to be completed by March 2027,"Aritzia, a women's clothing store, is planning a location at University Park Village estimated to cost around $5.7 million, moving into the space currently occupied by Pottery Barn, which is relocating to the Westbend Development in June. The store is expected to be completed by March 2027.",https://www.star-telegram.com/news/business/fort-worth/article315758163.html,2026-05-14 18:26:45,newsbatch_15_output,2026-05-15
Coach,"1612 S. University Drive (vacant suite), University Park Village, Fort Worth, TX (zip not specified)",Opening,October 2026 (estimated completion),expected to be completed by October 2026,"Coach, a purse brand, is planning a location at University Park Village in a vacant suite, estimated to cost $582,000 and be completed by October 2026.",https://www.star-telegram.com/news/business/fort-worth/article315758163.html,2026-05-14 18:26:45,newsbatch_15_output,2026-05-15
"Universal Orlando attraction (unnamed, ~27 years old)","Universal's Islands of Adventure, Universal Orlando Resort, FL (address not specified)",Closing,"May 16, 2026","officially cease operations May 16, 2026","Universal Orlando has confirmed a nearly three-decade-old attraction at Islands of Adventure will officially cease operations on May 16, 2026, with approximately 48 hours remaining for guests to experience it. The article does not name the specific attraction. What comes next is described as potentially completely changing this section of the park.",https://insidethemagic.net/2026/05/universal-orlando-permanently-closing-27-year-old-longstanding-attraction-only-48-hours-remain-sb1/,2026-05-14 18:23:15,newsbatch_15_output,2026-05-15
No qualifying business found,N/A,N/A,N/A,N/A,Article is about union negotiations and a potential summer strike at Hersheypark — no specific retail or restaurant opening or closure event.,https://insidethemagic.net/2026/05/hersheypark-speaks-out-on-union-negotiations-jc1mmb/,2026-05-14 18:17:35,newsbatch_15_output,2026-05-15
Let's Toast,"Uptown Plaza, Phoenix, AZ (address not specified)",Opening,"May 16, 2026","grand opening Saturday, May 16","Let's Toast, a Korean-American barbecue fusion sandwich shop, is opening its first brick-and-mortar location at Uptown Plaza in Phoenix with a grand opening on Saturday, May 16. All customers at the grand opening receive 50% off, and the shop will be open from 8 a.m. to 6 p.m. or until sold out. The menu features bulgogi cheesesteaks, signature milk bread sandwiches, and a new cinnamon butter toast dessert item.",https://www.azfamily.com/2026/05/14/popular-vendor-lets-toast-opening-first-brick-and-mortar-uptown-phoenix/?outputType=amp,2026-05-14 18:13:00,newsbatch_15_output,2026-05-15
Brothers Food Mart / Magnolia Express (LKM Convenience LLC),"Jefferson Parish, LA — multiple locations (addresses not specified)",Closing,Not specified,"filed for Chapter 11 bankruptcy January 14, 2026; restructuring","LKM Convenience LLC, a Metairie-based operator of convenience stores and gas stations under the Brothers Food Mart and Magnolia Express names, filed for Chapter 11 bankruptcy protection on January 14, 2026, partly due to lingering Hurricane Ida damage and legal disputes. The filing is a reorganization attempt, not necessarily a full shutdown, though the article notes the filing signals financial distress. The article notes this is the most locally significant retail story of early 2026 in Louisiana.",https://1079ishot.com/ixp/36/p/louisiana-store-closures-2026/,2026-05-14 17:41:09,newsbatch_15_output,2026-05-15
MINISO,"Former GAME unit, lower level, Merry Hill shopping centre, West Midlands, UK (address not specified)",Opening,Not specified,opening soon; official opening date not yet announced,"MINISO is set to open at Merry Hill shopping centre in the West Midlands, taking over the former GAME unit after the gaming retailer closed last month following the company entering administration. Branded hoarding has appeared outside the unit, and Merry Hill confirmed on TikTok that the store will stock collectibles, toys, beauty products, and snacks. Customers will be able to claim a free £25 goody bag when spending £5 or more during the launch period.",https://www.expressandstar.com/news/new-major-pop-culture-store-set-to-open-at-merry-hill-8545676,2026-05-14 17:39:00,newsbatch_15_output,2026-05-15
No qualifying business found,N/A,N/A,N/A,N/A,Article could not be fetched (429 error). Title indicates a Filipino cuisine restaurant is opening at an old Sarah's location on 29th Street in downtown Billings. No extractable details available.,https://billingsgazette.com/life-entertainment/local/food-drink/article_fcd6e73e-7dcb-49cc-ae0a-77644f6127ef.html,2026-05-14 17:25:00,newsbatch_15_output,2026-05-15
Pinner's Fine Shoes,Address not specified,Closing,Not specified,closing after 58 years,Article could not be fetched (redirect error). Title indicates Pinner's Fine Shoes is closing after 58 years. No further details available.,https://www.mainstreetdailynews.com/business/pinners-fine-shoes-to-close-after-58-years,2026-05-14 17:24:50,newsbatch_15_output,2026-05-15
No qualifying business found,N/A,N/A,N/A,N/A,Article is about a burglary at a Maidenhead town centre store — no opening or closure event.,https://www.maidenhead-advertiser.co.uk/gallery/business/706185/maidenhead-town-centre-store-owners-feel-violated-after-devastating-burglary.html,2026-05-14 17:17:00,newsbatch_15_output,2026-05-15
The Rose & Crown,"Ratley, near Banbury, Oxfordshire, UK (address not specified)",Opening,Not specified,"set to reopen; no opening date set yet, renovations underway","The Rose & Crown pub in Ratley, near Banbury, closed unexpectedly in December 2024 and is set to reopen under new owners Dee and Norm Knight-Barrett as a traditional British ""pie and pint"" pub. Refurbishments of the cellar and kitchen are required before reopening, and no opening date has been set. The Grade II listed building is believed to have operated as a pub for more than 250 years.",https://www.cotswoldjournal.co.uk/news/26105990.cotswolds-pub-reopen-fresh-vision-new-owners/,2026-05-14 17:00:00,newsbatch_15_output,2026-05-15
Bob's Discount Furniture,"2842 Chapel Hill Road, Douglasville, GA 30135",Opening,Not specified,opening timeline not announced,"Bob's Discount Furniture is planning a new 29,435-square-foot store at 2842 Chapel Hill Road in Douglasville, GA, in a space formerly occupied by Big Lots. No opening timeline has been announced; the company has no existing Georgia locations listed on its website, with the closest location in South Carolina.",https://whatnow.com/atlanta/retail/bobs-discount-furniture-planning-douglasville-location/,2026-05-14 16:59:38,newsbatch_15_output,2026-05-15
OsteoStrong (Tysons),"Vienna near Tysons Corner, VA (address not specified)",Opening,Not specified,expanding; new location open,"OsteoStrong has opened a new location in Vienna near Tysons Corner, Virginia, operated by entrepreneur Mahesh Raghavan, expanding the company's Northern Virginia footprint. The center offers osteogenic loading technology in approximately 10-minute weekly sessions as a non-invasive approach to skeletal health.",https://www.citybiz.co/article/846647/osteostrong-opens-new-tysons-location-as-demand-grows-for-preventive-bone-health-solutions/,2026-05-14 16:43:22,newsbatch_15_output,2026-05-15
"Wawa (Silverton, OH)","Montgomery Road, Silverton, OH (near Kenwood Shopping Center; full address not specified)",Opening,"May 14, 2026",grand opening Thursday morning,"Wawa marked the grand opening of its newest Ohio store — its 13th in the state — in Silverton on Thursday morning, with a choir, free T-shirts, and free hot coffee for the first 100 customers. The company announced plans to open more than 60 stores across Ohio over the next five to eight years.",https://www.wlwt.com/article/wawa-celebrates-opening-of-13th-location-in-ohio-see-where/71307537,2026-05-14 16:41:00,newsbatch_15_output,2026-05-15
"Buc-ee's – Goodyear, AZ","Goodyear, AZ (near Interstate 10 and Bullard Avenue; full address not specified)",Opening,"June 22, 2026",slated to open June 22,"Buc-ee's confirmed a grand opening date of June 22, 2026 for its first Arizona location in Goodyear, near Interstate 10 and Bullard Avenue. The travel center is expected to span roughly 74,000 square feet and include around 120 fueling stations.",https://www.aol.com/articles/buc-ees-opening-arizona-soon-230735745.html,2026-05-14 16:35:11,newsbatch_15_output,2026-05-15
"Buc-ee's – San Marcos, TX","San Marcos, TX (address not specified)",Opening,"July 27, 2026",confirmed opening July 27,"Buc-ee's confirmed a grand opening date of July 27, 2026 for a new location in San Marcos, TX, per media coordinator Crissy Gonzales.",https://www.aol.com/articles/buc-ees-opening-arizona-soon-230735745.html,2026-05-14 16:35:11,newsbatch_15_output,2026-05-15
"Buc-ee's – Benton, AR","Benton, AR (near Interstate 30 and Highway 299; full address not specified)",Opening,"August 17, 2026",confirmed opening August 17,"Buc-ee's confirmed a grand opening date of August 17, 2026 for its first Arkansas location in Benton, near Interstate 30 and Highway 299.",https://www.aol.com/articles/buc-ees-opening-arizona-soon-230735745.html,2026-05-14 16:35:11,newsbatch_15_output,2026-05-15
"Buc-ee's – Murfreesboro, TN","Murfreesboro, TN (address not specified)",Opening,"November 16, 2026 (projected)",projected to open November 16,"Buc-ee's projected opening date of November 16, 2026 for a new location in Murfreesboro, Tennessee, per media coordinator Crissy Gonzales.",https://www.aol.com/articles/buc-ees-opening-arizona-soon-230735745.html,2026-05-14 16:35:11,newsbatch_15_output,2026-05-15
Grocery Outlet (36 locations closed),Multiple locations (addresses not specified),Closing,Q1 2026,closed 36 underperforming stores,"Grocery Outlet closed 36 underperforming stores as part of a previously announced restructuring plan, reporting a Q1 net loss of $180.3 million largely due to restructuring charges and goodwill impairment. Despite the closures, Q1 sales were up 3.6% to $1.17 billion, attributed to new store openings. No specific locations or addresses were named in the article.",https://www.supermarketnews.com/finance/grocery-outlet-posts-q1-loss-as-restructuring-continues,2026-05-14 16:34:35,newsbatch_15_output,2026-05-15
The Goods Mart,"470 Kent Ave at South 11th Street, Williamsburg, NY (zip not specified)",Opening,"May 13, 2026 (grand opening May 16, 2026)","opened May 13; grand opening Saturday, May 16","The Goods Mart opened a new store at Williamsburg Wharf on May 13, 2026, with a grand opening celebration on Saturday, May 16 from 12 to 4 p.m. featuring snacks, beverages, and tattoo activities. The Williamsburg flagship carries approximately 400 products from 250 brands and will operate 7 a.m. to 8 p.m. Monday through Friday and 8 a.m. to 8 p.m. on weekends.",https://whatnow.com/new-york/retail/a-better-for-you-retail-chain-opens-new-store-in-williamsburg/,2026-05-14 16:11:21,newsbatch_15_output,2026-05-15
Babbi Babbi Korean Kitchen,"10799 Moss Park Rd, Suite 102, Orlando, FL (zip not specified)",Opening,Not specified,opening soon; opening date not yet announced,"Babbi Babbi Korean Kitchen has submitted plan review documents for a third location at 10799 Moss Park Rd, Suite 102 in Orlando, with an opening date not yet announced. The restaurant currently operates two locations and serves Korean dishes including Galbi, Gochujang Pork Belly, and Korean chicken wings.",https://whatnow.com/orlando/restaurants/babbi-babbi-korean-kitchen-plans-opening-of-third-location/,2026-05-14 16:10:43,newsbatch_15_output,2026-05-15
Senza Maeso,"Between San Marcos and Wimberley, Texas Hill Country (address not specified)",Closing,"May 31, 2026",closing May 31; will be shutting down permanently,"Senza Maeso, a tasting room and bar in the Texas Hill Country between San Marcos and Wimberley, announced it will permanently close on May 31, 2026, citing financial challenges. The owners announced the decision on social media, noting the business has been busier than ever but that the financial burden of building the concept was unsustainable. The concept was created by twin brothers Ryan and Jay Gitman.",https://whatnow.com/austin/restaurants/popular-bar-and-tasting-room-in-texas-hill-country-to-close-may-31/,2026-05-14 15:54:48,newsbatch_15_output,2026-05-15
Slapperz on Second,"209 S 2nd St, Flagler Beach, FL 32136",Opening,Not specified,opening; details largely under wraps,"Slapperz on Second is opening at 209 S Second St in Flagler Beach near Veterans Park, according to submitted plan review documents filed by Slapperz LLC. The restaurant's website is still under construction and details remain limited; the principal was not immediately available for comment.",https://whatnow.com/jacksonville/restaurants/slapperz-on-second-opening-in-flagler-beach/,2026-05-14 15:51:13,newsbatch_15_output,2026-05-15
"Buc-ee's – Goodyear, AZ (duplicate coverage)","Goodyear, AZ (near Interstate 10 and Bullard Avenue; full address not specified)",Opening,"June 22, 2026",slated to open on June 22,"Buc-ee's is set to open its first Arizona location in Goodyear near Interstate 10 and Bullard Avenue on June 22, 2026, spanning roughly 74,000 square feet with around 120 fueling stations. Arkansas is also getting its first Buc-ee's in Benton later this year.",https://www.aol.com/articles/popular-travel-stop-buc-ees-124500519.html,2026-05-14 15:39:47,newsbatch_15_output,2026-05-15
"Buc-ee's – Benton, AR (duplicate coverage)","Benton, AR (near Interstate 30 and Highway 299; full address not specified)",Opening,Early to mid-August 2026 (per local officials),grand opening early to mid-August,"Buc-ee's is opening its first Arkansas location in Benton near Interstate 30 and Highway 299, with local officials indicating a grand opening in early to mid-August.",https://www.aol.com/articles/popular-travel-stop-buc-ees-124500519.html,2026-05-14 15:39:47,newsbatch_15_output,2026-05-15
Lakeland Donuts,2810 S Florida Avenue,Opening,Not specified,looks to be opening,"Lakeland Donuts LLC submitted plan review documents for a new donut shop at 2810 S Florida Avenue. The location is on Florida Avenue South, just south of the Market at Southgate Shopping Center. Owner Sophal Cheng declined to comment at this time.",https://whatnow.com/tampa/restaurants/new-donut-shop-looks-to-be-opening-in-lakeland/,2026-05-14 15:29:11,newsbatch_16_output,2026-05-15
No qualifying business found,N/A,N/A,N/A,N/A,N/A,https://caledoncitizen.com/the-bottle-bay-to-celebrate-with-community-at-grand-re-opening/,2026-05-14 15:27:57,newsbatch_16_output,2026-05-15
No qualifying business found,N/A,N/A,N/A,N/A,N/A,https://www.grocerydive.com/news/grocery-outlet-earnings-first-quarter-fiscal-2026/820187/,2026-05-14 15:27:40,newsbatch_16_output,2026-05-15
No qualifying business found,N/A,N/A,N/A,N/A,N/A,https://42freeway.com/news/churchs-texas-chicken-camden-opening-date-set-popular-bone-in-chicken-chain-returns-to-philly-metro-area/,2026-05-14 15:07:58,newsbatch_16_output,2026-05-15
Buc-ee’s,"Goodyear, Arizona",Opening,June 2026,expected to open June 22,"Buc-ee’s will open its first Arizona store in Goodyear in June 2026. The store will measure 74,000 square feet near Interstate 10 and Bullard Avenue.",https://www.aol.com/articles/buc-ee-expanding-states-where-181208000.html,2026-05-14 15:05:44,newsbatch_16_output,2026-05-15
Buc-ee’s,"Huber Heights, Ohio",Opening,2026,expected to open 2026,"Buc-ee’s will open in Huber Heights, Ohio in 2026.",https://www.aol.com/articles/buc-ee-expanding-states-where-181208000.html,2026-05-14 15:05:44,newsbatch_16_output,2026-05-15
Buc-ee’s,"Benton, Arkansas",Opening,August 2026,expected to open August 2026,"Buc-ee’s will open in Benton, Arkansas in August 2026 near I-30 and State Highway 299.",https://www.aol.com/articles/buc-ee-expanding-states-where-181208000.html,2026-05-14 15:05:44,newsbatch_16_output,2026-05-15
Buc-ee’s,"Ruston, Louisiana",Opening,2027,expected to open 2027,"Buc-ee’s will open in Ruston, Louisiana in 2027.",https://www.aol.com/articles/buc-ee-expanding-states-where-181208000.html,2026-05-14 15:05:44,newsbatch_16_output,2026-05-15
Buc-ee’s,"Kansas City, Kansas",Opening,2027,expected to open 2027,"Buc-ee’s will open in Kansas City, Kansas in 2027.",https://www.aol.com/articles/buc-ee-expanding-states-where-181208000.html,2026-05-14 15:05:44,newsbatch_16_output,2026-05-15
Buc-ee’s,"Mebane, North Carolina",Opening,2027,expected to open 2027,"Buc-ee’s will open in Mebane, North Carolina in 2027.",https://www.aol.com/articles/buc-ee-expanding-states-where-181208000.html,2026-05-14 15:05:44,newsbatch_16_output,2026-05-15
Buc-ee’s,"Oak Creek, Wisconsin",Opening,2027,expected to open 2027,"Buc-ee’s will open in Oak Creek, Wisconsin in 2027.",https://www.aol.com/articles/buc-ee-expanding-states-where-181208000.html,2026-05-14 15:05:44,newsbatch_16_output,2026-05-15
No qualifying business found,N/A,N/A,N/A,N/A,N/A,https://www.timeout.com/usa/news/this-new-pool-club-in-vegas-feels-like-an-open-air-sports-bar-051426,2026-05-14 15:00:15,newsbatch_16_output,2026-05-15
Aldi,"Southbridge Marketplace, southeast corner of John Wayne Parkway and Maricopa-Casa Grande Highway, Maricopa",Opening,later this year,expected to open later this year,"Aldi is leading the grocery-anchored second phase of Southbridge Marketplace under construction. The phase is expected to open later this year. Other tenants include Panera Bread, European Wax Center, Club Pilates, Tropical Smoothie Cafe, She Nails and Einstein Bros Bagels.",https://uk.finance.yahoo.com/news/thompson-thrift-hosts-open-house-150000194.html,2026-05-14 15:00:00,newsbatch_16_output,2026-05-15
No qualifying business found,N/A,N/A,N/A,N/A,N/A,https://www.greenroofs.com/2026/05/14/citiesalive-new-york-city-conference-agenda-is-now-online-early-bird-registration-is-open/,2026-05-14 14:56:47,newsbatch_16_output,2026-05-15
Carleton Pharmacy Sav-Mor Drugs,"201 Medical Center Dr., Carleton",Closing,Not specified,Store closing,Carleton Pharmacy Sav-Mor Drugs announced it is closing with up to 70% off everything must go. The independent pharmacy has served the community since 1982. Prescription files will be sent to CVS in Flat Rock.,https://www.aol.com/articles/longtime-carleton-pharmacy-closing-whats-133358000.html,2026-05-14 14:48:56,newsbatch_16_output,2026-05-15
No qualifying business found,N/A,N/A,N/A,N/A,N/A,https://www.masslive.com/boston/2026/05/whole-foods-continues-smaller-format-trend-with-new-boston-location.html,2026-05-14 14:48:00,newsbatch_16_output,2026-05-15
No qualifying business found,N/A,N/A,N/A,N/A,N/A,https://www.bizjournals.com/sacramento/news/2026/05/14/5-things-sentivo-vineyards-crystal-basin-cellars.html,2026-05-14 14:30:00,newsbatch_16_output,2026-05-15
Poundland,"12-24 Eastwood Road, Rayleigh",Closing,May 21,closing on 21 May,Poundland Rayleigh on Eastwood Road will close on May 21 after the lease expires and new terms could not be secured. The store opened in November 2021 and is part of a national restructure.,https://www.echo-news.co.uk/news/26107643.poundland-rayleigh-eastwood-road-closing-date-announced/,2026-05-14 14:26:00,newsbatch_16_output,2026-05-15
Nordstrom Rack,"Westgate Village North, corner of Central Avenue and Secor Road, Toledo, Ohio",Opening,summer 2027,to open a new Nordstrom Rack in summer 2027,"Nordstrom Rack plans to open a 21,000-square-foot store in Toledo, Ohio at Westgate Village North in summer 2027. The location will offer convenient services including online order pickup and returns.",https://www.prnewswire.com/news-releases/nordstrom-rack-to-open-new-location-in-toledo-ohio-302770646.html,2026-05-14 14:00:00,newsbatch_16_output,2026-05-15
Superdrug,County Mall Crawley,Opening,Not specified,has opened a new store,"Superdrug has opened a brand-new 6,792 sq. ft store in County Mall Crawley, creating five new permanent roles. The store offers health and beauty products, toiletries, fragrances, a nail bar and Beauty Studio services.",https://www.sussexexpress.co.uk/business/superdrug-opens-brand-new-store-in-county-mall-crawley-8545229,2026-05-14 13:48:00,newsbatch_16_output,2026-05-15
Biggby Coffee,"Haworth Hotel, Hope College",Closing,Not specified,has closed,Biggby Coffee in the Haworth Hotel at Hope College has closed. Hope College will renovate the space to re-open later this summer as a new venue under the ‘We Proudly Serve Starbucks Program’.,https://www.hollandsentinel.com/story/business/2026/05/14/biggby-coffee-closes-in-haworth-hotel-new-coffee-shop-coming-soon/90034313007/,2026-05-14 13:48:00,newsbatch_16_output,2026-05-15
Dumpling Haus,"540 N. Midvale Boulevard, Hilldale",Closing,May 30,will close its doors at the end of the month / last day will be May 30,"Dumpling Haus at Hilldale will close on May 30 as owners Jenny and William retire. The restaurant, which opened in 2011, is known for dumplings, noodles and bao.",https://www.wmtv15news.com/2026/05/14/dumpling-haus-hilldale-announces-plan-close/,2026-05-14 13:44:00,newsbatch_16_output,2026-05-15
shoezone,"Unit 35 at The Bridges, Sunderland",Opening,May 16,"reopens its store on Saturday, May 16",shoezone is relocating and reopening at Unit 35 in The Bridges on May 16 with a bigger selection and new brands. The store previously was in High Street West.,https://www.sunderlandecho.com/business/relocated-shoe-shop-set-to-open-in-sunderland-with-bigger-selection-8544273,2026-05-14 13:31:00,newsbatch_16_output,2026-05-15
No qualifying business found,N/A,N/A,N/A,N/A,N/A,https://www.msn.com/en-us/money/companies/macy-s-permanently-closing-14-stores-despite-strong-holiday-sales/ar-AA22qYGO,2026-05-14 13:30:26,newsbatch_16_output,2026-05-15
Buc-ee’s,"Goodyear, Arizona",Opening,June 22,expected to open June 22,Buc-ee’s will open its first Arizona store in Goodyear on June 22. The travel center is near Interstate 10 and Bullard Avenue.,https://www.cheapism.com/bucees-expanding-to-six-states/,2026-05-14 13:10:00,newsbatch_16_output,2026-05-15
Buc-ee’s,"Benton, Arkansas",Opening,August,expected to open sometime around August,"Buc-ee’s will open in Benton, Arkansas around August near Interstate 30 and Highway 299.",https://www.cheapism.com/bucees-expanding-to-six-states/,2026-05-14 13:10:00,newsbatch_16_output,2026-05-15
No qualifying business found,N/A,N/A,N/A,N/A,N/A,https://www.msn.com/en-us/travel/tripideas/sonic-kapolei-to-open-this-weekend/ar-AA227xBI,2026-05-14 13:05:00,newsbatch_16_output,2026-05-15
The Great Greek Mediterranean Grill (Coral Springs),"2764 North University Drive, Coral Springs, FL (The Walk)",Opening,Early June 2026,plans to open in early June,"The Great Greek Mediterranean Grill is preparing to open a new fast-casual location at The Walk in Coral Springs at 2764 North University Drive, with an expected opening in early June 2026. The restaurant is currently hiring and training staff and is one of 100 franchise operations nationwide. Popular menu items include gyros, the Athenian burger, and feta fries.",https://coralspringstalk.com/the-great-greek-mediterranean-grill-prepares-to-open-at-the-walk-59580,2026-05-14 12:30:29,newsbatch_17_output,2026-05-15
No qualifying business found,N/A,N/A,N/A,N/A,Article could not be fetched (403 Forbidden). No content available for extraction.,https://www.postbulletin.com/business/hannys-to-close-st-croix-and-style-shops-in-downtown-rochester,2026-05-14 12:26:30,newsbatch_17_output,2026-05-15
No qualifying business found,N/A,N/A,N/A,N/A,Article could not be fetched (robots.txt disallowed). No content available for extraction.,https://www.msn.com/en-us/news/us/buc-ees-expansion-roundup-every-new-location-opening-in-2027/ar-AA22bBlX,2026-05-14 12:07:44,newsbatch_17_output,2026-05-15
No qualifying business found,N/A,N/A,N/A,N/A,"Article could not be fetched (429 Too Many Requests). Article covers an aquatics center, not a qualifying retail or restaurant business.",https://www.hidesertstar.com/news/aquatics-center-on-track-to-open-in-fall/article_50424c9c-1559-4bb2-8fd1-b5c2baa60387.html,2026-05-14 12:00:00,newsbatch_17_output,2026-05-15
No qualifying business found,N/A,N/A,N/A,N/A,Article covers JPMorgan's McDonald's price target cut and same-store sales analysis. No specific store opening or closure event is described.,https://www.aol.com/finance/jpmorgan-cuts-mcdonald-price-target-145728244.html,2026-05-14 11:48:17,newsbatch_17_output,2026-05-15
No qualifying business found,N/A,N/A,N/A,N/A,"Article returned no text content. Article appears to be a feature on the ongoing legacy of Metzler's Shoes in Nappanee, not a new opening or closure event.",https://wsbt.com/amazing-america/metzlers-shoes-store-shaped-identity-of-nappanee-for-generations-downtown-customers-work-family-reputation-carry-legacy-service-locals-history-impact-apple-festival-artists-shoe-alley-council-commission-nappanee-indiana,2026-05-14 10:59:46,newsbatch_17_output,2026-05-15
Buc-ee's (Arizona),Arizona (full address not specified),Opening,"June 22, 2026",grand opening scheduled for June 22,"Buc-ee's is expanding into six new states, with Arizona's first location scheduled to grand open on June 22, 2026. Arkansas's first location is also expected to open in August 2026. Arizona's store will mark Buc-ee's westernmost location.",https://www.aol.com/lifestyle/buc-ees-could-coming-very-182756140.html,2026-05-14 10:48:46,newsbatch_17_output,2026-05-15
Buc-ee's (Arkansas),Arkansas (full address not specified),Opening,August 2026,opening in August,"Buc-ee's is opening its first Arkansas location in August 2026, as part of an expansion into six new states. No specific address is provided.",https://www.aol.com/lifestyle/buc-ees-could-coming-very-182756140.html,2026-05-14 10:48:46,newsbatch_17_output,2026-05-15
Buc-ee's (Kansas),Kansas (full address not specified),Opening,2027,plans to add location in 2027,Buc-ee's plans to add its first Kansas location in 2027 as part of a broader six-state expansion. No specific address or date is provided beyond 2027.,https://www.aol.com/lifestyle/buc-ees-could-coming-very-182756140.html,2026-05-14 10:48:46,newsbatch_17_output,2026-05-15
Buc-ee's (Louisiana),Louisiana (full address not specified),Opening,2027,plans to add location in 2027,Buc-ee's plans to add its first Louisiana location in 2027 as part of a broader six-state expansion. No specific address or date is provided beyond 2027.,https://www.aol.com/lifestyle/buc-ees-could-coming-very-182756140.html,2026-05-14 10:48:46,newsbatch_17_output,2026-05-15
Buc-ee's (Wisconsin – Oak Creek),"Oak Creek, Milwaukee, WI (full address not specified)",Opening,2027,plans to add location in 2027,"Buc-ee's plans to add its first Wisconsin location in Oak Creek (Milwaukee area) in 2027, which will become its northernmost outpost. No specific address or date is provided beyond 2027.",https://www.aol.com/lifestyle/buc-ees-could-coming-very-182756140.html,2026-05-14 10:48:46,newsbatch_17_output,2026-05-15
Buc-ee's (North Carolina),North Carolina (full address not specified),Opening,2027,plans to add location in 2027,Buc-ee's plans to add its first North Carolina location in 2027 as part of a broader six-state expansion. No specific address or date is provided beyond 2027.,https://www.aol.com/lifestyle/buc-ees-could-coming-very-182756140.html,2026-05-14 10:48:46,newsbatch_17_output,2026-05-15
No qualifying business found,N/A,N/A,N/A,N/A,Article could not be fetched (robots.txt disallowed). No content available for extraction.,https://www.msn.com/en-us/money/companies/trader-joe-s-opening-30-new-locations-across-18-states-here-s-where/ar-AA1INAow,2026-05-14 10:23:57,newsbatch_17_output,2026-05-15
No qualifying business found,N/A,N/A,N/A,N/A,Article could not be fetched (403 Forbidden). No content available for extraction.,https://www.bizjournals.com/orlando/news/2026/05/14/orlando-disney-springs-closures-retail-changes.html,2026-05-14 10:00:00,newsbatch_17_output,2026-05-15
"Barnes & Noble (Aurora, OH)","7555 Market Place Drive, Aurora, OH (Marketplace at Four Corners)",Opening,"May 20, 2026",will open at 10 a.m. May 20,"Barnes & Noble will open a new 18,000-square-foot store at 7555 Market Place Drive in the Marketplace at Four Corners in Aurora, Ohio at 10 a.m. on May 20, 2026, in the former Party City space next to Old Navy. This will be the company's seventh store opening in Ohio since 2022 and second of 2026, following the Strongsville location that opened in January. Author Dan Chaon will cut the ribbon and sign copies of his horror novel at the grand opening.",https://www.beaconjournal.com/story/news/local/2026/05/14/barnes-noble-to-open-aurora-store-in-marketplace-at-four-corners/90058103007/,2026-05-14 09:51:00,newsbatch_17_output,2026-05-15
Krautheim & Swanson GemWorks,"4851 Harvey St., Norton Shores, MI",Closing,"May 16, 2026 (last day of regular business); retirement sale through June 13, 2026",closing (retirement sale events through June 13),"Krautheim & Swanson GemWorks, a jewelry store at 4851 Harvey St. in Norton Shores, Michigan, will close after its last day of regular business on May 16, 2026, with retirement sale events running over three weekends through June 13. Owners Karl Krautheim and Julie Swanson are retiring after approximately 18 years of operation, ending a 139-year, four-generation Krautheim family jeweler tradition founded in 1887. All inventory including jewelry, gemstones, display cases and tools will be available at the retirement sale.",https://www.aol.com/news/fourth-generation-west-michigan-jeweler-140851983.html,2026-05-14 09:48:35,newsbatch_17_output,2026-05-15
No qualifying business found,N/A,N/A,N/A,N/A,Article could not be fetched (403 Forbidden). No content available for extraction.,https://nbsla.ca/us-safeway-store-closures-2026/,2026-05-14 09:48:19,newsbatch_17_output,2026-05-15
"Five Guys (3393 Peachtree Rd NE, Atlanta)","3393 Peachtree Rd NE, Atlanta, GA",Closing,Not specified,recently closed its doors,"The Five Guys location at 3393 Peachtree Rd NE in Atlanta recently closed. According to the article, Five Guys has also closed 10 locations in California, Florida, Iowa, and Louisiana, though this Atlanta location is the only confirmed Georgia closure. Current Middle Georgia locations in Macon, McDonough, and Warner Robins are not reported as closing.",https://www.macon.com/news/local/article315738313.html,2026-05-14 09:30:00,newsbatch_17_output,2026-05-15
No qualifying business found,N/A,N/A,N/A,N/A,Article could not be fetched (robots.txt disallowed). No content available for extraction.,https://www.msn.com/en-us/money/companies/new-store-is-coming-to-crabtree-mall-in-raleigh-heres-what-we-know/ar-AA231LYj,2026-05-14 09:22:30,newsbatch_17_output,2026-05-15
O'Reilly Auto Parts (Branford),"850 West Main St., Branford, CT",Opening,Not specified (pending Planning and Zoning Commission approval),plans to open (pending town approvals),"O'Reilly Auto Parts has filed plans with Branford's Planning and Zoning Commission to demolish the vacant former Local Craft Kitchen building at 850 West Main St. and construct a 7,453-square-foot O'Reilly Auto Parts store with paved parking. The company is also planning a location in the Milford Plaza in Milford. No opening date has been set, as approvals are still pending.",https://www.nhregister.com/news/article/o-reillys-auto-parts-branford-ct-retail-22254689.php,2026-05-14 09:09:32,newsbatch_17_output,2026-05-15
Lidl (Tilbury),"St Chad's Road, Tilbury, Essex, UK (full address not specified)",Opening,Autumn 2026,planned launch this autumn,"Lidl is recruiting up to 40 roles at its new £10 million store off St Chad's Road in Tilbury, Essex, with a planned launch this autumn. The store is currently under construction and the recruitment deadline is set for May 20, 2026. Entry-level pay is offered at £13.45 per hour, rising with length of service.",https://www.echo-news.co.uk/news/26105528.lidl-tilbury-recruitment-drive-40-jobs-grabs/,2026-05-14 09:00:00,newsbatch_17_output,2026-05-15
No qualifying business found,N/A,N/A,N/A,N/A,Article could not be fetched (read timeout). No content available for extraction.,https://amp.myrtlebeachonline.com/living/food-drink/article315729029.html,2026-05-14 09:00:00,newsbatch_17_output,2026-05-15
No qualifying business found,N/A,N/A,N/A,N/A,Article could not be fetched (robots.txt disallowed). No content available for extraction.,https://www.msn.com/en-us/money/companies/houston-premium-outlets-adding-sephora-timberland-stores-this-month/ar-AA22gqux,2026-05-14 08:58:41,newsbatch_17_output,2026-05-15
No qualifying business found,N/A,N/A,N/A,N/A,Article could not be fetched (robots.txt disallowed). No content available for extraction.,https://www.msn.com/en-us/foodanddrink/foodnews/new-food-market-opens-staple-retailer-closing-ma-business-week/ar-AA22HGyt,2026-05-14 08:25:31,newsbatch_17_output,2026-05-15
"Aldi (Sandy Road, Llanelli)","Sandy Road, Llanelli, Wales, UK",Opening,Not specified (planning/consultation stage),planning a brand new store,"Aldi is planning a new £7 million store on Sandy Road in Llanelli on the site of the Pinopolis family entertainment centre, which Aldi describes as a ""renewal of its commitment"" to Llanelli. The proposal is currently at the public consultation stage. This would be the third Aldi to serve Llanelli, in addition to the existing Trostre store.",https://swanseabaynews.com/llanelli-aldi-to-build-7m-supermarket-on-site-of-pinopolis-the-entertainment-centre-that-only-opened-three-years-ago/,2026-05-14 08:25:11,newsbatch_17_output,2026-05-15
Pinopolis,"Sandy Road, Llanelli, Wales, UK",Closing,Not specified,"looking for a new home; Sandy Road site ""no longer economically or operationally viable""","Pinopolis, a family entertainment centre on Sandy Road in Llanelli that opened in April 2023 offering bowling, darts, soft play, and a diner, is vacating its site to make way for a proposed Aldi supermarket. The centre's owner David Edwards confirmed the site is ""no longer economically or operationally viable"" and that Pinopolis is looking for a new home. No specific closing date is given.",https://swanseabaynews.com/llanelli-aldi-to-build-7m-supermarket-on-site-of-pinopolis-the-entertainment-centre-that-only-opened-three-years-ago/,2026-05-14 08:25:11,newsbatch_17_output,2026-05-15
JCPenney (Seminole Towne Center),"Seminole Towne Center, Sanford, FL (address not specified)",Closing,"May 24, 2026",will close up shop for good on May 24,"JCPenney confirmed the closure of its Seminole Towne Center location in Sanford, Florida, with the final day of business on May 24, 2026. The 122,000-square-foot anchor store first opened in 1995 and is one of the last remaining stores in the mall, which was sold for $7 million in December and is undergoing a major transformation.",https://www.the-sun.com/money/16358566/shoppers-final-chance-jcpenney-store-closure/,2026-05-14 08:19:47,newsbatch_18_output,2026-05-15
Costa Coffee (Cineworld Basildon – Festival Leisure Park),"Festival Leisure Park, Basildon, Essex, UK (address not specified)",Opening,Summer 2026 (most by end of 2026),set to open this summer; most expected to be operating by the end of 2026,"Costa Coffee is opening an eleventh branch in the Basildon borough at the Cineworld cinema in Festival Leisure Park, as part of a wider 26-location UK partnership with Cineworld. Costa Coffee will replace Starbucks at these sites, and the first locations are set to open this summer with most expected by end of 2026.",https://www.echo-news.co.uk/news/26105334.costa-coffee-open-eleventh-basildon-branch-cineworld/,2026-05-14 08:10:00,newsbatch_18_output,2026-05-15
Costa Coffee (Cineworld Braintree Freeport),"Braintree Freeport, Braintree, Essex, UK (address not specified)",Opening,Summer 2026 (most by end of 2026),set to open this summer; most expected to be operating by the end of 2026,"Costa Coffee is also opening at Cineworld Braintree Freeport as part of the same 26-location UK partnership. Costa Coffee will replace Starbucks at these sites, and the first locations are set to open this summer with most expected by end of 2026.",https://www.echo-news.co.uk/news/26105334.costa-coffee-open-eleventh-basildon-branch-cineworld/,2026-05-14 08:10:00,newsbatch_18_output,2026-05-15
"Dutch Bros (Melrose Park, IL)","1931 N. Mannheim Road, Melrose Park, IL (zip not specified)",Opening,"May 14, 2026","opening Thursday, May 14","Dutch Bros is opening its Chicago suburbs debut cafe at 1931 N. Mannheim Road in Melrose Park on Thursday, May 14, operating 5 a.m.–10 p.m. Sunday through Thursday and 5 a.m.–11 p.m. Friday and Saturday. Customers will receive a free keychain with any drink purchase on opening day while supplies last.",https://www.aledotimesrecord.com/story/news/local/2026/05/14/dutch-bros-opening-in-melrose-park-chicagoland-upcoming-illinois-locations-2026/90064225007/,2026-05-14 08:06:00,newsbatch_18_output,2026-05-15
"Dutch Bros (Rockford, IL)","7103 E. State St., Rockford, IL (zip not specified)",Opening,Summer 2026,coming soon,"Dutch Bros announced plans to open a cafe in Rockford, IL, listed as ""coming soon"" to 7103 E. State St. on its website, with an expected summer 2026 opening.",https://www.aledotimesrecord.com/story/news/local/2026/05/14/dutch-bros-opening-in-melrose-park-chicagoland-upcoming-illinois-locations-2026/90064225007/,2026-05-14 08:06:00,newsbatch_18_output,2026-05-15
"Dutch Bros (New Lenox, IL)","550 W. Maple St., New Lenox, IL (zip not specified)",Opening,Summer 2026,slated to open this summer,"Dutch Bros announced plans to open a cafe in New Lenox, IL at 550 W. Maple St., slated for summer 2026, with job listings currently posted.",https://www.aledotimesrecord.com/story/news/local/2026/05/14/dutch-bros-opening-in-melrose-park-chicagoland-upcoming-illinois-locations-2026/90064225007/,2026-05-14 08:06:00,newsbatch_18_output,2026-05-15
"Dutch Bros (Buffalo Grove, IL)","80 McHenry Road, Buffalo Grove, IL (zip not specified)",Opening,Summer 2026,slated to open this summer,"Dutch Bros announced plans to open a cafe in Buffalo Grove, IL at 80 McHenry Road, slated for summer 2026, with job listings currently posted.",https://www.aledotimesrecord.com/story/news/local/2026/05/14/dutch-bros-opening-in-melrose-park-chicagoland-upcoming-illinois-locations-2026/90064225007/,2026-05-14 08:06:00,newsbatch_18_output,2026-05-15
"Dutch Bros (Oak Park, IL)","316 Madison St., Oak Park, IL (zip not specified)",Opening,Not specified,in the very early stages,"Dutch Bros is in the process of opening a location in Oak Park, IL at 316 Madison St., with village plans approved in October 2025; the chain confirmed it is still ""in the very early stages.""",https://www.aledotimesrecord.com/story/news/local/2026/05/14/dutch-bros-opening-in-melrose-park-chicagoland-upcoming-illinois-locations-2026/90064225007/,2026-05-14 08:06:00,newsbatch_18_output,2026-05-15
Habitat for Humanity ReStore (Cheboygan),"Cheboygan, MI (address not specified)",Closing,"May 30, 2026",will close May 30; no longer accepting donations,"The Habitat for Humanity ReStore in Cheboygan, MI will permanently close on May 30, 2026, and is no longer accepting donations. The store opened about 20 years ago under Northwest Michigan Habitat for Humanity and is closing due to inability to turn a profit amid rising competition, fluctuating seasonal demand, and high employee turnover.",https://www.aol.com/news/habitat-humanity-restore-locations-closing-080140222.html,2026-05-14 08:01:40,newsbatch_18_output,2026-05-15
Habitat for Humanity ReStore (Petoskey),"1840 M-119, Petoskey, MI (zip not specified)",Closing,"June 27, 2026",will close June 27; not accepting donations after May 30,"The Habitat for Humanity ReStore in Petoskey, MI at 1840 M-119 will permanently close on June 27, 2026, and will stop accepting donations after May 30. The store opened about 20 years ago and is closing due to the same financial pressures cited for the Cheboygan location.",https://www.aol.com/news/habitat-humanity-restore-locations-closing-080140222.html,2026-05-14 08:01:40,newsbatch_18_output,2026-05-15
Countryside Market (7th location),"Calloway and Brimhall roads, west Bakersfield, CA (address not specified)",Opening,Not specified,opening in former Rite Aid location,"Countryside Market is opening its seventh location in a former Rite Aid pharmacy at Calloway and Brimhall roads in west Bakersfield, which will be its largest store at 16,000 square feet and first in a non-new-construction building. The interior will include leasable space for third-party tenants alongside a fueling station, butcher shop, and delicatessen concept. The building's exterior will undergo a complete transformation.",https://www.kget.com/news/local-news/boutique-minded-countryside-to-open-7th-market-at-former-rite-aid-at-calloway-and-brimhall/amp/,2026-05-14 06:56:25,newsbatch_18_output,2026-05-15
H-E-B (North Texas),"North Texas, TX (address not specified)",Opening,Not specified,plans new $22.8M store,MSN page returned no article content. Title indicates H-E-B plans a new $22.8M store as part of its continued North Texas expansion. No further details available.,https://www.msn.com/en-us/news/us/h-e-b-plans-new-22-8m-store-on-its-continued-north-texas-takeover/ar-AA22PGF6,2026-05-14 06:27:38,newsbatch_18_output,2026-05-15
No qualifying business found,N/A,N/A,N/A,N/A,MSN page returned no article content. Title references Little Red Barn and Barn Door closing confusion — no extractable business opening or closure details available.,http://www.msn.com/en-us/news/us/little-red-barn-still-sizzling-amid-barn-door-closing-confusion/ar-AA232Fxd,2026-05-14 05:40:18,newsbatch_18_output,2026-05-15
"Grocery Outlet (North Beach, San Francisco)","North Beach, San Francisco, CA (address not specified)",Opening,Not specified,long-awaited opening date now known,MSN page returned no article content. Title indicates SF's long-awaited North Beach Grocery Outlet has a confirmed opening date. No further details available.,https://www.msn.com/en-us/money/other/we-finally-know-when-sf-s-long-awaited-north-beach-grocery-outlet-is-opening/ar-AA238YtT,2026-05-14 05:24:45,newsbatch_18_output,2026-05-15
Snappy Burger (North Las Vegas),"West Cheyenne Avenue and Allen Lane, North Las Vegas, NV 89032",Opening,Before summer 2026 (anticipated),anticipated to open before this summer,"Snappy Burger is planning to open a new location in North Las Vegas at West Cheyenne Avenue and Allen Lane, per a North Las Vegas Planning Commission Meeting agenda showing a submitted development plan for a fast-food restaurant with a drive-in theater. No opening date has been confirmed, but the new location is anticipated to open before summer 2026.",https://whatnow.com/las-vegas/restaurants/snappy-burger-to-open-another-location-in-the-valley/,2026-05-14 04:24:19,newsbatch_18_output,2026-05-15
"IKEA (Madison, WI)","Madison, WI (address not specified)",Opening,Not specified,set to open second Wisconsin store,Article page returned only a title line with no body content. Title indicates IKEA is set to open a second Wisconsin store in Madison. No further details available.,https://www.furninfo.com/furniture-industry-news/26005,2026-05-14 04:03:09,newsbatch_18_output,2026-05-15
No qualifying business found,N/A,N/A,N/A,N/A,MSN page returned no article content. Title indicates a confirmed opening date for the first Buc-ee's in an unnamed state. No extractable details available.,https://www.msn.com/en-us/travel/news/opening-date-confirmed-for-first-buc-ee-s-location-in-the-state/ar-AA237JII,2026-05-14 04:01:17,newsbatch_18_output,2026-05-15
Climb Nittany,"328 Discovery Drive, Boalsburg, PA (zip not specified)",Closing,"May 31, 2026",closing May 31,Article could not be fetched (403 error). Title indicates Climb Nittany is closing May 31 amid rising occupancy costs. This is duplicate coverage of Article 121 from a prior batch.,https://www.statecollege.com/centre-county-gazette/climb-nittany-to-close-may-31-amid-rising-occupancy-costs/,2026-05-14 04:00:00,newsbatch_18_output,2026-05-15
No qualifying business found,N/A,N/A,N/A,N/A,Article is about LinkedIn employee layoffs — no retail or restaurant opening or closure event.,https://www.news9live.com/technology/tech-news/linkedin-job-cuts-daniel-shapero-ceo-microsoft-global-layoffs-2026-2971132/amp,2026-05-14 03:58:25,newsbatch_18_output,2026-05-15
No qualifying business found,N/A,N/A,N/A,N/A,MSN page returned no article content. Title indicates a national discount grocer's new Bradenton store is celebrating its opening. No extractable details available.,https://www.msn.com/en-us/money/other/national-discount-grocer-s-new-bradenton-store-celebrates-opening/ar-AA21zuAb,2026-05-14 03:43:53,newsbatch_18_output,2026-05-15
Hot Bread Kitchen,"Damodar Arts Village, Pacific Harbour, Fiji (address not specified)",Opening,Not specified,opened first 24-hour branch,"Hot Bread Kitchen Fiji opened its first 24-hour branch at Damodar Arts Village in Pacific Harbour, employing 18 staff members who previously worked at branches in Navua, Lami, and RB Harbour Point. The opening provides employment opportunities for residents in the Pacific Harbour and Serua areas.",https://www.fijivillage.com/business/hot-bread-kitchen-opens-24-hour-branch-in-pacific-harbour-8af1b9/,2026-05-14 03:31:42,newsbatch_18_output,2026-05-15
No qualifying business found,N/A,N/A,N/A,N/A,Article is about Trump-Xi diplomatic talks in Beijing — no retail or restaurant opening or closure event.,https://m.economictimes.com/news/international/world-news/xi-meets-trump-in-beijing-as-leaders-open-high-stakes-talks-amid-trade-iran-tensions/amp_articleshow/131080441.cms,2026-05-14 02:14:00,newsbatch_18_output,2026-05-15
Mendocino Farms (Phoenix – Arcadia),"Near 44th Street and Indian School Road, Phoenix, AZ (exact address not yet announced)",Opening,Summer 2026,set to open this summer; exact address or opening date not yet announced,"Mendocino Farms is preparing to open a third Valley location near 44th Street and Indian School Road in Phoenix's Arcadia neighborhood this summer, with no exact address or date announced. The California-based fast-casual chain first entered Arizona with a Scottsdale location and is also opening a second Scottsdale location on June 2.",https://whatnow.com/phoenix/restaurants/mendocino-farms-to-open-first-phoenix-location-this-summer/,2026-05-14 01:23:39,newsbatch_18_output,2026-05-15
Mendocino Farms (Scottsdale Promenade),"16203 N. Scottsdale Rd., Ste 100, Scottsdale, AZ (zip not specified)",Opening,"June 2, 2026",set to open June 2,"Mendocino Farms is opening its second Scottsdale location at Scottsdale Promenade, 16203 N. Scottsdale Rd., Ste 100, on June 2, 2026. This is part of the brand's continued expansion in the Phoenix metro area.",https://whatnow.com/phoenix/restaurants/mendocino-farms-to-open-first-phoenix-location-this-summer/,2026-05-14 01:23:39,newsbatch_18_output,2026-05-15
Drake's Place,"324 West Southern Avenue, South Williamsport, PA (zip not specified)",Opening,"May 20, 2026",grand opening set for May 20,"Drake's Place is opening at 324 West Southern Avenue in South Williamsport, in the former South Side Restaurant, Pizzeria, and Tavern space, with a grand opening on May 20. Starting hours will be Wednesday through Sunday, 6 a.m. to 3 p.m., with plans to expand to seven days a week and eventually add a full coffee bar and broader menu.",https://www.northcentralpa.com/business/drakes-place-opening-soon-in-south-williamsport/article_fcc42449-5171-4f55-b510-b1de9812638d.html,2026-05-14 01:00:00,newsbatch_18_output,2026-05-15
"Whole Foods (smaller format, South Street)","South Street, Philadelphia, PA (address not specified)",Opening,Not specified,set to open,MSN page returned no article content. Title indicates a smaller-format Whole Foods is set to open on South Street. No further details available.,https://www.msn.com/en-us/money/companies/a-smaller-format-whole-foods-is-set-to-open-on-south-street/ar-AA237oWC,2026-05-14 00:40:00,newsbatch_18_output,2026-05-15
Chuze Fitness (Escondido North County Mall),"230 E Via Rancho Parkway, Escondido, CA (zip not specified)",Opening,2026 (no exact date announced),coming in 2026,"Chuze Fitness has submitted documents to the San Diego Department of Environmental Health and Quality to open in the former 24 Hour Fitness space at Escondido North County Mall at 230 E Via Rancho Parkway. No exact opening date has been announced; the company's website lists the location as ""Coming in 2026.""",https://whatnow.com/san-diego/retail/chuze-fitness-working-on-two-san-diego-locations/,2026-05-14 00:24:33,newsbatch_18_output,2026-05-15
Chuze Fitness (Mira Mesa),"8985 Mira Mesa Boulevard, Mira Mesa, CA (zip not specified)",Opening,Not specified,opening in former Rite Aid at Mesa Shopping Center,"Chuze Fitness is opening a location in Mira Mesa at 8985 Mira Mesa Boulevard, replacing a Rite Aid at the Mesa Shopping Center. No opening date has been announced.",https://whatnow.com/san-diego/retail/chuze-fitness-working-on-two-san-diego-locations/,2026-05-14 00:24:33,newsbatch_18_output,2026-05-15
Joann,Address not specified,Closing,end of May,will close by the end of May,Every Joann store will close by the end of May. Customers can get deals during the closing sales.,https://www.msn.com/en-us/money/companies/every-joann-store-will-close-by-the-end-of-may-here-s-what-deals-you-can-get/ar-AA1FmgOg,2026-05-14 00:18:53,newsbatch_19_output,2026-05-15
Kroger,Houston area,Closing,Not specified,is closing two stores,Kroger is closing two stores in the Houston area.,https://www.msn.com/en-us/money/general/kroger-is-closing-two-stores-in-the-houston-area-here-s-where/ar-AA1W9cgQ?apiversion=v2&domshim=1&noservercache=1&noservertelemetry=1&batchservertelemetry=1&renderwebcomponents=1&wcseo=1&bundles=feat-es2020-c,2026-05-13 23:31:58,newsbatch_19_output,2026-05-15
Steeze Burger,"12141 Darnestown Road, Shops at Potomac Valley, Gaithersburg",Opening,May 24,"set to open its first brick-and-mortar location on Sunday, May 24","Steeze Burger will open its first brick-and-mortar location on May 24 at the Shops at Potomac Valley. The menu includes single, double, and triple burgers, chili cheese dogs, grilled cheese, fries and Mountain Dew flavors. It will initially operate Wednesday through Sunday.",https://mocoshow.com/2026/05/13/washington-posts-best-burger-in-dmv-sets-opening-date-for-first-brick-and-mortar-location/,2026-05-13 22:43:13,newsbatch_19_output,2026-05-15
Gap,"3277 Lakeshore Drive, Oakland",Closing,this summer,will close sometime this summer,Gap will close its last Oakland store at 3277 Lakeshore Drive this summer after the lease expires. The closure leaves Oakland without a Gap store. Employees will have opportunities to relocate to other Bay Area stores.,https://nypost.com/2026/05/13/business/last-oakland-gap-store-closing-later-this-summer/,2026-05-13 22:17:00,newsbatch_19_output,2026-05-15
No qualifying business found,N/A,N/A,N/A,N/A,N/A,https://www.eyeonannapolis.net/2026/05/world-market-to-open-new-annapolis-store-at-annapolis-plaza/,2026-05-13 22:01:26,newsbatch_19_output,2026-05-15
IKEA Plan and Order Point,"1100 Boulevard Maloney Ouest, Gatineau",Opening,Not specified,has opened a new plan and order location,IKEA has opened a new plan and order point store at 1100 Boulevard Maloney Ouest in Gatineau. The service-based space helps customers plan complex purchases for delivery or pickup. It is IKEA’s 13th location in Quebec.,https://www.connectcre.ca/stories/ikea-launches-new-plan-and-order-point-store-in-gatineau/,2026-05-13 22:00:59,newsbatch_19_output,2026-05-15
Lamme's Candies,Address not specified,Closing,Not specified,closes all retail locations,Lamme's Candies closes all retail locations after operating 141 years.,https://www.msn.com/en-us/money/companies/lammes-candies-closes-all-retail-locations-after-operating-141-years/ar-AA21X0lM,2026-05-13 21:51:51,newsbatch_19_output,2026-05-15
Toad Style,Brooklyn,Closing,immediate,"forced to close / closure was immediate, indefinite, and without notice","Toad Style is being forced to close immediately due to a legal crisis with the building. The vegan restaurant, open since 2015, cited a lawsuit claiming improper use of the space approved only for a printing store. A GoFundMe was launched for staff severance and closing costs.",https://vegnews.com/why-toad-style-is-being-forced-to-close,2026-05-13 21:45:00,newsbatch_19_output,2026-05-15
Saks Fifth Avenue (men’s store),Greenwich,Closing,"May 16, 2026","will close effective May 16, 2026","Saks Fifth Avenue’s standalone men’s store in Greenwich will close effective May 16, 2026. The company is consolidating three Greenwich stores into one main location.",https://greenwichfreepress.com/news/business/saks-fifth-avenue-to-consolidate-three-stores-in-downtown-greenwich-to-one-247833/,2026-05-13 21:31:11,newsbatch_19_output,2026-05-15
Saks women’s shoes,Greenwich,Closing,June,will relocate in June,Saks women’s shoes will relocate into the main Saks Fifth Avenue Greenwich store in June as part of consolidation.,https://greenwichfreepress.com/news/business/saks-fifth-avenue-to-consolidate-three-stores-in-downtown-greenwich-to-one-247833/,2026-05-13 21:31:11,newsbatch_19_output,2026-05-15
Relentless Iron,"751 S. West End Blvd., Richland Plaza, Richland Township",Opening,June 13,grand reopening at 2 p.m. June 13,Relentless Iron will hold a grand reopening on June 13 at 751 S. West End Blvd. in the former Bon-Ton space. The fitness facility offers one-on-one and group training and open gym access.,https://www.wfmz.com/features/eat-sip-shop/family-run-business-to-hold-grand-reopening-at-former-bon-ton-location/article_f117135f-ae13-4053-b7e9-8104f740a22c.html,2026-05-13 21:23:00,newsbatch_19_output,2026-05-15
Buckle,"Verrado Marketplace, Buckeye",Opening,May 13,opening date is set for May 13,Buckle is opening at Verrado Marketplace on May 13.,https://www.abc15.com/entertainment/events/tenant-opening-dates-at-verrado-marketplace-in-buckeye-announced,2026-05-13 21:20:00,newsbatch_19_output,2026-05-15
ULTA Beauty,"Verrado Marketplace, Buckeye",Opening,May 15,opening date is set for May 15,ULTA Beauty is opening at Verrado Marketplace on May 15.,https://www.abc15.com/entertainment/events/tenant-opening-dates-at-verrado-marketplace-in-buckeye-announced,2026-05-13 21:20:00,newsbatch_19_output,2026-05-15
Target,"Verrado Marketplace, Buckeye",Opening,May 17,opening date is set for May 17,"Target is opening a 148,000 square foot store at Verrado Marketplace on May 17 with over 140 employees.",https://www.abc15.com/entertainment/events/tenant-opening-dates-at-verrado-marketplace-in-buckeye-announced,2026-05-13 21:20:00,newsbatch_19_output,2026-05-15
Bath and Body Works,"Verrado Marketplace, Buckeye",Opening,May 17,opening date is set for May 17,Bath and Body Works is opening at Verrado Marketplace on May 17.,https://www.abc15.com/entertainment/events/tenant-opening-dates-at-verrado-marketplace-in-buckeye-announced,2026-05-13 21:20:00,newsbatch_19_output,2026-05-15
Famous Footwear,"Verrado Marketplace, Buckeye",Opening,May 20,opening date is set for May 20,Famous Footwear is opening at Verrado Marketplace on May 20.,https://www.abc15.com/entertainment/events/tenant-opening-dates-at-verrado-marketplace-in-buckeye-announced,2026-05-13 21:20:00,newsbatch_19_output,2026-05-15
Marshalls,"Verrado Marketplace, Buckeye",Opening,May 21,opening date is set for May 21,Marshalls is opening at Verrado Marketplace on May 21.,https://www.abc15.com/entertainment/events/tenant-opening-dates-at-verrado-marketplace-in-buckeye-announced,2026-05-13 21:20:00,newsbatch_19_output,2026-05-15
HomeGoods,"Verrado Marketplace, Buckeye",Opening,May 21,opening date is set for May 21,HomeGoods is opening at Verrado Marketplace on May 21.,https://www.abc15.com/entertainment/events/tenant-opening-dates-at-verrado-marketplace-in-buckeye-announced,2026-05-13 21:20:00,newsbatch_19_output,2026-05-15
Ross Dress for Less,"Verrado Marketplace, Buckeye",Opening,mid-July,opening date is slated for mid-July,Ross Dress for Less is opening at Verrado Marketplace in mid-July.,https://www.abc15.com/entertainment/events/tenant-opening-dates-at-verrado-marketplace-in-buckeye-announced,2026-05-13 21:20:00,newsbatch_19_output,2026-05-15
Call Your Mother,"5074 E. Hampden Ave., Happy Canyon Shopping Center",Opening,Not specified,will open a new location,"Call Your Mother will open a new location at 5074 E. Hampden Ave. in the former Starbucks space. The 1,500-square-foot “Jew-ish” deli is the chain’s third local spot in the works.",https://www.denverpost.com/2026/05/13/call-your-mother-south-denver-hampden-happy-canyon/,2026-05-13 21:00:46,newsbatch_19_output,2026-05-15
Crunch Fitness Harker Heights,321 Morgan Street,Opening,May 20,plans to open May 20 at 7 a.m.,"Crunch Fitness Harker Heights will open on May 20 at 7 a.m. The 40,000 square foot facility offers group fitness classes, HydroMassage, tanning and red-light therapy.",https://kdhnews.com/news/local/heights-crunch-fitness-releases-official-opening-date-and-events/article_e7e58652-6009-46d5-8f8d-2cdf665830d8.html,2026-05-13 20:43:00,newsbatch_19_output,2026-05-15
No qualifying business found,N/A,N/A,N/A,N/A,N/A,https://www.msn.com/en-us/money/companies/major-steakhouse-chain-faces-threat-amid-closure-as-bankruptcy-looms/ar-AA218j19?gemSnapshotKey=GMCEA5E6F3-snapshot-3&apiversion=v2&domshim=1&noservercache=1&noservertelemetry=1&batchservertelemetry=1&renderwebcomponents=1&wcseo=1,2026-05-13 20:25:07,newsbatch_19_output,2026-05-15
No qualifying business found,N/A,N/A,N/A,N/A,N/A,https://www.msn.com/en-us/news/us/crux-climbing-center-opens-new-south-austin-location/ar-AA22swQB?apiversion=v2&domshim=1&noservercache=1&noservertelemetry=1&batchservertelemetry=1&renderwebcomponents=1&wcseo=1,2026-05-13 20:23:01,newsbatch_19_output,2026-05-15
Sundae Kind of Love,"928 S. Park Street, Suite N, Carrollton, GA 30117",Opening,June 6,"grand opening celebration will take place Saturday, June 6","Sundae Kind of Love will open its first brick-and-mortar romance bookstore at 928 S. Park Street, Suite N with a grand opening on June 6. The event features author Alexandra Vasti, flash tattoos and giveaways.",https://thecitymenus.com/2026/05/13/sundae-kind-of-love-opening-soon-in-carrollton/,2026-05-13 20:11:23,newsbatch_19_output,2026-05-15
Publix,"Northchase Center, 16642 State Road 64 E, Bradenton",Opening,June 11,scheduled to open on June 11,"A new 55,701 square foot Publix is scheduled to open in Bradenton on June 11 at Northchase Center. The store features wider aisles, self-checkout, expanded deli and a pharmacy with liquor store next door.",https://www.palmbeachdailynews.com/story/grocery/stores/2026/05/13/publix-bradenton-florida-opening-date/90057520007/,2026-05-13 20:03:00,newsbatch_19_output,2026-05-15
Dave’s Hot Chicken,"9257 N Loop 1604 W, Helotes",Opening,"Not specified (completion November 5, 2026)",set to continue its Texas expansion,"Dave’s Hot Chicken is expanding to Helotes at 9257 N Loop 1604 W. Renovation work begins July 27, 2026 with completion anticipated November 5, 2026.",https://whatnow.com/san-antonio/restaurants/daves-hot-chicken-expanding-to-helotes-with-new-northwest-san-antonio-location/,2026-05-13 20:00:41,newsbatch_19_output,2026-05-15
Jack Sutton Fine Jewelry (Canal Place),"Canal Place, New Orleans",Closing,Not specified,is closing its store,Jack Sutton Fine Jewelry is closing its Canal Place store in New Orleans after 40 years. The independent jeweler will continue operating its Royal Street and Aspen locations. A going-out-of-business sale is underway.,https://nationaljeweler.com/articles/14965-new-orleans-jeweler-closing-canal-place-store,2026-05-13 20:00:16,newsbatch_19_output,2026-05-15
Gap,"Lakeshore Avenue, Oakland",Closing,this summer,will shut down this summer,Gap will close its last East Bay store on Lakeshore Avenue in Oakland this summer when the lease expires. Employees are offered transfers to nearby locations.,https://abc7news.com/post/san-francisco-based-gap-close-last-oakland-store-summer-employees-offered-jobs-nearby-locations/19094888/,2026-05-13 19:57:43,newsbatch_19_output,2026-05-15
Rivers Casino Portsmouth Hotel,Address not specified,Opening,Not specified,plans to open,Article could not be fetched. No content available for extraction.,https://www.casino.org/news/rivers-casino-portsmouths-65-million-hotel-plans-open/,2026-05-11 18:37:26,newsbatch_1_output,2026-05-15
No qualifying business found,N/A,N/A,N/A,N/A,Article could not be fetched (robots.txt disallowed). No content available for extraction.,https://www.msn.com/en-us/money/companies/struggling-movie-theater-chain-files-chapter-11-may-close/ar-AA1X9hqQ,2026-05-11 13:06:18,newsbatch_1_output,2026-05-15
Residence Inn by Marriott Riverwalk,"San Antonio, TX",Opening,Summer 2026,highly anticipated Summer 2026 Grand Opening,"Article could not be fetched (403 Forbidden). Title indicates a Residence Inn by Marriott Riverwalk in San Antonio is preparing for a Summer 2026 grand opening, having appointed a General Manager and Director of Sales. Title-only extraction.",https://www.travelandtourworld.com/news/article/san-antonios-latest-luxury-destination-residence-inn-by-marriott-riverwalk-appoints-corina-lathan-as-general-manager-and-marcia-caballero-as-director-of-sales-ahead-of-its-highly-anticipated/,2026-05-12 18:00:37,newsbatch_1_output,2026-05-15
Raising Cane's,"Jonesboro, AR",Opening,Not specified,Grand Opening,Article could not be fetched (401 Unauthorized). Title indicates Raising Cane's celebrated a grand opening of a new Jonesboro restaurant. Title-only extraction.,https://jonesbororightnow.com/news/268862-raising-canes-celebrates-grand-opening-of-jonesboro-resturaunt/,2026-05-12 17:25:42,newsbatch_1_output,2026-05-15
No qualifying business found,N/A,N/A,N/A,N/A,Article could not be fetched (403 Forbidden). No content available for extraction.,https://www.mlive.com/business/2026/05/southern-convenience-store-chain-files-for-bankruptcy-future-of-20-locations-unclear.html,2026-05-12 16:26:00,newsbatch_1_output,2026-05-15
No qualifying business found,N/A,N/A,N/A,N/A,Article could not be fetched (robots.txt disallowed). No content available for extraction.,https://www.msn.com/en-us/money/companies/eagles-investments-group-c-store-chain-files-for-chapter-11-bankruptcy/ar-AA22QPo4,2026-05-12 13:28:03,newsbatch_1_output,2026-05-15
No qualifying business found,N/A,N/A,N/A,N/A,Article could not be fetched (robots.txt disallowed). No content available for extraction.,https://www.msn.com/en-us/foodanddrink/foodnews/colorado-born-green-chili-restaurant-opening-new-location/ar-AA21yB7O,2026-05-12 13:18:06,newsbatch_1_output,2026-05-15
Ladies-Only Gym at Harrow Leisure Centre,"Harrow Leisure Centre, Harrow (borough), UK",Opening,Not specified,now open,"A newly expanded ladies-only gym at Harrow Leisure Centre is now open following a £1.4 million investment. The gym has been expanded by 50 percent, featuring an extended free weights and resistance zone, new equipment, and a larger stretch and recovery zone. The improvements are part of a wider investment after Everyone Active secured a new 10-year contract with the council.",https://uk.news.yahoo.com/ladies-only-gym-harrow-leisure-110000682.html,2026-05-12 11:00:00,newsbatch_1_output,2026-05-15
No qualifying business found,N/A,N/A,N/A,N/A,Article could not be fetched (403 Forbidden). No content available for extraction.,https://www.pennlive.com/news/2026/05/beloved-national-diner-chain-in-60-years-shutters-50-stores-updates-menu.html,2026-05-12 09:00:00,newsbatch_1_output,2026-05-15
Indian Hotels Company Limited (IHCL) — 60 new hotels (unnamed),"India (multiple locations, unspecified)",Opening,FY27 (2026–2027),plans to open 60 new hotels this year,"IHCL (Indian Hotels Company Limited) plans to open 60 new hotels in FY27 after adding 36 properties the previous year, with expansion being entirely organic and excluding acquisitions. The company expects revenue growth of 12–14% in FY27, supported by domestic travel and weddings. No individual hotel names or addresses are specified in the article.",https://www.cnbctv18.com/market/earnings/indian-hotels-q4-results-fy27-outlook-60-hotel-openings-expansion-growth-travel-demand-19903729.htm,2026-05-12 06:14:31,newsbatch_1_output,2026-05-15
Sapporo Grand Hotel,"Main and East Wings, Sapporo, Japan",Remodel,Starting February 12 (year not specified),Begin Renovation of Main and East Wings on February 12,The article briefly notes that Sapporo Grand Hotel will begin renovation of its Main and East Wings on February 12. No further details are provided in the available text. No opening or closing event is described; only a renovation start date is mentioned.,https://en.traicy.com/posts/2026051235424/,2026-05-12 04:03:42,newsbatch_1_output,2026-05-15
No qualifying business found,N/A,N/A,N/A,N/A,Article could not be fetched (robots.txt disallowed). No content available for extraction.,https://www.msn.com/en-us/money/companies/138-year-old-grocery-store-staple-files-for-bankruptcy/ar-AA1HQddu,2026-05-12 02:54:54,newsbatch_1_output,2026-05-15
Kindred Resort,"River Run Village, Keystone, Colorado",Opening,"May 7, 2026",opened to the public,"Kindred Resort opened to the public on May 7, 2026, as Keystone, Colorado's first luxury hotel and the newest addition to the RockResorts collection. The ski-in/ski-out property includes 107 guest rooms, 95 luxury residences, and private club access, situated in the heart of Keystone's River Run Village base area. The development centers on a ""Campfire Luxury"" concept built around connection, community, and seamless mountain access.",https://www.snowsportsnews.com/newsrepository/2026/may/first-luxury-hotel-in-keystone-now-open-introducing-campfire-luxury-to-colorado/,2026-05-11 23:03:59,newsbatch_1_output,2026-05-15
No qualifying business found,N/A,N/A,N/A,N/A,Article could not be fetched (403 Forbidden). No content available for extraction.,https://www.insauga.com/vegetarian-burger-and-shawarma-restaurant-now-open-in-brampton/,2026-05-11 19:58:41,newsbatch_1_output,2026-05-15
Ramen Danbo,"3982 Main St., Vancouver, BC",Opening,Not specified,opening (preparation underway),"Ramen Danbo, considered one of the top ramen spots in Vancouver, has announced a new location on Main Street in the Riley Park-Little Mountain neighbourhood. Preparation for the new location is underway, though no opening date has been shared. The restaurant currently operates four other locations in British Columbia as well as outposts in Seattle and New York.",https://dailyhive.com/vancouver/ramen-danbo-main-street-vancouver,2026-05-11 19:51:00,newsbatch_1_output,2026-05-15
No qualifying business found,N/A,N/A,N/A,N/A,Article could not be fetched (only an ad/redirect page returned). No content available for extraction.,https://kisspress.jp/en/articles/62484/img/,2026-05-11 19:10:23,newsbatch_1_output,2026-05-15
Pet Supplies Plus,"8809 Lakeview Pkwy., Rowlett, Texas",Opening,"May 16–17, 2026",grand opening celebration May 16 and May 17,"Pet Supplies Plus is opening a new location at 8809 Lakeview Pkwy. in Rowlett, Texas, with a grand opening celebration on May 16 and 17. The store offers pet essentials for dogs, cats, birds, reptiles, fish, and small animals, along with grooming and self-pet wash services. The store is owned by Todd McEvoy and Alan Mann, longtime business partners who previously operated multiple restaurant concepts, and marks their second Pet Supplies Plus location in the DFW area.",https://www.prnewswire.com/news-releases/local-restaurant-veterans-host-grand-opening-for-their-second-pet-supplies-plus-location-in-rowlett-may-16-and-may-17-302768592.html,2026-05-11 19:03:00,newsbatch_1_output,2026-05-15
No qualifying business found,N/A,N/A,N/A,N/A,Article could not be fetched (403 Forbidden). No content available for extraction.,https://nottinghammd.com/2026/05/11/colombian-marina-restaurant-to-hold-grand-opening-in-middle-river/,2026-05-11 18:12:21,newsbatch_1_output,2026-05-15
Serrano's Mexican Food,"1964 E. McKellips Road, Mesa, AZ",Closing,May 2026 (end of month implied),closing,"Serrano's Mexican Food at its McKellips Road location is closing after more than 34 years of operation. The owners cited a steady decline in business, rising operating costs, and ongoing road construction in front of the restaurant as factors behind the decision. The owners posted a closing announcement on social media inviting customers to make a final visit.",https://www.phoenixnewtimes.com/food-drink/phoenix-restaurants-closing-in-may-how-to-get-a-final-taste-40666308/,2026-05-11 17:42:35,newsbatch_1_output,2026-05-15
Raffaele's Pizza,Address not specified,Closing,"May 30, 2026",set to close on May 30,"Raffaele's Pizza, which specializes in New York-style and Sicilian slices and pies, is set to close on May 30. The article lists it among five Valley restaurants closing in May 2026. No full address was provided in the available article text.",https://www.phoenixnewtimes.com/food-drink/phoenix-restaurants-closing-in-may-how-to-get-a-final-taste-40666308/,2026-05-11 17:42:35,newsbatch_1_output,2026-05-15
No qualifying business found,N/A,N/A,N/A,N/A,Article could not be fetched (robots.txt disallowed). No content available for extraction.,https://www.msn.com/en-us/foodanddrink/foodnews/covington-pizza-restaurant-expanding-to-downtown-cincinnati/ar-AA22lK9r,2026-05-11 17:12:34,newsbatch_1_output,2026-05-15
Ben's Chili Bowl,U Street,Opening,Not specified,reopens,U Street was partially closed as Ben's Chili Bowl reopens.,https://www.msn.com/en-us/sports/other/u-street-partially-closed-as-ben-s-chili-bowl-reopens/ar-AA22a7mX,2026-05-13 19:39:42,newsbatch_20_output,2026-05-15
Indeed Brewing Co. beer yard,Northeast Minneapolis (Quincy Street),Opening,Not specified,expanding its beer yard,"Indeed Brewing Co. is expanding its beer yard in two phases. Phase One involves moving the Pizzeria Lola truck and adding a shipping container hangout space. Phase Two will add a steel cover structure, dividers and plants.",https://mspmag.com/eat-and-drink/foodie/indeed-brewery-expanding-patio-northeast-minneapolis/,2026-05-13 19:14:54,newsbatch_20_output,2026-05-15
7 Brew,North Haven,Opening,Not specified,sets opening date,7 Brew sets opening date in North Haven.,https://www.theconnecticutscoop.com/all-new-haven-county-posts/north-haven-scoop-7-brew-sets-opening-date,2026-05-13 19:09:45,newsbatch_20_output,2026-05-15
No qualifying business found,N/A,N/A,N/A,N/A,N/A,https://www.streetinsider.com/PRNewswire/Culture+A+Day+Spa%2C+Unveils+Elite+Luxury+Franchise+Opportunity+with+Nationwide+Expansion/26485242.html,2026-05-13 18:57:24,newsbatch_20_output,2026-05-15
Hilton Adelaide East End,Adelaide,Opening,2031,opening in 2031,Hilton signed for a new-build Hilton Adelaide East End opening in 2031.,https://www.hotel-online.com/news/hilton-signs-new-build-hilton-adelaide-east-end-opening-in-2031,2026-05-13 18:08:53,newsbatch_20_output,2026-05-15
Meijer Grocery,"northwest corner of Telegraph Road and Champaign Street, Taylor",Opening,Not specified,is planned / is coming,"A new 75,000-square-foot Meijer Grocery store is planned for the northwest corner of Telegraph Road and Champaign Street in Taylor. The smaller-format neighborhood store will be between a strip mall and near a new Sheetz.",https://www.thenewsherald.com/2026/05/13/new-type-of-meijer-store-coming-to-taylor/,2026-05-13 18:08:02,newsbatch_20_output,2026-05-15
No qualifying business found,N/A,N/A,N/A,N/A,N/A,https://cstoredecisions.com/company-news/gpm-investments-teams-up-with-red-e-to-expand-ev-network/,2026-05-13 18:05:56,newsbatch_20_output,2026-05-15
No qualifying business found,N/A,N/A,N/A,N/A,N/A,https://42freeway.com/news/goodwill-announces-deptford-may-opening-date-woodbury-heights-store-transforming-to-home-medical-equipment/,2026-05-13 17:59:01,newsbatch_20_output,2026-05-15
Burlington,various (Saks Off Fifth leases),Opening,2027,new store openings,Burlington may have secured leases for ~20% of its 2027 new store openings via acquisition of 22 Saks Off Fifth locations.,https://jasonmiller15.substack.com/p/burlington-stores-may-have-secured,2026-05-13 17:58:08,newsbatch_20_output,2026-05-15
No qualifying business found,N/A,N/A,N/A,N/A,N/A,https://www.cincinnati.com/story/news/2026/05/13/when-is-wawa-opening-silverton-store/90059789007/,2026-05-13 17:53:00,newsbatch_20_output,2026-05-15
Planet Fitness,"various (St. Cloud, Port Orange, Leesburg and other Central Florida sites)",Opening,Not specified,plans to fill in the gaps / new locations,"Planet Fitness plans new locations at former Winn-Dixie to Aldi conversion sites across Central Florida including St. Cloud, Port Orange and Leesburg.",https://whatnow.com/orlando/retail/as-several-grocery-stores-transition-to-aldi-brand-planet-fitness-plans-to-fill-in-the-gaps/,2026-05-13 17:44:31,newsbatch_20_output,2026-05-15
No qualifying business found,N/A,N/A,N/A,N/A,N/A,https://b105country.com/new-ikea-store-in-madison-wisconsin/,2026-05-13 17:31:48,newsbatch_20_output,2026-05-15
No qualifying business found,N/A,N/A,N/A,N/A,N/A,https://www.willistonherald.com/news/north-dakota/rural-grocers-find-creative-ways-to-serve-customers-keep-doors-open,2026-05-13 17:24:36,newsbatch_20_output,2026-05-15
Habit Burger & Grill,"7415 W. Canal Drive, Kennewick",Opening,May 20,"opening on Wednesday, May 20",Habit Burger & Grill will open in Kennewick on May 20 at 7415 W. Canal Drive. Pre-opening events include Free Charburger Day on May 16 and a fundraiser on May 19.,https://www.tri-cityherald.com/living/food-drink/article315740029.html,2026-05-13 17:18:20,newsbatch_20_output,2026-05-15
Harris Teeter,"Atlantic North retail center (Atlantic Boulevard and Kernan Boulevard North), Jacksonville",Opening,Spring 2027,expected to open in Spring 2027,"Harris Teeter has begun construction on a new 61,204-square-foot store with adjacent 3,200-square-foot liquor store at Atlantic North retail center.",https://whatnow.com/jacksonville/retail/harris-teeter-starts-construction-on-new-jacksonville-store/,2026-05-13 17:12:05,newsbatch_20_output,2026-05-15
No qualifying business found,N/A,N/A,N/A,N/A,N/A,https://www.sportsnet.ca/ncaafb/article/acc-backs-big-tens-push-for-college-football-playoff-expansion-to-24-teams/,2026-05-13 17:04:00,newsbatch_20_output,2026-05-15
No qualifying business found,N/A,N/A,N/A,N/A,N/A,https://cspdailynews.com/company-news/former-snl-producer-lindsay-shookus-open-2026-nacs-show-las-vegas,2026-05-13 17:03:55,newsbatch_20_output,2026-05-15
The 3W Eatery,"1905 Brookside Road, Lower Macungie Township",Opening,late May,expected to open in late May,"The 3W Eatery will open its second Lehigh Valley location in late May at 1905 Brookside Road in the former Casa Catrina space. The family-run eatery will expand its menu with more breakfast, lunch and dinner options.",https://www.wfmz.com/features/eat-sip-shop/so-blessed-family-run-eatery-opening-2nd-lehigh-valley-location-at-former-casa-catrina-spot/article_3ede6c6c-d80e-440a-80d7-c4b85fc41f86.html,2026-05-13 17:00:00,newsbatch_20_output,2026-05-15
Aokō Matcha,nationwide (via acquisition),Opening,Not specified,plans national expansion,Kyuramen Group acquired Aokō Matcha and plans to open 30 locations over the next year through standalone cafés and co-located spaces.,https://www.citybiz.co/article/845964/kyuramen-group-acquires-aoko-matcha-plans-national-expansion/,2026-05-13 16:55:14,newsbatch_20_output,2026-05-15
Palisades Tahoe,Palisades Tahoe,Closing,May 24,"will remain open through Sunday, May 24 / projected closing date",Palisades Tahoe announced Memorial Day weekend (May 24) as its projected closing date for the season. Operating hours adjusted to 8 a.m. to 2 p.m. with some lifts closing earlier.,https://www.tahoedailytribune.com/news/palisades-tahoe-announces-memorial-day-weekend-as-projected-closing-date/,2026-05-13 16:34:56,newsbatch_20_output,2026-05-15
"Buc-ee's (Oak Grove, KY)","Oak Grove, KY (full address not specified)",Opening,2029,won't open until 2029,"Buc-ee's planned Oak Grove, Kentucky location has been delayed from its originally expected 2027 opening to 2029, due to planned road construction on Interstate 24 and at Exit 89 in Christian County. The company's contact page now reflects the 2029 opening date. Two Buc-ee's locations remain currently open in Kentucky, in Richmond and Smiths Grove.",https://www.aol.com/news/buc-ees-location-oak-grove-132942136.html,2026-05-13 16:33:28,newsbatch_21_output,2026-05-15
No qualifying business found,N/A,N/A,N/A,N/A,Article could not be fetched (robots.txt disallowed). No content available for extraction.,https://www.msn.com/en-us/money/companies/pittsburgh-mall-officially-sold-latest-on-possible-wegmans-location-there/ar-AA21Vv4L,2026-05-13 16:32:37,newsbatch_21_output,2026-05-15
No qualifying business found,N/A,N/A,N/A,N/A,Article could not be fetched (403 Forbidden). No content available for extraction.,https://www.thestreet.com/restaurants/38-year-old-italian-chain-macaroni-grill-down-to-9-locations-nationwide,2026-05-13 16:10:34,newsbatch_21_output,2026-05-15
No qualifying business found,N/A,N/A,N/A,N/A,Article could not be fetched (403 Forbidden). No content available for extraction.,https://www.mlive.com/news/saginaw-bay-city/2026/05/victorias-secret-coming-to-birch-run-panera-opens-new-saginaw-area-location-and-more-local-business-news.html,2026-05-13 16:04:00,newsbatch_21_output,2026-05-15
No qualifying business found,N/A,N/A,N/A,N/A,Article could not be fetched (403 Forbidden). No content available for extraction.,https://www.wfla.com/bloom-tampa-bay/bloom-living-local/michelin-recommended-cousin-vinnys-plans-st-pete-expansion/,2026-05-13 15:47:56,newsbatch_21_output,2026-05-15
No qualifying business found,N/A,N/A,N/A,N/A,Article could not be fetched (robots.txt disallowed). No content available for extraction.,https://www.msn.com/en-us/travel/tips/mon-kou-in-attleboro-to-close-for-good-next-month/ar-AA21Aj76,2026-05-13 15:37:02,newsbatch_21_output,2026-05-15
Superdrug (Waterlooville),"Wellington Retail Park, Waterlooville, Hampshire, UK (full address not specified)",Opening,"May 13, 2026","celebrated the launch on Wednesday, May 13","Superdrug opened a new 4,988 sq. ft. store at Wellington Retail Park in Waterlooville on May 13, 2026, moving into part of the former Carpetright unit that closed in 2024 during a wider administration process. The store features health and beauty brands, premium fragrances, and a Beauty Studio, and will create new local jobs. Superdrug is on track to increase its overall store footprint by 30 stores across the UK.",https://www.portsmouth.co.uk/business/new-superdrug-store-opens-in-retail-park-8542940,2026-05-13 15:30:00,newsbatch_21_output,2026-05-15
Blueberrys Autograph,"Near Little River and Cherry Grove, North Myrtle Beach, SC (full address not specified)",Opening,Fall 2026,currently under construction; fall 2026 opening planned,"Blueberrys Autograph, a new standalone restaurant brand from the team behind Blueberry's Grill, is currently under construction near Little River and Cherry Grove in North Myrtle Beach, with a fall 2026 opening planned. The concept is described as a more modern, design-forward brand distinct from Blueberry's Grill, incorporating natural elements such as light, water, and texture.",https://whatnow.com/charleston/restaurants/blueberrys-autograph-set-to-open-in-north-myrtle-beach-this-fall/,2026-05-13 15:26:07,newsbatch_21_output,2026-05-15
No qualifying business found,N/A,N/A,N/A,N/A,Article could not be fetched (robots.txt disallowed). No content available for extraction.,https://www.msn.com/en-us/money/companies/chipotle-set-to-open-first-bellefonte-area-location/ar-AA22D65E,2026-05-13 15:05:31,newsbatch_21_output,2026-05-15
The Dog Den Inn,"11872 Coursey Blvd., Baton Rouge, LA",Opening,Next month (June 2026),will open next month,"The Dog Den Inn, offering dog daycare, boarding, grooming, and training services, will open next month at 11872 Coursey Blvd. in the former Mary's Nails space. Owner Keith Wilkes is doing minor renovations and painting to convert the 1,400 sq. ft. building, which will accommodate up to 15 dogs.",https://www.theadvocate.com/baton_rouge/news/business/dog-den-inn-coursey-boulevard/article_143ef1c4-d951-4017-b58a-6b1d502882f9.html,2026-05-13 15:00:00,newsbatch_21_output,2026-05-15
Tang Frères (Herblay-sur-Seine),"Patte-d'Oie shopping center, Herblay-sur-Seine, Val d'Oise, France (along the D14)",Opening,June 2026,opening planned for June 2026,"Tang Frères, an iconic Asian grocery retailer, is opening a 1,000-square-meter store at the Patte-d'Oie shopping center in Herblay-sur-Seine in June 2026, having held a groundbreaking ceremony on February 10. The opening was originally planned for end of 2025 but was pushed back to 2026. The brand is currently recruiting staff for in-store, checkout, and stockroom roles.",https://www.sortiraparis.com/en/what-to-do-in-paris/shopping-fashion/articles/324929-tang-freres-in-herblay-sur-seine-in-the-val-d-oise-is-set-to-open-and-is-recruiting-staff,2026-05-13 14:35:34,newsbatch_21_output,2026-05-15
Tilted Kilt (Lexington),"1030 S. Broadway, Lexington, KY",Closing,"May 16, 2026",closing; last day of service will be May 16,"Tilted Kilt, a British-themed sports bar that opened in March 2019 at 1030 S. Broadway in Lexington, is closing on May 16, 2026 after seven years of operation. Owner Jamie Daniel said staff were informed on Monday and that a new concept will be coming to the same space later this year. The national Tilted Kilt chain has dwindled from about 90 locations to six.",https://www.aol.com/news/lexington-sports-bar-known-hooters-164622636.html,2026-05-13 14:00:41,newsbatch_21_output,2026-05-15
No qualifying business found,N/A,N/A,N/A,N/A,Article covers a gaming company (Golden Entertainment) going private via a sale-and-leaseback transaction. No qualifying retail or restaurant opening or closure is described.,https://thenevadaindependent.com/article/the-public-market-allowed-golden-to-expand-heres-why-the-gaming-companys-going-private,2026-05-13 14:00:00,newsbatch_21_output,2026-05-15
No qualifying business found,N/A,N/A,N/A,N/A,Article could not be fetched (robots.txt disallowed). No content available for extraction.,https://www.msn.com/en-us/foodanddrink/foodnews/lotus-of-siam-reopening-sahara-avenue-location-5-years-after-closure/ar-AA22HC7I,2026-05-13 13:40:54,newsbatch_21_output,2026-05-15
No qualifying business found,N/A,N/A,N/A,N/A,Article returned no text content. No content available for extraction.,https://kewaneevoice.com/a-fresh-coat-for-kewanee-new-paint-store-opens-on-second-street/,2026-05-13 13:39:15,newsbatch_21_output,2026-05-15
No qualifying business found,N/A,N/A,N/A,N/A,Article could not be fetched (robots.txt disallowed). No content available for extraction.,https://www.msn.com/en-us/money/companies/popeyes-franchisee-files-chapter-11-with-130m-debt-after-closing-20-locations/ar-AA1ZjQNH,2026-05-13 13:13:16,newsbatch_21_output,2026-05-15
CAVA (Westlake Village),"968-12 S Westlake Blvd., Westlake Village, CA",Opening,"May 15, 2026","will open on May 15, 2026","CAVA is opening a new location at 968-12 S Westlake Boulevard in Westlake Village on May 15, 2026, open daily from 10:30 a.m. to 10 p.m. Ahead of the grand opening, CAVA will host a Community Day event where guests receive free meals and can donate to Food Share of Ventura County, with CAVA matching donations up to $1,000. The new location is expected to create 25 to 40 local jobs.",https://whatnow.com/los-angeles/restaurants/popular-fast-casual-mediterranean-chain-expands-with-new-westlake-village-location/,2026-05-13 12:54:47,newsbatch_21_output,2026-05-15
No qualifying business found,N/A,N/A,N/A,N/A,Article could not be fetched (403 Forbidden). No content available for extraction.,https://www.romaniajournal.ro/amp/business/real-estate/romania-retail-market-eyes-150000-sqm-expansion-in-2026/,2026-05-13 12:22:27,newsbatch_21_output,2026-05-15
Whole Foods Market Daily Shop (Seaport),"111 Harbor Way, Boston, MA",Opening,Not specified,plans to open (opening date not announced),"Whole Foods Market announced plans to open a small-format Daily Shop store on the ground floors of 111 Harbor Way in Boston's Seaport District, currently home to Amazon's Boston offices. The company has not announced when the store will open or how big it will be. The Daily Shop concept, first launched in New York City in 2024, is designed for dense urban areas and features high-demand grocery items.",https://www.bostonglobe.com/2026/05/13/business/whole-foods-boston-seaport/,2026-05-13 12:01:00,newsbatch_21_output,2026-05-15
No qualifying business found,N/A,N/A,N/A,N/A,Article returned only its title with no body text. No content available for extraction.,https://www.facilitiesmanagement-now.com/article/272439/gloucesters-newest-restaurant-is-open,2026-05-13 11:41:06,newsbatch_21_output,2026-05-15
No qualifying business found,N/A,N/A,N/A,N/A,Article is about Black Mountain ski resort closing for the winter season on May 17 — not a retail or restaurant opening or closure.,https://www.snowsportsnews.com/newsrepository/2026/may/black-mountain-to-cap-historic-comeback-season-with-record-breaking-may-closing/,2026-05-13 11:38:40,newsbatch_22_output,2026-05-15
El Camino Cafe,"Clifford Avenue, Rochester, NY (address not specified)",Opening,Not specified,now open,"El Camino Cafe, supported by nonprofit Ibero-American Action League, has opened on Clifford Avenue in Rochester's Northeast Quadrant, serving coffee, espresso drinks, and breakfast and lunch options. The cafe employs volunteers with disabilities, predominantly Spanish-speaking, to bridge a business gap in the neighborhood. The cafe is open Monday through an unspecified schedule (article text cut off).",https://www.aol.com/news/store-el-camino-cafe-opens-222742915.html,2026-05-13 11:38:29,newsbatch_22_output,2026-05-15
Target (12 Texas stores),"Multiple Texas locations including San Antonio, Dallas, and West Texas (addresses not specified)",Remodel,2026,remodels coming in 2026,"Target announced a $5 billion modernization project that includes remodeling more than 130 stores nationwide, with 12 in Texas — the most of any state. Updates include added drive-up lanes for grocery pickup, grab-and-go meals, and state-themed displays. Texas locations include stores in San Antonio, Dallas, and West Texas.",https://www.mysanantonio.com/business/article/target-remodel-texas-2026-22254842.php,2026-05-13 11:12:30,newsbatch_22_output,2026-05-15
Highland Park Fitness,Address not specified,Opening,Not specified,opening completed Klein Building redevelopment,Article could not be fetched (403 error). Title indicates Highland Park Fitness and Powerhouse Nutrition openings completed the Klein Building redevelopment. No further details available.,https://www.businessrecord.com/opening-of-highland-park-fitness-powerhouse-nutrition-complete-klein-building-redevelopment/,2026-05-13 11:09:01,newsbatch_22_output,2026-05-15
Powerhouse Nutrition,Address not specified,Opening,Not specified,opening completed Klein Building redevelopment,Article could not be fetched (403 error). Title indicates Powerhouse Nutrition opened as part of the Klein Building redevelopment alongside Highland Park Fitness. No further details available.,https://www.businessrecord.com/opening-of-highland-park-fitness-powerhouse-nutrition-complete-klein-building-redevelopment/,2026-05-13 11:09:01,newsbatch_22_output,2026-05-15
Venchi,"Westfield Topanga, Canoga Park/Los Angeles area, CA (address not specified)",Opening,"May 15, 2026","set to welcome customers May 15, 2026; grand opening celebration Friday through the weekend","Venchi, a global luxury Italian chocolate and gelato brand, is opening a new store at Westfield Topanga on May 15, 2026. The store will feature colorful chocolate displays, customizable gift boxes, and fresh house-made gelato daily. The grand opening celebration runs through the weekend with product samples and in-store events.",https://whatnow.com/los-angeles/retail/a-popular-italian-chocolate-brand-is-opening-at-westfield-topanga-this-week/,2026-05-13 11:07:02,newsbatch_22_output,2026-05-15
King Soopers,"4201 E. Arkansas Ave., Denver, CO (zip not specified)",Opening,"June 3, 2026","scheduled to open June 3, 2026 at 9 a.m.","King Soopers is opening a new 103,000-square-foot location at 4201 E. Arkansas Ave. in Denver on June 3, 2026, replacing the smaller Belcaro store at 825 S. Colorado Blvd. The new store will be significantly larger with new amenities and bigger departments. No grand opening giveaways or promotions had been announced as of the article's publication.",https://www.milehighonthecheap.com/king-soopers-denver-new-location-opening-date-grand-opening-giveaways-sales/,2026-05-13 10:42:38,newsbatch_22_output,2026-05-15
INNSiDE by Meliá Elounda,"Schisma Eloundas, Crete, Greece (address not specified)",Opening,Not specified (officially open as of article date),officially open,"INNSiDE by Meliá Elounda has officially opened at Schisma Eloundas in Crete, Greece, owned and developed by Zeus Hotels Greece in partnership with INNSiDE by Meliá. The resort offers 86 guest rooms and suites, including 18 rooms with private pools, and approximately 70% with sea views. It marks INNSiDE by Meliá's first 5-star resort in the world.",https://www.hospitalitynet.org/announcement/41014450/innside-by-melia-elounda-brings-a-new-era-of-hospitality-to-crete-officially-open-innsides-first-5-star-resort-in-the-world,2026-05-13 10:22:46,newsbatch_22_output,2026-05-15
Chipotle Mexican Grill (Milton),"Milton, Ontario, Canada (address not specified)",Opening,2026,opening Milton location in 2026,Article could not be fetched (403 error). Title indicates Chipotle Mexican Grill is opening a Milton location in 2026. No further details available.,https://www.insidehalton.com/business/chipotle-mexican-restaurant/article_92d2a8f6-3bcc-5d82-923b-de655bae47cf.html,2026-05-13 10:00:00,newsbatch_22_output,2026-05-15
No qualifying business found,N/A,N/A,N/A,N/A,Article is about a Pringles product launch activation outside One Stop Carlton Convenience near Manchester — no opening or closure event.,https://www.conveniencestore.co.uk/stores/burger-king-pringles-and-ai-collide-outside-a-salford-one-stop-store/718828.article,2026-05-13 09:39:33,newsbatch_22_output,2026-05-15
No qualifying business found,N/A,N/A,N/A,N/A,Article could not be fetched (404 error). Title indicates a home furnishings retailer is closing an Ohio store as part of restructuring. No further details available.,https://www.interiordaily.com/article/9837386/home-furnishings-retailer-continues-restructuring-with-ohio-store-closure/,2026-05-13 09:03:37,newsbatch_22_output,2026-05-15
"Aldi (Wainfleet Road, Boston, Lincolnshire)","Off Wainfleet Road, Boston, Lincolnshire, UK (address not specified)",Opening,Not specified,plans for new store submitted; consultation underway,"Aldi has revealed multi-million pound plans for a new food store on the eastern outskirts of Boston, Lincolnshire, off Wainfleet Road, to be part of a development also including a petrol filling station and drive-through coffee shop. Aldi declined to comment on how the plans would affect its existing Queen Street branch or the previously approved Swineshead Road store.",https://www.lincolnshireworld.com/business/aldi-declines-to-comment-on-how-plans-for-new-store-in-boston-would-affect-existing-site-in-town-and-one-already-approved-for-development-8542758,2026-05-13 09:02:00,newsbatch_22_output,2026-05-15
La Fiesta Market,"605 W. Market St., Crawfordsville, IN (zip not specified)",Opening,Not specified,ribbon cutting ceremony celebrated; open,"The Crawfordsville/Montgomery County Chamber of Commerce hosted a ribbon cutting ceremony to celebrate the new location of La Fiesta Market at 605 W. Market St. in Crawfordsville. Owned by Adan and Maria Perez, the neighborhood grocery store offers fresh foods, essentials, specialty items, and culturally diverse products. Store hours are 9 a.m. to 9 p.m. Monday through Saturday and 9 a.m. to 7 p.m. Sunday.","https://www.journalreview.com/stories/chamber-celebrates-opening-of-la-fiesta-market,392773",2026-05-13 09:00:00,newsbatch_22_output,2026-05-15
Chex Wings & Grill (Greenville),"1451 Woodruff Road, Greenville, SC (zip not specified)",Opening,Not specified,coming soon,"Chex Wings & Grill announced on May 8 it will open a new location at 1451 Woodruff Road within the Shoppes at Woodruff mall in Greenville, marking its first expansion into the Upstate and potentially its sixth South Carolina location. No opening date has been announced.",https://www.postandcourier.com/greenville/business/chex-wings-restaurant-greenville-sc-woodruff-road/article_43523be7-460c-4fa5-9b79-55a2e42ee311.html,2026-05-13 09:00:00,newsbatch_22_output,2026-05-15
Chex Wings & Grill (Columbia – Harbison),"Harbison Boulevard area, Columbia, SC (near Interstate 26; address not specified)",Opening,Not specified,"""stay tuned"" for second Columbia location","Chex Wings & Grill posted ""stay tuned"" on May 8 for a second Columbia location at a shopping center in the Harbison Boulevard area just off Interstate 26. The brand's first Columbia spot opened in October 2024 on Rosewood Drive.",https://www.postandcourier.com/greenville/business/chex-wings-restaurant-greenville-sc-woodruff-road/article_43523be7-460c-4fa5-9b79-55a2e42ee311.html,2026-05-13 09:00:00,newsbatch_22_output,2026-05-15
Saks (San Antonio),"San Antonio, TX (address not specified)",Closing,Not specified,closing San Antonio store,MSN page returned no article content. Title indicates Saks is laying off 71 employees as it closes its San Antonio store. No further details available.,https://www.msn.com/en-us/money/companies/saks-laying-off-71-employee-as-it-closes-san-antonio-store/ar-AA1YzCZl,2026-05-13 08:48:32,newsbatch_22_output,2026-05-15
Burlington (Fort Gratiot),"4715 24th Ave., Fort Gratiot Center, Fort Gratiot, MI (zip not specified)",Opening,"May 15, 2026",set to open May 15,"Burlington is opening a new store on May 15 at 4715 24th Ave. in Fort Gratiot Center, marking its 36th Michigan location, in the former Dick's Sporting Goods site. The store will feature Burlington's updated layout with wider aisles and clearer signage, and the first 100 customers each day on May 15 and 16 will receive a $10 bonus card.",https://www.aol.com/news/burlington-sets-date-opening-fort-151245891.html,2026-05-13 08:12:36,newsbatch_22_output,2026-05-15
Goodwill Niagara (Fort Erie),"Garrison Road, Fort Erie, ON, Canada (address not specified)",Opening,Not specified,hiring for new store,Article could not be fetched (403 error). Title indicates Goodwill Niagara is hiring for a new Fort Erie store on Garrison Road. No further details available.,https://forterieradio.ca/goodwill-niagara-hiring-for-new-fort-erie-store-on-garrison-road/,2026-05-13 07:52:53,newsbatch_22_output,2026-05-15
Harveys Supermarket,"201 W. 48th St., Jacksonville, FL (zip not specified)",Closing,Not specified (lease expires 2029; agreed to stay open at least 3 more years),slated for closure; agreed to remain open at least three more years per new incentive agreement,"A Harveys Supermarket at 201 W. 48th St. in Jacksonville was slated for closure but Winn-Dixie agreed to keep it open for at least three more years as part of a proposed economic incentive agreement with Jacksonville City Council. The council had previously deferred a vote after residents warned the closure would create a food desert. The store's lease expires in 2029, and Winn-Dixie committed to using ""commercially reasonable efforts"" to extend it.",https://www.aol.com/news/city-council-vote-winn-dixie-131556623.html,2026-05-13 07:46:35,newsbatch_22_output,2026-05-15
No qualifying business found,N/A,N/A,N/A,N/A,PressReader page returned no article body content. Title indicates Dunkin' Donuts plans to open hundreds of locations across Canada. No extractable details available.,https://www.pressreader.com/canada/national-post-latest-edition/20260513/281913074742326,2026-05-13 07:41:15,newsbatch_22_output,2026-05-15
Wicked Good Stuffies,"108 County St., Somerset, MA (zip not specified)",Opening,Mid-May 2026,opening in mid-May,"Wicked Good Stuffies is preparing to open at 108 County St. in Somerset, MA in mid-May, offering scratch-made coastal staples centered on stuffed quahogs. The restaurant is a sister concept to Railway Pie, owned by chef Paul Booras, and will feature a quick-service format with stuffies and chowder available to go or to take home and bake.",https://www.aol.com/news/somerset-stuffie-watch-green-jar-080151723.html,2026-05-13 07:12:37,newsbatch_22_output,2026-05-15
Shake Shack (Colorado Springs – second location),"Colorado Springs, CO (address not specified)",Opening,Not specified,opens second Colorado Springs location,Article could not be fetched (403 error). Title indicates Shake Shack has opened its second Colorado Springs location. No further details available.,https://gazette.com/2026/05/13/shake-shack-opens-second-colorado-springs-location/,2026-05-13 07:00:00,newsbatch_22_output,2026-05-15
Cruiseabout,"Erina Fair Shopping Centre, NSW Central Coast",Opening,Not specified,has opened its ninth store,Cruiseabout has opened its ninth store at Erina Fair Shopping Centre. The store was officially opened by the Mayor of the Central Coast and attended by customers and cruise line partners. Team Leader Chelsea Hayes heads the Erina team.,https://travelweekly.com.au/cruiseabout-opens-ninth-store-on-the-nsw-central-coast/,2026-05-13 06:59:28,newsbatch_23_output,2026-05-15
Cruiseabout,"Erina Fair Shopping Centre, NSW Central Coast",Opening,Not specified,has officially opened its ninth Australian store,Cruiseabout has officially opened its ninth Australian store at Erina Fair Shopping Centre on the New South Wales Central Coast. The opening was attended by the Central Coast Mayor and cruise line partners. The brand plans to open its tenth store at Indooroopilly Shopping Centre in Brisbane imminently.,https://karryon.com.au/industry-news/cruise/cruiseabout-opens-major-new-nsw-store/,2026-05-13 05:38:15,newsbatch_23_output,2026-05-15
P.J. Whelihan’s,"Village at Newtown shopping center off South Eagle Road, Newtown Township",Opening,May 4,"now open / hosted its grand opening on Monday, May 4","P.J. Whelihan’s opened its newest Bucks County location in Newtown Township on May 4, marking the brand’s 26th location. The sports bar and restaurant replaces Iron Hill Brewery in the Village at Newtown shopping center.",https://www.aol.com/news/popular-sports-bar-opens-newtown-215933537.html,2026-05-13 05:17:02,newsbatch_23_output,2026-05-15
Wawa,Clarksville,Opening,June,set to open in June,Wawa’s first Tennessee store in Clarksville is set to open in June.,https://www.msn.com/en-us/money/companies/ready-for-wawa-first-tn-store-in-clarksville-set-to-open-in-june/ar-AA22UNpm,2026-05-13 05:08:53,newsbatch_23_output,2026-05-15
Food City,Madison,Opening,Not specified,announces groundbreaking for new Madison location,Food City announces groundbreaking for a new Madison location.,https://www.msn.com/en-us/foodanddrink/foodnews/food-city-announces-groundbreaking-for-new-madison-location/ar-AA22UNl8,2026-05-13 05:07:29,newsbatch_23_output,2026-05-15
KP’s Kitchen & Bar,Bellaire,Closing,May 31,last day of business is May 31,KP’s Kitchen & Bar Bellaire location will close on May 31. Owner Kerry Pauly will focus on the Memorial location after operating two restaurants.,https://communityimpact.com/houston/bellaire-meyerland-west-university/dining/2026/05/13/kps-kitchen-bar-to-close-bellaire-location/,2026-05-13 05:00:00,newsbatch_23_output,2026-05-15
No qualifying business found,N/A,N/A,N/A,N/A,N/A,https://wgrv.com/boys-and-girls-club-expected-to-open-in-june/,2026-05-13 04:28:45,newsbatch_23_output,2026-05-15
No qualifying business found,N/A,N/A,N/A,N/A,N/A,https://sebd.in/five-guys-store-closures-2026/,2026-05-13 03:50:36,newsbatch_23_output,2026-05-15
Cozey,"160 Fifth Ave., Manhattan (Flatiron District)",Opening,Not specified,opening its first permanent U.S. store,"Cozey is opening its first permanent U.S. store at 160 Fifth Ave. in Manhattan’s Flatiron District. The 10,146-square-foot space was previously occupied by Club Monaco and Ralph’s Coffee.",https://www.costar.com/article/302181666/fast-growing-furniture-brand-cozey-to-open-first-permanent-us-store,2026-05-13 03:36:11,newsbatch_23_output,2026-05-15
No qualifying business found,N/A,N/A,N/A,N/A,N/A,https://www.duluthnewstribune.com/news/local/chipotle-eyeing-second-duluth-location,2026-05-13 03:30:00,newsbatch_23_output,2026-05-15
Ho-Chunk Gaming Beloit Casino,Beloit,Opening,"September 26, 2026",set for September 2026 opening,"Ho-Chunk Gaming Beloit Casino is set to open on September 26, 2026. The casino floor will cover more than 240,000 square feet with 1,500 gaming machines.",https://igaming.org/casino-news/ho-chunk-gaming-beloit-casino-set-for-september-2026-opening/,2026-05-13 03:00:00,newsbatch_23_output,2026-05-15
Ford’s Garage,Delaware car dealership,Opening,Not specified,to open at a Delaware car dealership,Ford’s Garage to open at a Delaware car dealership.,https://www.nrn.com/restaurant-franchising/ford-s-garage-to-open-at-a-delaware-car-dealership,2026-05-13 02:59:21,newsbatch_23_output,2026-05-15
Ebenezer Stone Ministries,"new Burnham Street warehouse, Milwaukee",Opening,Not specified,reopened,Ebenezer Stone Ministries reopened in a new Burnham Street warehouse after flooding shut down its south side facility. The nonprofit redistributes food to 42 pantries.,https://www.aol.com/news/milwaukee-food-pantry-reopens-flooding-022237036.html,2026-05-13 02:34:58,newsbatch_23_output,2026-05-15
SweetMilk Breakfast and Lunch,"Lovers Lane, Bowling Green",Opening,Not specified,opened,SweetMilk opened its second location in Bowling Green on Lovers Lane. The restaurant offers breakfast and lunch items.,https://www.wnky.com/new-restaurant-opens-second-location-in-bowling-green-2/,2026-05-13 01:46:29,newsbatch_23_output,2026-05-15
Walgreens,Chicago,Closing,Not specified,to close Chicago store,Walgreens to close a Chicago store after losing over $1M due to rampant theft and falling sales.,http://www.msn.com/en-us/money/companies/walgreens-to-close-chicago-store-after-losing-over-1m-due-to-rampant-theft-falling-sales/ar-AA22WnEv?ocid=hplocalnews&apiversion=v2&domshim=1&noservercache=1&noservertelemetry=1&batchservertelemetry=1&renderwebcomponents=1&wcseo=1,2026-05-13 01:41:27,newsbatch_23_output,2026-05-15
Black Mountain,"Black Mountain, NH",Closing,May 17,to close May 17,Black Mountain will close for the season on May 17 after a historic 7-month ski season.,https://snowbrains.com/black-mountain-nh-to-close-may-17-after-historic-7-month-ski-season/,2026-05-13 01:31:20,newsbatch_23_output,2026-05-15
No qualifying business found,N/A,N/A,N/A,N/A,N/A,https://www.msn.com/en-in/travel/news/universal-studios-orlando-announces-closure-of-much-loved-area/ar-AA22ConC?apiversion=v2&domshim=1&noservercache=1&noservertelemetry=1&batchservertelemetry=1&renderwebcomponents=1&wcseo=1,2026-05-13 00:54:14,newsbatch_23_output,2026-05-15
Dime Store,Rochester Hills,Closing,Mother’s Day,closing on Mother’s Day,Dime Store's Rochester Hills location is closing on Mother’s Day.,https://www.msn.com/en-us/foodanddrink/foodnews/dime-store-s-rochester-hills-location-closing-on-mother-s-day/ar-AA22BAsl?apiversion=v2&domshim=1&noservercache=1&noservertelemetry=1&batchservertelemetry=1&renderwebcomponents=1&wcseo=1,2026-05-12 23:52:28,newsbatch_23_output,2026-05-15
No qualifying business found,N/A,N/A,N/A,N/A,N/A,https://www.starnewsonline.com/story/news/local/2026/05/12/target-hosts-preview-event-at-second-store-in-wilmington-nc/89933644007/,2026-05-12 23:45:00,newsbatch_23_output,2026-05-15
Genesis BBQ,"MEGA Alma-Ata, Almaty, Kazakhstan (Address not specified)",Opening,"April 29, 2026",opened April 29,"Genesis BBQ opened its first Kazakhstan store on April 29 inside the MEGA Alma-Ata shopping center in Almaty, following a master franchise deal signed in December with Restopark KZLLP Group. The company plans to expand to 20 Almaty locations by end of June, enter Astana by end of September, and reach 100 Kazakhstan locations by year-end.",https://www.koreatimes.co.kr/amp/business/companies/20260511/genesis-bbq-enters-central-asia-with-1st-kazakhstan-store,2026-05-11 06:07:00,newsbatch_24_output,2026-05-15
No qualifying business found (MSN shell),N/A,N/A,N/A,N/A,MSN page returned no article body — only the MSN shell/wrapper with no article content.,https://www.msn.com/en-us/health/healthtrending/popular-barbecue-chain-abruptly-closes-all-locations-nationwide/ar-AA226zkJ,2026-05-11 05:32:48,newsbatch_24_output,2026-05-15
No qualifying business found (fetch failed),N/A,N/A,N/A,N/A,Article could not be fetched (429 Too Many Requests).,https://www.ithaca.com/news/ithaca/seneca-street-garage-to-close-permanently-downtown-businesses-say-they-are-already-hurting/article_53bce38d-d6c8-4494-a929-50d288396824.amp.html,2026-05-11 05:06:28,newsbatch_24_output,2026-05-15
No qualifying business found (fetch failed),N/A,N/A,N/A,N/A,Article could not be fetched (403 Forbidden).,https://www.bizjournals.com/seattle/news/2026/05/10/badminton-bellevue-club-tukwila-southcenter.html,2026-05-11 05:05:00,newsbatch_24_output,2026-05-15
Wingstop,"Hanley, Stoke-on-Trent (Address not specified)",Opening,Not specified,opening a brand-new Wingstop restaurant,"Wingstop is opening its first-ever Stoke-on-Trent branch in Hanley, with a general manager currently being recruited at a salary of up to £46,500 per year. The exact location and opening date have not yet been disclosed.",https://www.stokesentinel.co.uk/news/stoke-on-trent-news/wingstop-opening-first-stoke-trent-10955512,2026-05-11 05:00:00,newsbatch_24_output,2026-05-15
No qualifying business found (MSN shell),N/A,N/A,N/A,N/A,MSN page returned no article body — only the MSN shell/wrapper with no article content.,https://www.msn.com/en-us/travel/tripideas/universal-orlando-permanently-closing-opening-day-islands-of-adventure-land-for-major-new-themed-area/ar-AA22Cuny,2026-05-11 04:14:20,newsbatch_24_output,2026-05-15
No qualifying business found (MSN shell),N/A,N/A,N/A,N/A,MSN page returned no article body — only the MSN shell/wrapper with no article content.,https://www.msn.com/en-us/news/us/from-rescue-to-retail-exotic-animal-store-opens-in-rutland/ar-AA21fpG3,2026-05-11 03:20:07,newsbatch_24_output,2026-05-15
No qualifying business found (fetch failed),N/A,N/A,N/A,N/A,Article could not be fetched (403 Forbidden).,https://www.bizjournals.com/nashville/news/2026/05/10/upscale-restaurant-closes-hits-market-for-16-5m.html,2026-05-11 03:10:00,newsbatch_24_output,2026-05-15
No qualifying business found (MSN shell),N/A,N/A,N/A,N/A,MSN page returned no article body — only the MSN shell/wrapper with no article content.,https://www.msn.com/en-us/travel/news/kendra-scott-oddfellows-ice-cream-among-13-brands-opening-expanding-at-fl-outdoor-mall/ar-AA21riIb,2026-05-11 02:57:49,newsbatch_24_output,2026-05-15
No qualifying business found,N/A,N/A,N/A,N/A,Article confirms Sarkis Cafe at 2628–2632 Gross Point Road is NOT closing and continues to operate; there is no opening or closure event to extract.,https://www.therecordnorthshore.org/2026/05/10/no-sarkis-is-not-closing-but-changes-may-be-coming/,2026-05-11 02:35:46,newsbatch_24_output,2026-05-15
No qualifying business found (MSN shell),N/A,N/A,N/A,N/A,MSN page returned no article body — only the MSN shell/wrapper with no article content.,https://www.msn.com/en-us/news/us/pittsburgh-post-gazette-avoids-closure-will-continue-to-publish-thanks-to-nonprofit-sale/ar-AA20SwA6,2026-05-11 02:34:42,newsbatch_24_output,2026-05-15
No qualifying business found (MSN shell),N/A,N/A,N/A,N/A,MSN page returned no article body — only the MSN shell/wrapper with no article content.,https://www.msn.com/en-us/travel/tripideas/salt-city-coffee-s-newest-onondaga-county-location-is-open/ar-AA22mBXU,2026-05-11 02:32:06,newsbatch_24_output,2026-05-15
No qualifying business found,N/A,N/A,N/A,N/A,Article covers speculative opening timelines for Disneyland Resort theme park rides and infrastructure; no retail or restaurant opening or closure is reported.,https://mickeyvisit.com/when-disneyland-new-rides-open-may-4-2026/,2026-05-11 02:20:41,newsbatch_24_output,2026-05-15
No qualifying business found,N/A,N/A,N/A,N/A,Article covers nominations for the 2026 WA Youth Awards; no retail or restaurant opening or closure is reported.,https://www.miragenews.com/nominations-open-for-2026-wa-youth-awards-1670737/,2026-05-11 02:08:00,newsbatch_24_output,2026-05-15
Genesis BBQ (Kazakhstan — 1st store),"MEGA Alma-Ata, Almaty, Kazakhstan (Address not specified)",Opening,Not specified (recently opened),has opened its first store in Central Asia,"Genesis BBQ opened its first Central Asian store at Mega Almaata in Almaty, Kazakhstan, as announced by Genesis BBQ Group on May 11. The company plans to open 20 stores in Almaty during the first half of the year and enter the capital Astana in Q3, targeting 100 Kazakhstan stores by year-end.",https://www.mk.co.kr/en/business/12043064,2026-05-11 02:03:45,newsbatch_24_output,2026-05-15
No qualifying business found (MSN shell),N/A,N/A,N/A,N/A,MSN page returned no article body — only the MSN shell/wrapper with no article content.,https://www.msn.com/en-us/travel/outdoor-activities/cabot-s-new-golf-course-in-canada-to-open-for-preview-play-this-fall/ar-AA22whHh,2026-05-11 00:49:51,newsbatch_24_output,2026-05-15
No qualifying business found (MSN shell),N/A,N/A,N/A,N/A,MSN page returned no article body — only the MSN shell/wrapper with no article content.,https://www.msn.com/en-us/travel/tripideas/sabrina-s-cafe-plans-to-bring-its-brunches-to-a-new-location-in-queen-village/ar-AA22Cnb5,2026-05-11 00:44:05,newsbatch_24_output,2026-05-15
No qualifying business found,N/A,N/A,N/A,N/A,Article page returned no body content — empty article.,https://local12.com/news/local/publix-sets-opening-date-for-second-store-in-greater-cincinnati-will-employ-140-workers-employment-jobs-careers-hiring-grocery-chain-cold-spring-kentucky-alexandria-pike-location-walton,2026-05-10 22:59:47,newsbatch_24_output,2026-05-15
Panera Bread,"219 East Middle Lane, Rockville Town Center, Rockville, MD (no zip code mentioned)",Closing,"May 19, 2026","last day of business is expected to be Tuesday, May 19","The Panera Bread at 219 East Middle Lane in Rockville Town Center is expected to permanently close on May 19, 2026, with its space actively being marketed for lease. This is one of two Montgomery County Panera Bread locations nearing closure.",https://mocoshow.com/2026/05/10/panera-bread-set-to-close-permanently-on-may-19th/,2026-05-10 22:23:48,newsbatch_24_output,2026-05-15
Panera Bread,"18141 Town Center, Olney, MD (no zip code mentioned)",Closing,Late May or early June 2026,expected to permanently close in late May or early June,"The Panera Bread at 18141 Town Center in Olney, MD is expected to permanently close in late May or early June 2026, based on employee statements, with its leasing space listed as ""negotiating."" Corporate representatives have not confirmed the closure.",https://mocoshow.com/2026/05/10/panera-bread-set-to-close-permanently-on-may-19th/,2026-05-10 22:23:48,newsbatch_24_output,2026-05-15
No qualifying business found,N/A,N/A,N/A,N/A,Article page returned only navigation links with no article body content.,https://www.theconnecticutscoop.com/all-new-haven-county-posts/branford-scoop-oreilly-auto-parts-eyeing-branford-location,2026-05-10 22:08:16,newsbatch_24_output,2026-05-15
Lotus of Siam,"Sahara Avenue, Las Vegas (Address not specified)",Opening,2026-05-08 (Friday prior to publish date),soft opening,"Lotus of Siam reopened its original Sahara Avenue location with a soft opening, returning to the space where it first launched in 1999. The reopened restaurant features custom design elements, an expanded 6,000-bottle wine cellar, and a new bar concept called Naam Jai. A limited throwback menu is available during the initial phase, with dinner service Wednesday through Sunday.",https://www.fox5vegas.com/2026/05/10/lotus-siam-reopens-original-sahara-avenue-location/,2026-05-10 21:59:00,newsbatch_25_output,2026-05-15
Burlington,"Fort Gratiot Center, 4715 24th Ave., Fort Gratiot, MI (zip code not specified)",Opening,"May 15, 2026",set to open,"Burlington is set to open its 36th Michigan location on May 15 at Fort Gratiot Center, a former Dick's Sporting Goods site. The store will feature the retailer's updated layout with wider aisles and clearer signage. A ribbon-cutting ceremony is planned for May 15 and 16, with $10 bonus cards for the first 100 customers each day.",https://www.aol.com/news/burlington-sets-date-opening-fort-151245891.html,2026-05-10 21:56:30,newsbatch_25_output,2026-05-15
Weber Grill Restaurant,Orland (Address not specified),Opening,Not specified,opening soon,"Weber Grill Restaurant is holding a job fair for its upcoming Orland location ahead of opening. No further details about the address, opening date, or event specifics are available from the article text provided.",https://www.msn.com/en-us/money/companies/weber-grill-restaurant-holding-job-fair-for-orland-location-ahead-of-opening/ar-AA21zQod,2026-05-10 21:34:51,newsbatch_25_output,2026-05-15
American Crafted Furniture,"6639 Airport Highway, Holland, Ohio",Opening,"May 16, 2026","Grand Opening on May 16, 2026","A new furniture showroom launched by Archbold Furniture is set to hold its official Grand Opening on Saturday, May 16 with a ribbon cutting at 10 a.m. The store features 100% American-made furniture through partnerships with Archbold Furniture and Norwalk Furniture. On the grand opening day, 10% of sales will go to the Springfield Schools Foundation.",https://www.13abc.com/2026/05/13/new-furniture-store-featuring-american-made-craftsmanship-hold-grand-opening/,2026-05-13 01:11:00,newsbatch_2_output,2026-05-15
No qualifying business found (paywall/no content),N/A,N/A,N/A,N/A,Article content could not be retrieved — likely behind a paywall or access-restricted.,https://www.timeout.com/newyork/news/the-talents-behind-kelloggs-diner-and-nura-just-opened-an-excellent-raw-bar-and-restaurant-in-williamsburg-051426,2026-05-14 21:51:24,newsbatch_2_output,2026-05-15
El Jaripeo,"104 Hubbard Street, Downtown Allegan",Opening,"May 18, 2026","soft opening on May 18, 2026","Fennville-based El Jaripeo is preparing to open its second location in downtown Allegan, with a soft opening date set for Monday, May 18. The restaurant group reportedly waited for their liquor license before announcing the date. A grand opening celebration is expected to follow the soft opening.",https://wkfr.com/el-jaripeo-allegan-opening/,2026-05-14 21:32:38,newsbatch_2_output,2026-05-15
The Social at Olympia,Oconomowoc (address not specified),Opening,January 2027,plans to open in early 2027,Nathan Stoppenbach and partners are planning an entertainment complex called The Social in Oconomowoc. The article indicates an anticipated opening in early 2027. No further details were available from the truncated article content.,https://www.jsonline.com/story/communities/west/2026/05/14/the-social-at-olympia-eyes-january-2027-opening-in-oconomowoc/90026708007/,2026-05-14 21:28:00,newsbatch_2_output,2026-05-15
Wawa,"Village of Silverton, Ohio (address not specified)",Opening,Not specified,grand opening with ribbon-cutting celebration,"A new Wawa convenience store opened in the Village of Silverton, marking the chain's 13th location in the area. The grand opening featured a ribbon-cutting celebration and drew a crowd. No specific street address was provided in the article content.",https://local12.com/news/local/gallery/community-turns-out-for-grand-opening-of-area-13th-wawa-store-location-convenience-drinks-food-snacks-shopping-competition-consumers-customers-prices-ribbon-cutting-silverton-ohio-cincinnati,2026-05-14 21:02:23,newsbatch_2_output,2026-05-15
Extra Space Storage,"2600 Madison Avenue, Bridgeport",Opening,"May 13, 2026",grand opening and ribbon cutting on May 13,"Extra Space Storage and PrimeSpace Capital celebrated the grand opening and ribbon cutting of a new self-storage facility on Wednesday, May 13. The project redeveloped a former Stop & Shop grocery store that had been vacant for about 10 years into a 138,000-square-foot, Class A, fully climate-controlled self-storage facility.",https://www.doingitlocal.com/2026/05/extra-space-storage-celebrates-grand-opening-at-former-stop-shop-site-in-bridgeport/,2026-05-14 21:00:00,newsbatch_2_output,2026-05-15
Coya's Café Mexican Grill,"Avenue of the Cities, Moline (address not specified)",Opening,"May 16, 2026","grand opening on May 16, 2026","Coya's Café Mexican Grill announced its grand opening at a new location on Avenue of the Cities in Moline, with a ribbon-cutting celebration on Saturday, May 16 at 11 a.m. The family-owned establishment will celebrate all day with free elote or a slice of pastel de tres leches for the first 50 purchases, live music, and a raffle. The store will stay open until 1 a.m. on opening day.",https://qctimes.com/life-entertainment/local/food-drink/article_fca249e8-b706-41ca-bfcb-cb43f1f495a8.html,2026-05-14 21:00:00,newsbatch_2_output,2026-05-15
Treat Street (formerly Class 520),"5 Dawson Ave, Rockville",Opening,Not specified,now open,"Class 520 at 5 Dawson Ave in Rockville has rebranded as Treat Street, specializing in Thai-style rolled ice cream. The store is already open with hours Monday–Thursday 12pm–9pm, Friday–Saturday 12pm–12am, and Sunday 12pm–9:30pm. No specific grand opening date was mentioned.",https://mocoshow.com/2026/05/14/treat-street-now-open-in-rockville/,2026-05-14 20:45:46,newsbatch_2_output,2026-05-15
Little Cloud Play House,"116 E. Avenue D, Downtown Killeen",Opening,"May 18, 2026","ribbon cutting on May 18, 2026","Little Cloud Play House is an indoor play space for young children and families, with a ribbon cutting hosted by the Greater Killeen Chamber of Commerce on Monday, May 18 at noon. The facility offers an imaginative environment focused on creativity, exploration, and play.",https://kdhnews.com/business/2-new-businesses-opening-in-downtown-killeen-ribbon-cuttings-set-for-monday/article_4aa26635-7f9e-4018-bfd2-cfe8319dbe68.html,2026-05-14 20:30:00,newsbatch_2_output,2026-05-15
The Scarlet Page,"116 E. Avenue D, Downtown Killeen",Opening,"May 18, 2026","ribbon cutting on May 18, 2026","The Scarlet Page is a specialty romance bookstore dedicated to curated reads that center diverse voices and experiences, with a ribbon cutting on Monday, May 18 at 12:15 p.m. The celebration is hosted by the Greater Killeen Chamber of Commerce. Attendees can browse romance collections and enjoy refreshments and tours.",https://kdhnews.com/business/2-new-businesses-opening-in-downtown-killeen-ribbon-cuttings-set-for-monday/article_4aa26635-7f9e-4018-bfd2-cfe8319dbe68.html,2026-05-14 20:30:00,newsbatch_2_output,2026-05-15
Aberdeen Ridge,Address not specified,Opening,"June 12, 2026",Open House & Grand Opening on June 12,"Article could not be fetched (403 error). Based on the title, Aberdeen Ridge is hosting an open house and grand opening celebration at a 15-acre community on June 12. No further details available.",https://www.manilatimes.net/2026/05/15/tmt-newswire/globenewswire/aberdeen-ridge-to-host-open-house-grand-opening-celebration-at-15-acre-community-june-12/2344376/amp,2026-05-14 20:05:18,newsbatch_2_output,2026-05-15
Train Daily Fitness,"41A Newnan Station Drive, Newnan",Opening,"June 27, 2026","grand opening on June 27, 2026","Train Daily Fitness will celebrate its grand opening on Saturday, June 27, 2026 at 10:00 a.m., featuring a free workout class, fitness challenges, local vendors, and giveaways. Prizes include free memberships, personal training sessions, and a Garmin watch. The event begins at 10:00 a.m.",https://thecitymenus.com/2026/05/14/train-daily-fitness-to-celebrate-grand-opening-in-newnan-with-free-workout-giveaways-and-fitness-challenges/,2026-05-14 20:03:45,newsbatch_2_output,2026-05-15
Tailgate Beach Club,"Mandalay Bay Resort and Casino, Las Vegas (address not specified)",Opening,"Not specified (this weekend, mid-May 2026)",grand opening this weekend,"The Tailgate Beach Club, a sports-themed dayclub designed by Celano Design Studio, is making its grand opening debut at Mandalay Bay Resort and Casino in Las Vegas. The venue features three heated pools, LED screens for 360-degree sports viewing, and capacity for up to 2,000 guests. It is open Thursday through Sunday from 11 a.m. to last call, with extended hours for special events.",https://cassiuslife.com/1400090/the-tailgate-beach-club-makes-its-debut-this-weekend-in-las-vegas/,2026-05-14 19:45:19,newsbatch_2_output,2026-05-15
Tomlinson's Feed,"Bluebonnet Plaza, Georgetown (address not specified)",Opening,Not specified,plans filed; build-out slated to start,"Austin-based pet store Tomlinson's Feed has filed plans for a new location in Georgetown's Bluebonnet Plaza, according to a Texas Department of Licensing and Regulation registration. The store sells food, treats, toys, and supplies for dogs and cats, and also offers services such as anesthesia-free teeth cleaning and self-serve dog washing stations. No opening date has been announced.",https://communityimpact.com/austin/georgetown/business/2026/05/14/tomlinsons-feed-files-plans-for-new-location-in-georgetown/,2026-05-14 19:10:00,newsbatch_2_output,2026-05-15
No qualifying business found (paywall/no content),N/A,N/A,N/A,N/A,Article could not be fetched (403 error). Title indicates a vegan restaurant in Portland is closing. No extractable details available.,https://www.oregonlive.com/retail/2026/05/one-of-the-countrys-best-vegan-restaurants-is-closing-its-portland-diner.html,2026-05-14 18:59:00,newsbatch_2_output,2026-05-15
McDonald's (Maesycwmmer proposed location),"Off the A472, Maesycwmmer (address not specified)",Opening,N/A,"withdrew planning application on May 14, 2026","McDonald's announced on May 14 that it had withdrawn its planning application to open a new drive-thru site off the A472 in Maesycwmmer, citing road safety concerns identified following community feedback. The company stated it will look at alternative locations in the local area.",https://caerphilly.observer/news/1059030/mcdonalds-pulls-out-of-plans-to-open-new-chain-in-maesycwmmer/,2026-05-14 18:48:36,newsbatch_2_output,2026-05-15
Truist Bank (15 branches),Multiple states (addresses not specified),Closing,Not specified,close 15 branches across eight states,"Article could not be fetched (403 error). Based on the title, Truist plans to close 15 branches across eight states while also planning to open 100 new locations. No further details available.",https://www.bizjournals.com/charlotte/news/2026/05/14/truist-bank-close-15-branches-100-new-planned.html,2026-05-14 18:18:00,newsbatch_2_output,2026-05-15
Truist Bank (100 new locations),Address not specified,Opening,Not specified,plans to open 100 new locations,"Article could not be fetched (403 error). Based on the title, Truist also has plans to open 100 new locations. No further details available.",https://www.bizjournals.com/charlotte/news/2026/05/14/truist-bank-close-15-branches-100-new-planned.html,2026-05-14 18:18:00,newsbatch_2_output,2026-05-15
Chick-fil-A,"North Indio, CA (address not specified)",Opening,"May 21, 2026","set to open May 21, 2026","A new Chick-fil-A is opening in north Indio on Thursday, May 21, marking the chain's latest Coachella Valley expansion. No specific street address was provided in the article.",https://www.desertsun.com/story/money/business/2026/05/14/new-chick-fil-a-indio-opening-soon-interstate-10/90078516007/,2026-05-14 17:30:00,newsbatch_2_output,2026-05-15
"Five Guys – Tracy, CA","2970 W Grant Line Rd, Tracy, CA 95304",Closing,2026 (specific date not specified),closed,"Five Guys has closed this location as part of a wave of 10 closures across seven states in 2026, according to Fast Company. Closures are attributed in part to the chain's high prices amid economic pressures.",https://www.aol.com/articles/five-guys-closing-locations-7-165224838.html,2026-05-14 17:04:55,newsbatch_2_output,2026-05-15
"Five Guys – Bakersfield, CA","2701 Ming Ave, Bakersfield, CA 93304",Closing,2026 (specific date not specified),closed,"Five Guys has closed this location as part of a wave of 10 closures across seven states in 2026, according to Fast Company. Closures are attributed in part to the chain's high prices amid economic pressures.",https://www.aol.com/articles/five-guys-closing-locations-7-165224838.html,2026-05-14 17:04:55,newsbatch_2_output,2026-05-15
"Five Guys – Rancho Mirage, CA","71-800 Hwy 111, Rancho Mirage, CA 92270",Closing,2026 (specific date not specified),closed,"Five Guys has closed this location as part of a wave of 10 closures across seven states in 2026, according to Fast Company. Closures are attributed in part to the chain's high prices amid economic pressures.",https://www.aol.com/articles/five-guys-closing-locations-7-165224838.html,2026-05-14 17:04:55,newsbatch_2_output,2026-05-15
"Five Guys – Valencia, CA","24201 Valencia Blvd #3672, Valencia, CA 91355",Closing,2026 (specific date not specified),closed,"Five Guys has closed this location as part of a wave of 10 closures across seven states in 2026, according to Fast Company. Closures are attributed in part to the chain's high prices amid economic pressures.",https://www.aol.com/articles/five-guys-closing-locations-7-165224838.html,2026-05-14 17:04:55,newsbatch_2_output,2026-05-15
No qualifying business found,N/A,N/A,N/A,N/A,"Article is about school construction and expansion projects in Loudon County, TN — not retail or restaurant business openings or closures.",https://www.wate.com/news/loudon-county-news/loudon-county-schools-expanding-to-accommodate-more-students/amp/,2026-05-14 17:00:00,newsbatch_2_output,2026-05-15
No qualifying business found (paywall/no content),N/A,N/A,N/A,N/A,Article could not be retrieved — MSN page returned no usable article content. Title indicates a new Japanese supermarket chain plans to open its first East Bay location.,https://www.msn.com/en-us/money/companies/new-mega-japanese-supermarket-chain-to-open-first-east-bay-location/ar-AA1THxN9?ocid=BingNewsVerp,2026-05-14 16:43:38,newsbatch_2_output,2026-05-15
No qualifying business found,N/A,N/A,N/A,N/A,N/A,https://perishablenews.com/floral/calflowers-fun-n-sun-2026-registration-now-open/,2026-05-14 16:38:53,newsbatch_3_output,2026-05-15
The Terrace Bar Ltd (CBK restaurant and bar),"the Octagon, Dunedin",Closing,Not specified,placed in liquidation but will open its doors this weekend to honour bookings,The CBK restaurant and bar in the Octagon has been placed in liquidation by The Terrace Bar Ltd. It was closed after the liquidation but will open at the weekend to honour bookings. Liquidator confirmed they wanted to honour bookings for university graduations.,https://www.odt.co.nz/news/dunedin/bar-liquidation-will-open-honour-bookings,2026-05-14 16:30:00,newsbatch_3_output,2026-05-15
Arby’s,3020 Easton Ave. in Bethlehem Township,Closing,Not specified,has shuttered,"Arby’s has shuttered at 3020 Easton Ave. in Bethlehem Township after 8 years. The franchise opened in 2018 at that location, formerly a Taco Bell. A spokesperson told customers to visit the Allentown location at 1305 Airport Rd.",https://www.lehighvalleylive.com/business/2026/05/arbys-shutters-after-8-years-adult-use-weed-store-sets-grand-opening-open-shut.html,2026-05-14 16:13:00,newsbatch_3_output,2026-05-15
Precision Cuts Barbershop,204 Line St. on South Side Easton,Opening,April 19,celebrated its grand opening April 19,Precision Cuts Barbershop celebrated its grand opening April 19 at 204 Line St. on South Side Easton. Master barber Andy Vega owns and operates the shop after closing its previous Downtown Easton location due to a fire.,https://www.lehighvalleylive.com/business/2026/05/arbys-shutters-after-8-years-adult-use-weed-store-sets-grand-opening-open-shut.html,2026-05-14 16:13:00,newsbatch_3_output,2026-05-15
The Coplay Cabin,"33 N. Second St., Coplay",Opening,July 2026,plans to transform the former 2nd Street Tavern with a July 2026 opening,King Kone owner Rick Safi plans to transform the former 2nd Street Tavern into The Coplay Cabin family-friendly eatery with a July 2026 opening. The building previously operated as the Log Cabin Tavern for roughly 30 years.,https://www.lehighvalleylive.com/business/2026/05/arbys-shutters-after-8-years-adult-use-weed-store-sets-grand-opening-open-shut.html,2026-05-14 16:13:00,newsbatch_3_output,2026-05-15
Whataburger,Address not specified,Opening,early 2027,openings will begin in early 2027,Whataburger unveiled two new restaurant prototypes (Legacy and Essentials) for its stores. The new designs will debut first in Texas with construction beginning later this year and openings beginning in early 2027.,https://www.wfaa.com/article/money/whataburger-unveils-new-store-designs-coming-to-texas-in-2027/287-5d5bcd62-065f-45e2-812b-e16f9f1cc263,2026-05-14 16:02:00,newsbatch_3_output,2026-05-15
No qualifying business found,N/A,N/A,N/A,N/A,N/A,https://www.travelandtourworld.com/news/article/raffles-hotels-resorts-announces-first-alpine-resort-in-courchevel-1850-opening-in-2028-with-offering-an-exclusive-and-refined-experience-in-the-french-alps/,2026-05-14 15:57:26,newsbatch_3_output,2026-05-15
Dillard’s,"Dayton, Ohio area (replacing a Macy's mall anchor)",Opening,Not specified,"opened its first store in the Dayton, Ohio, area","Dillard’s opened its first store in the Dayton, Ohio area replacing a Macy’s mall anchor. The retailer reported 3% retail sales growth and increased gross margin in Q1.",https://www.retaildive.com/news/dillards-new-store-mall-macys-ohio-q1-earnings/820225/,2026-05-14 15:43:11,newsbatch_3_output,2026-05-15
Shake Shack,"Park West Village shopping center off N.C. 54, about 15 miles west of downtown Raleigh",Opening,May 13,"now open / opens its newest North Carolina location in Morrisville on Wednesday, May 13",Shake Shack opened its newest North Carolina location in Morrisville on May 13 at Park West Village. The restaurant is in the former Full Moon Oyster Bar & Seafood Kitchen space and is the 13th in NC. Opening day includes giveaways and $1 sandwich donations to Neighbor Up.,https://www.aol.com/news/first-shake-shack-now-open-140000577.html,2026-05-14 15:09:23,newsbatch_3_output,2026-05-15
"Old Mountain Field Fine Arts, Crafts and Collectables",Matewan (address not specified),Opening,May 16,to host open house and ribbon cutting May 16,"Owners Pauline Sturgill and April White invite the community to an open house and ribbon cutting for Old Mountain Field Fine Arts, Crafts and Collectables on May 16 in Matewan. The business features artists and crafters from West Virginia and Kentucky.",https://www.register-herald.com/news/state_region/old-mountain-field-fine-arts-and-crafts-to-host-open-house-and-ribbon-cutting-may/article_ba4ce9bb-76d9-44ba-b313-b2ebd8fb5d44.html,2026-05-14 15:00:00,newsbatch_3_output,2026-05-15
Texas Roadhouse,"Winter Haven, Florida",Opening,end of June,will open another Texas Roadhouse in Winter Haven by the end of June,Texas Roadhouse will open a new restaurant in Winter Haven by the end of June. It will be the third new Texas Roadhouse in Florida this year. The chain has already opened seven new restaurants in 2026 and has 22 under construction.,https://www.heraldtribune.com/story/entertainment/dining/2026/05/14/texas-roadhouse-opening-restaurant-winter-haven-florida/90066197007/,2026-05-14 14:44:00,newsbatch_3_output,2026-05-15
El Rodeo Taqueria Bar & Grill,"107 W. College St., Bowdon, GA 30108",Opening,"May 23, 2026","set to celebrate grand opening / officially opens its doors on Saturday, May 23, 2026","El Rodeo Taqueria Bar & Grill is set to celebrate its grand opening on May 23, 2026 at 11 a.m. The restaurant brings authentic Mexican cuisine to Bowdon. Owners expressed excitement after months of preparation.",https://thecitymenus.com/2026/05/14/el-rodeo-taqueria-bar-grill-set-to-celebrate-grand-opening-in-bowdon-on-may-23/,2026-05-14 14:25:30,newsbatch_3_output,2026-05-15
Whole Foods Daily Shop,111 Harbor Way in Boston’s Seaport district,Opening,Not specified,will bring its small-format store concept to Boston,"Whole Foods will bring its Daily Shop small-format concept to Boston over the next two years. A lease has been signed at 111 Harbor Way in the Seaport district. The stores will offer fresh produce, prepared foods, bakery items and local suppliers.",https://www.grocerydive.com/news/whole-foods-daily-shop-new-store-opening-Boston-Chicago-Philadelphia-Amazon/820153/,2026-05-14 13:22:40,newsbatch_3_output,2026-05-15
Whole Foods Daily Shop,1200 N. Ashland in Chicago’s Wicker Park neighborhood,Opening,Not specified,will bring its small-format store concept to Chicago,"Whole Foods will bring its Daily Shop small-format concept to Chicago over the next two years. A lease has been signed at 1200 N. Ashland in the Wicker Park neighborhood. The stores will offer fresh produce, prepared foods, bakery items and local suppliers.",https://www.grocerydive.com/news/whole-foods-daily-shop-new-store-opening-Boston-Chicago-Philadelphia-Amazon/820153/,2026-05-14 13:22:40,newsbatch_3_output,2026-05-15
Whole Foods Daily Shop,2221-2225 South St. in Philadelphia,Opening,Not specified,will bring its small-format store concept to Philadelphia,"Whole Foods will bring its Daily Shop small-format concept to Philadelphia over the next two years. A lease has been signed at 2221-2225 South St. The stores will offer fresh produce, prepared foods, bakery items and local suppliers.",https://www.grocerydive.com/news/whole-foods-daily-shop-new-store-opening-Boston-Chicago-Philadelphia-Amazon/820153/,2026-05-14 13:22:40,newsbatch_3_output,2026-05-15
No qualifying business found,N/A,N/A,N/A,N/A,N/A,https://www.mdjonline.com/news/local/asher-rose-said-bankruptcy-due-to-rising-costs-assures-customers-they-will-remain-open/article_d1168dd0-8f73-4658-bb3c-ce897b029d07.html,2026-05-14 13:20:00,newsbatch_3_output,2026-05-15
Poundland,"Eastwood Road, Rayleigh",Closing,May 21,set to shut / closing down,"Poundland’s branch in Eastwood Road, Rayleigh is closing down with 'everything must go' signs in the windows. The store closes on May 21 after being unable to secure new lease terms. It opened in November 2021 and is part of a national restructure.",https://www.echo-news.co.uk/news/26107194.poundland-rayleigh-closing-everything-must-go/,2026-05-14 13:14:04,newsbatch_3_output,2026-05-15
JETSET Pilates,"3330 Piedmont Road NE in the Buckhead Landing center, Buckhead",Opening,May 30 (grand opening; preview classes May 14),Announces Grand Opening / grand opening celebration planned for May 30,"JETSET Pilates announces grand opening in Buckhead at 3330 Piedmont Road NE in the Buckhead Landing center. Preview classes begin May 14 with grand opening celebration May 30 featuring local vendors, DJ and memberships. Owned and operated by Nick and Neo Celeste.",https://www.prnewswire.com/news-releases/jetset-pilates-announces-grand-opening-in-buckhead-bringing-premium-reformer-pilates-to-atlanta-community-302771712.html,2026-05-14 13:07:00,newsbatch_3_output,2026-05-15
No qualifying business found,N/A,N/A,N/A,N/A,N/A,https://www.msn.com/en-us/money/companies/slew-of-new-costco-warehouses-are-opening-soon-here-s-where/ar-AA22EsqE,2026-05-14 12:56:33,newsbatch_3_output,2026-05-15
No qualifying business found,N/A,N/A,N/A,N/A,N/A,https://www.msn.com/en-us/money/companies/applebee-s-franchisee-files-for-bankruptcy-and-closes-10-locations-plus-53-more-at-risk/ar-AA21UPCb?ocid=BingNewsVerp,2026-05-14 12:10:36,newsbatch_3_output,2026-05-15
No qualifying business found,N/A,N/A,N/A,N/A,N/A,https://www.msn.com/en-us/money/companies/beloved-candy-store-lammes-abruptly-closing-all-locations-after-141-years/ar-AA220bQU,2026-05-14 11:44:13,newsbatch_3_output,2026-05-15
No qualifying business found,N/A,N/A,N/A,N/A,N/A,https://www.msn.com/en-us/money/companies/new-store-coming-to-deptford-mall-to-specialize-in-popular-collectibles/ar-AA1O1vNL?apiversion=v2&domshim=1&noservercache=1&noservertelemetry=1&batchservertelemetry=1&renderwebcomponents=1&wcseo=1,2026-05-14 11:08:21,newsbatch_3_output,2026-05-15
No qualifying business found,N/A,N/A,N/A,N/A,N/A,https://www.businesswire.com/news/home/20260513475068/en/Dollar-Tree-Celebrates-Opening-of-New-Distribution-Center-with-Ribbon-Cutting,2026-05-14 11:00:00,newsbatch_3_output,2026-05-15
No qualifying business found,N/A,N/A,N/A,N/A,N/A,https://www.tribdem.com/news/local_news/mount-aloysius-nursing-program-expanding-to-dubois-penn-highlands-healthcare-partnership-evolving/article_970a2a59-fb14-4993-adff-e0515ac00bcf.html,2026-05-14 11:00:00,newsbatch_3_output,2026-05-15
People of Worth,Address not specified,Opening,Not specified,reopening in new location,Article could not be fetched (429 error). Title indicates People of Worth celebrated a reopening in a new location. No further details available.,https://www.journal-news.net/news/business_and_economy/people-of-worth-celebrates-reopening-in-new-location/article_041615de-0a3c-58b6-80a8-cd81b5e4ecea.html,2026-05-13 17:04:00,newsbatch_4_output,2026-05-15
Burlington,"10261 River Marsh Drive, Suite 149, Jacksonville, FL",Opening,"May 15, 2026 (Friday)",grand opening with ribbon-cutting at 8:45 a.m.,"A new Burlington store is set to open Friday near St. Johns Town Center in Jacksonville, marking the chain's 127th Florida location. The grand opening features a ribbon-cutting at 8:45 a.m. and a $5,000 donation presentation benefiting Southside Estates Elementary School. The first 100 customers on Friday and Saturday will receive giveaways.",https://www.aol.com/news/burlington-open-store-near-st-150634483.html,2026-05-13 16:55:56,newsbatch_4_output,2026-05-15
Sablé Boulangerie,"Near Gilbert and Elliot roads, Gilbert, AZ (address not specified)",Opening,Not specified,grand opening celebrated,"Chef Will Porter, a Gilbert native, celebrated the grand opening of his French-style bakery Sablé Boulangerie near Gilbert and Elliot roads. Porter studied under pastry chefs in Paris and previously worked at the Burj Al Arab in Dubai. The menu features classic French pastries including croissants made with 100% French flour and butter from Lyon, France.",https://www.azfamily.com/2026/05/13/viral-chef-celebrates-grand-opening-french-style-bakery-gilbert/,2026-05-13 16:40:00,newsbatch_4_output,2026-05-15
No qualifying business found,N/A,N/A,N/A,N/A,MSN page returned no article content. Title indicates a new street food spot in Gastonia is now open. No extractable details available.,https://www.msn.com/en-us/travel/news/gastonias-new-street-food-spot-is-now-open/ar-AA22G4PT,2026-05-13 16:39:21,newsbatch_4_output,2026-05-15
Raffles Alpine Resort Courchevel 1850,"Courchevel 1850, France (address not specified)",Opening,Winter 2028,set to open Winter 2028,Article could not be fetched (403 error). Title indicates Raffles Hotels plans to open its first alpine resort in Courchevel 1850 for Winter 2028. No further details available.,https://ftnnews.com/travel-news/accommodation/raffles-hotels-to-open-first-alpine-resort-in-courchevel-1850-for-winter-2028/,2026-05-13 16:29:51,newsbatch_4_output,2026-05-15
Pinecrest Bakery,"9929 S. Military Trail, Boynton Beach",Opening,Mid-July 2026,"opening mid-July, per co-owner Joel Rodriguez","This 24-hour Cuban bakery, born in Miami with 25 South Florida locations, is debuting in Boynton West Shopping Center. It is known for bocaditos, cakes, croquetas, and guava-cheese pastelitos. Opening is expected mid-July per co-owner Joel Rodriguez.",https://www.sun-sentinel.com/2026/05/13/4-south-florida-restaurants-that-are-opening-soon-june-july-edition/,2026-05-13 16:27:04,newsbatch_4_output,2026-05-15
Gary Rack's Farmhouse Kitchen,"3314 N. University Drive, Coral Springs",Opening,Mid to late June 2026,"opening mid to late June, per Rack","This will be the first Broward County location for Gary Rack's eponymous boutique restaurant brand and his largest at 3,600 square feet. The menu from chef Demetrio Zavala includes Buffalo Cauliflower, Choppy Chop salad, Nutty Chicken, and Farmhouse Slow-Braised Baby Back Ribs. Opening is expected mid to late June per Rack.",https://www.sun-sentinel.com/2026/05/13/4-south-florida-restaurants-that-are-opening-soon-june-july-edition/,2026-05-13 16:27:04,newsbatch_4_output,2026-05-15
True Vegan,"815 Belvedere Road, West Palm Beach",Opening,Not specified,opening soon (article text cut off),"True Vegan is described as having served vegan fried chicken, pizzas, soft-serve ice cream, and pasta Bolognese on Delray Beach for six months before this new location. The article text was cut off before additional opening details were provided. No opening date was specified in the available text.",https://www.sun-sentinel.com/2026/05/13/4-south-florida-restaurants-that-are-opening-soon-june-july-edition/,2026-05-13 16:27:04,newsbatch_4_output,2026-05-15
No qualifying business found,N/A,N/A,N/A,N/A,MSN page returned no article content. Title indicates the article discusses reasons behind discouraging projections for McDonald's store closures. No extractable business-specific details available.,https://www.msn.com/en-us/money/realestate/is-mcdonald-s-closing-stores-6-reasons-behind-discouraging-projections/ss-AA22DkUq?ocid=iehpStartMenuInternet,2026-05-13 16:15:22,newsbatch_4_output,2026-05-15
Walgreens (Chatham location),Chatham (address not specified),Closing,Not specified,store closing,MSN page returned no article content. Title indicates a townhall meeting was held between Chatham residents and Walgreens officials regarding a store closing. No further details available.,https://www.msn.com/en-us/news/us/townhall-meeting-held-between-chatham-residents-walgreens-officials-regarding-store-closing/ar-AA22ML0F,2026-05-13 16:13:20,newsbatch_4_output,2026-05-15
No qualifying business found,N/A,N/A,N/A,N/A,MSN page returned no article content. Title indicates a Clinton addiction recovery center opened a new location. Not a retail or restaurant business.,https://www.msn.com/en-us/health/other/clinton-addiction-recovery-center-celebrates-2-years-opens-new-location/ar-AA22Ngns,2026-05-13 16:08:41,newsbatch_4_output,2026-05-15
Coushatta Casino Resort (new hotel),Address not specified,Opening,Friday (date not specified),set to open Friday,Article could not be fetched (connection timeout). Title indicates Coushatta Casino Resort's new hotel was set to open Friday but several floors had flooded. No further details available.,https://www.casino.org/news/coushatta-casino-hotel-set-open-friday-several-floors-just-flooded/,2026-05-13 15:50:28,newsbatch_4_output,2026-05-15
Miraval The Red Sea,"Shura Island, Red Sea, Saudi Arabia (address not specified)",Opening,"May 2026 (accepting reservations from May 15, 2026)",officially opening its doors this month,"Miraval The Red Sea is officially opening this month as Miraval Resorts & Spas' first wellness escape outside of the US, with bookings open starting May 15. The luxury all-inclusive wellness resort on Shura Island offers 180 rooms and is open only to guests over 18. It features the largest spa in the Red Sea destination.",https://whatsonsaudiarabia.com/2026/05/bookings-for-miraval-the-red-sea/,2026-05-13 15:46:09,newsbatch_4_output,2026-05-15
No qualifying business found,N/A,N/A,N/A,N/A,MSN page returned no article content. Title indicates Chicken Salad Chick plans a giveaway-packed grand opening in a Texas Hill Country city. No extractable details available.,https://www.msn.com/en-us/foodanddrink/foodnews/chicken-salad-chick-plans-giveaway-packed-grand-opening-in-this-texas-hill-country-city/ar-AA22yN3q,2026-05-13 15:14:26,newsbatch_4_output,2026-05-15
Mazi Table + Bar,"Tower Avenue, Superior, WI (address not specified)",Opening,Not specified,grand opening celebrated,Article could not be fetched (429 error). Title indicates Mazi Table + Bar on Tower Avenue in Superior celebrated its grand opening. No further details available.,https://www.fox21online.com/news/local/mazi-table-bar-on-tower-avenue-in-superior-celebrates-grand-opening/article_0ac852da-8a2b-4f46-8b33-7570e166b4f6.html,2026-05-13 15:01:48,newsbatch_4_output,2026-05-15
SPAR Gran Canaria (El Batán),"129 Párroco Segundo Vega Street, El Batán neighborhood, Las Palmas de Gran Canaria",Opening,Not specified,opening with special promotions through May 14,"SPAR Gran Canaria opened a new store in the El Batán neighborhood of Las Palmas de Gran Canaria, situated between El Batán and San Roque neighborhoods. The 320-square-meter store employs 12 people and offers fresh produce, deli, bakery, and self-service prepared food, as well as home delivery and online shopping. Opening promotions included a campaign active through May 14 raffling 700 SPAR brand product bundles.",https://maspalomas24h.uk/Article/10530/Spar-Gran-Canaria-opens-a-new-store-in-El-Bat%C3%A1n-and-expands-its-offering-in-the-capital,2026-05-13 13:44:32,newsbatch_4_output,2026-05-15
No qualifying business found,N/A,N/A,N/A,N/A,MSN page returned no article content. Title indicates Upshot League is expanding to Nashville in 2027. Not a retail or restaurant business.,https://www.msn.com/en-us/sports/other/upshot-league-expanding-to-nashville-in-2027/ar-AA214Iun,2026-05-13 13:40:48,newsbatch_4_output,2026-05-15
No qualifying business found,N/A,N/A,N/A,N/A,Article page requires JavaScript and returned no content. Title suggests an opinion column about automation and customer service — no specific business opening or closure details.,https://www.shawangunkjournal.com/columns/2026/05/13/open-for-business-customer-service-sacrificed-on-the-altar-of-automation/309eGN,2026-05-13 13:20:33,newsbatch_4_output,2026-05-15
Minelli (all remaining stores),France — multiple locations (addresses not specified),Closing,"May 30, 2026",permanently closing May 30,"French footwear and clothing retailer Minelli, under court-ordered administration for several weeks, announced all remaining stores will permanently close on May 30 after failing to attract a buyer for the full network. Submitted offers were limited to a few isolated outlets or brand-only operations without significant commitments on jobs or network continuity.",https://entrevue.fr/en/entreprises/minelli-annonce-fermer-definitivement-le-30-mai/,2026-05-13 13:13:00,newsbatch_4_output,2026-05-15
Kimpton Ashbel New York,"Park Avenue, Manhattan, New York (address not specified)",Opening,Not specified,grand opening,Article could not be fetched (403 error). Title indicates the grand opening of Kimpton Ashbel New York on Manhattan's Park Avenue. No further details available.,https://www.travelandtourworld.com/news/article/united-states-leads-with-the-grand-opening-of-kimpton-ashbel-new-york-bringing-luxury-and-historic-charm-to-manhattans-park-avenue/,2026-05-13 12:49:58,newsbatch_4_output,2026-05-15
No qualifying business found,N/A,N/A,N/A,N/A,MSN page returned no article content. Title indicates a beloved barbecue chain is closing locations nationwide following a bankruptcy filing. No extractable business-specific details available.,https://www.msn.com/en-us/money/companies/beloved-barbecue-chain-closing-locations-nationwide-following-bankruptcy-filing/ar-AA22iB8s,2026-05-13 11:58:26,newsbatch_4_output,2026-05-15
Aldi,"11755 Fulton St. E., Lowell Township, MI",Opening,Thursday (date not specified in article),grand opening with ribbon-cutting at 8:45 a.m.,"Aldi will celebrate the grand opening of its new Lowell Township store with a ribbon-cutting at 8:45 a.m. and $3,000 in gift card giveaways; the first 200 customers will receive goodie bags and a golden ticket worth up to $100. The store will be open daily from 9 a.m. to 8 p.m. Aldi is opening more than 180 stores across the US this year with a goal of reaching 3,200 total stores by end of 2028.",https://www.woodtv.com/news/kent-county/aldi-to-give-away-3k-in-gift-cards-at-grand-opening-of-lowell-area-store/amp/,2026-05-13 11:25:20,newsbatch_4_output,2026-05-15
No qualifying business found,N/A,N/A,N/A,N/A,N/A,https://www.journal-news.net/news/business_and_economy/people-of-worth-celebrates-reopening-in-new-location/article_041615de-0a3c-58b6-80a8-cd81b5e4ecea.html,2026-05-13 17:04:00,newsbatch_5_output,2026-05-15
Burlington,"10261 River Marsh Drive, Suite 149",Opening,Not specified,set to open Friday / grand opening celebration will begin with a ribbon-cutting ceremony at 8:45 a.m.,"A new Burlington store is set to open Friday in Jacksonville near St. Johns Town Center. The grand opening includes a ribbon-cutting at 8:45 a.m. and a $5,000 donation to Southside Estates Elementary School. This marks Burlington’s 127th store in Florida with an updated store format.",https://www.aol.com/news/burlington-open-store-near-st-150634483.html,2026-05-13 16:55:56,newsbatch_5_output,2026-05-15
Sablé Boulangerie,"near Gilbert and Elliot roads, Gilbert, AZ",Opening,Not specified,celebrating the grand opening,"Chef Will Porter is celebrating the grand opening of his French-style bakery Sablé Boulangerie in Gilbert. The menu includes classic French pastries like croissants, Pain Au Chocolat, baguettes and American classics with a twist. Porter gained followers on social media showcasing his desserts.",https://www.azfamily.com/2026/05/13/viral-chef-celebrates-grand-opening-french-style-bakery-gilbert/,2026-05-13 16:40:00,newsbatch_5_output,2026-05-15
No qualifying business found,N/A,N/A,N/A,N/A,N/A,https://www.msn.com/en-us/travel/news/gastonias-new-street-food-spot-is-now-open/ar-AA22G4PT,2026-05-13 16:39:21,newsbatch_5_output,2026-05-15
No qualifying business found,N/A,N/A,N/A,N/A,N/A,https://ftnnews.com/travel-news/accommodation/raffles-hotels-to-open-first-alpine-resort-in-courchevel-1850-for-winter-2028/,2026-05-13 16:29:51,newsbatch_5_output,2026-05-15
Pinecrest Bakery,"9929 S. Military Trail, Boynton Beach",Opening,Mid-July,expected to open this July,"Pinecrest Bakery, a 24-hour Cuban cafe, is expected to open this July in the Boynton West Shopping Center in Boynton Beach. The chain is known for bocaditos, cakes, croquetas and guava-cheese pastelitos.",https://www.sun-sentinel.com/2026/05/13/4-south-florida-restaurants-that-are-opening-soon-june-july-edition/,2026-05-13 16:27:04,newsbatch_5_output,2026-05-15
Gary Rack’s Farmhouse Kitchen,"3314 N. University Drive, Coral Springs",Opening,Mid to late June,opening soon,"Gary Rack’s Farmhouse Kitchen will open its first Broward County location in Coral Springs mid to late June. The 3,600 square foot restaurant will serve dishes including Buffalo Cauliflower, Choppy Chop salad, Nutty Chicken and Farmhouse Slow-Braised Baby Back Ribs.",https://www.sun-sentinel.com/2026/05/13/4-south-florida-restaurants-that-are-opening-soon-june-july-edition/,2026-05-13 16:27:04,newsbatch_5_output,2026-05-15
True Vegan,"815 Belvedere Road, West Palm Beach",Opening,Not specified,opening soon,"True Vegan is opening at 815 Belvedere Road in West Palm Beach after operating in Delray Beach. The restaurant serves vegan fried chicken, pizzas, soft-serve ice cream and pasta Bolognese.",https://www.sun-sentinel.com/2026/05/13/4-south-florida-restaurants-that-are-opening-soon-june-july-edition/,2026-05-13 16:27:04,newsbatch_5_output,2026-05-15
No qualifying business found,N/A,N/A,N/A,N/A,N/A,https://www.msn.com/en-us/money/realestate/is-mcdonald-s-closing-stores-6-reasons-behind-discouraging-projections/ss-AA22DkUq?ocid=iehpStartMenuInternet,2026-05-13 16:15:22,newsbatch_5_output,2026-05-15
No qualifying business found,N/A,N/A,N/A,N/A,N/A,https://www.msn.com/en-us/news/us/townhall-meeting-held-between-chatham-residents-walgreens-officials-regarding-store-closing/ar-AA22ML0F,2026-05-13 16:13:20,newsbatch_5_output,2026-05-15
No qualifying business found,N/A,N/A,N/A,N/A,N/A,https://www.msn.com/en-us/health/other/clinton-addiction-recovery-center-celebrates-2-years-opens-new-location/ar-AA22Ngns?apiversion=v2&domshim=1&noservercache=1&noservertelemetry=1&batchservertelemetry=1&renderwebcomponents=1&wcseo=1,2026-05-13 16:08:41,newsbatch_5_output,2026-05-15
No qualifying business found,N/A,N/A,N/A,N/A,N/A,https://www.casino.org/news/coushatta-casino-hotel-set-open-friday-several-floors-just-flooded/,2026-05-13 15:50:28,newsbatch_5_output,2026-05-15
Miraval The Red Sea,Shura Island,Opening,this month,officially opening its doors this month,"Bookings are now open for Miraval The Red Sea, which is officially opening this month. The 180-room luxury wellness resort on Shura Island is for guests over 18 and is Miraval’s first outside the US. Reservations start May 15.",https://whatsonsaudiarabia.com/2026/05/bookings-for-miraval-the-red-sea/,2026-05-13 15:46:09,newsbatch_5_output,2026-05-15
No qualifying business found,N/A,N/A,N/A,N/A,N/A,https://www.msn.com/en-us/foodanddrink/foodnews/chicken-salad-chick-plans-giveaway-packed-grand-opening-in-this-texas-hill-country-city/ar-AA22yN3q,2026-05-13 15:14:26,newsbatch_5_output,2026-05-15
No qualifying business found,N/A,N/A,N/A,N/A,N/A,https://www.fox21online.com/news/local/mazi-table-bar-on-tower-avenue-in-superior-celebrates-grand-opening/article_0ac852da-8a2b-4f46-8b33-7570e166b4f6.html,2026-05-13 15:01:48,newsbatch_5_output,2026-05-15
SPAR Gran Canaria,"129 Párroco Segundo Vega Street, El Batán neighborhood, Las Palmas de Gran Canaria",Opening,Not specified,opens a new store,"SPAR Gran Canaria opens a new store in the El Batán neighborhood of Las Palmas de Gran Canaria at 129 Párroco Segundo Vega Street. The 320 square meter store creates 12 new jobs and offers fresh products, home delivery and online shopping.",https://maspalomas24h.uk/Article/10530/Spar-Gran-Canaria-opens-a-new-store-in-El-Bat%C3%A1n-and-expands-its-offering-in-the-capital,2026-05-13 13:44:32,newsbatch_5_output,2026-05-15
No qualifying business found,N/A,N/A,N/A,N/A,N/A,https://www.msn.com/en-us/sports/other/upshot-league-expanding-to-nashville-in-2027/ar-AA214Iun?apiversion=v2&domshim=1&noservercache=1&noservertelemetry=1&batchservertelemetry=1&renderwebcomponents=1&wcseo=1&bundles=feat-es2020-t,2026-05-13 13:40:48,newsbatch_5_output,2026-05-15
No qualifying business found,N/A,N/A,N/A,N/A,N/A,https://www.shawangunkjournal.com/columns/2026/05/13/open-for-business-customer-service-sacrificed-on-the-altar-of-automation/309eGN,2026-05-13 13:20:33,newsbatch_5_output,2026-05-15
Minelli,Address not specified,Closing,May 30th,permanent closure on May 30th / remaining stores will close on May 30th,The French retailer Minelli is preparing to close its doors for good. The remaining stores will close on May 30th after failing to attract a buyer. The closure marks the end of the brand in French city centers and shopping malls.,https://entrevue.fr/en/entreprises/minelli-annonce-fermer-definitivement-le-30-mai/,2026-05-13 13:13:00,newsbatch_5_output,2026-05-15
No qualifying business found,N/A,N/A,N/A,N/A,N/A,https://www.travelandtourworld.com/news/article/united-states-leads-with-the-grand-opening-of-kimpton-ashbel-new-york-bringing-luxury-and-historic-charm-to-manhattans-park-avenue/,2026-05-13 12:49:58,newsbatch_5_output,2026-05-15
No qualifying business found,N/A,N/A,N/A,N/A,N/A,https://www.msn.com/en-us/money/companies/beloved-barbecue-chain-closing-locations-nationwide-following-bankruptcy-filing/ar-AA22iB8s,2026-05-13 11:58:26,newsbatch_5_output,2026-05-15
Aldi,11755 Fulton St. E. near Alden Nash Avenue SE in Lowell Township,Opening,Not specified,grand opening of its new store,"Aldi will celebrate the grand opening of its new store at 11755 Fulton St. E. in Lowell Township with a ribbon-cutting at 8:45 a.m. The first 200 customers receive goodie bags and golden tickets for gift cards totaling $3,000. The store will be open 9 a.m. to 8 p.m. daily.",https://www.woodtv.com/news/kent-county/aldi-to-give-away-3k-in-gift-cards-at-grand-opening-of-lowell-area-store/amp/,2026-05-13 11:25:20,newsbatch_5_output,2026-05-15
Point Park (Longport),"Longport, NJ (southernmost tip; full address not specified)",Opening,Not specified,now open,"Longport's Point Park at the borough's most southern tip is now open, with the safety fence removed. Improvements include a new water fountain for people and dogs, two new bike racks, and nine parking spaces. Additional landscaping, light poles, benches, and beach cleanup are still to come as the project nears completion.",https://downbeachbuzz.com/longport-point-park-now-open/,2026-05-13 11:20:33,newsbatch_6_output,2026-05-15
No qualifying business found,N/A,N/A,N/A,N/A,Article could not be fetched (robots.txt disallowed). No content available for extraction.,https://www.msn.com/en-us/money/companies/pizza-chain-shuts-down-all-us-locations-and-files-for-bankruptcy-after-50-years/ss-AA21g99B,2026-05-13 11:18:31,newsbatch_6_output,2026-05-15
No qualifying business found,N/A,N/A,N/A,N/A,Article could not be fetched (read timeout). No content available for extraction.,https://www.idahocountyfreepress.com/news/grangeville-city-council-farmers-market-expanding-to-tuesdays/article_87a92057-55be-4f36-87f3-0baef4fbe56c.html,2026-05-13 11:00:00,newsbatch_6_output,2026-05-15
Lidl (Co Antrim),"Co Antrim, Northern Ireland, UK (full address not specified)",Opening,Not specified,planning to build new store,Article could not be fetched (403 Forbidden). Title indicates Lidl is planning to build a new store in Co Antrim. Title-only extraction.,https://www.belfasttelegraph.co.uk/business/ulster-business/news/lidl-planning-to-build-new-store-in-co-antrim/a/151538405.html,2026-05-13 09:44:23,newsbatch_6_output,2026-05-15
No qualifying business found,N/A,N/A,N/A,N/A,"Article returned no text content. The article covers a groundbreaking for a tennis complex expansion, not a retail or restaurant opening or closure.",https://www.azfamily.com/video/2026/05/13/video-mount-pleasant-breaks-ground-mugsy-kerr-tennis-complex-expansion/,2026-05-13 09:36:40,newsbatch_6_output,2026-05-15
Five Guys (Causeway Bay),"Causeway Bay, Hong Kong (full address not specified)",Closing,Not specified,reportedly ceases operations,Article could not be fetched (403 Forbidden). Title indicates the Five Guys Causeway Bay outlet has reportedly ceased operations. Title-only extraction.,https://www.dimsumdaily.hk/five-guys-causeway-bay-outlet-reportedly-ceases-operations/,2026-05-13 09:30:53,newsbatch_6_output,2026-05-15
Anantara Somabay Resort & Residences,"Somabay, Egypt (full address not specified)",Opening,May 2030,opening in May 2030,"Article could not be fetched (403 Forbidden). Title indicates Minor Hotels signed the Anantara Somabay Resort & Residences in Egypt, featuring 300 new hotel keys and 150 residential units, with opening planned for May 2030. Title-only extraction.",https://www.travelandtourworld.com/news/article/minor-hotels-signs-anantara-somabay-resort-residences-in-egypt-with-marking-a-major-expansion-with-three-hundred-new-hotel-keys-and-one-hundred-and-fifty-residential-units-opening-in-may-2030/,2026-05-13 09:24:06,newsbatch_6_output,2026-05-15
Whole Foods Market (Notting Hill Gate),"Notting Hill Gate, London, UK (full address not specified)",Opening,Not specified,set to open new location,Article body returned only unrelated promotional content (Ikea/Chupa Chups). Title indicates Whole Foods Market is set to open a new location in Notting Hill Gate. Title-only extraction.,https://www.grocerygazette.co.uk/2026/05/13/whole-foods-market-set-to-open-new-location-in-notting-hill-gate/,2026-05-13 09:09:24,newsbatch_6_output,2026-05-15
Rotana Ras Al Khaimah – The Mangroves,"Ras Al Khaimah, UAE (full address not specified)",Opening,Not specified,opening soon,"Rotana Ras Al Khaimah – The Mangroves is an upcoming 258-key property set within Ras Al Khaimah's mangrove landscape, being positioned as a fully integrated lifestyle destination blending business, leisure, events, wellness, and waterfront relaxation. The property will feature premium rooms and suites overlooking the mangroves, along with one of RAK's largest pillar-free ballrooms. No opening date has been specified in the article.",https://wow-rak.com/rotana-ras-al-khaimah-the-mangroves/,2026-05-13 08:06:16,newsbatch_6_output,2026-05-15
No qualifying business found,N/A,N/A,N/A,N/A,Article could not be fetched (robots.txt disallowed). No content available for extraction.,https://www.msn.com/en-us/sports/nhl/steelbound-brewery-opens-new-location/ar-AA233w2R,2026-05-13 07:42:19,newsbatch_6_output,2026-05-15
No qualifying business found,N/A,N/A,N/A,N/A,Article could not be fetched (robots.txt disallowed). No content available for extraction.,https://www.msn.com/en-us/foodanddrink/foodnews/one-of-the-bay-areas-defining-asian-american-bakeries-is-opening-soon-in-alameda/ar-AA22D2iJ,2026-05-13 07:36:34,newsbatch_6_output,2026-05-15
No qualifying business found,N/A,N/A,N/A,N/A,Article could not be fetched (robots.txt disallowed). No content available for extraction.,https://www.msn.com/en-us/news/us/mambo-seafood-stuns-by-closing-all-locations-in-shocking-san-antonio-exit/ar-AA22xqcQ,2026-05-13 06:53:59,newsbatch_6_output,2026-05-15
Boost Juice – Robina,"Robina, Gold Coast, QLD, Australia (full address not specified)",Closing,"On or around May 1, 2026",temporarily closed (company wound up in liquidation),"Abadell Pty Ltd, the franchise operator running four Gold Coast Boost Juice stores, was wound up in the Federal Court on May 1 following legal action linked to unpaid tax debts, with liquidator Helen Newman from BDO Advisory appointed. All four stores are now listed as ""temporarily closed"" online, with some having served customers for more than 20 years. The Robina store had been operating since 2009.",https://7news.com.au/news/four-long-running-gold-coast-boost-juice-stores-close-after-franchise-operator-goes-into-liquidation-c-22278174,2026-05-13 05:39:00,newsbatch_6_output,2026-05-15
Boost Juice – Australia Fair,"Australia Fair, Gold Coast, QLD, Australia (full address not specified)",Closing,"On or around May 1, 2026",temporarily closed (company wound up in liquidation),"Abadell Pty Ltd, the franchise operator running four Gold Coast Boost Juice stores, was wound up in the Federal Court on May 1 following legal action linked to unpaid tax debts. The Australia Fair store had been operating since 2006 and is now listed as ""temporarily closed"" online.",https://7news.com.au/news/four-long-running-gold-coast-boost-juice-stores-close-after-franchise-operator-goes-into-liquidation-c-22278174,2026-05-13 05:39:00,newsbatch_6_output,2026-05-15
Boost Juice – Paradise Centre,"Paradise Centre, Gold Coast, QLD, Australia (full address not specified)",Closing,"On or around May 1, 2026",temporarily closed (company wound up in liquidation),"Abadell Pty Ltd, the franchise operator running four Gold Coast Boost Juice stores, was wound up in the Federal Court on May 1 following legal action linked to unpaid tax debts. The Paradise Centre store had been operating since 2003 and is now listed as ""temporarily closed"" online.",https://7news.com.au/news/four-long-running-gold-coast-boost-juice-stores-close-after-franchise-operator-goes-into-liquidation-c-22278174,2026-05-13 05:39:00,newsbatch_6_output,2026-05-15
Boost Juice – Surfers Paradise,"Surfers Paradise, Gold Coast, QLD, Australia (full address not specified)",Closing,"On or around May 1, 2026",temporarily closed (company wound up in liquidation),"Abadell Pty Ltd, the franchise operator running four Gold Coast Boost Juice stores, was wound up in the Federal Court on May 1 following legal action linked to unpaid tax debts. The Surfers Paradise store had been operating since 2004 and is now listed as ""temporarily closed"" online.",https://7news.com.au/news/four-long-running-gold-coast-boost-juice-stores-close-after-franchise-operator-goes-into-liquidation-c-22278174,2026-05-13 05:39:00,newsbatch_6_output,2026-05-15
No qualifying business found,N/A,N/A,N/A,N/A,"Article returned no text content. The article covers a professional women's hockey league expansion to Las Vegas, not a retail or restaurant event.",https://www.kptv.com/video/2026/05/13/professional-womens-hockey-league-expanding-las-vegas/,2026-05-13 05:35:00,newsbatch_6_output,2026-05-15
No qualifying business found,N/A,N/A,N/A,N/A,Article could not be fetched (robots.txt disallowed). No content available for extraction.,https://www.msn.com/en-us/money/companies/beloved-pizza-chain-shutters-all-of-its-locations-decision-did-not-come-easily/ar-AA22dDKo,2026-05-13 04:59:36,newsbatch_6_output,2026-05-15
El Pollo Loco (Redding),"Churn Creek Road, Redding, CA (full address not specified)",Opening,"Not specified (grand opening coming soon as of May 12, 2026)",has opened; grand opening soon,"El Pollo Loco has opened on Churn Creek Road in Redding, California, with a grand opening event coming soon. The article is primarily a photo gallery with minimal text. No specific address or grand opening date is provided in the available article text.",https://krcrtv.com/news/local/gallery/its-official-el-pollo-loco-has-opened-in-redding-with-a-grand-opening-soon,2026-05-13 00:42:18,newsbatch_6_output,2026-05-15
No qualifying business found,N/A,N/A,N/A,N/A,Article could not be fetched (robots.txt disallowed). No content available for extraction.,https://www.msn.com/en-us/travel/tripideas/chicago-breakfast-institution-expands-with-new-location/ar-AA232I0s,2026-05-13 00:40:47,newsbatch_6_output,2026-05-15
Shantell's Just Until,"Downtown Sanford, FL (full address not specified)",Closing,"May 15, 2026",closing its doors,"Shantell's Just Until restaurant and lounge in downtown Sanford is closing on Friday, May 15, 2026, following the owner Chantelle Williams's serious injuries sustained in a crash during Bike Week in Daytona Beach in March. Williams operated the restaurant for more than a decade but decided through her recovery that it was time to start something new. She has indicated plans to return with something new at the same building with a new partner.",https://www.wesh.com/article/beloved-sanford-restaurant-announces-closure/71306364,2026-05-14 21:39:00,newsbatch_6_output,2026-05-15
Patty Shack,"2121 S. Kinnickinnic Ave., Bay View (Milwaukee), WI",Closing,"May 8, 2026 (eviction notice date); confirmed May 10, 2026",permanently closed,"Patty Shack, a Utah-based burger restaurant that opened its first out-of-state location in Bay View in 2023, has permanently closed after being evicted. An eviction notice dated May 8 was posted on the front window, and the business confirmed permanent closure in a Facebook comment on May 10. Landlord Baylawn Properties LLC had filed a small claims complaint against the owner in March over unpaid rent.",https://www.aol.com/news/bay-view-burger-restaurant-closed-195501561.html,2026-05-14 21:31:57,newsbatch_6_output,2026-05-15
No qualifying business found,N/A,N/A,N/A,N/A,Article could not be fetched (403 Forbidden). No content available for extraction.,https://www.inc.com/lucia-auerbach/popular-mexican-restaurant-chain-only-has-one-location-left/91345011,2026-05-14 21:31:24,newsbatch_6_output,2026-05-15
Climb Nittany,"328 Discovery Drive, Boalsburg",Closing,"May 31, 2026","will close for the last time at 6 p.m. Sunday, May 31","Centre County's only rock climbing gym announced it will close at 6 p.m. on May 31 after six years in business, citing unsustainable occupancy costs after exhausting every restructuring option. The gym opened in October 2020 and offered rope climbing, bouldering, and various training programs. The announcement on Instagram and Facebook drew hundreds of reactions from disappointed customers.",https://www.aol.com/news/centre-county-only-rock-climbing-180507675.html,2026-05-14 20:28:58,newsbatch_7_output,2026-05-15
Cub Foods (multiple locations),Address not specified,Closing,Not specified,"closes stores, exits key markets","Article could not be fetched (403 error). Title indicates a longtime grocery chain is closing stores and exiting key markets, identified as Cub Foods. No further details available.",https://www.thestreet.com/retail/longtime-grocery-chain-closes-stores-exits-key-markets-cub-foods,2026-05-14 20:13:55,newsbatch_7_output,2026-05-15
Acapulco (38 locations),Address not specified,Closing,Not specified,closed 38 locations,Article could not be fetched (403 error). Title indicates a 66-year-old Mexican restaurant chain called Acapulco closed 38 locations with 1 remaining. No further details available.,https://www.thestreet.com/restaurants/mexican-chain-acapulco-closes-38-locations-1-remains,2026-05-14 20:09:33,newsbatch_7_output,2026-05-15
GIANT (Everett),"250 West Main Street, Everett, PA",Opening,"May 15, 2026","officially open its doors to the public Friday, May 15","The former Everett Foodliner location is set to reopen as a new GIANT grocery store on Friday, May 15, with a ribbon cutting at 7:30 a.m. and doors open to all at 8 a.m. The location was purchased by the GIANT company in February alongside Saxton Market, and both have since been renovated. The store will operate 7 a.m. to 9 p.m. seven days a week.",https://www.aol.com/news/giant-grocery-store-ready-open-165248324.html,2026-05-14 19:07:27,newsbatch_7_output,2026-05-15
No qualifying business found,N/A,N/A,N/A,N/A,MSN page returned no article content. Title indicates a new discount grocery store is coming to Manassas. No extractable details available.,https://www.msn.com/en-us/money/companies/new-discount-grocery-store-coming-to-manassas/ar-AA22n8FD,2026-05-14 19:00:53,newsbatch_7_output,2026-05-15
No qualifying business found,N/A,N/A,N/A,N/A,Article content did not load meaningfully. The article discusses Mercadona supermarket hours on Saint Isidore's Day — no specific opening or closing event details were extractable.,https://www.democrata.es/en/society/do-mercadona-open-this-may-15-supermarket-hours-on-saint-isidore-s-day/,2026-05-14 18:54:00,newsbatch_7_output,2026-05-15
Thien Phat,"3330 Rainier Ave. S, Seattle",Closing,Not specified,hopes to stay open; faces potential eviction,"A mother-daughter-owned Vietnamese restaurant in Seattle's Rainier Valley is facing potential eviction after its landlord demanded faster repayment of nearly $40,000 in pandemic-era debt. The owners launched an online fundraiser and are calling for increased city patrols while inviting neighbors to dine and use catering to keep the business open. No closure date has been announced.",https://www.aol.com/news/seattle-vietnamese-restaurant-hopes-community-142331391.html,2026-05-14 18:38:10,newsbatch_7_output,2026-05-15
Dog Haus,"Crescent Centre Drive, Franklin, TN (address not specified)",Opening,"May 14, 2026","opened today, May 14, 2026","Dog Haus opened its second Tennessee location on Crescent Centre Drive in Franklin on May 14, 2026, owned by Nashville resident Michael Deak, a former general manager with the brand. The restaurant is celebrating with promotions benefiting Centennial High School Athletics, including a $3 donation for a free menu item from May 14–17. The brand operates more than 50 locations nationwide and is known for its burgers, hot dogs, sausages, and King's Hawaiian buns.",https://whatnow.com/nashville/restaurants/a-fast-growing-u-s-restaurant-chain-opens-new-tennessee-location/,2026-05-14 18:04:28,newsbatch_7_output,2026-05-15
No qualifying business found (paywall),N/A,N/A,N/A,N/A,Article could not be fetched (403 error). Title indicates a go-to college bar and restaurant in Downtown Boston is closing after 15 years. No further details available.,https://www.masslive.com/boston/2026/05/go-to-college-bar-restaurant-in-downtown-boston-to-close-after-15-years.html,2026-05-14 17:37:00,newsbatch_7_output,2026-05-15
Village Green,"Downtown Ridgewood, NJ (address not specified)",Closing,"Approximately early June 2026 (three weeks from May 14, 2026)",will close for good in three weeks,"Village Green, a fine dining restaurant that opened in Ridgewood in 1989, announced it will permanently close approximately three weeks after its May 14 announcement after a new landlord purchased the building and lease negotiations failed. Owner Kevin Portscher has operated the restaurant for the past 15 years and says he is exploring his next steps.",https://patch.com/new-jersey/ridgewood/amp/34125012/restaurant-in-ridgewood-will-close-after-37-years,2026-05-14 17:22:12,newsbatch_7_output,2026-05-15
MAKE Café,"4712 Felton Street, San Diego, CA 92116",Opening,Not specified,construction has begun; no exact opening date yet,"MAKE Café is moving forward with plans for a new restaurant on Felton Street in Normal Heights, San Diego, according to a recent liquor license application. Construction has begun and will include a 900-square-foot commercial kitchen, a 48-seat dining room, an outdoor bar, and a culinary garden at the former Jackson Electric Company site. No exact opening date has been announced.",https://whatnow.com/san-diego/restaurants/make-cafe-to-open-restaurant-in-san-diego/,2026-05-14 17:16:02,newsbatch_7_output,2026-05-15
A Great Good Place for Books,"Montclair Village, Oakland, CA (address not specified)",Closing,Mid-June 2026,winding down its operations; last day will be in mid-June,"A Great Good Place for Books, an independent bookstore and community staple in Oakland's Montclair Village for over two decades, is closing in mid-June for financial reasons. Owner Kathleen Caldwell announced in April that revenue had been significantly down since January, with foot traffic slowing since the prior July. Several other stores in Montclair Village have also shuttered in recent months.",https://www.sfgate.com/sf-culture/article/oakland-bookstore-closing-montclair-22259109.php,2026-05-14 16:28:04,newsbatch_7_output,2026-05-15
No qualifying business found,N/A,N/A,N/A,N/A,Facebook post page returned no article content. Title references a family convenience store being recognized. No extractable business opening or closure details available.,https://www.facebook.com/theliverpoolecho/posts/family-ecstatic-to-be-behind-one-of-the-best-convenience-stores/1323446789881594/,2026-05-14 16:13:04,newsbatch_7_output,2026-05-15
FrankieLynn Hot Dogs,"Old Brooklyn, Cleveland, OH (address not specified)",Opening,Not specified,opening permanent restaurant,Article could not be fetched (403 error). Title indicates FrankieLynn Hot Dogs cart is opening a permanent restaurant in Cleveland's Old Brooklyn. No further details available.,https://www.cleveland.com/entertainment/2026/05/frankielynn-hot-dogs-cart-opening-permanent-restaurant-in-clevelands-old-brooklyn.html,2026-05-14 16:13:00,newsbatch_7_output,2026-05-15
J. Crew Factory Store,"Maple Tree Place shopping center, Williston, VT (address not specified)",Opening,"Thursday, May 14, 2026",officially opened on Thursday,"J. Crew Factory Store officially opened at Maple Tree Place shopping center in Williston on Thursday, carrying men's and women's apparel and accessories. The store occupies the former location of Agave Taco and Tequila Casa, which closed in October 2024. Additional grand opening promotions and in-store events were said to be announced in the coming days.",https://www.mynbc5.com/article/j-crew-factory-store-williston-vermont/71306500,2026-05-14 16:06:00,newsbatch_7_output,2026-05-15
Potbelly Sandwich Works (Deerwood Village),"9908 Old Baymeadows Road, Jacksonville, FL",Opening,"May 15, 2026 (grand opening May 16)",expects to open May 15; grand opening May 16,"Potbelly Sandwich Works expects to open its first Jacksonville location on May 15 at Deerwood Village shopping center, with a grand opening celebration on May 16. The roughly 1,566-square-foot restaurant with about 20 seats is the first of seven planned Jacksonville locations, owned by franchise owner Patrick Prendergast.",https://www.aol.com/entertainment/potbelly-sets-opening-date-first-145126418.html,2026-05-14 15:42:13,newsbatch_7_output,2026-05-15
Potbelly Sandwich Works (Hodges Station),"13529 Beach Blvd., Suite 101, Jacksonville, FL",Opening,Mid-June 2026 (anticipated),hoping for a mid-June opening,"A second Jacksonville Potbelly location at Hodges Station shopping center in the Intracoastal West area is already moving forward, with franchise owner Patrick Prendergast hoping for a mid-June opening. The buildout is estimated at $600,000. This is the second of seven planned Jacksonville Potbelly locations.",https://www.aol.com/entertainment/potbelly-sets-opening-date-first-145126418.html,2026-05-14 15:42:13,newsbatch_7_output,2026-05-15
Bain Barbecue (Germantown),"Germantown, TN (address not specified)",Opening,Not specified,ready to open,Article could not be fetched (403 error). Title indicates a Bain Barbecue is expanding to Germantown with a new restaurant ready to open. No further details available.,https://www.bizjournals.com/memphis/news/2026/05/14/bain-barbecue-expands-to-germantown-new-restaurant.html,2026-05-14 15:41:00,newsbatch_7_output,2026-05-15
No qualifying business found,N/A,N/A,N/A,N/A,Article is an industry report on Europe's hotel construction pipeline at Q1 2026 — no specific individual business opening or closure details.,https://www.hotel-online.com/news/europes-hotel-construction-pipeline-grows-and-the-early-planning-stage-hits-a-record-high-project-total-at-q1-2026-close,2026-05-14 15:38:35,newsbatch_7_output,2026-05-15
Shaw's (Marlborough),"Marlborough, MA (address not specified)",Opening,This month (May 2026),opening this month,MSN page returned no article content. Title indicates a Shaw's grocery store in Marlborough is opening this month. No further extractable details available.,https://www.msn.com/en-us/money/companies/shaw-s-grocery-store-in-marlborough-opening-this-month/ar-AA22VZFT,2026-05-14 15:38:18,newsbatch_7_output,2026-05-15
McDonald's (Kingsteignton),"Former Beefeater / The Grandstand site, Kingsteignton (address not specified)",Opening,"Not specified (planning decision due by July 8, 2026)",planning application submitted; awaiting decision by July 8,"McDonald's has submitted a planning application (reference 26/00677/FUL) to open a new restaurant in the former Beefeater site known as The Grandstand in Kingsteignton, which closed in July 2024. The application seeks permission for alterations including replacement HVAC, a new entrance, full interior refurbishment, and a new kitchen. Teignbridge Council is due to make a decision by July 8.",https://www.dawlish-today.co.uk/articles/mcdonald-s-to-open-new-restaurant-in-kingsteignton-s-former-beefeater-907052,2026-05-14 15:34:47,newsbatch_7_output,2026-05-15
Escapology (Park North expansion),"602 NW Loop 410, Suite 142, San Antonio, TX",Opening,September 2026,planned for September 2026,"Escapology is expanding its existing Park North location in San Antonio by taking over an adjacent 2,000-square-foot shell space. The expansion will add two new high-tech game rooms and two party rooms to increase capacity for larger groups and corporate events. The opening is planned for September 2026 after facing delays from construction and permitting processes.",https://whatnow.com/san-antonio/retail/escapology-expanding-park-north-san-antonio-location-with-new-high-tech-escape-rooms-and-party-spaces/,2026-05-14 15:29:54,newsbatch_8_output,2026-05-15
Brickstone Brewhouse & Tavern,"1736 Broadway, Raynham, MA",Opening,"May 25, 2026",will open its doors for the first time at 4 p.m. May 25,"Brickstone Brewhouse & Tavern will open for the first time at 4 p.m. on May 25 at 1736 Broadway in Raynham. The restaurant will offer 24 beers on tap, handcrafted cocktails, brick oven pizzas, Wagyu burgers, and comfort food in a social, family-friendly atmosphere. The team has been sharing menu previews and staff introductions on social media ahead of opening day.",https://www.aol.com/articles/raynham-restaurant-brickstone-brewhouse-set-151303130.html,2026-05-14 15:19:17,newsbatch_8_output,2026-05-15
Restaurant Foraged at Patowmack Farm,"42461 Lovettsville Rd., Lovettsville, VA",Opening,"May 14, 2026",officially opens,"Restaurant Foraged at Patowmack Farm, led by chef Chris Amendola, officially opened on May 14, 2026, in the space formerly occupied by Restaurant at Patowmack Farm, which closed at the end of August 2025. The farm-to-table concept features a five-course tasting menu centered on locally sourced, hyper-seasonal ingredients from the farm and nearby producers. A grand opening event is planned for May 21, 2026.",https://northernvirginiamag.com/food-and-drink/food-news/2026/05/14/2-highly-anticipated-fine-dining-restaurants-are-opening-in-northern-virginia/,2026-05-14 15:01:50,newsbatch_8_output,2026-05-15
Restaurant at Patowmack Farm,"42461 Lovettsville Rd., Lovettsville, VA",Closing,End of August 2025,closed at the end of August 2025,"The former Restaurant at Patowmack Farm closed at the end of August 2025 after being a mainstay on Northern Virginia Magazine's annual 50 Best Restaurants list, reaching the No. 1 spot in 2024. Its space has since been taken over by the new Restaurant Foraged at Patowmack Farm concept.",https://northernvirginiamag.com/food-and-drink/food-news/2026/05/14/2-highly-anticipated-fine-dining-restaurants-are-opening-in-northern-virginia/,2026-05-14 15:01:50,newsbatch_8_output,2026-05-15
Clarity (Reston),"Reston, VA (full address not specified)",Opening,May 2026,set to open this month,"Clarity, described as a modern American restaurant, is set to open this month at a new Reston, Virginia location. The article provides no further address details or specific opening date beyond ""this month.""",https://northernvirginiamag.com/food-and-drink/food-news/2026/05/14/2-highly-anticipated-fine-dining-restaurants-are-opening-in-northern-virginia/,2026-05-14 15:01:50,newsbatch_8_output,2026-05-15
"Wawa (Clarksville, TN)","Clarksville, TN (full address not specified)",Opening,"June 18, 2026",will open on June 18,"Wawa will open its first convenience store in Tennessee on June 18, 2026, in Clarksville, a city approximately 50 miles northwest of Nashville. The opening comes about four years after the retailer first announced plans to enter Tennessee in June 2022. Tennessee will mark Wawa's 14th state of operation.",https://www.cstoredive.com/news/wawa-to-open-first-tennessee-c-store-in-june/820186/,2026-05-14 14:23:42,newsbatch_8_output,2026-05-15
No qualifying business found,N/A,N/A,N/A,N/A,"Article covers asylum seekers being relocated from the Brook Hotel in Bowthorpe to properties in Watton, Norfolk. No retail or restaurant opening or closure information is present.",https://www.edp24.co.uk/news/26105268.asylum-seekers-moved-brook-hotel-bowthorpe/,2026-05-14 14:10:00,newsbatch_8_output,2026-05-15
The North Face (Leawood),"Leawood, KS (full address not specified)",Closing,Not specified,closes Leawood store,"Article could not be fetched (403 Forbidden). Title indicates The North Face has closed its Leawood store, leaving Johnson County. Title-only extraction.",https://johnsoncountypost.com/2026/05/14/leawood-the-north-face-closes-286273/,2026-05-14 14:00:25,newsbatch_8_output,2026-05-15
No qualifying business found,N/A,N/A,N/A,N/A,Article could not be fetched (robots.txt disallowed). No content available for extraction.,https://www.msn.com/en-us/travel/news/four-seasons-resort-and-residences-puerto-rico-ready-to-open-doors-this-november-how-to-book/ar-AA1NiSqH,2026-05-14 13:39:17,newsbatch_8_output,2026-05-15
No qualifying business found,N/A,N/A,N/A,N/A,"Article discusses broader NYC restaurant closure trends without naming a specific qualifying business, address, or confirmed event date. No extractable business meets the required fields.",https://airguide.info/nyc-restaurant-closure-iconic-manhattan-restaurants/,2026-05-14 13:33:15,newsbatch_8_output,2026-05-15
Target (Verrado Marketplace),"Verrado Marketplace, Buckeye, AZ (full address not specified)",Opening,"May 17, 2026",will be the first anchor tenant to open on May 17,"Seven new tenants will open this month at Verrado Marketplace, a 500,000-square-foot shopping center in Buckeye, approximately 35 miles outside Phoenix. Target, spanning 148,000 square feet, will be the first anchor tenant to open on May 17. Additional tenants including Buckle, Ulta Beauty, Bath & Body Works, Famous Footwear, Marshalls, and HomeGoods are also in the first wave of openings.",https://rebusinessonline.com/seven-new-tenants-to-open-at-verrado-marketplace-shopping-center-in-metro-phoenix/,2026-05-14 13:14:12,newsbatch_8_output,2026-05-15
Buckle (Verrado Marketplace),"Verrado Marketplace, Buckeye, AZ (full address not specified)",Opening,May 2026,will open this month,"Buckle is among seven new tenants opening this month at Verrado Marketplace in Buckeye, AZ as part of the first wave of the 500,000-square-foot shopping center's openings. No specific date beyond May 2026 is provided for Buckle.",https://rebusinessonline.com/seven-new-tenants-to-open-at-verrado-marketplace-shopping-center-in-metro-phoenix/,2026-05-14 13:14:12,newsbatch_8_output,2026-05-15
Ulta Beauty (Verrado Marketplace),"Verrado Marketplace, Buckeye, AZ (full address not specified)",Opening,May 2026,will open this month,"Ulta Beauty is among seven new tenants opening this month at Verrado Marketplace in Buckeye, AZ as part of the first wave of the 500,000-square-foot shopping center's openings. No specific date beyond May 2026 is provided for Ulta Beauty.",https://rebusinessonline.com/seven-new-tenants-to-open-at-verrado-marketplace-shopping-center-in-metro-phoenix/,2026-05-14 13:14:12,newsbatch_8_output,2026-05-15
Bath & Body Works (Verrado Marketplace),"Verrado Marketplace, Buckeye, AZ (full address not specified)",Opening,May 2026,will open this month,"Bath & Body Works is among seven new tenants opening this month at Verrado Marketplace in Buckeye, AZ as part of the first wave of the 500,000-square-foot shopping center's openings. No specific date beyond May 2026 is provided for Bath & Body Works.",https://rebusinessonline.com/seven-new-tenants-to-open-at-verrado-marketplace-shopping-center-in-metro-phoenix/,2026-05-14 13:14:12,newsbatch_8_output,2026-05-15
Famous Footwear (Verrado Marketplace),"Verrado Marketplace, Buckeye, AZ (full address not specified)",Opening,May 2026,will open this month,"Famous Footwear is among seven new tenants opening this month at Verrado Marketplace in Buckeye, AZ as part of the first wave of the 500,000-square-foot shopping center's openings. No specific date beyond May 2026 is provided for Famous Footwear.",https://rebusinessonline.com/seven-new-tenants-to-open-at-verrado-marketplace-shopping-center-in-metro-phoenix/,2026-05-14 13:14:12,newsbatch_8_output,2026-05-15
Marshalls (Verrado Marketplace),"Verrado Marketplace, Buckeye, AZ (full address not specified)",Opening,May 2026,will open this month,"Marshalls is among seven new tenants opening this month at Verrado Marketplace in Buckeye, AZ. No specific date beyond May 2026 is provided for Marshalls.",https://rebusinessonline.com/seven-new-tenants-to-open-at-verrado-marketplace-shopping-center-in-metro-phoenix/,2026-05-14 13:14:12,newsbatch_8_output,2026-05-15
HomeGoods (Verrado Marketplace),"Verrado Marketplace, Buckeye, AZ (full address not specified)",Opening,May 2026,will open this month,"HomeGoods is among seven new tenants opening this month at Verrado Marketplace in Buckeye, AZ. No specific date beyond May 2026 is provided for HomeGoods.",https://rebusinessonline.com/seven-new-tenants-to-open-at-verrado-marketplace-shopping-center-in-metro-phoenix/,2026-05-14 13:14:12,newsbatch_8_output,2026-05-15
Jollyes (Lincoln),"Unit one, Moorlands Centre, Lincoln, UK (full address not specified)",Opening,"May 15, 2026","officially opening on Friday, May 15","Jollyes pet store will officially open at the Moorlands Centre in Lincoln on Friday, May 15, 2026, with a ribbon-cutting ceremony at 12 p.m. attended by Deputy Mayor Clare Smalley. The store had a soft opening on Thursday, May 14, and has created seven new jobs in the area. Jollyes is described as the UK's only pet specialist discounter and will offer a raw food frozen shop-in-shop.",https://www.lincolnshirelive.co.uk/whats-on/shopping/gallery/8-photos-show-inside-new-10965989,2026-05-14 13:06:00,newsbatch_8_output,2026-05-15
No qualifying business found,N/A,N/A,N/A,N/A,"Article body returned only a navigation/menu page with no article text. Title indicates Home Restaurant in Branford, CT is closing after 14 years but no content was available to extract.",https://www.theconnecticutscoop.com/all-new-haven-county-posts/branford-scoop-home-restaurant-closing-in-branford-after-14-years,2026-05-14 13:04:47,newsbatch_8_output,2026-05-15
J.Crew Factory (Williston),"Maple Tree Place, Walnut Street, Williston, VT (full address not specified)",Opening,"May 15, 2026 (Thursday)",debuted,"J.Crew debuted a factory store in Williston, Vermont on Thursday at Maple Tree Place on Walnut Street, featuring men's and women's apparel at a discount. The store joins other retailers including Old Navy and Best Buy at the open-air shopping center. Grand opening promotions and in-store events were planned for opening day.",https://www.wcax.com/2026/05/14/jcrew-factory-opens-discount-store-williston/,2026-05-14 13:00:00,newsbatch_8_output,2026-05-15
Cub Foods (Rochester NW),"2480 Scott Road NW, Rochester, MN",Closing,"May 30, 2026",set to close on May 30,"Cub Foods at 2480 Scott Road NW in northwest Rochester, Minnesota is in its final days and set to close on May 30, just two years after the store opened. Store hours have changed to 7 a.m. to 10 p.m. during the transition period ahead of closure. The closure is part of a broader restructuring strategy at Cub Foods to streamline operations and close underperforming stores.",https://www.pennlive.com/life/2026/05/longtime-grocery-chain-closing-store-just-2-years-after-opening.html,2026-05-14 13:00:00,newsbatch_8_output,2026-05-15
No qualifying business found,N/A,N/A,N/A,N/A,"Article body returned only unrelated content about Las Iguanas' debt crisis in the UK, not matching the title about Acapulco Mexican Restaurant closures. No extractable qualifying business content available.",https://rollingout.com/2026/05/14/acapulco-mexican-restaurant-closes-38/,2026-05-14 12:46:17,newsbatch_8_output,2026-05-15
No qualifying business found,N/A,N/A,N/A,N/A,Article could not be fetched (robots.txt disallowed). No content available for extraction.,https://www.msn.com/en-us/money/general/figs-the-quaint-byob-in-fairmount-is-closing-after-25-years-and-a-new-restaurant-is-moving-in/ar-AA22esRK,2026-05-14 12:41:05,newsbatch_8_output,2026-05-15
Ometeo,"Peabody Union, South Bank neighborhood, Nashville, TN (full address not specified)",Opening,Summer 2027,set to open in summer 2027,"Longshot Hospitality will open Ometeo, a Texas-Mexican cuisine restaurant, at Peabody Union in Nashville's South Bank neighborhood in summer 2027. The restaurant is a partnership between Longshot Hospitality's Jeremy Carman and ""Top Chef"" winner Gabe Erales, and will be the group's first Tennessee restaurant. Peabody Union is a mixed-use development that will also house Starbucks's Nashville office.",https://www.aol.com/news/longshot-hospitality-open-nashville-restaurant-100512988.html,2026-05-14 10:30:51,newsbatch_8_output,2026-05-15
No qualifying business found,N/A,N/A,N/A,N/A,Article could not be fetched (403 Forbidden). No content available for extraction.,https://www.bizjournals.com/columbus/news/2026/05/14/cava-opening-polaris-parkway-restaurant.html,2026-05-14 09:51:00,newsbatch_8_output,2026-05-15
Pepper & Salt BBQ (Old Dixie Highway),"Old Dixie Highway, Vero Beach, FL (full address not specified)",Closing,"May 9, 2026",closed May 9,"Pepper & Salt BBQ on Old Dixie Highway in Vero Beach closed on May 9, 2026 after four years of operation to relocate to the new Hogan Yards entertainment complex. The closure is described as temporary, as the restaurant is transitioning to the new location. The new Hogan Yards complex, opening soon next to the Vero Beach Regional Airport, will combine barbecue, craft beer, pickleball, and live music.",https://www.tcpalm.com/story/entertainment/dining/2026/05/14/florida-restaurant-pepper-salt-bbq-near-me-closed-vero-beach-hogan-yards-beer-pickleball-live-music/90042959007/,2026-05-14 09:02:00,newsbatch_8_output,2026-05-15
Hogan Yards,"Near Vero Beach Regional Airport, Vero Beach, FL (full address not specified)",Opening,Not specified,opening soon,"Hogan Yards is a new entertainment complex set to open soon next to the Vero Beach Regional Airport, combining barbecue, craft beer, pickleball, and live music. Pepper & Salt BBQ has closed its Old Dixie Highway location to relocate and become part of the new complex. No specific opening date is given.",https://www.tcpalm.com/story/entertainment/dining/2026/05/14/florida-restaurant-pepper-salt-bbq-near-me-closed-vero-beach-hogan-yards-beer-pickleball-live-music/90042959007/,2026-05-14 09:02:00,newsbatch_8_output,2026-05-15
Primm Valley Resorts,"Primm, NV (full address not specified)",Closing,"July 4, 2026 (last day for employees)",permanently closing,"The Primadonna Company, LLC will permanently close operations at multiple properties in Primm, Nevada, including Primm Valley Resorts, Buffalo Bill's Resort & Casino, Whiskey Pete's Hotel & Casino, Primm Center, and Flying J. A WARN notice obtained by Channel 13 confirms 344 employees will be permanently terminated, with the last day for employees set for July 4, 2026. Operations at these locations have been on the decline over the past several years.",https://www.ktnv.com/news/buffalo-bills-casino-other-primm-resort-destinations-permanently-closing,2026-05-14 08:37:19,newsbatch_8_output,2026-05-15
Buffalo Bill's Resort & Casino,"Primm, NV (full address not specified)",Closing,"July 4, 2026 (last day for employees)",permanently closing,"Buffalo Bill's Resort & Casino is among the Primm properties being permanently closed by The Primadonna Company, LLC. The casino first opened in 1994 and was known for the Desperado roller coaster. Last summer it had already curtailed 24/7 operations.",https://www.ktnv.com/news/buffalo-bills-casino-other-primm-resort-destinations-permanently-closing,2026-05-14 08:37:19,newsbatch_8_output,2026-05-15
Whiskey Pete's Hotel & Casino,"Primm, NV (full address not specified)",Closing,"July 4, 2026 (last day for employees)",permanently closing,"Whiskey Pete's Hotel & Casino is among the Primm properties being permanently closed by The Primadonna Company, LLC. Affinity Gaming had previously suspended operations at Whiskey Pete's less than a year before this announcement. The casino first opened its doors in 1977.",https://www.ktnv.com/news/buffalo-bills-casino-other-primm-resort-destinations-permanently-closing,2026-05-14 08:37:19,newsbatch_8_output,2026-05-15
Primm Center,"Primm, NV (full address not specified)",Closing,"July 4, 2026 (last day for employees)",permanently closing,"Primm Center is among the properties being permanently closed by The Primadonna Company, LLC in Primm, Nevada, with 344 employees affected across all locations. The last day for employees is set for July 4, 2026.",https://www.ktnv.com/news/buffalo-bills-casino-other-primm-resort-destinations-permanently-closing,2026-05-14 08:37:19,newsbatch_8_output,2026-05-15
Flying J (Primm),"Primm, NV (full address not specified)",Closing,"July 4, 2026 (last day for employees)",permanently closing,"Flying J in Primm is among the properties being permanently closed by The Primadonna Company, LLC. The last day for employees across all Primm locations is set for July 4, 2026.",https://www.ktnv.com/news/buffalo-bills-casino-other-primm-resort-destinations-permanently-closing,2026-05-14 08:37:19,newsbatch_8_output,2026-05-15
"Biscuit Belly (Columbus, W. Fifth Ave)","W. Fifth Avenue, Grandview/Northwest Columbus, OH (full address not specified)",Opening,"June 2, 2026",opening in June,"Article body returned no text content beyond the URL slug. Title indicates Biscuit Belly breakfast restaurant is set to open in June in the old Hot Chicken Takeover space on W. Fifth Avenue in Columbus, Ohio. Title/URL-only extraction.",https://myfox28columbus.com/news/local/biscuit-belly-breakfast-dining-diner-food-restaurants-greasy-spoon-biscuits-southern-june-2-west-fifth-avenue-menu-grandview-northwest-columbus-ohio-louisville,2026-05-14 08:23:45,newsbatch_8_output,2026-05-15
Gump's (LA location),"Los Angeles, CA (address not specified)",Opening,Not specified,growing again; next up: LA,MSN page returned no article content. Title indicates legacy SF department store Gump's is expanding with a new LA location. No further details available.,https://www.msn.com/en-us/news/us/legacy-sf-department-store-gump-s-is-growing-again-next-up-la/ar-AA22WV8Q,2026-05-14 08:20:26,newsbatch_9_output,2026-05-15
No qualifying business found,N/A,N/A,N/A,N/A,Article could not be fetched (403 error). Title indicates a Peoria convenience store received a liquor license approval — no opening or closure event.,https://www.1049thewolf.com/2026/05/13/peoria-convenience-store-receives-liquor-license-approval-from-city-council/,2026-05-14 08:06:21,newsbatch_9_output,2026-05-15
No qualifying business found,N/A,N/A,N/A,N/A,Article could not be fetched (403 error). Title indicates Monogatari reported sales growth tied to restaurant expansion. No extractable individual business opening or closure details.,https://www.tipranks.com/news/company-announcements/monogatari-reports-sustained-double-digit-sales-growth-on-restaurant-expansion,2026-05-14 07:45:28,newsbatch_9_output,2026-05-15
No qualifying business found,N/A,N/A,N/A,N/A,MSN page returned no article content. Title indicates a small business owner closed her Dallas restaurant and is now operating in Sunnyvale. No extractable details available.,https://www.msn.com/en-us/foodanddrink/foodnews/after-closing-her-dallas-restaurant-a-small-business-owner-finds-joy-in-sunnyvale/ar-AA22Lyoq,2026-05-14 06:20:05,newsbatch_9_output,2026-05-15
No qualifying business found,N/A,N/A,N/A,N/A,MSN page returned no article content. Title indicates a new Mexican restaurant in Columbia's Vista has an opening date. No extractable details available.,https://www.msn.com/en-us/travel/news/a-new-mexican-restaurant-in-columbia-s-vista-has-an-opening-date-here-s-when/ar-AA231T22,2026-05-14 06:07:01,newsbatch_9_output,2026-05-15
Fatbackzz Grill,"101 E Parker St, Graham, NC 27253",Opening,First week of June 2026,targeting the first week of June,"Fatbackzz Grill is planning to open its first brick-and-mortar location inside Sam's Mini Mart in Graham, NC, targeting the first week of June. The location will give customers a consistent place to order while the Fatbackzz food truck continues operating.",https://www.businessdebut.com/8-new-restaurants-opening-soon-across-north-carolina/,2026-05-14 05:04:51,newsbatch_9_output,2026-05-15
Halftime Hangout Sports Bar,"2080 Club Pond Rd, Raeford, NC 28376",Opening,Not specified (family-and-friends event on the 15th; official date TBA),official opening date to be announced,"Halftime Hangout Sports Bar is preparing to open at 2080 Club Pond Rd in Raeford, NC, with a family-and-friends event on the 15th and an official opening date yet to be announced, per co-owner Brigida Amos.",https://www.businessdebut.com/8-new-restaurants-opening-soon-across-north-carolina/,2026-05-14 05:04:51,newsbatch_9_output,2026-05-15
Kitchen Social,"282 S Sharon Amity Rd, Suite 104 and 106B, Charlotte, NC 28211",Opening,Mid-January 2027,targeting a mid-January 2027 opening,"Kitchen Social is planning to open in Cotswold Village in Charlotte, NC, targeting a mid-January 2027 opening per founder Brian O'Malley. The Charlotte location will feature indoor-outdoor dining, a covered patio, and an indoor-outdoor bar, similar to the brand's Sarasota location.",https://www.businessdebut.com/8-new-restaurants-opening-soon-across-north-carolina/,2026-05-14 05:04:51,newsbatch_9_output,2026-05-15
Sonrisa,"137 Brevard Court, Charlotte, NC 28202",Opening,Not specified,now open,"Sonrisa, a Latin American restaurant and bar, is now open at 137 Brevard Court in Charlotte, NC, per partner in operations Brian Woulfe. The menu draws from Latin American, Caribbean, South American, and Central American cuisines.",https://www.businessdebut.com/8-new-restaurants-opening-soon-across-north-carolina/,2026-05-14 05:04:51,newsbatch_9_output,2026-05-15
No qualifying business found,N/A,N/A,N/A,N/A,Article is about the arrest of a convenience store owner for illegal sales — no opening or closure event.,https://www.aol.com/news/convenience-store-owner-arrested-selling-041903056.html,2026-05-14 04:19:00,newsbatch_9_output,2026-05-15
Acapulco Restaurant (multiple locations),Address not specified,Closing,Not specified,closing locations,Article could not be fetched (403 error). Title indicates Acapulco Restaurant is closing locations and describes what customers need to know in 2026. No further details available.,https://sebd.in/acapulco-restaurant-closing-locations-what-customers-need-to-know-in-2026/,2026-05-14 04:02:15,newsbatch_9_output,2026-05-15
No qualifying business found,N/A,N/A,N/A,N/A,Article is about a memorial outside a Las Vegas grocery store following a double homicide — no opening or closure event.,https://www.fox5vegas.com/video/2026/05/14/memorial-grows-outside-las-vegas-grocery-store-husband-wife-killed/?outputType=amp,2026-05-14 03:21:53,newsbatch_9_output,2026-05-15
No qualifying business found,N/A,N/A,N/A,N/A,MSN page returned no article content. Title indicates a classic SF restaurant with 50+ years of free wine pours may close. No extractable details available.,https://www.msn.com/en-us/foodanddrink/foodnews/after-more-than-50-years-of-free-wine-pours-a-classic-sf-restaurant-may-close/ar-AA226xMS,2026-05-14 03:11:26,newsbatch_9_output,2026-05-15
Pop Mart (Bay Area location),"Bay Area, CA (address not specified)",Opening,Not specified,expanding with another Bay Area location,MSN page returned no article content. Title indicates Pop Mart is expanding with another Bay Area location. No further details available.,https://www.msn.com/en-us/money/companies/wildly-popular-toy-store-pop-mart-expanding-with-another-bay-area-location/ar-AA1YAgge,2026-05-14 03:07:05,newsbatch_9_output,2026-05-15
Pete's Restaurant & Brewhouse,"Arden Arcade, CA (address not specified)",Closing,Not specified,temporarily closed,MSN page returned no article content. Title indicates Pete's Restaurant & Brewhouse in Arden Arcade is temporarily closed. No further details available.,https://www.msn.com/en-us/money/companies/pete-s-restaurant-brewhouse-in-arden-arcade-temporarily-closed/ar-AA237Wrk,2026-05-14 03:03:14,newsbatch_9_output,2026-05-15
No qualifying business found,N/A,N/A,N/A,N/A,Article is about the court appearance of a suspect in a Las Vegas grocery store double homicide — no opening or closure event.,https://www.fox5vegas.com/video/2026/05/14/family-victims-killed-las-vegas-grocery-store-come-suspects-court-appearance/?outputType=amp,2026-05-14 02:42:21,newsbatch_9_output,2026-05-15
Olive Better (CJ Olive Young),"Multiple locations planned — Myeongdong and Seongsu, Seoul, South Korea (addresses not specified)",Opening,Second half of 2026,plans to open new Olive Better stores starting in the second half of the year,"CJ Olive Young plans to expand its wellness curation store format Olive Better to 10 locations by end of 2026, with new stores planned for major commercial districts including Myeongdong and Seongsu. The first Olive Better launched in Gwanghwamun, central Seoul in January 2026 and has seen strong customer response including nearly 50% foreign customer share by end of April. The company also plans to open hybrid stores combining Olive Young and Olive Better formats.",https://pulse.mk.co.kr/news/all/12047380,2026-05-14 02:08:01,newsbatch_9_output,2026-05-15
Acapulco Restaurant (Glendale),"Glendale, CA (address not specified)",Closing,Not specified,will remain open until further notice,"After announcing a closure following 57 years in business, Acapulco Restaurant reversed course and announced it will remain open ""until further notice"" following an overwhelming wave of community support. The restaurant's latest Instagram update stated the decision to fight to stay open was inspired directly by its community and was not a promotion or tactic. A prior design review had conditionally approved demolishing the restaurant to replace it with a self-service car wash.",https://m.economictimes.com/us/news/acapulco-restaurant-closing-locations-chain-says-we-will-remain-open-after-emotional-support-wave/articleshow/131080198.cms,2026-05-14 01:50:54,newsbatch_9_output,2026-05-15
Acapulco Restaurant (38 locations),Address not specified,Closing,Not specified,closing 38 locations,Article could not be fetched (403 error). Title indicates Acapulco Restaurant is closing 38 locations amid bankruptcy struggles. No further details available.,https://nbsla.ca/acapulco-restaurant-closing-38-locations/,2026-05-14 01:43:39,newsbatch_9_output,2026-05-15
Khabib Gym,"Tunku Mahkota Ismail Youth Centre, Iskandar Puteri, Johor, Malaysia",Opening,Not specified,groundbreaking ceremony held; will open in the nearest future,"Former UFC Lightweight Champion Khabib Nurmagomedov attended a groundbreaking ceremony for his new gym at the Tunku Mahkota Ismail Youth Centre in Iskandar Puteri, Johor. The 37,000-square-foot gym will accommodate up to 1,000 people and feature a multipurpose hall and an octagon ring. The gym is intended to serve both kids and adults in Johor and share martial arts knowledge and experience.",https://www.spotvnow.com/read/khabib-to-open-gym-in-johor/,2026-05-14 01:11:11,newsbatch_9_output,2026-05-15
No qualifying business found,N/A,N/A,N/A,N/A,Article is about Boyne Mountain Resort keeping one ski run open for a potential record — not a retail or restaurant opening or closure.,https://upnorthlive.com/news/local/history-on-the-line-with-one-ski-run-still-open-at-boyne-mountain-resort-skiing-record-breaking,2026-05-14 00:46:02,newsbatch_9_output,2026-05-15
No qualifying business found,N/A,N/A,N/A,N/A,MSN page returned no article content. Title indicates entrepreneur Marcel Smith became a Chick-fil-A owner-operator in Michigan. No extractable address or opening date details available.,https://www.msn.com/en-us/money/companies/entrepreneur-marcel-smith-becomes-chick-fil-a-owner-operator-in-michigan-opening-a-restaurant-so-close-to-where-i-grew-up-is-a-full-circle-moment/ar-AA22Cnxd,2026-05-14 00:21:10,newsbatch_9_output,2026-05-15
No qualifying business found,N/A,N/A,N/A,N/A,Article is about a Buc-ee's trademark infringement lawsuit against Teddy's Market — no opening or closure event.,https://www.aol.com/articles/why-buc-ees-suing-another-232235031.html,2026-05-13 23:54:06,newsbatch_9_output,2026-05-15
Tilly Bagel,"3162 N Broadway, Chicago, IL 60657",Opening,this summer,opening,"The owners of Tilly Bagel are preparing to open a third location in Lakeview at 3162 N Broadway. Signage is now up but an opening date has not yet been announced, with construction progress reportedly nearing completion after the team received their business permit in April.",https://whatnow.com/chicago/restaurants/tilly-bagel-owners-cooking-up-third-location-in-lakeview/,"May 14, 2026",newsbatch_5_output,2026-05-18
Yoka Tea,"5335 Ballard Ave NW, Seattle, WA 98107",Opening,early fall,expected to open,"Yoka Tea is preparing to expand to Ballard with a second Seattle location in a 2,200-square-foot café at 5335 Ballard Ave. NW, the former Little Tin Goods and Apothecary space. Founded by Marcellus Beza and Amy Park, the shop will carry the same community-focused philosophy as its Madrona location while offering expanded food offerings, rotating seasonal drinks, and natural wine.",https://whatnow.com/seattle/restaurants/yoka-tea-eyes-ballard-expansion-following-madrona-success/,"May 14, 2026",newsbatch_5_output,2026-05-18
Ogyu,"60 Greenfield Ave., Ardmore, PA 19003",Opening,Not specified,coming soon,"Ogyu, a new premium all-you-can-eat Japanese yakiniku concept from Sam Li of O Restaurant Group, will open at 60 Greenfield Ave. in Ardmore in the former Iron Hill Brewery space. Yakiniku is a Japanese style of tabletop grilling in which diners cook bite-sized cuts of beef, pork, chicken, and vegetables over a shared grill.",https://whatnow.com/philadelphia/restaurants/ogyu-plans-premium-japanese-yakiniku-experience-on-the-main-line/,"May 14, 2026",newsbatch_5_output,2026-05-18
On The Grind,"1857 W. RR 150, Kyle",Opening,2027,construction expected to begin this summer,"On The Grind is bringing a 639-square-foot drive-through coffee kiosk to 1857 W. RR 150 in Kyle, according to a filing with the Texas Department of Licensing and Regulation. Construction is expected to begin this summer with plans to finish in 2027, though an exact opening timeline has not been announced.",https://whatnow.com/austin/restaurants/on-the-grind-bringing-coffee-kiosk-to-kyle/,"May 14, 2026",newsbatch_5_output,2026-05-18
Foundry Gym Worcester,"former Jewson site, next to Diglis Playing Fields, Worcester",Opening,Not specified,soon-to-open,"Foundry Gym Worcester is preparing to open in a former builders' warehouse spanning more than 30,000 sq ft, owned by Nathan Demonte and Theo Robinson. The 24/7 venue will offer a HYROX arena, padel courts, boxing, MMA, Reformer pilates, recovery areas and state-of-the-art equipment, though Worcester City Council still has to grant planning permission for the change of use.",https://www.worcesternews.co.uk/news/26104951.foundry-gym-worcester-will-ofer-hyrox-padel-courts/,2026-05-16 04:00:00,newsbatch_10_output,2026-05-18
No qualifying business found,N/A,N/A,N/A,N/A,N/A,https://www.msn.com/en-us/news/us/kc-pasta-seafood-restaurant-closed-brookside-location-after-6-years-in-business/ar-AA22XmbE,2026-05-16 03:48:45,newsbatch_10_output,2026-05-18
GF Fitness,Newington,Opening,Not specified,sets opening date,GF Fitness sets opening date for Newington gym. No additional article details are available beyond the headline.,https://www.theconnecticutscoop.com/all-hartford-county-posts/newington-scoop-gf-fitness-sets-opening-date-for-newington-gym,2026-05-16 03:05:39,newsbatch_10_output,2026-05-18
No qualifying business found,N/A,N/A,N/A,N/A,N/A,https://www.msn.com/en-us/money/companies/fiction-for-1-massive-closing-sale-is-underway-at-lloyd-center-s-outlet-bookstore/ar-AA21972u,2026-05-16 02:48:20,newsbatch_10_output,2026-05-18
No qualifying business found,N/A,N/A,N/A,N/A,N/A,https://www.msn.com/en-us/money/companies/popular-grocery-store-taking-over-giant-long-vacant-dominick-s-space-in-north-suburbs/ar-AA2212e2,2026-05-16 02:43:28,newsbatch_10_output,2026-05-18
Coushatta Casino Resort Legacy Tower,"Kinder, La.",Opening,Friday,celebrated the grand opening,"Coushatta Casino Resort celebrated the grand opening of Legacy Tower on Friday, marking a major expansion that added 204 guest rooms and brought the resort's total inventory to more than 1,000 rooms. The Coushatta Tribe of Louisiana hosted a grand opening ceremony featuring a tribal blessing, traditional tribal performances, partner recognition, and a ribbon cutting.",https://www.kadn.com/video/wheres-al-coushatta-casino-resort-legacy-tower-opening/video_faabc798-07ea-5eef-abc3-aec2a7db52e7.html,2026-05-16 01:30:00,newsbatch_10_output,2026-05-18
No qualifying business found,N/A,N/A,N/A,N/A,N/A,https://www.msn.com/en-us/travel/news/bubbly-brunch-french-fare-and-a-brewery-new-tri-cities-restaurants-open/ar-AA22QdVt,2026-05-16 00:25:15,newsbatch_10_output,2026-05-18
Big Y (Pembroke),"24 Mattakeesett St, Pembroke, MA 02359",Opening,June 18,"expected to open on Thursday, June 18","Big Y's upcoming Pembroke location at 24 Mattakeesett St in Pembroke Plaza is expected to open on Thursday, June 18. The 38,000-square-foot store will fill the former Stop & Shop space, bringing a new grocery option to the busy shopping center.",https://whatnow.com/boston/retail/big-y-sets-opening-dates-for-saugus-and-pembroke-grocery-stores/,2026-05-15 23:53:18,newsbatch_10_output,2026-05-18
Big Y (Saugus),"357 Broadway, Saugus, MA 01906",Opening,September 10,plans to reopen,"Big Y plans to reopen in its former location at 357 Broadway in Saugus on Thursday, September 10. The 46,000-square-foot space previously housed a Big Y before the store closed in 2021, and later became part of a planned Amazon Fresh project that never came to fruition.",https://whatnow.com/boston/retail/big-y-sets-opening-dates-for-saugus-and-pembroke-grocery-stores/,2026-05-15 23:53:18,newsbatch_10_output,2026-05-18
Big Y (Fairhaven and Dartmouth),Fairhaven and Dartmouth,Opening,spring or summer 2027,currently expected to open sometime in spring or summer 2027,Additional Big Y locations in Fairhaven and Dartmouth are currently expected to open sometime in spring or summer 2027. The expansion follows the family-owned company's plans to open Pembroke and Saugus stores in 2026.,https://whatnow.com/boston/retail/big-y-sets-opening-dates-for-saugus-and-pembroke-grocery-stores/,2026-05-15 23:53:18,newsbatch_10_output,2026-05-18
No qualifying business found,N/A,N/A,N/A,N/A,N/A,https://www.msn.com/en-us/news/us/owners-of-longtime-northwest-houston-restaurant-announce-they-re-closed/ar-AA22iOhG,2026-05-15 23:44:22,newsbatch_10_output,2026-05-18
Ted's Hot Dogs,"Germann and Gilbert roads, Chandler",Opening,May 23-24,celebrating the grand opening,"Ted's Hot Dogs is celebrating the grand opening of a Chandler location on May 23-24, marking the second in Arizona for the Buffalo, New York-themed restaurant. Guests can expect music, giveaways and free ice cream throughout the first day, with the menu featuring hot dogs, Polish and Italian sausage, chicken sandwiches, hamburgers and the signature Teddy Bar.",https://ktar.com/arizona-restaurant-news/teds-hot-dogs-chandler/5866138/,2026-05-17 22:05:01,newsbatch_10_output,2026-05-18
Pennington Quality Market,Pennington,Closing,June 13,will officially close June 13,"Pennington Quality Market in Pennington announced it will officially close June 13 after serving the community for 66 years. The market has been owned and operated by the Rothwell family since 1981, and the decision was made to transition the store to McCaffrey's.",https://www.aol.com/news/pennington-market-closing-66-years-210039592.html,2026-05-17 21:39:41,newsbatch_10_output,2026-05-18
McCaffrey's Food Markets,Pennington,Opening,June 15,reopen June 15,"McCaffrey's Food Markets will reopen the Pennington Quality Market location on June 15, becoming McCaffrey's ninth store. The Rothwell family chose McCaffrey's as a partner that shares their values, with Jim McCaffrey IV stating they look forward to building on PQM's strong foundation.",https://www.aol.com/news/pennington-market-closing-66-years-210039592.html,2026-05-17 21:39:41,newsbatch_10_output,2026-05-18
No qualifying business found,N/A,N/A,N/A,N/A,N/A,https://www.msn.com/en-us/money/companies/target-to-make-massive-change-customers-will-see-right-when-they-walk-in-the-store/ar-AA237bRg,2026-05-17 20:36:23,newsbatch_10_output,2026-05-18
Universal Orlando's Horror Makeup Show,Universal Studios Florida,Closing,Not specified,currently closed for a lengthy reimagining project,"Universal Orlando's Horror Makeup Show is currently closed for a lengthy reimagining project that will keep the attraction offline through much of 2026. While Universal plans to reopen the show later this year, the returning version will not be identical to the one guests have known for generations, making E.T. Adventure the final opening-day attraction still operating at Universal Studios Florida.",https://www.disneydining.com/universal-orlando-closes-36-year-old-classic-leaving-e-t-as-the-sole-opening-day-survivor-ab1/,2026-05-17 20:26:15,newsbatch_10_output,2026-05-18
Ann Sather (Belmont Avenue),"909 W. Belmont Ave., Chicago",Closing,June 28,will be closing June 28,The Ann Sather flagship at 909 W. Belmont Ave. in Chicago's Lakeview community will be closing June 28 after more than 80 years. The building is to be torn down for a new apartment development being built by Mavrek Development.,https://www.cbsnews.com/chicago/news/ann-sather-close-belmont-avenue-open-west-town/,2026-05-17 20:06:17,newsbatch_10_output,2026-05-18
Ann Sather (West Town),"1819 W. Division St., Chicago",Opening,July,will open in July,"A new Ann Sather location will open in July at 1819 W. Division St. in Chicago's West Town community, where Ann Sather previously operated a Milwaukee Avenue location from 2001 to 2007. The Division Street site formerly housed a location of the breakfast restaurant chain Yolk.",https://www.cbsnews.com/chicago/news/ann-sather-close-belmont-avenue-open-west-town/,2026-05-17 20:06:17,newsbatch_10_output,2026-05-18
Wendy's,Address not specified,Closing,Not specified,closing locations; on a closing spree,"Wendy's is on a closing spree with hundreds of locations on the chopping block due to cratering sales. The company announced in November that around 300 stores would be closing because sales were down 4.7%, and 174 Wendy's locations have closed in the U.S. since late last year, with roughly 200 fewer locations listed than at the end of September 2025.",https://www.aol.com/finance/wendy-closing-more-stores-states-180700204.html,2026-05-17 18:34:07,newsbatch_10_output,2026-05-18
White Elephant Aspen,"corner of Main Street and Garmisch Street, Aspen",Opening,June 15,will finally open on June 15,"White Elephant Aspen announced the new Main Street hotel will finally open on June 15 after initially being slated for fall 2025. The 54-key hotel will be the third property for White Elephant Resorts, with rates starting at $1,995 per night, offering rooms and suites with private outdoor terraces or balconies.",https://www.aspentimes.com/news/white-elephant-aspen-will-open-june-15/,2026-05-17 18:00:00,newsbatch_10_output,2026-05-18
No qualifying business found,N/A,N/A,N/A,N/A,N/A,http://www.msn.com/en-us/travel/tripideas/franklin-barbecue-reportedly-opening-new-east-austin-event-space/ar-AA1LXHO3,2026-05-17 17:05:34,newsbatch_10_output,2026-05-18
No qualifying business found,N/A,N/A,N/A,N/A,N/A,https://www.msn.com/en-us/sports/golf/cabots-new-golf-course-in-canada-to-open-for-preview-play-this-fall/ar-AA22whHh,2026-05-17 16:48:34,newsbatch_10_output,2026-05-18
Target,"5623 Carolina Beach Road, Village at Myrtle Grove shopping center, Monkey Junction, Wilmington",Opening,"May 17, 2026",officially open,"The new Target store located at 5623 Carolina Beach Road in the Village at Myrtle Grove shopping center in Monkey Junction is officially open as of May 17, 2026, marking the Wilmington-area's second Target store. Customers were welcomed with balloons and a confetti-covered parking lot, and the store features a Starbucks and an expanded fresh beach assortment due to its proximity to Carolina Beach.",http://www.starnewsonline.com/picture-gallery/news/local/2026/05/17/photos-of-wilmingtons-new-target-on-open-day/89961317007/,2026-05-17 16:48:00,newsbatch_10_output,2026-05-18
Jimmy's Hot Dogs,"9 N. Third St., downtown Easton",Opening,Friday,held a soft opening,"Jimmy's Hot Dogs held a soft opening of its second location at 9 N. Third St. in downtown Easton on Friday, supplementing its existing location at 2555 Nazareth Road in Palmer Township. The more-than-century-old hot dog business, purchased by Raj and Priya Muddu in 2024, is known for its ""everything"" hot dog with mustard, chopped onions and a pickle spear.",https://www.wfmz.com/news/area/lehighvalley/northampton-county/easton-area/iconic-lehigh-valley-hot-dog-shop-beefs-up-presence-with-2nd-location/article_6c5cf7b3-132d-42e1-9426-5233132c4a6a.html,2026-05-17 16:17:00,newsbatch_10_output,2026-05-18
No qualifying business found,N/A,N/A,N/A,N/A,N/A,https://www.msn.com/en-us/news/offbeat/we-do-need-more-options-trader-joes-shoppers-react-to-plans-for-second-omaha-area-location/ar-AA222pUg,2026-05-17 15:53:42,newsbatch_11_output,2026-05-18
No qualifying business found,N/A,N/A,N/A,N/A,N/A,https://www.msn.com/en-us/money/realestate/grand-junction-community-recreation-center-on-track-for-2026-opening/ar-AA22yGzs,2026-05-17 15:43:53,newsbatch_11_output,2026-05-18
No qualifying business found,N/A,N/A,N/A,N/A,N/A,https://www.msn.com/en-us/money/companies/papa-johns-closing-300-locations-amid-pizza-industry-slump-what-to-know/ar-AA1XcLnH?apiversion=v2&domshim=1&noservercache=1&noservertelemetry=1&batchservertelemetry=1&renderwebcomponents=1&wcseo=1,2026-05-17 15:00:00,newsbatch_11_output,2026-05-18
No qualifying business found,N/A,N/A,N/A,N/A,N/A,https://www.msn.com/en-us/news/other/ollie-s-bargain-outlet-opens-new-upstate-location/ar-AA21jLa7?ocid=msedgdhp&apiversion=v2&domshim=1&noservercache=1&noservertelemetry=1&batchservertelemetry=1&renderwebcomponents=1&wcseo=1,2026-05-17 14:32:03,newsbatch_11_output,2026-05-18
No qualifying business found,N/A,N/A,N/A,N/A,N/A,http://www.msn.com/en-gb/money/companies/lk-bennett-to-close-website-in-days-with-at-least-80-off-everything-in-final-sale/ar-AA20CcLQ?ocid=finance-verthp-feeds&apiversion=v2&domshim=1&noservercache=1&noservertelemetry=1&batchservertelemetry=1&renderwebcomponents=1&wcseo=1,2026-05-17 13:37:20,newsbatch_11_output,2026-05-18
Barnardo's,"Kirkham branch, Lancashire",Closing,"Friday, May 15",closed permanently,"Barnardo's Kirkham branch in Lancashire closed permanently on Friday, May 15. The charity cited rising costs, weaker consumer spending, and the growing popularity of online resale platforms as contributing factors.",https://www.express.co.uk/news/uk/2206438/Barnardos-charity-shops-closure/amp,2026-05-17 12:55:00,newsbatch_11_output,2026-05-18
Barnardo's,"Newton Aycliffe, County Durham",Closing,Monday,shut its doors,"Barnardo's store in Newton Aycliffe, County Durham, shut its doors on Monday. The closures are part of a wider trend across the charity's UK shops.",https://www.express.co.uk/news/uk/2206438/Barnardos-charity-shops-closure/amp,2026-05-17 12:55:00,newsbatch_11_output,2026-05-18
Barnardo's,Central Six Retail Park in Coventry,Closing,end of May,expected to close,"Barnardo's outlet at Central Six Retail Park in Coventry is expected to close by the end of May, although an exact closing date has not yet been confirmed.",https://www.express.co.uk/news/uk/2206438/Barnardos-charity-shops-closure/amp,2026-05-17 12:55:00,newsbatch_11_output,2026-05-18
Barnardo's,Bishop's Stortford,Closing,May 24,due to close,Barnardo's Bishop's Stortford shop is due to close on May 24 and is currently offering shoppers 50% off all stock. The branch is no longer accepting donations and shared an emotional message announcing the closure.,https://www.express.co.uk/news/uk/2206438/Barnardos-charity-shops-closure/amp,2026-05-17 12:55:00,newsbatch_11_output,2026-05-18
Wawa,"1290 Parkway Place in Clarksville, Tenn.",Opening,"June 18, 2026",set to open,"Tennessee's first Wawa is set to open in Clarksville on June 18, 2026 at 1290 Parkway Place. The 24/7 convenience store and sandwich counter will offer fresh food including panini, quesadillas, burritos, milkshakes, smoothies, hoagies and coffee. Wawa plans to open seven Tennessee stores in 2026 and more than 50 stores over the next 10 years.",https://www.aol.com/news/ready-wawa-first-tn-store-130114132.html,2026-05-17 12:51:43,newsbatch_11_output,2026-05-18
W Sardinia – Poltu Quatu,Sardinia's northeast coast,Opening,recent weeks,officially opened,"The W Sardinia – Poltu Quatu has officially opened its doors in recent weeks after a soft opening in 2025, welcoming guests to its 157 rooms and suites along Sardinia's northeast coast. It is the newest and highest-end Marriott property to debut in Sardinia.",https://thepointsguy.com/news/w-hotels-sardinia-poltu-quatu-officially-opens/,2026-05-17 12:26:41,newsbatch_11_output,2026-05-18
PopUp Bagels,Winter Park,Opening,May 29,will open,"PopUp Bagels, the viral bagel shop known for its simple menu and grip, rip and dip technique, is opening a Winter Park location on May 29. Florida's first PopUp Bagels opened in Tampa in September 2025, and partner Kal Gullapalli plans to open at least 30 locations in the state.",http://www.tcpalm.com/story/news/2026/05/17/popup-bagels-florida-locations-opening-planned-winter-park-viera-sarasota-miami-jacksonville/90059782007/,2026-05-17 12:01:00,newsbatch_11_output,2026-05-18
PopUp Bagels,Rockledge (Viera area of Brevard County),Opening,June 5,opening,"PopUp Bagels' Rockledge location, in the Viera area of Brevard County, is scheduled to open on June 5. It is the second of two Florida openings in the coming weeks.",http://www.tcpalm.com/story/news/2026/05/17/popup-bagels-florida-locations-opening-planned-winter-park-viera-sarasota-miami-jacksonville/90059782007/,2026-05-17 12:01:00,newsbatch_11_output,2026-05-18
Outback Steakhouse (and Bloomin' Brands locations including Bonefish Grill and Carrabba's Italian Grill),U.S. (some confirmed in Florida),Closing,October,closed / shutdowns completed,"Bloomin' Brands confirmed that 21 of its U.S. restaurants, including Outback, Bonefish Grill, and Carrabba's Italian Grill locations, closed during the three-month period ending in late September, with shutdowns completed in October. Some confirmed closures occurred in Florida, but the full list of addresses has not been released. The company says many of the shuttered locations were older, high-cost stores.",https://www.aol.com/finance/outback-steakhouse-closes-21-locations-130500467.html,2026-05-17 11:44:36,newsbatch_11_output,2026-05-18
No qualifying business found,N/A,N/A,N/A,N/A,N/A,https://www.msn.com/en-us/money/companies/buc-ees-could-be-coming-to-you-very-soon-here-are-the-6-states-getting-a-store/ar-AA231IKX?gemSnapshotKey=GMD454ADF5-snapshot-1&uxmode=ruby&apiversion=v2&domshim=1&noservercache=1&noservertelemetry=1&batchservertelemetry=1&renderwebcomponents=1&wcseo=1,2026-05-17 11:15:22,newsbatch_11_output,2026-05-18
No qualifying business found,N/A,N/A,N/A,N/A,N/A,https://www.aol.com/news/independent-grocers-face-debt-store-193753506.html,2026-05-17 10:53:35,newsbatch_11_output,2026-05-18
No qualifying business found,N/A,N/A,N/A,N/A,N/A,https://www.gbnews.com/money/bank-branch-closures-halifax-full-list-2676905309,2026-05-17 10:34:45,newsbatch_11_output,2026-05-18
No qualifying business found,N/A,N/A,N/A,N/A,N/A,https://www.yorkregion.com/things-to-do/food-and-drink/new-grillies-brings-fresh-food-24-hours-a-day-to-newmarket/article_a9ee0822-0e1f-5e70-9a50-8087d2e361c0.html,2026-05-17 10:30:00,newsbatch_11_output,2026-05-18
No qualifying business found,N/A,N/A,N/A,N/A,N/A,http://www.msn.com/en-us/money/companies/a-new-chipotle-just-opened-in-the-triangle-heres-where-to-find-it/ar-AA1Qk19U?apiversion=v2&domshim=1&noservercache=1&noservertelemetry=1&batchservertelemetry=1&renderwebcomponents=1&wcseo=1,2026-05-17 09:59:07,newsbatch_11_output,2026-05-18
No qualifying business found,N/A,N/A,N/A,N/A,N/A,https://www.msn.com/en-us/money/companies/popular-japanese-brand-uniqlo-opening-3rd-chicago-area-store-at-suburban-mall/ar-AA231f3U?apiversion=v2&domshim=1&noservercache=1&noservertelemetry=1&batchservertelemetry=1&renderwebcomponents=1&wcseo=1,2026-05-17 09:56:15,newsbatch_11_output,2026-05-18
Lidl,"Basildon, Laindon",Opening,2026,already opened,"Lidl is one of the supermarkets planning significant UK expansion in 2026, with stores already opened this year. The Basildon, Laindon location is among the Lidl stores that have already opened in 2026.",https://www.express.co.uk/news/uk/2205949/new-supermarkets-uk-2026,2026-05-17 09:34:00,newsbatch_11_output,2026-05-18
Lidl,"Birmingham, Kingstanding",Opening,2026,already opened,"The Birmingham, Kingstanding Lidl is among the stores that have already opened in 2026. Lidl revealed over 800 locations where it wants to open new stores.",https://www.express.co.uk/news/uk/2205949/new-supermarkets-uk-2026,2026-05-17 09:34:00,newsbatch_11_output,2026-05-18
Lidl,"Brough, Welton Road",Opening,2026,already opened,"The Brough, Welton Road Lidl is among the stores that have already opened in 2026.",https://www.express.co.uk/news/uk/2205949/new-supermarkets-uk-2026,2026-05-17 09:34:00,newsbatch_11_output,2026-05-18
Lidl,Burntwood,Opening,2026,already opened,The Burntwood Lidl is among the stores that have already opened in 2026.,https://www.express.co.uk/news/uk/2205949/new-supermarkets-uk-2026,2026-05-17 09:34:00,newsbatch_11_output,2026-05-18
Lidl,Calne,Opening,2026,already opened,The Calne Lidl is among the stores that have already opened in 2026.,https://www.express.co.uk/news/uk/2205949/new-supermarkets-uk-2026,2026-05-17 09:34:00,newsbatch_11_output,2026-05-18
Lidl,"Chester, Caldy Valley Rd",Opening,2026,already opened,"The Chester, Caldy Valley Rd Lidl is among the stores that have already opened in 2026.",https://www.express.co.uk/news/uk/2205949/new-supermarkets-uk-2026,2026-05-17 09:34:00,newsbatch_11_output,2026-05-18
Lidl,Dereham,Opening,2026,already opened,The Dereham Lidl is among the stores that have already opened in 2026.,https://www.express.co.uk/news/uk/2205949/new-supermarkets-uk-2026,2026-05-17 09:34:00,newsbatch_11_output,2026-05-18
Lidl,"Havant, Purbrook Way",Opening,2026,already opened,"The Havant, Purbrook Way Lidl is among the stores that have already opened in 2026.",https://www.express.co.uk/news/uk/2205949/new-supermarkets-uk-2026,2026-05-17 09:34:00,newsbatch_11_output,2026-05-18
Lidl,"Hereford, Belmont Road",Opening,2026,already opened,"The Hereford, Belmont Road Lidl is among the stores that have already opened in 2026.",https://www.express.co.uk/news/uk/2205949/new-supermarkets-uk-2026,2026-05-17 09:34:00,newsbatch_11_output,2026-05-18
Lidl,Horley,Opening,2026,already opened,The Horley Lidl is among the stores that have already opened in 2026.,https://www.express.co.uk/news/uk/2205949/new-supermarkets-uk-2026,2026-05-17 09:34:00,newsbatch_11_output,2026-05-18
Lidl,"Hucknall, Watnall Rd",Opening,2026,already opened,"The Hucknall, Watnall Rd Lidl is among the stores that have already opened in 2026.",https://www.express.co.uk/news/uk/2205949/new-supermarkets-uk-2026,2026-05-17 09:34:00,newsbatch_11_output,2026-05-18
Lidl,"London, Stamford Hill",Opening,2026,already opened,"The London, Stamford Hill Lidl is among the stores that have already opened in 2026.",https://www.express.co.uk/news/uk/2205949/new-supermarkets-uk-2026,2026-05-17 09:34:00,newsbatch_11_output,2026-05-18
Lidl,"London, Walworth Road",Opening,2026,already opened,"The London, Walworth Road Lidl is among the stores that have already opened in 2026.",https://www.express.co.uk/news/uk/2205949/new-supermarkets-uk-2026,2026-05-17 09:34:00,newsbatch_11_output,2026-05-18
MOMO Market,20 Blyburgate in Beccles,Opening,beginning of June,hope to open,"MOMO Market, a new family-run Asian lifestyle and food market, is setting up at 20 Blyburgate in Beccles and hopes to open around the beginning of June. The shop will serve Korean, Japanese and Chinese food including spicy snacks, fizzy drinks, dumplings, bao buns, bubble tea, and mochi. It is based opposite Beccles Library in the building that was previously Beccles Community Hub and Volunteer Centre.",https://www.eadt.co.uk/news/26102353.momo-market-setting-shop-along-blyburgate-beccles/,2026-05-17 09:00:00,newsbatch_11_output,2026-05-18
No qualifying business found,N/A,N/A,N/A,N/A,N/A,https://www.msn.com/en-us/news/us/texas-roadhouse-to-close-original-site-with-relocation-planned/ss-AA23nF0u,2026-05-17 08:55:05,newsbatch_11_output,2026-05-18
Texas Roadhouse,Texas,Opening,Not specified,expanding,Texas Roadhouse is expanding in Texas with new locations.,https://www.msn.com/en-us/money/companies/texas-roadhouse-is-expanding-in-texas-see-list-of-new-locations/ar-AA23hulQ,2026-05-17 08:54:23,newsbatch_12_output,2026-05-18
Food City,Madison,Opening,Not specified,breaks ground,Food City has broken ground on a new Madison location.,https://www.msn.com/en-us/money/companies/food-city-breaks-ground-on-new-madison-location/ar-AA23iusf,2026-05-17 08:48:45,newsbatch_12_output,2026-05-18
2 retailers (names not specified),University Park Village,Opening,Not specified,planning locations,Two retailers are planning locations at University Park Village.,https://www.msn.com/en-us/travel/news/2-retailers-planning-locations-at-university-park-village/ar-AA23dokm,2026-05-17 08:15:34,newsbatch_12_output,2026-05-18
Jollibee,San Antonio,Opening,Not specified,plans to add as many as 15 locations,Fried chicken chain Jollibee plans to add as many as 15 locations in a San Antonio expansion.,https://www.msn.com/en-us/money/other/fried-chicken-chain-jollibee-plans-to-add-as-many-as-15-locations-in-san-antonio-expansion/ar-AA23iqi8,2026-05-17 07:43:53,newsbatch_12_output,2026-05-18
Steakhouse (name not specified),Address not specified,Opening,Not specified,forced to move to bigger location,A steakhouse has been forced to move to a bigger location despite rivals struggling.,https://www.msn.com/en-us/money/companies/steakhouse-forced-to-move-to-bigger-location-despite-rivals-struggling/ss-AA22UvOQ,2026-05-17 07:40:23,newsbatch_12_output,2026-05-18
The Lagoon,Wollongong,Closing,Not specified,shutting its doors / close its doors for the final time,"The Lagoon, an icon of the Wollongong hospitality scene, is shutting its doors after four decades. The restaurant has hosted leisurely lunches, dinners and milestone celebrations for forty years.",https://www.illawarramercury.com.au/story/9248194/the-lagoon-restaurant-wollongong-icon-closes-after-four-decades/,2026-05-17 07:15:03,newsbatch_12_output,2026-05-18
Sonic Kapolei,"5001 Kapolei Parkway, Kapolei",Opening,Saturday at 10 a.m.,opens its doors,"Sonic Kapolei opens at 10 a.m. Saturday at 5001 Kapolei Parkway, bringing Sonic's first drive-in restaurant to Oahu and its second restaurant in Hawaii. The opening includes a blessing, maile lei untying, photo opportunities, prize giveaways and live music. Service will be restricted to drive-thru and patio or walk-up ordering during opening weekend, and the first 10 drive-thru and first 50 walk-up customers will receive exclusive Sonic swag.",https://www.mogazmasr.com/106577,2026-05-17 05:56:02,newsbatch_12_output,2026-05-18
Side Road Cafe,Warrenton-Hammond (on the way to Fort Stevens State Park),Opening,May 1 (soft-opening); Mother's Day weekend (officially re-opened),re-opens,"The Side Road Cafe in Warrenton-Hammond re-opened five years after COVID closed it. It held a soft-opening on May 1 and officially re-opened on Mother's Day weekend. The cafe offers food, coffee, to-go items baked in house, and libations including seasonal cocktails, bloody marys and mimosas, with breakfast and lunch.",https://youroregonnews.com/2026/05/16/warrenton-hammond-cafe-re-opens-five-years-after-covid-closed-it/,2026-05-17 05:00:20,newsbatch_12_output,2026-05-18
BonBird,Kuwait,Opening,Q4 2026,first location opening,BonBird is set to debut in Kuwait with its first location opening in Q4 2026.,https://www.caterermiddleeast.com/cme/bonbird-to-debut-in-kuwait-with-first-location-opening-in-q4-2026,2026-05-17 05:00:00,newsbatch_12_output,2026-05-18
The Moppet Shoppe,Shreveport,Closing,End of May,closing its doors,"The Moppet Shoppe, a Shreveport children's clothing store, will close at the end of May after 50 years of service. The store will be open regular hours through the end of May with a 40% off sale.",https://www.aol.com/articles/moppet-shoppe-closing-50-years-152010861.html,2026-05-17 04:38:30,newsbatch_12_output,2026-05-18
Turlock Academy of Jiu Jitsu,"1608 Fulkerth Road, Turlock",Opening,Not specified,moved to a new location / moves to a new location,"The Turlock Academy of Jiu Jitsu has moved across town to a bigger location at 1608 Fulkerth Road. Owner Alex Perez said the move was necessary due to membership base growth, as the former downtown location had become too small. The academy offers classes for students of all ages and skill-levels.",https://www.turlockjournal.com/news/local/jiu-jitsu-academy-gets-bigger-better-location/,2026-05-17 04:16:52,newsbatch_12_output,2026-05-18
Lidl,"Fennel Street, Warrington",Closing,Not specified,site listed for sale,A Lidl store site on Fennel Street in Warrington has been listed for sale on Zoopla.,http://www.warringtonguardian.co.uk/news/26108064.lidl-site-fennel-street-listed-sale-zoopla/,2026-05-17 04:00:00,newsbatch_12_output,2026-05-18
Buffalo Wild Wings,"205 S. State St., Ann Arbor, MI 48104",Closing,May 3,doors closed for the last time,"Buffalo Wild Wings closed its Ann Arbor location near the University of Michigan after 20 years of operation, with its final day on May 3. Manager Paul Creely cited tough times for consumers. The nearby restaurant at 3150 Boardwalk Dr. is remaining open for now.",https://www.aol.com/finance/ikea-8-other-major-stores-101500729.html,2026-05-17 02:53:30,newsbatch_12_output,2026-05-18
JCPenney,"6699 Springfield Mall, Springfield, VA 22150",Closing,May 24,final day for shoppers,"Springfield Town Center is losing its JCPenney anchor store after 53 years of operation, with the final day for shoppers on May 24. Parent company Catalyst Brands cited lease challenges and inability to find another compatible location. Significant discounts are already underway, offering up to 50% off current merchandise.",https://www.aol.com/finance/ikea-8-other-major-stores-101500729.html,2026-05-17 02:53:30,newsbatch_12_output,2026-05-18
7-Eleven,"1760 Fremont Blvd., Seaside, CA 93955",Closing,Not specified,closing,"7-Eleven is closing its location at 1760 Fremont Blvd. in Seaside, CA.",https://www.aol.com/finance/ikea-8-other-major-stores-101500729.html,2026-05-17 02:53:30,newsbatch_12_output,2026-05-18
7-Eleven,"8484 Georgia Ave., Silver Spring, MD 20910",Closing,Not specified,closing,"7-Eleven is closing its location at 8484 Georgia Ave. in Silver Spring, MD.",https://www.aol.com/finance/ikea-8-other-major-stores-101500729.html,2026-05-17 02:53:30,newsbatch_12_output,2026-05-18
No qualifying business found,N/A,N/A,N/A,N/A,N/A,https://www.aol.com/articles/scores-online-resellers-using-ai-100313187.html,2026-05-17 01:56:12,newsbatch_12_output,2026-05-18
Save A Lot,Arthur,Opening,Not specified,opening,Arthur residents are excited for the Save A Lot opening.,https://www.msn.com/en-us/money/news/when-it-s-all-in-one-place-it-s-better-arthur-residents-excited-for-save-a-lot-opening/ar-AA23cRS3,2026-05-17 00:45:20,newsbatch_12_output,2026-05-18
H-E-B,"Hurst-Euless-Bedford (Mid-Cities), Fort Worth-area",Opening,May 20,opening date set,H-E-B has set May 20 as the opening date for its new Mid-Cities location in the Hurst-Euless-Bedford area. The Texas-based grocer is finally bringing an H-E-B supermarket to the Fort Worth area.,https://www.aol.com/news/h-e-b-sets-date-150001027.html,2026-05-17 00:41:00,newsbatch_12_output,2026-05-18
H-E-B,Texas,Opening,Not specified,reveals opening date,A perfectly placed new H-E-B in Texas has revealed its opening date.,https://www.msn.com/en-us/money/companies/perfectly-placed-new-h-e-b-in-texas-reveals-opening-date/ar-AA22rHMA,2026-05-17 00:40:15,newsbatch_12_output,2026-05-18
Barnes & Noble,"7555 Market Place Drive, Aurora (Marketplace at Four Corners)",Opening,May 20 at 10 a.m.,to open / grand opening,"Barnes & Noble will open a new store at 10 a.m. May 20 in Aurora at 7555 Market Place Drive in the Marketplace at Four Corners, next to Old Navy in the former Party City space. The store will have 18,000 square feet of books, along with toys, games, magazines, music and films. It is the company's seventh store opening in Ohio since 2022 and the second of 2026, following the Strongsville Barnes & Noble in January.",https://www.aol.com/news/barnes-noble-open-aurora-store-095130632.html,2026-05-17 00:33:26,newsbatch_12_output,2026-05-18
No qualifying business found,N/A,N/A,N/A,N/A,N/A,https://www.msn.com/en-us/money/companies/walgreens-to-close-chicago-store-after-losing-over-1m-due-to-rampant-theft-falling-sales/ar-AA22WnEv,2026-05-16 23:52:51,newsbatch_13_output,2026-05-18
Chipotle Mexican Grill,North America,Opening,Not specified,long-term plan to grow,"Chipotle Mexican Grill detailed a long-term plan to grow its North American store base from 4,000 to 7,000 locations. The company reported Q1 2026 comparable sales growth of 0.5% driven by a 0.6% increase in transactions despite margin pressure.",https://simplywall.st/stocks/us/consumer-services/nyse-cmg/chipotle-mexican-grill/news/should-chipotles-transaction-uptick-and-expansion-push-requi,2026-05-16 23:37:04,newsbatch_13_output,2026-05-18
Open Cupboard Thrift Shop,"Rt. 31, North Hunterdon, NJ",Opening,Not specified,Ribbon-cutting,Three Clinton area mayors attended a ribbon-cutting for a new Open Cupboard Thrift Shop on Rt. 31. No additional article details are available beyond the headline.,https://www.tapinto.net/towns/north-hunterdon/sections/giving-back/articles/three-clinton-area-mayors-attend-ribbon-cutting-for-new-open-cupboard-thrift-shop-on-rt-31,2026-05-16 22:47:43,newsbatch_13_output,2026-05-18
Gap,"3277 Lakeshore Avenue, Oakland, California",Closing,summer 2026,expected to close when its lease expires in summer 2026,"Gap Inc. is closing its final remaining store in Oakland, California, after nearly 26 years in business, marking the retailer's complete exit from the city. The location at 3277 Lakeshore Avenue is expected to close when its lease expires in summer 2026, leaving the closest nearby Gap store more than 10 miles away at 2 Folsom Street in San Francisco.",https://www.aol.com/finance/mall-retail-giant-closes-final-120700614.html,2026-05-16 22:43:22,newsbatch_13_output,2026-05-18
Chicago 6ix Street Food,"1224 Bienville Blvd., Ocean Springs",Opening,Not specified,soft opening,"Chicago 6ix Street Food held a soft opening at 1224 Bienville Blvd. in Ocean Springs, the former spot of Kenny Ward's, drawing customers with a 50-cent wing opening special on Wednesday. The restaurant, operated by Erik Robinson, Dennis Johnson and Dre Whittle, features Chicago classics including cheesesteaks now made with Amoroso rolls, hot dogs, hoagies, catfish plates and po'boys.",https://www.aol.com/news/chicago-sandwiches-philly-cheesesteaks-highlight-181920199.html,2026-05-16 21:51:40,newsbatch_13_output,2026-05-18
No qualifying business found,N/A,N/A,N/A,N/A,N/A,https://www.indexbox.io/blog/commercial-oven-for-bakery-market-forecast-points-higher-toward-2035-driven-by-energy-efficiency-mandates-and-artisanal-baking-expansion/,2026-05-16 21:01:05,newsbatch_13_output,2026-05-18
La MexiCanada,"Main Street, Newmarket",Opening,Not specified,set to open,La MexiCanada is set to open at a 'perfect spot' on Main Street in Newmarket. Full article details could not be fetched (403 Forbidden).,https://www.yorkregion.com/business/mexicanada-open-at-perfect-spot-on-main-street-newmarket/article_344ba740-221d-5482-95ac-2dd10d725042.html,2026-05-16 19:59:44,newsbatch_13_output,2026-05-18
Shoezone,"St Helier, Jersey",Closing,Not specified,closing down; launched a closing down sale,"Jersey's branch of UK footwear retailer Shoezone's warehouse is closing down and has launched a closing down sale to sell remaining stock. The closure follows difficulties faced by the business in the UK, with the company suffering financial losses of more than £5 million attributed to the conflict in the Middle East, lack of consumer spending, and increased container and transportation costs.",https://www.bailiwickexpress.com/news/shoezone-to-close-jersey-branch/,2026-05-16 19:41:34,newsbatch_13_output,2026-05-18
Rooms To Go,"14461 Cortez Blvd., Brooksville",Opening,May 23,opening a new showroom,"Rooms To Go is opening a new showroom in Brooksville at 14461 Cortez Blvd. at 10 a.m. on Saturday, May 23, marking its 14th location in the Tampa Bay area. The more than 45,000 square-foot building features an open-concept layout and floor-to-ceiling windows, with a grand opening celebration featuring a ribbon-cutting ceremony, coffee truck, face painting, and a sweepstakes running from May 23 to May 31.",https://www.tampabaybeacons.com/2026/05/16/rooms-to-go-to-open-new-store-may-23/,2026-05-16 19:32:53,newsbatch_13_output,2026-05-18
No qualifying business found,N/A,N/A,N/A,N/A,N/A,https://www.msn.com/en-us/foodanddrink/foodnews/exclusive-first-details-on-bi-rite-s-next-san-francisco-store/ar-AA21EuAs,2026-05-16 19:27:58,newsbatch_13_output,2026-05-18
Texas Roadhouse (original),"Green Tree Mall on Lewis and Clark Parkway, Clarksville, Indiana",Closing,Not specified,set to close,"The original Texas Roadhouse location at Green Tree Mall on Lewis and Clark Parkway in Clarksville, Indiana is set to close. The location, where the brand started 33 years ago, is being retired as the company evolved from its mall location to a business with 749 locations across the country.",https://www.chron.com/food/article/texas-roadhouse-first-location-closes-22262445.php,2026-05-16 19:24:56,newsbatch_13_output,2026-05-18
Texas Roadhouse (new),"near Bubba's 33 on Veterans Parkway, Clarksville, Indiana",Opening,November,construction is underway; projected opening date of November,"A brand-new 10,000-square-foot Texas Roadhouse restaurant is under construction near Bubba's 33 on Veterans Parkway in Clarksville, Indiana, with a projected opening date of November. The move replaces the original Texas Roadhouse at Green Tree Mall.",https://www.chron.com/food/article/texas-roadhouse-first-location-closes-22262445.php,2026-05-16 19:24:56,newsbatch_13_output,2026-05-18
No qualifying business found,N/A,N/A,N/A,N/A,N/A,https://www.msn.com/en-us/news/us/little-red-barn-still-sizzling-amid-barn-door-closing-confusion/ar-AA232Fxd,2026-05-16 19:20:57,newsbatch_13_output,2026-05-18
No qualifying business found,N/A,N/A,N/A,N/A,N/A,https://www.msn.com/en-us/money/companies/smoking-monkey-pizza-files-for-bankruptcy-closes-spokane-store/ss-AA23iXtG,2026-05-16 18:54:35,newsbatch_13_output,2026-05-18
No qualifying business found,N/A,N/A,N/A,N/A,N/A,https://www.msn.com/en-us/money/companies/wawa-is-opening-its-first-tennessee-location-next-month-are-more-in-the-works/ar-AA231hOR,2026-05-16 18:43:51,newsbatch_13_output,2026-05-18
No qualifying business found,N/A,N/A,N/A,N/A,N/A,https://www.msn.com/en-us/foodanddrink/foodnews/popular-barbecue-chain-quietly-closes-all-locations-after-bankruptcy-filing/ar-AA2225ju,2026-05-16 18:04:13,newsbatch_13_output,2026-05-18
El Rio,Tucson,Opening,Not specified,revives long-closed Tucson hospital,El Rio revives long-closed Tucson hospital. Full article details could not be fetched (429 Too Many Requests).,https://tucson.com/news/local/business/real-estate/article_8827a108-625b-47b8-b9dd-2eed85e8d37c.html,2026-05-16 17:43:56,newsbatch_13_output,2026-05-18
No qualifying business found,N/A,N/A,N/A,N/A,N/A,https://www.msn.com/en-us/money/companies/clarks-calls-2025-its-turnaround-year-and-eyes-store-openings/ar-AA21q1Fe,2026-05-16 17:31:56,newsbatch_13_output,2026-05-18
Texas Roadhouse (original),"Green Tree Mall, Clarksville, Indiana",Closing,Not specified,will close and relocate,"The first-ever Texas Roadhouse location at Green Tree Mall in Clarksville, Indiana will close and relocate to a nearby Clarksville address, according to a Texas Roadhouse spokesperson. The casual steakhouse empire began in 1993 with one lone little green building at Green Tree Mall.",https://www.aol.com/articles/texas-roadhouse-relocate-clarksville-location-172501189.html,2026-05-16 17:31:47,newsbatch_13_output,2026-05-18
Texas Roadhouse (new),"near 4631 Medical Plaza Way, Veterans Parkway, Clarksville",Opening,Not specified,relocating a short distance down Veterans Parkway,"The new 10,000-square-foot Texas Roadhouse will be about 2 miles away near a Bubba's 33 at 4631 Medical Plaza Way, relocating a short distance down Veterans Parkway and remaining in Clarksville. The company stated it will honor the original location's heritage in the architecture and design at the new store.",https://www.aol.com/articles/texas-roadhouse-relocate-clarksville-location-172501189.html,2026-05-16 17:31:47,newsbatch_13_output,2026-05-18
Sheetz,"McLaws Circle, James City County",Opening,Not specified,in the process of filing paperwork for a potential new location,"Sheetz is in the process of filing paperwork for a potential new location on McLaws Circle in James City County at the site of The Whaling Co. restaurant. A conceptual plan is in the works for a Sheetz convenience store with a gas station, as well as a special use permit request to operate at the site.",https://www.dailypress.com/2026/05/16/business-notes-sheetz-looks-to-open-location-near-williamsburg/,2026-05-16 16:03:32,newsbatch_13_output,2026-05-18
The Whaling Co.,"McLaws Circle, James City County",Closing,August,will permanently close in August,The Whaling Co. restaurant announced earlier this year it will permanently close in August after more than 40 years in business. The site is being eyed by Sheetz for a new convenience store.,https://www.dailypress.com/2026/05/16/business-notes-sheetz-looks-to-open-location-near-williamsburg/,2026-05-16 16:03:32,newsbatch_13_output,2026-05-18
Dutch Bros. Coffee,496 McLaws Circle,Opening,Not specified,applied for a special use permit to operate a location,"Dutch Bros. Coffee applied for a special use permit in March to operate a location at 496 McLaws Circle adjacent to the proposed Sheetz, in the space formerly occupied by a SunTrust bank. Dutch Bros. Coffee is also planning a location in Grafton on George Washington Memorial Highway near a new Chick-Fil-A.",https://www.dailypress.com/2026/05/16/business-notes-sheetz-looks-to-open-location-near-williamsburg/,2026-05-16 16:03:32,newsbatch_13_output,2026-05-18
Tipsy Beans Café,"The Shops at the location described as ""in The Sho...""",Opening,Friday,grand opening was held Friday following a soft reopening on Wednesday,"A grand opening was held Friday for Tipsy Beans Café following a two-month closure to expand the restaurant, after a soft reopening on Wednesday. Further details from the article excerpt are cut off.",https://www.dailypress.com/2026/05/16/business-notes-sheetz-looks-to-open-location-near-williamsburg/,2026-05-16 16:03:32,newsbatch_13_output,2026-05-18
Spice Up Fitness Tokyo,"BGC, Taguig City, Philippines",Opening,Not specified,opens its first Philippine branch,Spice Up Fitness Tokyo opens its first Philippine branch at BGC in Taguig City. No additional article body details are available beyond the headline.,https://www.pikapika.ph/pikadaily/spice-up-fitness-tokyo-opens-its-first-philippine-branch-at-bgc-in-taguig-city,2026-05-16 15:26:01,newsbatch_13_output,2026-05-18
No qualifying business found,N/A,N/A,N/A,N/A,N/A,https://unofficialnetworks.com/2026/05/16/kirkwoods-cirque-permanently-closed/,2026-05-16 15:03:47,newsbatch_14_output,2026-05-18
Nordstrom,"Galleria Dallas, Texas",Closing,"today (May 16, 2026)",closes doors for good,"Nordstrom's anchor location at Galleria Dallas, which has been operating since 1996 as the company's first Texas and Southern store, is shutting up shop as part of a major overhaul. The company is shifting its focus to its off-price Rack business, leading to the closure of many full-line locations. Two full-line Nordstrom stores remain in the Dallas-Fort Worth area, in addition to ten Nordstrom Rack stores.",https://www.the-sun.com/money/16369887/nordstrom-anchor-store-closes-doors/,2026-05-16 14:06:48,newsbatch_14_output,2026-05-18
No qualifying business found,N/A,N/A,N/A,N/A,N/A,https://www.arkansasonline.com/news/2026/may/16/benton-buc-ees-to-open-aug-17-bringing-200-jobs-to-arkansas/,2026-05-16 13:40:00,newsbatch_14_output,2026-05-18
Signature Mall,"Preston Street, Bradford",Opening,"Saturday (May 16, 2026)",opened,"Signature Mall, described as the country's biggest Asian mall, officially opened on Saturday on Preston Street in Bradford, housing 36 shops and a food gallery with nine food businesses. Hundreds of people flocked to the opening, packing the car park outside the building.",https://www.thetelegraphandargus.co.uk/news/26112996.hundreds-flock-opening-huge-new-asian-mall-bradford/,2026-05-16 13:34:29,newsbatch_14_output,2026-05-18
Main Event,Tanger Outlets Deer Park,Opening,"May 18, 2026",grand opening,"Main Event, a family fun and entertainment venue, is celebrating the grand opening of its first New York location at Tanger Outlets Deer Park with a ribbon-cutting ceremony at 11:45 a.m. on Monday, May 18. The venue features bowling, laser tag, a state-of-the-art arcade, and a full-service restaurant and bar. The first 200 guests in line will receive free laser tag for a year.",https://www.cityguideny.com/event/Tanger-Deer-Park-2026-05-18-2026-05-18,2026-05-16 13:24:12,newsbatch_14_output,2026-05-18
Whip Clean,"Festival at Muddy Branch Shopping Center, Gaithersburg",Opening,second or third week of June,aiming to open,"Whip Clean's upcoming Gaithersburg location at the Festival at Muddy Branch Shopping Center is nearing completion of construction and the company is aiming to open during the second or third week of June. The 11,378 SF facility will feature a state-of-the-art wash tunnel and assembly-line-style finish bay with dual finish belts. The company also plans a separate location in Severn.",https://mocoshow.com/2026/05/16/whip-clean-says-gaithersburg-location-could-open-by-mid-june/,2026-05-16 13:09:38,newsbatch_14_output,2026-05-18
No qualifying business found,N/A,N/A,N/A,N/A,N/A,https://www.pressandjournal.co.uk/fp/news/aberdeen-aberdeenshire/7020360/schuh-union-square-opening/,2026-05-16 12:07:25,newsbatch_14_output,2026-05-18
No qualifying business found,N/A,N/A,N/A,N/A,N/A,https://www.desmoinesregister.com/story/entertainment/dining/2026/05/16/ronis-mac-bar-waukee-new-restaurant/90096555007/,2026-05-16 11:01:00,newsbatch_14_output,2026-05-18
No qualifying business found,N/A,N/A,N/A,N/A,N/A,https://www.msn.com/en-us/foodanddrink/foodnews/shake-shack-adding-fifth-location-in-greater-cincinnati/ar-AA237vkr?ocid=Peregrine,2026-05-16 10:45:29,newsbatch_14_output,2026-05-18
Garbanzo Mediterranean Fresh,"1671 Clarkson Road, Chesterfield, Mo.",Opening,"Thursday (May 14, 2026)",held its grand opening,"Garbanzo Mediterranean Fresh held its grand opening on Thursday at 1671 Clarkson Road in Chesterfield, marking the chain's second St. Louis-area location. The restaurant is owned by local operator Sayed Abdali and offers a build-your-own menu of Mediterranean staples including hummus, pitas, salads, gyros and rice bowls. The two Chesterfield and Clayton locations are the chain's only Missouri stores.",https://www.ksdk.com/article/news/local/business-journal/fast-casual-mediterranean-chain-opens-2nd-st-louis-location/63-52232442-fd73-4810-83b0-bc43055077ff,2026-05-16 10:30:00,newsbatch_14_output,2026-05-18
No qualifying business found,N/A,N/A,N/A,N/A,N/A,https://movie-locations.com/movies/p/Project-Hail-Mary.php,2026-05-16 10:16:02,newsbatch_14_output,2026-05-18
No qualifying business found,N/A,N/A,N/A,N/A,N/A,https://www.bizjournals.com/orlando/news/2026/05/16/fatburger-first-brevard-county-location.html,2026-05-16 10:00:00,newsbatch_14_output,2026-05-18
No qualifying business found,N/A,N/A,N/A,N/A,N/A,https://www.masslive.com/destinations/2026/05/popular-boston-area-doughnut-chain-to-open-first-south-shore-location.html?outputType=amp,2026-05-16 10:00:00,newsbatch_14_output,2026-05-18
No qualifying business found,N/A,N/A,N/A,N/A,N/A,https://www.naplesnews.com/story/life/food/2026/05/16/new-naples-chick-fil-a-opens-may-21at-city-gate/90096219007/,2026-05-16 09:04:00,newsbatch_14_output,2026-05-18
Gastonia's Senior Activity Center,"107 S. Broad St. (formerly The Salvation Army), Gastonia",Opening,Not specified,officially relocated,"Gastonia's Senior Activity Center has officially relocated to 107 S. Broad St., a property which was formerly The Salvation Army. The city moved the center from its former location at 519 W. Franklin Blvd. due to hazardous conditions, with the plan announced last summer. The new location features amenities including a golf simulator.",https://www.gastongazette.com/story/lifestyle/2026/05/16/gastonias-senior-center-is-now-open-downtown/90065097007/,2026-05-16 09:01:00,newsbatch_14_output,2026-05-18
No qualifying business found,N/A,N/A,N/A,N/A,N/A,https://www.news-leader.com/story/entertainment/dining/2026/05/16/caracas-house-food-truck-plans-springfield-restaurant/90065519007/,2026-05-16 09:01:00,newsbatch_14_output,2026-05-18
No qualifying business found,N/A,N/A,N/A,N/A,N/A,http://www.cbc.ca/news/canada/new-brunswick/new-brunswick-poley-mountain-expansion-9.7196600,2026-05-16 09:00:00,newsbatch_14_output,2026-05-18
Signature Mall,"Listerhills, Bradford",Opening,"Saturday (May 17, 2026)",set to open,"Signature Mall, aiming to be the largest Asian mall in the UK, is set to open in Listerhills, Bradford in the former Xercise4less gym, hosting 36 shops and a food gallery with nine food outlets. The interior has been transformed with ornate chandeliers, palm trees, marble flooring, and striking sculptures, and the development has generated around 300 jobs. The Signature Food Gallery will feature a diverse array of cuisines including Mexican, Turkish, parathas, chaats, and European street food, with seating for over 200 diners.",https://news.ssbcrack.com/signature-mall-set-to-open-in-listerhills-bradford-this-saturday-featuring-36-shops-and-a-food-gallery/,2026-05-16 08:44:11,newsbatch_14_output,2026-05-18
No qualifying business found,N/A,N/A,N/A,N/A,N/A,https://www.pressreader.com/canada/the-welland-tribune/20260516/281994679127607,2026-05-16 08:23:54,newsbatch_14_output,2026-05-18
No qualifying business found,N/A,N/A,N/A,N/A,N/A,https://www.travelandtourworld.com/news/article/thailand-and-united-arab-emirates-accelerate-culinary-tourism-growth-through-thai-fruits-food-festival-2026-featuring-tropical-fruits-luxury-food-retail-and-expanding-cross-border-consumer-dem/,2026-05-16 08:05:49,newsbatch_15_output,2026-05-18
Buc-ee's,Arizona,Opening,Not specified,opening soon,Buc-ee's is opening in Arizona soon.,https://www.msn.com/en-us/money/companies/buc-ees-opening-in-arizona-soon-see-where-the-beaver-is-going-next/ar-AA232nSA,2026-05-16 07:52:29,newsbatch_15_output,2026-05-18
Women-only members club (name not specified),"Southtown, San Antonio",Opening,Not specified,to open,A San Antonio native is set to open a women-only members club in Southtown.,https://www.msn.com/en-us/travel/news/san-antonio-native-to-open-women-only-members-club-in-southtown/ar-AA22xKNB,2026-05-16 07:47:00,newsbatch_15_output,2026-05-18
Kendra Scott,Stuyvesant Plaza,Opening,Not specified,opening date set,Stuyvesant Plaza has set an opening date for a Kendra Scott storefront.,http://www.msn.com/en-us/news/us/stuyvesant-plaza-sets-opening-date-for-kendra-scott-storefront/ar-AA1QUbuc,2026-05-16 06:28:55,newsbatch_15_output,2026-05-18
Saks Fifth Avenue,Greenwich,Closing,Not specified,to close two of three stores,Luxury retailer Saks Fifth Avenue is set to close two of its three stores in Greenwich.,http://www.msn.com/en-us/money/companies/luxury-retailer-saks-fifth-avenue-to-close-two-of-three-stores-in-greenwich/ar-AA23hB5j,2026-05-16 06:24:54,newsbatch_15_output,2026-05-18
The Habit Burger & Grill,Address not specified,Closing,Not specified,quietly closes locations,The Habit Burger & Grill has quietly closed locations.,https://www.msn.com/en-us/money/companies/the-habit-burger-grill-quietly-closes-locations/ar-AA2276om,2026-05-16 06:22:24,newsbatch_15_output,2026-05-18
Trader Joe's,18 states,Opening,Not specified,opening 30 new locations,Trader Joe's is opening 30 new locations across 18 states.,http://www.msn.com/en-us/money/companies/trader-joe-s-opening-30-new-locations-across-18-states-here-s-where/ar-AA1INEVd,2026-05-16 04:58:19,newsbatch_15_output,2026-05-18
Camp Bar Cedarburg,"W63 N664 Washington Ave., Cedarburg",Opening,Soft opening May 22; Grand opening May 29,soft opening starts May 22 / grand opening scheduled for May 29,"Camp Bar's new Cedarburg location will hold a soft opening starting Friday, May 22 through Thursday, May 28, with the grand opening scheduled for Friday, May 29. The Northwoods-themed bar will be located in a historic riverfront property at W63 N664 Washington Ave., formerly occupied by The Art of Joy Social House & Mercantile before it closed in December 2025. It will be Hackbarth Hospitality Group's fifth Camp Bar location.",https://www.aol.com/news/camp-bar-cedarburg-announces-opening-221504921.html,2026-05-16 04:45:07,newsbatch_15_output,2026-05-18
Zara,"The Oracle shopping centre, Reading",Opening,May 1,opened,"Zara opened its flagship 'next generation' shop on May 1 on the upper floor of The Oracle shopping centre in Reading, moving into a more spacious 40,000 sq ft unit created from the former House of Fraser department store and Five Guys burger outlet. The new store includes self-checkout tills, mobile reserved fitting rooms and intelligent stock management.",https://www.readingchronicle.co.uk/news/26111682.reading---inside-next-generation-zara-store-oracle/,2026-05-16 04:00:00,newsbatch_15_output,2026-05-18
No qualifying business found,N/A,N/A,N/A,N/A,N/A,https://www.theconnecticutscoop.com/all-new-london-county-posts/foxwoods-scoop-new-tenants-opens-at-tanger-outlets-foxwoods,2026-05-16 03:43:43,newsbatch_15_output,2026-05-18
Faherty,Downtown Mystic,Opening,Not specified,opens new location,Faherty opens a new location in Downtown Mystic.,https://www.theconnecticutscoop.com/all-new-london-county-posts/mystic-scoop-faherty-opens-new-location-in-downtown-mystic,2026-05-16 03:43:43,newsbatch_15_output,2026-05-18
Duke's on Water,"158 E. Juneau Ave., Milwaukee",Closing,May 15 (final day),closing,"Duke's on Water, a longtime fixture at the corner of North Water Street and East Juneau Avenue in Milwaukee, closed on Friday, May 15. The closure came because the building is being sold and the bar was unable to come to terms on a new lease.",https://www.jsonline.com/story/money/business/2026/05/15/dukes-on-water-varsity-bars-downtown-milwaukee-closing/90103719007/,2026-05-16 03:32:13,newsbatch_15_output,2026-05-18
Varsity (formerly Scooter's),"158 E. Juneau Ave., Milwaukee",Closing,May 15,closing,"The Varsity side of the building, formerly known as Scooter's, is also closing along with Duke's on Water. The closure was due to the building being sold and an inability to agree on a new lease.",https://www.jsonline.com/story/money/business/2026/05/15/dukes-on-water-varsity-bars-downtown-milwaukee-closing/90103719007/,2026-05-16 03:32:13,newsbatch_15_output,2026-05-18
No qualifying business found,N/A,N/A,N/A,N/A,N/A,https://www.msn.com/en-us/news/us/jacksonville-city-council-to-vote-on-winn-dixie-incentives-that-keep-harveys-store/ar-AA22XSPm,2026-05-16 02:57:53,newsbatch_15_output,2026-05-18
Crux Climbing Center,South Austin,Opening,Not specified,opens new South Austin location,Crux Climbing Center has opened a new South Austin location.,https://www.msn.com/en-us/news/us/crux-climbing-center-opens-new-south-austin-location/ar-AA22swQB,2026-05-16 02:06:16,newsbatch_15_output,2026-05-18
Beloved BBQ chain (name not specified),Address not specified,Closing,Not specified,quietly closes all locations following bankruptcy,A beloved BBQ chain has quietly closed all locations following bankruptcy.,https://www.msn.com/en-us/money/companies/say-goodbye-beloved-bbq-chain-quietly-closes-all-locations-following-bankruptcy/ar-AA226Hgs,2026-05-16 01:38:08,newsbatch_15_output,2026-05-18
Tackle World,"Route 17, Paramus",Opening,May 15 (grand opening Saturday),grand opening,"Tackle World held its grand opening celebration on May 15 at its new location along Route 17 in Paramus, featuring raffles, sales and promotions. The fishing gear business had a soft opening about a month prior and moved to Paramus from a previous Rochelle Park strip mall location for more space. The Paramus store is double the size of Tackle World's previous spot.",https://www.northjersey.com/story/news/bergen/2026/05/15/nj-fishing-gear-outlet-tackle-world-opening-paramus-nj/90084401007/,2026-05-16 01:36:00,newsbatch_15_output,2026-05-18
LV Petroleum (TA TravelCenter),"Eagleville, Missouri",Opening,May 5,became the new operator,"LV Petroleum became the new operator of a TA TravelCenter in Eagleville, Missouri on May 5. LV Petroleum LLC is a Las Vegas-based travel center operator expanding its national footprint. The company also announced multiple new travel center and quick-service restaurant locations across the country.",https://energydigital.com/globenewswire/3296183,2026-05-16 01:00:07,newsbatch_15_output,2026-05-18
No qualifying business found,N/A,N/A,N/A,N/A,N/A,https://sanjosespotlight.com/santa-clara-university-to-open-regions-first-medical-school/,2026-05-16 00:32:17,newsbatch_15_output,2026-05-18
Campo Enoteca (Campo 2),"Former San Francisco Kitchen location, Nashua",Opening,Next month,hopes to open by next month,"Owner Eric Maxwell plans to open a second Campo Enoteca location in Nashua inside the former San Francisco Kitchen space, which closed last month after some 30 years. He calls the new spot ""Campo 2"" and hopes to open by next month. The Manchester original location at 969 Elm St. will remain open.",https://www.unionleader.com/news/business/new_business/new-business-campo-enoteca-to-expand-to-nashua-yamas-greek-eatery-opens-in-concord/article_f0f98afd-0a51-4804-99d5-1c87edd42b04.amp.html,2026-05-16 00:32:14,newsbatch_15_output,2026-05-18
Yamas Greek Eatery,Concord,Opening,Not specified,opens,Yamas Greek Eatery has opened in Concord.,https://www.unionleader.com/news/business/new_business/new-business-campo-enoteca-to-expand-to-nashua-yamas-greek-eatery-opens-in-concord/article_f0f98afd-0a51-4804-99d5-1c87edd42b04.amp.html,2026-05-16 00:32:14,newsbatch_15_output,2026-05-18
Mesón,"1329 Gilman St, Berkeley, CA 94706",Opening,Not specified,official opening date has not yet been announced,"Mesón will take over the former Three One Four Pizzeria space at 1329 Gilman St in Berkeley, heavily inspired by the acclaimed Spanish tapas bar César. The new concept will reunite several former César team members and feature Spanish-inspired dishes such as patatas bravas, montaditos, bocadillos, salads and paellas, along with multiple seating areas including a front dining room, outdoor patio, bar space and backyard area.",https://whatnow.com/san-francisco/restaurants/meson-to-take-over-three-one-four-pizzeria-location-in-berkley/,2026-05-16 00:30:11,newsbatch_16_output,2026-05-18
Lotus of Siam,"Commercial Center, Sahara Avenue, Las Vegas",Opening,Not specified,reopened at its original Las Vegas location,"Lotus of Siam has reopened at its original home inside the Commercial Center on Sahara Avenue, more than four years after closing that location in June 2021 due to staffing challenges. The iconic Thai restaurant first opened on East Sahara in 1999 and has returned with a more modern look and a new bar, while keeping the same menu and its famous wine collection of 6,000 bottles.",https://www.ktnv.com/news/lotus-of-siam-returns-to-its-original-east-sahara-location-after-more-than-4-years-away,2026-05-16 00:25:26,newsbatch_16_output,2026-05-18
No qualifying business found,N/A,N/A,N/A,N/A,N/A,https://www.timeout.com/newyork/news/a-radiohead-experience-just-opened-in-the-brooklyn-navy-yard-051526,2026-05-16 00:07:24,newsbatch_16_output,2026-05-18
No qualifying business found,N/A,N/A,N/A,N/A,N/A,https://www.msn.com/en-us/news/us/more-raising-cane-s-locations-opening-this-month-here-s-where/ar-AA230PO8,2026-05-15 23:47:58,newsbatch_16_output,2026-05-18
The Container Store + Bed Bath & Beyond,"4601 West Freeway, Fort Worth, Texas",Opening,this weekend,public opening set for the weekend,"The parent company of Bed Bath & Beyond and the Container Store opened the first retail site combining the two brands at 4601 West Freeway in Fort Worth, Texas, with a public opening set for the weekend. The strategy involves transforming an existing Container Store by removing about one-third of its products to make room for home goods from Bed Bath & Beyond, and it is the first of the Container Store's 98 locations to be converted into dual-named locations by year's end.",https://www.costar.com/article/57241255/bed-bath-beyond-moves-in-to-first-container-store-with-dozens-more-to-follow,2026-05-15 23:33:07,newsbatch_16_output,2026-05-18
J.Crew Factory,"Maple Tree Place, Williston",Opening,Not specified,opened its doors,A new J.Crew Factory store has opened its doors at Maple Tree Place in Williston as the latest addition to the town's growing retail hub. J.Crew had left the market a decade or so ago and returned after seeing Maple Tree Place as a thriving center on the upswing.,https://www.mynbc5.com/article/jcrew-factory-williston-vermont/71321189,2026-05-15 22:41:00,newsbatch_16_output,2026-05-18
Spaghet Restaurant,"Finney Crossing, Williston",Opening,Not specified,opened in a new building,Spaghet Restaurant is one of three new businesses that opened in a new building at Finney Crossing in Williston.,https://www.mynbc5.com/article/jcrew-factory-williston-vermont/71321189,2026-05-15 22:41:00,newsbatch_16_output,2026-05-18
Jane Boutique,"Finney Crossing, Williston",Opening,Not specified,opened in a new building,Jane Boutique is one of three new businesses that opened in a new building at Finney Crossing in Williston.,https://www.mynbc5.com/article/jcrew-factory-williston-vermont/71321189,2026-05-15 22:41:00,newsbatch_16_output,2026-05-18
Wild Meadows Books and Cafe,"Finney Crossing, Williston",Opening,this summer,set to open this summer,"Wild Meadows Books and Cafe is one of three new businesses in a new building at Finney Crossing in Williston, and is set to open this summer.",https://www.mynbc5.com/article/jcrew-factory-williston-vermont/71321189,2026-05-15 22:41:00,newsbatch_16_output,2026-05-18
No qualifying business found,N/A,N/A,N/A,N/A,N/A,http://www.msn.com/en-us/money/companies/movie-theater-chain-with-locations-in-8-states-files-for-bankruptcy-again/ar-AA1HV87r,2026-05-17 13:55:48,newsbatch_1_output,2026-05-18
No qualifying business found,N/A,N/A,N/A,N/A,N/A,https://www.msn.com/en-us/travel/news/owensboro-hotel-celebrates-grand-opening-after-renovations/ar-AA1FK3i1,2026-05-17 21:11:15,newsbatch_1_output,2026-05-18
No qualifying business found,N/A,N/A,N/A,N/A,N/A,https://dailyvoice.com/nj/kinnelon/nj-grocery-store-closing-after-66-years-but-theres-a-twist/,2026-05-17 21:00:39,newsbatch_1_output,2026-05-18
Texas Roadhouse,Address not specified,Opening,2026,plans to open new locations,"Texas Roadhouse raised menu prices by 1.9% starting in Q2 of 2026 and announced plans to open new restaurants across the country and internationally in 2026. The chain reported a same-store sales increase of 7.1% in Q1 with 4.5% traffic growth, and revenue up 12.8% for the quarter to $1.6 billion.",https://www.aol.com/articles/texas-roadhouse-raises-prices-plans-172630886.html,2026-05-17 19:43:52,newsbatch_1_output,2026-05-18
No qualifying business found,N/A,N/A,N/A,N/A,N/A,https://www.msn.com/en-us/money/companies/major-grocery-store-closing-soon-in-stanly-county/ar-AA23bar4,2026-05-17 17:03:45,newsbatch_1_output,2026-05-18
AYA,"Graton Resort & Casino, West Rohnert Park, CA",Opening,May 7,officially opened May 7,"AYA, Graton Resort and Casino's new 27,000-square-foot rooftop restaurant, officially opened May 7 with an event emceed by Mario Lopez and a performance by E-40. Chef Roy Ellamar showcased a menu influenced by Filipino and Hawaiian heritage featuring Sonoma County ingredients, including dishes such as steak tartare with American wagyu and crispy pork belly lechon with jeow som.",https://www.sfexaminer.com/photo_galleries/drew-altizer/wagyu-tartare-and-rapper-e-40-inside-graton-resorts-aya-grand-opening/article_ded129da-a07e-4e25-af3f-54ed9b0313cd.html,2026-05-17 16:15:00,newsbatch_1_output,2026-05-18
Cooper's Hawk Winery & Restaurant,Pleasant Prairie,Opening,"May 17, 2026",opens new location,Cooper's Hawk Winery & Restaurant opens a new location in Pleasant Prairie. No additional article details are available.,https://www.fox6now.com/video/fmc-etyd32pbtuk1f0sr.amp,2026-05-17 15:34:43,newsbatch_1_output,2026-05-18
The Food Warehouse,"Enterprise 5 Retail Park, Bradford Road, Idle, Bradford",Opening,May 19,"will open on Tuesday, May 19","The Food Warehouse store will open on Tuesday, May 19, at the Enterprise 5 Retail Park in Bradford, adding an estimated 20 jobs to the local community. The opening morning will include activities, prize competitions and giveaways, with £1,500 worth of vouchers given to the first 150 customers in the queue, and Iceland ambassador Josie Gibson cutting the ribbon.",https://uk.news.yahoo.com/storefront-signage-now-place-bradford-134543936.html,2026-05-17 13:45:43,newsbatch_1_output,2026-05-18
Sonic,"5001 Kapolei Pkwy, Kapolei, Hawaii",Opening,May 16,grand opening,"Sonic held the grand opening of its first carhop restaurant on Oahu in Kapolei on Saturday, May 16, opening at 10 a.m. after a short ceremony with a blessing and maile lei untying. The new Oahu restaurant marks the second Sonic in the state, after the first one opened in Kahului in 2023, with opening weekend limited to drive-thru and patio/walk-up only.",https://www.kitv.com/news/business/sonic-kapolei-grand-opening-for-its-first-carhop-restaurant-on-oahu/article_b210ff8a-f49e-4e5e-8105-9f718c1dec34.html,2026-05-17 12:42:19,newsbatch_1_output,2026-05-18
No qualifying business found,N/A,N/A,N/A,N/A,N/A,https://www.msn.com/en-us/money/companies/restaurant-chain-with-3-193-locations-shut-down-after-bankruptcy-filing/ss-AA1ZVfWR,2026-05-17 12:04:20,newsbatch_1_output,2026-05-18
No qualifying business found,N/A,N/A,N/A,N/A,N/A,https://www.msn.com/en-us/news/crime/explosion-at-new-florida-restaurant-leaves-10-hurt-hours-before-grand-opening/ar-AA1Fzb7i,2026-05-17 10:49:56,newsbatch_1_output,2026-05-18
No qualifying business found,N/A,N/A,N/A,N/A,N/A,http://www.msn.com/en-us/food-and-drink/world-cuisines/ribbon-cutting-held-to-celebrate-opening-of-new-roanoke-restaurant/ar-AA1LOG22,2026-05-17 09:24:32,newsbatch_1_output,2026-05-18
No qualifying business found,N/A,N/A,N/A,N/A,N/A,https://www.msn.com/en-gb/money/other/warrington-gym-announces-shock-closure-after-entering-liquidation/ar-AA22TB6d,2026-05-17 08:56:04,newsbatch_1_output,2026-05-18
Sonic,"5001 Kapolei Pkwy, Kapolei, Hawaii",Opening,May 16,grand opening,"Sonic held the grand opening of its first carhop restaurant on Oahu in Kapolei on Saturday, May 16, opening at 10 a.m. after a short ceremony with a blessing and maile lei untying. The new Oahu restaurant marks the second Sonic in the state, after the first one opened in Kahului in 2023, with opening weekend limited to drive-thru and patio/walk-up only.",http://www.kitv.com/news/business/sonic-kapolei-grand-opening-for-first-carhop-restaurant-on-oahu/article_b210ff8a-f49e-4e5e-8105-9f718c1dec34.html,2026-05-17 01:02:48,newsbatch_1_output,2026-05-18
Inspirations Salon,"121 W. Main St. Suite B, Turlock",Opening,three weeks ago,opened its doors three weeks ago,"Inspirations Salon, owned by Janene Temple, relocated to a new location in downtown Turlock which opened three weeks ago. The full-service salon offers haircuts and colors, makeup applications, nail services, massages, spray tanning, facials and waxing, and a new permanent makeup artist will join on July 1.",https://www.turlockjournal.com/news/local/inspirations-salon-finds-success-at-new-location/,2026-05-16 21:04:01,newsbatch_1_output,2026-05-18
No qualifying business found,N/A,N/A,N/A,N/A,N/A,https://www.msn.com/en-us/foodanddrink/foodnews/popular-brunch-booze-restaurant-opening-new-location-in-mount-lookout/ar-AA1JFRga,2026-05-16 18:06:03,newsbatch_1_output,2026-05-18
No qualifying business found,N/A,N/A,N/A,N/A,N/A,https://www.msn.com/en-us/money/companies/five-guys-restaurant-locations-closing-soon-is-your-favorite-one-on-the-list/ar-AA23caxj,2026-05-16 15:18:14,newsbatch_1_output,2026-05-18
No qualifying business found,N/A,N/A,N/A,N/A,N/A,https://www.warrington-worldwide.co.uk/2026/05/16/biggest-used-car-supermarket-in-north-west-now-open-in-warrington/,2026-05-16 06:00:33,newsbatch_1_output,2026-05-18
Black Pizza,"2079 Joseph E Boone Blvd NW, Atlanta, GA 30314",Opening,end of May or early June,slated to open by the end of May or early June,"A new, black-owned pizzeria is opening in Bankhead from founders Sela Afeworki and Natnael Tekeste along with additional partners. The family-friendly pizzeria is slated to open by the end of May or early June.",https://www.businessdebut.com/5-restaurants-opening-soon-across-georgia-may-15-2026/,2026-05-16 03:15:24,newsbatch_1_output,2026-05-18
Botanico,"1106 Crescent Ave NE, Atlanta, GA 30309",Opening,August,targeting an August opening,Botanico Hospitality Group is planning a new Atlanta concept called Botanico in Midtown. The restaurant is targeting an August opening.,https://www.businessdebut.com/5-restaurants-opening-soon-across-georgia-may-15-2026/,2026-05-16 03:15:24,newsbatch_1_output,2026-05-18
Incognito,"1025 Howell Mill Rd NW, Atlanta, GA 30318",Opening,early June,targeting an early June opening,Botanico Hospitality Group is planning a new Atlanta concept called Incognito in West Midtown. The restaurant is targeting an early June opening.,https://www.businessdebut.com/5-restaurants-opening-soon-across-georgia-may-15-2026/,2026-05-16 03:15:24,newsbatch_1_output,2026-05-18
Knuckies Sandwiches and Sips,"4108 Medley Blvd., Johns Creek, GA 30097",Opening,October 29,opening planned for October 29th at 10 a.m.,"Knuckies Sandwiches and Sips is planned for the Medley development in Johns Creek, with an opening planned for October 29th at 10 a.m. The opening is planned in step with the broader Medley development, which will open all at once on October 29.",https://www.businessdebut.com/5-restaurants-opening-soon-across-georgia-may-15-2026/,2026-05-16 03:15:24,newsbatch_1_output,2026-05-18
The Nest Cafe,"11650 Johns Creek Pkwy, Johns Creek, GA 30097",Opening,October 29,grand opening is planned across the entire development for October 29,The Nest Cafe is planning to open its third metro Atlanta location in the Medley development in Johns Creek. A grand opening is planned across the entire development for October 29 at 10 a.m.,https://www.businessdebut.com/5-restaurants-opening-soon-across-georgia-may-15-2026/,2026-05-16 03:15:24,newsbatch_1_output,2026-05-18
Trap Wingz,"Atlanta, GA",Opening,Not specified,opening two new locations,"Trap Wingz is opening two new locations in Atlanta, founder Damico Green shared with Business Debut. The article excerpt is cut off before details of the first location are completed.",https://www.businessdebut.com/5-restaurants-opening-soon-across-georgia-may-15-2026/,2026-05-16 03:15:24,newsbatch_1_output,2026-05-18
Baby's Diner,131 S. Garner St.,Opening,mid-June,plans to open,"Baby's Diner plans to open in the place of Bubba's Eggs, Steaks & Shakes in mid-June. The name pays respect to Baby's Burgers and Shakes, which closed in 2022. The menu will be Hilal and include diner classics like the Whimpy Basket.",https://onwardstate.com/2026/05/15/babys-diner-plans-to-open-in-place-of-bubbas-eggs-steaks-shakes/,2026-05-16 01:01:20,newsbatch_2_output,2026-05-18
"Bubba's Eggs, Steaks & Shakes",131 S. Garner St.,Closing,2026,closed,"Bubba's was formerly located at 131 S. Garner St. and closed in 2026, citing employment issues. The space previously housed Oeuf Boeuf et Bacon, which closed in 2025.",https://onwardstate.com/2026/05/15/babys-diner-plans-to-open-in-place-of-bubbas-eggs-steaks-shakes/,2026-05-16 01:01:20,newsbatch_2_output,2026-05-18
Planet Books,Long Beach,Opening,Not specified,relocates,Planet Books in Long Beach was on the brink of closure but has found a new location. Volunteers are helping out and dedicated customers are happy to still find treasures among its vast collection.,https://www.cbsnews.com/losangeles/video/long-beach-used-bookstore-on-brink-of-closure-finds-a-new-location/,2026-05-16 00:03:00,newsbatch_2_output,2026-05-18
No qualifying business found,N/A,N/A,N/A,N/A,N/A,https://www.msn.com/en-us/money/realestate/beloved-quarry-in-la-grange-opening-soon-with-new-ownership-and-upgrades/ar-AA23jF6H,2026-05-17 20:39:01,newsbatch_2_output,2026-05-18
No qualifying business found,N/A,N/A,N/A,N/A,N/A,https://www.msn.com/en-us/news/us/midstate-golf-simulator-studio-expanding-to-state-college/ar-AA1PNtEE?apiversion=v2&domshim=1&noservercache=1&noservertelemetry=1&batchservertelemetry=1&renderwebcomponents=1&wcseo=1,2026-05-17 20:28:02,newsbatch_2_output,2026-05-18
No qualifying business found,N/A,N/A,N/A,N/A,N/A,https://www.msn.com/en-us/foodanddrink/foodnews/grand-opening-set-for-greensboro-whataburger/ar-AA1HMtMl?ocid=hwminus&apiversion=v2&domshim=1&noservercache=1&noservertelemetry=1&batchservertelemetry=1&renderwebcomponents=1&wcseo=1,2026-05-17 19:18:45,newsbatch_2_output,2026-05-18
No qualifying business found,N/A,N/A,N/A,N/A,N/A,https://www.msn.com/en-us/travel/news/nadc-burger-now-open-in-downtown-las-vegas/ar-AA23jlOQ,2026-05-17 17:36:26,newsbatch_2_output,2026-05-18
No qualifying business found,N/A,N/A,N/A,N/A,N/A,https://www.msn.com/en-us/travel/news/free-burritos-for-a-year-rossford-qdoba-grand-opening-promises-food-giveaways-saturday/ar-AA237EgD?apiversion=v2&domshim=1&noservercache=1&noservertelemetry=1&batchservertelemetry=1&renderwebcomponents=1&wcseo=1,2026-05-17 17:10:06,newsbatch_2_output,2026-05-18
No qualifying business found,N/A,N/A,N/A,N/A,N/A,https://www.msn.com/en-us/money/companies/pizza-chain-shuts-down-all-us-locations-and-files-for-bankruptcy-after-50-years/ss-AA23gT8X?ocid=mailsignout,2026-05-17 16:55:52,newsbatch_2_output,2026-05-18
KaFean Koffee,Westfield Wheaton (Wheaton Mall),Opening,Not specified,now open,"KaFean Koffee is now open at Westfield Wheaton, marking a quick return to Montgomery County after closing its Westfield Montgomery Mall location in February. The new kiosk is located near Kokee Tea inside the mall and is known for espresso drinks, pastries, and freshly made waffles.",https://mocoshow.com/2026/05/17/kafean-koffee-now-open-at-wheaton-mall/,2026-05-17 16:28:42,newsbatch_2_output,2026-05-18
KaFean Koffee,Westfield Montgomery Mall in Bethesda,Closing,February,closed,KaFean Koffee previously operated out of a lower-level kiosk at Montgomery Mall before closing in February. The shop has since reopened at Westfield Wheaton.,https://mocoshow.com/2026/05/17/kafean-koffee-now-open-at-wheaton-mall/,2026-05-17 16:28:42,newsbatch_2_output,2026-05-18
No qualifying business found,N/A,N/A,N/A,N/A,N/A,http://www.warringtonguardian.co.uk/news/26113972.lymm-pharmacy-announces-permanent-closure-due-rent-increase/,2026-05-17 16:00:00,newsbatch_2_output,2026-05-18
Lymm Pharmacy,"The Cross, Lymm, Warrington",Closing,May 22,closing permanently,"Lymm Pharmacy has announced it will close for good on Friday, May 22, after years of serving the community. The closure is due to a proposed significant increase in rent and service charges by the landlord, making the business no longer viable. All patients will automatically be transferred to The Cross Pharmacy in Lymm.",https://www.warringtonguardian.co.uk/news/26113972.lymm-pharmacy-announces-permanent-closure-due-rent-increase/,2026-05-17 16:00:00,newsbatch_2_output,2026-05-18
Chlew Delishop,Dubai,Opening,Not specified,Now Open,Chlew Delishop is now open in Dubai.,https://yeahthatskosher.com/2026/05/chlew-delishop-is-now-open-in-dubai/,2026-05-17 15:44:21,newsbatch_2_output,2026-05-18
Denver Limo Group,"13873 E Briarwood Ave, STE 300, Centennial, CO 80112",Opening,"May 17, 2026",officially opened,"Denver Limo Group has officially opened a new location in Centennial to serve the Denver Metro Area. The expansion responds to growing demand for reliable, upscale transportation in the south Denver suburbs. Services include airport transportation, special occasions, and events.",https://weeklyvoice.com/denver-limo-group-opens-new-location-in-centennial/,2026-05-17 15:02:49,newsbatch_2_output,2026-05-18
Level99,"Disney Springs (West Side), Orlando, Fla.",Opening,this summer,plans to open,"Level99, an interactive gaming venue, plans to open at Disney Springs this summer and is hiring at least 150 workers. The 45,000+ square-foot venue will feature more than 60 mini-games, a two-story bar, and food and drinks including Detroit-style pizza and wagyu burgers. It takes over the former NBA Experience space.",https://www.aol.com/news/level99-plans-open-disney-springs-115329366.html,2026-05-17 14:47:15,newsbatch_2_output,2026-05-18
No qualifying business found,N/A,N/A,N/A,N/A,N/A,https://www.insauga.com/closure-major-retailers-going-out-of-business-in-canada/,2026-05-17 14:26:06,newsbatch_2_output,2026-05-18
No qualifying business found,N/A,N/A,N/A,N/A,N/A,https://www.aol.com/articles/espn-reportedly-preventing-college-football-022710758.html,2026-05-17 13:39:23,newsbatch_2_output,2026-05-18
Plum Market,"2410 PGA Boulevard, Palm Beach Gardens",Opening,March 26,grand opening,"Plum Market has set a grand opening for 11 a.m. on March 26 at its new Palm Beach Gardens location in the Prosperity Centre Plaza. The 30,000-square-foot storefront was formerly occupied by Bed Bath & Beyond and will be Plum Market's second store in Florida. The market sells all-natural and locally sourced food and everyday products.",https://www.aol.com/articles/grand-opening-date-set-plum-183600239.html,2026-05-17 13:28:44,newsbatch_2_output,2026-05-18
Plum Market,Palm Beach International Airport,Opening,summer of 2026,plans to open,"Plum Market plans to open a location at Palm Beach International Airport in the summer of 2026, according to its website.",https://www.aol.com/articles/grand-opening-date-set-plum-183600239.html,2026-05-17 13:28:44,newsbatch_2_output,2026-05-18
Plum Market,Palm Beach International Airport,Opening,spring of 2027,plans to open,"Plum Market plans to open a second location at Palm Beach International Airport in the spring of 2027, according to its website.",https://www.aol.com/articles/grand-opening-date-set-plum-183600239.html,2026-05-17 13:28:44,newsbatch_2_output,2026-05-18
For Lady's Sake (period pantry),"834 East Broadway, Louisville, Ky. (fourth floor of the Family Health Centers building)",Opening,Saturday,unveiled,"For Lady's Sake unveiled its new, free period pantry on the fourth floor of the Family Health Centers building in Louisville's Smoketown neighborhood. The nonprofit aims to end period poverty through direct product distribution, community education, and legislative advocacy. The pantry stocks pads, tampons, and other items distributed in kits to people in need.",http://www.wdrb.com/news/business/louisville-nonprofit-opens-new-location-for-free-period-products-in-the-smoketown-neighborhood/article_32b8795b-7564-482c-8363-a2200ab20221.html,2026-05-17 13:18:00,newsbatch_2_output,2026-05-18
No qualifying business found,N/A,N/A,N/A,N/A,N/A,https://www.thestreet.com/retail/pet-supplies-plus-franchisee-files-chapter-11-bankruptcy,2026-05-17 13:09:22,newsbatch_2_output,2026-05-18
No qualifying business found,N/A,N/A,N/A,N/A,N/A,https://www.msn.com/en-us/travel/tripideas/open-for-business-capital-city-saloon-opens-in-historic-downtown-building/ar-AA22ICsr?apiversion=v2&domshim=1&noservercache=1&noservertelemetry=1&batchservertelemetry=1&renderwebcomponents=1&wcseo=1,2026-05-17 10:09:47,newsbatch_2_output,2026-05-18
No qualifying business found,N/A,N/A,N/A,N/A,N/A,https://www.msn.com/en-us/movies/news/stage-32-mammoth-pictures-team-for-horror-development-program-submissions-now-open-exclusive/ar-AA1KjHM8,2026-05-17 09:59:31,newsbatch_3_output,2026-05-18
Capitol City Cork & Board,"124 E. High St., Jefferson City",Closing,"June 27, 2026",closing,"Capitol City Cork & Board, a downtown Jefferson City board game bar open since mid-2020, will close at the end of June 2026. Owners Cara and Adam Stark plan to close on June 27 so they can focus on their family with three children under the age of 4. Operations of next door's unrelated Capitol City Cinema remain unaffected.",https://www.newstribune.com/news/2026/may/17/biz-beat-game-over-cork-and-board-closing-soon/,2026-05-17 09:00:08,newsbatch_3_output,2026-05-18
Nordstrom Rack,Colorado,Opening,Not specified,new stores,Nordstrom Rack is expanding its Colorado footprint with new stores.,https://www.msn.com/en-us/money/companies/nordstrom-rack-expands-colorado-footprint-with-new-stores/ar-AA21kJNM,2026-05-17 06:47:50,newsbatch_3_output,2026-05-18
Old Petty at Cabot Highlands,"Cabot Highlands, Scottish Highlands",Opening,Not specified,grand opening,"Cabot announced the grand opening of Old Petty, its second course at Cabot Highlands in the Scottish Highlands. The 18-hole course was designed by Tom Doak alongside lead associate Clyde Johnson and features a walking-only, links-style routing. It plays alongside the 400-year-old Castle Stuart and adjacent to Old Petty Church, built in 1839.",https://www.breakingtravelnews.com/news/article/cabot-highlands-celebrates-grand-opening-of-tom-doak-designed-old-petty/,2026-05-17 05:46:49,newsbatch_3_output,2026-05-18
Sonic,Kapolei,Opening,Not specified,grand opening,Sonic celebrated its grand opening in Kapolei.,https://www.kitv.com/sonics-grand-opening-in-kapolei/collection_bcb29a97-980e-4e40-9054-fb2926ad00a8.html,2026-05-17 04:10:47,newsbatch_3_output,2026-05-18
Free People,"320 W Broughton Street, Savannah, Georgia",Opening,"May 17, 2026 (Friday)",opened,"Free People opened a new boutique in Savannah, Georgia on Friday. The 3,299-square-foot, two-story store houses women's apparel and accessories and offers personalized shopping services through one-on-one styling appointments. Earlier this year, Free People also opened a new store in Edinburgh, its first in Scotland.","https://us.fashionnetwork.com/news/Free-people-opens-new-store-in-savannah,1832618.html",2026-05-17 04:09:32,newsbatch_3_output,2026-05-18
Neighbors Tap and Table,Address not specified,Opening,Not specified,grand opening,Neighbors Tap and Table held its grand opening.,https://www.wlox.com/video/2026/05/16/neighbors-tap-table-holds-grand-opening/,2026-05-17 03:47:55,newsbatch_3_output,2026-05-18
The Social at Olympia,"1340 Snyder Way, Oconomowoc",Opening,January 2027,plans to open / could open as early as January 2027,"The Social at Olympia, a $22 million redevelopment project rising from the remains of the Olympia Resort's ski hill and chalet, plans to open its 70,000 square feet of indoor space as early as January 2027. The four-level indoor-outdoor complex will feature attractions including mini-golf, mini-bowling, pickleball, immersive darts, and a sports bar. Outdoor features are planned to come later in 2027.",https://www.aol.com/news/social-oconomowoc-entertainment-complex-plans-100459973.html,2026-05-17 03:44:32,newsbatch_3_output,2026-05-18
Netflix House Dallas,Galleria Dallas,Opening,"December 11, 2025",now open,"Netflix House Dallas opened December 11, 2025 at Galleria Dallas, featuring Stranger Things and Squid Game experiences. The venue spans over 100,000 square feet with immersive 60-minute adventures starting at $39, plus VR games from $25 and mini-golf from $15. Entry is free with paid experiences inside.",https://artthreat.net/33797-17021-netflix-house-now-open-in-philadelphia-and-dallas-with-immersive-stranger-things/,2026-05-17 03:00:29,newsbatch_3_output,2026-05-18
Netflix House Philadelphia,King of Prussia Mall,Opening,"November 12, 2025",now open,"Netflix House Philadelphia opened November 12, 2025 at King of Prussia Mall, featuring Wednesday and ONE PIECE attractions. The venue spans over 100,000 square feet of immersive space with themed dining, shopping, and interactive games. Entry to Netflix House requires no ticket.",https://artthreat.net/33797-17021-netflix-house-now-open-in-philadelphia-and-dallas-with-immersive-stranger-things/,2026-05-17 03:00:29,newsbatch_3_output,2026-05-18
Netflix House Las Vegas,BLVD Las Vegas on the Strip,Opening,2027,planned,A third Netflix House location is planned for 2027 at BLVD Las Vegas on the Strip.,https://artthreat.net/33797-17021-netflix-house-now-open-in-philadelphia-and-dallas-with-immersive-stranger-things/,2026-05-17 03:00:29,newsbatch_3_output,2026-05-18
Influential fashion retailer (name not specified),Famed SF street,Opening,Not specified,to open new store,An influential fashion retailer is planning to open a new store on a famed San Francisco street.,https://www.msn.com/en-us/money/companies/exclusive-influential-fashion-retailer-to-open-new-store-on-famed-sf-street/ar-AA22Xiv5,2026-05-17 01:47:52,newsbatch_3_output,2026-05-18
Classic Disneyland ride (name not specified),Disneyland,Closing,Not specified,slated for permanent closure (gets one extra year),A classic Disneyland ride slated for permanent closure after 20 years unexpectedly gets one extra year at the park.,https://www.msn.com/en-us/travel/news/classic-disneyland-ride-slated-for-permanent-closure-after-20-years-unexpectedly-gets-one-extra-year-at-park/ar-AA1WLDGP,2026-05-16 23:06:20,newsbatch_3_output,2026-05-18
DICK'S House of Sport,"2 Grand Corner Avenue, Gaithersburg",Opening,"June 5–7, 2026",grand opening,"DICK'S Sporting Goods is set to officially unveil its newly transformed DICK'S House of Sport at Rio Lakefront with a three-day grand opening celebration June 5–7. The Gaithersburg location underwent a $10.2 million renovation to convert the traditional DICK'S Sporting Goods into the House of Sport format. Special guest appearances include Tom Wilson and Sonny Styles, with giveaways and interactive attractions like rock climbing walls and indoor tracks.",https://mocoshow.com/2026/05/16/sonny-styles-tom-wilson-headlining-grand-opening-of-dicks-house-of-sport/,2026-05-16 22:46:22,newsbatch_3_output,2026-05-18
River Lane Men & Sport,"Main Street, downtown Essex, Conn.",Opening,"Saturday (May 16, 2026)",grand opening,"River Lane Men & Sport held its grand opening Saturday in downtown Essex with hundreds attending. The men's clothing store, owned by Robin Zubretsky, features golf-putting contests, raffles, and giveaways. 15% of sales for the entire weekend are being donated to the Pieper Olson Foundation.",https://www.yahoo.com/news/articles/river-lane-men-sport-essex-224450926.html,2026-05-16 22:44:50,newsbatch_3_output,2026-05-18
Pet Supplies Plus (franchisee),Address not specified,Closing,Not specified,Chapter 11 bankruptcy,A Pet Supplies Plus store franchisee has filed Chapter 11 bankruptcy.,https://www.msn.com/en-us/money/companies/pet-supplies-plus-store-franchisee-files-chapter-11-bankruptcy/ar-AA23mBql,2026-05-16 22:40:58,newsbatch_3_output,2026-05-18
CRUST Kitchen & Bar,"330 Main Street, Utica",Opening,"May 11, 2026",grand opening,"CRUST Kitchen & Bar grand opened a new Utica location on May 11, 2026 at 330 Main Street, across from the Utica Train Station. The eatery is expanding from its original Rome location at Griffiss Business Park, repopulating the empty Bagg's Square Brewery space. Owner Chris DeStito promises the same menu, bar, and hours, but a bigger footprint.",https://www.aol.com/articles/crust-kitchen-bar-opens-location-181527000.html,2026-05-16 22:06:51,newsbatch_3_output,2026-05-18
Swindon cafe owner's new store (name not specified),Address not specified,Opening,Not specified,opens new store,The owner of a closed down Swindon cafe has opened a new store.,https://www.msn.com/en-gb/foodanddrink/other/owner-of-closed-down-swindon-cafe-opens-new-store/ar-AA23laaR,2026-05-16 22:03:52,newsbatch_3_output,2026-05-18
Cousin Vinny's Sandwich Co.,"2063 Central Avenue, St. Petersburg, FL 33713",Opening,November (target),"planning / targeting a November opening, pending construction","Cousin Vinny's Sandwich Co. is planning a second location at 2063 Central Avenue in St. Petersburg, FL. The team is targeting a November opening, pending construction. The St. Petersburg location will carry the same menu as the Tampa shop and include indoor seating and outdoor patio dining.",https://www.businessdebut.com/michelin-recommended-cousin-vinnys-sandwich-co-expanding-to-st-petersburg/,2026-05-16 20:35:24,newsbatch_3_output,2026-05-18
Omnia Dayclub & Skybar,"Caesars Palace, Las Vegas",Opening,"Sunday, May 17",officially opens this weekend / grand opening,"Omnia Dayclub & Skybar at Caesars Palace officially opens this weekend with a grand opening celebration featuring a motorcycle stunt by Colby Raha on Sunday, May 17. The Strip-facing dayclub spans over 46,000 square feet and is connected by a dedicated foot bridge to Omnia Nightclub. Opening weekend performers include Fisher on Friday, Rufus du Sol on Saturday, and Martin Garrix on Sunday.",https://electronic.vegas/news/motorcyle-stunt-planned-for-omnia-dayclub-grand-opening-sunday/,2026-05-16 20:32:06,newsbatch_3_output,2026-05-18
McDonald's,Greece,Opening,Not specified,opening,Kimberly Guilfoyle was trolled for opening a McDonald's in Greece.,https://www.msn.com/en-us/foodanddrink/foodnews/excited-kimberly-guilfoyle-trolled-for-opening-donald-trump-s-favorite-fast-food-chain-mcdonald-s-in-greece-is-this-satire/ar-AA23ie6Q,2026-05-16 20:26:15,newsbatch_3_output,2026-05-18
No qualifying business found,N/A,N/A,N/A,N/A,N/A,http://www.msn.com/en-us/lifestyle/lifestyle-buzz/aldi-arrives-in-dothan-grand-opening-sparks-huge-crowds/ar-AA23dJx7,2026-05-16 18:00:15,newsbatch_4_output,2026-05-18
The Book Room,"former Notre Dame School, Maple Street, Adams",Opening,Saturday,opened on Saturday,"The Book Room opened on Saturday in a classroom at the former Notre Dame School in Adams, offering used books and puzzles with proceeds going toward operations for the parish. It is both a revival and a new twist on an earlier incarnation that closed in October in the same building, and is open 9 a.m. to noon Monday, Tuesday, Wednesday and Saturday.",http://www.berkshireeagle.com/news/northern_berkshires/book-room-reopens-adams-church/article_767aacf0-3903-4813-b911-fb2681417976.html,2026-05-16 16:00:00,newsbatch_4_output,2026-05-18
Ladyfish,425 Fore Street,Opening,Wednesday,opened for business on Wednesday,"Ladyfish opened for business on Wednesday in the former Bar Futo space on Fore Street, launched by the owners of Mr. Tuna as a pop-up restaurant operating May through October. The kitchen is headlined by chef Christine Lau, with a menu including steamed buns with uni butter, crispy noodles alle vongole, tuna carpaccio and key lime hand pies.",https://www.portlandfoodmap.com/ladyfish-now-open/,2026-05-16 15:10:32,newsbatch_4_output,2026-05-18
No qualifying business found,N/A,N/A,N/A,N/A,N/A,https://www.msn.com/en-gb/news/newsbirmingham/merry-hill-announces-new-store-replacing-game-as-shoppers-scream-im-so-happy/ar-AA238WfJ,2026-05-16 12:51:02,newsbatch_4_output,2026-05-18
Can Am Pizza,"1251 Lincoln St., Suite 106, Bellingham, Wash.",Opening,May 18,"will open its seventh Washington location in Bellingham on Monday, May 18","Can Am Pizza, a chain restaurant with multiple locations in Washington and Texas, will open its seventh Washington location in Bellingham on Monday, May 18. The menu features a variety of pizzas, wings, calzones, oven baked sub sandwiches, pastas, gyros, salads, and items like the butter chicken pizza, Korean chili wings and an 8-inch chocolate chip pizza cookie.",https://www.bellinghamherald.com/news/business/article315774548.html,2026-05-16 12:15:00,newsbatch_4_output,2026-05-18
No qualifying business found,N/A,N/A,N/A,N/A,N/A,https://www.msn.com/en-us/money/other/costco-is-opening-6-new-locations-in-2026-are-you-getting-one/ar-AA1YCYdl,2026-05-16 11:13:13,newsbatch_4_output,2026-05-18
No qualifying business found,N/A,N/A,N/A,N/A,N/A,https://www.azcentral.com/story/entertainment/dining/2026/05/16/new-phoenix-coffee-shops-april-2026/90052461007/,2026-05-16 11:00:00,newsbatch_4_output,2026-05-18
No qualifying business found,N/A,N/A,N/A,N/A,N/A,http://www.azcentral.com/story/entertainment/dining/2026/05/16/new-phoenix-coffee-shops-april-2026/90052461007/,2026-05-16 11:00:00,newsbatch_4_output,2026-05-18
No qualifying business found,N/A,N/A,N/A,N/A,N/A,https://www.msn.com/en-us/money/companies/arby-s-shutters-after-8-years-adult-use-weed-store-sets-grand-opening-open-shut/ar-AA23bbHj,2026-05-16 10:50:02,newsbatch_4_output,2026-05-18
No qualifying business found,N/A,N/A,N/A,N/A,N/A,https://www.msn.com/en-us/news/us/buc-ee-s-is-expanding-to-new-states-where-and-when-travel-centers-will-open/ar-AA22Qym8,2026-05-16 09:50:10,newsbatch_4_output,2026-05-18
Korner Market,downtown Brownsville,Opening,"May 08, 2026",now open,A new grocery store and supportive housing building in downtown Brownsville are now open. Korner Market is located on (further details cut off).,https://www.krgv.com/videos/korner-market-now-open-in-downtown-browsnville/,2026-05-16 09:43:38,newsbatch_4_output,2026-05-18
Steelbound Brewery & Distillery,"Sheraton Niagara Falls, Old Falls Street, Niagara Falls",Opening,Tuesday,now open,"Steelbound Brewery & Distillery opened its newest location this week in downtown Niagara Falls at a former TGI Friday's location next to the Rainforest Cafe, as the chain's sixth overall location. The new franchise restaurant features two bars and a 230-person capacity with 150 inside and 80 outside, and held a VIP party, ribbon-cutting and live music on opening day Tuesday before opening to the public on Thursday.",https://www.niagara-gazette.com/news/local_news/steelbound-niagara-falls-now-open/article_6b273f12-9741-4389-9c08-d2296339d920.html,2026-05-16 09:30:00,newsbatch_4_output,2026-05-18
Vertical Diner,"8124 S.W. Barbur Blvd., Hillsdale",Closing,June 14,June 14 will be its last day of service,"Vertical Diner, an all-vegan restaurant in Southwest Portland's Hillsdale neighborhood, announced that June 14 will be its last day of service. The restaurant cited that the business has been economically challenging and the costs of operation are unsustainable, and plans to gradually reduce menu offerings as it nears its last day.",https://www.yahoo.com/news/articles/one-country-best-vegan-restaurants-185940706.html,2026-05-16 08:56:55,newsbatch_4_output,2026-05-18
Palladium Park Row Katy Living,"Katy area of western Harris County, Houston, TX",Opening,"May 16, 2026",hosted a grand opening celebration,"Palladium USA hosted a grand opening celebration for Palladium Park Row Katy Living, a $33 million mixed-income multifamily community in the Katy area of western Harris County. The three-story community includes 93 apartment homes, with 58 affordable units and 35 market-rate units, and reached full occupancy in less than three months.",https://www.24-7pressrelease.com/press-release/534932/grand-opening-celebration-for-palladium-park-row-katy-living-underscores-strong-demand-for-affordable-housing-in-the-katy-area,2026-05-16 07:03:45,newsbatch_4_output,2026-05-18
No qualifying business found,N/A,N/A,N/A,N/A,N/A,https://www.msn.com/en-us/foodanddrink/other/five-guys-closing-locations-in-7-states/ar-AA23cqjg,2026-05-16 06:56:15,newsbatch_4_output,2026-05-18
Food City,"Old Highway 20, Madison, Ala.",Opening,next spring,broke ground; expected to open next spring,"Food City officially broke ground on its new location in Madison on Friday, with the 56,000-square-foot grocery store located on Old Highway 20. The store will include an in-store bakery, deli, hot food bar, in-house butchers and a full service Starbucks, and is expected to open next spring as the sixth location planned for the greater Huntsville market.",https://www.aol.com/news/food-city-breaks-ground-madison-234423206.html,2026-05-16 06:44:55,newsbatch_4_output,2026-05-18
Food City,"Athens, AL",Opening,later this summer,scheduled to open later this summer,"Food City's new store in Athens, AL is scheduled to open later this summer, as mentioned by CEO Steven Smith during the Madison groundbreaking.",https://www.aol.com/news/food-city-breaks-ground-madison-234423206.html,2026-05-16 06:44:55,newsbatch_4_output,2026-05-18
Suds Up Laundromat,Pima,Opening,"May 14, 2026",grand-opening ribbon-cutting,"Suds Up Laundromat held a grand-opening ribbon-cutting and block party in Pima on Thursday, May 14, 2026, with the Graham County Chamber of Commerce. The business has been operating for nearly six months, with co-owner Lori Talavera saying response has been overwhelming and customers coming from Eden, the Cottonwood Wash area, Bylas and Fort Thomas.",https://gilavalleycentral.net/grand-opening-ribbon-cuttings-fill-the-chambers-week/,2026-05-16 06:38:32,newsbatch_4_output,2026-05-18
Towne Place Suites by Marriott,Thatcher,Opening,May 12,"Chamber grand-opening ribbon-cutting followed by an open house on Tuesday, May 12","The Gila Valley's newest hotel, Towne Place Suites by Marriott in Thatcher, had a Chamber grand-opening ribbon-cutting followed by an open house on Tuesday, May 12.",https://gilavalleycentral.net/grand-opening-ribbon-cuttings-fill-the-chambers-week/,2026-05-16 06:38:32,newsbatch_4_output,2026-05-18
American Southwest Credit Union,Thatcher,Opening,May 15,"celebrated its grand opening with a Chamber ribbon-cutting on Friday, May 15","American Southwest Credit Union in Thatcher celebrated its grand opening with a Chamber ribbon-cutting on Friday, May 15.",https://gilavalleycentral.net/grand-opening-ribbon-cuttings-fill-the-chambers-week/,2026-05-16 06:38:32,newsbatch_4_output,2026-05-18
No qualifying business found,N/A,N/A,N/A,N/A,N/A,https://www.msn.com/en-us/money/realestate/real-estate-developer-announces-plans-for-music-venue-retail-and-new-location-for-the-camp-in-subdistrict-at-midcity/ar-AA1SGvZY,2026-05-16 06:14:27,newsbatch_4_output,2026-05-18
No qualifying business found,N/A,N/A,N/A,N/A,N/A,https://www.msn.com/en-in/news/world/at-home-retail-chain-to-file-for-chapter-11-bankruptcy-and-close-stores-all-we-know/ar-AA1GVN1y,2026-05-16 05:01:38,newsbatch_4_output,2026-05-18
Stewart's Shops,"Route 3, town of Watertown",Opening,Not specified,can proceed with building a convenience store,Stewart's Shops can proceed with building a convenience store across from Target on Route 3 in the town of Watertown after the Town Council gave the green light for an associated road. The 4-1 vote will allow a 250-foot long road to become an entrance to the convenience store once it's built.,https://www.nny360.com/top_stories/stewart-s-gets-road-it-needs-for-new-store-across-from-watertown-target/article_2e55a751-5211-5992-b018-d3c6f84b48ae.html,2026-05-16 03:25:05,newsbatch_4_output,2026-05-18
Marrow (West Village),"8044 Kercheval Ave., Detroit",Closing,June 7,closing,Marrow is closing its West Village restaurant as the company consolidates operations around its Eastern Market flagship location. Founder Ping Ho announced Marrow's final day of service at West Village will be June 7. Marrow opened in Detroit's West Village neighborhood in 2018 as a boutique butcher shop and destination restaurant.,https://www.aol.com/news/marrows-west-village-restaurant-close-185859435.html,2026-05-17 15:29:02,newsbatch_6_output,2026-05-18
Marrow (Birmingham),283 Hamilton Row,Closing,After Memorial Day weekend,transitioning to a new concept,"Marrow's Birmingham location will continue operating through Memorial Day weekend before transitioning to a new concept. The new concept will still include a Marrow ""presence.""",https://www.aol.com/news/marrows-west-village-restaurant-close-185859435.html,2026-05-17 15:29:02,newsbatch_6_output,2026-05-18
No qualifying business found,N/A,N/A,N/A,N/A,N/A,https://www.aol.com/news/2010-11-10-restaurant-citys-bollywood-theme-now-available-in-store.html,2026-05-17 15:09:12,newsbatch_6_output,2026-05-18
Texas Roadhouse,Clarksville,Closing,Not specified,to close original 1993 restaurant,Texas Roadhouse is set to close its original 1993 restaurant for a new Clarksville location.,https://www.msn.com/en-us/travel/tripideas/texas-roadhouse-to-close-original-1993-restaurant-for-new-clarksville-location/ar-AA23iXyb,2026-05-17 15:05:52,newsbatch_6_output,2026-05-18
Wild Ophelia's,"Suite 340, Bellis Fair mall, 1 Bellis Fair Parkway, Bellingham, Wash.",Opening,"Thursday, May 14",opening,"Wild Ophelia's, a women's trendy resale fashion store with a location in Oak Harbor, is opening a new location inside the Bellis Fair mall on Thursday, May 14. The new shop will be located in Suite 340, near Ulta Beauty and American Eagle Outfitters. The consignment store allows guests to bring in gently used, trendy clothing in exchange for store credit.",https://www.aol.com/news/consignment-clothing-store-opening-bellingham-223952298.html,2026-05-17 14:52:26,newsbatch_6_output,2026-05-18
Mack Allen's,"4400 Post Oak Pkwy, Houston (River Oaks/Uptown area)",Opening,July 2026,set to open,"Mack Allen's, a 16,000-square-foot luxury fine-dining destination, is set to open in July 2026 in Houston's River Oaks/Uptown area. Spearheaded by businessman Mack McDonald, it will serve as the anchor tenant at the 5POP office tower. The menu will feature premium cuts of prime beef, American Wagyu, seafood, sushi, caviar, and a signature smoked duck gumbo.",https://secrethouston.com/mack-allens-houston/,2026-05-17 14:11:06,newsbatch_6_output,2026-05-18
Texas Roadhouse,"Green Tree Mall, Clarksville, Indiana",Closing,Not specified,closing its doors for good,"Texas Roadhouse confirmed the closure of its first-ever restaurant in Clarksville, Indiana, which opened in 1993. The Green Tree Mall site will be relocating to a much larger 10,000-square-foot location on Interstate 65, next to its sister restaurant Bubba's 33. Some fans called it a much-needed change, while others said it won't be the same.",https://www.the-sun.com/money/16372431/texas-roadhouse-closes-first-restaurant-indiana-relocation-bubbas/,2026-05-17 14:10:45,newsbatch_6_output,2026-05-18
Texas Roadhouse (new location),"Interstate 65, Clarksville, Indiana",Opening,Not specified,relocating,"Texas Roadhouse will be relocating its first-ever restaurant to a much larger location on Interstate 65. The new site will be a sprawling 10,000-square-foot location moving in next to its sister restaurant Bubba's 33. Execs have said they will be honoring the original site and its heritage.",https://www.the-sun.com/money/16372431/texas-roadhouse-closes-first-restaurant-indiana-relocation-bubbas/,2026-05-17 14:10:45,newsbatch_6_output,2026-05-18
Noble Roman's,"8790 Calumet Ave., Munster",Opening,Not specified,opened,"Noble Roman's, a popular Central Indiana pizzeria, has come to Northwest Indiana. It opened a to-go pizza restaurant inside the Marathon gas station and convenience store at 8790 Calumet Ave. in Munster. The location offers hot-and-ready personal pan pizzas and sides like cheesebread and breadsticks.",https://nwitimes.com/news/state-regional/business/article_3dcea048-4a88-4e4e-8520-853ec01faeb2.html,2026-05-17 14:00:00,newsbatch_6_output,2026-05-18
Pet Club,"318 N. Sunrise Blvd., Roseville",Closing,July 31,permanently closing,"Pet Club in Roseville is permanently closing this summer, with its last day on July 31, according to a WARN notice. The closure was caused by ""unavoidable circumstances,"" and layoffs begin July 18. Pet Club is a California-based, family-owned pet supply store and veterinary clinic with 11 locations in California.",https://www.aol.com/news/family-owned-pet-supply-store-204838188.html,2026-05-17 13:48:26,newsbatch_6_output,2026-05-18
Buc-ee's,Florida (4 new locations),Opening,Not specified,plans to open,"Buc-ee's is expanding, with plans to open four new locations in Florida and 16 total across the United States. The Texas-based travel center is also suing a Georgia convenience store, Teddy's Market, for brand infringement. Buc-ee's recently implemented a new policy requiring customers to pay for gas with credit or debit cards at the pump.",https://www.tcpalm.com/story/news/2026/05/17/buc-ees-teddys-market-lawsuit-new-gas-pump-rules/90129725007/,2026-05-17 13:34:00,newsbatch_6_output,2026-05-18
Paula Deen's Georgia restaurants,Georgia,Closing,Not specified,abruptly closes 2 locations,Ex-Food Network star Paula Deen is leaving the Georgia restaurant business and abruptly closing 2 locations.,https://www.msn.com/en-us/food-and-drink/recipes/ex-food-network-star-paula-deen-leaves-georgia-restaurant-business-abruptly-closes-2-locations/ar-AA1JKiIZ,2026-05-17 13:25:37,newsbatch_6_output,2026-05-18
7-Eleven,Address not specified,Closing,Not specified,closes 645 stores,"Major US convenience chain 7-Eleven closes 645 stores, with a 75% off sale launched.",https://www.msn.com/en-us/lifestyle/lifestyle-buzz/major-us-convenience-chain-7-eleven-closes-645-stores-75-off-sale-launched/ar-AA224kNn,2026-05-17 13:24:32,newsbatch_6_output,2026-05-18
LEGO toy store,Newburgh,Opening,Not specified,officially opens,A new LEGO toy store in Newburgh officially opens.,https://www.msn.com/en-us/money/companies/new-lego-toy-store-in-newburgh-officially-opens/ar-AA23nOWE,2026-05-17 12:42:17,newsbatch_6_output,2026-05-18
Popular Restaurant on Main Street (name not specified),"Main Street, Connecticut",Closing,Not specified,to close,"The owners of a popular restaurant on Main Street announced it will close, noting that the building is ""old and needs upgrades"" that they cannot accomplish.",https://patch.com/connecticut/across-ct/popular-restaurant-main-street-close-owners-announce-ct-business-news,2026-05-17 12:03:38,newsbatch_6_output,2026-05-18
Unique Food Hall (name not specified),Connecticut,Opening,Not specified,opening a new location,"A rapidly expanding food hall chain is opening a new location in Connecticut, according to reports.",https://patch.com/connecticut/across-ct/popular-restaurant-main-street-close-owners-announce-ct-business-news,2026-05-17 12:03:38,newsbatch_6_output,2026-05-18
Gourmet Eatery (name not specified),"East Lyme, Connecticut",Opening,Not specified,opens 5th location,A gourmet eatery opens its 5th location in East Lyme.,https://patch.com/connecticut/across-ct/popular-restaurant-main-street-close-owners-announce-ct-business-news,2026-05-17 12:03:38,newsbatch_6_output,2026-05-18
New European Grocery Store (name not specified),"Bethel, Connecticut",Opening,In a few months,coming,A new European grocery store is coming to Bethel in a few months.,https://patch.com/connecticut/across-ct/popular-restaurant-main-street-close-owners-announce-ct-business-news,2026-05-17 12:03:38,newsbatch_6_output,2026-05-18
Supermarket (name not specified),"Main Street, Connecticut",Opening,Not specified,may open,A supermarket may open on Main Street.,https://patch.com/connecticut/across-ct/popular-restaurant-main-street-close-owners-announce-ct-business-news,2026-05-17 12:03:38,newsbatch_6_output,2026-05-18
Unique Restaurant (name not specified),"Newington, Connecticut",Opening,This week,to open,A unique restaurant is set to open a Newington location this week.,https://patch.com/connecticut/across-ct/popular-restaurant-main-street-close-owners-announce-ct-business-news,2026-05-17 12:03:38,newsbatch_6_output,2026-05-18
New Dental Practice (name not specified),"Brookfield, Connecticut",Opening,Not specified,opens,"A new dental practice opens in Brookfield, with the owner relocating from Brazil.",https://patch.com/connecticut/across-ct/popular-restaurant-main-street-close-owners-announce-ct-business-news,2026-05-17 12:03:38,newsbatch_6_output,2026-05-18
No qualifying business found,N/A,N/A,N/A,N/A,N/A,https://www.aol.com/news/trader-joes-tote-bags-summer-090222198.html,2026-05-17 12:03:29,newsbatch_6_output,2026-05-18
Melt N Dip,"Near University Drive and Royal Palm Boulevard, Coral Springs",Opening,This year,plans to open,"Melt N Dip, a dessert chain known for chocolate-drizzled treats, plans to open a new location this year near University Drive and Royal Palm Boulevard in Coral Springs. It's expected to serve crepes, waffles and cakes, with hours proposed from 3 p.m. to midnight daily.",https://www.coralspringsflnews.com/news/local/article315752695.html,2026-05-17 11:10:00,newsbatch_6_output,2026-05-18
Argentinian steakhouse (name not announced),"Former Smith & Webster spot, Coral Springs",Opening,Not specified,Coming Soon,"A second Argentinian steakhouse may be on the way to Coral Springs, with a ""Coming Soon"" sign posted at the former Smith & Webster spot. The name for the new eatery hasn't been announced. The move comes as upscale dining continues to expand locally.",https://www.coralspringsflnews.com/news/local/article315752695.html,2026-05-17 11:10:00,newsbatch_6_output,2026-05-18
Pilar Coffee Bar,"Cornerstone, downtown Coral Springs",Opening,Later this year,expected to come / plans to open,"Pilar Coffee Bar plans to open at Cornerstone in downtown Coral Springs later this year. It is pitching itself as a calm, ""luxury"" coffee-and-treats spot with sandwiches and salads. The brand, which launched in Deerfield Beach in late 2024, is expanding quickly via a franchise model.",https://www.coralspringsflnews.com/news/local/article315752695.html,2026-05-17 11:10:00,newsbatch_6_output,2026-05-18
No qualifying business found,N/A,N/A,N/A,N/A,N/A,https://www.bizjournals.com/albany/news/2026/05/17/albany-restaurant-roundup-may-2026.html,2026-05-17 11:00:00,newsbatch_6_output,2026-05-18
Pro Image Sports,"West Ridge Mall, 1801 SW Wanamaker Rd., Topeka",Opening,June 1,opening,"Pro Image Sports, a national sports merchandise brand, is opening a new location inside West Ridge Mall on June 1. The store will be situated on the lower level across from the elevator. Pro Image Sports operates more than 160 locations across the country and offers hats, apparel, collectibles and more from sports teams in the NFL, MLB, NBA, NCAA and more.",https://www.aol.com/news/national-sports-apparel-store-chain-183319758.html,2026-05-17 10:46:09,newsbatch_6_output,2026-05-18
New grocery store (name not specified),North Alabama,Opening,Not specified,opening,A new grocery store is opening in north Alabama.,https://www.msn.com/en-us/money/companies/new-grocery-store-opening-in-north-alabama/ar-AA231V9W,2026-05-17 09:13:48,newsbatch_6_output,2026-05-18
Universal Kids Resort,Frisco,Opening,2026,still under construction; planned 2026 opening,"Universal Kids Resort, a massive 97-acre attraction designed for families with young children, is under construction in Frisco ahead of its planned 2026 opening. The park will feature themes around characters including Shrek, Puss in Boots, Trolls, Gabby's Dollhouse, SpongeBob SquarePants, Minions and Jurassic World, though no opening timeline has been released.",https://www.mysanantonio.com/entertainment/article/universal-studios-frisco-texas-21319934.php,2026-05-17 09:12:43,newsbatch_7_output,2026-05-18
No qualifying business found,N/A,N/A,N/A,N/A,N/A,https://www.msn.com/en-us/news/us/snl-famous-convenience-store-adds-another-gulf-coast-location/ar-AA236XJ4,2026-05-17 09:06:25,newsbatch_7_output,2026-05-18
No qualifying business found,N/A,N/A,N/A,N/A,N/A,https://www.msn.com/en-us/money/companies/vons-to-open-largest-full-service-supermarket-in-santa-monica-friday/ar-AA1OEJNm,2026-05-17 08:15:30,newsbatch_7_output,2026-05-18
Takeya Japanese Steak House & Sushi Bar,"220 N. Williamson Blvd., Ormond Beach",Closing,Not specified,permanently closed its doors; announced its immediate closure,"Takeya Japanese Steak House & Sushi Bar, a landmark Ormond Beach restaurant for three decades, has permanently closed its doors. The owners, Chris and Bichnga Bui, announced the immediate closure in a Facebook post, stating they have decided to step back and allow other entrepreneurs to begin a new chapter for the iconic Takeya building.",https://www.aol.com/articles/3-decades-ormond-beach-restaurant-232317848.html,2026-05-17 07:43:31,newsbatch_7_output,2026-05-18
No qualifying business found,N/A,N/A,N/A,N/A,N/A,https://www.msn.com/en-us/travel/news/a-new-mexican-restaurant-in-columbias-vista-has-an-opening-date-heres-when/ar-AA231T22,2026-05-17 07:40:48,newsbatch_7_output,2026-05-18
No qualifying business found,N/A,N/A,N/A,N/A,N/A,https://www.republicworld.com/india/caught-on-cctv-nashik-jewellery-store-staff-fight-and-chase-armed-robbers-2026-05-17-124601,2026-05-17 07:19:58,newsbatch_7_output,2026-05-18
No qualifying business found,N/A,N/A,N/A,N/A,N/A,https://www.msn.com/en-us/foodanddrink/foodnews/new-restaurant-to-open-near-hillsdale-post-office/ar-AA2370wC,2026-05-17 07:07:03,newsbatch_7_output,2026-05-18
No qualifying business found,N/A,N/A,N/A,N/A,N/A,https://www.nationthailand.com/business/economy/40066326,2026-05-17 06:33:00,newsbatch_7_output,2026-05-18
Wild Sisters Book Co.,"Paperwork Building, 1115 Front Street, Old Sacramento",Opening,June 26,opening a second location,"Wild Sisters Book Co., a women-owned independent bookstore owned by siblings Claire Bone and Noelle Baganz, announced its newest store would open in Old Sacramento on June 26. The second location will be housed in the new and remodeled Paperwork Building at 1115 Front Street, joining their first Sacramento store at 3325 Folsom Blvd.",https://www.aol.com/news/siblings-open-second-bookstore-sacramento-231021675.html,2026-05-17 06:16:27,newsbatch_7_output,2026-05-18
AMC Salina 10,"Central Mall, Salina",Closing,this month,permanently ceased operations,"AMC Theaters made the decision to discontinue its operations in Salina after a hailstorm in April caused extensive damage to the building's roof, with significant water intrusion throughout the theatre. AMC decided not to renew its lease, which ends this month, and has permanently ceased operations at AMC Salina 10, leaving Salina without a movie theater.",https://www.aol.com/news/amc-closure-leaves-salina-without-195714366.html,2026-05-17 05:57:15,newsbatch_7_output,2026-05-18
No qualifying business found,N/A,N/A,N/A,N/A,N/A,https://patch.com/california/los-angeles/dad-shot-kids-who-egged-house-woman-uses-bear-spray-grocery-store-fight-boy,2026-05-17 05:21:00,newsbatch_7_output,2026-05-18
Benugo,"John Lewis, Holmers Farm Way, High Wycombe",Opening,Not specified,granted a premises licence,"The Benugo-run restaurant inside John Lewis on Holmers Farm Way in High Wycombe has been granted a premises licence to serve alcohol seven days a week, from 8am to 11pm. The site is described as a customer restaurant selling food and drink, including alcohol, and will operate a Challenge 25 proof-of-age scheme.",https://www.bucksfreepress.co.uk/news/26113271.benugo-restaurant-john-lewis-store-wycombe-gets-licence/,2026-05-17 04:00:00,newsbatch_7_output,2026-05-18
Shaw's Southwest Grille,"Granbury square, Granbury, Texas",Opening,November,opened the newest Shaw's,"Fort Worth restaurateur David Shaw opened his newest restaurant, Shaw's Southwest Grille, on the Granbury square after surviving a life-threatening injury, multiple surgeries, infections and cancer. During construction, Shaw fell on a heavy metal bolt that severed two arteries and chipped his clavicle, and after recovery his wife and co-owner Ann Diakis Shaw opened the newest Shaw's in November.",https://www.aol.com/news/fort-worth-david-shaw-nearly-022658395.html,2026-05-17 03:57:23,newsbatch_7_output,2026-05-18
Q's Kitchen,Stonedale Retail Park,Opening,March,family took over the venue in March,"A Liverpool family from the Trapasso-Emina family took over Q's Kitchen at Stonedale Retail Park in March after the previous owners went into liquidation. The family is expanding the business with later opening hours, an evening menu and homemade pasta dishes based on recipes from grandmother Rosa.",https://www.liverpoolecho.co.uk/whats-on/whats-on-news/family-saves-award-winning-restaurant-33955350,2026-05-17 03:00:00,newsbatch_7_output,2026-05-18
No qualifying business found,N/A,N/A,N/A,N/A,N/A,https://www.msn.com/en-us/money/companies/acapulco-mexican-restaurant-chain-shuts-169-locations-1-remains/ar-AA237bVG,2026-05-17 02:26:02,newsbatch_7_output,2026-05-18
No qualifying business found,N/A,N/A,N/A,N/A,N/A,https://www.pressreader.com/usa/belleville-news-democrat-sunday/20260517/281702621352214,2026-05-17 00:22:41,newsbatch_7_output,2026-05-18
No qualifying business found,N/A,N/A,N/A,N/A,N/A,https://www.msn.com/en-us/foodanddrink/foodnews/portillos-first-san-antonio-area-restaurant-to-open-this-summer-report-says/ar-AA22Nhsn,2026-05-17 00:16:47,newsbatch_7_output,2026-05-18
No qualifying business found,N/A,N/A,N/A,N/A,N/A,https://www.msn.com/en-gb/money/other/supermarket-giant-to-create-40-jobs-with-store-at-huge-regeneration-site-revealed/ar-AA23gRLH,2026-05-16 23:49:16,newsbatch_8_output,2026-05-18
No qualifying business found,N/A,N/A,N/A,N/A,N/A,https://www.asiae.co.kr/en/article/distribution/2026051416301964313,2026-05-16 23:01:00,newsbatch_8_output,2026-05-18
No qualifying business found,N/A,N/A,N/A,N/A,N/A,https://www.travelandtourworld.com/news/article/the-manor-amsterdam-by-leonardo-hotel-group-is-set-to-open-in-amsterdam-oost-in-june-2026/,2026-05-16 22:47:40,newsbatch_8_output,2026-05-18
No qualifying business found,N/A,N/A,N/A,N/A,N/A,https://www.msn.com/en-us/money/companies/this-popular-bbq-restaurant-chain-suddenly-closed-all-its-locations-here-s-why/ar-AA221BU1,2026-05-16 22:45:48,newsbatch_8_output,2026-05-18
No qualifying business found,N/A,N/A,N/A,N/A,N/A,https://www.msn.com/en-us/money/companies/beloved-restaurant-chain-quietly-closes-200-us-locations-these-7-states-are-hit-the-hardest/ar-AA22XTbe?ocid=finance-verthp-feeds&apiversion=v2&domshim=1&noservercache=1&noservertelemetry=1&batchservertelemetry=1&renderwebcomponents=1&wcseo=1,2026-05-16 20:48:05,newsbatch_8_output,2026-05-18
No qualifying business found,N/A,N/A,N/A,N/A,N/A,https://www.msn.com/en-us/money/companies/owner-calls-swifty-s-closure-temporary-vows-to-save-restaurants/ar-AA20XrwZ?apiversion=v2&domshim=1&noservercache=1&noservertelemetry=1&batchservertelemetry=1&renderwebcomponents=1&wcseo=1&bundles=feat-es2020-t,2026-05-16 18:55:17,newsbatch_8_output,2026-05-18
No qualifying business found,N/A,N/A,N/A,N/A,N/A,https://www.msn.com/en-us/news/crime/towson-bookstore-employees-open-separate-store-after-management-change/ar-AA23iYxr,2026-05-16 17:35:07,newsbatch_8_output,2026-05-18
No qualifying business found,N/A,N/A,N/A,N/A,N/A,https://www.msn.com/en-us/money/companies/ll-bean-to-open-store-at-new-west-omaha-shopping-center/ar-AA23dLPy,2026-05-16 17:23:42,newsbatch_8_output,2026-05-18
No qualifying business found,N/A,N/A,N/A,N/A,N/A,https://www.msn.com/en-us/foodanddrink/foodnews/chicken-seafood-restaurant-opening-in-downtown-kc-make-peoples-day/ar-AA238Dil,2026-05-16 17:14:01,newsbatch_8_output,2026-05-18
No qualifying business found,N/A,N/A,N/A,N/A,N/A,https://timesofindia.indiatimes.com/city/hubballi/thieves-target-jewellery-store-in-hangal/articleshow/131142288.cms,2026-05-16 17:11:00,newsbatch_8_output,2026-05-18
No qualifying business found,N/A,N/A,N/A,N/A,N/A,https://www.msn.com/en-us/money/companies/wendy-s-store-closures-2026-fast-food-chain-update-on-long-list-of-locations-shuttered-in-turnaround-plan/ar-AA22N0nT?gemSnapshotKey=GMEDEED3A7-snapshot-6&apiversion=v2&domshim=1&noservercache=1&noservertelemetry=1&batchservertelemetry=1&renderwebcomponents=1&wcseo=1,2026-05-16 16:41:02,newsbatch_8_output,2026-05-18
No qualifying business found,N/A,N/A,N/A,N/A,N/A,https://allears.net/2026/05/16/this-popular-magic-kingdom-restaurant-is-now-closed/,2026-05-16 16:15:48,newsbatch_8_output,2026-05-18
Tasty Pot,3179 Mallet Road in D'Iberville,Closing,"Sunday, May 17",closing its doors for good,"Tasty Pot, a hot pot and boba tea restaurant at 3179 Mallet Road in D'Iberville, is welcoming its last customers this weekend, with Sunday, May 17 as the final day. The restaurant, part of a national chain, opened in September 2023 and built individual authentic Taiwanese hotpots for each customer. Owners cited rising costs and challenging years for small businesses.",https://www.yahoo.com/news/articles/another-tasty-restaurant-south-ms-160648083.html,2026-05-16 16:06:48,newsbatch_8_output,2026-05-18
Quickly 2,Downtown Ocean Springs,Closing,February,closed,"The company also closed Quickly 2 restaurant in downtown Ocean Springs in February. It is operated by Emmanuel Albert and his family, who run several other restaurants in the area.",https://www.yahoo.com/news/articles/another-tasty-restaurant-south-ms-160648083.html,2026-05-16 16:06:48,newsbatch_8_output,2026-05-18
Chamay Asian Street Food,D'Iberville (where Lamey Bridge Road meets Sangani Boulevard and Mallet Road),Opening,Not specified,opened,"Emmanuel Albert and his family recently opened Chamay Asian Street Food, described as South Mississippi's first dim sum cuisine restaurant. It features Vietnamese noodle soups, Asian inspired dishes and seafood, and is adjacent to their other businesses in D'Iberville.",https://www.yahoo.com/news/articles/another-tasty-restaurant-south-ms-160648083.html,2026-05-16 16:06:48,newsbatch_8_output,2026-05-18
Gilson Café & Cinema,Winsted,Closing,"May 23, 2026",closing for good,"The Gilson Café & Cinema will host its final night of films on May 23, 2026 before closing for good on Sunday after 41 years in Winsted. Owner Alan Nero Sr. said the time has come for him to step back and make room for a new owner.",https://www.ctpost.com/news/torrington/article/winsted-gilson-cafe-cinema-closes-41-years-22260649.php,2026-05-16 15:33:32,newsbatch_8_output,2026-05-18
Kitchen + Kocktails by Kevin Kelley,"Times Square, New York",Opening,Not specified,opening a location,"Kitchen + Kocktails by Kevin Kelley, a downtown Dallas restaurant and nightspot known for its Southern comfort food and clubby atmosphere, is opening a location in Times Square, New York.",https://www.aol.com/news/buzzy-dallas-restaurant-open-times-150001123.html,2026-05-16 15:33:12,newsbatch_8_output,2026-05-18
TXB,Frisco,Opening,Not specified,debuted,"TXB, a Texas-based convenience store chain known for its high-quality, restaurant-style food, has debuted its first Dallas-Fort Worth location in Frisco.",https://www.aol.com/news/buzzy-dallas-restaurant-open-times-150001123.html,2026-05-16 15:33:12,newsbatch_8_output,2026-05-18
Six Flags Hurricane Harbor Arlington,Arlington,Opening,"Saturday, May 16",will officially open for the summer,"Dallas-Fort Worth's largest waterpark, Six Flags Hurricane Harbor Arlington, will officially open for the summer on Saturday, May 16. The opening brings a variety of new offerings for park attendees.",https://www.aol.com/news/buzzy-dallas-restaurant-open-times-150001123.html,2026-05-16 15:33:12,newsbatch_8_output,2026-05-18
Jaggers,"1915 Hampton Inn Court, near Hanes Mall Boulevard (Winston-Salem, North Carolina)",Opening,October,slated for completion,"Jaggers, a Texas Roadhouse-owned fast food burger and chicken joint, has begun construction on a new outlet in Winston-Salem, North Carolina, scheduled for completion in October. The restaurant will be in an 8,109-square-foot building that formerly housed a Twin Peaks. Jaggers also plans to open another location in Raleigh.",https://www.the-sun.com/money/16369971/texas-roadhouse-sister-restaurant-five-guys-new-location/,2026-05-16 14:31:56,newsbatch_8_output,2026-05-18
Jaggers,"Raleigh, North Carolina",Opening,Not specified,plans to open,Jaggers has plans to open another location in Raleigh as part of its push to ramp up presence in North Carolina.,https://www.the-sun.com/money/16369971/texas-roadhouse-sister-restaurant-five-guys-new-location/,2026-05-16 14:31:56,newsbatch_8_output,2026-05-18
Maria Celeste,"4181 Fraser St., Vancouver",Opening,This summer,opening,"Maria Celeste is a new 36-seat Portuguese restaurant opening this summer in Vancouver's Fraserhood, brought by brothers Justin and Cristian Isidro and named in tribute to their mother. It is described as a tribute to Portugal's cherished tascas, intended to capture a familial, welcoming neighbourhood essence.",https://dailyhive.com/vancouver/restaurants-opening-vancovuer-may-2026,2026-05-16 14:30:00,newsbatch_8_output,2026-05-18
Les Faux Bourgeois,Vancouver,Opening,Not specified,will soon be the operator,"Gaia House (the team behind Selene Aegean Bistro, AMA, and Nammos Estiatorio) has shared that it will soon be the operator behind the beloved French bistro Les Faux Bourgeois, which has been in operation for nearly two decades.",https://dailyhive.com/vancouver/restaurants-opening-vancovuer-may-2026,2026-05-16 14:30:00,newsbatch_8_output,2026-05-18
No qualifying business found,N/A,N/A,N/A,N/A,N/A,https://www.mibolsillo.co/these-major-pharmacy-chains-are-closing-hundreds-of-locations-the-2026-map-by-state-t202605160004.html,2026-05-16 14:11:00,newsbatch_8_output,2026-05-18
No qualifying business found,N/A,N/A,N/A,N/A,N/A,https://www.marketsmojo.com/news/result-analysis/restaurant-brands-asia-q4-fy26-losses-persist-despite-revenue-growth-as-expansion-costs-weigh-3993398,2026-05-16 11:52:09,newsbatch_8_output,2026-05-18
No qualifying business found,N/A,N/A,N/A,N/A,N/A,https://www.travelandtourworld.com/news/article/seaside-serenity-healing-luxury-6th-sense-spa-expansion-at-grand-hotel-primoretz-elevates-burgas-into-a-black-sea-wellness-tourism-jewel-of-europe/,2026-05-16 11:33:18,newsbatch_8_output,2026-05-18
Breakfast restaurant (name not specified),Old Hot Chicken Takeover space on W Fifth Avenue,Opening,June,to open,A breakfast restaurant is set to open in June in the old Hot Chicken Takeover space on W Fifth Avenue.,https://www.msn.com/en-us/news/offbeat/breakfast-restaurant-to-open-in-june-in-old-hot-chicken-takeover-space-on-w-fifth-avenue/ar-AA238B6P,2026-05-16 11:22:11,newsbatch_9_output,2026-05-18
Blue Collar,"6730 Biscayne Blvd., Miami (MiMo neighborhood)",Closing,Sunday,closing,"Blue Collar, the beloved comfort-food destination in Miami's MiMo neighborhood, will close this Sunday. The restaurant opened in 2012 and moved to its current location in the former Balan's space across the street in 2024. Owner Danny Serfer announced he has accepted a role as Director of Culinary at the Kaseya Center.",https://www.aol.com/news/one-hurts-miami-blue-collar-231012358.html,2026-05-16 11:18:25,newsbatch_9_output,2026-05-18
No qualifying business found,N/A,N/A,N/A,N/A,N/A,https://www.travelandtourworld.com/news/article/sterling-holiday-resorts-surges-to-record-heights-in-fy26-with-exceptional-growth-profitability-and-resort-expansion/,2026-05-16 11:14:35,newsbatch_9_output,2026-05-18
No qualifying business found,N/A,N/A,N/A,N/A,N/A,https://www.etvbharat.com/en/state/armed-robbery-at-jewellery-store-thieves-forced-to-flee-after-the-owners-defensive-attack-in-nashik-enn26051602867,2026-05-16 11:08:26,newsbatch_9_output,2026-05-18
No qualifying business found,N/A,N/A,N/A,N/A,N/A,https://www.news18.com/india/nashik-man-fights-off-armed-robbers-with-bare-hands-during-jewellery-store-attack-injured-video-ws-l-10094944.html,2026-05-16 10:42:40,newsbatch_9_output,2026-05-18
Italian restaurant chain (name not specified),Akron,Closing,Not specified,closing,"An Italian restaurant chain is closing its Akron location ""with heavy hearts.""",https://www.msn.com/en-us/foodanddrink/foodnews/with-heavy-hearts-italian-restaurant-chain-closing-akron-location/ar-AA22XGfY,2026-05-16 10:30:21,newsbatch_9_output,2026-05-18
No qualifying business found,N/A,N/A,N/A,N/A,N/A,https://www.nj.com/business/2026/05/after-66-years-family-owned-nj-grocery-store-announces-closure-with-heartfelt-goodbye.html,2026-05-16 10:30:00,newsbatch_9_output,2026-05-18
Picos,Address not specified,Closing,Not specified,forced to close,The iconic 41-year-old Mexican restaurant Picos has been forced to close.,https://www.msn.com/en-us/money/companies/iconic-41-year-old-mexican-restaurant-picos-forced-to-close/ar-AA21FDO0,2026-05-16 09:43:37,newsbatch_9_output,2026-05-18
Planet Fitness,"995 Sebastian Blvd., Sebastian",Opening,End of June,will open / grand opening event at the end of July,"Planet Fitness will open a new gym in Sebastian at 995 Sebastian Blvd. at the end of June, pending any delays. The gym will split the space with the new Aldi that opened April 23. The 25,000-square-foot Planet Fitness will have a grand opening event at the end of July with music, raffles, and exclusive membership giveaways.",https://www.tcpalm.com/story/news/local/indian-river-county/2026/05/16/florida-planet-fitness-gym-opening-sebastian-splits-space-with-aldi-indian-river-county-vero-beach/90041638007/,2026-05-16 09:00:00,newsbatch_9_output,2026-05-18
Aldi,"995 Sebastian Blvd., Sebastian",Opening,April 23,opened,"A new Aldi opened April 23 in Sebastian, splitting space with an upcoming Planet Fitness gym at 995 Sebastian Blvd.",https://www.tcpalm.com/story/news/local/indian-river-county/2026/05/16/florida-planet-fitness-gym-opening-sebastian-splits-space-with-aldi-indian-river-county-vero-beach/90041638007/,2026-05-16 09:00:00,newsbatch_9_output,2026-05-18
Splash Canyon Hotel,Twin Falls,Opening,Not specified,set to open,"Splash Canyon Hotel is set to open in Twin Falls, bringing water slides and family fun.",https://magicvalley.com/news/local/article_dab43e8b-7f55-4168-b69c-a47bb90cf608.html,2026-05-16 09:00:00,newsbatch_9_output,2026-05-18
No qualifying business found,N/A,N/A,N/A,N/A,N/A,https://www.msn.com/en-us/health/fitness/which-gym-deserves-your-vote-gym-of-the-year-2026-nominations-open/ar-AA22LDcO,2026-05-16 08:15:34,newsbatch_9_output,2026-05-18
Luxury gym and wellness center (name not specified),LoSo,Opening,Not specified,opening,A massive luxury gym and wellness center is opening in LoSo.,https://www.msn.com/en-us/health/other/a-massive-luxury-gym-and-wellness-center-is-opening-in-loso/ar-AA231tpJ,2026-05-16 07:43:52,newsbatch_9_output,2026-05-18
No qualifying business found,N/A,N/A,N/A,N/A,N/A,https://www.aol.com/news/midtown-strip-mall-owners-ordered-235407300.html,2026-05-16 06:44:56,newsbatch_9_output,2026-05-18
Sharigato,"The Joinery in Optimist Park, Charlotte",Opening,May 19,set to open / officially open,"Sharigato, Charlotte's first dedicated sushi hand roll restaurant, will officially open May 19 at The Joinery in Optimist Park. The 23-seat hand roll bar from chef Shari Lynne Robins will specialize in freshly prepared sushi hand rolls served individually. The restaurant will also offer Japanese-inspired snacks, maki rolls, draft cocktails, craft sake and beer.",https://www.aol.com/news/sharigato-charlotte-first-sushi-hand-100000976.html,2026-05-16 06:07:14,newsbatch_9_output,2026-05-18
AYA Rooftop Restaurant / SoCo Dough Co. (Graton Resort & Casino),Rohnert Park,Opening,May 4 (ribbon-cutting); May 7 (red carpet),grand opening,"Graton Resort & Casino marked its $1 billion expansion with a ribbon-cutting ceremony May 4 and a red carpet celebration May 7 at AYA, the resort's new rooftop restaurant. The expansion includes a smoke-free casino wing, a rooftop restaurant, a summer lineup of performers, and a new SoCo Dough Co. featuring a $275 gold-leaf Millionaire's Doughnut. The resort is owned by the Federated Indians of Graton Rancheria.",https://www.sfchronicle.com/entertainment/article/graton-resort-doughnut-concerts-22260948.php,2026-05-16 05:49:55,newsbatch_9_output,2026-05-18
Nordstrom,Galleria Dallas,Closing,Not specified,closing,"Nordstrom at Galleria Dallas is closing, the department store chain confirms.",https://www.msn.com/en-us/money/other/nordstrom-at-galleria-dallas-closing-department-store-chain-confirms/ar-AA1YS0fR,2026-05-16 05:33:03,newsbatch_9_output,2026-05-18
Ann Sather,Chicago,Opening,Not specified,to open new Chicago location,Ann Sather restaurant is set to open a new Chicago location.,https://www.msn.com/en-us/travel/article/ann-sather-restaurant-to-open-new-chicago-location/ar-AA236K15,2026-05-16 05:02:25,newsbatch_9_output,2026-05-18
Barbecue restaurant chain (name not specified),Colonie,Closing,Not specified,closes,A barbecue restaurant chain has closed its Colonie location.,https://www.msn.com/en-us/travel/tripideas/barbecue-restaurant-chain-closes-colonie-location/ar-AA21W8e8,2026-05-16 04:33:25,newsbatch_9_output,2026-05-18
Fiesta Fresh Market,"New Castle, Del.",Opening,Not specified,2-year-old store,"Fiesta Fresh Market, a family-owned Latino grocery store in New Castle, Delaware, hosts monthly Mercadito music sessions in its produce aisle. The 2-year-old store has attracted an international following with up-and-coming bands traveling to perform, and tens of thousands tuning in online. Owner Jose Luis Aguilar Garcia, born in Mexico, runs the store adjacent to the apartment where he grew up.",https://www.usnews.com/news/entertainment/articles/2026-05-16/a-latino-grocery-store-in-delaware-turns-its-produce-aisle-into-a-music-stage,2026-05-16 04:15:17,newsbatch_9_output,2026-05-18
Mountain Warehouse,"High Street, Marlow (South Buckinghamshire)",Closing,Not specified,closing down sale / closure process is already underway,"Mountain Warehouse has launched a ""Closing Down – Everything Must Go"" sale at its Marlow branch on the High Street after nearly a decade in the town. The shop first opened in 2016. The retailer has not publicly confirmed a closing date for the branch, but signage suggests the closure process is already underway.",https://www.bucksfreepress.co.uk/news/26112171.mountain-warehouse-marlow-confirms-closing-sale/,2026-05-16 04:00:00,newsbatch_9_output,2026-05-18
