store_name,location,event_type,event_date,status,short_description,article_link,published_date,source_batch,Date_Appended
Chicago Chef Perfect,Address not specified,Opening,May 14,May 14,Chicago Chef Perfects the Gourmet Baked Potato.,https://whatnow.com/chicago/restaurants/chicago-chef-perfects-the-gourmet-baked-potato/,"May 14, 2026",batch_1_output,2026-05-15
C.R. Chicks,"3346 SE Federal Hwy, Stuart, FL 34997",Opening,May 14,is Opening,C.R. Chicks is Opening in Stuart.,https://whatnow.com/miami/restaurants/c-r-chicks-is-opening-in-stuart/,"May 14, 2026",batch_1_output,2026-05-15
PopStroke,"1802 NW 37th Ave, Miami, FL 33125",Opening,May 14,to Open,PopStroke to Open at Miami Freedom Park.,https://whatnow.com/miami/restaurants/popstroke-to-open-at-miami-freedom-park/,"May 14, 2026",batch_1_output,2026-05-15
Paladino’s Italian Eatery,"2711 S Alma School Rd, Mesa, AZ 85210",Opening,May 14,to Debut,Paladino’s Italian Eatery to Debut Mesa Location.,https://whatnow.com/phoenix/restaurants/paladinos-italian-eatery-to-debut-mesa-location/,"May 14, 2026",batch_1_output,2026-05-15
Pinthouse,"1605 E New Hope Dr Building 1, Leander, TX 78641",Opening,May 14,Location To Take Shape,Pinthouse Location To Take Shape In Leander.,https://whatnow.com/austin/restaurants/pinthouse-location-to-take-shape-in-leander/,"May 14, 2026",batch_1_output,2026-05-15
Paper Rice,"2202 Sawtelle Blvd, Los Angeles, CA 90064",Opening,May 14,Bringing,Paper Rice Bringing Fast-Casual Vietnamese Cuisine To Sawtelle.,https://whatnow.com/los-angeles/restaurants/paper-rice-bringing-fast-casual-vietnamese-cuisine-to-sawtelle/,"May 14, 2026",batch_1_output,2026-05-15
Honest Indian Vegetarian Restaurant,"145 W Townline Rd, Vernon Hills, IL 60061",Opening,May 14,To Open,Honest Indian Vegetarian Restaurant To Open In Vernon Hills.,https://whatnow.com/chicago/restaurants/honest-indian-vegetarian-restaurant-to-open-in-vernon-hills/,"May 14, 2026",batch_1_output,2026-05-15
7 Brew,"2828 N Germantown Parkway, Memphis, TN 38133",Opening,May 14,Bringing,7 Brew Bringing Mid-Summer Caffeine Boost to Memphis.,https://whatnow.com/memphis/restaurants/7-brew-bringing-mid-summer-caffeine-boost-to-memphis/,"May 14, 2026",batch_1_output,2026-05-15
Jerk Yard,"90 S Orchard Dr, Park Forest, IL 60466",Opening,May 14,Heading South to Debut,Jerk Yard Heading South to Debut New Restaurant in Park Forest Plaza West Shopping Center.,https://whatnow.com/chicago/restaurants/jerk-yard-heading-south-to-debut-new-restaurant-in-park-forest/,"May 14, 2026",batch_1_output,2026-05-15
The Baillie,Capitol Hill,Opening,Summer 2027,Planned for,The Baillie Planned for Capitol Hill in Summer 2027.,https://whatnow.com/seattle/restaurants/the-baillie-planned-for-capitol-hill-in-summer-2027/,"May 14, 2026",batch_1_output,2026-05-15
Mikaelas Taste of Asia,"707 E Fremont St, Las Vegas, NV 89101",Opening,May 14,to Come to,Mikaelas Taste of Asia to Come to Container Park.,https://whatnow.com/las-vegas/restaurants/mikaelas-taste-of-asia-to-come-to-container-park/,"May 14, 2026",batch_1_output,2026-05-15
Tilly Bagel,"3162 N Broadway, Chicago, IL 60657",Opening,May 14,Owners Cooking Up Third Location,Tilly Bagel Owners Cooking Up Third Location in Lakeview.,https://whatnow.com/chicago/restaurants/tilly-bagel-owners-cooking-up-third-location-in-lakeview/,"May 14, 2026",batch_1_output,2026-05-15
Yoka Tea,"5335 Ballard Ave NW, Seattle, WA 98107",Opening,May 14,Eyes Ballard Expansion,Yoka Tea Eyes Ballard Expansion Following Madrona Success.,https://whatnow.com/seattle/restaurants/yoka-tea-eyes-ballard-expansion-following-madrona-success/,"May 14, 2026",batch_1_output,2026-05-15
Ogyu,"60 Greenfield Ave., Ardmore, PA 19003",Opening,May 14,Plans Premium,Ogyu Plans Premium Japanese Yakiniku Experience in Ardmore.,https://whatnow.com/philadelphia/restaurants/ogyu-plans-premium-japanese-yakiniku-experience-on-the-main-line/,"May 14, 2026",batch_1_output,2026-05-15
On The Grind,Kyle,Opening,May 14,Bringing Coffee Kiosk To,On The Grind Bringing Coffee Kiosk To Kyle.,https://whatnow.com/austin/restaurants/on-the-grind-bringing-coffee-kiosk-to-kyle/,"May 14, 2026",batch_1_output,2026-05-15
A Landmark Diner and Bakery,"28030 Gratiot Ave, Roseville, MI 48066",Closing,Not specified,Plans Closure,A Landmark Diner and Bakery Plans Closure After Years of Operation.,https://whatnow.com/detroit/restaurants/a-landmark-diner-and-bakery-plans-closure-after-years-of-operation/,"May 14, 2026",batch_1_output,2026-05-15
Popular Seafood Restaurant,"8171 Santa Monica Blvd, West Hollywood, CA 90046",Closing,This Summer,Set to Close Doors This Summer,Popular Seafood Restaurant in West Hollywood Set to Close Doors This Summer.,https://whatnow.com/los-angeles/restaurants/popular-seafood-restaurant-in-west-hollywood-set-to-close-doors-this-summer/,"May 14, 2026",batch_1_output,2026-05-15
Proud Mary Coffee,"4301 Guadalupe St #100, Austin, TX 78751",Opening,May 14,Appears To Have Second Austin Location In The Works,Proud Mary Coffee Appears To Have Second Austin Location In The Works.,https://whatnow.com/austin/restaurants/proud-mary-coffee-appears-to-have-second-austin-location-in-the-works/,"May 14, 2026",batch_1_output,2026-05-15
IHOP,"13320 US-290, Manor, TX 78653",Opening,May 14,Location On The Way To,IHOP Location On The Way To Manor.,https://whatnow.com/austin/restaurants/ihop-location-on-the-way-to-manor/,"May 14, 2026",batch_1_output,2026-05-15
16 Handles,Orange County,Opening,May 14,to Open Two Locations,16 Handles to Open Two Locations in Orange County.,https://whatnow.com/orange-county/restaurants/16-handles-set-to-open-two-locations-in-orange-county/,"May 14, 2026",batch_1_output,2026-05-15
A Fast-Growing U.S. Restaurant Chain,"755 Crescent Centre Dr #104, Franklin, TN 37067",Opening,May 14,Opens New Tennessee Location,A Fast-Growing U.S. Restaurant Chain Opens New Tennessee Location.,https://whatnow.com/nashville/restaurants/a-fast-growing-u-s-restaurant-chain-opens-new-tennessee-location/,"May 14, 2026",batch_1_output,2026-05-15
Union Square Donuts,"94 Derby St, Hingham, MA 02043",Opening,May 14,Bringing Sweet Treats and Drinks to,Union Square Donuts Bringing Sweet Treats and Drinks to Hingham's Derby Street Shops.,https://whatnow.com/boston/restaurants/union-square-donuts-bringing-sweet-treats-and-drinks-to-hinghams-derby-street-shops/,"May 14, 2026",batch_1_output,2026-05-15
Experienced Pizza Maker New Concept,"14330 Fenton Rd, Fenton, MI 48430",Opening,May 14,Preparing New Concept on North Side of,Experienced Pizza Maker Preparing New Concept on North Side of Fenton.,https://whatnow.com/detroit/restaurants/experienced-pizza-maker-preparing-new-concept-on-north-side-of-fenton/,"May 14, 2026",batch_1_output,2026-05-15
A Popular Bay Area Ramen Brand,"1630 Cypress St, Walnut Creek, CA 94596",Opening,May 14,Expands With New Walnut Creek Location,A Popular Bay Area Ramen Brand Expands With New Walnut Creek Location.,https://whatnow.com/san-francisco/restaurants/a-popular-bay-area-ramen-brand-expands-with-new-walnut-creek-location/,"May 14, 2026",batch_1_output,2026-05-15
MAKE Café,"4712 Felton St, San Diego, CA 92116",Opening,May 14,to Open Restaurant in,MAKE Café to Open Restaurant in San Diego.,https://whatnow.com/san-diego/restaurants/make-cafe-to-open-restaurant-in-san-diego/,"May 14, 2026",batch_1_output,2026-05-15
Sweet Bloom Coffee Roasters,"Ninth Street and Washington Avenue, Denver",Opening,May 14,to Open New Location in,Sweet Bloom Coffee Roasters to Open New Location in Denver.,https://whatnow.com/denver/restaurants/sweet-bloom-coffee-roasters-to-open-new-location-in-denver/,"May 14, 2026",batch_1_output,2026-05-15
A New Italian Dining Spot,"106 3rd Ave, New York, NY 10003",Opening,May 14,Opens in Manhattan’s East Village,A New Italian Dining Spot Opens in Manhattan’s East Village.,https://whatnow.com/new-york/restaurants/a-new-italian-dining-spot-opens-in-manhattans-east-village/,"May 14, 2026",batch_1_output,2026-05-15
Pepe’s Cantina Mexican Grill,"7700 N Wickham Rd, Melbourne, FL 32940",Opening,This August,Opening Viera Location This August,Pepe’s Cantina Mexican Grill Opening Viera Location This August.,https://whatnow.com/orlando/restaurants/pepes-cantina-mexican-grill-opening-viera-location-this-august/,"May 14, 2026",batch_1_output,2026-05-15
Huey Magoo’s,"3007 S Hwy 27, Clermont, FL 34711",Opening,May 14,Heads to,Huey Magoo’s Heads to Clermont.,https://whatnow.com/orlando/restaurants/huey-magoos-heads-to-clermont/,"May 14, 2026",batch_1_output,2026-05-15
Babbi Babbi Korean Kitchen,"10799 Moss Park Rd, Orlando, FL 32832",Opening,May 14,Plans Opening of Third Location,Babbi Babbi Korean Kitchen Plans Opening of Third Location.,https://whatnow.com/orlando/restaurants/babbi-babbi-korean-kitchen-plans-opening-of-third-location/,"May 14, 2026",batch_1_output,2026-05-15
Fiorenza Italian,"11500 Webb Bridge Way, Alpharetta, GA 30005",Opening,May 14,Bringing Flavors Of Tuscany To,Fiorenza Italian Bringing Flavors Of Tuscany To Alpharetta.,https://whatnow.com/atlanta/restaurants/fiorenza-italian-bringing-flavors-of-tuscany-to-alpharetta/,"May 14, 2026",batch_1_output,2026-05-15
Jimmy John’s,"1851 Golden Eagle Way, Fleming Island, FL 32003",Opening,May 14,Looks to Be Planning New Location in,Jimmy John’s Looks to Be Planning New Location in Fleming Island.,https://whatnow.com/jacksonville/restaurants/jimmy-johns-looks-to-be-planning-new-location-in-fleming-island/,"May 14, 2026",batch_1_output,2026-05-15
Heartbutter,"4612 Gilead St, Charlotte, NC 28217",Opening,May 14,Plans Charlotte Pop-Ups,Heartbutter Plans Charlotte Pop-Ups With Long-Term Brick-And-Mortar Goals.,https://whatnow.com/charlotte/restaurants/heartbutter-plans-charlotte-pop-ups-with-long-term-brick-and-mortar-goals/,"May 14, 2026",batch_1_output,2026-05-15
Popular Bar and Tasting Room,"1090 Farm to Market 32, San Marcos, TX 78666",Closing,May 31,to Close May 31,Popular Bar and Tasting Room in Texas Hill Country to Close May 31.,https://whatnow.com/austin/restaurants/popular-bar-and-tasting-room-in-texas-hill-country-to-close-may-31/,"May 14, 2026",batch_1_output,2026-05-15
Slapperz on Second,"209 S 2nd St, Flagler Beach, FL 32136",Opening,May 14,Opening in,Slapperz on Second Opening in Flagler Beach.,https://whatnow.com/jacksonville/restaurants/slapperz-on-second-opening-in-flagler-beach/,"May 14, 2026",batch_1_output,2026-05-15
Potbelly Sandwich Shop,Downtown Knoxville,Opening,May 14,Eyes Downtown Knoxville For First East Tennessee Location,Potbelly Sandwich Shop Eyes Downtown Knoxville For First East Tennessee Location.,https://whatnow.com/nashville/restaurants/potbelly-sandwich-shop-eyes-downtown-knoxville-for-first-east-tennessee-location/,"May 14, 2026",batch_1_output,2026-05-15
JavaCone,"5537 Palmer Crossing Cir, Sarasota, FL 34233",Opening,May 14,Bringing Coffee and Ice Cream to,JavaCone Bringing Coffee and Ice Cream to Sarasota.,https://whatnow.com/tampa/restaurants/javacone-bringing-coffee-and-ice-cream-to-sarasota/,"May 14, 2026",batch_1_output,2026-05-15
Ice & Cream Creamery,"3119 Beach Blvd S, Gulfport, FL 33707",Opening,May 14,Plans Gulfport Expansion,Ice & Cream Creamery Plans Gulfport Expansion.,https://whatnow.com/tampa/restaurants/ice-cream-creamery-plans-gulfport-expansion/,"May 14, 2026",batch_1_output,2026-05-15
New Donut Shop (Lakeland Donuts),"2810 Florida Ave S, Lakeland, FL 33803",Opening,May 14,Looks to Be Opening in,New Donut Shop Looks to Be Opening in Lakeland.,https://whatnow.com/tampa/restaurants/new-donut-shop-looks-to-be-opening-in-lakeland/,"May 14, 2026",batch_1_output,2026-05-15
PITA Street Food,"30 E Crossville Rd, Roswell, GA 30075",Opening,Not specified,Expanding To Roswell This Summer,PITA Street Food is expanding to Roswell. The new location is at 30 E Crossville Rd.,https://whatnow.com/atlanta/restaurants/pita-street-food-expanding-to-roswell-this-summer/,"May 14, 2026",batch_2_output,2026-05-15
Sabrina’s Cafe,"419 Bainbridge St., Philadelphia, PA 19147",Opening,Not specified,Expands With Queen Village Location,Sabrina’s Cafe expands its Philadelphia footprint with a new Queen Village location. The address is 419 Bainbridge St.,https://whatnow.com/philadelphia/restaurants/sabrinas-cafe-expands-philadelphia-footprint-with-queen-village-location/,"May 14, 2026",batch_2_output,2026-05-15
Authentic Italian Bistro and Wine Bar,"158 8th Ave, New York, NY 10011",Opening,Not specified,Coming to Chelsea,An authentic Italian bistro and wine bar is coming to Chelsea at 158 8th Ave.,https://whatnow.com/new-york/restaurants/authentic-italian-bistro-and-wine-bar-coming-to-chelsea/,"May 14, 2026",batch_2_output,2026-05-15
Maman,"66 Water St, Brooklyn, NY 11201",Opening,Not specified,is bringing its signature charm and chocolate chip cookies to DUMBO,Maman is bringing its signature charm and chocolate chip cookies to DUMBO at 66 Water St.,https://whatnow.com/new-york/restaurants/maman-is-bringing-its-signature-charm-and-chocolate-chip-cookies-to-dumbo/,"May 14, 2026",batch_2_output,2026-05-15
Cafe Bar J.F.,"50 Withers St, Brooklyn, NY 11211",Opening,Not specified,Opens in Williamsburg,Cafe Bar J.F. opens in Williamsburg at 50 Withers St.,https://whatnow.com/new-york/restaurants/cafe-bar-j-f-opens-in-williamsburg/,"May 14, 2026",batch_2_output,2026-05-15
Jersey Mike's,"3100 N Terminal Rd, Houston, TX 77032",Opening,Not specified,Part of $2.5 Billon Terminal B Expansion,Jersey Mike's is part of the Terminal B expansion at IAH. The location is 3100 N Terminal Rd.,https://whatnow.com/houston/restaurants/jersey-mikes-part-of-2-5-billon-terminal-b-expansion/,"May 14, 2026",batch_2_output,2026-05-15
Protein Bar and Kitchen,"3100 N Terminal Rd, Houston, TX 77032",Opening,Not specified,to Debut at IAH,Protein Bar and Kitchen is to debut at IAH at 3100 N Terminal Rd.,https://whatnow.com/houston/restaurants/protein-bar-and-kitchen-to-debut-at-iah/,"May 14, 2026",batch_2_output,2026-05-15
Snappy Burger,"W Cheyenne Ave & Allen Ln, North Las Vegas, NV 89032",Opening,Not specified,to Open Another Location in the Valley,Snappy Burger is to open another location in the Valley at W Cheyenne Ave & Allen Ln.,https://whatnow.com/las-vegas/restaurants/snappy-burger-to-open-another-location-in-the-valley/,"May 14, 2026",batch_2_output,2026-05-15
Katz Coffee,"3100 N Terminal Rd, Houston, TX 77032",Opening,Not specified,One of Four New Tenants to Open at the IAH,Katz Coffee is one of four new tenants to open at IAH at 3100 N Terminal Rd.,https://whatnow.com/houston/restaurants/katz-coffee-one-of-four-new-tenants-to-open-at-the-iah/,"May 13, 2026",batch_2_output,2026-05-15
La Gita Kitchen and Focacceria,"County Line Shopping Center, 4619 Lakeview Canyon Rd, Westlake Village, CA 91361",Opening,Not specified,Planned For Westlake Village,"La Gita Kitchen and Focacceria is planned for Westlake Village at County Line Shopping Center, 4619 Lakeview Canyon Rd.",https://whatnow.com/los-angeles/restaurants/la-gita-kitchen-and-focacceria-planned-for-westlake-village/,"May 13, 2026",batch_2_output,2026-05-15
Dough In The Box Donuts,"237 Mitchell St SW, Atlanta, GA 30303",Opening,Not specified,Adding Fourth Location,Dough In The Box Donuts is adding a fourth location at 237 Mitchell St SW.,https://whatnow.com/atlanta/restaurants/dough-in-the-box-donuts-adding-fourth-location/,"May 13, 2026",batch_2_output,2026-05-15
Mendocino Farms,Address not specified,Opening,Not specified,to Open New Phoenix Location This Summer,Mendocino Farms is to open its first Phoenix location this summer.,https://whatnow.com/phoenix/restaurants/mendocino-farms-to-open-first-phoenix-location-this-summer/,"May 13, 2026",batch_2_output,2026-05-15
Leuty’s on Queen,"1963 Queen St E, Toronto, ON M4L 1H8, Canada",Opening,Not specified,Preparing to Open in Toronto’s Beaches Neighborhood,Leuty’s on Queen is preparing to open in Toronto’s Beaches neighborhood at 1963 Queen St E.,https://whatnow.com/toronto/restaurants/leutys-on-queen-preparing-to-open-in-torontos-beaches-neighborhood/,"May 13, 2026",batch_2_output,2026-05-15
Deluxe Bar,"3606 14th St NW, Washington, DC 20010",Opening,Not specified,Headed to Columbia Heights,Deluxe Bar is headed to Columbia Heights at 3606 14th St NW.,https://whatnow.com/washington-dc/restaurants/deluxe-bar-headed-to-columbia-heights/,"May 13, 2026",batch_2_output,2026-05-15
Dunkin’,Address not specified,Opening,Not specified,Planning Major Return to Canada Through New Foodtastic Deal,Dunkin’ is planning a major return to Canada through a new Foodtastic deal.,https://whatnow.com/toronto/restaurants/dunkin-planning-major-return-to-canada-through-new-foodtastic-deal/,"May 13, 2026",batch_2_output,2026-05-15
Tortillas Chiwas,"914 N Grande Ave, Tucson, AZ 85745",Opening,Not specified,Owners Plan Expansion Beyond Phoenix With New Concept,Tortillas Chiwas owners plan expansion beyond Phoenix with a new concept at 914 N Grande Ave.,https://whatnow.com/phoenix/restaurants/tortillas-chiwas-owners-plan-expansion-beyond-phoenix-with-new-concept/,"May 13, 2026",batch_2_output,2026-05-15
Lucky Village Chinese Buffet,"10755 Westheimer Rd, Houston, TX 77042",Remodel,mid-July,"Undergoes $200,000 Renovations","Lucky Village Chinese Buffet undergoes $200,000 renovations at 10755 Westheimer Rd.",https://whatnow.com/houston/restaurants/lucky-village-chinese-buffet-undergoes-200000-renovations/,"May 13, 2026",batch_2_output,2026-05-15
Kueva,"6250 McLeod Dr, Las Vegas, NV 89120",Opening,Not specified,"to Bring an ""Exclusive, Modern Dining Experience"" to the Valley",Kueva is to bring an exclusive modern dining experience to the Valley at 6250 McLeod Dr.,https://whatnow.com/las-vegas/restaurants/kueva-to-bring-an-exclusive-modern-dining-experience-to-the-valley/,"May 13, 2026",batch_2_output,2026-05-15
Encanto Coffee,"869 W Jeffery St, Kankakee, IL 60901",Opening,Not specified,Kankakee Local Building ‘Encanto’ Coffee Shop to Serve Mexican Pastries,Encanto Coffee shop is being built at 869 W Jeffery St to serve Mexican pastries.,https://whatnow.com/chicago/restaurants/kankakee-local-building-encanto-coffee-shop-to-serve-mexican-pastries/,"May 13, 2026",batch_2_output,2026-05-15
Little Alley Steakhouse,"Truist Center, 214 N Tryon St, Charlotte, NC 28202, USA",Opening,Not specified,Revives Uptown Charlotte Plans With $3.7M Permit Filing,"Little Alley Steakhouse revives Uptown Charlotte plans with a $3.7M permit filing at Truist Center, 214 N Tryon St.",https://whatnow.com/charlotte/restaurants/little-alley-steakhouse-revives-uptown-charlotte-plans-with-3-7m-permit-filing/,"May 13, 2026",batch_2_output,2026-05-15
Himari,"6414 San Felipe St a, Houston, TX 77057",Opening,Not specified,to Open a Second Location in Former Bank of America in Uptown,Himari is to open a second location in a former Bank of America in Uptown at 6414 San Felipe St a.,https://whatnow.com/houston/restaurants/himari-to-open-a-second-location-in-former-bank-of-america-in-uptown/,"May 13, 2026",batch_2_output,2026-05-15
Steel City Brewing,"132 Lincoln Hwy. E, Coatesville, PA 19320",Opening,Not specified,will open at 132 E. Lincoln Hwy. this spring,"Steel City Brewing owned by Philip Ferro will open at 132 E. Lincoln Hwy. in Coatesville this spring. The renovated two-level space features a main dining area upstairs, events downstairs, and a 100 foot long bar. The beer list includes Lukens Lite, Steel Wheels, C-Ville Cerveza and others with proceeds from Lukens Lager donated to the Steel Museum.",https://whatnow.com/philadelphia/restaurants/steel-city-brewing-to-open-in-coatesville-this-spring-under-restaurateur-philip-ferro/,"May 11, 2026",batch_3_output,2026-05-15
Texas de Brazil,"250 Lehigh Valley Mall, Whitehall Township, PA 18052",Opening,Not specified,expected to debut in spring 2027,"Texas de Brazil will open on the first floor of Lehigh Valley Mall in Whitehall. The Brazilian steakhouse offers prix fixe churrasco with unlimited grilled meats, salad bar, cheese bread, mashed potatoes and fried bananas. It will be the second Pennsylvania location.",https://whatnow.com/philadelphia/restaurants/texas-de-brazil-to-open-at-lehigh-valley-mall-in-whitehall/,"May 11, 2026",batch_3_output,2026-05-15
Langbaan,"215 SE 9th Ave, Portland, OR 97214",Opening,Not specified,hoping to debut the new location by this October,"Langbaan will occupy the former Bar Casa Vale space at 215 SE 9th Avenue in Southeast Portland. The Thai restaurant serves staples like Miang Som, Guay Tiew Rua and Phla Pla with wine pairings and seasonal menus. Owner Earl Ninsom previously operated the concept in Northwest Portland.",https://whatnow.com/portland/restaurants/thai-staple-langbaan-moving-southeast-for-next-portland-location/,"May 11, 2026",batch_3_output,2026-05-15
Solei Beach Club,"1717 Collins Ave, Miami Beach, FL 33139, United States",Opening,Not specified,will officially open on Saturday,"Solei Beach Club at the Kimpton Surfcomber Hotel will open on Saturday offering Mediterranean-inspired dining, cocktails and oceanfront access with lounge seating and cabanas. The 11,500 square foot venue operates daily 11 a.m. to 5 p.m. with bar until 6 p.m. and serves shareable seafood dishes.",https://whatnow.com/miami/restaurants/new-11500-square-foot-beach-club-set-to-debut-in-miami-beachs-art-deco-district/,"May 11, 2026",batch_3_output,2026-05-15
Bratz Y’all Bistro,"617-B Piety, New Orleans, LA 70117",Closing,June 1,will serve its final meal June 1,"Bratz Y’all Bistro will close on June 1 after nine years due to rising costs, rent increase and landlord issues. The German-style bistro in Bywater serves pretzels, German street food, beers and wine.",https://whatnow.com/new-orleans/restaurants/new-orleans-restaurant-known-for-german-inspired-menu-to-close-on-june-1/,"May 11, 2026",batch_3_output,2026-05-15
7 Brew,"2102 N Jackson St, Tullahoma, TN 37388, USA",Opening,Not specified,now under construction; targeting a late-summer opening,"7 Brew is under construction at 2102 North Jackson Street in Tullahoma targeting late-summer opening. The drive-thru offers customizable coffees, teas, lemonades, smoothies, shakes and energy drinks.",https://whatnow.com/nashville/restaurants/new-7-brew-location-planned-for-tullahoma/,"May 11, 2026",batch_3_output,2026-05-15
Wasai BBQ,"2237 S Wentworth Ave, Chicago, IL 60616",Opening,Not specified,hoping to open the concept at the beginning of June,"Wasai BBQ, an all-you-can-eat Korean barbecue concept, is coming to 2237 S Wentworth Avenue on the second floor of the former Won Kow space in Chinatown. The menu features raw meats, bulgogi and pickles with beer and Korean sake.",https://whatnow.com/chicago/restaurants/new-wasai-bbq-concept-to-serve-korean-barbecue-in-chinatown/,"May 11, 2026",batch_3_output,2026-05-15
Victory Bar & Grill,"795 NJ-73 West Berlin, NJ 08091",Remodel,Not specified,under new ownership with a planned refresh,"Victory Bar & Grill at 795 S. Route 73 is now under new ownership by Amar and Sunitha Gunda. They plan to refresh the menu, update TVs, add fire pits and introduce live music while keeping the name and vibe. The new bar menu launches June 1.",https://whatnow.com/philadelphia/restaurants/victory-bar-grill-under-new-ownership-with-a-planned-refresh/,"May 11, 2026",batch_3_output,2026-05-15
Anthony’s Restaurant and Pub,"3151 Voyager Ln, Joliet, IL 60431",Closing,"May 9, 2026","has closed; served its final dinner on Saturday, May 9","Anthony’s Restaurant and Pub in Louis Joliet Mall served its final dinner on May 9, 2026 after 12 years. The closure followed a fatal shooting incident in the parking lot.",https://whatnow.com/chicago/restaurants/popular-joliet-mall-restaurant-shuts-down-following-tragic-incident/,"May 11, 2026",batch_3_output,2026-05-15
MaGerk’s Pub & Grill,"3 W Gay St. West Chester, PA 19380",Opening,Not specified,set to open at 3 W. Gay St.; likely still months away,"MaGerk’s Pub & Grill is set to open at 3 W. Gay St. in the former Iron Hill Brewery space in West Chester. The pub offers shareable plates, smash burgers, Philly cheesesteaks and craft beers.",https://whatnow.com/philadelphia/restaurants/magerks-pub-grill-expands-greater-philadelphia-footprint-with-west-chester-location/,"May 11, 2026",batch_3_output,2026-05-15
Crumbl,Address not specified,Opening,Not specified,expected to open in late summer,Crumbl operated by KTP Capital will open in Edgewood in late summer offering rotating cookies and dirty sodas.,https://whatnow.com/atlanta/restaurants/crumbl-and-4-more-atlanta-restaurant-openings-we-uncovered-last-week-may-4-8/,"May 11, 2026",batch_3_output,2026-05-15
Giulia Italian Bakery,Address not specified,Opening,Not specified,will open in Alpharetta City Center this summer,"Giulia Italian Bakery’s fourth location will open in Alpharetta City Center this summer with croissants, sandwiches, Italian wine and coffee.",https://whatnow.com/atlanta/restaurants/crumbl-and-4-more-atlanta-restaurant-openings-we-uncovered-last-week-may-4-8/,"May 11, 2026",batch_3_output,2026-05-15
VIỆTVANA,Address not specified,Opening,Not specified,expected to open in October,VIỆTVANA will open a new flagship at Lenox Square in Buckhead in October in the former Lobster Roll space.,https://whatnow.com/atlanta/restaurants/crumbl-and-4-more-atlanta-restaurant-openings-we-uncovered-last-week-may-4-8/,"May 11, 2026",batch_3_output,2026-05-15
NADC Burger,"124 S 6th St, Las Vegas, NV 89101",Opening,"May 15, 2026","will officially open ... on May 15, 2026","NADC Burger will open its first permanent Las Vegas location on May 15, 2026 at 124 S 6th St in Downtown. The skate-inspired spot serves Wagyu cheeseburgers, beef tallow fries and offers a full bar.",https://whatnow.com/las-vegas/restaurants/a-viral-burger-brand-is-expanding-with-its-first-permanent-las-vegas-restaurant/,"May 11, 2026",batch_3_output,2026-05-15
Phin de Louisiane,"3204 E Milton Ave, Youngsville, LA 70592",Opening,Not specified,under construction and slated to open this fall,Phin de Louisiane in Youngsville will specialize in Vietnamese phin coffee drinks including Cà phê sữa đá and Saigon Ube Latte. The cafe grew from pop-ups and is currently under construction.,https://whatnow.com/new-orleans/restaurants/vietnamese-influenced-cafe-coming-to-lafayette-parish/,"May 11, 2026",batch_3_output,2026-05-15
RedHead Burger,"3377 Las Vegas Blvd S #2170, Las Vegas, NV 89109, United States",Opening,Not specified,"has opened its doors ... on May 7, 2026","RedHead Burger opened its first Las Vegas location at Grand Canal Shoppes at The Venetian on May 7, 2026. The smash burger spot operates 11 a.m. to 2 a.m. with never-frozen burgers, loaded fries and milkshakes.",https://whatnow.com/las-vegas/restaurants/ocean-drive-smash-burger-hotspot-opened-its-first-las-vegas-location/,"May 11, 2026",batch_3_output,2026-05-15
Zaxbys,Address not specified,Opening,Not specified,set to open late this year,"Zaxbys has broken ground on a new location in Perryville, Maryland at Chesapeake Overlook set to open late this year with seating for 30 and dual drive-thru.",https://whatnow.com/washington-dc/restaurants/zaxbys-begins-work-on-new-maryland-location/,"May 10, 2026",batch_3_output,2026-05-15
Wonder,"20936 Frederick Rd, Germantown, MD 20876",Opening,Not specified,moving into a Germantown storefront,Wonder food hall is moving into 20936 Frederick Road in Germantown in the former Jos. A. Bank space. The concept partners with chefs for multiple made-to-order options.,https://whatnow.com/washington-dc/restaurants/food-hall-juggernaut-continues-dmv-expansion/,"May 10, 2026",batch_3_output,2026-05-15
Qdoba,"2625 North International Parkway, Dallas, TX 75261",Opening,Not specified,work set to start this summer,Qdoba is planned for a new Terminal A location at 2625 North International Parkway at DFW Airport with construction beginning by June 22 and projected completion by November 30.,https://whatnow.com/dallas/restaurants/qdoba-to-feed-dfw-flyers/,"May 10, 2026",batch_3_output,2026-05-15
Buc-ee’s,Address not specified,Opening,June of 2028,will not make its regional entrance for another 2 years,"Buc-ee’s will open on a 34-acre lot in West Memphis in June 2028 spanning 74,000 square feet with 120 gas pumps. Infrastructure work is underway for the arrival.",https://whatnow.com/memphis/restaurants/west-memphis-prepares-to-greet-texas-favorite/,"May 10, 2026",batch_3_output,2026-05-15
A Forkful Restaurant and Catering,"2650 Thousand Oaks Blvd, Memphis, TN 38118",Opening,Not specified,small restaurant opening in an existing restaurant space,"A Forkful Restaurant and Catering from the A Forkful Food Truck team will open at 2650 Thousand Oaks Boulevard in a 1,622 square foot space.",https://whatnow.com/memphis/restaurants/a-forkful-restaurant-and-catering-making-memphis-plans/,"May 10, 2026",batch_3_output,2026-05-15
McAlister’s Deli,"2024 Fair Park Blvd., Jonesboro, AR 72401",Opening,Not specified,preparing to return to the area,McAlister’s Deli is planned for 2024 Fair Park Boulevard in Jonesboro following the previous location closure.,https://whatnow.com/memphis/restaurants/mcalisters-deli-headed-to-jonesboro/,"May 10, 2026",batch_3_output,2026-05-15
Banh Mi Saigon,"10204 Almeda Genoa Rd, Unit A, Houston, TX 77075",Opening,By summer 2026,"""expected to open…by this summer""","Banh Mi Saigon is set to open a new location at 10204 Almeda Genoa Rd, Unit A in Houston, per a recently filed permit, with construction slated to start in a little over two weeks and wrap up towards the end of June. The brand offers Vietnamese sandwiches, noodles, soups, and bubble tea. No confirmed opening date beyond ""this summer"" has been announced.",https://whatnow.com/houston/restaurants/banh-mi-saigon-to-open-another-location/,,batch_4_output,2026-05-15
Masija,"8320 Pineville-Matthews Rd #607, Charlotte, NC 28226",Closing,"March 26, 2026","""will serve its final meal"" / ""final day""","Masija, Charlotte's first Korean-style ""sojubang"" cocktail bar, announced on social media that it will close permanently on March 26, 2026, after just three months of operation since opening in December 2025. The team cited no official reason for the closure but assured fans the concept would return in some form.",https://whatnow.com/charlotte/restaurants/charlottes-first-korean-style-bar-announces-closure/,,batch_4_output,2026-05-15
Golden Corral,"4350 East Highway 10, Baytown, TX 77521",Opening,Late spring 2027,"""construction project…slated to start late summer and wrap up in late spring 2027""","Golden Corral is planning to open a new 9,258 square-foot location in Baytown at 4350 East Highway 10, per a recently filed permit, with a $4,000,000 construction project set to start late summer and wrap up in late spring 2027. This will be the ninth Golden Corral location in the Greater Houston region, operated by franchisee John Gomez of Gomez Family Enterprises. No official opening date has been announced.",https://whatnow.com/houston/restaurants/golden-corral-to-open-in-baytown/,,batch_4_output,2026-05-15
Sugar Llamas (Roseville location),"8300 Sierra College Blvd, Suite I, Roseville, CA (zip code not specified)",Opening,July or August 2026 (targeted),"""targeting a July or August 2026 debut, pending construction and permitting timelines""","Sugar Llamas, a Tulsa, Oklahoma-based dessert concept founded in 2021, is opening its first Sacramento-area location at 8300 Sierra College Blvd, Suite I in Roseville, led by franchisees Travis and Janelle Hawkins. The menu features freshly made mini donuts in 20+ flavors, gourmet coffee, premium ice cream, milkshakes, and shareable creations such as donut ice cream sundaes. A July or August 2026 debut is targeted, pending construction and permitting.",https://whatnow.com/sacramento/restaurants/tulsa-based-sugar-llamas-to-debut-two-dessert-shops-in-roseville-and-rocklin/,,batch_4_output,2026-05-15
Sugar Llamas (Rocklin location),"3051 Stanford Ranch Rd, Suite D1, Rocklin, CA (zip code not specified)",Opening,July or August 2026 (targeted),"""targeting a July or August 2026 debut, pending construction and permitting timelines""","Sugar Llamas is opening a second Sacramento-area location at 3051 Stanford Ranch Rd, Suite D1 in Rocklin, also led by franchisees Travis and Janelle Hawkins. The concept offers mini donuts, ice cream, milkshakes, and specialty desserts. A July or August 2026 debut is targeted, pending construction and permitting.",https://whatnow.com/sacramento/restaurants/tulsa-based-sugar-llamas-to-debut-two-dessert-shops-in-roseville-and-rocklin/,,batch_4_output,2026-05-15
Sugar Llamas (Modesto location),"3041 Oakdale Rd, Suite 625, Modesto, CA (zip code not specified)",Opening,Not specified,"""third California location planned for""","A third California Sugar Llamas location is planned for 3041 Oakdale Rd, Suite 625 in Modesto, led by Tyler Hawkins, brother of the Roseville/Rocklin franchisees. No opening date or timeline has been specified for this location.",https://whatnow.com/sacramento/restaurants/tulsa-based-sugar-llamas-to-debut-two-dessert-shops-in-roseville-and-rocklin/,,batch_4_output,2026-05-15
Everybody Loves Raymond's (Downtown / East Side location),"2118 I-35 Frontage Rd, San Antonio, TX 78208",Closing,"March 23, 2026","""closed its Downtown location on March 23, 2026""","Everybody Loves Raymond's, a family-owned San Antonio burger restaurant, abruptly closed its Downtown location at 2118 I-35 Frontage Rd on March 23, 2026, confirmed via a social media post on March 25. No reason was cited for the closure, and the brand's second location at 18600 Pleasanton Road continues to operate.",https://whatnow.com/san-antonio/restaurants/well-known-burger-joint-shuts-down-east-side-location-abruptly/,,batch_4_output,2026-05-15
Oso Felipe,"2 Erie St, Montclair, NJ 07042",Closing,"March 28, 2026","""will close permanently on Saturday, March 28""","Oso Felipe, a Mexican restaurant at 2 Erie Street in Montclair, announced via social media that it will close permanently on March 28, 2026, after more than a year in operation. The restaurant offered tacos, enchiladas, tamales, pozole, seafood, grilled items, and a full drinks menu, occupying a multi-story space with two bars and outdoor seating. No official reason for the closure was stated.",https://whatnow.com/new-york/restaurants/montclair-mexican-dining-spot-to-shut-down-on-march-28/,,batch_4_output,2026-05-15
Poke House,"7175 W Lake Mead Blvd, Suite 168, Las Vegas, NV 89128",Opening,Not specified,"""coming soon""","Poke House, a California-based Hawaiian-inspired poke chain founded in 2016 with over 70 locations, is set to open at 7175 West Lake Mead Blvd, Suite 168 in Las Vegas per a recently filed City of Las Vegas permit. The Las Vegas opening is led by franchisee and Operations Advisor Gene Zhou as part of the brand's eastward expansion. No official opening date has been announced.",https://whatnow.com/las-vegas/restaurants/poke-house-to-debut-in-las-vegas/,,batch_4_output,2026-05-15
Barrique Brewing and Blending (tasting room),"30 Oldham St, Nashville, TN 37213",Closing,"March 28, 2026","""tasting room…set to close to the public after March 28, 2026""","Barrique Brewing and Blending announced via Facebook that its tasting room at 30 Oldham Street will close on March 28, 2026, with owner Joel Stickrod citing the building's expected removal in 2026 as the reason. The Nashville brewery, founded in 2017, specializes in barrel-aged wild ales and crisp Czech-style lagers. New production was paused after December as part of the wind-down.",https://whatnow.com/nashville/restaurants/local-favorite-craft-brewery-in-nashville-to-end-run-after-almost-a-decade/,,batch_4_output,2026-05-15
Ponte Vedra Wine Bar and Restaurant,"262 Solana Rd, Ponte Vedra Beach, FL 32082",Opening,Approximately five months prior to publication (Not specified exactly),"""recently opened"" (five months ago)","Ponte Vedra Wine Bar and Restaurant, owned by Samantha Munn, opened approximately five months ago at 262 Solana Road in Ponte Vedra Beach, offering an extensive wine list, personally named signature cocktails, and a seasonally rotating food menu using locally sourced produce and proteins. The bar's décor features vintage Palm Beach hues of pinks and greens, with cocktails named after the owner's friends and family.",https://whatnow.com/jacksonville/restaurants/ponte-vedra-wine-bar-invites-you-to-celebrate-wine-and-friendship/,,batch_4_output,2026-05-15
Once or Twice Bar,"31 N Front St E, Yakima, WA 98901",Opening,Not specified,"""Comin' soon y'all"" / ""An official opening date has not yet been announced""","Once or Twice Bar, operated by William Kostas, Garrett Remy, Lauren Bailey, and Nathaniel Seeger, is set to open at 31 N. Front St. in downtown Yakima, with a liquor license recently approved by the Washington State Liquor and Cannabis Board. The bar plans to serve cocktails and cold beer with an elevated Western-style theme. No official opening date has been announced.",https://whatnow.com/seattle/restaurants/once-or-twice-bar-saddles-up-in-downtown-yakima-with-western-vibes/,,batch_4_output,2026-05-15
Fat Miilk Coffee (Naperville location),"Naperville, IL — shopping plaza (exact address not specified)",Opening,2026,"""coming this year""","Fat Miilk Coffee, a Vietnamese coffee brand founded by Lan Ho in 2024 and based in Chicago's Uptown neighborhood, is opening a second location in a Naperville shopping plaza, with ""coming soon"" signage spotted per recent social media posts. The brand offers specialty drinks including phin drip coffees, robusta espressos, teas, and egg coffee, as well as merchandise and roasts. No exact address or opening date has been released.",https://whatnow.com/chicago/restaurants/fat-milk-coffee-heading-to-naperville-for-second-location/,,batch_4_output,2026-05-15
Green Vegetarian Cuisine,"255 E Basse Rd, San Antonio, TX 78209",Closing,"April 17, 2026","""will serve customers through April 17, 2026""","Green Vegetarian Cuisine at Alamo Quarry Market is closing after 19 years of operation, with owner Chef Mike Behrend citing rising costs and a change in consumer behavior as reasons for the closure. The restaurant will continue to serve customers through April 17, 2026, operating during regular hours from 10 a.m. to 9 p.m.",https://whatnow.com/san-antonio/restaurants/beloved-plant-based-restaurant-in-san-antonio-to-close-after-19-years/,,batch_4_output,2026-05-15
The Shop Beer Co. (Phoenix taproom),"3002 E Washington St, Phoenix, AZ 85034",Opening,Not specified,"""planning to open a location in Phoenix"" / ""An opening date has not been announced""","The Shop Beer Co., a Tempe-based microbrewery and taproom, is planning to open a 15,000 square-foot Phoenix location at 3002 E. Washington Street, per a liquor license application filed with the State of Arizona, to include brewing facilities, a kitchen, and seating. No opening date has been announced.",https://whatnow.com/phoenix/restaurants/the-shop-beer-co-is-opening-a-phoenix-taproom/,,batch_4_output,2026-05-15
Oregano's,"1045 N Verrado Way, Buckeye, AZ 85326",Opening,Not specified,"""tenants expected to start moving in in the coming months"" / ""An exact opening date has not been announced""","Oregano's, an Italian restaurant chain founded in Scottsdale in 1993, is opening a new location at Buckeye Commons West at the southwest corner of I-10 and Verrado Way in Buckeye. The shopping center's construction has completed, with tenants expected to start moving in in the coming months. No exact opening date has been announced.",https://whatnow.com/phoenix/restaurants/oreganos-is-coming-to-buckeye/,,batch_4_output,2026-05-15
Apothecary Cocktail Lounge,"3242 N Clark St, Chicago, IL 60657",Opening,May 2026,"""set to open in May 2026""","Apothecary Cocktail Lounge, a pharmacy-themed craft cocktail bar from owner Eric Reid, is set to open at 3242 N. Clark Street in Chicago in May 2026, with a bar program led by Beverage Director Zachary Heller featuring signature cocktails organized into eight medicinal classifications. The concept blends the science of pharmacy with the artistry of craft cocktails, with a seasonal and Midwest hospitality-focused menu.",https://whatnow.com/chicago/restaurants/apothecary-cocktail-lounge-to-open-this-may-reimagining-the-bar-as-a-place-of-care/,,batch_4_output,2026-05-15
Coco Shrimp,"2525 Wycliff Ave, Suite 130, Dallas, TX 75219",Opening,Before end of 2026,"""locals can look forward to enjoying its cuisine before the year is out""","Coco Shrimp, a fast-casual shrimp-focused restaurant chain founded in 2016 with locations across DFW, is opening its 11th location at 2525 Wycliff Avenue, Suite 130 in Dallas's Oak Lawn area, per a filing with the Texas Department of Licensing and Regulation. The renovated 2,200 square-foot space is owned by partners Walter Cervin and Blaise Hadley, and an opening before year's end is anticipated. No exact opening date has been specified.",https://whatnow.com/dallas/restaurants/coco-shrimp-to-heat-up-dallas-dining-scene-this-summer/,,batch_4_output,2026-05-15
Kyuramen,"1 Wheeler Rd, Burlington, MA 01803",Opening,Not specified,"""Construction is currently wrapping up"" / ""an official opening date has not yet been announced""","Kyuramen, a Flushing, New York-based ramen chain with over 50 locations nationwide, is opening a location at 1 Wheeler Road in Burlington in a newly built structure at the corner of Middlesex Turnpike and Wheeler Road, confirmed by franchisee Charles Liu. The approximately 4,600 square-foot, 81-seat location is described as a more upscale ""Kyuramen 3.0"" concept, featuring party rooms, honeycomb booths, additional yakitori options, and an expanded drink menu. Construction is currently wrapping up; no official opening date has been announced.",https://whatnow.com/boston/restaurants/kyuramen-teams-up-with-popular-japanese-eatery-for-upscale-burlington-location/,,batch_4_output,2026-05-15
The Southern Chef,"5307 E Highland Dr, Jonesboro, AR 72401",Opening,Not specified,coming soon,"The Southern Chef announced its upcoming seventh location via Facebook post, setting up between Hytrol and the ABB factory. An opening timeline is not presently available, with the social media post only stating the location is ""coming soon,"" and work still needs to be completed at the site.",https://whatnow.com/memphis/restaurants/popular-jonesboro-chain-plans-new-location/,"May 17, 2026",batch_1_output,2026-05-18
Ovoka Farm,"750 Gap Run Rd, Paris, VA 20130",Opening,next month,set to begin welcoming guests next month,"Ovoka Farm, a Virginia farm celebrated for its F1 wagyu, is launching a wagyu and wine dining experience set to begin welcoming guests next month. The tasting room will be inside a historic manor home and reservation-only at first, pairing carefully curated wines with locally sourced cuisine.",https://whatnow.com/washington-dc/restaurants/ovoka-farm-invites-virginians-to-indulge-in-wagyu-and-wine/,"May 17, 2026",batch_1_output,2026-05-18
CHICHA San Chen,"1 Brattle Square, Cambridge, MA 02138",Opening,Not specified,coming to One Brattle Square,"Taiwanese tea house CHICHA San Chen is opening its second Massachusetts location at One Brattle Square in Cambridge's Harvard Square. Franchisee Andy Liao shared renderings on Instagram, noting the space will feature soft textures and warm tones, similar in size to the brand's Newbury Street shop.",https://whatnow.com/boston/restaurants/taiwanese-tea-house-chicha-san-chen-expanding-to-cambridges-harvard-square/,"May 15, 2026",batch_1_output,2026-05-18
The Artist Table,"412 S Main, Memphis",Closing,Not specified,closed its doors,"The Artist Table, a chef residency and event space, has closed its doors on South Main with plans to reopen at a new location. Founder Daishu McGriff announced the closure via social media, stating the brand will return but no new location or timeline has been announced.",https://whatnow.com/memphis/restaurants/the-artist-table-plans-next-chapter/,"May 15, 2026",batch_1_output,2026-05-18
Andy's Pizza,"50 Massachusetts Ave NE, Washington, DC 20002",Opening,Not specified,slated to take over,"Andy's Pizza is slated to take over the Sbarro space at Union Station. An opening timeline is not available, but the location is expected to include the chain's recent bagel program.",https://whatnow.com/washington-dc/restaurants/andys-pizza-headed-to-union-station/,"May 15, 2026",batch_1_output,2026-05-18
Sbarro,"50 Massachusetts Ave NE, Washington, DC 20002",Closing,Not specified,take over the Sbarro space,Andy's Pizza is slated to take over the Sbarro space in Union Station. The article indicates Sbarro is being replaced at this location.,https://whatnow.com/washington-dc/restaurants/andys-pizza-headed-to-union-station/,"May 15, 2026",batch_1_output,2026-05-18
Mesón,"1329 Gilman St, Berkeley, CA 94706",Opening,Not specified,official opening date has not yet been announced,"Mesón will take over the former Three One Four Pizzeria space at 1329 Gilman St in Berkeley. The Spanish-inspired concept is heavily influenced by César and reunites former César team members, including chef Juan Gomez and Maggie Pond.",https://whatnow.com/san-francisco/restaurants/meson-to-take-over-three-one-four-pizzeria-location-in-berkley/,"May 15, 2026",batch_1_output,2026-05-18
Three One Four Pizzeria,"1329 Gilman St, Berkeley, CA 94706",Closing,Not specified,former Three One Four Pizzeria space,Mesón will take over the former Three One Four Pizzeria space at 1329 Gilman St in Berkeley. The article references the pizzeria's former status without further closure detail.,https://whatnow.com/san-francisco/restaurants/meson-to-take-over-three-one-four-pizzeria-location-in-berkley/,"May 15, 2026",batch_1_output,2026-05-18
Fanoos Grills,"411 Columbus Ave, San Francisco, CA 94133",Opening,end of June,preparing to open,"Mediterranean restaurant Fanoos Grills is preparing to open its newest San Francisco location at the end of June. The brand specializes in shawarma and grab-and-go Mediterranean offerings, with owner Adnan Alame considering future expansion in the Bay Area.",https://whatnow.com/san-francisco/restaurants/fanoos-grills-planning-possible-bay-area-expansion-after-san-francisco-opening/,"May 15, 2026",batch_1_output,2026-05-18
Aviator's Restaurant,"6151 Freeport Blvd, Sacramento, CA 95822",Closing,Dec. 24th,remained closed for months,"Aviator's Restaurant inside Sacramento Executive Airport has remained closed for months after a flooring project uncovered structural issues, mold, asbestos, and water intrusion. The restaurant originally closed on Dec. 24th for the holidays, with reopening projections of around two years handled by Sacramento County and the Department of Airports.",https://whatnow.com/sacramento/restaurants/aviators-restaurant-is-expected-to-reopen-in-2027/,"May 15, 2026",batch_1_output,2026-05-18
Häagen-Dazs,"50 NW 24th St, Miami, FL 33127",Opening,Not specified,opening a new location,"Häagen-Dazs is opening a new Wynwood location at 50 NW 24th Street, Unit 104, after Bongo Creamery Wynwood filed permit applications with the Florida Department of Business and Professional Regulation. An opening date has not been announced.",https://whatnow.com/miami/restaurants/haagen-dazs-to-open-wynwood-ice-cream-shop/,"May 15, 2026",batch_1_output,2026-05-18
Black Bear Diner,"3715 S State Hwy 161, Grand Prairie, TX 75052",Opening,"December 15, 2026 (completion)",aims to begin construction,"Black Bear Diner aims to begin construction on a new corporate-owned location at 3715 S Highway 161 on May 18, with completion expected by December 15, 2026. The 4,800-square-foot restaurant will be built inside a newly constructed building in one of Grand Prairie's fastest-growing commercial corridors.",https://whatnow.com/dallas/restaurants/black-bear-diner-to-open-in-grand-prairie/,"May 15, 2026",batch_1_output,2026-05-18
Capellini's Classic Italian,"22850 Brambleton Plaza, Ashburn, VA 20148",Opening,later this year,set to debut later this year,"Chef Mike Cordero is bringing Capellini's Classic Italian, an old-school Italian restaurant with a modern flair, to Ashburn later this year. The 3,500 square foot space, which last housed Rebel Taco Cantina, will seat up to 75 indoors and 80 outdoors, emphasizing Northern Italian dishes.",https://whatnow.com/washington-dc/restaurants/chef-mike-corderos-newest-venture-capellinis-classic-italian-headed-to-ashburn/,"May 15, 2026",batch_1_output,2026-05-18
Graze Craze,"312 Grays Rd, Hamilton, ON L8E 1V5, Canada",Opening,May 21,scheduled,"Graze Craze is opening its first Ontario location in Stoney Creek at 312 Gray Road, scheduled for May 21 with a ribbon-cutting event. The location is locally owned and operated by Danielle Parks, marking a key milestone in the brand's broader Canadian expansion.",https://whatnow.com/toronto/restaurants/graze-craze-expanding-canadian-presence/,"May 15, 2026",batch_1_output,2026-05-18
Popeyes,"470 Washington St, Brighton, MA 02135",Opening,Not specified,planning a new restaurant,"Popeyes Louisiana Kitchen is planning a new restaurant at 470 Washington St in Brighton as part of a 15-unit Greater Boston expansion led by franchisee Rahman Hashimi. The space will occupy roughly 1,727 square feet with seven customer seats, though an exact opening timeline has not been announced.",https://whatnow.com/boston/restaurants/popeyes-continues-greater-boston-growth-with-upcoming-brighton-restaurant/,"May 15, 2026",batch_1_output,2026-05-18
Amor y Magia,"505 Oak Ave c, Carlsbad, CA 92008",Opening,mid-June 2026,set to open,"Amor y Magia, a Latin American-inspired restaurant from the team behind Same Same and Good Enough Cocktail Club, is set to open in Carlsbad in mid-June 2026. The concept blends Filipino, Venezuelan, Mexican, and broader Latin American cuisine with communal dining and shared plates.",https://whatnow.com/san-diego/restaurants/amor-y-magia-opening-in-carlsbad-this-summer/,"May 15, 2026",batch_1_output,2026-05-18
Biscuit Belly,"1417 W 5th Ave, Columbus, OH 43212, USA",Opening,June 2,preparing to open,"Biscuit Belly is preparing to open its first Columbus location on June 2 in the Grandview area, with opening celebrations starting June 6. The Louisville-founded chain's Southern-inspired ""craft casual"" concept will feature a mural wall and a locally themed beverage, marking location No. 15 for the brand.",https://whatnow.com/columbus/restaurants/biscuit-belly-to-open-first-columbus-location-in-grandview-with-southern-inspired-craft-casual-concept/,"May 15, 2026",batch_1_output,2026-05-18
Project LeanNation,"12490 Lake Underhill Rd, Orlando, FL 32828",Opening,July 2026,planned,"Project LeanNation is preparing to make its Orlando debut with a new location at 12490 Lake Underhill Rd, planned for July 2026 according to the brand's website. The brand offers ready-to-eat meals, personalized coaching, and protein shakes, joining a retail center with restaurants like Rita's Italian Ice and Gator's Dockside.",https://whatnow.com/orlando/restaurants/project-leannation-headed-to-orlando/,"May 15, 2026",batch_1_output,2026-05-18
Diadem Pickleball Complex,"10570 Forest Hill Blvd, Wellington, FL 33414",Opening,Not specified,filed permit applications,"Valisi Consultants Corp. has filed permit applications to open a Diadem Pickleball Complex at 10570 W. Forest Hill Boulevard in Wellington. This will be the second U.S. location, with no opening date announced, and additional complexes planned in Jensen Beach, Panama City, Sanford, Jacksonville, Tampa, Palmetto Bay, and South Miami.",https://whatnow.com/miami/restaurants/diadem-pickleball-complex-expanding-to-wellington-and-beyond/,"May 15, 2026",batch_1_output,2026-05-18
50's Diner,"7223 International Dr, Orlando, FL 32819",Opening,Not specified,will open,"50's Diner will open at 7223 International Drive in Orlando's Dowdy Plaza, according to plan review documents submitted by 50's Diner LLC. Details remain scarce, but Google Maps indicates the restaurant will offer dine-in service, curbside pickup, and delivery.",https://whatnow.com/orlando/restaurants/50s-diner-opening-in-dowdy-plaza/,"May 15, 2026",batch_1_output,2026-05-18
Wildcraft Grill + Long Bar,"Burlington, Ontario",Opening,Not specified,preparing to open,Charcoal Group of Restaurants is preparing to open a new Wildcraft Grill + Long Bar location in Burlington as part of a five-restaurant Ontario expansion. The company plans to invest between $25 million and $30 million CAD over the next 18 months.,https://whatnow.com/toronto/restaurants/charcoal-group-planning-major-ontario-expansion-with-five-new-restaurants/,"May 15, 2026",batch_1_output,2026-05-18
Wildcraft Grill + Long Bar,"Niagara Region, Ontario",Opening,Not specified,preparing to open,Charcoal Group is opening a new Wildcraft Grill + Long Bar in the Niagara Region as part of its Ontario expansion. The Niagara development will also include a new Beertown restaurant alongside the Wildcraft concept.,https://whatnow.com/toronto/restaurants/charcoal-group-planning-major-ontario-expansion-with-five-new-restaurants/,"May 15, 2026",batch_1_output,2026-05-18
Beertown,"Niagara Region, Ontario",Opening,Not specified,preparing to open,Charcoal Group is opening a new Beertown restaurant in the Niagara Region alongside a Wildcraft Grill + Long Bar. The projects are expected to roll out over the next year and a half.,https://whatnow.com/toronto/restaurants/charcoal-group-planning-major-ontario-expansion-with-five-new-restaurants/,"May 15, 2026",batch_1_output,2026-05-18
Beertown,"Peterborough, Ontario",Opening,Not specified,scheduled,Charcoal Group has a new Beertown restaurant scheduled for Peterborough as part of its Ontario expansion. The company is investing between $25 million and $30 million CAD over the next 18 months.,https://whatnow.com/toronto/restaurants/charcoal-group-planning-major-ontario-expansion-with-five-new-restaurants/,"May 15, 2026",batch_1_output,2026-05-18
Beertown,"Richmond Hill, Ontario",Opening,Not specified,scheduled,Charcoal Group has a new Beertown restaurant scheduled for Richmond Hill as part of its expansion across Southern Ontario. The company remains committed to traditional hospitality and dine-in experiences.,https://whatnow.com/toronto/restaurants/charcoal-group-planning-major-ontario-expansion-with-five-new-restaurants/,"May 15, 2026",batch_1_output,2026-05-18
Wingstop,"2427 N Atlantic Ave #13, Daytona Beach, FL 32118",Opening,Not specified,planned,"Wingstop is opening a new location at 2427 N Atlantic Ave, Suite 13 in Daytona Beach, according to plan review documents submitted by Momagic 22 LLC. The location near Bellair Plaza will join restaurants like Miyabi Sushi, Aria Pizzeria, and Big Tunas Beach Bar & Grill.",https://whatnow.com/orlando/restaurants/new-wingstop-planned-for-daytona-beach/,"May 15, 2026",batch_1_output,2026-05-18
Frosti Ice Cream,"606 N State St, Bunnell, FL 32110",Opening,Not specified,opening soon,"A new ice cream shop, Frosti Ice Cream, is preparing to open at 606 N State Street in Bunnell. Co-owner Ashot Zatikyan confirmed the menu will include milkshakes, ice cream, Italian ice, coffee, and iced tea, along with dairy-free options for the lactose intolerant community.",https://whatnow.com/jacksonville/restaurants/frosti-ice-cream-to-open-with-ice-cream-milkshakes-and-more/,"May 15, 2026",batch_2_output,2026-05-18
Pear Plum,"101 Island Ave, San Diego, CA 92101",Opening,January 2027,scheduled to open,"Pear Plum, an all-day cafe, specialty coffee shop, and wine bar, is set to open in downtown San Diego in January 2027. Owned by St. Elmo and Christina Crawford, the concept transitions from a daytime cafe to an evening wine destination featuring wines from regions like Bordeaux, Burgundy, and Napa Valley.",https://whatnow.com/san-diego/restaurants/pear-plum-opening-downtown-in-2027/,"May 15, 2026",batch_2_output,2026-05-18
Naia,"904 E Las Olas Blvd, Fort Lauderdale, FL 33301",Opening,October 2026,opening,"The Restaurant People announced Naia, a new restaurant featuring Mediterranean cuisine with Asian influences, will open in October 2026 on Las Olas Boulevard. It will occupy the former Mango's location and feature indoor-outdoor spaces anchored by a central bar.",https://whatnow.com/miami/restaurants/the-restaurant-people-to-open-naia-on-las-olas-boulevard/,"May 15, 2026",batch_2_output,2026-05-18
Atlas Restaurant Group restaurant (Choptank-inspired),"2 W Independent Dr, Jacksonville, FL 32202",Opening,Not specified,proposal moves forward,"Atlas Restaurant Group is working on a new restaurant project at Riverfront Plaza in downtown Jacksonville. A Downtown Investment Authority committee voted 3-0 on April 30 to recommend the DIA move forward on the proposal, which cites Atlas's Choptank restaurants as a brand influence.",https://whatnow.com/jacksonville/restaurants/proposal-for-atlas-restaurant-group-restaurant-in-riverfront-plaza-moves-forward/,"May 15, 2026",batch_2_output,2026-05-18
The Stand West,"407 W 15th St, New York, NY 10011",Opening,Not specified,planned,The Stand is planning a second comedy club location called The Stand West inside Chelsea Market. Permit documents show a 140-person-capacity venue in the cellar level with a full liquor license pursuit and a small menu of Italian-influenced bar fare including pizzas.,https://whatnow.com/new-york/restaurants/influential-comedy-club-adding-a-chelsea-market-location/,"May 15, 2026",batch_2_output,2026-05-18
Thorough Bread Bakery & Cafe,"115 Laurens St. NW, Aiken, SC 29801",Opening,later this fall,expected to open,Molly Newman is transforming her pandemic sourdough hobby into a brick-and-mortar bakery in Aiken. Thorough Bread Bakery & Cafe is expected to open at 115 Laurens St. later this fall in a historic building that was once the old Coca-Cola bottling plant.,https://whatnow.com/charleston/restaurants/pandemic-baking-project-grows-into-aiken-storefront-bakery/,"May 15, 2026",batch_2_output,2026-05-18
Hard Pressed Burgers,"1636 Hendricks Avenue (San Marco, Jacksonville)",Opening,Not specified,opened,Hard Pressed Burgers founders Justin Pa'ala and Eddie Evans have opened their first brick-and-mortar restaurant at 1636 Hendricks Avenue in San Marco. The owners say this won't be their last location and are already exploring potential sites for the next one.,https://whatnow.com/jacksonville/restaurants/with-san-marco-opening-hard-pressed-burgers-says-has-more-restaurants-in-store/,"May 15, 2026",batch_2_output,2026-05-18
Niko's Bar-N-Grill,"10455 Reiger Rd., Baton Rouge, LA 70809",Opening,Not specified,Grand opening coming soon,"Niko's Bar-N-Grill, owned by Christopher Ennis, is set to open in Baton Rouge. The city recently approved its liquor license and the team is hiring bartenders, with menu items expected to include barbecue smoked meats, boiled crawfish, and beef kebabs from its former pop-up.",https://whatnow.com/new-orleans/restaurants/nikos-bar-n-grill-set-to-open-in-baton-rouge/,"May 15, 2026",batch_2_output,2026-05-18
Jet's Pizza,"5617 Beach Blvd, Jacksonville, FL 32207",Opening,Not specified,preparing to expand,"Franchisees Jeff and Bob Phelps are preparing to open a second Jet's Pizza location in Jacksonville at 5617 Beach Blvd. The Detroit-style pizza brand operates hundreds of locations in 25 states, and the Phelpses launched their first Jacksonville location two years ago.",https://whatnow.com/jacksonville/restaurants/jets-pizza-franchisees-plan-second-location-in-jacksonville/,"May 15, 2026",batch_2_output,2026-05-18
Bain Barbecue,"2016 S Germantown Rd, Germantown, TN 38138",Opening,May 19,opening date moved up,"Bain Barbecue has moved up the opening of its second location in Germantown, now scheduled for May 19 instead of July. The converted Arby's will seat up to 58 guests inside with a patio under construction for an additional 40 visitors.",https://whatnow.com/memphis/restaurants/memphis-barbecue-institution-moves-up-opening-date-for-second-location/,"May 15, 2026",batch_2_output,2026-05-18
Cousin Vinny's Sandwich Co.,"2063 Central Ave, St. Petersburg, FL 33713",Opening,by the end of 2026,expected to open,"Cousin Vinny's Sandwich Co. is expanding to a second location in St. Pete's Grand Central District. The sandwich shop, known for cutlet sandwiches and recently recommended by the Michelin Guide, is expected to open by the end of 2026 in the space previously home to Little Philly.",https://whatnow.com/tampa/restaurants/cousin-vinnys-expanding-to-st-pete/,"May 15, 2026",batch_2_output,2026-05-18
Gordian Knot GR Inc. (yet-to-be-named Greek restaurant),"170 7th Ave, New York, NY 10011",Opening,Not specified,planning to open,"Alexandros Grimpas is planning to open a two-story Greek restaurant at 170 7th Ave in Chelsea after closing the Malibu Diner in February. The yet-to-be-named restaurant will offer classic Greek dishes, seat 88 guests, and feature live music on the first floor.",https://whatnow.com/new-york/restaurants/philanthropic-chelsea-restaurateur-opening-a-two-floor-greek-concept/,"May 15, 2026",batch_2_output,2026-05-18
Sweet Melody,"13550 SW 120th St, Miami, FL 33186",Opening,Not specified,scheduled to open,"Miami-born ice cream shop Sweet Melody is opening its fifth location in Kendall's London Square. The shop is scheduled to open in time for Miami's summer days and will offer 16 flavors by the scoop, pints, milkshakes, and sundaes.",https://whatnow.com/miami/restaurants/sweet-melody-announces-london-square-ice-cream-shop/,"May 15, 2026",batch_2_output,2026-05-18
Uniontown Baking Company,"264 W Marine Dr, Astoria, OR 97103",Opening,Oct. 1,shooting for opening date,"A new donut shop called Uniontown Baking Company is in the works for 264 W Marine Drive in Astoria. Owner Glenn Taggart is shooting for an Oct. 1 opening date and the menu will feature staples like fritters, long johns, and glazed donuts.",https://whatnow.com/portland/restaurants/anticipated-donut-shop-uniontown-baking-company-coming-to-astoria/,"May 15, 2026",batch_2_output,2026-05-18
Fellas Vinoir,"344 Corey Ave, St Pete Beach, FL 33706",Opening,Not specified,planning to open,"Fellas Vinoir, a European-style cafe and wine bar, is planning to open at 344 Corey Ave on St. Pete Beach. According to owner Konstantinos, the venue will serve breakfast by day and a wine-focused menu by night.",https://whatnow.com/tampa/restaurants/european-wine-bar-opening-on-st-pete-beach/,"May 15, 2026",batch_2_output,2026-05-18
Kareem's Lebanese Kitchen,"212 Boardwalk Pl, Gaithersburg, MD 20878",Opening,Not specified,preparing to take the next step,"Kareem's Lebanese Kitchen is preparing to open at 212 Boardwalk Place in Gaithersburg in the former Bach to Rock space. A liquor license hearing with the Montgomery County Alcohol Beverage Services Board is scheduled for Thursday, May 21.",https://whatnow.com/washington-dc/restaurants/gaithersburg-get-ready-for-authentic-lebanese-cuisine/,"May 15, 2026",batch_2_output,2026-05-18
ShoYu Restaurant & Bar,"12 Peabody Square, Peabody, MA 01960",Opening,Not specified,preparing to open,"ShoYu Restaurant & Bar is preparing to open a fourth location in downtown Peabody, taking over the former Century Bank building. The pan-Asian chain blends Chinese and Japanese staples with broader regional influences and already operates in Saugus, Andover, and Boston's Chinatown.",https://whatnow.com/boston/restaurants/shoyu-restaurant-bar-bringing-pan-asian-flavors-to-peabody-square/,"May 15, 2026",batch_2_output,2026-05-18
The Southern Chef,"1324 Red Wolf Blvd, Jonesboro, AR 72401",Opening,Not specified,coming soon,"The Southern Chef is preparing to open its sixth location at 1324 Redwolf Boulevard in Jonesboro. The 7,000-square-foot space previously housed an Advance Auto Parts and will require renovations before opening.",https://whatnow.com/memphis/restaurants/the-southern-chef-serving-up-a-fresh-jonesboro-location/,"May 15, 2026",batch_2_output,2026-05-18
Rosie's Tavern,"6695 Poplar Ave, Germantown, TN 38138",Opening,Memorial Day weekend,opening,"Andrew Ticer and Michael Hudman are opening Rosie's Tavern, a cocktail lounge and restaurant, on the second floor at 6695 Poplar Avenue over Memorial Day weekend. The menu, overseen by chef de cuisine Jaik Hunt, will include a raw bar, steaks, and a memorable burger.",https://whatnow.com/memphis/restaurants/hospitality-hit-makers-set-date-for-next-openings/,"May 15, 2026",batch_2_output,2026-05-18
Josephine Estelle,"6695 Poplar Ave, Germantown, TN 38138",Opening,Memorial Day weekend,opening,"Andrew Ticer and Michael Hudman are opening Josephine Estelle, an Italian-American restaurant, on the ground floor at 6695 Poplar Avenue over Memorial Day weekend. The restaurant will focus on pastas, which customers can watch being prepared through a window.",https://whatnow.com/memphis/restaurants/hospitality-hit-makers-set-date-for-next-openings/,"May 15, 2026",batch_2_output,2026-05-18
Pure Vida Miami,"8296 Glass Alley, Fairfax, VA 22031",Opening,May 21,scheduled to open,"Pure Vida Miami has set an opening date of May 21 for its first Virginia location at 8296 Glass Alley in the Mosaic District. The fast-casual concept focuses on healthy, fresh food including all-day breakfast, bowls, salads, sandwiches, and plates prepared without seed oils.",https://whatnow.com/washington-dc/restaurants/pure-vida-miami-sets-date-for-virginia-debut/,"May 15, 2026",batch_2_output,2026-05-18
Bonita Taqueria y Rotisserie,"4063 24th Street, Noe Valley, San Francisco, CA 94114",Opening,Late June/early July,expected to open,"A Mexican taqueria known for its signature rotisserie chicken is preparing to expand with a third location in San Francisco's Noe Valley. Owner Jawad Sweidan said the new location is expected to open in late June/early July, and the launch will coincide with new permanent menu additions and an all-day brunch menu.",https://whatnow.com/san-francisco/restaurants/bonita-taqueria-y-rotisserie-set-to-open-new-location-in-noe-valley/,"May 15, 2026",batch_3_output,2026-05-18
Benihana,"13925 City Center Dr, Chino Hills, CA 91709",Opening,Summer (this year),planning a new Chino Hills location,"Benihana is planning a new Chino Hills location this year, taking over the former RA Sushi space at The Shoppes at Chino Hills. A full renovation of the space is underway and should wrap up this summer.",https://whatnow.com/los-angeles/restaurants/benihana-will-open-this-summer-at-the-shoppes-at-chino-hills/,"May 15, 2026",batch_3_output,2026-05-18
RA Sushi,"13925 City Center Dr, Chino Hills, CA 91709",Closing,Not specified,closed,RA Sushi closed at 13925 City Center Dr. at The Shoppes at Chino Hills. The space is being taken over by Benihana.,https://whatnow.com/los-angeles/restaurants/benihana-will-open-this-summer-at-the-shoppes-at-chino-hills/,"May 15, 2026",batch_3_output,2026-05-18
Nosh New York Bagels,"The Village at Wexford, Hilton Head Island, SC 29928",Opening,Spring,preparing to debut,"Nosh New York Bagels, owned by Michael and Jen Penchansky, is preparing to debut its second location this spring at The Village at Wexford on Hilton Head Island. The 750-square-foot space will serve as a dedicated takeout location with a mobile pickup window, offering the same bagels, sandwiches and wraps as the flagship.",https://whatnow.com/charleston/restaurants/nosh-new-york-bagels-to-debut-second-location-same-vibe-same-great-bagels/,"May 15, 2026",batch_3_output,2026-05-18
Scholars American Bistro & Cocktail Lounge,"25 School St, Boston, MA 02108",Closing,"This weekend (announced May 14, 2026)",will officially close,"After 15 years at 25 School St in downtown Boston, Scholars American Bistro & Cocktail Lounge will officially close this weekend. The venue is a favorite among college students, celebrated for upscale pub food, weekend DJ nights, and karaoke Tuesdays.",https://whatnow.com/boston/restaurants/scholars-bids-farewell-after-15-years-worcester-based-off-the-rails-to-take-over-downtown-boston-space/,"May 15, 2026",batch_3_output,2026-05-18
Off The Rails,"25 School St, Boston, MA 02108",Opening,Late summer 2026,slated to take its place,"Off The Rails, a Worcester-based hotspot owned by Cliff Rucker, is slated to open its second location in late summer 2026 at the former Scholars space. The venue is known for high-energy nightlife, live music, themed events, and Nashville-inspired fare such as chicken & waffles and barbecue platters.",https://whatnow.com/boston/restaurants/scholars-bids-farewell-after-15-years-worcester-based-off-the-rails-to-take-over-downtown-boston-space/,"May 15, 2026",batch_3_output,2026-05-18
Push Pull,"7737 SW Capitol Hwy, Portland, OR 97219",Opening,Later this summer,set to take over,"Push Pull cafe is set to take over a former Starbucks at 7737 SW Capitol Highway in Multnomah, marking the company's third Portland location. Owner Christopher Hall said there is no firm opening date, but it will be later this summer.",https://whatnow.com/portland/restaurants/highly-rated-coffee-shop-push-pull-opening-new-multnomah-spot/,"May 15, 2026",batch_3_output,2026-05-18
Starbucks,"7737 SW Capitol Hwy, Portland, OR 97219",Closing,Not specified,former Starbucks,"The Starbucks at the corner of SW Capitol Highway and SW 34th Avenue is referred to as a former Starbucks, with Push Pull cafe set to take over the space. No further closure details were provided.",https://whatnow.com/portland/restaurants/highly-rated-coffee-shop-push-pull-opening-new-multnomah-spot/,"May 15, 2026",batch_3_output,2026-05-18
Stix & Savor Asian Cuisine,"3102 Piedmont Rd NE, Atlanta, GA 30305",Opening,Not specified,slated to take,"Stix & Savor Asian Cuisine is slated to take the 8,800-square-foot building at 3102 Piedmont Road in Buckhead. The restaurant will be opened by local restaurateur Javarius Gay, who is behind other local spots including Prime on Peachtree and The Boiler Atlanta.",https://whatnow.com/atlanta/restaurants/new-restaurant-slated-to-bring-asian-cuisine-to-buckhead/,"May 15, 2026",batch_3_output,2026-05-18
Sip Fresh,"Chandler Fashion Center, 3111 W Chandler Blvd #2142, Chandler, AZ",Opening,June 13,targeting a June 13 grand opening,Sip Fresh has signed a lease at Chandler Fashion Center and is targeting a June 13 grand opening. The California-based beverage brand is known for handcrafted fruit-based beverages prepared in small batches throughout the day.,https://whatnow.com/phoenix/restaurants/sip-fresh-expands-arizona-footprint-with-two-new-locations/,"May 15, 2026",batch_3_output,2026-05-18
Sip Fresh,"Tanger Outlets Phoenix, 6800 N 95th Ave #865, Glendale, AZ",Opening,Later this year,expected to debut,"Sip Fresh has signed a lease at Tanger Outlets Phoenix in Glendale, with the shop expected to debut later this year. The location adds to the company's existing Arrowhead Towne Center store in Glendale.",https://whatnow.com/phoenix/restaurants/sip-fresh-expands-arizona-footprint-with-two-new-locations/,"May 15, 2026",batch_3_output,2026-05-18
Cledis Burgers & Beer,"1211 Greenland Dr, Murfreesboro, TN 37130, USA",Opening,Not specified,preparing to open,"Cledis Burgers & Beer is preparing to open a fourth Tennessee location at 1211 Greenland Drive in Murfreesboro, taking over the former home of The Boro Bar & Grill. The fast-casual concept, owned by Shane Nasby, serves smash burgers, sandwiches, wings, and rotating taps of local and regional beers.",https://whatnow.com/nashville/restaurants/cledis-burgers-beer-expands-with-fourth-tennessee-location/,"May 15, 2026",batch_3_output,2026-05-18
The Boro Bar & Grill,"1211 Greenland Dr, Murfreesboro, TN 37130, USA",Closing,Last year,closing,The Boro Bar & Grill closed last year after operating at the site for more than 40 years. The space is being taken over by Cledis Burgers & Beer.,https://whatnow.com/nashville/restaurants/cledis-burgers-beer-expands-with-fourth-tennessee-location/,"May 15, 2026",batch_3_output,2026-05-18
Village Green Restaurant,"36 Prospect St, Ridgewood, NJ 07450, United States",Closing,June 6,set to close permanently,"The Village Green Restaurant in Ridgewood, New Jersey is set to close permanently, with its final service on June 6. The farm-to-table restaurant, located inside a historic 1896 carriage house, has been part of the community since 1989 and is known for New American cuisine and seasonal tasting menus.",https://whatnow.com/new-york/restaurants/a-long-standing-new-jersey-farm-to-table-restaurant-is-saying-goodbye/,"May 15, 2026",batch_3_output,2026-05-18
On The Grind,"13378 U.S. Hwy 87 W, La Vernia, TX 78121, USA",Opening,Not specified,potential expansion / seeking to move forward with formal approvals,"On The Grind, a drive-thru coffee concept, has taken a step toward potential expansion after a zoning-related application was received by the City of La Vernia. The proposed site is 13378 U.S. Hwy 87 W, and the filing indicates the applicant is seeking to move forward with formal approvals required for development consideration.",https://whatnow.com/san-antonio/restaurants/on-the-grind-plans-new-drive-thru-coffee-location-in-la-vernia/,"May 15, 2026",batch_3_output,2026-05-18
Fogo de Chão,"2753 E Eastland Center Dr, West Covina, CA 91791",Opening,October,coming soon / under construction,"Brazilian steakhouse Fogo de Chão will open at the Eastland Center in West Covina this year, taking over a former TGI Fridays. The location is currently under construction and should be completed in October.",https://whatnow.com/los-angeles/restaurants/fogo-de-chao-expanding-into-west-covina-this-year/,"May 15, 2026",batch_3_output,2026-05-18
TGI Fridays,"2753 E Eastland Center Dr, West Covina, CA 91791",Closing,Not specified,former TGI Fridays,"The TGI Fridays at 2753 E. Eastland Center Drive is referred to as a former location, with Fogo de Chão taking over the space. No further closure details were provided.",https://whatnow.com/los-angeles/restaurants/fogo-de-chao-expanding-into-west-covina-this-year/,"May 15, 2026",batch_3_output,2026-05-18
Sweetgreen,"1200 El Paseo de Saratoga suite 30, San Jose, CA 95129, United States",Opening,"May 19, 2026",bringing a new Saratoga + Campbell location,"Sweetgreen is opening a new Saratoga + Campbell location at 1200 El Paseo de Saratoga in West San Jose on May 19, 2026. The 2,406 sq. ft. restaurant will feature produce sourced from California farms and will open from 10 am to 10 pm daily, with preview events and complimentary meals offered May 15 and 16.",https://whatnow.com/san-francisco/restaurants/a-healthy-food-chain-is-expanding-its-bay-area-footprint-with-a-new-opening/,"May 15, 2026",batch_3_output,2026-05-18
Pita & Pie,"1900 Highland Ave #6b, Los Angeles, CA 90068",Opening,Not specified,on the way / seeking an ABC license,"Pita & Pie is seeking an ABC license at 1900 N. Highland Ave., Suite 6B in the Hollywood area. Little information is known about the concept, with Amer Nackoud listed behind the concept on the ABC permit filing.",https://whatnow.com/los-angeles/restaurants/pita-pie-files-permit-for-new-restaurant/,"May 15, 2026",batch_3_output,2026-05-18
Espadas de Brazil,"1507 Chestnut St, Bastrop, TX 78602",Opening,Late spring,expected to open,"Austin food truck Espadas de Brazil is gearing up to open a brick-and-mortar restaurant in Bastrop, expected to open in late spring at 1507 Chestnut St. The space formerly housed Stem & Stone, and the brand, helmed by Robinson Figueiredo, serves Brazilian dishes such as spicy garlic picanha and protein-centered plates.",https://whatnow.com/austin/restaurants/espadas-de-brazil-opening-brazilian-steakhouse-in-bastrop/,"May 15, 2026",batch_3_output,2026-05-18
Seaviche Tacos & Bowls,"32500 Gratiot Ave, Roseville, MI 48066",Opening,Not specified,signed a lease,"Seaviche Tacos & Bowls has signed a lease for 32500 Gratiot Avenue in Roseville, marking a third location for the Mexican seafood concept. Owner Evan Shina does not have an opening date right now, and the restaurant offers tacos, burritos, bowls, quesadillas, and family trays.",https://whatnow.com/detroit/restaurants/seaviche-tacos-and-bowls-acquires-third-location-in-roseville/,"May 15, 2026",batch_3_output,2026-05-18
KP's Kitchen and Bar (Bellaire location),"5427 Bissonnet St # 400, Houston, TX 77081, United States",Closing,May 31,closing,"KP's Kitchen and Bar is closing its Bellaire location in the Bissonnet Corner area, with its final day of operation on May 31. The restaurant is known for elevated American comfort food including double cheeseburgers, hot honey chicken sandwiches, and craft cocktails; the Spring Valley location will continue to operate.",https://whatnow.com/houston/restaurants/upscale-neighborhood-bistro-shutting-down-bellaire-outpost-spring-valley-remains-open/,"May 15, 2026",batch_3_output,2026-05-18
Jaggers,"1915 Hampton Inn Ct, Winston-Salem, NC 27103, USA",Opening,Later 2026,preparing to open,"Burger chain Jaggers is preparing to open a new location in Winston-Salem, taking over the former Twin Peaks space at 1915 Hampton Inn Court near Hanes Mall Boulevard, with plans pointing to a later 2026 opening. Operated by Texas Roadhouse, the concept centers on burgers, chicken sandwiches, salads, fries, and hand-spun milkshakes.",https://whatnow.com/charlotte/restaurants/jaggers-eyes-former-twin-peaks-space-for-winston-salem-debut/,"May 15, 2026",batch_3_output,2026-05-18
Twin Peaks,"1915 Hampton Inn Ct, Winston-Salem, NC 27103, USA",Closing,Not specified,former Twin Peaks space,"The Twin Peaks at 1915 Hampton Inn Court near Hanes Mall Boulevard is referred to as a former space, with Jaggers expected to take over. No further closure details were provided.",https://whatnow.com/charlotte/restaurants/jaggers-eyes-former-twin-peaks-space-for-winston-salem-debut/,"May 15, 2026",batch_3_output,2026-05-18
Ike's Café & Grill,"724 Cherokee St NE, Marietta, GA 30060, United States",Opening,May 8,now open / opened,"Ike's Café & Grill has opened its newest restaurant in Marietta, hosting a ribbon-cutting, open house, and community celebration on May 8. The 3,200-square-foot full-service restaurant serves breakfast, lunch, and dinner with African-inspired cuisine including smoky jollof rice, suya, egusi soup, and grilled meats.",https://whatnow.com/atlanta/restaurants/a-family-owned-african-inspired-restaurant-brand-expands-with-a-new-marietta-opening/,"May 15, 2026",batch_3_output,2026-05-18
Harvey's Deli,"27252 Katy Fwy suite 400, Katy, TX 77494",Closing,May 13 (announcement),closed,"Harvey's Deli, a family-owned sandwich shop in Katy, has closed after five years of business, sharing the closure announcement on social media on May 13. The owners cited the struggling economy and the extreme overhead of running a small business as reasons for the closure.",https://whatnow.com/houston/restaurants/katy-sandwich-shop-known-for-east-coast-style-subs-shuts-down/,"May 15, 2026",batch_3_output,2026-05-18
Esther Rum,Select locations across Columbus,Opening,Recently,recently launched,"Esther Rum, a women-owned premium spirits brand, has recently launched in select locations across Columbus. Founded by Margaret Kerr-Jarrett and Emunah Winer, the Colombian-imported rum is bottled locally at Echo Spirits in Columbus and aims to elevate rum's perception with a profile similar to reposado tequila.",https://whatnow.com/columbus/restaurants/women-owned-esther-rum-expands-across-columbus-with-bold-new-approach-to-premium-rum/,"May 15, 2026",batch_3_output,2026-05-18
Ted's Hot Dogs,"2700 E Germann Rd, Chandler, AZ 85286",Opening,"May 23, 2026",will open,"Ted's Hot Dogs will open its newest Chandler location on May 23, 2026, continuing the brand's Phoenix metro expansion. The new location features a retro-inspired design, a walk-up ice cream window, and the brand's first drive-thru, with a two-day opening celebration including giveaways and free hot dogs.",https://whatnow.com/phoenix/restaurants/a-1920s-era-restaurant-chain-is-expanding-with-a-new-phoenix-area-location/,"May 15, 2026",batch_4_output,2026-05-18
Asian Box,"100 Corte Madera Town Center, Corte Madera, CA 94925",Opening,Fall,set to open,"Vietnamese restaurant chain Asian Box is set to open at 100 Corte Madera Town Center in the Fall. The fast-casual chain offers 100% gluten free, customizable Vietnamese-inspired street food made with fresh, sustainably sourced ingredients.",https://whatnow.com/san-francisco/restaurants/asian-box-coming-to-corte-madera-this-fall/,"May 15, 2026",batch_4_output,2026-05-18
Ristobar,"2300 Chestnut St, San Francisco, CA 94123",Closing,May 25,preparing to close,"Ristobar, a longtime Italian restaurant in San Francisco's Marina District, is preparing to close on Memorial Day Monday, May 25, after 22 years. The Chestnut Street space will continue in a new direction as Eria Marina, a 5,300 sq ft indoor-outdoor events venue, through a partnership with Eria Events.",https://whatnow.com/san-francisco/restaurants/a-22-year-old-italian-restaurant-in-san-francisco-is-nearing-its-final-service/,"May 15, 2026",batch_4_output,2026-05-18
Eria Marina,"2300 Chestnut St, San Francisco, CA 94123",Opening,Not specified,will reopen as,"Ristobar's 2300 Chestnut St. space will reopen as Eria Marina, a 5,300 sq ft indoor-outdoor events venue. More details about the space and its plans will be announced soon.",https://whatnow.com/san-francisco/restaurants/a-22-year-old-italian-restaurant-in-san-francisco-is-nearing-its-final-service/,"May 15, 2026",batch_4_output,2026-05-18
Sushi Kobashi,"211 7th Ave, New York, NY 10011",Opening,Not specified,looks ready to wow guests,"Sushi Kobashi, driven by sushi chef Gang Lin, who was part of the Michelin Star-winning team at Yoshino, is opening at 211 7th Ave. in Chelsea. The eight-seat restaurant will specialize in an innovative omakase experience with prices starting at $250 per guest, infusing Chinese ingredients and a focus on premium sake.",https://whatnow.com/new-york/restaurants/michelin-pedigreed-omakase-spot-coming-to-chelsea/,"May 15, 2026",batch_4_output,2026-05-18
Hana Sushi,"211 7th Ave, New York, NY 10011",Closing,Not specified,former Hana Sushi,The new omakase restaurant Sushi Kobashi is coming to the former Hana Sushi space on Seventh Avenue. The article references Hana Sushi's former status at the location.,https://whatnow.com/new-york/restaurants/michelin-pedigreed-omakase-spot-coming-to-chelsea/,"May 15, 2026",batch_4_output,2026-05-18
Clake & Moore Kitchen and Bar,"201 8th Ave, New York, NY 10011",Opening,Not specified,An opening date has not been announced,"The team behind Grove Street Social and Grand Street Social is planning a new gastropub concept called Clake & Moore Kitchen and Bar at 201 8th Ave. in Chelsea. The first floor will have 49-person seating, while the second floor will be a private event space for 74 guests, serving elevated pub food.",https://whatnow.com/new-york/restaurants/prolific-gastropub-team-planning-another-concept-in-chelsea/,"May 15, 2026",batch_4_output,2026-05-18
Olde City Cheesesteaks & Brew,"201 8th Ave, New York, NY 10011",Closing,Not specified,former Olde City Cheesesteaks & Brew,The bar is being planned for the former Olde City Cheesesteaks & Brew space at 201 8th Ave. The article references its former status at the location.,https://whatnow.com/new-york/restaurants/prolific-gastropub-team-planning-another-concept-in-chelsea/,"May 15, 2026",batch_4_output,2026-05-18
Mack Allen's,"4400 Post Oak Park Dr, Houston, TX 77027",Opening,July 2026,Set to open,"Mack Allen's is a new fine-dining destination set to open in July 2026 as an anchor tenant at 5POP, a River Oaks–Uptown office tower. Spanning 16,000 square feet, the restaurant will feature a main dining room, three private dining spaces, and a botanical garden-inspired patio with a New American menu.",https://whatnow.com/houston/restaurants/mack-allens-to-debut-in-early-summer-as-a-new-river-oaks-area-luxury-dining-destination/,"May 15, 2026",batch_4_output,2026-05-18
Lou Malnati's Pizzeria,"805 S State St, Chicago, IL 60605",Remodel,Not specified,completed an expansion,"Lou Malnati's Pizzeria's South Loop location has completed an expansion of approximately 2,400 square feet, bringing the restaurant to nearly 8,400+ square feet. The updated space includes a new full-service bar, additional dining room seating, and a private events space that can accommodate up to 50 guests.",https://whatnow.com/chicago/restaurants/lou-malnatis-completes-south-loop-restaurant-expansion/,"May 15, 2026",batch_4_output,2026-05-18
Stäge Kitchen & Bar,"110 Campus Wy, Dunwoody, GA 30346",Opening,"May 15, 2026",opening,"Stäge Kitchen & Bar is expanding its presence in Atlanta with a new location opening in Dunwoody on May 15, 2026. The restaurant is located within Campus 244's Element Hotel by Westin and features global fusion cuisine including duck fried rice, grilled Spanish octopus, and lamb lollipops.",https://whatnow.com/atlanta/restaurants/a-high-energy-fusion-restaurant-is-taking-over-space-inside-campus-244/,"May 15, 2026",batch_4_output,2026-05-18
Churp,"3231 Edwards Mill Rd, Raleigh, NC 27612",Opening,late-summer or early-fall,targeting,"A new fast-casual concept called Churp is preparing to open at Olde Raleigh Village, targeting a late-summer or early-fall opening. Founded by Tyler Helikson (Happy + Hale), the menu is built around customizable healthy bowls with a dedicated kids menu featuring bento box-style meals.",https://whatnow.com/charlotte/restaurants/churp-to-bring-healthy-bowl-concept-to-raleigh/,"May 15, 2026",batch_4_output,2026-05-18
Lou Malnati's (Gold Coast),"1120 N State Street, Chicago, IL (zip not specified)",Closing,"June 30, 2026 (lease expiry)",closing soon,"Lou Malnati's Gold Coast location is closing when its lease expires at end of June. The team plans to open a new Gold Coast location, potentially as early as next year, and will operate an interim offsite kitchen in the neighborhood in the meantime.",https://whatnow.com/chicago/restaurants/lou-malnatis-leaving-gold-coast-pizzeria-seeking-new-neighborhood-storefront/,"May 19, 2026",batch_1_output,2026-05-20
Lou Malnati's (new Gold Coast location),"Gold Coast, Chicago, IL (Address not specified)",Opening,As early as 2027,planned for,Lou Malnati's is in lease negotiations for a new Gold Coast storefront to replace the closing location. The new restaurant could open as early as next year.,https://whatnow.com/chicago/restaurants/lou-malnatis-leaving-gold-coast-pizzeria-seeking-new-neighborhood-storefront/,"May 19, 2026",batch_1_output,2026-05-20
Wild Eggs,"775 N Hamilton Rd, Columbus, OH 43219",Opening,Not specified,opening soon,"Wild Eggs, a Louisville, Kentucky-based breakfast and brunch brand, is planning its first Columbus-area location at The Commons at Hamilton Quarter. An official opening date has not been announced; it is expected to open as part of the center's phased tenant rollout.",https://whatnow.com/columbus/restaurants/wild-eggs-to-open-first-columbus-area-location-at-hamilton-quarter/,"May 19, 2026",batch_1_output,2026-05-20
Riptide Tavern,"4388 Main St., Philadelphia, PA 19127",Opening,Not specified,set to open,"Riptide Tavern, a Jersey Shore-inspired neighborhood bar, will open at 4388 Main Street in Manayunk, steps from owner Tim Spinner's other restaurant, Taqueria Amor. The 38-seat venue will feature beach memorabilia, a jukebox, crush cocktails, and a no-cell-phone policy.",https://whatnow.com/philadelphia/restaurants/riptide-tavern-to-bring-an-endless-summer-vibe-to-manayunks-main-street/,"May 19, 2026",batch_1_output,2026-05-20
Noorjahan Indian Cuisine (Allen Park),"23017 Outer Dr W, Allen Park, MI 48101",Opening,Not specified,planned for,"A new Noorjahan Indian Cuisine location is planned for 23017 Outer Drive West in Allen Park, at the former Detroit Wing Company space, marking the chain's ninth restaurant. No opening date has been released; the location is now listed on the Michigan Business Registry.",https://whatnow.com/detroit/restaurants/new-noorjahan-indian-cuisine-planned-for-allen-park-shopping-plaza/,"May 19, 2026",batch_1_output,2026-05-20
Fat + Flour (Grand Central Market),"317 S Broadway, Los Angeles, CA 90013",Closing,"Weekend of May 19, 2026 (final weekend)",closing soon,Fat + Flour's Grand Central Market outpost in Downtown Los Angeles is closing after nearly seven years in operation. The bakery's Culver City location at 11739 W. Washington Blvd. will continue to operate.,https://whatnow.com/los-angeles/restaurants/bakery-inside-grand-central-market-announces-final-weekend-of-service/,"May 19, 2026",batch_1_output,2026-05-20
Milkshake Factory,"775 N Hamilton Rd, Columbus, OH 43219",Opening,Not specified,set to open,Pittsburgh-based Milkshake Factory is expanding to The Commons at Hamilton Quarter near New Albany and Gahanna in Columbus. An opening date has not been confirmed.,https://whatnow.com/columbus/restaurants/milkshake-factory-to-open-new-columbus-location/,"May 19, 2026",batch_1_output,2026-05-20
Mozaika Mezze (Buckhead),"3280 Peachtree Rd NE #100, Atlanta, GA 30305",Opening,Fall 2026,opening in the fall,"Mediterranean restaurant Mozaika Mezze is planning a new location at Terminus 100 in Buckhead, at the former Alma Cocina space. Signage indicates the new location will open in the fall; the existing Alpharetta location opened last August.",https://whatnow.com/atlanta/restaurants/mozaika-mezze-to-expand-to-buckhead-this-year/,"May 19, 2026",batch_1_output,2026-05-20
Carolina Smash Truck,"Charlotte, NC 28262 (mobile food truck, no fixed address)",Closing,"May 23, 2026","closing permanently on May 23, 2026","Carolina Smash Truck, a Charlotte-area grilled cheese food truck, announced it will permanently close after nine years in business. The owners shared no reason for the closure but thanked their staff and community and hinted at a new venture ahead.",https://whatnow.com/charlotte/restaurants/popular-grilled-cheese-food-truck-in-the-charlotte-area-announces-closure/,"May 19, 2026",batch_1_output,2026-05-20
Fish and Bird Sousaku Izakaya,"2451 Shattuck Ave., Berkeley, CA 94704",Closing,"June 14, 2026","last day of service is Sunday, June 14th","Fish and Bird Sousaku Izakaya, a Japanese restaurant on Shattuck Avenue in Berkeley, will close on June 14 after a 6.5-year run. The owner cited semi-retirement and a difficult operating environment as reasons for the closure.",https://whatnow.com/san-francisco/restaurants/berkeley-japanese-restaurant-to-close-after-nearly-7-years-of-service/,"May 19, 2026",batch_1_output,2026-05-20
Cocina 214,"151 E Welbourne Ave, Winter Park, FL 32789",Closing,"May 29, 2026",closing soon,"Cocina 214, a Tex-Mex restaurant in Winter Park that opened in 2011, will close on May 29 as its lease nears expiration on June 1. The building was sold in February 2026 for $5.9 million, and the team was unable to find a suitable relocation site.",https://whatnow.com/orlando/restaurants/beloved-winter-park-tex-mex-spot-closing-after-15-years-of-service/,"May 19, 2026",batch_1_output,2026-05-20
Dolly's,"58 The Esplanade, Toronto, ON M5E 1R2, Canada",Opening,Summer 2026 (late June to July),targeting a Summer 2026 opening,"Dolly's, a large country music-focused nightlife venue developed by brothers Graham and Dan Hnatiw, is set to open in Toronto at 58 The Esplanade in the former Bier Markt space. The venue is expected to accommodate roughly 700 guests indoors and up to 1,000 with the patio, featuring line dancing, live music, pizza, and batched cocktails.",https://whatnow.com/toronto/restaurants/dollys-bringing-country-music-bar-to-the-esplanade/,"May 19, 2026",batch_1_output,2026-05-20
Toastique (Johns Creek),"3005 Old Alabama Rd, Johns Creek, GA 30022",Opening,Summer 2026,opening this summer,"Washington, D.C. franchise Toastique is bringing a new location to Johns Creek, to be operated by husband-and-wife team Steve and Randi Rubin. The location will serve gourmet toast, smoothies, superfood bowls, coffee, and cold-pressed juices, operating from 7 a.m. to 5 p.m.",https://whatnow.com/atlanta/restaurants/toastique-adding-johns-creek-location-this-summer/,"May 19, 2026",batch_1_output,2026-05-20
Home Bar (by Aged & Infused),"2010 W Fulton St, Chicago, IL 60612",Opening,Mid-July 2026 (hoped for),hoping for sometime in mid-July,"Owners John Feller and Jessica Crawford, behind at-home cocktail kit business Aged & Infused, are opening a cocktail bar called Home Bar at the former Rhine Hall Distillery space on W Fulton Street. No opening date has been announced; the team is awaiting licensing approval and hoping to open around mid-July.",https://whatnow.com/chicago/restaurants/at-home-cocktail-business-owners-preparing-to-serve-drinks-on-near-west-side/,"May 19, 2026",batch_1_output,2026-05-20
Buon Riso (pop-up at Pasta Forever),"1693 Dundas St W, Toronto, ON M6K 1V2, Canada",Opening,"June 14, 2026",launching pop-up residency beginning June 14,"Chef Kaitlyn Lasagna's Roman-style supplì concept Buon Riso is launching a pop-up residency at Pasta Forever, where she currently works, beginning June 14. Pre-orders are expected to open the Monday before launch, and the business may expand into a recurring Sunday summer residency.",https://whatnow.com/toronto/restaurants/buon-riso-launching-suppli-pop-up-at-pasta-forever/,"May 19, 2026",batch_1_output,2026-05-20
Heart Attack Grill,"450 Fremont St #130, Las Vegas, NV 89101",Closing,Not specified,will not be renewing its long-term lease,"Heart Attack Grill, located inside Neonopolis Mall in Downtown Las Vegas, confirmed it will not renew its lease after nearly 15 years in operation. The team cited changes in the Las Vegas dining landscape, rising costs, and evolving dining culture as factors, while hinting at a future new chapter for the brand.",https://whatnow.com/las-vegas/restaurants/nearly-15-year-old-las-vegas-restaurant-plans-exit-from-neonopolis-mall-location/,"May 19, 2026",batch_1_output,2026-05-20
Lighthouse Kitchen and Cafe,"3109 Pacific Ave., Wildwood, NJ 08260",Opening,Not specified,coming soon,"Lighthouse Kitchen and Cafe, a 24-hour cafe inspired by owner Claudia Vazquez's Mexican roots, is opening at 3109 Pacific Ave. in Wildwood. The cafe will grind and brew its own coffee using beans from the owner's family farm in Chiapas, Mexico, and will serve all-day breakfast, brunch, and dinner.",https://whatnow.com/philadelphia/restaurants/wildwood-to-welcome-24-hour-cafe-inspired-by-mexican-roots/,"May 19, 2026",batch_1_output,2026-05-20
Serafino,"301 W Washington St, San Diego, CA 92103",Opening,Fall 2026,slated to open in Fall 2026,"Serafino, an all-day cafe and wine bar, is currently undergoing a full renovation combining two adjacent storefronts into a 3,100-square-foot space in San Diego's Mission Hills neighborhood. Co-founders David Cross and Rebeca Cross are leading the project alongside COO Michael Di Carlo and GM Amanda Sarich, with a focus on building a diverse team including individuals of all abilities.",https://whatnow.com/san-diego/restaurants/mission-hills-to-welcome-serafino-a-new-all-day-cafe-and-wine-bar/,"May 19, 2026",batch_1_output,2026-05-20
Fresh & Feta,"710 Grandview Xing Wy, Columbus, OH 43215",Opening,Early June 2026,expected to open in early June,"Fresh & Feta, a fast-casual Mediterranean concept from Habibi Grill owner Tarek Albast, is set to open inside Little Grand Market at Grandview Crossing in early June. The menu will feature customizable bowls, wraps, salads, and sides including hummus, baba ganoush, and fried cauliflower.",https://whatnow.com/columbus/restaurants/habibi-grill-owner-to-open-fresh-feta-at-little-grand-market-in-columbus/,"May 19, 2026",batch_1_output,2026-05-20
Pita Cafe (Marina del Rey),"3205 Washington Blvd, Marina Del Rey, CA 90292",Opening,Not specified,in the early stages of development,"Pita Cafe is opening a new location at 3205 Washington Blvd in Marina del Rey, confirmed by owner Ramin Nouri, with an exact opening timeline still forthcoming. The concept offers Mediterranean cuisine including kabobs, pita wraps, and bowls, and will mark the brand's fifth Los Angeles-area location.",https://whatnow.com/los-angeles/restaurants/pita-cafe-opening-location-in-marina-del-rey/,"May 19, 2026",batch_1_output,2026-05-20
Coastal Canteen,"142 Main St., Manasquan, NJ 08736",Opening,Not specified,"opening soon (""we're almost there"")","Coastal Canteen, a new concept from the Jersey Shore Restaurant Group, is preparing to open at 142 Main Street in Manasquan with a coastal-inspired menu featuring shareables, handhelds, entrees, and a raw bar. An official opening date has not been announced.",https://whatnow.com/philadelphia/restaurants/coastal-canteen-bringing-coastal-inspired-dining-steps-from-the-shore/,"May 19, 2026",batch_1_output,2026-05-20
Tigris (Hi-Fi Listening Bar),"2545 Bagley St, Detroit, MI 48216",Opening,Not specified,slated to open soon,"Tigris is a Hi-Fi listening bar and café opening soon in Southwest Detroit. The venue will feature a custom sound system, vinyl library, guest DJ sets, and a Middle Eastern-inspired cocktail menu. By day it functions as a café; by night it transforms into a cocktail space.",https://whatnow.com/detroit/restaurants/hi-fi-listening-bar-coming-to-southwest-detroit-opening-planned-soon/,"May 19, 2026",batch_2_output,2026-05-20
The Daily Nosh,"105 Vernon St, Roseville, CA 95678",Opening,"June 8, 2026",set to open on June 8,The Daily Nosh is a scratch-made breakfast and lunch restaurant opening in a historic 1957 building in Downtown Roseville. The concept is co-owned by Randy and Lisa Peters and recently received liquor license approval. The restaurant is currently hiring staff ahead of its June opening.,https://whatnow.com/sacramento/restaurants/the-daily-nosh-sets-june-opening-in-downtown-roseville/,"May 18, 2026",batch_2_output,2026-05-20
Patty & Press,"42983 Woodward Ave, Bloomfield Township, MI 48304",Opening,September or October 2026 (estimated),hoping to open around September or October,G&B Hospitality has signed a lease for a new Patty & Press smashburger location in Bloomfield Township. Co-owners Goran Dimic and Brandon Gorgies are targeting a fall opening in a former Zoup! space. The restaurant will share the building with a FedEx Office Print & Ship Center.,https://whatnow.com/detroit/restaurants/patty-and-press-owners-to-debut-new-location-in-bloomfield-township/,"May 18, 2026",batch_2_output,2026-05-20
Culture Connects 707,"707 W Howard St, Evanston, IL 60202",Opening,Not specified,does not have an estimated opening date yet,Culture Connects 707 is planning to add a coffee shop concept to its existing entertainment venue on Howard Street. The space would operate as a coffee shop by day and a comedy club by night. Owner James Simelton has applied for licensing and is awaiting approval before releasing more details.,https://whatnow.com/chicago/restaurants/culture-connects-707-owner-proposing-change-of-concept-for-cafe-space/,"May 18, 2026",batch_2_output,2026-05-20
Hanasaki Sushi,"19300 Rinaldi St, Suite G, Porter Ranch, CA 91326",Opening,November 2026 (estimated),aiming for a November opening,"Hanasaki Sushi is expanding from Santa Clarita to Porter Ranch, taking over the former Sushi Ko space. The 1,700-square-foot location will feature an L-shaped sushi bar, dim lighting, and a red, black, and gray color scheme. The space still requires a full renovation before opening.",https://whatnow.com/los-angeles/restaurants/santa-claritas-hanasaki-sushi-expanding-to-porter-ranch/,"May 18, 2026",batch_2_output,2026-05-20
SoMa Social,"121 7th St, San Francisco, CA 94103",Opening,"May 15, 2026",opened,"SoMa Social is a sports bar and restaurant that opened on May 15, 2026, in San Francisco's South of Market neighborhood. Created by Oxford Hotels & Resorts LLC, the venue offers breakfast, lunch, dinner, happy hour, sports viewing, and late-night drinks. The interior features vintage sports-inspired décor, wall-to-wall TVs, and a semi-private lounge called The Huddle Lounge.",https://whatnow.com/san-francisco/restaurants/san-franciscos-mid-market-gets-a-new-sports-inspired-dining-destination/,"May 18, 2026",batch_2_output,2026-05-20
Claude's Comedy Club & Bar,"1123 S Broad St., Philadelphia, PA 19147",Opening,Not specified,set to open,"Claude's Comedy Club & Bar is a new venue blending a diner, bar, and comedy showroom coming to South Broad Street in Philadelphia. Owner Reid Benditt describes it as a ""diner meets bar"" concept with shareable finger foods, cocktails, and an intimate showroom for stand-up comedy. No two-drink minimum is planned and ticket prices are intended to be accessible.",https://whatnow.com/philadelphia/restaurants/claudes-comedy-club-bar-coming-to-south-broad-street-diner-meets-bar-vibe/,"May 18, 2026",batch_2_output,2026-05-20
La Grullensa,"461 S Capitol Ave #15, San Jose, CA 95127",Closing,"May 25, 2026 (last day of service May 24)",closing the doors,"La Grullensa, a family-owned Mexican restaurant in East San Jose open since 1991, is closing on May 25, 2026, with its final day of service on May 24. The team cited circumstances beyond its control as the reason for closure. The restaurant shared an emotional message on Instagram thanking the community for over 35 years of support.",https://whatnow.com/san-francisco/restaurants/san-jose-landmark-mexican-restaurant-to-close-after-35-years-in-business/,"May 18, 2026",batch_2_output,2026-05-20
PopUp Bagels,"510 Vista Way, Oceanside, CA 92054",Opening,"May 22, 2026",opening,"PopUp Bagels is opening its second San Diego County location at 510 Vista Way in Oceanside, operated by local franchise partners Paul Goodman and Griffin Thall (The Bagel Boyz). The opening celebration is scheduled for May 22, 2026, from 8 a.m. to 11 a.m. The location will feature a limited-time Blackberry Jalapeño Crunch Schmear exclusive to San Diego locations.",https://whatnow.com/san-diego/restaurants/award-winning-bagel-brand-bringing-its-grip-rip-and-dip-experience-to-oceanside/,"May 18, 2026",batch_2_output,2026-05-20
Blue Collar,"6789 Biscayne Blvd, Miami, FL 33138",Closing,"May 17, 2026",permanently closed,"Blue Collar, a comfort food restaurant in Miami's MiMo district founded in 2012 by Chef Daniel Serfer, officially closed on May 17, 2026, after its final dinner service. Chef Serfer announced the closure on Instagram on May 15, expressing gratitude for years of community support. No specific reason for the closure was shared.",https://whatnow.com/miami/restaurants/decade-old-comfort-food-restaurant-in-miami-closes-after-final-service/,"May 18, 2026",batch_2_output,2026-05-20
Fiorenza Italian,"Alpharetta, GA (Address not specified)",Opening,Summer 2026 (estimated),welcoming a new concept this summer,"Fiorenza Italian is an upcoming upscale-casual Italian restaurant coming to Alpharetta, brought by Florence-raised restaurateur Jessi Qilafi. The restaurant will feature Tuscan dishes and house-made pastas including Pappardelle al Ragu and Bistecca alla Fiorentina. No specific address or opening date was provided in the article.",https://whatnow.com/atlanta/restaurants/dough-in-the-box-donuts-and-other-atlanta-restaurant-openings-we-uncovered-last-week-may-11-15/,"May 18, 2026",batch_2_output,2026-05-20
Dough In The Box Donuts,"Mitchell Street, Atlanta, GA (Address not specified)",Opening,Not specified,opening date of the new location is yet to be announced,"Dough In The Box Donuts is opening its fourth location on Mitchell Street in Atlanta as a grab-and-go express store. Owned by husband-and-wife team Jesus and Dannia Balestena, the new spot will serve coffee, donuts, croissants, and bagels. No specific address or opening date was provided in the article.",https://whatnow.com/atlanta/restaurants/dough-in-the-box-donuts-and-other-atlanta-restaurant-openings-we-uncovered-last-week-may-11-15/,"May 18, 2026",batch_2_output,2026-05-20
PITA Mediterranean Street Food,"Roswell, GA (Address not specified)",Opening,2026 (estimated),expanding to Roswell this year,"PITA Mediterranean Street Food is expanding to Roswell, Georgia, in a 1,200-square-foot space. No specific address or opening date was provided in the article. The article notes the chain is known for Mediterranean food.",https://whatnow.com/atlanta/restaurants/dough-in-the-box-donuts-and-other-atlanta-restaurant-openings-we-uncovered-last-week-may-11-15/,"May 18, 2026",batch_2_output,2026-05-20
Guzman y Gomez – Evanston,"1710 Sherman Ave, Evanston, IL 60201",Closing,"May 22, 2026",closed,"Guzman y Gomez abruptly closed all eight of its Chicagoland locations on May 22, 2026, marking the brand's exit from the U.S. market. The Australia-based fast-casual chain had operated in the Chicago area for six years. A class-action lawsuit was filed over claims the company failed to provide the required employee notice period.",https://whatnow.com/chicago/restaurants/an-australia-based-restaurant-brand-abruptly-closes-all-its-chicago-area-stores/,"May 25, 2026",batch_1_output,2026-05-26
Guzman y Gomez – Naperville,"1519 N Naper Blvd, Naperville, IL 60563",Closing,"May 22, 2026",closed,"Guzman y Gomez abruptly closed all eight of its Chicagoland locations on May 22, 2026, marking the brand's exit from the U.S. market. The Australia-based fast-casual chain had operated in the Chicago area for six years. A class-action lawsuit was filed over claims the company failed to provide the required employee notice period.",https://whatnow.com/chicago/restaurants/an-australia-based-restaurant-brand-abruptly-closes-all-its-chicago-area-stores/,"May 25, 2026",batch_1_output,2026-05-26
Guzman y Gomez – Crystal Lake,"5459 Northwest Hwy, Crystal Lake, IL 60014",Closing,"May 22, 2026",closed,"Guzman y Gomez abruptly closed all eight of its Chicagoland locations on May 22, 2026, marking the brand's exit from the U.S. market. The Australia-based fast-casual chain had operated in the Chicago area for six years. A class-action lawsuit was filed over claims the company failed to provide the required employee notice period.",https://whatnow.com/chicago/restaurants/an-australia-based-restaurant-brand-abruptly-closes-all-its-chicago-area-stores/,"May 25, 2026",batch_1_output,2026-05-26
Guzman y Gomez – Des Plaines,"2741 Mannheim Rd, Des Plaines, IL 60018",Closing,"May 22, 2026",closed,"Guzman y Gomez abruptly closed all eight of its Chicagoland locations on May 22, 2026, marking the brand's exit from the U.S. market. The Australia-based fast-casual chain had operated in the Chicago area for six years. A class-action lawsuit was filed over claims the company failed to provide the required employee notice period.",https://whatnow.com/chicago/restaurants/an-australia-based-restaurant-brand-abruptly-closes-all-its-chicago-area-stores/,"May 25, 2026",batch_1_output,2026-05-26
Guzman y Gomez – Buffalo Grove,"120 McHenry Rd, Buffalo Grove, IL 60089",Closing,"May 22, 2026",closed,"Guzman y Gomez abruptly closed all eight of its Chicagoland locations on May 22, 2026, marking the brand's exit from the U.S. market. The Australia-based fast-casual chain had operated in the Chicago area for six years. A class-action lawsuit was filed over claims the company failed to provide the required employee notice period.",https://whatnow.com/chicago/restaurants/an-australia-based-restaurant-brand-abruptly-closes-all-its-chicago-area-stores/,"May 25, 2026",batch_1_output,2026-05-26
Guzman y Gomez – Schaumburg,"795 E Golf Rd, Schaumburg, IL 60173",Closing,"May 22, 2026",closed,"Guzman y Gomez abruptly closed all eight of its Chicagoland locations on May 22, 2026, marking the brand's exit from the U.S. market. The Australia-based fast-casual chain had operated in the Chicago area for six years. A class-action lawsuit was filed over claims the company failed to provide the required employee notice period.",https://whatnow.com/chicago/restaurants/an-australia-based-restaurant-brand-abruptly-closes-all-its-chicago-area-stores/,"May 25, 2026",batch_1_output,2026-05-26
Guzman y Gomez – Deerfield,"636 Deerfield Rd, Deerfield, IL 60015",Closing,"May 22, 2026",closed,"Guzman y Gomez abruptly closed all eight of its Chicagoland locations on May 22, 2026, marking the brand's exit from the U.S. market. The Australia-based fast-casual chain had operated in the Chicago area for six years. A class-action lawsuit was filed over claims the company failed to provide the required employee notice period.",https://whatnow.com/chicago/restaurants/an-australia-based-restaurant-brand-abruptly-closes-all-its-chicago-area-stores/,"May 25, 2026",batch_1_output,2026-05-26
Guzman y Gomez – Bucktown,"1624 N Damen Ave, Chicago, IL 60647",Closing,"May 22, 2026",closed,"Guzman y Gomez abruptly closed all eight of its Chicagoland locations on May 22, 2026, marking the brand's exit from the U.S. market. The Australia-based fast-casual chain had operated in the Chicago area for six years. A class-action lawsuit was filed over claims the company failed to provide the required employee notice period.",https://whatnow.com/chicago/restaurants/an-australia-based-restaurant-brand-abruptly-closes-all-its-chicago-area-stores/,"May 25, 2026",batch_1_output,2026-05-26
The Melting Pot – Duluth,"3610 Satellite Blvd, Duluth, GA 30096",Closing,"May 31, 2026",set to close,"The Melting Pot's Duluth location is closing on May 31, 2026, after a 36-year run in the community. The owners are hosting a Final Dip Celebration Weekend from May 29–31 featuring special dining experiences and commemorative keepsakes. The chain will continue operating locations in Roswell, Kennesaw, and Midtown Atlanta.",https://whatnow.com/atlanta/restaurants/a-longstanding-fondue-restaurant-is-closing-after-36-years-in-metro-atlanta/,"May 25, 2026",batch_1_output,2026-05-26
Vilebrequin La Plage,"1685 Washington Ave, Miami Beach, FL 33139",Opening,Not specified,recently opened,"Vilebrequin La Plage, a Riviera-inspired rooftop restaurant and poolside destination, has opened atop the UNFRAMED, Autograph Collection hotel in Miami Beach. The concept is a collaboration between French swimwear brand Vilebrequin and hospitality group 34th Floor, Schulte F&B Group, and marks the brand's U.S. debut. The venue offers French-inspired coastal cuisine, a rooftop lounge, and resort-style offerings.",https://whatnow.com/tampa/restaurants/a-new-riviera-inspired-rooftop-dining-concept-opens-in-miami-beach/,"May 25, 2026",batch_1_output,2026-05-26
Uncle Fluffy,"1870 Harbor Blvd, Costa Mesa, CA 92627",Opening,"May 23, 2026",recently opened,"Uncle Fluffy opened its second Orange County location on May 23, 2026, at Triangle Square in Costa Mesa. The Japanese cheesecake and dessert cafe is known for its light, fluffy Japanese-style cheesecakes, tarts, macarons, mochi, and specialty beverages. This is the family-owned brand's latest addition to its expanding California footprint.",https://whatnow.com/orange-county/restaurants/viral-japanese-cheesecake-cafe-opens-new-orange-county-location/,"May 25, 2026",batch_1_output,2026-05-26
slice/25,"1000 Broadway, Nashville, TN 37203",Opening,"May 21, 2026",recently opened,"slice/25, a new rooftop pizza-and-wine concept, debuted on May 21, 2026, atop Grand Hyatt Nashville as part of the existing lou/na rooftop venue. The restaurant offers artisanal pizzas alongside curated wine pairings with panoramic skyline views from the 25th floor. The space operates during lou/na's regular hours on a walk-in basis only.",https://whatnow.com/nashville/restaurants/a-new-rooftop-concept-is-bringing-artisan-pizza-to-downtown-nashville/,"May 25, 2026",batch_1_output,2026-05-26
Toastique – Johns Creek,Address not specified,Opening,Summer 2026,opening this summer,"A new Toastique location is set to open in Johns Creek this summer, operated by husband-and-wife team Steve and Randi Rubin. The cafe will offer gourmet toast, juice, coffee, smoothies, superfood bowls, and cold-pressed juices. The location is positioned near schools, fitness studios, and other health-focused businesses.",https://whatnow.com/atlanta/restaurants/toastique-and-other-expanding-restaurants-in-metro-atlanta-revealed-last-week-may-18-22/,"May 25, 2026",batch_1_output,2026-05-26
Mozaika Mezze – Buckhead,Address not specified,Opening,Fall 2026,slated to open this fall,"Local restaurateur Okan Ozyurteri is bringing Mozaika Mezze, a Mediterranean dining concept featuring Turkish, Greek, and Lebanese flavors, to Buckhead this fall. The menu will include small-plate mezze and wood-grilled skewers. No specific address was mentioned in the article.",https://whatnow.com/atlanta/restaurants/toastique-and-other-expanding-restaurants-in-metro-atlanta-revealed-last-week-may-18-22/,"May 25, 2026",batch_1_output,2026-05-26
Bizarre Coffee Company – Downtown Acworth,Address not specified,Opening,Not specified,under construction,"Bizarre Coffee Company is opening its fourth location in Downtown Acworth, which is currently under construction. The brand is known for specialty coffee and a community-driven, eclectic atmosphere. No opening date or specific address was provided in the article.",https://whatnow.com/atlanta/restaurants/toastique-and-other-expanding-restaurants-in-metro-atlanta-revealed-last-week-may-18-22/,"May 25, 2026",batch_1_output,2026-05-26
Phia,"304 Carroll St NW, Washington, DC 20012",Opening,August 2026,planned for late summer,"Phia, a new Appalachian cuisine concept helmed by Chef Brad Feickert, is planned to open in August 2026 at 304 Carroll Street NW in Takoma, DC, in the space formerly occupied by La Mano Coffee Bar. The restaurant will offer ""Appalachian grassroots cuisine"" with a beverage program highlighting Appalachian-sourced ingredients overseen by Dylan Greer.",https://whatnow.com/washington-dc/restaurants/phia-bringing-authentic-taste-of-appalachia-to-dc/,"May 24, 2026",batch_1_output,2026-05-26
Buc-ee's – Stafford County,"Between I-95 and Austin Ridge Road, Stafford County, VA (zip not specified)",Opening,Not specified,received approval,"Buc-ee's has received approval from the Stafford County Board of Supervisors to open a 74,000-square-foot travel center location between I-95 and Austin Ridge Road in Stafford County, Virginia. The location will feature 120 fuel pumps and over 800 parking spaces, though no opening timeline has been announced. The concept's application had been under review for over two years.",https://whatnow.com/washington-dc/restaurants/texas-juggernaut-receives-approval-for-virginia-location/,"May 24, 2026",batch_1_output,2026-05-26
Honeygrow – Gainesville,"5063 Wellington Road, Gainesville, VA (zip not specified)",Opening,Not specified,coming soon,"Honeygrow is preparing to open a new location at 5063 Wellington Road in Gainesville, Virginia, with no firm opening date yet announced. The fast-casual chain, founded in Philadelphia in 2012, is known for customizable stir-fries and healthier menu options. The company website lists the location as ""coming soon.""",https://whatnow.com/washington-dc/restaurants/honeygrow-readies-for-gainesville-opening/,"May 24, 2026",batch_1_output,2026-05-26
King Bee,"202 W First St, Boston, MA 02127",Opening,Not specified,approved,"The Boston Licensing Board approved plans on May 7 for King Bee, a new restaurant and live entertainment venue to be built in three former industrial buildings at 202 West First Street in South Boston. The project from Beehive owner Jack Bardy will include a restaurant, cocktail bars, and live entertainment spaces. No opening timeline has been confirmed as many design and programming details are still evolving.",https://whatnow.com/boston/restaurants/beehive-owner-plans-king-bee-a-new-restaurant-and-live-music-venue-in-south-boston/,"May 22, 2026",batch_1_output,2026-05-26
The Reserve Key West,"510 Southard St, Key West, FL 33040",Opening,2026,coming in 2026,"The Reserve Key West is a planned culinary collective to be housed in a converted bank building at 510 Southard Street in Key West's Old Town neighborhood. The venue will feature multiple restaurant concepts, a rotating bar, and a hidden speakeasy called The Vault inside the original bank vault. No specific opening date has been announced beyond ""coming in 2026.""",https://whatnow.com/miami/restaurants/the-reserve-key-west-to-open-with-several-different-concepts-under-one-roof/,"May 22, 2026",batch_1_output,2026-05-26
Almacen El Gallo,"500 W 7th St, Suite 175, Fort Worth, TX 76102",Opening,Mid-to-late June 2026,set to open mid-to-late June,"Almacen El Gallo, an elevated yet affordable Mexican cuisine concept from Burciaga Hospitality Group, aims to open in mid-to-late June 2026 inside First on 7th, the former First National Bank of Fort Worth. The menu, created by chef Rodrigo Rivera Río, is inspired by memory and tradition and will feature grilled meats, barbacoa, moles, adobos, stews, and broths. If successful, expansion into Dallas, Frisco, or Houston markets is under consideration.",https://whatnow.com/dallas/restaurants/almacen-el-gallo-marks-fort-worth-as-first-stop/,"May 22, 2026",batch_1_output,2026-05-26
Loaded Cafe,"12241 Imperial Hwy., Norwalk, CA 90650",Opening,Not specified,opening soon,"Loaded Cafe is gearing up to open its 10th location in Civic Center Plaza in Norwalk, alongside sister concept My Panecito. The Southern California chain launched in Long Beach in 2012 and is known for combining classic American dishes with Mexican flavors. An exact opening timeline has not been confirmed.",https://whatnow.com/los-angeles/restaurants/loaded-cafe-my-panecito-opening-soon-in-norwalk/,"May 22, 2026",batch_1_output,2026-05-26
My Panecito,"12241 Imperial Hwy., Norwalk, CA 90650",Opening,Not specified,opening soon,"My Panecito, a panadería known for pastries such as conchas, is set to open its fifth location at Civic Center Plaza in Norwalk alongside sister concept Loaded Cafe. No exact opening date has been confirmed. The brand currently has locations in Gardena, Orange, Placentia, and Bell.",https://whatnow.com/los-angeles/restaurants/loaded-cafe-my-panecito-opening-soon-in-norwalk/,"May 22, 2026",batch_1_output,2026-05-26
Orijin Bakery,"617 E Liberty St, Ann Arbor, MI 48104",Opening,Early August 2026,planned for early August,"Orijin Bakery, a new concept from Sava Farah and executive pastry chef Jin Capobianco Gorian of The Pulpo Group, is planned to open in early August at 617 E Liberty Street in downtown Ann Arbor. The bakery will serve pastries from The Boro alongside new savory breads, with the drinks program still unconfirmed. An official opening date has not yet been announced.",https://whatnow.com/detroit/restaurants/orijin-bakery-from-the-dixboro-project-owner-coming-to-downtown-ann-arbor/,"May 22, 2026",batch_1_output,2026-05-26
"Good God, Nadine's","33 Waugh Dr, Houston, TX 77007",Closing,"May 31, 2026",closing soon,"Good God, Nadine's announced on May 21, 2026, that it will serve its final meal on May 31, 2026, following the sale of the property it occupies. The cocktail bar and Gulf Coast-inspired restaurant completed approximately one year in operation before the closure. The team cited the building sale as the reason for closing.",https://whatnow.com/houston/restaurants/houston-restaurant-and-cocktail-bar-to-close-after-short-run/,"May 22, 2026",batch_1_output,2026-05-26
Pinnacle Brewing – Mesa,"104 W Main St, Mesa, AZ 85201",Opening,2027,plans to open in 2027,"Pinnacle Brewing is planning to open a second Valley location in Downtown Mesa at 104 W. Main St., targeting a 2027 opening. The family-owned brewery, which first debuted in Scottsdale in 2024, will occupy a space previously home to The Boutique. A food program for the new taproom and kitchen has yet to be announced.",https://whatnow.com/phoenix/restaurants/pinnacle-brewing-plans-second-valley-location-in-downtown-mesa/,"May 22, 2026",batch_1_output,2026-05-26
Orange Leaf Yogurt,"9324 Clifford St, Suite 102, Fort Worth, TX 76108",Opening,Mid-August 2026,set to open in mid-August,"Orange Leaf Yogurt will open a new location at Clifford Crossings in Fort Worth, with renovations expected to begin in June 2026 and a target opening of mid-August. The 1,279-square-foot store will offer frozen yogurt, shakes, and crepes, and will be the 17th Orange Leaf location in Texas and the fourth in Fort Worth. A new ice cream sandwich product is also planned to debut at the location.",https://whatnow.com/dallas/restaurants/orange-leaf-yogurt-to-open-in-fort-worth/,"May 22, 2026",batch_1_output,2026-05-26
Gold Palm (restaurant),"1900 Telegraph Ave, Oakland, CA 94612",Closing,"May 27, 2026",set to close,"Gold Palm, a restaurant and cocktail bar located at 1900 Telegraph Avenue in Oakland, will serve its last dinner on May 27, 2026, due to ongoing financial challenges. The restaurant, which opened in 2024, cited unsustainable economics as the reason for closure, noting the business performed well but not well enough to continue. The adjoining cocktail bar, Moonglow, will remain open and continue operating.",https://whatnow.com/san-francisco/restaurants/vibrant-oakland-cocktail-bar-and-restaurant-prepares-for-farewell/,"May 22, 2026",batch_1_output,2026-05-26
Crust Simply Italian – Mesa,Address not specified,Opening,Not specified,moving forward,"Crust Simply Italian's planned Mesa location at The Grid development in Downtown Mesa had faced construction delays but is now moving forward again. No official opening date or address has been announced. The brand currently operates locations in Scottsdale, Chandler, Gilbert, and Peoria.",https://whatnow.com/phoenix/restaurants/crust-simply-italian-eyes-additional-valley-expansion/,"May 22, 2026",batch_1_output,2026-05-26
Crust Simply Italian – Avondale,Address not specified,Opening,Not specified,under consideration,Avondale is among the Valley communities now under consideration for a future Crust Simply Italian location. No official timeline or address has been announced. The Arizona-based Italian restaurant brand is continuing to evaluate expansion opportunities across the Valley.,https://whatnow.com/phoenix/restaurants/crust-simply-italian-eyes-additional-valley-expansion/,"May 22, 2026",batch_1_output,2026-05-26
Crust Simply Italian – Surprise,Address not specified,Opening,Not specified,under consideration,Surprise is among the Valley communities now under consideration for a future Crust Simply Italian location. No official timeline or address has been announced. The Arizona-based Italian restaurant brand is continuing to evaluate expansion opportunities across the Valley.,https://whatnow.com/phoenix/restaurants/crust-simply-italian-eyes-additional-valley-expansion/,"May 22, 2026",batch_1_output,2026-05-26
L&L Hawaiian Barbecue – Carlsbad,"7610 Via Campanile, Ste. 142, Carlsbad, CA 92009",Opening,"May 11, 2026",recently opened,"L&L Hawaiian Barbecue opened a new location on May 11, 2026, at La Costa Town Square in Carlsbad, marking the brand's 100th location in California. The location is owned by franchisee Chloe Tran and serves Hawaiian plate lunches including BBQ Mix, Chicken Katsu, Kalua Pork, Loco Moco, and Garlic Shrimp. The restaurant offers dine-in, takeout, mobile-app ordering, third-party delivery, and catering services.",https://whatnow.com/san-diego/restaurants/a-beloved-hawaiian-food-chain-just-opened-its-100th-california-location/,"May 22, 2026",batch_1_output,2026-05-26
Palm Berries (JW Clay Blvd),"9325 JW Clay Blvd, Suite 211, Charlotte, NC 28262",Opening,Mid-summer 2026,targeting a mid-summer debut,"A new Palm Berries location is preparing to open near Charlotte's university area, marking the franchise owner's third location. The health-focused concept offers acai bowls, smoothies, and fresh-cut fruit, with an emphasis on speed and hospitality. Further opening details are expected to be announced closer to launch.",https://whatnow.com/charlotte/restaurants/palm-berries-plans-new-university-area-location/,"May 22, 2026",batch_2_output,2026-05-26
Bait Shop,"606 Broadway E., Seattle, WA (zip not specified)",Closing,Not specified,looking for a new home,"Bait Shop, a Capitol Hill bar operating at its Broadway address since 2012, is being forced to relocate due to planned demolition and redevelopment of its building. No new address or timeline has been finalized, though co-owners hope to remain on Capitol Hill. The lack of a firm landlord timeline has made planning difficult.",https://whatnow.com/seattle/restaurants/bait-shop-looking-to-new-location-as-broadway-timeline-remains-unclear/,"May 22, 2026",batch_2_output,2026-05-26
Palm Berries (Quail Corners),"8428 Park Road, Charlotte, NC 28210",Opening,Mid-June 2026,currently targeting a mid-June opening,"Franchisees Jeff and Becky Montie, along with Robbin and Jimmy McCullen, are expanding Palm Berries across North Carolina. The first confirmed location at Quail Corners in south Charlotte is targeting a mid-June opening.",https://whatnow.com/charlotte/restaurants/palm-berries-adds-multiple-north-carolina-locations-under-new-franchise-group/,"May 22, 2026",batch_2_output,2026-05-26
Palm Berries (Ballantyne),"16631 Lancaster Highway, Ballantyne, Charlotte, NC (zip not specified)",Opening,Late summer 2026,hope to open this unit by late summer,"Part of the same multi-location franchise expansion by the Montie and McCullen families, the Ballantyne location is the second planned opening. The group is targeting late summer for this unit.",https://whatnow.com/charlotte/restaurants/palm-berries-adds-multiple-north-carolina-locations-under-new-franchise-group/,"May 22, 2026",batch_2_output,2026-05-26
Palm Berries (Winston-Salem),"Winston-Salem, NC (Address not specified)",Opening,Not specified,nearing a signed lease agreement,"A third Palm Berries location is in the works for Winston-Salem, with the team nearing a signed lease agreement. No address or opening date has been confirmed.",https://whatnow.com/charlotte/restaurants/palm-berries-adds-multiple-north-carolina-locations-under-new-franchise-group/,"May 22, 2026",batch_2_output,2026-05-26
Bar Pisellino (Flatiron),"175 5th Ave, New York, NY 10010",Opening,2027,expected to open in 2027,"James Beard Award winners Jody Williams and Rita Sodi are opening a second location of their Bar Pisellino café inside the Flatiron Building. Construction is set to begin in summer 2026, with the restaurant expected to open in 2027. The all-day concept will offer light fare, a full coffee program, and a full bar.",https://whatnow.com/new-york/restaurants/james-beard-award-winning-duo-opening-italian-cafe-concept-in-the-flatiron-building/,"May 22, 2026",batch_2_output,2026-05-26
Wagyu House,"3111 W Chandler Blvd, Chandler, AZ 85226",Opening,2027 (exact date not announced),planned for,"Wagyu House is planning its first Arizona location at Chandler Fashion Center, occupying the former Kona Grill space. The all-you-can-eat yakiniku concept specializes in premium Wagyu beef and is operated by Chubby Group. An exact opening date has not been announced but a 2027 debut is expected.",https://whatnow.com/phoenix/restaurants/wagyu-house-plans-first-arizona-location-at-chandler-fashion-center/,"May 22, 2026",batch_3_output,2026-05-26
Tropical Smoothie Cafe,"20409 State Hwy 46 W, Suite 108, Bulverde, TX 78163",Opening,"Completion anticipated September 1, 2026",set to open,"A new Tropical Smoothie Cafe franchise is planned for Spring Branch in Comal County, with construction expected to begin May 15, 2026. The 1,382-square-foot space will undergo a first-time tenant improvement buildout estimated at $175,000. Franchise owner Farhan Hyder confirmed the upcoming location to WhatNow San Antonio.",https://whatnow.com/san-antonio/restaurants/tropical-smoothie-cafe-to-open-new-spring-branch-location/,"May 22, 2026",batch_3_output,2026-05-26
Carbonara,"14081 Promenade Commons St, Gainesville, VA 20155",Opening,July 2026,opening soon,"Carbonara, an Italian restaurant with an existing Arlington location, is opening its second location in Gainesville in the former Bar Louie space. Chef Mike Cordero anticipates the restaurant will be customer-ready in July and will accommodate around 250 guests. The Gainesville location will be significantly larger than its Arlington counterpart.",https://whatnow.com/washington-dc/restaurants/carbonara-to-serve-up-italian-classics-in-gainesville/,"May 22, 2026",batch_3_output,2026-05-26
Pinecrest Bakery,"15519 NW 67th Ave, Miami Lakes, FL 33014",Opening,Not specified,coming soon,"Miami-born Cuban bakery and cafe Pinecrest Bakery is planning a Miami Lakes location, listed as ""coming soon"" on its website. The brand operates more than 30 locations throughout South Florida, with most open 24 hours a day. No opening date has been announced.",https://whatnow.com/miami/restaurants/pinecrest-bakery-opening-in-miami-lakes/,"May 22, 2026",batch_3_output,2026-05-26
Palm Berries (Asheville),"33 Town Square Blvd., Suite 130, Asheville, NC (zip not specified)",Opening,"May 30, 2026",expected to open May 30,"Palm Berries is preparing to open a new corporate-owned location in Asheville, with co-founder Chandler Gottlieb stating the restaurant is expected to open May 30. The fruit-forward bowls and smoothies brand is expanding across North Carolina. The Asheville opening is one of two upcoming corporate locations alongside a South Charlotte restaurant.",https://whatnow.com/charlotte/restaurants/palm-berries-eyes-broader-north-carolina-expansion-following-upcoming-charlotte-openings/,"May 22, 2026",batch_3_output,2026-05-26
Palm Berries (South Charlotte),"7808 Rea Rd., Suite E, Charlotte, NC (zip not specified)",Opening,"June 6, 2026 (targeted)",currently targeting a June 6 debut,"Palm Berries is also planning a second new corporate-owned location on Rea Road in South Charlotte, targeting a June 6 opening. Co-founder Chandler Gottlieb said the two openings could set the stage for additional growth throughout North Carolina. The company has focused on operational efficiency and supply chain logistics to support its expansion.",https://whatnow.com/charlotte/restaurants/palm-berries-eyes-broader-north-carolina-expansion-following-upcoming-charlotte-openings/,"May 22, 2026",batch_3_output,2026-05-26
Bikini Q BBQ,"3220 W. Bell Rd, Phoenix, AZ (zip not specified) — current food truck location; permanent location not yet identified",Opening,Early 2027 (targeted),targeting an early 2027 opening,"Bikini Q BBQ, currently operating as a food truck in Phoenix, is targeting an early 2027 opening for its first brick-and-mortar restaurant. Founder Veronica Hansen told WhatNow Phoenix the long-term vision is for the concept to remain drive-thru focused. No permanent location has been identified yet.",https://whatnow.com/phoenix/restaurants/bikini-q-bbq-targets-early-2027-for-first-brick-and-mortar/,"May 22, 2026",batch_3_output,2026-05-26
Bollywood Masala,"3804 Crain Hwy, St Charles, MD 20602",Opening,First week of June 2026,hoping to be open within the first week of June,Bollywood Masala is relocating from its 10-year home at 120 Rosewick Road in La Plata to a new storefront at 3804 Crain Highway in Waldorf. Owners Rajat and Punita Malhotra are continuing operations during the move and plan to expand their menu with new specials and cocktails. Rajat stated inspections are nearly complete and an opening is expected within the first week of June.,https://whatnow.com/washington-dc/restaurants/bollywood-masala-headed-to-waldorf/,"May 22, 2026",batch_3_output,2026-05-26
Pilar Coffee Bar,"3300 N University Dr, Coral Springs, FL 33065",Opening,Not announced,opening date has not been announced,Pilar Coffee Bar has filed permit applications to open a location at 3300 University Drive in Coral Springs. The boutique coffee shop and bistro announced plans to open 11 new franchised locations by end of 2027. No opening date for the Coral Springs location has been announced.,https://whatnow.com/miami/restaurants/pilar-coffee-bar-opening-in-coral-springs-with-more-locations-to-come/,"May 22, 2026",batch_3_output,2026-05-26
Seven,"545 Washington St, Boston, MA 02111",Opening,Not specified,planned for,The Boston Licensing Board approved plans for restaurateurs Steve Bisson and Jack Sullivan to transform the current French Quarter space at 545 Washington St into a new Garden of Eden-inspired restaurant and cocktail bar called Seven. The 90-seat venue will feature a cocktail program centered around the seven deadly sins and an immersive biblical-themed atmosphere. A timeline for the transition has not yet been announced.,https://whatnow.com/boston/restaurants/garden-of-eden-inspired-restaurant-and-cocktail-bar-planned-for-bostons-downtown-crossing/,"May 22, 2026",batch_3_output,2026-05-26
Sassy Mac Boys,"7200 Harrison Ave (CherryVale Mall), Rockford, IL 61112",Opening,"June 20, 2026 (targeted)",hoping to introduce his second restaurant on June 20,"Sassy Mac Boys, a mac and cheese concept that started as a food truck in 2023, is working on a second location at CherryVale Mall in Rockford following its first brick-and-mortar debut in Machesney Park. Owner Donald Czyzyk is targeting a June 20 opening and plans to expand via a franchise model throughout Illinois. No lease deals for additional locations have been signed yet.",https://whatnow.com/chicago/restaurants/sassy-mac-boys-to-serve-mac-and-cheese-bowls-at-rockford-mall/,"May 22, 2026",batch_3_output,2026-05-26
Walk-On's Sports Bistreaux,"2809 E Highland Dr, Jonesboro, AR 72401",Opening,Early August 2026,on track to begin greeting guests in early August,"Walk-On's Sports Bistreaux is under construction at 2809 E. Highland Drive in Jonesboro, the former site of Ryan's Buffet. Franchisee Chris McJunkins says the 6,500-square-foot building represents a newer prototype with an open floor plan and semi-enclosed patio. The restaurant is set to open before summer's end, with early August as the target.",https://whatnow.com/memphis/restaurants/walk-ons-sports-bistreaux-nearing-jonesboro-opening/,"May 22, 2026",batch_3_output,2026-05-26
Urban Tea Party,"75 John Wesley Dobbs Ave NE, Suite 100, Atlanta, GA 30303",Opening,Summer 2026,planned to open this summer,"Urban Tea Party, a local loose leaf tea brand helmed by Sherolyn Sellers, is heading to Studio House Atlanta as part of a group of local pop-ups planned prior to the World Cup. The duration of the pop-up is unclear, though longer residencies appear possible. What Now Atlanta reached out for additional details but had not received a response prior to publication.",https://whatnow.com/atlanta/restaurants/urban-tea-party-joining-studio-house-atlanta-this-summer/,"May 22, 2026",batch_3_output,2026-05-26
Bayt Al Mocha,"6306 Garfield Ave, Unit 250, Sacramento, CA 95841",Opening,Late summer 2026,expected to open in late summer,"Bayt Al Mocha, a Michigan-based Yemeni coffee franchise, is opening its first California location inside the Greenback Corners shopping center in Sacramento. Operator Rayna Al-Shaybani confirmed the roughly 1,500-square-foot café, which will include a patio, to What Now Sacramento. The brand already operates locations across several states including Michigan, Virginia, Georgia, and New York.",https://whatnow.com/sacramento/restaurants/bayt-al-mocha-bringing-yemeni-coffee-concept-to-sacramento/,"May 22, 2026",batch_3_output,2026-05-26
Elio California,"45 Auto Center Dr, Foothill Ranch, CA 92610",Opening,Not specified,may be preparing to open,"Elio California, a specialty coffee brand, may be preparing to open a coffee shop at 45 Auto Center Drive in Foothill Ranch, based on a plan review filed with the Orange County Health Care Agency. No specific opening timeline has been disclosed. The brand specializes in single-origin coffees, handcrafted beverages, and also offers chai drinks and a subscription service.",https://whatnow.com/orange-county/restaurants/elio-california-to-open-coffee-shop-in-foothill-ranch/,"May 22, 2026",batch_3_output,2026-05-26
Dave's Hot Chicken,"357 Sam Ridley Pkwy W, Smyrna, TN 37167",Opening,Not specified,expected to open; further details not yet announced,"Dave's Hot Chicken is planning a new restaurant in Smyrna, Tennessee, led by franchisees Jason and John Hotchkiss as part of a broader Middle Tennessee expansion. Additional locations are reportedly planned for Murfreesboro and Mount Juliet. No projected debut timeline for the Smyrna location has been announced.",https://whatnow.com/nashville/restaurants/daves-hot-chicken-fires-up-nashville-expansion/,"May 22, 2026",batch_3_output,2026-05-26
Firehouse Subs,"1375 S Main St, Boerne, TX 78006",Opening,Summer 2026,expected to open in summer 2026,Firehouse Subs announced a multi-unit franchise agreement with local entrepreneur William Ellis to open new locations across San Antonio. The first location under the new agreement is expected to open in summer 2026 at 1375 S Main St in Boerne. The deal is part of a broader plan contributing to more than 130 Firehouse Subs restaurants across Texas.,https://whatnow.com/san-antonio/restaurants/firehouse-subs-expanding-across-san-antonio-with-new-multi-unit-franchise-deal/,"May 22, 2026",batch_3_output,2026-05-26
Massilia,"2820 Main St, Santa Monica, CA 90405",Opening,Fall 2026,expecting to open in the fall,"Marseille-inspired restaurant Massilia is opening a new Santa Monica location at 2820-2826 Main St., with owner Emmanuel Dossetti confirming the team expects to open in the fall. The restaurant formerly had a Santa Monica location on Fourth Street that shuttered at the end of 2025. The all-day restaurant draws on French, Spanish, Italian, and North African cuisine.",https://whatnow.com/los-angeles/restaurants/dtla-restaurant-massilia-returning-to-santa-monica/,"May 22, 2026",batch_3_output,2026-05-26
The Scoop N Scootery,"2414 Devine St., Columbia, SC 29205",Opening,August 2026 (targeted),targeting an August opening,"The Scoop N Scootery, an ice cream concept known for extravagant sundaes, is set to make its South Carolina debut at 2414 Devine St. in Columbia this summer. Franchise owner Emmett Morrison is targeting an August opening and plans to offer both indoor and outdoor seating, differentiating it from the brand's typical takeout/delivery model. The brand was founded in Massachusetts in 2014 and has grown to eight locations.",https://whatnow.com/charleston/restaurants/the-scoop-n-scootery-to-debut-in-columbia-proud-to-be-the-first/,"May 22, 2026",batch_3_output,2026-05-26
Puff Coffee,"3356 SE Belmont St, Portland, OR 97214",Opening,July 2026,expected to open in July,"Puff Coffee is preparing to open its second Portland location in July at 3356 S.E. Belmont St., a space historically associated with Stumptown Coffee Roasters. The café was founded by Duane Sorenson, who originally founded Stumptown Coffee Roasters, and launched Puff Coffee's first cafe in 2022 at 2816 S.E. Stark Street. Additional details about the new cafe's menu and design have not yet been announced.",https://whatnow.com/portland/restaurants/former-stumptown-location-to-reopen-as-puff-coffee/,"May 22, 2026",batch_3_output,2026-05-26
Texas de Brazil,"14644 Orchard Pkwy, Suite 1200, Westminster, CO 80023",Opening,Later this summer 2026,preparing to open later this year,"Texas de Brazil is opening a location at The Orchard Town Center in Westminster, Colorado, as part of a wave of new food and beverage concepts arriving at the outdoor lifestyle mall later this summer. The family-owned Brazilian steakhouse, founded in 1998, operates over 55 restaurants in 23 states. No specific opening date has been announced.",https://whatnow.com/denver/restaurants/texas-de-brazil-is-coming-to-orchard-town-center-westminster/,"May 22, 2026",batch_3_output,2026-05-26
