date,title,address,url,Date_Appended
2026-08-29,Bake n’ Soda Bringing Sodas and Treats to Springfield Storefront,"901 S Main St, Springfield, TN 37172",https://whatnow.com/nashville/restaurants/bake-n-soda-bringing-sodas-and-treats-to-springfield-storefront/,2026-08-29
2026-08-29,Love Notes Coffee & Wine Coming to West Adams,"4770 W Adams Blvd, Los Angeles, CA 90016",https://whatnow.com/los-angeles/restaurants/love-notes-coffee-wine-coming-to-west-adams/,2026-08-29
2026-08-29,Magnaye Coffee & Goods Coming to Normal Heights,"4456 30th St, San Diego, CA 92116",https://whatnow.com/san-diego/restaurants/magnaye-coffee-goods-coming-to-normal-heights/,2026-08-29
2026-08-29,Solace Brewing Heads to Ballston,"4201 Wilson Blvd, Arlington, VA 22203",https://whatnow.com/washington-dc/restaurants/solace-brewing-heads-to-ballston/,2026-08-29
2026-08-29,Forest Hill Dining Scene About to get Lucky AF,"4701 Forest Hill Ave c1, Richmond, VA 23225",https://whatnow.com/washington-dc/restaurants/forest-hill-dining-scene-about-to-get-lucky-af/,2026-08-29
2026-08-28,A Popular Chicken Chain Opens a New Location in Brooklyn With 80 Jobs,"1569 Flatbush Ave #1573, Brooklyn, NY 11210",https://whatnow.com/new-york/restaurants/a-popular-chicken-chain-opens-a-new-location-in-brooklyn-with-80-jobs/,2026-08-29
2026-08-28,"After 30 Years, a Taylor Community Diner Is Closing Its Doors","8787 Telegraph Rd, Taylor, MI 48180",https://whatnow.com/detroit/restaurants/after-30-years-a-taylor-community-diner-is-closing-its-doors/,2026-08-29
2026-08-28,Dave's Hot Chicken Sets Sights on Killeen,"2801 Central Expy, Melissa, TX 75454, USA",https://whatnow.com/austin/restaurants/daves-hot-chicken-sets-sights-on-killeen/,2026-08-29
2026-08-28,Habit Burger & Grill Planning New Fort Lauderdale Restaurant,"6500 NW 12th Ave, Fort Lauderdale, FL 33309",https://whatnow.com/miami/restaurants/habit-burger-grill-planning-new-fort-lauderdale-restaurant/,2026-08-29
2026-08-28,First-Ever Kyuramen Express to Open in New York City's Financial District | What Now New York,"40 Gold St, New York, NY 10038",https://whatnow.com/new-york/restaurants/first-ever-kyuramen-express-to-open-in-new-york-citys-financial-district/,2026-08-29
2026-08-28,A Southern Fine Dining Gem Inside The Jay Hotel Is Closing Next Month,"433 Clay St, San Francisco, CA 94111, United States",https://whatnow.com/san-francisco/restaurants/a-southern-fine-dining-gem-inside-the-jay-hotel-is-closing-next-month/,2026-08-29
2026-08-28,Taco Street Expanding With New Seattle Location,"5602 1st Ave S, Seattle, WA 98108",https://whatnow.com/seattle/restaurants/taco-street-expanding-with-new-seattle-location/,2026-08-29
2026-08-28,4 New York Restaurants Closed Their Doors Permanently in August 2026,,https://whatnow.com/new-york/restaurants/4-new-york-restaurants-closed-their-doors-permanently-in-august-2026/,2026-08-29
2026-08-28,Army Ant’s Cheeseburgers Planning Old-School Burger Joint in Avondale,,https://whatnow.com/phoenix/restaurants/army-ants-cheeseburgers-planning-old-school-burger-joint-in-avondale/,2026-08-29
2026-08-28,Little Rosa’s Pizza Joining Hickory Flat Marketplace | What Now Atlanta,"6375 Hickory Flat Hwy, Canton, GA 30115",https://whatnow.com/atlanta/restaurants/little-rosas-pizza-joining-hickory-flat-marketplace/,2026-08-29
2026-08-28,Suki Desu Expanding With Hell’s Kitchen Location,"709 9th Ave., New York, NY 10019",https://whatnow.com/new-york/restaurants/suki-desu-expanding-with-hells-kitchen-location/,2026-08-29
2026-08-28,Caragiulo’s Italian American Restaurant Plans Reopening in New Home,"1833 Ringling Blvd, Sarasota, FL 34236",https://whatnow.com/tampa/restaurants/caragiulos-italian-american-restaurant-plans-reopening-in-new-home/,2026-08-29
2026-08-28,Crumbl Cookies Planning First St. Johns County Store,"305 State Rte 312, St. Augustine, FL 32086",https://whatnow.com/jacksonville/restaurants/crumbl-cookies-planning-first-st-johns-county-store/,2026-08-29
2026-08-28,Bahama Buck's to Open First Anna Location,"1004 W Rosamond Pkwy, Anna, TX 75409, USA",https://whatnow.com/dallas/restaurants/bahama-bucks-to-open-first-anna-location/,2026-08-29
2026-08-28,Dalmoros Fresh Italian Bringing Fresh Pasta to Jacksonville’s Five Points,"1018 Park St, Jacksonville, FL 32204",https://whatnow.com/jacksonville/restaurants/dalmoros-fresh-italian-bringing-fresh-pasta-to-jacksonvilles-five-points/,2026-08-29
2026-08-28,Damaskino Mediterranean Grill Expanding With Second Jacksonville Location,"3825 Baymeadows Rd, Jacksonville, FL 32217",https://whatnow.com/jacksonville/restaurants/damaskino-mediterranean-grill-expanding-with-second-jacksonville-location/,2026-08-29
2026-08-28,La Tia y El Paisano Plans Opening in Bradenton,"5803 15th St E, Bradenton, FL 34203",https://whatnow.com/tampa/restaurants/la-tia-y-el-paisano-plans-opening-in-bradenton/,2026-08-29
2026-08-28,Einstein Bros Bagels to Open a Spot in San Jacinto Marketplace,"6609 Garth Rd, Baytown, TX 77521",https://whatnow.com/houston/restaurants/einstein-bros-bagels-to-open-a-spot-in-san-jacinto-marketplace/,2026-08-29
2026-08-28,Local Restaurateurs Opening Casa Rubia In Toronto | What Now Toronto,"293 Palmerston Ave, Toronto, ON M6J 2J3, Canada",https://whatnow.com/toronto/restaurants/local-restaurateurs-opening-casa-rubia-in-toronto/,2026-08-29
2026-08-28,Jamaica House Restaurant Bringing Jamaican Flavors to West Park,"5971 SW 23rd St, West Park, FL 33023",https://whatnow.com/miami/restaurants/jamaica-house-restaurant-bringing-jamaican-flavors-to-west-park/,2026-08-29
2026-08-28,Taco Bell Franchisee Converting Empty Drive-Thru,"3828 Hamner Ave, Eastvale, CA 91752",https://whatnow.com/orange-county/restaurants/taco-bell-franchisee-converting-empty-drive-thru/,2026-08-29
2026-08-28,Tru Blue’s House of Wings Announces Reopening,"1039 Johnnie Dodds Blvd, Mt Pleasant, SC 29464",https://whatnow.com/charleston/restaurants/tru-blues-house-of-wings-announces-reopening/,2026-08-29
2026-08-28,Sherry Crossland Planning Six New Restaurants Across Denver Metro,"6365 E Hampden Ave, Denver, CO 80222",https://whatnow.com/denver/restaurants/sherry-crossland-planning-six-new-restaurants-across-denver-metro/,2026-08-29
2026-08-28,Twin Peaks Coming to Three South Texas Cities,,https://whatnow.com/san-antonio/restaurants/twin-peaks-coming-to-three-south-texas-cities/,2026-08-29
2026-08-28,Caribou Coffee To Bring Location To Canton | What Now Atlanta,"6375 Hickory Flat Hwy, Canton, GA 30115",https://whatnow.com/atlanta/restaurants/caribou-coffee-to-bring-location-to-canton/,2026-08-29
2026-08-28,Opening in Venice Crossing: Texas Roadhouse,"2001 Laurel Rd E, Nokomis, FL 34275",https://whatnow.com/tampa/restaurants/opening-in-venice-crossing-texas-roadhouse/,2026-08-29
2026-08-28,Billiards Company Working on Full-Service Bar and Restaurant Off I-95,"7026 A C Skinner Pkwy, Jacksonville, FL 32256",https://whatnow.com/jacksonville/restaurants/billiards-company-working-on-full-service-bar-and-restaurant-off-i-95/,2026-08-29
2026-08-28,Asian Hibachi Grill Opening on John Island,"3575 Maybank Hwy, Johns Island, SC 29455",https://whatnow.com/charleston/restaurants/asian-hibachi-grill-opening-on-john-island/,2026-08-29
2026-08-28,Soleta Golf Club Looks to Be Planning Continued Food and Beverage Rollout,"33720 Singletary Rd, Myakka City, FL 34251",https://whatnow.com/tampa/restaurants/soleta-golf-club-looks-to-be-planning-continued-food-and-beverage-rollout/,2026-08-29
2026-08-28,Renso Pho-Potle Bringing New Pho Experience To Toronto | What Now Toronto,"506 Queen St W, Toronto, ON M5V 2B3, Canada",https://whatnow.com/toronto/restaurants/renso-pho-potle-bringing-new-pho-experience-to-toronto/,2026-08-29
2026-08-28,"King Corona 1902 Opening This November with Cigars, Members-Only Lounge","1902 E 7th Ave, Tampa, FL 33605",https://whatnow.com/tampa/restaurants/king-corona-1902-opening-this-november-with-cigars-members-only-lounge/,2026-08-29
2026-08-28,The Union Sky Rooftop Restaurant to Open in Downtown Concord,"26 Union St S, Concord, NC 28025",https://whatnow.com/charlotte/restaurants/the-union-sky-rooftop-restaurant-to-open-in-downtown-concord/,2026-08-29
2026-08-28,Punjabi Haveli Opening New Location In Scarborough | What Now Toronto,"1780 Markham Rd, Scarborough, ON M1B 2W2, Canada",https://whatnow.com/toronto/restaurants/punjabi-haveli-opening-new-location-in-scarborough/,2026-08-29
2026-08-28,PIlar Coffee Bar is Opening a New Miami Location,"17405 S Dixie Hwy, Miami, FL 33157",https://whatnow.com/miami/restaurants/pilar-coffee-bar-is-opening-a-new-miami-location/,2026-08-29
2026-08-28,New York Butcher Shoppe Planning Smyrna Location | What Now Atlanta,"4600 W Village Pl, Smyrna, GA 30080",https://whatnow.com/atlanta/restaurants/new-york-butcher-shoppe-planning-smyrna-location/,2026-08-29
2026-08-28,Torchy's Tacos to Open New Location at Austin's East Village,"3500 E Parmer Ln, Austin, TX 78754, USA",https://whatnow.com/austin/restaurants/torchys-tacos-to-open-new-location-at-austins-east-village/,2026-08-29
2026-08-28,Bethlehem Bakery Veteran Makes Comeback With Frosted Chaos,"518 Long St., Bethlehem, PA 18018",https://whatnow.com/philadelphia/restaurants/bethlehem-bakery-veteran-makes-comeback-with-frosted-chaos/,2026-08-29
2026-08-28,Nauti Turtle Sports Bar & Grill Prepares to Open in Key Colony Beach,"400 Sadowski Causeway, Key Colony Beach, FL 33051",https://whatnow.com/miami/restaurants/nauti-turtle-sports-bar-grill-prepares-to-open-in-key-colony-beach/,2026-08-29
2026-08-28,Lady Funari Targets October Opening After $1.5 Million South End Transformation,"222 E Bland St, Charlotte, NC 28203, USA",https://whatnow.com/charlotte/restaurants/lady-funari-targets-october-opening-after-1-5-million-south-end-transformation/,2026-08-29
2026-08-28,Fat Rabbit Owner Planning New Restaurant In St. Catharines | What Now Toronto,"180 St Paul St, St. Catharines, ON L2R 3M2, Canada",https://whatnow.com/toronto/restaurants/fat-rabbit-owner-planning-new-restaurant-in-st-catharines/,2026-08-29
2026-08-28,Mark Rich's New York Pizza to Return to the Las Vegas Valley,"1930 Rock Springs Dr, Las Vegas, NV 89128",https://whatnow.com/las-vegas/restaurants/mark-richs-new-york-pizza-to-return-to-the-las-vegas-valley/,2026-08-29
2026-08-28,"Session House to Bring Irish Music, Elevated Pub Fare, and Soulful Spirit to Dorchester’s Adams Village","782 Adams St, Dorchester, MA 02124",https://whatnow.com/boston/restaurants/session-house-to-bring-irish-music-elevated-pub-fare-and-soulful-spirit-to-dorchesters-adams-village/,2026-08-29
2026-08-28,A Texas Chicken Chain Is Eyeing Its California Debut in Sacramento and Placer Counties,,https://whatnow.com/sacramento/restaurants/a-texas-chicken-chain-is-eyeing-its-california-debut-in-sacramento-and-placer-counties/,2026-08-29
2026-08-28,New Tulum Grill Concept with Mexican Flavors Planned for Boca Raton,"1580 NW 2nd Ave, Boca Raton, FL 33432",https://whatnow.com/miami/restaurants/new-tulum-grill-concept-with-mexican-flavors-planned-for-boca-raton/,2026-08-29
2026-08-28,Pressed Café Expanding to Boston's Fenway Neighborhood,"126 Brookline Ave, Boston, MA 02215",https://whatnow.com/boston/restaurants/pressed-cafe-expanding-to-bostons-fenway-neighborhood/,2026-08-29
2026-08-28,Hedley Club To Reopen At Hotel De Anza In San Jose,"233 W Santa Clara St, San Jose, CA 95113",https://whatnow.com/san-francisco/restaurants/hedley-club-to-reopen-at-hotel-de-anza-in-san-jose/,2026-08-29
2026-08-28,Tenka Sushi Eyes Fall Opening in Palm Beach Gardens,"12465 Northlake Blvd #100, Palm Beach Gardens, FL 33412",https://whatnow.com/miami/restaurants/tenka-sushi-eyes-fall-opening-in-palm-beach-gardens/,2026-08-29
2026-08-28,Nicoletto’s Pasta Co. Opening Third Location in Mt. Juliet,"11324 Lebanon Rd, Mt. Juliet, TN 37122",https://whatnow.com/nashville/restaurants/nicolettos-pasta-co-opening-third-location-in-mt-juliet/,2026-08-29
2026-08-28,The Same Mind Behind Legend Has It Is Eyeing a Second Spot,"1800 3rd St, Sacramento, CA 95811, USA",https://whatnow.com/sacramento/restaurants/the-same-mind-behind-legend-has-it-is-eyeing-a-second-spot/,2026-08-29
2026-08-28,"Tori Japan Plans Four New Greater Boston Locations, From Boston University to Taunton",,https://whatnow.com/boston/restaurants/tori-japan-plans-four-new-greater-boston-locations-from-boston-university-to-taunton/,2026-08-29
2026-08-28,The Bungalow Revives Plans for San Diego Location,,https://whatnow.com/san-diego/restaurants/the-bungalow-revives-plans-for-san-diego-location/,2026-08-29
2026-08-28,embe Cafe Coming to South Beach,"1600 Alton Rd, Miami Beach, FL 33139",https://whatnow.com/miami/restaurants/embe-cafe-coming-to-south-beach/,2026-08-29
2026-08-28,Blue Corn Cafe & Bakery Plans Orange County Expansion,,https://whatnow.com/orange-county/restaurants/blue-corn-cafe-bakery-plans-orange-county-expansion/,2026-08-29
2026-08-28,Tejer To Open At Hotel De Anza In San Jose,"233 W Santa Clara St, San Jose, CA 95113",https://whatnow.com/san-francisco/restaurants/tejer-to-open-at-hotel-de-anza-in-san-jose/,2026-08-29
2026-08-28,Cafe to Bring Life Back to Palisades Storefront,"4885 MacArthur Blvd NW, Washington, DC 20007",https://whatnow.com/washington-dc/restaurants/cafe-to-bring-life-back-to-palisades-storefront/,2026-08-29
2026-08-28,Chef Étienne Nadeau Opening New Restaurant In Québec | What Now Montreal,"11 Boulevard René-Lévesque O, Québec, QC G1R 2V5, Canada",https://whatnow.com/montreal/restaurants/chef-etienne-nadeau-opening-new-restaurant-in-quebec/,2026-08-29
2026-08-28,Que Onda Tacos Preparing Flagship Location in Montford Area,"1515 Mockingbird Ln, Charlotte, NC 28209",https://whatnow.com/charlotte/restaurants/que-onda-tacos-preparing-flagship-location-in-montford-area/,2026-08-29
2026-08-28,Whataburger Eyes New Gatesville Location,"2733 TX-36 BUS, Gatesville, TX 76528, USA",https://whatnow.com/austin/restaurants/whataburger-eyes-new-gatesville-location/,2026-08-29
2026-08-28,Locally Owned Diner Chain Expanding to Menifee,"29787 Antelope Rd, Suite 110, Menifee, CA 92584",https://whatnow.com/orange-county/restaurants/locally-owned-diner-chain-expanding-to-menifee/,2026-08-29
2026-08-28,Mister O1 Extraordinary Pizza Coming to Coconut Creek,"4437 Lyons Rd, Coconut Creek, FL 33073",https://whatnow.com/miami/restaurants/mister-o1-extraordinary-pizza-coming-to-coconut-creek/,2026-08-29
2026-08-28,New Five Guys Location Opening on James Island,"Suite V, 1739 Maybank Hwy, Charleston, SC 29412",https://whatnow.com/charleston/restaurants/new-five-guys-location-opening-on-james-island/,2026-08-29
2026-08-28,Urban Dining Group Adding Multiple Concepts At NBA Courtside Location | What Now Toronto,"15 Queens Quay E, Toronto, ON M5E 0C5, Canada",https://whatnow.com/toronto/restaurants/urban-dining-group-adding-multiple-concepts-at-nba-courtside-location/,2026-08-29
2026-08-28,8D Rodeo Bar & Thrill Bringing Unique Entertainment and Dining Experience to Wolfchase Galleria,"2760 N Germantown Pkwy, Memphis, TN 38133",https://whatnow.com/memphis/restaurants/8d-rodeo-bar-thrill-bringing-unique-entertainment-and-dining-experience-to-wolfchase-galleria/,2026-08-29
2026-08-28,Cuban Cafe Coming to Base of Apartment Building in Pompano Beach,"1621 S Dixie Hwy Unit 117, Pompano Beach, FL 33060",https://whatnow.com/miami/restaurants/cuban-cafe-coming-to-base-of-apartment-building-in-pompano-beach/,2026-08-29
2026-08-28,Tamra & Co. Bringing Saudi Hospitality to Pike Place Market,,https://whatnow.com/seattle/restaurants/tamra-co-bringing-saudi-hospitality-to-pike-place-market/,2026-08-29
2026-08-28,Casa Mia To Open In San Carlos,"677 Laurel St, San Carlos, CA 94070",https://whatnow.com/san-francisco/restaurants/casa-mia-to-open-in-san-carlos/,2026-08-29
2026-08-28,Urbane Cafe To Open In Dana Point,"32545 Golden Lantern, Dana Point, CA 92629",https://whatnow.com/orange-county/restaurants/urbane-cafe-to-open-in-dana-point/,2026-08-29
2026-08-28,Cafe Zupas Preps a Fourth Central Ohio Restaurant in Polaris,"1161 Polaris Pkwy, Columbus, OH 43240, USA",https://whatnow.com/columbus/restaurants/cafe-zupas-preps-a-fourth-central-ohio-restaurant-in-polaris/,2026-08-29
2026-08-28,Pure Green To Open First Bay Area Location In Fremont,"37140 Fremont Blvd, Fremont, CA 94536",https://whatnow.com/san-francisco/restaurants/pure-green-to-open-first-bay-area-location-in-fremont/,2026-08-29
2026-08-28,Honeycomb to Open Second North Shore Location in Marblehead,"259 Washington St, Marblehead, MA 01945",https://whatnow.com/boston/restaurants/honeycomb-to-open-second-north-shore-location-in-marblehead/,2026-08-29
2026-08-28,Lowe’s Donuts Expanding to Newburyport With Second Allergy-Friendly Bakery,"Newburyport, Massachusetts",https://whatnow.com/boston/restaurants/lowes-donuts-expanding-to-newburyport-with-second-allergy-friendly-bakery/,2026-08-29
2026-08-28,Mountain Mike's Pizza Plans New Prosper Location,"220 W Frontier Pkwy #100, Prosper, TX 75078, USA",https://whatnow.com/dallas/restaurants/mountain-mikes-pizza-plans-new-prosper-location/,2026-08-29
2026-08-28,Lira Italian Kitchen Set to Fill a Former Chase Bank Building in Downtown Hilliard,"4056 Main St, Hilliard, OH 43026",https://whatnow.com/columbus/restaurants/lira-italian-kitchen-set-to-fill-a-former-chase-bank-building-in-downtown-hilliard/,2026-08-29
2026-08-28,Building Neighborhood Destination Brands With The Kent Memphis and Over Keel at The Kent,,https://whatnow.com/memphis/restaurants/building-neighborhood-destination-brands-with-the-kent-memphis-and-over-keel-at-the-kent/,2026-08-29
2026-08-27,Dave's Hot Chicken Is Coming to a Former Jack in the Box in Fisher's Landing,"16333 SE 12th St Building A, Vancouver, WA 98683, USA",https://whatnow.com/portland/restaurants/daves-hot-chicken-is-coming-to-a-former-jack-in-the-box-in-fishers-landing/,2026-08-28
2026-08-27,Retro Alley Arcade to Open in Snoqualmie,"8036 Falls Ave SE, Snoqualmie, WA 98065",https://whatnow.com/seattle/restaurants/retro-alley-arcade-to-open-in-snoqualmie/,2026-08-28
2026-08-27,Char BBQ Preparing to Open in Creekside Plaza,"13513 Poway Rd, Poway, CA 92064",https://whatnow.com/san-diego/restaurants/char-bbq-preparing-to-open-in-creekside-plaza/,2026-08-28
2026-08-27,16 Handles Coming to Wellington,"1383 S State Rd 7, Wellington, FL 33414",https://whatnow.com/miami/restaurants/16-handles-coming-to-wellington/,2026-08-28
2026-08-27,Panini Kabob Grill Coming to Downtown Los Angeles,"888 S Olive St, Los Angeles, CA 90014",https://whatnow.com/los-angeles/restaurants/panini-kabob-grill-coming-to-downtown-los-angeles/,2026-08-28
2026-08-27,Pepper Lunch's Oregon City Opening Pushed to November,"920 John Adams St, Oregon City, OR 97045, USA",https://whatnow.com/portland/restaurants/pepper-lunchs-oregon-city-opening-pushed-to-november/,2026-08-28
2026-08-27,The Blue Corn Cafe & Bakery Plans Fourth Location in Avondale,,https://whatnow.com/phoenix/restaurants/the-blue-corn-cafe-bakery-plans-fourth-location-in-avondale/,2026-08-28
2026-08-27,"Bossa Brings Brazilian Coffee, Cocktails and Community to NW 21st Avenue","305 NW 21st Ave, Portland, OR 97209, USA",https://whatnow.com/portland/restaurants/bossa-brings-brazilian-coffee-cocktails-and-community-to-nw-21st-avenue/,2026-08-28
2026-08-27,Pura Vida Miami Coming to Century City,"10250 Santa Monica Blvd, Los Angeles, CA 90067",https://whatnow.com/los-angeles/restaurants/pura-vida-miami-coming-to-century-city/,2026-08-28
2026-08-27,A Two-Decade-Old Pizza Spot Has Closed Its Riverside Location in Jacksonville,"1620 Margaret St, Jacksonville, FL 32204, United States",https://whatnow.com/jacksonville/restaurants/a-two-decade-old-pizza-spot-has-closed-its-riverside-location-in-jacksonville/,2026-08-28
2026-08-27,Paradise Dynasty Planning First San Diego Location,,https://whatnow.com/san-diego/restaurants/paradise-dynasty-planning-first-san-diego-location/,2026-08-28
2026-08-27,Team Yaad A Spice Plans Orlando Opening,"629 Delhi St, Orlando, FL 32808",https://whatnow.com/orlando/restaurants/team-yaad-a-spice-plans-orlando-opening/,2026-08-28
2026-08-27,Frutta Bowls Opening in Lake Mary,"3881 Lake Emma Rd, Lake Mary, FL 32746",https://whatnow.com/orlando/restaurants/frutta-bowls-opening-in-lake-mary/,2026-08-28
2026-08-27,Terracotta Cafe & Bakery Expanding to Second Location,"8001 S Orange Blossom Trl #197, Orlando, FL 32809",https://whatnow.com/orlando/restaurants/terracotta-cafe-bakery-expanding-to-second-location/,2026-08-28
2026-08-27,Tamaya Sushi Bringing All-You-Can-Eat Sushi to Newberry,"14209 W Newberry Rd, Newberry, FL 32669",https://whatnow.com/jacksonville/restaurants/tamaya-sushi-bringing-all-you-can-eat-sushi-to-newberry/,2026-08-28
2026-08-27,Life Time Opening in Wesley Chapel Next Year,"1416 Bruce B Downs Blvd, Wesley Chapel, FL 33544",https://whatnow.com/tampa/restaurants/life-time-opening-in-wesley-chapel-next-year/,2026-08-28
2026-08-27,Six-Location Deal Bringing New Huey Magoo’s to Columbia,,https://whatnow.com/charleston/restaurants/six-location-deal-bringing-new-huey-magoos-to-columbia/,2026-08-28
2026-08-27,Babas Taking Over Rodney Scott’s BBQ Space,"1011 King St, Charleston, SC 29403",https://whatnow.com/charleston/restaurants/babas-taking-over-rodney-scotts-bbq-space/,2026-08-28
2026-08-27,Lettuce Entertain You Debuting ‘Pizzeria Gabbo’ Concept in Fulton Market,"834 W Fulton Market #200, Chicago, IL 60607",https://whatnow.com/chicago/restaurants/lettuce-entertain-you-debuting-pizzeria-gabbo-concept-in-fulton-market/,2026-08-28
2026-08-27,Sultan’s Kebab Expanding to Concord and Saratoga,,https://whatnow.com/san-francisco/restaurants/sultans-kebab-expanding-to-concord-and-saratoga/,2026-08-28
2026-08-27,"Urban Fondue and Bartini Are Coming Back, in Oregon City and Eugene",,https://whatnow.com/portland/restaurants/urban-fondue-and-bartini-are-coming-back-in-oregon-city-and-eugene/,2026-08-28
2026-08-27,A 32-Year-Old Restaurant Location Has Closed at This Popular California Shopping Center,"1145 Newport Center Dr, Newport Beach, CA 92660, United States",https://whatnow.com/orange-county/restaurants/a-32-year-old-restaurant-location-has-closed-at-this-popular-california-shopping-center/,2026-08-28
2026-08-27,Midnight Dim Sum Bringing Late-Night Cantonese Food to Bremerton,"1340 Marine Dr, Bremerton, WA 98312",https://whatnow.com/seattle/restaurants/midnight-dim-sum-bringing-late-night-cantonese-food-to-bremerton/,2026-08-28
2026-08-27,New Lechonera Plans Opening on John Young Parkway in Kissimmee,"1205 John Young Pkwy, Kissimmee, FL 34741",https://whatnow.com/orlando/restaurants/new-lechonera-plans-opening-on-john-young-parkway-in-kissimmee/,2026-08-28
2026-08-27,Restaurateurs Behind The Harlow Opening Char House Social This Fall,"1234 Camp Rd, Charleston, SC 29412",https://whatnow.com/charleston/restaurants/restaurateurs-behind-the-harlow-opening-char-house-social-this-fall/,2026-08-28
2026-08-27,Cocina Madrigal Eyes October Reopening in South Phoenix,"1530 E Wood St, Phoenix, AZ 85040",https://whatnow.com/phoenix/restaurants/cocina-madrigal-eyes-october-reopening-in-south-phoenix/,2026-08-28
2026-08-27,Mountain Song Plans to Reopen in Marblemount,"60147 State Rte 20, Marblemount, WA 98267",https://whatnow.com/seattle/restaurants/mountain-song-plans-to-reopen-in-marblemount/,2026-08-28
2026-08-27,Busaba Bringing Thai Cafe to Denver’s Union Station,"1625 Wynkoop St, Denver, CO 80202",https://whatnow.com/denver/restaurants/busaba-bringing-thai-cafe-to-denvers-union-station/,2026-08-28
2026-08-27,Plans Submitted for New Yakuza Sushi Location,"14990 Kissimmee Vineland Rd, Orlando, FL 32821",https://whatnow.com/orlando/restaurants/plans-submitted-for-new-yakuza-sushi-location/,2026-08-28
2026-08-27,What Now Atlanta Brings Restaurant and Hospitality Community Together for Accelerate Networking Event,"207 Peachtree Rd NE 3rd FloorAtlanta, GA 30303",https://whatnow.com/atlanta/restaurants/what-now-atlanta-brings-restaurant-and-hospitality-community-together-for-accelerate-networking-event/,2026-08-28
2026-08-27,Dave’s Hot Chicken Coming to St. Augustine,"1830 US-1, St. Augustine, FL 32084",https://whatnow.com/jacksonville/restaurants/daves-hot-chicken-coming-to-st-augustine/,2026-08-28
2026-08-27,The Boring Sandwich Slicing into Manhattan,"97 Stanton St., New York, NY 10002",https://whatnow.com/new-york/restaurants/the-boring-sandwich-slicing-into-manhattan/,2026-08-28
2026-08-27,Burnt Flour Bringing Wood-Fired Pizza to Downtown Tempe,"511 S Farmer Ave, Tempe, AZ 85281, United States",https://whatnow.com/phoenix/restaurants/burnt-flour-bringing-wood-fired-pizza-to-downtown-tempe/,2026-08-28
2026-08-27,New Sushi and Ramen Restaurants Are Opening at Ponce City Market’s Food Hall,,https://whatnow.com/atlanta/restaurants/new-sushi-and-ramen-restaurants-are-opening-at-ponce-city-markets-food-hall/,2026-08-28
2026-08-27,Pier 88 Boiling Seafood & Bar to Open in North Phoenix,"4040 E Bell Rd, Phoenix, AZ 85032, USA",https://whatnow.com/phoenix/restaurants/pier-88-boiling-seafood-bar-to-open-in-north-phoenix/,2026-08-28
2026-08-27,"Spoon + Fork Plans New Restaurant in New Braunfels, Texas","2292 Sophie Ln #107, New Braunfels, TX 78130, USA",https://whatnow.com/san-antonio/restaurants/spoon-fork-plans-new-restaurant-in-new-braunfels-texas/,2026-08-28
2026-08-27,A New Dining Concept Opens in the West Village with Vintage Décor and a Global Menu,"205 Thompson St, New York, NY 10012",https://whatnow.com/new-york/restaurants/a-new-dining-concept-opens-in-the-west-village-with-vintage-decor-and-a-global-menu/,2026-08-28
2026-08-27,"The Corner on Madison Bringing Grocery Store, Cafe and Tavern to Skyland","2800 Madison St, Denver, CO 80205",https://whatnow.com/denver/restaurants/the-corner-on-madison-bringing-grocery-store-cafe-and-tavern-to-skyland/,2026-08-28
2026-08-27,Señor Tanuki Bringing a New Asian-Inspired Concept to RiNo,"3001 N Brighton Blvd, Denver, CO 80216",https://whatnow.com/denver/restaurants/senor-tanuki-bringing-a-new-asian-inspired-concept-to-rino/,2026-08-28
2026-08-27,Sip N Dip Planned for Kissimmee,"2553 E Irlo Bronson Memorial Hwy, Kissimmee, FL 34744",https://whatnow.com/orlando/restaurants/sip-n-dip-planned-for-kissimmee/,2026-08-28
2026-08-27,Beef Box German Shawarma Coming to North Hollywood,"4929 Lankershim Blvd, North Hollywood, CA 91601",https://whatnow.com/los-angeles/restaurants/beef-box-german-shawarma-coming-to-north-hollywood/,2026-08-28
2026-08-27,Beloved DMV Chain to Replace The Woodmont Grill,"7715 Woodmont Ave, Bethesda, MD 20814",https://whatnow.com/washington-dc/restaurants/beloved-dmv-chain-to-replace-the-woodmont-grill/,2026-08-28
2026-08-27,BurgerFi Coming to Fountain Square Shopping Center in Ypsilanti,"2997 Washtenaw Ave, Ypsilanti, MI 48197",https://whatnow.com/detroit/restaurants/burgerfi-coming-to-fountain-square-shopping-center-in-ypsilanti/,2026-08-28
2026-08-27,Salt & Pepper Diner Bringing New Family-Owned Restaurant to Jasper,"104 Central Ave NW, Jasper, FL 32052",https://whatnow.com/jacksonville/restaurants/salt-pepper-diner-bringing-new-family-owned-restaurant-to-jasper/,2026-08-28
2026-08-27,"Fabricant Farms Bringing 'Very Traditional, Fun Environment' to Jupiter","16891 Jupiter Farms Rd., Jupiter, FL 33478",https://whatnow.com/miami/restaurants/fabricant-farms-bringing-very-traditional-fun-environment-to-jupiter/,2026-08-28
2026-08-27,New Flying Biscuit Cafe Proposed for Katy Shopping Center,"1660 S Mason Rd, Katy, TX 77450",https://whatnow.com/houston/restaurants/new-flying-biscuit-cafe-proposed-for-katy-shopping-center/,2026-08-28
2026-08-27,Globally-Influenced All-Day Café Coming to Uptown,"7523 Maple St, New Orleans, LA 70118",https://whatnow.com/new-orleans/restaurants/globally-influenced-all-day-cafe-coming-to-uptown/,2026-08-28
2026-08-26,Fogo de Chão to Fire Up Freehold Raceway Mall With New Location,"3710 US-9, Freehold, NJ 07728",https://whatnow.com/philadelphia/restaurants/fogo-de-chao-to-fire-up-freehold-raceway-mall-with-new-location/,2026-08-27
2026-08-26,Foxtrot Working on Two New Locations in Lakeview and Lincoln Park,,https://whatnow.com/chicago/restaurants/foxtrot-working-on-two-new-locations-in-lakeview-and-lincoln-park/,2026-08-27
2026-08-26,Sipping Sunshine Cafe to Brighten Goochland Java Scene,"2913 River Rd W, Goochland, VA 23063",https://whatnow.com/washington-dc/restaurants/sipping-sunshine-cafe-to-brighten-goochland-java-scene/,2026-08-27
2026-08-26,Urban Dining Group Flipping NBA Courtside Into Gabby’s | What Now Toronto,"15 Queens Quay E, Toronto, ON M5E 0C5, Canada",https://whatnow.com/toronto/restaurants/urban-dining-group-flipping-nba-courtside-into-gabbys/,2026-08-27
2026-08-26,Thai-Inspired Bar Heading To Poncey-Highland | What Now Atlanta,"644 N Highland Ave NE, Atlanta, GA 30306",https://whatnow.com/atlanta/restaurants/thai-inspired-bar-heading-to-poncey-highland/,2026-08-27
2026-08-26,HG Sply Co. to Open New Location at Granite Park,"5880 State Hwy 121, Plano, TX 75024, USA",https://whatnow.com/dallas/restaurants/hg-sply-co-to-open-new-location-at-granite-park/,2026-08-27
2026-08-26,"After 5 Years, a Beloved Orlando Craft Brewery Serves Its Last Pour This Weekend","2807 E South St, Orlando, FL 32803, United States",https://whatnow.com/orlando/restaurants/after-5-years-a-beloved-orlando-craft-brewery-serves-its-last-pour-this-weekend/,2026-08-27
2026-08-26,A Mediterranean Fast-Casual Restaurant With NBA Ties Is Opening in Beverly Hills,"31243 Southfield Rd, Beverly Hills, MI 48025",https://whatnow.com/detroit/restaurants/fast-casual-mediterranean-restaurant-expands-presence-with-new-opening/,2026-08-27
2026-08-26,Butcher & Barrel Plans Second Cincinnati Location in O'Bryonville,,https://whatnow.com/columbus/restaurants/butcher-barrel-plans-second-cincinnati-location-in-obryonville/,2026-08-27
2026-08-26,A Southeast Mexican Restaurant Brand Expands With New Marietta Location,"68 North Marietta Pkwy NW, Marietta, GA 30060",https://whatnow.com/atlanta/restaurants/a-southeast-mexican-restaurant-brand-expands-with-new-marietta-location/,2026-08-27
2026-08-26,Cooper’s Hawk Planning Location At Ashley Park In Newnan | What Now Atlanta,"354 Newnan Crossing Bypass, Newnan, GA 30263",https://whatnow.com/atlanta/restaurants/coopers-hawk-planning-location-at-ashley-park-in-newnan/,2026-08-27
2026-08-26,Seek-No-Further Cafe Bringing Coffee and Breakfast to Downtown Granville,"126 Elm St, Dowerglen, Edenvale, 1612",https://whatnow.com/columbus/restaurants/seek-no-further-cafe-bringing-coffee-and-breakfast-to-downtown-granville/,2026-08-27
2026-08-26,Biscuit Belly to Open Cincinnati-Area Location With Scratch-Made Southern Brunch,"9333 Mason Montgomery Rd, Mason, OH 45040, USA",https://whatnow.com/columbus/restaurants/biscuit-belly-to-open-cincinnati-area-location-with-scratch-made-southern-brunch/,2026-08-27
2026-08-26,The Sports Bra Could Score a New Home in Boston’s Financial District,"1 India St, Boston, MA 02109",https://whatnow.com/boston/restaurants/the-sports-bra-could-score-a-new-home-in-bostons-financial-district/,2026-08-27
2026-08-26,The Butcher & Bottle Adding Restaurant In Ball Ground | What Now Atlanta,"235 Gilmer Ferry Rd, Ball Ground, GA 30107",https://whatnow.com/atlanta/restaurants/the-butcher-bottle-adding-restaurant-in-ball-ground/,2026-08-27
2026-08-26,NJ Indian Restaurant Bringing Flavors to Manhattan,"312 W 43rd St., New York, NY 10036",https://whatnow.com/new-york/restaurants/nj-indian-restaurant-bringing-flavors-to-manhattan/,2026-08-27
2026-08-26,Marco's Ristorante Italiano Set to Open on Escalon's Main Street,"1730 Main St, Escalon, CA 95320, USA",https://whatnow.com/sacramento/restaurants/marcos-ristorante-italiano-set-to-open-on-escalons-main-street/,2026-08-27
2026-08-26,Che Returns to O'Bryonville With Butcher and Barrel,"2038 Madison Rd, Cincinnati, OH 45208, USA",https://whatnow.com/columbus/restaurants/che-returns-to-obryonville-with-butcher-and-barrel/,2026-08-27
2026-08-26,El Zaguan Restaurant & Bar Set to Open in Galt This September,"908 C St, Galt, CA 95632, USA",https://whatnow.com/sacramento/restaurants/el-zaguan-restaurant-bar-set-to-open-in-galt-this-september/,2026-08-27
2026-08-26,Chef Christian Hunter Planning Bistro Concept in Logan Square,"2528 N California Ave, Chicago, IL 60647",https://whatnow.com/chicago/restaurants/chef-christian-hunter-planning-bistro-concept-in-logan-square/,2026-08-27
2026-08-26,Little Caesars Plans New Georgetown Location on Williams Drive,"3920 Williams Dr, Georgetown, TX 78628, USA",https://whatnow.com/austin/restaurants/little-caesars-plans-new-georgetown-location-on-williams-drive/,2026-08-27
2026-08-26,Popular Lafayette Cookie Company Spinning Off a Bagel Shop,"111 Stonemont Rd, Lafayette, LA 70508",https://whatnow.com/new-orleans/restaurants/popular-lafayette-cookie-company-spinning-off-a-bagel-shop/,2026-08-27
2026-08-26,New Tropical Smoothie Cafe Moving into Saline Later This Year,"7101 E Michigan Ave, Saline, MI 48176",https://whatnow.com/detroit/restaurants/new-tropical-smoothie-cafe-moving-into-saline-later-this-year/,2026-08-27
2026-08-25,Iconic Chicago Thai Restaurant Has Closed After 37 Years,"230 E Ohio St, Chicago, IL 60611, United States",https://whatnow.com/chicago/restaurants/iconic-chicago-thai-restaurant-has-closed-after-37-years/,2026-08-25
2026-08-25,Stunod’s Pizzeria Team Bringing Award-Winning Pizza to Near West Side,"1503 W Taylor St, Chicago, IL 60607",https://whatnow.com/chicago/restaurants/stunods-pizzeria-team-bringing-award-winning-pizza-to-near-west-side/,2026-08-25
2026-08-25,"Rhinegeist Brewing to Add Pizza Restaurant, Catering Program to OTR Taproom","910 Elm St, Cincinnati, OH 45202, USA",https://whatnow.com/columbus/restaurants/rhinegeist-brewing-to-add-pizza-restaurant-catering-program-to-otr-taproom/,2026-08-25
2026-08-25,A New Smoothie and Wellness-Focused Restaurant Is Opening in Dunwoody,"5482 Chamblee Dunwoody Rd, Dunwoody, GA 30338",https://whatnow.com/atlanta/restaurants/a-new-smoothie-and-wellness-focused-restaurant-is-opening-in-dunwoody/,2026-08-25
2026-08-25,Iowa-Based Big Grove Brewery Seeking Space in Downtown Palatine,"180 N Smith St, Palatine, IL 60067",https://whatnow.com/chicago/restaurants/iowa-based-big-grove-brewery-seeking-space-in-downtown-palatine/,2026-08-25
2026-08-25,Flour & Fetty’s Bringing Global Street Food and Handmade Noodles to Polaris,"1540 Polaris Pkwy, Columbus, OH 43240, USA",https://whatnow.com/columbus/restaurants/flour-fettys-bringing-global-street-food-and-handmade-noodles-to-polaris/,2026-08-25
2026-08-25,Don Churros Gomez To Join Katella Commons In Anaheim,"2610 E Katella Ave, Anaheim, CA 92806",https://whatnow.com/orange-county/restaurants/don-churros-gomez-to-join-katella-commons-in-anaheim/,2026-08-25
2026-08-25,Greenpoint's Japanese-Inspired Neighborhood Cafe Bids Farewell After 18 Years,"1154 Manhattan Ave, Brooklyn, NY 11222",https://whatnow.com/new-york/restaurants/greenpoints-japanese-inspired-neighborhood-cafe-bids-farewell-after-18-years/,2026-08-25
2026-08-25,Juici Patties to Debut in Houston,"2055 Westheimer Rd, Houston, TX 77098",https://whatnow.com/houston/restaurants/juici-patties-to-debut-in-houston/,2026-08-25
2026-08-25,El Rincon Cocina Working on Second Location,"651 Palomar St #23a, Chula Vista, CA 91911",https://whatnow.com/san-diego/restaurants/el-rincon-cocina-working-on-second-location/,2026-08-25
2026-08-25,Urban Bird Hot Chicken Plans Second Cedar Park Location,"700 E Whitestone Blvd, Cedar Park, TX 78613, USA",https://whatnow.com/austin/restaurants/urban-bird-hot-chicken-plans-second-cedar-park-location/,2026-08-27
2026-08-25,Mariscos El Submarino is Opening First Manhattan Location: 'The Right Time',"31 Cornelia St., New York, NY 10014",https://whatnow.com/new-york/restaurants/mariscos-el-submarino-is-opening-first-manhattan-location-the-right-time/,2026-08-25
2026-08-25,Wahoo's Fish Taco To Open At John Wayne Airport,"18601 Airport Way Space B9.1, Santa Ana, CA 92707",https://whatnow.com/orange-county/restaurants/wahoos-fish-taco-to-open-at-john-wayne-airport/,2026-08-27
2026-08-25,Gelato Paradiso To Open At OCVIBE’s Katella Commons,"2610 E Katella Ave, Anaheim, CA 92806",https://whatnow.com/orange-county/restaurants/gelato-paradiso-to-open-at-ocvibes-katella-commons/,2026-08-27
2026-08-25,Pho Soul: New Vietnamese Concept Plans Carrollton Location,"2235 Old Denton Rd #280, Carrollton, TX 75006, USA",https://whatnow.com/dallas/restaurants/pho-soul-new-vietnamese-concept-plans-carrollton-location/,2026-08-27
2026-08-25,Anthropologie Bringing New Store to Upper Arlington,"1540 Polaris Pkwy, Columbus, OH 43240, USA",https://whatnow.com/columbus/restaurants/anthropologie-bringing-new-store-to-upper-arlington/,2026-08-25
2026-08-25,Landmark Northeast Philadelphia Deli Bids Farewell After 63 Years,"1619 Grant Ave #39, Philadelphia, PA 19115, United States",https://whatnow.com/philadelphia/restaurants/landmark-northeast-philadelphia-deli-bids-farewell-after-63-years/,2026-08-25
2026-08-25,One of LA’s Newest Restaurants Named Among America’s Best New Restaurants of 2026,"12565 Washington Blvd, Los Angeles, CA 90066",https://whatnow.com/los-angeles/restaurants/one-of-las-newest-restaurants-named-among-americas-best-new-restaurants-of-2026/,2026-08-25
2026-08-25,"Jade Rabbit, Portland’s queer-run, worker-owned vegan Pan-Asian restaurant and teahouse, is moving to Hawthorne | What Now Portland","3632 SE Hawthorne Blvd, Portland, OR 97214",https://whatnow.com/portland/restaurants/jade-rabbit-portlands-queer-run-worker-owned-vegan-pan-asian-restaurant-and-teahouse-is-moving-to-hawthorne/,2026-08-25
2026-08-25,Bev’s Bagels Joining Restaurants in Downtown Birmingham This Fall,"283 Hamilton Row, Birmingham, MI 48009",https://whatnow.com/detroit/restaurants/bevs-bagels-joining-restaurants-in-downtown-birmingham-this-fall/,2026-08-27
2026-08-25,Rita’s Italian Ice & Frozen Custard Opens in Carrollton | What Now Dallas,"4213 N Josey Ln, Carrollton, TX 75010",https://whatnow.com/dallas/restaurants/ritas-italian-ice-frozen-custard-opens-in-carrollton/,2026-08-25
2026-08-25,"Man Gai Thai to Debut in Las Vegas, Opening in Sahara West Center","3441 W Sahara Ave, Las Vegas, NV 89102",https://whatnow.com/las-vegas/restaurants/man-gai-thai-to-debut-in-las-vegas-opening-in-sahara-west-center/,2026-08-25
2026-08-24,New ‘Perk’s Pub’ Concept Coming to Rochester Hills Shopping Center,"3204 Walton Blvd., Rochester Hills, MI 48309",https://whatnow.com/detroit/restaurants/new-perks-pub-concept-coming-to-rochester-hills-shopping-center/,2026-08-25
2026-08-24,Tudor Hospitality Developing Multiple Concepts in LA,,https://whatnow.com/los-angeles/restaurants/tudor-hospitality-developing-multiple-concepts-in-la/,2026-08-25
2026-08-24,Super Burrito is Bringing its Mission-Style Burritos to Manhattan West,"450 W 33rd St., New York, NY 10001",https://whatnow.com/new-york/restaurants/super-burrito-is-bringing-its-mission-style-burritos-to-manhattan-west/,2026-08-24
2026-08-24,12 Chairs Café Debuts LIBA at The William Vale with 800-Degree Brick Oven + Dry-Aged Meats | What Now New York,"111 N 12th St, Brooklyn, NY 11249",https://whatnow.com/new-york/restaurants/12-chairs-cafe-debuts-liba-at-the-william-vale-with-800-degree-brick-oven-dry-aged-meats/,2026-08-24
2026-08-24,Jacksonville's Beloved Lobster Roll Spot Serves Its Final Rolls August 25,"4668 Town Crossing Dr #105, Jacksonville, FL 32246",https://whatnow.com/jacksonville/restaurants/jacksonvilles-beloved-lobster-roll-spot-serves-its-final-rolls-august-25/,2026-08-24
2026-08-24,National Sandwich Chain to Make Georgia Debut With New Chamblee Location,"5001 Peachtree Blvd, Chamblee, GA 30341",https://whatnow.com/atlanta/restaurants/national-sandwich-chain-to-make-georgia-debut-with-new-chamblee-location/,2026-08-24
2026-08-24,Stockton Welcomes New Chick-fil-A Restaurant | What Now San Francisco,"10505 Trinity Pkwy, Stockton, CA 95219",https://whatnow.com/san-francisco/restaurants/stockton-welcomes-new-chick-fil-a-restaurant/,2026-08-24
2026-08-24,Austin Smoothie Shop Closes Eastside Location After 10 Years,"1625 E 6th St, Austin, TX 78702",https://whatnow.com/austin/restaurants/austin-smoothie-shop-closes-eastside-location-after-10-years/,2026-08-24
2026-08-24,Dave’s Hot Chicken Coming to Chula Vista’s Plaza 655,"655 H St, Chula Vista, CA 91910",https://whatnow.com/san-diego/restaurants/daves-hot-chicken-coming-to-chula-vistas-plaza-655/,2026-08-25
2026-08-24,Tudor Hospitality to Debut Duecento Ristorante,"225 W Broadway, San Diego, CA 92101",https://whatnow.com/san-diego/restaurants/tudor-hospitality-to-debut-duecento-ristorante/,2026-08-24
2026-08-24,Houston North Indian Restaurant Closes After 35 Years in Business,"5220 Buffalo Speedway, Houston, TX 77005, United States",https://whatnow.com/houston/restaurants/houston-north-indian-restaurant-closes-after-35-years-in-business/,2026-08-24
2026-08-24,"Significant Other Kitchen and Cocktails, New All-Day Neighborhood Restaurant, Set to Open this Fall","725 E Sunset Rd, Las Vegas, NV 89119",https://whatnow.com/las-vegas/restaurants/significant-other-kitchen-and-cocktails-new-all-day-neighborhood-restaurant-set-to-open-this-fall/,2026-08-25
2026-08-24,Filipino Night Market-Inspired Eatery Set to Debut in NYC’s East Village,"1 Clinton St., New York, NY 10009",https://whatnow.com/new-york/restaurants/filipino-night-market-inspired-eatery-set-to-debut-in-nycs-east-village/,2026-08-24
2026-08-24,Fluffies Hot Chicken is Heating Up NYC With New Location: 'Excited to Grow Brand',"273 Canal St., New York, NY 10013",https://whatnow.com/new-york/restaurants/fluffies-hot-chicken-is-heating-up-nyc-with-new-location-excited-to-grow-brand/,2026-08-24
2026-08-24,Loc@l in Clawson Expanding with New Downtown Detroit Location,"44 W Columbia St, Detroit, MI 48201",https://whatnow.com/detroit/restaurants/locl-in-clawson-expanding-with-new-downtown-detroit-location/,2026-08-24
2026-08-24,Here Are 7 New Restaurants Coming to Metro Atlanta We Uncovered Last Week (Aug 17-21),,https://whatnow.com/atlanta/restaurants/here-are-7-new-restaurants-coming-to-metro-atlanta-we-uncovered-last-week-aug-17-21/,2026-08-24
2026-08-24,Sky Rocket Burger to Open First Arlington Location,"604 A W Randol Mill Rd, Arlington, TX 76011, USA",https://whatnow.com/dallas/restaurants/sky-rocket-burger-to-open-first-arlington-location/,2026-08-25
2026-08-24,‘Clean-Label’ Frozen Yogurt Spot Coming to Uptown,"4711 Freret St, New Orleans, LA 70115",https://whatnow.com/new-orleans/restaurants/clean-label-frozen-yogurt-spot-coming-to-uptown/,2026-08-24
2026-08-24,Luna Grill Mediterranean Kitchen Eyes McKinney,"160 S Custer Rd #400, McKinney, TX 75072, USA",https://whatnow.com/dallas/restaurants/luna-grill-mediterranean-kitchen-eyes-mckinney/,2026-08-25
2026-08-24,Little Caesars to Open New Location in North Austin,"2121 W Parmer Ln #104, Austin, TX 78727, USA",https://whatnow.com/austin/restaurants/little-caesars-to-open-new-location-in-north-austin/,2026-08-25
2026-08-24,The Great Greek Mediterranean Grill is Working on a Tomball location,"25545 TX-249, Tomball, TX 77375",https://whatnow.com/houston/restaurants/the-great-greek-mediterranean-grill-is-working-on-a-tomball-location/,2026-08-25
2026-08-24,Avocado Theory Owner Building New Location in Frankfort for This Fall,"11 S White St, Frankfort, IL 60423",https://whatnow.com/chicago/restaurants/avocado-theory-owner-building-new-location-in-frankfort-for-this-fall/,2026-08-24
2026-08-24,PRESS Coffee Announces Camelview Location Opening in Arcadia | What Now Phoenix,"5090 N 40th St, Phoenix, AZ 85018",https://whatnow.com/phoenix/restaurants/press-coffee-announces-camelview-location-opening-in-arcadia/,2026-08-24
2026-08-24,Historic Lincoln Heights Theater to Welcome New Coffee Shop,"2624 N Broadway, Los Angeles, CA 90031",https://whatnow.com/los-angeles/restaurants/historic-lincoln-heights-theater-to-welcome-new-coffee-shop/,2026-08-24
2026-08-23,Franchisee Seeks Approval to Upgrade and Reopen Germantown Wendy’s,"7569 Poplar Ave, Germantown, TN 38138",https://whatnow.com/memphis/restaurants/franchisee-seeks-approval-to-upgrade-and-reopen-germantown-wendys/,2026-08-23
2026-08-23,Celebrated Chicken Prepares for Alexandria Arrival,"2461 Mandeville Ln, Alexandria, VA 22332",https://whatnow.com/washington-dc/restaurants/celebrated-chicken-prepares-for-alexandria-arrival/,2026-08-23
2026-08-23,Taco Bell Eying Centreville Entrance,"5866 Old Centreville Rd, Centreville, VA 20121",https://whatnow.com/washington-dc/restaurants/taco-bell-eying-centreville-entrance/,2026-08-23
2026-08-23,Royal Farms Courting Gaithersburg,"397 Watkins Mill Rd, Gaithersburg, MD 20878",https://whatnow.com/washington-dc/restaurants/royal-farms-courting-gaithersburg/,2026-08-23
2026-08-23,Southern Breakfast Phenom Makes Cooper-Young Progress,"2149 Young Ave, Memphis, TN 38104",https://whatnow.com/memphis/restaurants/southern-breakfast-phenom-makes-cooper-young-progress/,2026-08-24
2026-08-23,7 Brew Coffee Plans New Amelia Location,"1410 OH-125, Amelia, OH 45102, USA",https://whatnow.com/columbus/restaurants/7-brew-coffee-plans-new-amelia-location/,2026-08-23
2026-08-23,New Taco Shop Location From Local Favorite Moves Forward,"3686 Riverdale Rd, Memphis, TN 38115",https://whatnow.com/memphis/restaurants/new-taco-shop-from-local-favorite-moves-forward/,2026-08-24
2026-08-23,Ted’s Bulletin Bringing Great Food and Charming Atmosphere to Carlyle Crossing,"2471 Mandeville Ln, Alexandria, VA 22332",https://whatnow.com/washington-dc/restaurants/teds-bulletin-bringing-great-food-and-charming-atmosphere-to-carlyle-crossing/,2026-08-23
2026-08-23,Ashburn to Get a Taste of Hot Dining Concept,"43150 Broadlands Center Plaza, Ashburn, VA 20148",https://whatnow.com/washington-dc/restaurants/ashburn-to-get-a-taste-of-hot-dining-concept/,2026-08-23
2026-08-22,Wingstop Plans New San Antonio Location on WW White Road,"314 S WW White Rd, San Antonio, TX 78219, USA",https://whatnow.com/san-antonio/restaurants/wingstop-plans-new-san-antonio-location-on-ww-white-road/,2026-08-22
2026-08-22,Deep Purpl Continuing to Expand the Chain,"31 E Roosevelt Rd, Chicago, IL 60605",https://whatnow.com/chicago/restaurants/deep-purpl-continuing-to-expand-the-chain/,2026-08-22
2026-08-22,Fleming s Prime Steakhouse & Wine Bar Coming To Riverside,"3777 Mission Inn Avenue, Riverside, CA 92501",https://whatnow.com/orange-county/restaurants/fleming-s-prime-steakhouse-wine-bar-coming-to-riverside/,2026-08-22
2026-08-22,Giorgio Rapicavoli is Bringing Luca Trattoria to Miami Beach,"933 Normandy Dr, Miami Beach, FL 33141",https://whatnow.com/miami/restaurants/giorgio-rapicavoli-is-bringing-luca-trattoria-to-miami-beach/,2026-08-23
2026-08-22,AstroBite Bringing Eat/Drink/Play Concept to Posen,"2800 147th St, Posen, IL 60469",https://whatnow.com/chicago/restaurants/astrobite-bringing-eat-drink-play-concept-to-posen/,2026-08-22
2026-08-22,Gong Cha Plans Major San Antonio Expansion With 50 New Texas Locations,,https://whatnow.com/san-antonio/restaurants/gong-cha-plans-major-san-antonio-expansion-with-50-new-texas-locations/,2026-08-22
2026-08-22,EATACO Plans New Highland Park Location for Early 2027,"597 Roger Williams AveHighland Park, IL 60035",https://whatnow.com/chicago/restaurants/eataco-plans-new-highland-park-location-for-early-2027/,2026-08-22
2026-08-22,7 Brew Coffee Plans New Drive-Thru Location in Corpus Christi,"1305 Airline Rd, Corpus Christi, TX 78412, USA",https://whatnow.com/san-antonio/restaurants/7-brew-coffee-plans-new-drive-thru-location-in-corpus-christi/,2026-08-22
2026-08-22,Jones Road Beauty To Open At Fashion Island In Newport Beach,"401 Newport Center Dr, Newport Beach, CA 92660,",https://whatnow.com/orange-county/restaurants/jones-road-beauty-to-open-at-fashion-island-in-newport-beach/,2026-08-22
2026-08-22,Azul Modern Mexican Cuisine is Coming to Miracle Mile,"127 Miracle Mile, Coral Gables, FL 33134",https://whatnow.com/miami/restaurants/azul-modern-mexican-cuisine-is-coming-to-miracle-mile/,2026-08-23
2026-08-22,Venice Beach Restaurant May Be Relocating,"6980 Beach Blvd, Buena Park, CA 90621",https://whatnow.com/orange-county/restaurants/venice-beach-restaurant-may-be-relocating/,2026-08-22
2026-08-22,Downtown Culver’s in the Permitting Process,"1212 S Michigan AveChicago, IL 60605",https://whatnow.com/chicago/restaurants/downtown-culvers-in-the-permitting-process/,2026-08-22
2026-08-21,Gulf Ranch Bringing Gulf Coast Seafood to Fredericksburg in 2027,"101 W San Antonio St, Fredericksburg, TX 78624, USA",https://whatnow.com/san-antonio/restaurants/gulf-ranch-bringing-gulf-coast-seafood-to-fredericksburg-in-2027/,2026-08-21
2026-08-21,Levelz Lounge Wins City Approval for Bar in Downtown Manteca,"159 W Yosemite Ave, Manteca, CA 95336, USA",https://whatnow.com/sacramento/restaurants/levelz-lounge-wins-city-approval-for-bar-in-downtown-manteca/,2026-08-22
2026-08-21,Achilito’s Taqueria to Open New Back Bay/Fenway Location This Fall,"1114 Boylston St, Boston, MA 02215",https://whatnow.com/boston/restaurants/achilitos-taqueria-to-open-new-back-bay-fenway-location-this-fall/,2026-08-21
2026-08-21,Harvey’s New York Style Bagels Expanding to Smyrna,"XFGP+3XW Smyrna, Tennessee, USA",https://whatnow.com/nashville/restaurants/harveys-new-york-style-bagels-expanding-to-smyrna/,2026-08-21
2026-08-21,Parker’s Kitchen Working to Open New Location Near I-77 in Columbia,"7609 Garners Ferry Rd, Columbia, SC 29209",https://whatnow.com/charleston/restaurants/parkers-kitchen-working-to-open-new-location-near-i-77-in-columbia/,2026-08-21
2026-08-21,Level 1 Arcade Bar Expanding to Mill Avenue in Tempe,"4 E University Dr, Tempe, AZ 85281",https://whatnow.com/phoenix/restaurants/level-1-arcade-bar-expanding-to-mill-avenue-in-tempe/,2026-08-21
2026-08-21,Namkeen to Bring South Asian-Inspired Hot Chicken to Plano,"521 Coit Rd #130, Plano, TX 75075, USA",https://whatnow.com/dallas/restaurants/namkeen-to-bring-south-asian-inspired-hot-chicken-to-plano/,2026-08-22
2026-08-21,Café Ikebana To Open On Castro Street In Mountain View,"108 Castro St, Mountain View, CA 94041",https://whatnow.com/san-francisco/restaurants/cafe-ikebana-to-open-on-castro-street-in-mountain-view/,2026-08-22
2026-08-21,Firehouse Subs Plans Two New Austin-Area Locations,,https://whatnow.com/austin/restaurants/firehouse-subs-plans-two-new-austin-area-locations/,2026-08-22
2026-08-21,Haggo's Organic Taco To Open In San Clemente,"1402 S El Camino Real, San Clemente, CA 92672",https://whatnow.com/san-francisco/restaurants/haggos-organic-taco-to-open-in-san-clemente/,2026-08-22
2026-08-21,Shawarma Stop Bringing Its Fresh-Made Eats to Naperville,"1292 Rickert Dr, Naperville, IL 60540, USA",https://whatnow.com/chicago/restaurants/shawarma-stop-bringing-its-fresh-made-eats-to-naperville/,2026-08-21
2026-08-21,Eggs Up Grill to Open New Location,,https://whatnow.com/austin/restaurants/eggs-up-grill-to-open-new-location/,2026-08-21
2026-08-21,Top Chef Alum Shedding ‘The Schlep’ for Upcoming UES Spot,"1261 Park Ave, New York, NY 10029",https://whatnow.com/new-york/restaurants/top-chef-alum-shedding-the-schlep-for-upcoming-ues-spot/,2026-08-21
2026-08-21,Noori Food Hall Opening In Lilburn | What Now Atlanta,"3879 Wentworth Ln, Lilburn, GA 30047",https://whatnow.com/atlanta/restaurants/noori-food-hall-opening-in-lilburn/,2026-08-21
2026-08-21,V Pizza Bringing Neapolitan Pies to Jacksonville International Airport,"2400 Yankee Clipper Dr, Jacksonville, FL 32218, USA",https://whatnow.com/jacksonville/restaurants/v-pizza-bringing-neapolitan-pies-to-jacksonville-international-airport/,2026-08-21
2026-08-21,The Haggard Hare Bringing Family Cafe to Bunnell,"3351 N State St, Bunnell, FL 32110, USA",https://whatnow.com/jacksonville/restaurants/the-haggard-hare-bringing-family-cafe-to-bunnell/,2026-08-21
2026-08-21,"The Doar Brothers of Doar Bros. Will Open Cafe Lucca, Serving Coffee and Pastries","225 Meeting St, Charleston, SC 29403",https://whatnow.com/charleston/restaurants/the-doar-brothers-of-doar-bros-will-open-cafe-lucca-serving-coffee-and-pastries/,2026-08-21
2026-08-21,Pablo Becker Planning Two New Barrio Logan Eateries,,https://whatnow.com/san-diego/restaurants/pablo-becker-planning-two-new-barrio-logan-eateries/,2026-08-21
2026-08-21,Jeremiah’s Italian Ice Developing Woodstock Location | What Now Atlanta,"12186 GA-92, Woodstock, GA 30188",https://whatnow.com/atlanta/restaurants/jeremiahs-italian-ice-developing-woodstock-location/,2026-08-21
2026-08-21,The Gathering Is Coming to Mayo With a New Restaurant and Drive-Thru,"597 E Main St, Mayo, FL 32066, USA",https://whatnow.com/jacksonville/restaurants/the-gathering-is-coming-to-mayo-with-a-new-restaurant-and-drive-thru/,2026-08-21
2026-08-21,Gibsons Restaurant Group Announces Opening Date for Latest Concept,"925 W Fulton St, Chicago, IL 60607, USA",https://whatnow.com/chicago/restaurants/gibsons-restaurant-group-announces-opening-date-for-latest-concept/,2026-08-22
2026-08-21,Frothy Beard Brewing Submits Paperwork for Space on Sam Rittenberg Blvd,"1090 Sam Rittenberg Blvd, Charleston, SC 29407",https://whatnow.com/charleston/restaurants/frothy-beard-brewing-submits-paperwork-for-space-on-sam-rittenberg-blvd/,2026-08-21
2026-08-21,Smoking LeRoy’s Preparing First Brick and Mortar Location,"2770 Whitten Rd, Memphis, TN 38133",https://whatnow.com/memphis/restaurants/smoking-leroys-preparing-first-brick-and-mortar-location/,2026-08-21
2026-08-21,"After 12 Years, One of San Diego's Most Authentic Japanese Spots Is Closing","3298 Greyling Dr, San Diego, CA 92123",https://whatnow.com/san-diego/restaurants/after-12-years-one-of-san-diegos-most-authentic-japanese-spots-is-closing/,2026-08-21
2026-08-21,New York-Born Coffee and Matcha Brand Opens Its 106th Global Location in Studio City,"13273 Ventura Blvd., Studio City, CA 91604",https://whatnow.com/los-angeles/restaurants/new-york-born-coffee-and-matcha-brand-opens-its-106th-global-location-in-studio-city/,2026-08-21
2026-08-21,"First Watch to Serve Breakfast, Brunch and Lunch in Clarksville","3083 Wilma Rudolph Blvd, Clarksville, TN 37040, USA",https://whatnow.com/nashville/restaurants/first-watch-to-serve-breakfast-brunch-and-lunch-in-clarksville/,2026-08-21
2026-08-21,TENSHOU to Bring 2 New Dining Concepts to NYC,,https://whatnow.com/new-york/restaurants/tenshou-to-bring-2-new-dining-concepts-to-nyc/,2026-08-21
2026-08-21,Nothing Bundt Cakes to Sweeten Up the Fort Bend Town Center with an Opening,"10419 Hwy 6, Missouri City, TX 77459",https://whatnow.com/houston/restaurants/nothing-bundt-cakes-to-sweeten-up-the-fort-bend-town-center-with-an-opening/,2026-08-22
2026-08-21,"New Chinese Restaurant, Bingtanghulu, Coming to Brookline","1026 Commonwealth Ave, Boston, MA 02215",https://whatnow.com/boston/restaurants/new-chinese-restaurant-bingtanghulu-coming-to-brookline/,2026-08-21
2026-08-21,"Bararam, a New Restaurant from the Owners of Sola Bistro, Opening on St. Pete Beach","6702 Gulf Blvd, St Pete Beach, FL 33706",https://whatnow.com/tampa/restaurants/bararam-a-new-restaurant-from-the-owners-of-sola-bistro-opening-on-st-pete-beach/,2026-08-21
2026-08-21,Kupcakerie Planning Two Openings This Year | What Now Atlanta,,https://whatnow.com/atlanta/restaurants/kupcakerie-planning-two-openings-this-year/,2026-08-21
2026-08-21,Authentic Greek Restaurant Spinning Off Fast-Casual Spot on Bourbon Street,"532 Bourbon St, New Orleans, LA 70130",https://whatnow.com/new-orleans/restaurants/authentic-greek-restaurant-spinning-off-fast-casual-spot-on-bourbon-street/,2026-08-21
2026-08-21,Texas Roadhouse Announces Opening Date for Camarillo,"650 Ventura Blvd, Camarillo, CA 93010",https://whatnow.com/los-angeles/restaurants/texas-roadhouse-announces-opening-date-for-camarillo/,2026-08-21
2026-08-21,Novice to Open at the historic Moncrief Lenoir campus,"2103 Lyons Ave, Houston, TX 77020",https://whatnow.com/houston/restaurants/novice-to-open-at-the-historic-moncrief-lenoir-campus/,2026-08-24
2026-08-21,Shipley Do-Nuts to Bring Two Locations to the Triangle,"Raleigh, NC 27601",https://whatnow.com/charlotte/restaurants/shipley-do-nuts-to-bring-two-locations-to-the-triangle/,2026-08-21
2026-08-21,Stouthaus Coffee Plans New South Austin Location on Davis Lane,,https://whatnow.com/austin/restaurants/stouthaus-coffee-plans-new-south-austin-location-on-davis-lane/,2026-08-22
2026-08-21,T2 Cocktail Bar to Open at the historic Moncrief Lenoir campus,"2103 Lyons Ave, Houston, TX 77020",https://whatnow.com/houston/restaurants/t2-cocktail-bar-to-open-at-the-historic-moncrief-lenoir-campus/,2026-08-22
2026-08-21,Hattie B’s To Join New Concourse A at Nashville International Airport,"1 Terminal Dr, Nashville, TN 37214, United States",https://whatnow.com/nashville/restaurants/hattie-bs-to-join-new-concourse-a-at-nashville-international-airport/,2026-08-21
2026-08-21,Square One Concepts Expands With Bistecca & Bones and Second Ski Lodge,,https://whatnow.com/phoenix/restaurants/square-one-concepts-expands-with-bistecca-bones-and-second-ski-lodge/,2026-08-21
2026-08-21,Innerbloom To Open On Polk Street In San Francisco,"1101 Polk St, San Francisco, CA 94109",https://whatnow.com/san-francisco/restaurants/innerbloom-to-open-on-polk-street-in-san-francisco/,2026-08-22
2026-08-21,Newton's SALT Patisserie Expanding to Wellesley Square This Fall,"68A Central St, Wellesley, MA 02482",https://whatnow.com/boston/restaurants/newtons-salt-patisserie-expanding-to-wellesley-square-this-fall/,2026-08-22
2026-08-21,Two Jerks Seafood Reopening as a Restaurant in Port Orange,"79 Dunlawton Ave, Port Orange, FL 32127",https://whatnow.com/orlando/restaurants/two-jerks-seafood-reopening-in-port-orange/,2026-08-21
2026-08-21,Roma Antica To Open In Downtown San Mateo,"108 Castro St, Mountain View, CA 94041",https://whatnow.com/san-francisco/restaurants/roma-antica-to-open-in-downtown-san-mateo/,2026-08-22
2026-08-21,BHC Chicken Working on San Marcos Location,"133 N Twin Oaks Valley Rd, San Marcos, CA 92069",https://whatnow.com/san-diego/restaurants/bhc-chicken-working-on-san-marcos-location/,2026-08-21
2026-08-21,Mills Night Market Taking Over Former Little Saigon Space,"1106 E Colonial Dr, Orlando, FL 32803",https://whatnow.com/orlando/restaurants/mills-night-market-taking-over-former-little-saigon-space/,2026-08-21
2026-08-21,"Community-Focused Cafe, Bistro, and Event Space to Take Over Wayland’s Historic Town Hall Building","21 Cochituate Rd, Wayland, MA 01778",https://whatnow.com/boston/restaurants/community-focused-cafe-bistro-and-event-space-to-take-over-waylands-historic-town-hall-building/,2026-08-22
2026-08-21,Nora's Cuisine to Open in the Former Milo's Space in Boulder City’s downtown area,"538 Nevada Way, Boulder City, NV 89005",https://whatnow.com/las-vegas/restaurants/noras-cuisine-to-open-in-the-former-milos-space-in-boulder-citys-downtown-area/,2026-08-22
2026-08-21,Jeni’s Splendid Ice Creams Plans BullStreet District Opening,"2158 Pickens St, Columbia, SC 29201",https://whatnow.com/charleston/restaurants/jenis-splendid-ice-creams-plans-bullstreet-district-opening/,2026-08-21
2026-08-21,La Casa del Sazón Restaurant and Lounge Opening in Spring Hill,"4560 Commercial Way, Spring Hill, FL 34606",https://whatnow.com/tampa/restaurants/la-casa-del-sazon-restaurant-and-lounge-opening-in-spring-hill/,2026-08-21
2026-08-21,National Coffee Chain Opens New Metro Atlanta Location With 100 Days of Free Coffee,"9045 Hickory Flat Hwy, Woodstock, GA 30188",https://whatnow.com/atlanta/restaurants/national-coffee-chain-opens-new-metro-atlanta-location-with-100-days-of-free-coffee/,2026-08-21
2026-08-21,A Longtime Downtown Hospitality Professional Is Opening a New Restaurant in Manhattan's FiDi,"11 Hanover Square, New York, NY 10005",https://whatnow.com/new-york/restaurants/a-longtime-downtown-hospitality-professional-is-opening-a-new-restaurant-in-manhattans-fidi/,2026-08-21
2026-08-21,Patsy Ruth’s Piano Bar and Cabaret Tuning up for Memphis Opening,"2855 Poplar Ave, Memphis, TN 38111",https://whatnow.com/memphis/restaurants/patsy-ruths-piano-bar-and-cabaret-tuning-up-for-memphis-opening/,2026-08-21
2026-08-21,Roe & Olivia’s Will Bring a Taste of Miami to Lower South End,"3531 Dewitt Ln, Charlotte, NC 28217, USA",https://whatnow.com/charlotte/restaurants/roe-olivias-will-bring-a-taste-of-miami-to-lower-south-end/,2026-08-21
2026-08-21,Cafe Vida Finds a New Home in Pacific Palisades,"548 Palisades Dr, Pacific Palisades, CA 90272",https://whatnow.com/los-angeles/restaurants/cafe-vida-finds-a-new-home-in-pacific-palisades/,2026-08-21
2026-08-21,Here Today Brewery & Kitchen Reveals Three Upcoming Concepts,"3400 Phinney Ave N, Seattle, WA 98103",https://whatnow.com/seattle/restaurants/here-today-brewery-kitchen-reveals-three-upcoming-concepts/,2026-08-21
2026-08-21,Titus Burger Plans (Re)Opening in Titusville,"1450 N Washington Ave, Titusville, FL 32796",https://whatnow.com/orlando/restaurants/titus-burger-reopening-in-titusville/,2026-08-21
2026-08-21,Original Joe's Cable Car To Open In West Portal,"385 W Portal Ave, San Francisco, CA 94127",https://whatnow.com/san-francisco/restaurants/original-joes-cable-car-to-open-in-west-portal/,2026-08-22
2026-08-21,Gallicchio’s Market & Eatery Sets Fall Opening on Person Street,"702 N Person St, Raleigh, NC 27604, USA",https://whatnow.com/charlotte/restaurants/gallicchios-market-eatery-sets-fall-opening-on-person-street/,2026-08-21
2026-08-21,Local Foods to Open Second Austin Restaurant at 38th & Lamar on August 21 | What Now Austin,"3800 N Lamar Blvd, Austin, TX 78756",https://whatnow.com/austin/restaurants/local-foods-to-open-second-austin-restaurant-at-38th-lamar-on-august-21/,2026-08-21
2026-08-21,Fogo de Chão Set to Bring Second Michigan Location to Livonia,"38888 Six Mile Rd, Livonia, MI 48152, USA",https://whatnow.com/detroit/restaurants/fogo-de-chao-set-to-bring-second-michigan-location-to-livonia/,2026-08-22
2026-08-21,D’Lites Ice Creamery Opening in Palm Harbor,"35222 US Hwy 19 N, Palm Harbor, FL 34684",https://whatnow.com/tampa/restaurants/dlites-ice-creamery-opening-in-palm-harbor/,2026-08-21
2026-08-21,Sid’s Tavern Bringing a Modern-Day ‘Cheers’ Concept to Pioneer Square,"121 S King St, Seattle, WA 98134",https://whatnow.com/seattle/restaurants/sids-tavern-bringing-a-modern-day-cheers-concept-to-pioneer-square/,2026-08-21
2026-08-21,"Oringo Africana to Bring Nigerian Cuisine, Hospitality to San Antonio With New Restaurant","1701 E Houston St, San Antonio, TX 78202, USA",https://whatnow.com/san-antonio/restaurants/oringo-africana-to-bring-nigerian-cuisine-hospitality-to-san-antonio-with-new-restaurant/,2026-08-21
2026-08-21,Maxie’s to Open a Second Location,"1695 E Cactus Ave, Henderson, NV 89052",https://whatnow.com/houston/restaurants/maxies-to-open-a-second-location/,2026-08-22
2026-08-20,Ukrainian Nubo Café & Bakery Now Open on Cleveland Street | What Now Tampa,"420 Cleveland St, Clearwater, FL 33756",https://whatnow.com/tampa/restaurants/ukrainian-nubo-cafe-bakery-now-open-on-cleveland-street/,2026-08-20
2026-08-20,Snarf's Sandwiches Plans Frisco Location at Stonebriar Colorado,,https://whatnow.com/dallas/restaurants/snarfs-sandwiches-plans-frisco-location-at-stonebriar-colorado/,2026-08-21
2026-08-20,Shipley Donuts Coming to Metro Detroit With 15 Planned Locations,,https://whatnow.com/detroit/restaurants/shipley-donuts-coming-to-metro-detroit-with-15-planned-locations/,2026-08-21
2026-08-20,A Community Fixture Prepares to Open Chit Chat on Maple in Florence,"165 Maple St, Florence, OR 97439, USA",https://whatnow.com/portland/restaurants/a-community-fixture-prepares-to-open-chit-chat-on-maple-in-florence/,2026-08-21
2026-08-20,"Common Room and The Brooklyn Room Speakeasy are Now Open in Downtown Hollywood, Florida | What Now Miami","2032 Harrison St, Hollywood, FL 33020",https://whatnow.com/miami/restaurants/common-room-and-the-brooklyn-room-speakeasy-are-now-open-in-downtown-hollywood-florida/,2026-08-20
2026-08-20,T&Z Chinese Restaurant Changes Hands Quietly,"2550 W El Camino Ave, Sacramento, CA 95833, USA",https://whatnow.com/sacramento/restaurants/tz-chinese-restaurant-changes-hands-quietly/,2026-08-20
2026-08-20,Longtime Lansdale BBQ Restaurant to Serve Its Final Meal This Month,"575 S Broad St, Lansdale, PA 19446, United States",https://whatnow.com/philadelphia/restaurants/longtime-lansdale-bbq-restaurant-to-serve-its-final-meal-this-month/,2026-08-20
2026-08-20,Juicy Birds Planning Multiple New Locations In Ontario | What Now Toronto,,https://whatnow.com/toronto/restaurants/juicy-birds-planning-multiple-new-locations-in-ontario/,2026-08-20
2026-08-20,The Palouse Pizzeria Bringing ’80s and ’90s Nostalgia to Tekoa,"205 N Crosby St, Tekoa, WA 99033",https://whatnow.com/seattle/restaurants/the-palouse-pizzeria-bringing-80s-and-90s-nostalgia-to-tekoa/,2026-08-20
2026-08-20,Filipino-Inspired Coffee Shop Koffee Paradise Expanding in Columbus,"1333 N High St 1333 n, Columbus, OH 43201, USA",https://whatnow.com/columbus/restaurants/filipino-inspired-coffee-shop-coffee-paradise-expanding-in-columbus/,2026-08-20
2026-08-20,Colette Bakery to Open Fourth Boston-Area Location in Arlington,"681 Massachusetts Ave, Arlington, MA 02476",https://whatnow.com/boston/restaurants/colette-bakery-to-open-fourth-boston-area-location-in-arlington/,2026-08-21
2026-08-20,La Voie Maltée Relocating In Jonquière This Fall | What Now Montreal,"2655 Royaume Blvd, Jonquière, Quebec G7S 4S9, Canada",https://whatnow.com/montreal/restaurants/la-voie-maltee-relocating-in-jonquiere-this-fall/,2026-08-20
2026-08-20,Denny’s Set to Reopen Columbus Location Near Ohio State After Remodel,"3019 Olentangy River Rd, Columbus, OH 43202, USA",https://whatnow.com/columbus/restaurants/dennys-set-to-reopen-columbus-location-near-ohio-state-after-remodel/,2026-08-20
2026-08-20,Momo Sando & Omakase Working on Second Location,"2521 Palomar Airport Rd, Carlsbad, CA 92011",https://whatnow.com/san-diego/restaurants/momo-sando-omakase-working-on-second-location/,2026-08-20
2026-08-20,Mammone To Open In Carmel-By-The-Sea,,https://whatnow.com/san-francisco/restaurants/mammone-to-open-in-carmel-by-the-sea/,2026-08-20
2026-08-20,Banju To Open In Carmel-By-The-Sea,,https://whatnow.com/san-francisco/restaurants/banju-to-open-in-carmel-by-the-sea/,2026-08-20
2026-08-20,Olive Garden Replacing TGI Fridays in Rosemead,"3518 Rosemead Blvd, Rosemead, CA 91770",https://whatnow.com/los-angeles/restaurants/olive-garden-replacing-tgi-fridays-in-rosemead/,2026-08-20
2026-08-20,Brady’s Bakery Planning Permanent Echo Park Site,,https://whatnow.com/los-angeles/restaurants/bradys-bakery-planning-permanent-echo-park-site/,2026-08-20
2026-08-20,A Beloved Chinatown Boba and Mochi Donut Spot Is Closing This August,"4240 Spring Mountain Rd, Las Vegas, NV 89102, United States",https://whatnow.com/las-vegas/restaurants/a-beloved-chinatown-boba-and-mochi-donut-spot-is-closing-this-august/,2026-08-20
2026-08-20,Brank’s BBQ Moving Across the Street to New Sumner Home,"2451 136th Ave Ct E, Sumner, WA 98390",https://whatnow.com/seattle/restaurants/branks-bbq-moving-across-the-street-to-new-sumner-home/,2026-08-20
2026-08-20,Zio Al's Pizza and Pasta to Open Along Westheimer Road,"106 Westheimer Rd, Houston, TX 77006",https://whatnow.com/houston/restaurants/zio-als-pizza-and-pasta-to-open-along-westheimer-road/,2026-08-20
2026-08-20,Pizzicata Rebrands in Mesa as Scarpetta on the Green,"6210 E McKellips Rd, Mesa, AZ 85215",https://whatnow.com/phoenix/restaurants/pizzicata-rebrands-in-mesa-as-scarpetta-on-the-green/,2026-08-20
2026-08-20,7 Brew Brewing Up Another Triangle Location in Durham,"Triangle Village Shopping Center, 4603 NC-55, Durham, NC 27713, USA",https://whatnow.com/charlotte/restaurants/7-brew-brewing-up-another-triangle-location-in-durham/,2026-08-20
2026-08-20,Hawkers Asian Street Food Set to Join Nashville International Airport’s New Concourse A,"1 Terminal Dr, Nashville, TN 37214, United States",https://whatnow.com/nashville/restaurants/hawkers-asian-street-food-set-to-join-nashville-international-airports-new-concourse-a/,2026-08-20
2026-08-20,New All-Day Café Coming to the East Village,"219 1st Ave., New York, NY 10003",https://whatnow.com/new-york/restaurants/new-all-day-cafe-coming-to-the-east-village/,2026-08-20
2026-08-20,85°C Bakery Cafe Coming to Aurora,"2767 S Parker Rd, Aurora, CO 80014, USA",https://whatnow.com/denver/restaurants/85c-bakery-cafe-coming-to-aurora/,2026-08-20
2026-08-20,Go Greek Yogurt Plans New University Park-Area Location,"6401 Hillcrest Rd, Dallas, TX 75225, USA",https://whatnow.com/dallas/restaurants/go-greek-yogurt-plans-new-university-park-area-location/,2026-08-20
2026-08-20,Oso Underground Bringing New Cocktail and Dining Concept to Fort Collins,"135 W Oak St, Fort Collins, CO 80524, USA",https://whatnow.com/denver/restaurants/oso-underground-bringing-new-cocktail-and-dining-concept-to-fort-collins/,2026-08-20
2026-08-20,Downtown McKinney's Beloved Wagyu Burger Spot Closes Its Doors,"216 W Virginia St Ste 102, McKinney, TX 75069",https://whatnow.com/dallas/restaurants/downtown-mckinneys-beloved-wagyu-burger-spot-closes-its-doors/,2026-08-20
2026-08-20,26-Year-Old Los Angeles Nightlife Spot Announces Its Closure,"747 N La Cienega Blvd, Los Angeles, CA 90069",https://whatnow.com/los-angeles/restaurants/26-year-old-los-angeles-nightlife-spot-announces-its-closure/,2026-08-20
2026-08-20,Turkey and the Wolf Could Open at Nashville International Airport by 2028,"1 Terminal Dr, Nashville, TN 37214, United States",https://whatnow.com/nashville/restaurants/turkey-and-the-wolf-could-open-at-nashville-international-airport-by-2028/,2026-08-20
2026-08-20,"Panini Kabob Grill Continues to Expand, With a Location Planned for the Las Vegas Strip","3200 S Las Vegas Blvd, Las Vegas, NV 89109",https://whatnow.com/las-vegas/restaurants/panini-kabob-grill-continues-to-expand-with-a-location-planned-for-the-las-vegas-strip/,2026-08-20
2026-08-20,Café Royale to Open New All-Day Café in Midtown Raleigh,"1000 Social St, Raleigh, NC 27609, USA",https://whatnow.com/charlotte/restaurants/cafe-royale-to-open-new-all-day-cafe-in-midtown-raleigh/,2026-08-20
2026-08-20,Jeff’s Beach Burgers Coming to UCSD's Triton Center,"9500 Gilman Dr, La Jolla, CA 92093",https://whatnow.com/san-diego/restaurants/jeffs-beach-burgers-coming-to-ucsds-triton-center/,2026-08-20
2026-08-20,Boston Pizza Planning Restaurant In Dryden | What Now Toronto,"Government St, Dryden, ON P8N 2P6, Canada",https://whatnow.com/toronto/restaurants/boston-pizza-planning-restaurant-in-dryden/,2026-08-20
2026-08-20,Gorjana is Bringing Signature Sparkle to Cherry Hill Mall,"2000 NJ-38, Cherry Hill Township, NJ 08002",https://whatnow.com/philadelphia/restaurants/gorjana-is-bringing-signature-sparkle-to-cherry-hill-mall/,2026-08-20
2026-08-20,"Team Behind Queen B Vinyl Café and Merkin Vineyards Announces Opening of Sister Restaurant, Queen B Sushi | What Now Phoenix","816 N Main St, Cottonwood, AZ 86326",https://whatnow.com/phoenix/restaurants/team-behind-queen-b-vinyl-cafe-and-merkin-vineyards-announces-opening-of-sister-restaurant-queen-b-sushi/,2026-08-20
2026-08-20,Triangle Spirits Owners Take Over The Attic in Madison Park,"4226 E Madison St, Seattle, WA 98112",https://whatnow.com/seattle/restaurants/triangle-spirits-owners-take-over-the-attic-in-madison-park/,2026-08-21
2026-08-20,Popular Baton Rouge Tavern Preparing to Relocate Close to Tigerland,"5201 Nicholson Dr, Baton Rouge, LA 70820",https://whatnow.com/new-orleans/restaurants/popular-baton-rouge-tavern-preparing-to-relocate-close-to-tigerland/,2026-08-20
2026-08-20,"Potbelly to Open New Sandwich Shop in Marysville, Ohio","755 Colemans Crossing Blvd, Marysville, OH 43040, USA",https://whatnow.com/columbus/restaurants/potbelly-to-open-new-sandwich-shop-in-marysville-ohio/,2026-08-20
2026-08-20,"The Core City Cafe That Served 2,800 Guests a Month Is Closing","4884 Grand River Ave Unit 1A, Detroit, MI 48208",https://whatnow.com/detroit/restaurants/the-core-city-cafe-that-served-2800-guests-a-month-is-closing/,2026-08-20
2026-08-20,Oriri Coffee: New Cafe Concept Plans Cedar Park Location,"705 Vista Ridge Blvd #101, Cedar Park, TX 78613, USA",https://whatnow.com/austin/restaurants/oriri-coffee-new-cafe-concept-plans-cedar-park-location/,2026-08-20
2026-08-20,Huey's Coffee Eyes New Fate Location,,https://whatnow.com/dallas/restaurants/hueys-coffee-eyes-new-fate-location/,2026-08-21
2026-08-20,Vesta Coffee Roasters to Open on Blue Diamond and Rainbow,"7120 Blue Diamond Rd, Las Vegas, NV 89178",https://whatnow.com/las-vegas/restaurants/vesta-coffee-roasters-to-open-on-blue-diamond-and-rainbow/,2026-08-21
2026-08-20,Jersey Mike's is Set to Open in the Rayford Crossing Retail Center,"2927 Riley Fuzzel Rd, Spring, TX 77386",https://whatnow.com/houston/restaurants/jersey-mikes-is-set-to-open-in-the-rayford-crossing-retail-center/,2026-08-21
2026-08-20,'Breakfast Tacos Are a Way of Life': Taco Heart Brings a Taste of Texas to Ardmore,"120 Coulter Ave., Ardmore, PA 19003",https://whatnow.com/philadelphia/restaurants/breakfast-tacos-are-a-way-of-life-taco-heart-brings-a-taste-of-texas-to-ardmore/,2026-08-20
2026-08-20,Paris Baguette Confirms Cedar Park Location,"901 Arrow Point Dr Building A, Suite 103, Cedar Park, TX 78613, USA",https://whatnow.com/austin/restaurants/paris-baguette-confirms-cedar-park-location/,2026-08-20
2026-08-19,A Pennsylvania Fried Chicken Chain Is Closing Its Wrightstown Location,"557B Durham Rd, UPR MAKEFIELD, PA 18940",https://whatnow.com/philadelphia/restaurants/a-pennsylvania-fried-chicken-chain-is-closing-its-wrightstown-location/,2026-08-19
2026-08-19,"City Barbeque Fires Up its Smokers in Smyrna, TN | What Now Nashville","110 Sam Ridley Pkwy E, Smyrna, TN 37167",https://whatnow.com/nashville/restaurants/city-barbeque-fires-up-its-smokers-in-smyrna-tn/,2026-08-19
2026-08-19,The Geyser Room Reopens at Hunters Hot Springs Resort in Lakeview,18088 HIGHWAY 395 LAKEVIEW OR  97630-9130,https://whatnow.com/portland/restaurants/the-geyser-room-reopens-at-hunters-hot-springs-resort-in-lakeview/,2026-08-19
2026-08-19,Ferrazzani’s Pasta & Market Moving to Altadena,"2082 Lincoln Ave, Altadena, CA 91001",https://whatnow.com/los-angeles/restaurants/ferrazzanis-pasta-market-moving-to-altadena/,2026-08-19
2026-08-19,Ocean Garden Ramen Taking Over Former Naya's Taqueria Space in Springfield,"4712 Royal Ave, Eugene, OR 97402",https://whatnow.com/portland/restaurants/ocean-garden-ramen-taking-over-former-nayas-taqueria-space-in-springfield/,2026-08-20
2026-08-19,Here’s the Scoop; Fabled Ice Cream to Open First Storefront,"7940 Fort Hunt Rd, Alexandria, VA 22308",https://whatnow.com/washington-dc/restaurants/heres-the-scoop-fabled-ice-cream-to-open-first-storefront/,2026-08-20
2026-08-19,Jack’s Cafe Making Comeback as Jack’s Diner,"41 George St, Charleston, SC 29401",https://whatnow.com/charleston/restaurants/jacks-cafe-making-comeback-as-jacks-diner/,2026-08-19
2026-08-19,Los Chuchu-Locos Snack Bar Aims for September Opening,"19220 SE Stark St, Portland, OR 97233",https://whatnow.com/portland/restaurants/los-chuchu-locos-snack-bar-aims-for-september-opening/,2026-08-20
2026-08-19,A Self-Pour Taproom in Royal Oak That Helped Change Michigan Law Is Closing,"111 S Main St, Royal Oak, MI 48067",https://whatnow.com/detroit/restaurants/a-self-pour-taproom-in-royal-oak-that-helped-change-michigan-law-is-closing/,2026-08-19
2026-08-19,Taqueria Mexa Opening Second Location in Downtown Portland,"1921 SW 6th Ave, Portland, OR 97201, USA",https://whatnow.com/portland/restaurants/taqueria-mexa-opening-second-location-in-downtown-portland/,2026-08-19
2026-08-19,Charlee Rose Coffee Relocating Gilbert Cafe to Mesa,"1134 S Stapley Dr, Suite 105, Mesa, AZ 85204",https://whatnow.com/phoenix/restaurants/charlee-rose-coffee-relocating-gilbert-cafe-to-mesa/,2026-08-19
2026-08-19,Henri’s Bakery & Deli Planning Athens Expansion | What Now Atlanta,"1573 S Lumpkin St, Athens, GA 30605",https://whatnow.com/atlanta/restaurants/henris-bakery-deli-planning-athens-expansion/,2026-08-19
2026-08-19,Two Manhattan Locations of a Long-Running NYC Restaurant Have Closed,,https://whatnow.com/new-york/restaurants/two-manhattan-locations-of-a-long-running-nyc-restaurant-have-closed/,2026-08-19
2026-08-19,Ellie B’s Ice Cream Looks to Be Planning First Brick-and-Mortar,"204 S Collins St b, Plant City, FL 33563",https://whatnow.com/tampa/restaurants/ellie-bs-ice-cream-looks-to-be-planning-first-brick-and-mortar/,2026-08-19
2026-08-19,Cantina La Martina Is Back: Philly Mexican Eatery Finds Two New Homes,,https://whatnow.com/philadelphia/restaurants/cantina-la-martina-is-back-philly-mexican-eatery-finds-two-new-homes/,2026-08-19
2026-08-19,Jet’s Pizza Now Open in Centennial Hills | What Now Las Vegas,"8426 Farm Rd, Las Vegas, NV 89131",https://whatnow.com/las-vegas/restaurants/jets-pizza-now-open-in-centennial-hills/,2026-08-19
2026-08-19,A Veteran-Owned Charcuterie Shop Just Opened in Alpharetta,"670 N Main St, Alpharetta, GA 30009",https://whatnow.com/atlanta/restaurants/a-veteran-owned-charcuterie-shop-just-opened-in-alpharetta/,2026-08-19
2026-08-19,A New Contemporary Californian Restaurant Has Opened Inside The Hollywood Roosevelt Hotel,"7000 Hollywood Blvd, Los Angeles, CA 90028",https://whatnow.com/los-angeles/restaurants/a-new-contemporary-californian-restaurant-has-opened-inside-the-hollywood-roosevelt-hotel/,2026-08-19
2026-08-19,"Joint Brewery, Taproom, and Café Coming to Somerville's Davis Square","49 Day St, Somerville, MA 02144",https://whatnow.com/boston/restaurants/joint-brewery-taproom-and-cafe-coming-to-somervilles-davis-square/,2026-08-20
2026-08-19,The Christmas Cafe Bringing Year-Round Holiday Cheer to North Peoria,"24980 N 83rd Ave, Peoria, AZ 85383",https://whatnow.com/phoenix/restaurants/the-christmas-cafe-bringing-year-round-holiday-cheer-to-north-peoria/,2026-08-19
2026-08-19,An Upscale Indian Restaurant Is Bringing Regional Flavors to Midtown Atlanta,"1020 Spring St NW, Atlanta, GA 30309",https://whatnow.com/atlanta/restaurants/an-upscale-indian-restaurant-is-bringing-regional-flavors-to-midtown-atlanta/,2026-08-19
2026-08-19,New Restaurateur Came Out of Retirement for Next Chapter,"3397 Summer Ave, Memphis, TN 38122",https://whatnow.com/memphis/restaurants/new-restaurateur-came-out-of-retirement-for-next-chapter/,2026-08-20
2026-08-19,Hyperbolic Brewing Company Opening in October,"1231 N Orange Ave, Orlando, FL 32804",https://whatnow.com/orlando/restaurants/hyperbolic-brewing-company-opening-in-october/,2026-08-19
2026-08-19,Nature’s Table Express Location Opening on Southpark Center Loop,"9205 Southpark Center Loop, Orlando, FL 32819",https://whatnow.com/orlando/restaurants/natures-table-express-location-opening-on-southpark-center-loop/,2026-08-19
2026-08-19,Envy Bar & Lounge Opening in Sanford,"2990 S Sanford Ave, Sanford, FL 32773",https://whatnow.com/orlando/restaurants/envy-bar-lounge-opening-in-sanford/,2026-08-19
2026-08-19,Illusion Sports Bar Opening In Buckhead This Fall | What Now Atlanta,"3195 Roswell Rd, Atlanta, GA 30305",https://whatnow.com/atlanta/restaurants/illusion-sports-bar-opening-in-buckhead-this-fall/,2026-08-19
2026-08-19,SoFresh Headed to Valrico This Winter,"3482 Lithia Pinecrest Rd, Valrico, FL 33596",https://whatnow.com/tampa/restaurants/sofresh-headed-to-valrico-this-winter/,2026-08-19
2026-08-19,Mozza Opening with Artisan Sandwiches in St. Pete,"2319 Dr M.L.K. Jr St N, St. Petersburg, FL 33704",https://whatnow.com/tampa/restaurants/mozza-opening-with-artisan-sandwiches-in-st-pete/,2026-08-19
2026-08-19,Angry Dumplings Tea Expanding With Second Knoxville-Area Location,"10943 Kingston Pike, Farragut, TN 37934, USA",https://whatnow.com/nashville/restaurants/angry-dumplings-tea-expanding-with-second-knoxville-area-location/,2026-08-19
2026-08-19,South Block’s Next Charlotte Chapter Takes Shape in South End,"110 East Blvd, Charlotte, NC 28203, USA",https://whatnow.com/charlotte/restaurants/south-blocks-next-charlotte-chapter-takes-shape-in-south-end/,2026-08-19
2026-08-19,Sinner Buns Hopes to Eventually Open a Storefront,,https://whatnow.com/san-diego/restaurants/sinner-buns-hopes-to-eventually-open-a-storefront/,2026-08-19
2026-08-19,Mozzo Deli Headed to Nexton This Winter,"410 Brighton Park Blvd, Summerville, SC 29483",https://whatnow.com/charleston/restaurants/mozzo-deli-headed-to-nexton-this-winter/,2026-08-19
2026-08-19,Built on Family Restaurant Roots: Gigio’s Mediterranean Bistro is Coming to Mullica Hill,"72 N Main St., Mullica Hill, NJ 08062",https://whatnow.com/philadelphia/restaurants/built-on-family-restaurant-roots-gigios-mediterranean-bistro-is-coming-to-mullica-hill/,2026-08-19
2026-08-19,Goodness Bowls is Putting Down New Roots With Conshohocken Eatery and Headquarters,"200 Fayette St., Conshohocken, PA 19428",https://whatnow.com/philadelphia/restaurants/goodness-bowls-is-putting-down-new-roots-with-conshohocken-eatery-and-headquarters/,2026-08-19
2026-08-19,Local Entrepreneur Opening Breakfast Spot In Brookhaven | What Now Atlanta,"2829 Buford Hwy NE, Atlanta, GA 30329",https://whatnow.com/atlanta/restaurants/local-entrepreneur-opening-breakfast-spot-in-brookhaven/,2026-08-19
2026-08-18,Convict Coffee Coming to Colfax in Denver,"2260 E Colfax Ave, Denver, CO 80206",https://whatnow.com/denver/restaurants/convict-coffee-coming-to-colfax-in-denver/,2026-08-18
2026-08-18,Shake Shack Expanding Across Ontario With Three New Locations | What Now Toronto,"3275 Wonderland Rd S, London, ON N6L 0E3, Canada",https://whatnow.com/toronto/restaurants/shake-shack-expanding-across-ontario-with-three-new-locations/,2026-08-18
2026-08-18,Maker Pizza Planning Late Summer Opening In Mississauga | What Now Toronto,"181 City Centre Dr, Mississauga, ON L5B 0N7, Canada",https://whatnow.com/toronto/restaurants/maker-pizza-planning-late-summer-opening-in-mississauga/,2026-08-18
2026-08-18,"Zebra Club by Naren Young, Michelle Bernstein, David Martinez and Dan Binkiewicz to Open in Miami Beach","150 20th St, Miami Beach, FL 33139",https://whatnow.com/miami/restaurants/zebra-club-by-naren-young-michelle-bernstein-david-martinez-and-dan-binkiewicz-to-open-in-miami-beach/,2026-08-19
2026-08-18,Ophelia is Coming to Huizenga Park,"32 E Las Olas Blvd, Fort Lauderdale, FL 33301",https://whatnow.com/uncategorized/restaurants/ophelia-is-coming-to-huizenga-park/,2026-08-19
2026-08-18,Subway Bringing Drive-Thru Location To Lanaudière Region | What Now Montreal,"230 Rue Petite Noraie, Joliette, QC J6E 8Y9, Canada",https://whatnow.com/montreal/restaurants/subway-bringing-drive-thru-location-to-lanaudiere-region/,2026-08-18
2026-08-18,Denver-Style Breakfast Burritos Are Coming to NYC This Fall,"380 Broome St., New York, NY 10013",https://whatnow.com/new-york/restaurants/denver-style-breakfast-burritos-are-coming-to-nyc-this-fall/,2026-08-18
2026-08-18,Sushi Tomoki Working on Second Site in Sherman Oaks,"14622 Ventura Blvd, Sherman Oaks, CA 91403",https://whatnow.com/los-angeles/restaurants/sushi-tomoki-working-on-second-site-in-sherman-oaks/,2026-08-18
2026-08-18,"The Mexican Restaurant Chain Once Had 150+ Locations, Now It's Selling Off Its Equipment After Bankruptcy",,https://whatnow.com/news/restaurants/the-mexican-restaurant-chain-once-had-150-locations-now-its-selling-off-its-equipment-after-bankruptcy/,2026-08-18
2026-08-18,"FUKU West Palm Beach To Celebrate Official Grand Opening On Aug. 20 With Local Collaborations, Giveaways And All-Day Experiences | What Now Miami","407 S Rosemary Ave, West Palm Beach, FL 33401",https://whatnow.com/miami/restaurants/fuku-west-palm-beach-to-celebrate-official-grand-opening-on-aug-20-with-local-collaborations-giveaways-and-all-day-experiences/,2026-08-18
2026-08-18,Inheritance Coffee Coming to Jacksonville,"1633 University Blvd N, Jacksonville, FL 32211",https://whatnow.com/jacksonville/restaurants/inheritance-coffee-coming-to-jacksonville/,2026-08-18
2026-08-18,Pepper Lunch to Make a Grand Comeback in Las Vegas,"3747 S Las Vegas Blvd, Las Vegas, NV 89109",https://whatnow.com/las-vegas/restaurants/pepper-lunch-to-make-a-grand-comeback-in-las-vegas/,2026-08-18
2026-08-18,Pass the Malt Vinegar: Dame Team is Bringing Fish and Chips to the East Village,"21 E 7th St., New York, NY 10003",https://whatnow.com/new-york/restaurants/pass-the-malt-vinegar-dame-team-is-bringing-fish-and-chips-to-the-east-village/,2026-08-18
2026-08-18,Donut Petit To Open New Location At 100 First Street In San Francisco,"100 1st St, San Francisco, CA 94105",https://whatnow.com/san-francisco/restaurants/donut-petit-to-open-new-location-at-100-first-street-in-san-francisco/,2026-08-18
2026-08-18,New Owner Plans Expansion for Columbus’ Old Mohawk Restaurant,"819 Mohawk St, Columbus, OH 43206, USA",https://whatnow.com/columbus/restaurants/new-owner-plans-expansion-for-columbus-old-mohawk-restaurant/,2026-08-18
2026-08-18,New Chinese Buffet Planned for Northwest San Antonio,"3145 Northwest Loop 410, San Antonio, TX 78230, USA",https://whatnow.com/san-antonio/restaurants/new-chinese-buffet-planned-for-northwest-san-antonio/,2026-08-18
2026-08-18,French Café Maman Eyes Southlake,"1161 E Southlake Blvd, Southlake, TX 76092, USA",https://whatnow.com/dallas/restaurants/french-cafe-maman-eyes-southlake/,2026-08-19
2026-08-18,Relish Restaurant and Bar is on the Move,"3120 Buffalo Speedway, Houston, TX 77098",https://whatnow.com/houston/restaurants/relish-restaurant-and-bar-is-on-the-move/,2026-08-18
2026-08-18,José Andrés is Bringing Bazaar Meat to Andaz Miami Beach,"4041 Collins Ave, Miami Beach, FL 33140",https://whatnow.com/miami/restaurants/jose-andres-is-bringing-bazaar-meat-to-andaz-miami-beach/,2026-08-19
2026-08-18,Prasino Opening Two New Cafés in Chicago,"216 N Aberdeen St, Chicago, IL 60607",https://whatnow.com/chicago/restaurants/prasino-opening-two-new-cafes-in-chicago/,2026-08-18
2026-08-18,Longtime Mediterranean Restaurant in San Diego’s University Heights Is Closing,"4622 Park Blvd, San Diego, CA 92116, United States",https://whatnow.com/san-diego/restaurants/longtime-mediterranean-restaurant-in-san-diegos-university-heights-is-closing/,2026-08-18
2026-08-18,"TENSHOU Collection, Fine-Dining Japanese Omakase Concept, to Debut on the Las Vegas Strip","3747 S Las Vegas Blvd, Las Vegas, NV 89109",https://whatnow.com/las-vegas/restaurants/tenshou-collection-fine-dining-japanese-omakase-concept-to-debut-on-the-las-vegas-strip/,2026-08-18
2026-08-18,Vino and Vinyl Supper Club is Growing,"15977 City Walk, Sugar Land, TX 77479",https://whatnow.com/houston/restaurants/vino-and-vinyl-supper-club-is-growing/,2026-08-18
2026-08-18,Baskin-Robbins Celebrates Grand Opening of New Murfreesboro Shop | What Now Nashville,"1741 S Rutherford Blvd, Murfreesboro, TN 37130",https://whatnow.com/nashville/restaurants/baskin-robbins-celebrates-grand-opening-of-new-murfreesboro-shop/,2026-08-18
2026-08-18,Gus’s Community Market To Open In Los Gatos In Spring 2027,"15980 Los Gatos Blvd, Los Gatos, CA 95032",https://whatnow.com/san-francisco/retail/guss-community-market-to-open-in-los-gatos-in-spring-2027/,2026-08-18
2026-08-18,Madison on Park to Temporarily Close for Renovation,"4622 Park Blvd, San Diego, CA 92116",https://whatnow.com/san-diego/restaurants/madison-on-park-to-temporarily-close-for-renovation/,2026-08-18
2026-08-18,Capris Trattoria Pizzeria Coming to Thousand Oaks,"140 W Hillcrest Dr, Thousand Oaks, CA 91360",https://whatnow.com/los-angeles/restaurants/capris-trattoria-pizzeria-coming-to-thousand-oaks/,2026-08-18
2026-08-18,Placerville Public House Changes Ownership Hands,"305 Main St, Placerville, CA 95667, USA",https://whatnow.com/sacramento/restaurants/placerville-public-house-changes-ownership-hands/,2026-08-19
2026-08-18,ThirdLove is Bringing Its Bras to Aventura Mall,"19501 biscayne boulevard, Aventura, FL 33180",https://whatnow.com/miami/restaurants/thirdlove-is-bringing-its-bras-to-aventura-mall/,2026-08-18
2026-08-18,"Popular Smash Burgers Chain to Close Wildlight Location, Ending Seven-Year Run","20 Homegrown Way Ste e, Yulee, FL 32097, United States",https://whatnow.com/jacksonville/restaurants/popular-smash-burgers-chain-to-close-wildlight-location-ending-seven-year-run/,2026-08-18
2026-08-18,Grind Hamburgers Planning Mississauga Location | What Now Toronto,"17 Tannery St, Mississauga, ON L5M 1V1, Canada",https://whatnow.com/toronto/restaurants/grind-hamburgers-planning-mississauga-location/,2026-08-18
2026-08-18,Four Two Cafe to Bring Family-Friendly Coffee Shop and Play Space to Manvel,"18909 Hwy 6, Manvel, TX 77578",https://whatnow.com/houston/restaurants/four-two-cafe-to-bring-family-friendly-coffee-shop-and-play-space-to-manvel/,2026-08-19
2026-08-18,Introducing Kira Omakase by Chef Yoshi Okai | What Now New Orleans,"601 Tchoupitoulas St, New Orleans, LA 70130",https://whatnow.com/new-orleans/restaurants/introducing-kira-omakase-by-chef-yoshi-okai/,2026-08-18
2026-08-18,Izumi Japanese Restaurant Changes Hands in Rocklin,"6840 Five Star Blvd, Rocklin, CA 95677, USA",https://whatnow.com/sacramento/restaurants/izumi-japanese-restaurant-changes-hands-in-rocklin/,2026-08-19
2026-08-18,The Team Behind Lucian Books & Wine Is Bringing a New Dining Concept to Atlanta’s Old Fourth Ward,"405 N Angier Ave NE Suite 220, Atlanta, GA 30308",https://whatnow.com/atlanta/restaurants/the-team-behind-lucian-books-wine-is-bringing-a-new-dining-concept-to-atlantas-old-fourth-ward/,2026-08-18
2026-08-18,"Downtown Cafe, New Coffee Shop Concept, to Debut on S. Casino Center Blvd.","321 S Casino Center Blvd, Las Vegas, NV 89101",https://whatnow.com/las-vegas/restaurants/downtown-cafe-new-coffee-shop-concept-to-debut-on-s-casino-center-blvd/,2026-08-19
2026-08-18,A Taste of European Elegance Is Coming to Hatboro,"482 Jacksonville Rd., Hatboro, PA 19040",https://whatnow.com/philadelphia/restaurants/a-taste-of-european-elegance-is-coming-to-hatboro/,2026-08-18
2026-08-18,Sisters Bring a Taste of Home to SoHo With New Dessert Shop,"241 Mulberry St., New York, NY 10012",https://whatnow.com/new-york/restaurants/sisters-bring-a-taste-of-home-to-soho-with-new-dessert-shop/,2026-08-18
2026-08-18,Spirulina Health Bar Targeting Brossard For Fifth Location | What Now Montreal,"1100 Du Rue du Lux, Brossard, Quebec J4Y 0E9, Canada",https://whatnow.com/montreal/restaurants/spirulina-health-bar-targeting-brossard-for-fifth-location/,2026-08-18
2026-08-17,MetLife Investment Management and Granite Bring Fleming’s to Midtown Union in Atlanta | What Now Atlanta,"1331 Spring St NW, Atlanta, GA 30309",https://whatnow.com/atlanta/restaurants/metlife-investment-management-and-granite-bring-flemings-to-midtown-union-in-atlanta/,2026-08-17
2026-08-17,Brasserie on Broadway: Daniel Boulud Is Bringing a New Restaurant to Manhattan,"1900 Broadway, New York, NY 10023",https://whatnow.com/new-york/restaurants/brasserie-on-broadway-daniel-boulud-is-bringing-a-new-restaurant-to-manhattan/,2026-08-17
2026-08-17,Boom Bang Fine Foods and Cocktails to Open a Second Location,"70 E Bonneville Ave, Las Vegas, NV 89101",https://whatnow.com/las-vegas/restaurants/boom-bang-fine-foods-and-cocktails-to-open-a-second-location/,2026-08-18
2026-08-17,A Williamsburg Brewery Is Closing Its 30-Year-Old Location,"79 N 11th St, Brooklyn, NY 11249",https://whatnow.com/new-york/restaurants/a-williamsburg-brewery-is-closing-its-30-year-old-location/,2026-08-17
2026-08-17,A Japanese-Inspired Strawberry Brand Is Opening at Chelsea Market,"75 9th Ave, New York, NY 10011",https://whatnow.com/new-york/restaurants/a-japanese-inspired-strawberry-brand-is-opening-at-chelsea-market/,2026-08-17
2026-08-17,Here Are 4 Upcoming Restaurants We Uncovered in Metro Atlanta Last Week (Aug 10-14),,https://whatnow.com/atlanta/restaurants/here-are-4-upcoming-restaurants-we-uncovered-in-metro-atlanta-last-week-aug-10-14/,2026-08-17
2026-08-17,Owner’s Health Issues Prompt This West Medford Restaurant to Close After 26 Years,"447 High St, Medford, MA 02155, United States",https://whatnow.com/boston/restaurants/owners-health-issues-prompt-this-west-medford-restaurant-to-close-after-26-years/,2026-08-17
2026-08-17,Austin’s Women’s Sports Bar Is Closing Due to a Major Transit Project,"2530 Guadalupe St, Austin, TX 78705, United States",https://whatnow.com/austin/restaurants/austins-womens-sports-bar-is-closing-due-to-a-major-transit-project/,2026-08-17
2026-08-17,Longtime Mediterranean Restaurant Closes in Castle Hills After 18 Years,"2110 NW Military Hwy, San Antonio, TX 78213",https://whatnow.com/san-antonio/restaurants/longtime-mediterranean-restaurant-closes-in-castle-hills-after-18-years/,2026-08-17
2026-08-17,Memphis Restaurant Closes After 42 Years in the Pinch District,"346 N Main St, Memphis, TN 38103",https://whatnow.com/memphis/restaurants/memphis-restaurant-closes-after-42-years-in-the-pinch-district/,2026-08-17
2026-08-17,Northshore Café Adding a Third Location in Lacombe,"61700 LA-434 Ste A, Lacombe, LA 70445",https://whatnow.com/new-orleans/restaurants/northshore-cafe-adding-a-third-location-in-lacombe/,2026-08-17
2026-08-17,Comfort Foodies Opens Doors in Missouri City at New Location With Soft Opening | What Now Houston,"8731 Hwy 6, Missouri City, TX 77459",https://whatnow.com/houston/restaurants/comfort-foodies-opens-doors-in-missouri-city-at-new-location-with-soft-opening/,2026-08-17
2026-08-17,‘It’s Fun to Open a New Location’ as Culture Yogurt Shop Celebrates 15 Years,"205 3rd Ave., New York, NY 10003",https://whatnow.com/new-york/restaurants/its-fun-to-open-a-new-location-as-culture-yogurt-shop-celebrates-15-years/,2026-08-17
2026-08-17,"Tinto, a Spanish-Rooted Wine and Sake Bar, to Open in Austin","1200 E 11th St, Austin, TX 78702, USA",https://whatnow.com/austin/restaurants/tinto-a-spanish-rooted-wine-and-sake-bar-to-open-in-austin/,2026-08-18
2026-08-16,Cooper’s Hawk Winery & Restaurant Helping Build Buzz for New Loudoun Shopping Center,,https://whatnow.com/washington-dc/restaurants/coopers-hawk-winery-restaurant-helping-build-buzz-for-new-loudoun-shopping-center/,2026-08-16
2026-08-16,Rockville Pizza Restaurant Makes Progress on Second Location,"18251 Flower Hill Way, Gaithersburg, MD 20879",https://whatnow.com/washington-dc/restaurants/rockville-pizza-restaurant-makes-progress-on-second-location/,2026-08-17
2026-08-16,Piña Elite Restaurant Group Breaks Ground on New McDonald’s Location,,https://whatnow.com/memphis/restaurants/pina-elite-restaurant-group-breaks-ground-on-new-mcdonalds-location/,2026-08-16
2026-08-16,Dok Khao Thai Readies Fifth Location,"180 W Falls Station Blvd, Falls Church, VA 22046",https://whatnow.com/washington-dc/restaurants/dok-khao-thai-readies-fifth-location/,2026-08-17
2026-08-16,Sugar Hi Cakes Readying Inaugural Storefront,"5490 Castlewoods Blvd, Flowood, MS 39232",https://whatnow.com/memphis/restaurants/sugar-hi-cakes-readying-inaugural-storefront/,2026-08-16
2026-08-16,Station 1856 Readying Madison Home,,https://whatnow.com/memphis/restaurants/station-1856-readying-madison-home/,2026-08-17
2026-08-15,7 Brew Coffee Coming to San Antonio’s Alamo Ranch,"11982 Alamo Ranch Pkwy, San Antonio, TX 78253",https://whatnow.com/san-antonio/restaurants/7-brew-coffee-coming-to-san-antonios-alamo-ranch/,2026-08-16
2026-08-15,Love’s Alibi Brings a Neighborhood Bar Mentality to Nashville’s Gulch,"901 Gleaves St, Nashville, TN 37203",https://whatnow.com/nashville/restaurants/loves-alibi-brings-a-neighborhood-bar-mentality-to-nashvilles-gulch/,2026-08-15
2026-08-15,Bangers Barbecue Coming to Escondido’s Bellamy’s Space,"417 W Grand Ave, Escondido, CA 92025",https://whatnow.com/san-diego/restaurants/bangers-barbecue-coming-to-escondidos-bellamys-space/,2026-08-16
2026-08-15,Game Time Pizza Planning San Clemente Location,"831 Via Suerte, San Clemente, CA 92673",https://whatnow.com/orange-county/restaurants/game-time-pizza-planning-san-clemente-location/,2026-08-15
2026-08-15,Nightwave Bar And Kitchen To Open In Guerneville,"17071 CA-116, Guerneville, CA 95446",https://whatnow.com/san-francisco/restaurants/nightwave-bar-and-kitchen-to-open-in-guerneville/,2026-08-15
2026-08-15,Starbread Working on Third Location in National City,"1457 E Plaza Blvd, National City, CA 91950",https://whatnow.com/san-diego/restaurants/starbread-working-on-third-location-in-national-city/,2026-08-15
2026-08-15,Prime Pizza To Open In Huntington Beach,"7151 Warner Ave, Huntington Beach, CA 92647",https://whatnow.com/orange-county/restaurants/prime-pizza-to-open-in-huntington-beach/,2026-08-15
2026-08-15,"Burger King in Galveston Set for $550,000 Remodel","5815 Broadway Avenue J, Galveston, TX 77551",https://whatnow.com/houston/restaurants/burger-king-in-galveston-set-for-550000-remodel/,2026-08-16
2026-08-15,Egg Club Coming to Yonge Eglinton Centre,"2300 Yonge St, Toronto, ON M4P 1E4, Canada",https://whatnow.com/toronto/restaurants/egg-club-coming-to-yonge-eglinton-centre/,2026-08-16
2026-08-15,Arte Restaurant To Open In Downtown Santa Ana,"201-109 E 4th St, Santa Ana, CA 92701",https://whatnow.com/orange-county/restaurants/arte-restaurant-to-open-in-downtown-santa-ana/,2026-08-15
2026-08-15,Hawaiian Bros Coming to Manvel’s Shops at Bluewater,"18909 Hwy 6 #100, Manvel, TX 77578",https://whatnow.com/houston/restaurants/hawaiian-bros-coming-to-manvels-shops-at-bluewater/,2026-08-16
2026-08-15,Mon Chourie Planning Bakery Counter Inside Kairoa Brewing Company,"4601 Park Blvd Ste A, San Diego, CA 92116",https://whatnow.com/san-diego/restaurants/mon-chourie-planning-bakery-counter-inside-kairoa-brewing-company/,2026-08-16
2026-08-15,Carletto Opening at Ottawa’s Metcalfe Hotel,"123 Metcalfe St, Ottawa, ON K1P 5L9, Canada",https://whatnow.com/montreal/restaurants/carletto-opening-at-ottawas-metcalfe-hotel/,2026-08-16
2026-08-14,Bruzi to Bring a Taste of Italy to Main Line: ‘Feel Like You’re in Calabria’,"281 Montgomery Ave., Bala Cynwyd, PA 19004",https://whatnow.com/philadelphia/restaurants/bruzi-to-bring-a-taste-of-italy-to-main-line-feel-like-youre-in-calabria/,2026-08-14
2026-08-14,Landy’s Place Planned for Port Richey,"8836 US-19, Port Richey, FL 34668",https://whatnow.com/uncategorized/restaurants/landys-place-planned-for-new-port-richey/,2026-08-14
2026-08-14,Vallejo Taphouse Preparing To Open On Lincoln Road East,"905 Lincoln Rd E, Vallejo, CA 94591",https://whatnow.com/san-francisco/restaurants/vallejo-taphouse-preparing-to-open-on-lincoln-road-east/,2026-08-15
2026-08-14,Gibsons Bar & Steakhouse Plans First Tennessee Location in Downtown Nashville,"414 Union St, Nashville, TN 37219, USA",https://whatnow.com/nashville/restaurants/gibsons-bar-steakhouse-plans-first-tennessee-location-in-downtown-nashville/,2026-08-14
2026-08-14,Pastelitos Chips Bringing Its Venezuelan Flavors to New Kissimmee Location,"3156 Bill Beck Blvd, Kissimmee, FL 34744",https://whatnow.com/orlando/restaurants/pastelitos-chips-bringing-its-venezuelan-flavors-to-new-kissimmee-location/,2026-08-14
2026-08-14,Submitted Plans Indicate Texas’s Truth BBQ May Be Coming to Charleston,"1300 Rutledge Ave, Charleston, SC 29403",https://whatnow.com/charleston/restaurants/submitted-plans-indicate-texass-truth-bbq-may-be-coming-to-charleston/,2026-08-14
2026-08-14,Thai Bird Nears Opening of New Castle Hills Location,"2211 NW Military Hwy, Castle Hills, TX 78213, USA",https://whatnow.com/san-antonio/restaurants/thai-bird-nears-opening-of-new-castle-hills-location/,2026-08-15
2026-08-14,Morning Ritual Plans Two Charleston Area Locations,,https://whatnow.com/charleston/restaurants/morning-ritual-plans-two-charleston-area-locations/,2026-08-14
2026-08-14,Tavern in the Square Plotting Major Expansion Across Greater Boston and Beyond,,https://whatnow.com/boston/restaurants/tavern-in-the-square-plotting-major-expansion-across-greater-boston-and-beyond/,2026-08-14
2026-08-14,Newbery Street Coffee Roasters to Open First Permanent Café in Brookline,"240 Harvard St, Brookline, MA 02446",https://whatnow.com/boston/restaurants/newbery-street-coffee-roasters-to-open-first-permanent-cafe-in-brookline/,2026-08-15
2026-08-14,Capital One Café Expands Charlotte Presence With New South End Location,"1520 S Tryon St, Charlotte, NC 28203, USA",https://whatnow.com/charlotte/restaurants/capital-one-cafe-expands-charlotte-presence-with-new-south-end-location/,2026-08-14
2026-08-14,Fishtown's Beloved Brewery to Serves Its Final Pint This Weekend,"1101 Frankford Ave, Philadelphia, PA 19125",https://whatnow.com/philadelphia/restaurants/fishtowns-beloved-brewery-to-serves-its-final-pint-this-weekend/,2026-08-14
2026-08-14,Teriyaki Madness Lands New Madison Location,"712 Gallatin Pike N, Madison, TN 37115, USA",https://whatnow.com/nashville/restaurants/teriyaki-madness-lands-new-madison-location/,2026-08-14
2026-08-14,City Barbeque Heading To Kennesaw | What Now Atlanta,"1185 Ernest W Barrett Pkwy NW, Kennesaw, GA 30144",https://whatnow.com/atlanta/restaurants/city-barbeque-heading-to-kennesaw/,2026-08-14
2026-08-14,Aviator Airplane Lounge Plans Airplane-Themed Cocktail Bar in Raleigh Area,"620 Brewing Dr, Fuquay-Varina, NC 27526, USA",https://whatnow.com/charlotte/restaurants/aviator-airplane-lounge-plans-airplane-themed-cocktail-bar-in-raleigh-area/,2026-08-14
2026-08-14,A New Latin American Dining Concept Has Arrived In Midtown Atlanta,"1106 Crescent Ave NE, Atlanta, GA 30309",https://whatnow.com/atlanta/restaurants/a-new-latin-american-dining-concept-has-arrived-in-midtown-atlanta/,2026-08-14
2026-08-14,The Chicken Coupe Debuting Highland Park Location Next Month,"13324 Woodward Ave, Highland Park, MI 48203",https://whatnow.com/detroit/restaurants/the-chicken-coupe-debuting-highland-park-location-next-month/,2026-08-14
2026-08-14,Brooklyn Heights Welcomes New Wine Bar and Pizza Restaurant,"129 Atlantic Ave, Brooklyn, NY 11201",https://whatnow.com/new-york/restaurants/brooklyn-heights-welcomes-new-wine-bar-and-pizza-restaurant/,2026-08-14
2026-08-14,Mendon’s SereniTea House Moving to Hudson and Rebranding as SereniTea Café,"162 Main St, Hudson, MA 01749",https://whatnow.com/boston/restaurants/mendons-serenitea-house-moving-to-hudson-and-rebranding-as-serenitea-cafe/,2026-08-15
2026-08-14,Heavy Restaurant Group Planning New Concept for Stone Way,"3400 Stone Way N, Seattle, WA 98103",https://whatnow.com/seattle/restaurants/heavy-restaurant-group-planning-new-concept-for-stone-way/,2026-08-14
2026-08-14,Luxe Steakhouse & Cellar Opening in the Villages,"1488 Craig Ct, Wildwood, FL 34785",https://whatnow.com/orlando/restaurants/luxe-steakhouse-cellar-opening-in-the-villages/,2026-08-14
2026-08-14,Café Van Houtte Coming to Galeries de la Capitale,"5401 Bd des Galeries, Québec, QC G2K 1N4, Canada",https://whatnow.com/montreal/restaurants/cafe-van-houtte-coming-to-galeries-de-la-capitale/,2026-08-14
2026-08-14,Big Bad Breakfast Targets Mid-October Opening for New Brentwood Location,"330 Franklin Rd, Brentwood, TN 37027, USA",https://whatnow.com/nashville/restaurants/big-bad-breakfast-targets-mid-october-opening-for-new-brentwood-location/,2026-08-14
2026-08-14,Troy Brewery Announces September 1 Closure After Citing Rising Challenges,"1965 W Maple Rd, Troy, MI 48084, United States",https://whatnow.com/detroit/restaurants/troy-brewery-announces-september-1-closure-after-citing-rising-challenges/,2026-08-14
2026-08-14,Beignets & Brew Plans Westerville Debut As Brand Expands Into Ohio,"7381 OH-3, Westerville, OH 43082, USA",https://whatnow.com/columbus/restaurants/beignets-brew-plans-westerville-debut-as-brand-expands-into-ohio/,2026-08-14
2026-08-14,Mashiko Moving to White Center After 32 Years in West Seattle,,https://whatnow.com/seattle/restaurants/mashiko-moving-to-white-center-after-32-years-in-west-seattle/,2026-08-14
2026-08-14,Bay Billiard & Snooker To Open In Hayward,"31199 Mission Blvd, Hayward, CA 94544",https://whatnow.com/san-francisco/restaurants/bay-billiard-snooker-to-open-in-hayward/,2026-08-15
2026-08-14,Zov’s Planning New Restaurant In Costa Mesa,,https://whatnow.com/orange-county/restaurants/zovs-planning-new-restaurant-in-costa-mesa/,2026-08-15
2026-08-14,ZIBO! Coming to Galeries de la Capitale in 2027,"5401 Bd des Galeries, Québec, QC G2K 1N4, Canada",https://whatnow.com/montreal/restaurants/zibo-coming-to-galeries-de-la-capitale-in-2027/,2026-08-14
2026-08-14,Snarf's Sandwiches Plans Georgetown Location,"1310 W University Ave, Georgetown, TX 78628, USA",https://whatnow.com/austin/restaurants/snarfs-sandwiches-plans-georgetown-location/,2026-08-14
2026-08-14,Korean-Inspired Coffee Shop Coming to Somerville’s Union Square,"75 Bow St, Somerville, MA 02143",https://whatnow.com/boston/restaurants/korean-inspired-coffee-shop-coming-to-somervilles-union-square/,2026-08-15
2026-08-14,The Kitchen Bringing Fresh Meals to Go to Beaufort Station,"341 Robert Smalls Pkwy, Beaufort, SC 29906",https://whatnow.com/charleston/restaurants/the-kitchen-bringing-fresh-meals-to-go-to-beaufort-station/,2026-08-14
2026-08-14,All-Day Café Planned for Iconic Corner on Magazine Street,"4001 Magazine St, New Orleans, LA 70115",https://whatnow.com/new-orleans/restaurants/all-day-cafe-planned-for-iconic-corner-on-magazine-street/,2026-08-14
2026-08-14,Common Space Brewery Preparing Tap Room | What Now Los Angeles,"5050 York Blvd, Los Angeles, CA 90042",https://whatnow.com/los-angeles/restaurants/common-space-brewery-preparing-tap-room/,2026-08-14
2026-08-14,PopUp Bagels Sets Sights on Raleigh’s Village District,"2018 Cameron St, Raleigh, NC 27605, USA",https://whatnow.com/charlotte/restaurants/popup-bagels-sets-sights-on-raleighs-village-district/,2026-08-14
2026-08-14,Bloc46 Wine Bar Preparing to Open in Walla Walla,"127 E Main St, Walla Walla, WA 99362",https://whatnow.com/seattle/restaurants/bloc46-wine-bar-preparing-to-open-in-walla-walla/,2026-08-14
2026-08-14,Frenzy Açaí Coming to Yonge Eglinton Centre,"2300 Yonge St, Toronto, ON M4P 1E4, Canada",https://whatnow.com/toronto/restaurants/frenzy-acai-coming-to-yonge-eglinton-centre/,2026-08-14
2026-08-14,Blade & Timber Becoming Recess on Capitol Hill,"206 Broadway E, Seattle, WA 98102",https://whatnow.com/seattle/restaurants/blade-timber-becoming-recess-on-capitol-hill/,2026-08-15
2026-08-14,Eduardo’s Restaurant Planned for Laredo’s Khaledi Plaza,"4020 E Del Mar Blvd #501, Laredo, TX 78045, USA",https://whatnow.com/san-antonio/restaurants/eduardos-restaurant-planned-for-laredos-khaledi-plaza/,2026-08-15
2026-08-14,"Sugar To Bring Latin, Spanish and Mediterranean Flavours to Park Street","504 Park St, Columbus, OH 43215, USA",https://whatnow.com/columbus/restaurants/sugar-to-bring-latin-spanish-and-mediterranean-flavours-to-park-street/,2026-08-14
2026-08-14,Michelin-Starred Chef Diego Galicia To Open Filleman House In San Antonio,"517 E Grayson St, San Antonio, TX 78215, USA",https://whatnow.com/san-antonio/restaurants/michelin-starred-chef-diego-galicia-to-open-filleman-house-in-san-antonio/,2026-08-14
2026-08-14,Owners of Treehouse Play Cafe Building New Vernon Hills Spot for Families,"555 E Townline Rd, Vernon Hills, IL 60061",https://whatnow.com/chicago/restaurants/owners-of-treehouse-play-cafe-building-new-vernon-hills-spot-for-families/,2026-08-14
2026-08-14,Love’s Soccer Club Rebranding as Turf House Jax,"546 Myrtle Ave N, Jacksonville, FL 32204",https://whatnow.com/jacksonville/restaurants/loves-soccer-club-rebranding-as-turf-house-jax/,2026-08-14
2026-08-14,CAVA To Open First Bay Area Location In 2027,"3055 Olin Ave #2100, San Jose, CA 95128",https://whatnow.com/san-francisco/restaurants/cava-to-open-first-bay-area-location-at-santana-row-in-2027/,2026-08-14
2026-08-14,Locals Sushi & Sports Pub Taking Over Former Blu Smoke Pit Space on Johns Island,"1804 Crowne Commons Way, Johns Island, SC 29455",https://whatnow.com/charleston/restaurants/locals-sushi-sports-pub-taking-over-former-blu-smoke-pit-space-on-johns-island/,2026-08-14
2026-08-14,"An Iconic Baton Rouge Diner is Stepping Out, Spinning Off Modern Satellite Concept","174 South Blvd, Baton Rouge, LA 70802",https://whatnow.com/new-orleans/restaurants/an-iconic-baton-rouge-diner-is-stepping-out-spinning-off-modern-satellite-concept/,2026-08-14
2026-08-14,The Hideaway at New Smyrna Beach Joining the Islander Beach Resort,"1601 S Atlantic Ave, New Smyrna Beach, FL 32169",https://whatnow.com/orlando/restaurants/the-hideaway-at-new-smyrna-beach-joining-the-islander-beach-resort/,2026-08-14
2026-08-14,Chuy’s Tex-Mex Grill Finds Its Fayetteville Home at Cross Creek Mall,"570 Cross Creek Mall, Fayetteville, NC 28303, USA",https://whatnow.com/charlotte/restaurants/chuys-tex-mex-grill-finds-its-fayetteville-home-at-cross-creek-mall/,2026-08-14
2026-08-14,Mea Culpa to Open Neo-Gothic Cocktail Bar in Fort Worth's South Main District,"309 W Daggett Ave, Fort Worth, TX 76104, USA",https://whatnow.com/dallas/restaurants/mea-culpa-to-open-neo-gothic-cocktail-bar-in-fort-worths-south-main-district/,2026-08-15
2026-08-14,A Steakhouse Chain Follows the Growth Into Clay County,,https://whatnow.com/jacksonville/restaurants/a-steakhouse-chain-follows-the-growth-into-clay-county/,2026-08-14
2026-08-14,Bayview Oyster Bar To Open On Third Street In San Francisco,"5114 3rd St, San Francisco, CA 94124",https://whatnow.com/san-francisco/restaurants/bayview-oyster-bar-to-open-on-third-street-in-san-francisco/,2026-08-15
2026-08-14,Whit's Frozen Custard Coming Soon to Yulee,"464073 FL-200, Yulee, FL 32097",https://whatnow.com/jacksonville/restaurants/whits-frozen-custard-coming-soon-to-yulee/,2026-08-14
2026-08-14,"After 16 Years, Family-Owned East Austin Restaurant to Serve Its Final Tacos","1304 E 51st St, Austin, TX 78723",https://whatnow.com/austin/restaurants/after-16-years-family-owned-east-austin-restaurant-to-serve-its-final-tacos/,2026-08-14
2026-08-14,Mr. Greek Planning Four New Ontario Locations,,https://whatnow.com/toronto/restaurants/mr-greek-planning-four-new-ontario-locations/,2026-08-14
2026-08-14,New Dining Destination 'Circolo' is Coming to the East Village,"127 E 7th St., New York, NY 10009",https://whatnow.com/new-york/restaurants/new-dining-destination-circolo-is-coming-to-the-east-village/,2026-08-14
2026-08-14,Nori Hand Roll Bar & Sushi Planned for San Antonio’s Coopers Row,"1118 E Elmira St Building 1, San Antonio, TX 78212, USA",https://whatnow.com/san-antonio/restaurants/nori-hand-roll-bar-sushi-planned-for-san-antonios-coopers-row/,2026-08-14
2026-08-14,Fuelhouse Opening with Handcrafted Drinks and Fresh Foods in Orlando,"8457 S John Young Pkwy, Orlando, FL 32819",https://whatnow.com/orlando/restaurants/fuelhouse-opening-with-handcrafted-drinks-and-fresh-foods-in-orlando/,2026-08-14
2026-08-14,Bubbakoo’s Burritos Returning to Massachusetts With New Hudson Restaurant,"213 Washington St, Hudson, MA 01749",https://whatnow.com/boston/restaurants/bubbakoos-burritos-returning-to-massachusetts-with-new-hudson-restaurant/,2026-08-15
2026-08-14,Berry Tasty: Latina-Owned Bakery Plans First Brick-and-Mortar Location on Ben White Boulevard,"429 W Ben White Blvd, Austin, TX 78704, USA",https://whatnow.com/austin/restaurants/berry-tasty-latina-owned-bakery-plans-first-brick-and-mortar-location-on-ben-white-boulevard/,2026-08-15
2026-08-14,NYC Bagels and Bowls Concept to Serve Breakfast Near Downtown Farmington,"34635 Grand River Ave, Farmington, MI 48335",https://whatnow.com/detroit/restaurants/nyc-bagels-and-bowls-concept-to-serve-breakfast-near-downtown-farmington/,2026-08-14
2026-08-14,Bottega Del Gusto Opening in Parrish,"1890 US-301 #100, Palmetto, FL 34221",https://whatnow.com/tampa/restaurants/bottega-del-gusto-opening-in-parrish/,2026-08-14
2026-08-14,Olive Garden Lands a Spot in Middleburg's Next Big Retail Push,,https://whatnow.com/jacksonville/restaurants/olive-garden-lands-a-spot-in-middleburgs-next-big-retail-push/,2026-08-14
2026-08-14,Iron Oven is Bringing Its Second Location to Hatboro This Fall,"58 S York Rd., Hatboro, PA 19040",https://whatnow.com/philadelphia/restaurants/iron-oven-is-bringing-its-second-location-to-hatboro-this-fall/,2026-08-14
2026-08-13,Mothership Coffee Roasters to Open at the BLVD on the Las Vegas Strip,"3747 S Las Vegas Blvd, Las Vegas, NV 89109",https://whatnow.com/las-vegas/restaurants/mothership-coffee-roasters-to-open-at-the-blvd-on-the-las-vegas-strip/,2026-08-13
2026-08-13,La Vie En Rose Sets September Opening in RiNo,"1336 27th St, Denver, CO 80205",https://whatnow.com/denver/restaurants/la-vie-en-rose-sets-september-opening-in-rino/,2026-08-13
2026-08-13,Zuma to Debut in San Diego | What Now San Diego,"500 W Broadway, San Diego, CA 92101",https://whatnow.com/san-diego/restaurants/zuma-to-debut-in-san-diego/,2026-08-13
2026-08-13,"Another Broken Egg Cafe Debuts Its Southern-Inspired Daytime Dining Experience in Murfreesboro, Tennessee | What Now Nashville","2615 Medical Center Pkwy, Murfreesboro, TN 37129",https://whatnow.com/nashville/restaurants/another-broken-egg-cafe-debuts-its-southern-inspired-daytime-dining-experience-in-murfreesboro-tennessee/,2026-08-13
2026-08-13,Mili to Open Permanent Lower East Side Restaurant This Fall,"123 Ludlow St., New York, NY 10002",https://whatnow.com/new-york/restaurants/mili-to-open-permanent-lower-east-side-restaurant-this-fall/,2026-08-13
2026-08-13,550 Pizzeria planned for Laredo’s Jacaman Commercial Park,"7124 Bob Bullock Lp, Laredo, TX 78041, USA",https://whatnow.com/san-antonio/restaurants/550-pizzeria-planned-for-laredos-jacaman-commercial-park/,2026-08-13
2026-08-13,Taco Palenque to Open a New Location in Upper Kirby,"3797 Southwest Fwy, Houston, TX 77027",https://whatnow.com/houston/restaurants/taco-palenque-to-open-a-new-location-in-upper-kirby/,2026-08-13
2026-08-13,Michael Mina Bringing Bar Sprezzatura to the Heathman Hotel,"1001 SW Broadway, Portland, OR 97205, USA",https://whatnow.com/portland/restaurants/michael-mina-bringing-bar-sprezzatura-to-the-heathman-hotel/,2026-08-13
2026-08-13,European Bakery to Reinvigorate Rockville Starbucks Space,"8010 Gramercy Blvd, Derwood, MD 20855",https://whatnow.com/washington-dc/restaurants/european-bakery-to-reinvigorate-rockville-starbucks-space/,2026-08-13
2026-08-13,Whit's Frozen Custard Opening a Davie Shop,"2601 S University Dr, Davie, FL 33328",https://whatnow.com/miami/restaurants/whits-frozen-custard-opening-a-davie-shop/,2026-08-14
2026-08-13,Ghost Sando Shop Adding Seventh California Location | What Now Los Angeles,"901 Westwood Blvd, Los Angeles, CA 90024",https://whatnow.com/los-angeles/restaurants/ghost-sando-shop-adding-seventh-california-location/,2026-08-13
2026-08-13,Los Angeles’ Lucas Museum Is Getting a New Restaurant With City Views This September,"One Lucas Plaza, Los Angeles, CA 90037",https://whatnow.com/los-angeles/restaurants/los-angeles-lucas-museum-is-getting-a-new-restaurant-with-city-views-this-september/,2026-08-13
2026-08-13,7 Brew to Bring a New Drive-Thur Coffee Shop to Spring,"501 Sawdust Rd, Spring, TX 77380",https://whatnow.com/houston/restaurants/7-brew-to-bring-a-new-drive-thur-coffee-shop-to-spring/,2026-08-13
2026-08-13,Nest + Nibble Cafe Coming Soon to Downtown Gainesville,"14 SW 1st Ave, Gainesville, FL 32601",https://whatnow.com/jacksonville/restaurants/nest-nibble-cafe-coming-soon-to-downtown-gainesville/,2026-08-13
2026-08-13,Dinner Entertainment Concept with Cabaret Shows Coming to Theater District,"32 W Randolph St, Chicago, IL 60601",https://whatnow.com/chicago/restaurants/dinner-entertainment-concept-with-cabaret-shows-coming-to-theater-district/,2026-08-13
2026-08-13,Palisades Village Reopens August 15 With New Restaurant From Los Angeles Hospitality Group,"1033 N Swarthmore Ave, Pacific Palisades, CA 90272",https://whatnow.com/los-angeles/restaurants/palisades-village-reopens-august-15-with-new-restaurant-from-los-angeles-hospitality-group/,2026-08-13
2026-08-13,A1A Asian Kitchen Brings New Asian Dining Concept to Crescent Beach,"6975 A1A S, St. Augustine, FL 32080",https://whatnow.com/jacksonville/restaurants/a1a-asian-kitchen-brings-new-asian-dining-concept-to-crescent-beach/,2026-08-13
2026-08-13,ROOTS Nutrition Putting Down Roots in St. Johns,"153 Roberts Village Ct. St. Johns, FL 32259",https://whatnow.com/jacksonville/restaurants/roots-nutrition-putting-down-roots-in-st-johns/,2026-08-13
2026-08-13,Gyro Haus to Debut in Celina East Shops,"305 E Ownsby Pkwy, Celina, TX 75009, USA",https://whatnow.com/dallas/restaurants/gyro-haus-to-debut-in-celina-east/,2026-08-14
2026-08-13,Nazara Indian Cuisine Heads to Raleigh After Cary Closure,"13600 Falls of Neuse Rd, Raleigh, NC 27614, USA",https://whatnow.com/charlotte/restaurants/nazara-indian-cuisine-heads-to-raleigh-after-cary-closure/,2026-08-13
2026-08-13,Chin Chin Chen Asian Fusion Returning To Marietta | What Now Atlanta,"3030 Johnson Ferry Rd, Marietta, GA 30062",https://whatnow.com/atlanta/restaurants/chin-chin-chen-asian-fusion-returning-to-marietta/,2026-08-13
2026-08-13,Sky Zone Set to Open Trampoline Park at Glenbrook Shopping Center,"8700 La Riviera Dr, Sacramento, CA 95826, USA",https://whatnow.com/sacramento/restaurants/sky-zone-set-to-open-trampoline-park-at-glenbrook-shopping-center/,2026-08-13
2026-08-13,What Now Accelerate Event Brings NY Business Community Together at Poppy East Village,"505 E 12th St, New York, NY 10009",https://whatnow.com/new-york/restaurants/what-now-accelerate-event-brings-ny-business-community-together-at-poppy-east-village/,2026-08-13
2026-08-13,Spectators Bar & Grill Expands To Katy | What Now Houston,"25140 Kingsland Blvd, Katy, TX 77494",https://whatnow.com/houston/restaurants/spectators-bar-grill-expands-to-katy/,2026-08-13
2026-08-13,Twisted Egg Shack Signs Deal to Bring More than 60 Eateries to Texas,,https://whatnow.com/houston/restaurants/twisted-egg-shack-signs-deal-to-bring-more-than-60-eateries-to-texas/,2026-08-13
2026-08-13,Amaya Mezcal Social Brings Modern Cuisine and Nightlife to the Lower East Side,"74 Orchard St., New York, NY 10002",https://whatnow.com/new-york/restaurants/amaya-mezcal-social-brings-modern-cuisine-and-nightlife-to-the-lower-east-side/,2026-08-13
2026-08-13,El Pollo Peru Planning Opening In Sylmar | What Now Los Angeles,"13231 Gladstone Ave, Sylmar, CA 91342",https://whatnow.com/los-angeles/restaurants/el-pollo-peru-planning-opening-in-sylmar/,2026-08-13
2026-08-13,Mosaic Chai House Plans New North Denver Coffee Shop,"4900 W 46th Ave Denver, CO 80212",https://whatnow.com/denver/restaurants/mosaic-chai-house-plans-new-north-denver-coffee-shop/,2026-08-13
2026-08-13,Landmark Fernandina Beach Restaurant Announces Permanent Closure,"3199 S Fletcher Ave, Fernandina Beach, FL 32034",https://whatnow.com/jacksonville/restaurants/landmark-fernandina-beach-restaurant-announces-permanent-closure/,2026-08-13
2026-08-13,Upcoming Baton Rouge Restaurant will Offer Elevated Classic Dishes and Vibes,"3015 Westfork Dr, Baton Rouge, LA 70816",https://whatnow.com/new-orleans/restaurants/upcoming-baton-rouge-restaurant-will-offer-elevated-classic-dishes-and-vibes/,2026-08-13
2026-08-13,The Ice Cream Brand Behind Earl Grey and Mac & Cheese Scoops Heads to Dunwoody,"4505 Ashford Dunwoody Rd NE, Suite 150 Atlanta GA 30346",https://whatnow.com/atlanta/restaurants/the-ice-cream-brand-behind-earl-grey-and-mac-cheese-scoops-heads-to-dunwoody/,2026-08-13
2026-08-13,Good Truckin’ Team in Lansing Opening New Spot in REO Town,"1107 S Washington Ave, Lansing, MI 48910",https://whatnow.com/detroit/restaurants/good-truckin-team-in-lansing-opening-new-spot-in-reo-town/,2026-08-13
2026-08-13,Mom’s and Pop’s Soul Food and Seafood Coming to Palatka,"180 State Rd 207, East Palatka, FL 32131",https://whatnow.com/jacksonville/restaurants/moms-and-pops-soul-food-and-seafood-coming-to-palatka/,2026-08-13
2026-08-13,Black Box Bakery to Open New Café in Edgewater,"5901 W 25th Ave, Edgewater, CO 80214",https://whatnow.com/denver/restaurants/black-box-bakery-to-open-new-cafe-in-edgewater/,2026-08-13
2026-08-13,Go Greek to Return to the Las Vegas Valley,"3747 S Las Vegas Blvd, Las Vegas, NV 89109",https://whatnow.com/las-vegas/restaurants/go-greek-to-return-to-the-las-vegas-valley/,2026-08-13
2026-08-13,Bada Bing Pizzeria to Serve New York-Style and Thin Crust Slices in Flint,"5428 S Saginaw St, Flint, MI 48507",https://whatnow.com/detroit/restaurants/bada-bing-pizzeria-to-serve-new-york-style-and-thin-crust-slices-in-flint/,2026-08-13
2026-08-13,The BeckFast Place To Bring New Brunch Concept to Former Skillet Space,"410 E Whittier St, Columbus, OH 43206, USA",https://whatnow.com/columbus/restaurants/the-beckfast-place-to-bring-new-brunch-concept-to-former-skillet-space/,2026-08-13
2026-08-13,Sushi-Fy To Bring Australian-Inspired Sushi Burritos to South First,"3115 S 1st St #101a, Austin, TX 78704, EE. UU.",https://whatnow.com/austin/restaurants/sushi-fy-to-bring-australian-inspired-sushi-burritos-to-south-first/,2026-08-14
2026-08-13,A Colorful Arcadia Cantina Is Serving Its Final Meals This Weekend,"4910 E Indian School Rd, Phoenix, AZ 85018",https://whatnow.com/phoenix/restaurants/a-colorful-arcadia-cantina-is-serving-its-final-meals-this-weekend/,2026-08-13
2026-08-13,Patchogue Dining Spot Known for Asian-Fusion Dishes Announces Closure After Seven Years,"58b S Ocean Ave, Patchogue, NY 11772",https://whatnow.com/new-york/restaurants/patchogue-dining-spot-known-for-asian-fusion-dishes-announces-closure-after-seven-years/,2026-08-13
2026-08-13,The Coastal Service Bringing New Seafood Bar to Denver Tech Center,E Belleview Ave & S Ulster St,https://whatnow.com/denver/restaurants/the-coastal-service-bringing-new-seafood-bar-to-denver-tech-center/,2026-08-13
2026-08-13,Petra Cafe & Kitchen Bringing Mediterranean Flavors to Murray Hill,"1152 Edgewood Ave S, Jacksonville, FL 32205",https://whatnow.com/jacksonville/restaurants/petra-cafe-kitchen-bringing-mediterranean-flavors-to-murray-hill/,2026-08-13
2026-08-13,Go Greek Yogurt Opening Franchise Location In Toco Hills | What Now Atlanta,"2943 N Druid Hills Rd, Atlanta, GA 30329",https://whatnow.com/atlanta/restaurants/go-greek-yogurt-opening-franchise-location-in-toco-hills/,2026-08-13
2026-08-13,Crown Restaurant Group to open Bar Rosso in former Five Kitchen & Bar space,"1324 Vine St, Cincinnati, OH 45202, USA",https://whatnow.com/columbus/restaurants/crown-restaurant-group-to-open-bar-rosso-in-former-five-kitchen-bar-space/,2026-08-13
2026-08-13,Pixlcat Coffee & Butter Mochi Relocating From Charlestown to Natick,"5 Washington St, Natick, MA 01760",https://whatnow.com/boston/restaurants/pixlcat-coffee-butter-mochi-relocating-from-charlestown-to-natick/,2026-08-13
2026-08-13,Wing Snob Bringing Its Wings to Davie,6815 Stirling Road,https://whatnow.com/miami/restaurants/wing-snob-bringing-its-wings-to-davie/,2026-08-14
2026-08-13,"Terminal 4, Globally Inspired Cocktail Experience, to Debut in Henderson","37 S Water St, Henderson, NV 89015",https://whatnow.com/las-vegas/restaurants/terminal-4-globally-inspired-cocktail-experience-to-debut-in-henderson/,2026-08-13
2026-08-13,Wells Station BBQ Bringing Its Food Truck Concept to Knoxville Restaurant,"1617 N Central St, Knoxville, TN 37917, USA",https://whatnow.com/nashville/restaurants/wells-station-bbq-bringing-its-food-truck-concept-to-knoxville-restaurant/,2026-08-13
2026-08-13,PJ's Coffee to Open Rosenberg Cafe this Fall,"5149 Reading Rd, Rosenberg, TX 77471",https://whatnow.com/houston/restaurants/pjs-coffee-to-open-rosenberg-cafe-this-fall/,2026-08-13
2026-08-13,Eggcetera Haus Bringing Modern Neighborhood Kitchen and Bar to Queen Village,"625 S 6th St., Philadelphia, PA 19147",https://whatnow.com/philadelphia/restaurants/eggcetera-haus-bringing-modern-neighborhood-kitchen-and-bar-to-queen-village/,2026-08-13
2026-08-12,G-Que BBQ Breaks Ground on New Parker Restaurant,"South Parker Road and E-470,  Parker, CO 80134",https://whatnow.com/denver/restaurants/g-que-bbq-breaks-ground-on-new-parker-restaurant/,2026-08-13
2026-08-12,Hattricks Headed to South Tampa for Second Location,"4075 Henderson Blvd, Tampa, FL 33629",https://whatnow.com/tampa/restaurants/hattricks-headed-to-south-tampa-for-second-location/,2026-08-13
2026-08-12,Grain & Berry Trinity Relocating to Strength Avenue,"8924 Strength Ave, New Port Richey, FL 34655",https://whatnow.com/tampa/restaurants/grain-berry-trinity-relocating-to-strength-avenue/,2026-08-13
2026-08-12,New Testament Ministries Looks to Be Opening Flavor Nation in Bartow,"1105 S Holland Pkwy d, Bartow, FL 33830",https://whatnow.com/tampa/restaurants/new-testament-ministries-looks-to-be-opening-flavor-nation-in-bartow/,2026-08-13
2026-08-12,Micheladas El Patron Opening Second Location in Lockeford,"14035 CA-88, Lockeford, CA 95237, USA",https://whatnow.com/sacramento/restaurants/micheladas-el-patron-opening-second-location-in-lockeford/,2026-08-12
2026-08-12,Fresh Pasta Etc. Opening in Lake Wales,"1 N Scenic Hwy #101, Lake Wales, FL 33853",https://whatnow.com/tampa/restaurants/fresh-pasta-etc-opening-in-lake-wales/,2026-08-13
2026-08-12,Lifestyle Communities Bringing The Goat to North Charleston,"2949 Ingleside Blvd #110, North Charleston, SC 29420",https://whatnow.com/charleston/restaurants/lifestyle-communities-bringing-the-goat-to-north-charleston/,2026-08-13
2026-08-12,Levain Bakery’s Cookies Set to debut in Orange County,"315 Newport Center Dr, Newport Beach, CA 92660",https://whatnow.com/orange-county/restaurants/levain-bakerys-cookies-set-to-debut-in-orange-county/,2026-08-13
2026-08-12,Just Salad Preparing to Feed Rockville,"12242 Rockville Pike, North Bethesda, MD 20852",https://whatnow.com/washington-dc/restaurants/just-salad-preparing-to-feed-rockville/,2026-08-12
2026-08-12,JoJo’s Espresso Percolating into DeSoto County,,https://whatnow.com/memphis/restaurants/jojos-espresso-percolating-into-desoto-county/,2026-08-13
2026-08-12,Lovebite Dumplings Moving to Larger Central Avenue Space,"1001 N Central Ave, Phoenix, AZ 85004",https://whatnow.com/phoenix/restaurants/lovebite-dumplings-moving-to-larger-central-avenue-space/,2026-08-13
2026-08-12,Northshore Nutrition Cafe Spinning Off Washington Parish Location,"2311 Ave F, Bogalusa, LA 70427",https://whatnow.com/new-orleans/restaurants/northshore-nutrition-cafe-spinning-off-washington-parish-location/,2026-08-13
2026-08-12,Angie’s Announces Nine New Arizona Locations,,https://whatnow.com/phoenix/restaurants/angies-announces-nine-new-arizona-locations/,2026-08-13
2026-08-12,Poké House Franchisee Expanding To Kennesaw | What Now Atlanta,"1185 Ernest W Barrett Pkwy NW, Kennesaw, GA 30144",https://whatnow.com/atlanta/restaurants/poke-house-franchisee-expanding-to-kennesaw/,2026-08-12
2026-08-12,Krazy Cajun Seafood & Hibachi Coming to Superstition Springs Center,"6555 E Southern Ave b44, Mesa, AZ 85206",https://whatnow.com/phoenix/restaurants/krazy-cajun-seafood-hibachi-coming-to-superstition-springs-center/,2026-08-13
2026-08-12,A 1979 Austin Restaurant Is Returning to Its Original 6th Street Location,"618 W 6th St, Austin, TX 78701, United States",https://whatnow.com/austin/restaurants/a-1979-austin-restaurant-is-returning-to-its-original-6th-street-location/,2026-08-12
2026-08-12,Dallas Mediterranean Restaurant Is Closing After Challenges Linked to Street Construction,"2825 Commerce St, Dallas, TX 75226, United States",https://whatnow.com/dallas/restaurants/dallas-mediterranean-restaurant-is-closing-after-challenges-linked-to-street-construction/,2026-08-13
2026-08-12,"R&G Lounge, San Francisco's Legendary Cantonese Restaurant to Debut in Las Vegas This Year","3500 Las Vegas Blvd S, Las Vegas, NV 89109",https://whatnow.com/las-vegas/restaurants/rg-lounge-san-franciscos-legendary-cantonese-restaurant-to-debut-in-las-vegas-this-year/,2026-08-13
2026-08-12,Tex-Mex Chain Closing Escondido Location as Company-Owned Restaurants Shut Down,"10789 Westview Pkwy, San Diego, CA 92126",https://whatnow.com/san-diego/restaurants/tex-mex-chain-closing-escondido-location-as-company-owned-restaurants-shut-down/,2026-08-12
2026-08-12,A French-Inspired Bakery Café Is Opening Its 28th Texas Location in Georgetown,"1314 W University Ave Unit 102, Georgetown, TX 78628, United States",https://whatnow.com/austin/restaurants/a-french-inspired-bakery-cafe-is-opening-its-28th-texas-location-in-georgetown/,2026-08-13
2026-08-12,Pasta Supply Co. To Open Third San Francisco Location,"919 Cole St, San Francisco, CA 94117",https://whatnow.com/san-francisco/restaurants/pasta-supply-co-to-open-third-san-francisco-location/,2026-08-13
2026-08-12,Heights of Brazil Set to Fill Former Wasabi House Space in Citrus Heights,"8031 Greenback Ln, Citrus Heights, CA 95610, USA",https://whatnow.com/sacramento/restaurants/heights-of-brazil-set-to-fill-former-wasabi-house-space-in-citrus-heights/,2026-08-12
2026-08-12,Slim and Husky’s Pizza Bringing Slices to Far South Side at First Chicago Location,,https://whatnow.com/chicago/restaurants/slim-huskys-pizza-bringing-slices-to-far-south-side-at-first-chicago-location/,2026-08-13
2026-08-12,New Grill Set to Open in Manhattan’s Chinatown,"11 Allen St., New York, NY 10002",https://whatnow.com/new-york/restaurants/new-grill-set-to-open-in-manhattans-chinatown/,2026-08-12
2026-08-12,Press & Pour Opens Day-To-Night Coffee And Cocktail Lounge In Downtown Houston | What Now Houston,"1100 Texas Ave, Houston, TX 77002",https://whatnow.com/houston/restaurants/press-pour-opens-day-to-night-coffee-and-cocktail-lounge-in-downtown-houston/,2026-08-13
2026-08-12,"Avondale Is Getting a New Mediterranean Restaurant With Kabobs, Gyros, Bowls, and More","9750 W Indian School Rd, Phoenix, AZ 85037",https://whatnow.com/phoenix/restaurants/avondale-is-getting-a-new-mediterranean-restaurant-with-kabobs-gyros-bowls-and-more/,2026-08-13
2026-08-12,Egg Palace To Debut Restaurant And Bar In Oakland,"4101 Broadway, Oakland, CA 94611",https://whatnow.com/san-francisco/restaurants/egg-palace-to-debut-restaurant-and-bar-in-oakland/,2026-08-12
2026-08-12,Aikan To Open Seventh Location,"17046 Magnolia St, Fountain Valley, CA 92708",https://whatnow.com/orange-county/restaurants/aikan-to-open-seventh-location/,2026-08-12
2026-08-12,CC Wings & Grill Opening in Summerville This September,"140 Hemphill Ct, Summerville, SC 29483",https://whatnow.com/charleston/restaurants/cc-wings-grill-opening-in-summerville-this-september/,2026-08-13
2026-08-12,Brunch Factory to Open in Celina,"3655 S Preston Rd, Celina, TX 75009, USA",https://whatnow.com/dallas/restaurants/brunch-factory-to-open-in-celina/,2026-08-13
2026-08-12,Rosati’s Pizza to Open New Queen Creek Location,"25166 S Ellsworth Rd, Queen Creek, AZ 85142",https://whatnow.com/phoenix/restaurants/rosatis-pizza-to-open-new-queen-creek-location/,2026-08-13
2026-08-12,Chianti’s in Geneva to Add Sit-Down Restaurant at Current Location,"321 Stevens St N, Geneva, IL 60134",https://whatnow.com/chicago/restaurants/chiantis-in-geneva-to-add-sit-down-restaurant-at-current-location/,2026-08-13
2026-08-12,Tompkins Social Club Is Bringing NYC Comfort Food to the East Village,"503 E 6th St., New York, NY 10009",https://whatnow.com/new-york/restaurants/tompkins-social-club-is-bringing-nyc-comfort-food-to-the-east-village/,2026-08-12
2026-08-12,Austin’s Chic Cocktail Bar Announces Closure After Just 3 Years of Service,"700 E 6th St, Austin, TX 78701",https://whatnow.com/austin/restaurants/austins-chic-cocktail-bar-announces-closure-after-just-3-years-of-service/,2026-08-13
2026-08-12,Luna Bistro & Cafe Adding A Second LA Location | What Now Los Angeles,"13181 Mindanao Wy, Marina Del Rey, CA 90292",https://whatnow.com/los-angeles/restaurants/luna-bistro-cafe-adding-a-second-la-location/,2026-08-12
2026-08-12,Mimosa House Family Adds a Champagne Lounge to Granite Bay,"6861 Douglas Blvd, Granite Bay, CA 95746, USA",https://whatnow.com/sacramento/restaurants/mimosa-house-family-adds-a-champagne-lounge-to-granite-bay/,2026-08-13
2026-08-12,New Tropical Smoothie Cafe Planned for Orlando Square,"1700 W Sand Lake Rd, Suite D118, Orlando, FL 32809",https://whatnow.com/orlando/restaurants/new-tropical-smoothie-cafe-planned-for-orlando-square/,2026-08-13
2026-08-12,Team Behind Mis Antojitos Street Food Plans Gluten-Free Dessert Spot,"1115 FL-436, Altamonte Springs, FL 32714",https://whatnow.com/orlando/restaurants/team-behind-mis-antojitos-street-food-plans-gluten-free-dessert-spot/,2026-08-13
2026-08-12,Top Hill Market Preparing To Open In Morgan Hill,"16820 Jackson Oaks Dr, Morgan Hill, CA 95037",https://whatnow.com/san-francisco/restaurants/top-hill-market-preparing-to-open-in-morgan-hill/,2026-08-13
2026-08-12,New Bayt Al Mocha Proposed for Downtown Chicago This Year,,https://whatnow.com/chicago/restaurants/new-bayt-al-mocha-proposed-for-downtown-chicago-this-year/,2026-08-12
2026-08-11,Atlas Pizza Set to Open Fourth Location in Former American Dream Pizza Space,"4620 NE Glisan St, Portland, OR 97213, USA",https://whatnow.com/portland/restaurants/atlas-pizza-set-to-open-fourth-location-in-former-american-dream-pizza-space/,2026-08-11
2026-08-11,"One Roof, Two Concepts: New Cafe and Pizzeria Coming to Tudor City","300 E 41st St., New York, NY 10017",https://whatnow.com/new-york/restaurants/one-roof-two-concepts-new-cafe-and-pizzeria-coming-to-tudor-city/,2026-08-11
2026-08-11,Jeff’s Bagel Run Is Rolling Into Pennsylvania With 10 Locations,,https://whatnow.com/philadelphia/restaurants/jeffs-bagel-run-is-rolling-into-pennsylvania-with-10-locations/,2026-08-11
2026-08-11,Spinato’s Pizzeria Opening at BetMGM Sportsbook at State Farm Stadium,"9591 W Sportsman Pk N, Glendale, AZ 85305",https://whatnow.com/phoenix/restaurants/spinatos-pizzeria-opening-at-betmgm-sportsbook-at-state-farm-stadium/,2026-08-12
2026-08-11,New Chicken Concept Plans Garland Location,"429 I-30, Garland, TX 75043",https://whatnow.com/dallas/restaurants/new-chicken-concept-plans-garland-location/,2026-08-12
2026-08-11,The Common Loon Bringing New England Flavor and Nightly Entertainment to Lents,"5836 SE 92nd Ave, Portland, OR 97266, USA",https://whatnow.com/portland/restaurants/the-common-loon-bringing-new-england-flavor-and-nightly-entertainment-to-lents/,2026-08-11
2026-08-11,Pizza Carmelina Opening Inside Stouffville GO,"6176 Main St, Whitchurch-Stouffville, ON L4A 4H8, Canada",https://whatnow.com/toronto/restaurants/pizza-carmelina-opening-inside-stouffville-go/,2026-08-12
2026-08-11,Kneads Bakeshop & Cafe Baking up Navy Yard Location,"221 Tingey St SE, Washington, DC 20003",https://whatnow.com/washington-dc/restaurants/kneads-bakeshop-cafe-baking-up-navy-yard-location/,2026-08-11
2026-08-11,Munchie Man Bringing a Funky Bistro Concept to Downtown Davis,"113 D St, Davis, CA 95616, USA",https://whatnow.com/sacramento/restaurants/munchie-man-bringing-a-funky-bistro-concept-to-downtown-davis/,2026-08-12
2026-08-11,Superbloom Bake Shoppe Team Plans Whimsical Sister Cafe in Deptford,,https://whatnow.com/philadelphia/restaurants/superbloom-bake-shoppe-team-plans-whimsical-sister-cafe-in-deptford/,2026-08-11
2026-08-11,A Cult-Favorite Burger Chain Is Expanding Its Footprint With a New Location in Downtown Atlanta,"85 Centennial Olympic Park Dr NW d500, Atlanta, GA 30303",https://whatnow.com/atlanta/restaurants/a-cult-favorite-burger-chain-is-expanding-its-footprint-with-a-new-location-in-downtown-atlanta/,2026-08-11
2026-08-11,Aubergine Kitchen to Open First Texas Location,"408 San Gabriel Pkwy Building 2, Suite 101, Leander, TX 78641, USA",https://whatnow.com/austin/restaurants/aubergine-kitchen-to-open-first-texas-location/,2026-08-12
2026-08-11,A New Detroit-Style Pizzeria From the Dime Store Team Opens in Capitol Park,"1133 Griswold St, Detroit, MI 48226, USA",https://whatnow.com/detroit/restaurants/a-new-detroit-style-pizzeria-from-the-dime-store-team-opens-in-capitol-park/,2026-08-11
2026-08-11,Restaurateur Submits Application for New Dining Concept in Logan Square,"2050 N Milwaukee Ave, Chicago, IL 60647",https://whatnow.com/chicago/restaurants/restaurateur-submits-application-for-new-dining-concept-in-logan-square/,2026-08-11
2026-08-11,Rising Costs Force Rio Linda's Farm-to-Table Italian Gem to Close,"960 Oak Ln, Rio Linda, CA 95673",https://whatnow.com/sacramento/restaurants/rising-costs-force-rio-lindas-farm-to-table-italian-gem-to-close/,2026-08-11
2026-08-11,Feli Set to Bring Southern Spain to Slabtown This September,"2070 NW Quimby St, Portland, OR 97210, USA",https://whatnow.com/portland/restaurants/feli-set-to-bring-southern-spain-to-slabtown-this-september/,2026-08-12
2026-08-11,A New York Bagel Brand Is Making Its Palm Beach Gardens Debut,"12465 Northlake Blvd, Palm Beach Gardens, FL 33412, United States",https://whatnow.com/miami/restaurants/a-new-york-bagel-brand-is-making-its-palm-beach-gardens-debut/,2026-08-11
2026-08-11,Smash Burger Concept Moving into Chesterfield for Latest Opening,"27801 23 Mile Rd, Chesterfield, MI 48051",https://whatnow.com/detroit/restaurants/smash-burger-concept-moving-into-chesterfield-for-latest-opening/,2026-08-11
2026-08-11,A 15-Year-Old Restaurant Known for Venezuelan Cuisine Has Closed in Miami,"3509 NE 2nd Ave, Miami, FL 33137, United States",https://whatnow.com/miami/restaurants/a-15-year-old-restaurant-known-for-venezuelan-cuisine-has-closed-in-miami/,2026-08-11
2026-08-11,Sabelli-Frisch Wines Opening First Wine Bar and Tasting Room | What Now Los Angeles,"5122 York Blvd, Los Angeles, CA 90042",https://whatnow.com/los-angeles/restaurants/sabelli-frisch-wines-opening-first-wine-bar-and-tasting-room/,2026-08-11
2026-08-11,A Growing Hawaiian-Inspired Chain Is Bringing Its Plate Lunches to Argyle,"1228 FM 407 Suite 130, Argyle, TX 76226",https://whatnow.com/dallas/restaurants/a-growing-hawaiian-inspired-chain-is-bringing-its-plate-lunches-to-argyle/,2026-08-11
2026-08-11,A Ramen Bar and Izakaya-Style Concept From One of America’s Fastest-Growing Ramen Brands Opens in Las Vegas,"4525 W Spring Mountain Rd, Las Vegas, NV 89102, United States",https://whatnow.com/las-vegas/restaurants/a-ramen-bar-and-izakaya-style-concept-from-one-of-americas-fastest-growing-ramen-brands-opens-in-las-vegas/,2026-08-11
2026-08-11,Better Buzz Coffee Coming to El Cajon,"733 Fletcher Pkwy, El Cajon, CA 92021",https://whatnow.com/san-diego/restaurants/better-buzz-coffee-coming-to-el-cajon/,2026-08-12
2026-08-11,A New Seafood Restaurant Featuring Oysters and Crudo Is Opening in Brookhaven,"2700 Apple Valley Rd NE, Brookhaven, GA 30319",https://whatnow.com/atlanta/restaurants/a-new-seafood-restaurant-featuring-oysters-and-crudo-is-opening-in-brookhaven/,2026-08-11
2026-08-11,KAIYŌ Handroll Bar Brings San Francisco's First Dedicated Nikkei Handroll Bar to Cow Hollow This September | What Now San Francisco,"1838 Union St, San Francisco, CA 94123",https://whatnow.com/san-francisco/restaurants/kaiyo-handroll-bar-brings-san-franciscos-first-dedicated-nikkei-handroll-bar-to-cow-hollow-this-september/,2026-08-11
2026-08-11,Denver’s Popular Distillery and Cocktail Lounge Plans to Close Its RiNo Location,"2990 Larimer St, Denver, CO 80205, United States",https://whatnow.com/denver/restaurants/denvers-popular-distillery-and-cocktail-lounge-plans-to-close-its-rino-location/,2026-08-11
2026-08-11,Shoreside Bakery Expanding Next Door with New Gelato Shop,"1035 Eighth Ave, San Diego, CA 92101",https://whatnow.com/san-diego/restaurants/shoreside-bakery-expanding-next-door-with-new-gelato-shop/,2026-08-11
2026-08-10,Joe & the Juice Planning a Delray Shop,"1821 S Federal Hwy, Delray Beach, FL 33483",https://whatnow.com/miami/restaurants/joe-the-juice-planning-a-delray-shop/,2026-08-10
2026-08-10,A Classic American Restaurant Chain Is Opening Its First Athens Location,"196 Alps Rd, Athens, GA 30606",https://whatnow.com/atlanta/restaurants/a-classic-american-restaurant-chain-is-opening-its-first-athens-location/,2026-08-10
2026-08-10,BoSa Donuts Planning New Chandler Location,"1245 S Price Rd #2, Chandler, AZ 85286",https://whatnow.com/phoenix/restaurants/bosa-donuts-planning-new-chandler-location/,2026-08-11
2026-08-10,85°C Bakery Cafe to Open Baton Rouge Location This Fall,"7044 Siegen Ln, Baton Rouge, LA 70809",https://whatnow.com/new-orleans/restaurants/85c-bakery-cafe-to-open-baton-rouge-location-this-fall/,2026-08-10
2026-08-10,New Owners Revive Historic Spring City Hotel Restaurant,"88 N Main St., Spring City, PA 19475",https://whatnow.com/philadelphia/restaurants/new-owners-revive-historic-spring-city-hotel-restaurant/,2026-08-10
2026-08-10,La Tostada Loca Will Bring Seafood and Cold Cuts to Stockton,"1120 Waterloo Rd, Stockton, CA 95205, USA",https://whatnow.com/sacramento/restaurants/la-tostada-loca-will-bring-seafood-and-cold-cuts-to-stockton/,2026-08-11
2026-08-10,Legendary Central Texas Barbecue Is Opening Its First Houston Restaurant,"1329 N Shepherd Dr, Houston, TX 77008",https://whatnow.com/houston/restaurants/legendary-central-texas-barbecue-is-opening-its-first-houston-restaurant/,2026-08-10
2026-08-10,Whataburger Taking Over Former Taco Cabana on Yale Street,"167 Yale St, Houston, TX 77007",https://whatnow.com/houston/restaurants/whataburger-taking-over-former-taco-cabana-on-yale-street/,2026-08-11
2026-08-10,These 6 Upcoming Restaurants We Uncovered in Metro Atlanta Last Week (Aug 3-7),,https://whatnow.com/atlanta/restaurants/these-6-upcoming-restaurants-we-uncovered-in-metro-atlanta-last-week-aug-3-7/,2026-08-10
2026-08-10,Qamaria Yemeni Coffee Set to Open Second Sacramento Location in North Natomas,"3501 Del Paso Rd, Sacramento, CA 95835, USA",https://whatnow.com/sacramento/restaurants/qamaria-yemeni-coffee-set-to-open-second-sacramento-location-in-north-natomas/,2026-08-11
2026-08-10,Celina's Bar and Grill in Madison Heights Expanding with New Fraser Restaurant,"34360 Utica Rd, Fraser, MI 48026",https://whatnow.com/detroit/restaurants/celinas-bar-and-grill-in-madison-heights-expanding-with-new-fraser-restaurant/,2026-08-10
2026-08-10,Beloved French Bakery and Cafe in New York Closes Its Upper East Side Location,"355 E 78th St, New York, NY 10075",https://whatnow.com/new-york/restaurants/beloved-french-bakery-and-cafe-in-new-york-closes-its-upper-east-side-location/,2026-08-10
2026-08-10,North Texas Family-Owned Japanese Restaurant Is Closing Its Frisco Location,"2693 Preston Rd Ste 1040, Frisco, TX 75034",https://whatnow.com/dallas/restaurants/north-texas-family-owned-japanese-restaurant-is-closing-its-frisco-location/,2026-08-10
2026-08-10,Sodam Korean Kitchen Coming to Olympia,"123 East Bay Drive Northeast, Olympia, WA 98506",https://whatnow.com/seattle/restaurants/sodam-korean-kitchen-coming-to-olympia/,2026-08-11
2026-08-10,A James Beard Award-Winning Chef Is Opening a New Café in Rittenhouse,"1620 Sansom St Ste C3, Philadelphia, PA 19103, United States",https://whatnow.com/philadelphia/restaurants/a-james-beard-award-winning-chef-is-opening-a-new-cafe-in-rittenhouse/,2026-08-10
2026-08-10,Dual-Brand Applebee’s and IHOP Planned for Porter,"23681 Church Street, Porter, TX 77365",https://whatnow.com/houston/restaurants/dual-brand-applebees-and-ihop-planned-for-porter/,2026-08-10
2026-08-10,MiYa Chinese Plans Expansion With Second DFW Location,"5302 Dallas Pkwy #500, Frisco, TX 75034, USA",https://whatnow.com/dallas/restaurants/miya-chinese-plans-expansion-with-second-dfw-location/,2026-08-11
2026-08-10,A New Restaurant Is Opening in Chico With a Longtime Local at the Helm,"2018 Forest Ave, Chico, CA 95928",https://whatnow.com/sacramento/restaurants/a-new-restaurant-is-opening-in-chico-with-a-longtime-local-at-the-helm/,2026-08-10
2026-08-10,70-Year-Old Glenview Restaurant to Close Its Lake Avenue Location,"1514 E Lake Ave, Glenview, IL 60025",https://whatnow.com/chicago/restaurants/70-year-old-glenview-restaurant-to-close-its-lake-avenue-location/,2026-08-10
2026-08-10,Hawaiian Fast-Casual Restaurant Chain Is Opening Its Third San Diego County Location,"11846 Carmel Mountain Rd, San Diego, CA 92128, United States",https://whatnow.com/san-diego/restaurants/hawaiian-fast-casual-restaurant-chain-is-opening-its-third-san-diego-county-location/,2026-08-10
2026-08-10,Imperial Woodpecker Sno-Balls Coming to City Park,"33 Dreyfous Dr, New Orleans, LA 70119",https://whatnow.com/new-orleans/restaurants/imperial-woodpecker-sno-balls-coming-to-city-park/,2026-08-10
2026-08-10,West Village to Welcome Bacio di Latte's First NYC Shop,"287 Bleecker St., New York, NY 10014",https://whatnow.com/new-york/restaurants/west-village-to-welcome-bacio-di-lattes-first-nyc-shop/,2026-08-10
2026-08-09,Angels Crepes Restaurant Planned for Pine Market Town Center,"810 Pine Market Ave, Montgomery, TX 77316",https://whatnow.com/houston/restaurants/angels-crepes-restaurant-planned-for-pine-market-town-center/,2026-08-10
2026-08-09,Work Underway on Ripley Waffle House,,https://whatnow.com/memphis/restaurants/work-underway-on-ripley-waffle-house/,2026-08-10
2026-08-09,Naked Farmer Plans Cypress Creek Restaurant,"850-854 NW 62nd St, Fort Lauderdale, FL 33309",https://whatnow.com/miami/restaurants/naked-farmer-plans-cypress-creek-restaurant/,2026-08-09
2026-08-09,More Chicken Planned for Memphis,"1525 Airways Blvd, Memphis, TN 38114",https://whatnow.com/memphis/restaurants/more-chicken-planned-for-memphis/,2026-08-10
2026-08-09,Roggenart’s Upcoming Commissary Kitchen to Help Fuel Expansion,"9570 Berger Rd, Columbia, MD 21046",https://whatnow.com/washington-dc/restaurants/roggenarts-upcoming-commissary-kitchen-to-help-fuel-expansion/,2026-08-10
2026-08-09,Recent High School Grad Opening Nutrition Biz,20195 FM 1485 Suite A New Caney Tx 77357.,https://whatnow.com/houston/restaurants/recent-high-school-grad-opening-nutrition-biz/,2026-08-10
2026-08-09,Beso Bisou Bringing Basque Dining to Georgetown,"1228 31st St NW, Washington, DC 20007",https://whatnow.com/washington-dc/restaurants/beso-bisou-bringing-basque-dining-to-georgetown/,2026-08-09
2026-08-09,Barnes & Noble Preparing New Arlington Location,"1301 S Joyce St, Arlington, VA 22202",https://whatnow.com/washington-dc/restaurants/barnes-noble-preparing-new-arlington-location/,2026-08-10
2026-08-09,"Gaithersburg, Get Ready to Run to Dash In","15700 Shady Grove Rd, Gaithersburg, MD 20877",https://whatnow.com/washington-dc/restaurants/gaithersburg-get-ready-to-run-to-dash-in/,2026-08-10
2026-08-09,Work Begins on The Lady May’s Second Location,,https://whatnow.com/memphis/restaurants/work-begins-on-the-lady-mays-second-location/,2026-08-09
2026-08-09,Dhoom is on the Move,"11776 Fair Oaks Mall, Fairfax, VA 22033",https://whatnow.com/washington-dc/restaurants/dhoom-is-on-the-move/,2026-08-09
2026-08-09,Maman Moving into Old Buca di Beppo Building,"112 Kentlands Blvd, Gaithersburg, MD 20878",https://whatnow.com/washington-dc/restaurants/maman-moving-into-old-buca-di-beppo-building/,2026-08-09
2026-08-09,Canadian-Born Sushi Taxi is Coming to South Florida,"1928 NE 5th Ave, Boca Raton, FL 33431",https://whatnow.com/miami/restaurants/canadian-born-sushi-taxi-is-coming-to-south-florida/,2026-08-09
2026-08-09,Tacos La Fogata Returning Mexican Food to Memphis Storefront,"8610 Ricky Bell Cove, Memphis, TN 38133",https://whatnow.com/memphis/restaurants/tacos-la-fogata-returning-mexican-food-to-memphis-storefront/,2026-08-10
2026-08-08,Primecut Taqueria To Open In Rancho Cucamonga,"11561 W Foothill Blvd, Rancho Cucamonga, CA 91730",https://whatnow.com/orange-county/restaurants/primecut-taqueria-to-open-in-rancho-cucamonga/,2026-08-08
2026-08-08,Black Rock Coffee Bar May Be Coming To Orange,"2469 N Tustin St, Orange, CA 92865",https://whatnow.com/orange-county/restaurants/black-rock-coffee-bar-may-be-coming-to-orange/,2026-08-08
2026-08-08,Starbird Set To Open New Location In  Fremont,"3966 Mowry Ave, Fremont, CA 94538",https://whatnow.com/san-francisco/restaurants/starbird-set-to-open-new-location-in-fremont/,2026-08-08
2026-08-07,Marufuku Ramen To Open Burlingame Location,"225 Lorton Ave, Burlingame, CA 94010",https://whatnow.com/san-francisco/restaurants/marufuku-ramen-to-open-burlingame-location/,2026-08-08
2026-08-07,Giorgios Pizza Is Coming Back to Denver,"5701 Leetsdale Dr, Denver, CO 80224, USA",https://whatnow.com/denver/restaurants/giorgios-pizza-is-coming-back-to-denver/,2026-08-07
2026-08-07,"'The Right Amount of Cheese Accompanied by a Flavorful, Crispy Tortilla': QuesaLab Plans to Debut in Liberty Hill","13900 W State Hwy 29, Liberty Hill, TX 78642, USA",https://whatnow.com/austin/restaurants/the-right-amount-of-cheese-accompanied-by-a-flavorful-crispy-tortilla-quesalab-plans-to-debut-in-liberty-hill/,2026-08-07
2026-08-07,Tim Hortons to Open New Austin Location on Research Boulevard,"8756 Research Blvd, Austin, TX 78758, USA",https://whatnow.com/austin/restaurants/tim-hortons-to-open-new-austin-location-on-research-boulevard/,2026-08-08
2026-08-07,Kokovoko Bringing an ‘Imaginary Beach Bar’ to Tacoma’s Stadium District,"102 N G St, Tacoma, WA 98403",https://whatnow.com/seattle/restaurants/kokovoko-bringing-an-imaginary-beach-bar-to-tacomas-stadium-district/,2026-08-08
2026-08-07,Playa Bowls Eyes Little Elm Location,"26556 E University Dr, Aubrey, TX 76227, USA",https://whatnow.com/dallas/restaurants/playa-bowls-eyes-little-elm-location/,2026-08-08
2026-08-07,Raising Cane’s Plans Second Jacksonville Restaurant,"4863 Gate Pkwy, Jacksonville, FL 32246, USA",https://whatnow.com/jacksonville/restaurants/raising-canes-plans-second-jacksonville-restaurant/,2026-08-07
2026-08-07,St. Nick’s Bringing Year-Round Christmas to Leavenworth,"1133 US Hwy 2, Leavenworth, WA 98826",https://whatnow.com/seattle/restaurants/st-nicks-bringing-year-round-christmas-to-leavenworth/,2026-08-07
2026-08-07,Whataburger Set to Join University Place Redevelopment in Chapel Hill,"219 S Estes Dr, Chapel Hill, NC 27514, USA",https://whatnow.com/charlotte/restaurants/whataburger-set-to-join-university-place-redevelopment-in-chapel-hill/,2026-08-07
2026-08-07,Franko & Friends To Open On Union Street In San Francisco,"2055 -B Union St, San Francisco, CA 94123",https://whatnow.com/san-francisco/restaurants/franko-friends-to-open-on-union-street-in-san-francisco/,2026-08-08
2026-08-07,Lebanese Bistro Epice Set To Relocate From 12South To Green Hills,"3827 Cleghorn Ave, Nashville, TN 37215, USA",https://whatnow.com/nashville/restaurants/lebanese-bistro-epice-set-to-relocate-from-12south-to-green-hills/,2026-08-07
2026-08-07,Just Salad to Take Over Former Sweetgreen Space at the Fenway,"132 Brookline Ave, Boston, MA 02215",https://whatnow.com/boston/restaurants/just-salad-to-take-over-former-sweetgreen-space-at-the-fenway/,2026-08-08
2026-08-07,Piccolino Bringing Italian-Inspired Coffee and Aperitivo Experience to South Boston,"236 Dorchester St, Boston, MA 02127",https://whatnow.com/boston/restaurants/piccolino-bringing-italian-inspired-coffee-and-aperitivo-experience-to-south-boston/,2026-08-07
2026-08-07,A Landmark Canton Township Grille and Pub Has Closed After Its Final Dinner,"3658 41275 Ford Rd, Canton Township, MI 48187",https://whatnow.com/detroit/restaurants/a-landmark-canton-township-grille-and-pub-has-closed-after-its-final-dinner/,2026-08-07
2026-08-07,Kiki’s Health Cafe to Open Second Location in Morrison,"300 Bear Creek Ave, Morrison, CO 80465",https://whatnow.com/denver/restaurants/kikis-health-cafe-to-open-second-location-in-morrison/,2026-08-07
2026-08-07,7 Brew Coffee Continues East Valley Expansion With New Gilbert Location,"1845 E Baseline Rd, Gilbert, AZ 85233",https://whatnow.com/phoenix/restaurants/7-brew-coffee-continues-east-valley-expansion-with-new-gilbert-location/,2026-08-08
2026-08-07,Biscotti’s Bakery Approved to Return to Boston’s North End With Condos Upstairs,"97 Salem St, Boston, MA 02113",https://whatnow.com/boston/restaurants/biscottis-bakery-approved-to-return-to-bostons-north-end-with-condos-upstairs/,2026-08-07
2026-08-07,Bella Limone in Royal Oak Converting to Three New Concepts This Year,"100 S Main St Fl 2, Royal Oak, MI 48067",https://whatnow.com/detroit/restaurants/bella-limone-in-royal-oak-converting-to-three-new-concepts-this-year/,2026-08-07
2026-08-07,Anything Bagel To Preserve Block's Bagels Legacy Ahead Of August Opening,"6115 McNaughten Rd, Columbus, OH 43232, USA",https://whatnow.com/columbus/restaurants/anything-bagel-to-preserve-blocks-bagels-legacy-ahead-of-august-opening/,2026-08-08
2026-08-07,PopUp Bagels Considering New North Park Location,"3727 30th St, San Diego, CA 92104",https://whatnow.com/san-diego/restaurants/popup-bagels-considering-new-north-park-location/,2026-08-07
2026-08-07,"The Oswegian, a New Public House Set to Open in Former Gemini Bar Space","456 N State St, Lake Oswego, OR 97034",https://whatnow.com/portland/restaurants/the-oswegian-a-new-public-house-set-to-open-in-former-gemini-bar-space/,2026-08-07
2026-08-07,Shinjuku Station Tracks Toward Charlotte Debut with Interactive Sushi Concept,"230 E W.T. Harris Blvd, Charlotte, NC 28262, USA",https://whatnow.com/charlotte/restaurants/shinjuku-station-tracks-toward-charlotte-debut-with-interactive-sushi-concept/,2026-08-07
2026-08-07,A Sweet Move: Iconic Donut Chain Plans Upper East Side Debut,"1183 2nd Ave., New York, NY 10065",https://whatnow.com/new-york/restaurants/a-sweet-move-iconic-donut-chain-plans-upper-east-side-debut/,2026-08-07
2026-08-07,"Byte Launches Westshore Food Truck, Construction Starts on Brick-and-Mortar","301 N Westshore Blvd, Tampa, FL 33609",https://whatnow.com/tampa/restaurants/byte-launches-westshore-food-truck-construction-starts-on-brick-and-mortar/,2026-08-07
2026-08-07,A Massive New Waterfront Dining Destination Is Opening in Florida This Month,"2431 Town Center Ave Building #2, Melbourne, FL 32940, United States",https://whatnow.com/orlando/restaurants/a-massive-new-waterfront-dining-destination-is-opening-in-florida-this-month/,2026-08-07
2026-08-07,"MilkShake Factory Makes Central Florida Debut, with Two Locations to Follow","595 W Church St K, Orlando, FL 32805",https://whatnow.com/orlando/restaurants/milkshake-factory-makes-central-florida-debut-with-two-locations-to-follow/,2026-08-07
2026-08-07,Tartine To Open New Location In San Francisco’s Financial District,"351 California St, San Francisco, CA 94104",https://whatnow.com/san-francisco/restaurants/tartine-to-open-new-location-in-san-franciscos-financial-district/,2026-08-08
2026-08-07,Planned Fort Pierce Buc-ee’s Project Moves Forward—But Slowly,"I-95 & Indrio Road, Fort Pierce, FL 34951",https://whatnow.com/orlando/restaurants/planned-fort-pierce-buc-ees-project-moves-forward-but-slowly/,2026-08-07
2026-08-07,Bellwether Set to Reopen in Jacksonville,"117 W Forsyth St, Jacksonville, FL 32202, USA",https://whatnow.com/jacksonville/restaurants/bellwether-set-to-reopen-in-jacksonville/,2026-08-07
2026-08-07,"Ichiban Expanding to Dearborn, Novi Opening Expected Soon",,https://whatnow.com/detroit/restaurants/ichiban-expanding-to-dearborn-novi-opening-expected-soon/,2026-08-07
2026-08-07,A Mediterranean Dining Destination in Newtown Is Closing,"2948 S Eagle Rd, Newtown, PA 18940",https://whatnow.com/philadelphia/restaurants/a-mediterranean-dining-destination-in-newtown-is-closing/,2026-08-07
2026-08-07,Jet’s Pizza Coming Soon to Colorado Springs,"1714 Dublin Blvd, Colorado Springs, CO 80918, USA",https://whatnow.com/denver/restaurants/jets-pizza-coming-soon-to-colorado-springs/,2026-08-07
2026-08-07,7 Brew Coffee Plans New Leander Drive-Thru Stand,"10281 U.S. Highway 183A,Texas, USA",https://whatnow.com/austin/restaurants/7-brew-coffee-plans-new-leander-drive-thru-stand/,2026-08-07
2026-08-07,Crust Pizza Planning New Restaurant in San Antonio’s Stone Oak,"20135 Stone Oak Pkwy, San Antonio, TX 78258, USA",https://whatnow.com/san-antonio/restaurants/crust-pizza-planning-new-restaurant-in-san-antonios-stone-oak/,2026-08-08
2026-08-07,PAW Taps & Tails Taking Over Dissent Craft Brewing Company Space,"5518 Haines Rd N, St. Petersburg, FL 33714",https://whatnow.com/tampa/restaurants/paw-taps-tails-taking-over-dissent-craft-brewing-company-space/,2026-08-07
2026-08-07,Bay Blend Café Preparing Oakland Opening,"4506 Market St, Oakland, CA 94608",https://whatnow.com/san-francisco/restaurants/bay-blend-cafe-preparing-oakland-opening/,2026-08-08
2026-08-07,Ironsmith Coffee Roasters Opening Second Site in Oceanside,"1116 S Coast Hwy, Oceanside, CA 92054",https://whatnow.com/san-diego/restaurants/ironsmith-coffee-roasters-opening-second-site-in-oceanside/,2026-08-07
2026-08-07,Slice House Preparing to Open in Longmont,"725 Harvest Moon Dr, Longmont, CO 80501, USA",https://whatnow.com/denver/restaurants/slice-house-preparing-to-open-in-longmont/,2026-08-07
2026-08-07,Porta Via Planning First Arizona Location at Scottsdale Fashion Square,"7014 E Camelback Rd, Scottsdale, AZ 85251",https://whatnow.com/phoenix/restaurants/porta-via-planning-first-arizona-location-at-scottsdale-fashion-square/,2026-08-07
2026-08-07,Wawa Continues Tennessee Expansion With Murfreesboro Opening,"5208 Veterans Pkwy, Murfreesboro, TN 37128, USA",https://whatnow.com/nashville/restaurants/wawa-continues-tennessee-expansion-with-murfreesboro-opening/,2026-08-07
2026-08-07,Rubato Wines Owner Jeffrey Wilson Confirms New Tasting Room in Central Eastside,"109 SE Salmon St, Portland, OR 97214",https://whatnow.com/portland/restaurants/rubato-wines-owner-jeffrey-wilson-confirms-new-tasting-room-in-central-eastside/,2026-08-07
2026-08-07,Barcelona Wine Bar Plans New Denver Tech Center Location,"8101 E Belleview Ave, Denver, CO 80237, USA",https://whatnow.com/denver/restaurants/barcelona-wine-bar-plans-new-denver-tech-center-location/,2026-08-07
2026-08-07,Mia’s Mexican Grill Planning $800K Remodel in San Antonio,"18303 Blanco Rd, San Antonio, TX 78258, USA",https://whatnow.com/san-antonio/restaurants/mias-mexican-grill-planning-800k-remodel-in-san-antonio/,2026-08-07
2026-08-07,Fogo de Chão Bringing Brazilian Churrasco-Style Steakhouse Experience to Braintree’s South Shore Plaza,"250 Granite St, Braintree, MA 02184",https://whatnow.com/boston/restaurants/fogo-de-chao-bringing-brazilian-churrasco-style-steakhouse-experience-to-braintrees-south-shore-plaza/,2026-08-08
2026-08-07,Rústico Coffee & Bakery Planning Fall Opening in Tacoma,"1312 N I St, Tacoma, WA 98403",https://whatnow.com/seattle/restaurants/rustico-coffee-bakery-planning-fall-opening-in-tacoma/,2026-08-07
2026-08-07,Go Greek Yogurt Coming to Downtown Jacksonville,"441 W Beaver St, Jacksonville, FL 32202, USA",https://whatnow.com/jacksonville/restaurants/go-greek-yogurt-coming-to-downtown-jacksonville/,2026-08-07
2026-08-07,A Michelin-Recognized Cambodian Restaurant Has Closed on the Upper East Side,"408 E 64th St, New York, NY 10065",https://whatnow.com/new-york/restaurants/a-michelin-recognized-cambodian-restaurant-has-closed-on-the-upper-east-side/,2026-08-07
2026-08-07,The Reverie Targets Late 2026 Opening in Winter Park,"533 W New England Ave, Winter Park, FL 32789",https://whatnow.com/orlando/restaurants/the-reverie-targets-late-2026-opening-in-winter-park/,2026-08-07
2026-08-07,Grateful Dead-Inspired Stella Blue Opening in Myrtle Beach,"170 Sayebrook Pkwy, Myrtle Beach, SC 29588",https://whatnow.com/charleston/restaurants/grateful-dead-inspired-stella-blue-opening-in-myrtle-beach/,2026-08-07
2026-08-07,Sonic Drive-In to Reopen Columbus Location After Kitchen Fire,"3250 Olentangy River Rd, Columbus, OH 43202, USA",https://whatnow.com/columbus/restaurants/sonic-drive-in-to-reopen-columbus-location-after-kitchen-fire/,2026-08-07
2026-08-07,Salumeria Rosi Set to Reopen in East Village: 'Excited to Get Back',"222 Avenue B, New York, NY 10009",https://whatnow.com/new-york/restaurants/salumeria-rosi-set-to-reopen-in-east-village-excited-to-get-back/,2026-08-07
2026-08-07,Smalls Sliders to Open New Location in Anna,"SEQ N Central Expy, Texas, USA",https://whatnow.com/dallas/restaurants/smalls-sliders-to-open-new-location-in-anna/,2026-08-07
2026-08-07,Partake Confirms Second Grants Pass Location on 6th Street,"221 SE 6th St, Grants Pass, OR 97526",https://whatnow.com/portland/restaurants/partake-confirms-second-grants-pass-location-on-6th-street/,2026-08-08
2026-08-07,Flight Club Bringing Tech-Enabled Social Darts Concept to Nashville Yards,"20 Platform Way S, Nashville, TN 37203, USA",https://whatnow.com/nashville/restaurants/flight-club-bringing-tech-enabled-social-darts-concept-to-nashville-yards/,2026-08-07
2026-08-07,Laidrey Coffee Planning Thousand Oaks Outpost | What Now Los Angeles,"2302 E Thousand Oaks Blvd, Thousand Oaks, CA 91362",https://whatnow.com/los-angeles/restaurants/laidrey-coffee-planning-thousand-oaks-outpost/,2026-08-07
2026-08-07,Barryville General Expands East Village Store Into Adjacent Space,"70 Avenue A, New York, NY 10009",https://whatnow.com/new-york/restaurants/barryville-general-expands-east-village-store-into-adjacent-space/,2026-08-07
2026-08-07,Filipino-Inspired Sandwich Pop-Up Johnny Boy to Open First Boston Restaurant,"300 Summer St, Boston, MA 02210",https://whatnow.com/boston/restaurants/filipino-inspired-sandwich-pop-up-johnny-boy-to-open-first-boston-restaurant/,2026-08-08
2026-08-07,Claymore Steakhouse Planned for Wedgewood-Houston From the Team Behind iggy's,"622 Hamilton Ave, Nashville, TN 37203, USA",https://whatnow.com/nashville/restaurants/claymore-steakhouse-planned-for-wedgewood-houston-from-the-team-behind-iggys/,2026-08-08
2026-08-07,A Gluten-Free Brazilian Cafe Is Opening a New Location in NYC’s NoMad Neighborhood,"261 5th Ave, New York, NY 10016",https://whatnow.com/new-york/restaurants/a-gluten-free-brazilian-cafe-is-opening-a-new-location-in-nycs-nomad-neighborhood/,2026-08-07
2026-08-07,"Jersey Mike’s Opens Fourth Toronto Location, With Many More on the Way",,https://whatnow.com/toronto/restaurants/jersey-mikes-opens-fourth-toronto-location-with-many-more-on-the-way/,2026-08-07
2026-08-07,A Nearly 200-Year-Old SoHo Landmark Has Been Reimagined as a New Dining Destination,"431 Broome St, New York, NY 10013",https://whatnow.com/new-york/restaurants/a-nearly-200-year-old-soho-landmark-has-been-reimagined-as-a-new-dining-destination/,2026-08-07
2026-08-07,Simulator-Based Golf Facility Teeing Up in the West End,"7211 Regent St, New Orleans, LA 70124",https://whatnow.com/new-orleans/restaurants/simulator-based-golf-facility-teeing-up-in-the-west-end/,2026-08-08
2026-08-06,Jersey Mike's Subs to Open New Location in Sendera Ranch,"14917 Sendera Ranch Blvd #125, Haslet, TX 76052, USA",https://whatnow.com/dallas/restaurants/jersey-mikes-subs-to-open-new-location-in-sendera-ranch/,2026-08-07
2026-08-06,Agnes Caribbean Opening Villa Rica Outpost | What Now Los Angeles,"419 Main St, Villa Rica, GA 30180",https://whatnow.com/atlanta/restaurants/agnes-caribbean-opening-villa-rica-outpost/,2026-08-07
2026-08-06,Agave & Rye Bringing First-Ever Bourbon Speakeasy to Pleasant Ridge This September,"6112 Montgomery Rd, Cincinnati, OH 45213, USA",https://whatnow.com/columbus/restaurants/agave-rye-bringing-first-ever-bourbon-speakeasy-to-pleasant-ridge-this-september/,2026-08-07
2026-08-06,Historic Excelsior Club Set for 2028 Return Following Demolition,"921 Beatties Ford Rd, Charlotte, NC 28216, USA",https://whatnow.com/charlotte/restaurants/historic-excelsior-club-set-for-2028-return-following-demolition/,2026-08-07
2026-08-06,A Made-From-Scratch Chicken Salad Spot Is Coming to Kyle,"19037 I-35 Suite 1, Kyle, TX 78640",https://whatnow.com/austin/restaurants/a-made-from-scratch-chicken-salad-spot-is-coming-to-kyle/,2026-08-07
2026-08-06,Lenny’s Craft Burger Targeting Mid-October Opening,"4525 S Power Rd #105, Mesa, AZ 85212",https://whatnow.com/phoenix/restaurants/lennys-craft-burger-targeting-mid-october-opening/,2026-08-07
2026-08-06,Honestly Good Chicken Fingers Adding Two More Sites,,https://whatnow.com/toronto/restaurants/honestly-good-chicken-fingers-adding-two-more-sites/,2026-08-07
2026-08-06,Miami's Award-Winning Smash Burger Chain Lands in the Penn District,,https://whatnow.com/new-york/restaurants/miamis-award-winning-smash-burger-chain-lands-in-the-penn-district/,2026-08-07
2026-08-06,Good Nerd Gallery Opening Art Gallery and Wine Bar,"138 James St N, Hamilton, ON L8R 2K7, Canada",https://whatnow.com/toronto/restaurants/good-nerd-gallery-opening-art-gallery-and-wine-bar/,2026-08-07
2026-08-06,Ike's Love & Sandwiches Plans New Leander Location,"Leander, TX 78641, USA",https://whatnow.com/austin/restaurants/ikes-love-sandwiches-plans-new-leander-location/,2026-08-07
2026-08-06,Dear Charlotte to Bring Garden-Inspired Rooftop Escape to Steele Creek,"4936 Trojan Dr, Charlotte, NC 28278, USA",https://whatnow.com/charlotte/restaurants/dear-charlotte-to-bring-garden-inspired-rooftop-escape-to-steele-creek/,2026-08-07
2026-08-06,"Mike's Red Tacos Signs First Texas Lease, Targets Cedar Park for Debut",,https://whatnow.com/austin/restaurants/mikes-red-tacos-signs-first-texas-lease-targets-cedar-park-for-debut/,2026-08-07
2026-08-06,The Original Famous Bagel Dock Cafe of Calabash Is Expanding to Surfside Beach,"2016 Hwy 17 S, Surfside Beach, SC 29575",https://whatnow.com/charleston/restaurants/the-original-famous-bagel-dock-cafe-of-calabash-is-expanding-to-surfside-beach/,2026-08-07
2026-08-06,Springbone Kitchen to Sustain Weary Travelers,"50 Massachusetts Ave NE, Washington, DC 20002",https://whatnow.com/washington-dc/restaurants/springbone-kitchen-to-sustain-weary-travelers/,2026-08-07
2026-08-06,La La Land Cafe Making San Diego at Del Mar Plaza,,https://whatnow.com/san-diego/restaurants/la-la-land-cafe-making-san-diego-at-del-mar-plaza/,2026-08-07
2026-08-06,"With CEO Luis Fernandez at the Helm, Zaza Cuban Comfort Food Is Poised to Keep Growing",,https://whatnow.com/orlando/restaurants/with-ceo-luis-fernandez-at-the-helm-zaza-cuban-comfort-food-is-poised-to-keep-growing/,2026-08-07
2026-08-06,Keia & Martyn's Coffee Finds Its Next Home in the Irvington District,"1615 NE 15th Ave, Portland, OR 97232, USA",https://whatnow.com/portland/restaurants/keia-martyns-coffee-finds-its-next-home-in-the-irvington-district/,2026-08-07
2026-08-06,Karma Asian Fusion to Take Over Former Oishii Space in Boston's South End,"1166 Washington St, Unit 110, Boston, MA 02118",https://whatnow.com/boston/restaurants/karma-asian-fusion-to-take-over-former-oishii-space-in-bostons-south-end/,2026-08-07
2026-08-06,Harvest & Grace Opening at The Town at Trilith | What Now Atlanta,"210 Trilith Pkwy Ste 150, Fayetteville, GA 30214",https://whatnow.com/atlanta/restaurants/harvest-grace-opening-at-the-town-at-trillith/,2026-08-07
2026-08-06,Chuck’s Roadhouse Bar and Grill Expanding to Waterdown,"94 Dundas St E, Waterdown, ON, Canada",https://whatnow.com/toronto/restaurants/chucks-roadhouse-bar-and-grill-expanding-to-waterdown/,2026-08-07
2026-08-06,Talkin’ Tacos Is Headed to Brandon Next,"1918 W Brandon Blvd, Brandon, FL 33511",https://whatnow.com/tampa/restaurants/talkin-tacos-is-headed-to-brandon-next/,2026-08-07
2026-08-06,Sizzle Shack Burgers Expanding to La Mesa,"6062 Lake Murray Blvd, La Mesa, CA 91942",https://whatnow.com/san-diego/restaurants/sizzle-shack-burgers-expanding-to-la-mesa/,2026-08-07
2026-08-06,Love Shack Country Club Opening in Spokane Valley,"13921 E Trent Ave, Spokane Valley, WA 99216",https://whatnow.com/seattle/restaurants/love-shack-country-club-opening-in-spokane-valley/,2026-08-07
2026-08-06,New Sports Facility in Logan Square to Offer Beach Bar Option,"2367 W Logan Blvd, Chicago, IL 60647",https://whatnow.com/chicago/restaurants/new-sports-facility-in-logan-square-to-offer-beach-bar-option/,2026-08-07
2026-08-06,Nothing Bundt Cakes Plans New Fort Worth Location at Eastchase Parkway,"8430 Eastchase Pkwy #110, Fort Worth, TX 76120, United States",https://whatnow.com/dallas/restaurants/nothing-bundt-cakes-plans-new-fort-worth-location-at-eastchase-parkway/,2026-08-07
2026-08-06,Phase Three Brewing Bringing Taproom to Avondale on the River,"3057 N Rockwell St, Chicago, IL 60618",https://whatnow.com/chicago/restaurants/phase-three-brewing-bringing-taproom-to-avondale-on-the-river/,2026-08-07
2026-08-06,An Indianapolis Restaurant With Nearly Two Decades of Midwest Hospitality Is Coming to Paradise Valley,"12770 N Tatum Blvd, Phoenix, AZ 85032, United States",https://whatnow.com/phoenix/restaurants/an-indianapolis-restaurant-with-nearly-two-decades-of-midwest-hospitality-is-coming-to-paradise-valley/,2026-08-07
2026-08-06,A California Hard Kombucha Brand Is Closing Its Remaining Tasting Rooms,,https://whatnow.com/los-angeles/restaurants/a-california-hard-kombucha-brand-is-closing-its-remaining-tasting-rooms/,2026-08-07
2026-08-06,A Mexican Restaurant in St. Pete Is Closing One Location While Others Remain Open,"6001 Central Ave, St. Petersburg, FL 33710, United States",https://whatnow.com/tampa/restaurants/a-mexican-restaurant-in-st-pete-is-closing-one-location-while-others-remain-open/,2026-08-07
2026-08-06,Pittsburgh-Based Coop De Ville Planning Sister Concept in Savannah,"301 Passage Way, Savannah, GA 31401",https://whatnow.com/charleston/restaurants/pittsburgh-based-coop-de-ville-planning-sister-concept-in-savannah/,2026-08-07
2026-08-06,Aubergine Kitchen Planning Two More Arizona Restaurants,,https://whatnow.com/phoenix/restaurants/aubergine-kitchen-planning-two-more-arizona-restaurants/,2026-08-07
2026-08-06,Tigerbaby Coffee & Clay Opening in Brockton Village,"977 College St, Toronto, ON M6H 1A6, Canada",https://whatnow.com/toronto/restaurants/tigerbaby-coffee-clay-opening-in-brockton-village/,2026-08-07
2026-08-06,Big Dave’s Cheesesteaks Making Tampa Debut This Month,"2548 E Fowler Ave, Tampa, FL 33612",https://whatnow.com/tampa/restaurants/big-daves-cheesesteaks-making-tampa-debut-this-month/,2026-08-07
2026-08-06,Jersey Mike’s Opening in North Charleston,"1640 Remount Rd, North Charleston, SC 29406",https://whatnow.com/charleston/restaurants/jersey-mikes-opening-in-north-charleston/,2026-08-07
2026-08-06,Poquitos Reopens Under New Ownership in Capitol Hill,"1000 E Pike St, Seattle, WA 98122",https://whatnow.com/seattle/restaurants/poquitos-reopens-under-new-ownership-in-capitol-hill/,2026-08-07
2026-08-06,Father-Son Mediterranean Restaurant in Houston Heights Is Closing After Five Years,"518 W 11th St Ste 300, Houston, TX 77008",https://whatnow.com/houston/restaurants/father-son-mediterranean-restaurant-in-houston-heights-is-closing-after-five-years/,2026-08-07
2026-08-05,Mo' Bettahs Hawaiian Style Food Eyes Little Elm,"26556 E University Dr, Aubrey, TX 76227, USA",https://whatnow.com/dallas/restaurants/mo-bettahs-hawaiian-style-food-eyes-little-elm/,2026-08-07
2026-08-05,Owner of Rhythm Coffee Planning Permanent Location in Detroit,,https://whatnow.com/detroit/restaurants/owner-of-rhythm-coffee-planning-permanent-location-in-detroit/,2026-08-05
2026-08-05,Solar Slice Pizza Planning Second Location In East Cobb | What Now Atlanta,"3460 Sandy Plains Rd, Marietta, GA 30066",https://whatnow.com/atlanta/restaurants/solar-slice-pizza-planning-second-location-in-east-cobb/,2026-08-05
2026-08-05,Asad's Hot Chicken Fires Up Expansion With Vineland Opening,"301 S Main Rd., Vineland, NJ 08360",https://whatnow.com/philadelphia/restaurants/asads-hot-chicken-fires-up-expansion-with-vineland-opening/,2026-08-05
2026-08-05,New Spinx Location Opening in Lexington’s Red Bank Area,"1544A S Lake Dr, Lexington, SC 29073",https://whatnow.com/charleston/restaurants/new-spinx-location-opening-in-lexingtons-red-bank-area/,2026-08-05
2026-08-05,Hot Chicken Chain Preparing Two New Locations in Grand Rapids Area,,https://whatnow.com/detroit/restaurants/hot-chicken-chain-preparing-two-new-locations-in-grand-rapids-area/,2026-08-05
2026-08-05,A Specialty Coffee Shop in Las Vegas Announces Permanent Closure,"750 S Rampart Blvd, Las Vegas, NV 89145",https://whatnow.com/las-vegas/restaurants/a-specialty-coffee-shop-in-las-vegas-announces-permanent-closure/,2026-08-05
2026-08-05,Dingers Roadside Cafe “Warming Up in Downtown Plant City”,"202 E Reynolds St, Plant City, FL 33563",https://whatnow.com/tampa/restaurants/dingers-roadside-cafe-warming-up-in-downtown-plant-city/,2026-08-05
2026-08-05,A New Six-Month Pop-Up Is Bringing Award-Winning Chefs to Los Angeles,"6600 Topanga Canyon Blvd, Canoga Park, CA 91303, United States",https://whatnow.com/los-angeles/restaurants/a-new-six-month-pop-up-is-bringing-award-winning-chefs-to-los-angeles/,2026-08-05
2026-08-05,Dub’s Chicken Shack Replacing Spencer Valley Staple,"4354 Hwy 78, Santa Ysabel, CA 92070",https://whatnow.com/san-diego/restaurants/dubs-chicken-shack-replacing-spencer-valley-staple/,2026-08-05
2026-08-05,Alano Ristorante Concept Coming to Former Pizzeria Space in Western Springs,"821 Burlington Ave, Western Springs, IL 60558",https://whatnow.com/chicago/restaurants/alano-ristorante-concept-coming-to-former-pizzeria-space-in-western-springs/,2026-08-07
2026-08-05,Cafe Social House Team Opening Cafe in the City | What Now Atlanta,"935 Marietta St NW #1, Atlanta, GA 30318",https://whatnow.com/atlanta/restaurants/cafe-social-house-team-opening-cafe-in-the-city/,2026-08-05
2026-08-05,Culver’s Plans Continuing Central Florida Growth With New Location Near Lake Barton,"798 N Semoran Blvd, Orlando, FL 32807",https://whatnow.com/orlando/restaurants/culvers-plans-continuing-central-florida-growth-with-new-location-near-lake-barton/,2026-08-05
2026-08-05,Bowdie’s Steakhouse Headed to Savannah’s Eastern Wharf,"301 Passage Way, Savannah, GA 31401",https://whatnow.com/charleston/restaurants/bowdies-steakhouse-headed-to-savannahs-eastern-wharf/,2026-08-05
2026-08-05,Hashtag India Plans to Open in Northlake,"8048 Cleveland Gibbs Rd, Northlake, TX 76247, USA",https://whatnow.com/dallas/restaurants/hashtag-india-plans-to-open-in-northlake/,2026-08-07
2026-08-05,Shifka Expands With Second NYC Location at The Market Hall at Manhattan West,"398 10th Ave., New York, NY 10001",https://whatnow.com/new-york/restaurants/shifka-expands-with-second-nyc-location-at-the-market-hall-at-manhattan-west/,2026-08-05
2026-08-05,&pizza Joining West Midtown This Fall | What Now Atlanta,"1042 Northside Dr NW m110, Atlanta, GA 30318",https://whatnow.com/atlanta/restaurants/pizza-joining-west-midtown-this-fall/,2026-08-05
2026-08-05,From South Jersey to Philly: Chimney Rustic Ales Plans Larger Brewery and Taproom,"2157 E Lehigh Ave., Philadelphia, PA 19125",https://whatnow.com/philadelphia/restaurants/from-south-jersey-to-philly-chimney-rustic-ales-plans-larger-brewery-and-taproom/,2026-08-05
2026-08-05,"After Years of Cold Beers and Big Games, a Cornwall Sports Bar Pours Its Last Round","2576 US-9W, Cornwall, NY 12518, United States",https://whatnow.com/new-york/restaurants/after-years-of-cold-beers-and-big-games-a-cornwall-sports-bar-pours-its-last-round/,2026-08-05
2026-08-05,Fiery Crab Bringing Louisiana Style Seafood Boils to Portland and Vancouver,,https://whatnow.com/portland/restaurants/fiery-crab-bringing-louisiana-style-seafood-boils-to-portland-and-vancouver/,2026-08-05
2026-08-05,Tropical Smoothie Cafe Planned in Davenport,"42660 US-27, Davenport, FL 33837",https://whatnow.com/tampa/restaurants/tropical-smoothie-cafe-planned-in-davenport/,2026-08-05
2026-08-05,Crack of Dawn Plans to Say “Good Morning” in New Memphis Storefront,"929 Porter St, Memphis, TN 38126",https://whatnow.com/memphis/restaurants/crack-of-dawn-plans-to-say-good-morning-in-new-memphis-storefront/,2026-08-07
2026-08-05,Red Leaf Organic Coffee Set to Open in Former Starbucks Space at Vancouver Mall,"8700 NE Vancouver Mall Dr, Vancouver, WA 98662, USA",https://whatnow.com/portland/restaurants/red-leaf-organic-coffee-set-to-open-in-former-starbucks-space-at-vancouver-mall/,2026-08-07
2026-08-05,A Calabasas Dining Staple Just Closed After 28 Years of Service,"4783 Commons Way, Calabasas, CA 91302",https://whatnow.com/los-angeles/restaurants/a-calabasas-dining-staple-just-closed-after-28-years-of-service/,2026-08-05
2026-08-05,Divilma Headed to Orlando for New Cinnamon Roll Shop,"5455 Gateway Village Cir, Suite 102, Orlando, FL 32812",https://whatnow.com/orlando/restaurants/divilma-headed-to-orlando-for-new-cinnamon-roll-shop/,2026-08-05
2026-08-05,Mezza Luna Team Opening Osteria Bella In Alpharetta | What Now Atlanta,"3 S Main St, Alpharetta, GA 30009",https://whatnow.com/atlanta/restaurants/mezza-luna-team-opening-osteria-bella-in-alpharetta/,2026-08-05
2026-08-05,Local Hospitality Group Appears To Have New Project In The Works In Chinatown | What Now Los Angeles,"1418 N Spring St, Los Angeles, CA 90012",https://whatnow.com/los-angeles/restaurants/local-hospitality-group-appears-to-have-new-project-in-the-works-in-chinatown/,2026-08-05
2026-08-05,The Win~Dow Expanding With New Location In West Adams | What Now Los Angeles,"3701 W Jefferson Blvd, Los Angeles, CA 90016",https://whatnow.com/los-angeles/restaurants/the-window-expanding-with-new-location-in-west-adams/,2026-08-05
2026-08-04,Valverde: New Food and Beverage Concept May Open in East Austin's Most Iconic Corridor,"902 E 7th St, Austin, TX 78702, USA",https://whatnow.com/austin/restaurants/valverde-new-food-and-beverage-concept-to-open-in-east-austins-most-iconic-corridor/,2026-08-05
2026-08-04,Emari Roast Cafe Owners Plan Larger Flagship Location in Dearborn,,https://whatnow.com/detroit/restaurants/emari-roast-cafe-owners-plan-larger-flagship-location-in-dearborn/,2026-08-04
2026-08-04,A Chicago Restaurant That Opened in 1990 Announces Its Final Month of Service,"161 N Jefferson St, Chicago, IL 60661",https://whatnow.com/chicago/restaurants/a-chicago-restaurant-that-opened-in-1990-announces-its-final-month-of-service/,2026-08-04
2026-08-04,A New British Indian Chophouse From a Michelin-Starred Chef Is Opening in Hudson Yards,"515 W 38th St, New York, NY 10018, United States",https://whatnow.com/new-york/restaurants/a-new-british-indian-chophouse-from-a-michelin-starred-chef-is-opening-in-hudson-yards/,2026-08-04
2026-08-04,Samosa House in Ypsilanti Transitioning from Pop-Up to Takeout Location,"16 S Washington St, Ypsilanti, MI 48197",https://whatnow.com/detroit/restaurants/samosa-house-in-ypsilanti-transitioning-from-pop-up-to-takeout-location/,2026-08-04
2026-08-04,BJ’s Restaurant and Brewhouse Joining New Development in Plainfield,"16336 Boulevard Pl, Plainfield, IL 60586",https://whatnow.com/chicago/restaurants/bjs-restaurant-and-brewhouse-joining-new-development-in-plainfield/,2026-08-05
2026-08-04,A New Cafe Joins Smyrna’s Cumberland District With Specialty Coffee and Seasonal Drinks,"2778 Cumberland Blvd SE, Smyrna, GA 30080",https://whatnow.com/atlanta/restaurants/a-new-cafe-joins-smyrnas-cumberland-district-with-specialty-coffee-and-seasonal-drinks/,2026-08-04
2026-08-04,Health-Focused Spot Opening in West Village: 'Reimagining American Breakfast',"152 7th Ave. S., New York, NY 10014",https://whatnow.com/new-york/restaurants/health-focused-spot-opening-in-west-village-reimagining-american-breakfast/,2026-08-04
2026-08-04,Chicago’s Fine Arts Building Welcomes Its First New All-Day Cafe in Seven Years,"410 S Michigan Ave, Chicago, IL 60605, United States",https://whatnow.com/chicago/restaurants/chicagos-fine-arts-building-welcomes-its-first-new-all-day-cafe-in-seven-years/,2026-08-04
2026-08-04,A Houston Gelateria That Created Job Opportunities for Neurodivergent Workers Has Closed,"1101 Uptown Park Blvd #10, Houston, TX 77056",https://whatnow.com/houston/restaurants/a-houston-gelateria-that-created-job-opportunities-for-neurodivergent-workers-has-closed/,2026-08-04
2026-08-04,Angry Chickz Building Out Fifth Sacramento Location in Natomas,"4740 Natomas Blvd, Sacramento, CA 95835, USA",https://whatnow.com/sacramento/restaurants/angry-chickz-building-out-fifth-sacramento-location-in-natomas/,2026-08-05
2026-08-04,Father-Daughter Duo Prepares to Pour First Pints at Royal Bine Brewing,"102 New Jersey Ave., Absecon, NJ 08201",https://whatnow.com/philadelphia/restaurants/father-daughter-duo-prepares-to-pour-first-pints-at-royal-bine-brewing/,2026-08-04
2026-08-04,Casa Luna Planning To Join Topanga Village In Woodland Hills | What Now Los Angeles,"6316 Topanga Canyon Blvd, Woodland Hills, CA 91367",https://whatnow.com/los-angeles/restaurants/casa-luna-planning-to-join-topanga-village-in-woodland-hills/,2026-08-04
2026-08-04,A Massachusetts Italian Restaurant Is Closing as Owner Announces Retirement,"12 Blanchard Rd, Quincy, MA 02169",https://whatnow.com/boston/restaurants/a-massachusetts-italian-restaurant-is-closing-as-owner-announces-retirement/,2026-08-04
2026-08-04,A Popular Brazilian Steakhouse Opens Its First Gilbert Location Near SanTan Village,"2134 S Santan Village Pkwy, Gilbert, AZ 85295",https://whatnow.com/phoenix/restaurants/a-popular-brazilian-steakhouse-opens-its-first-gilbert-location-near-santan-village/,2026-08-04
2026-08-03,Coffee Project New York Brewing Upper East Side Spot,"1219 1st Ave., New York, NY 10065",https://whatnow.com/new-york/restaurants/coffee-project-new-york-brewing-upper-east-side-spot/,2026-08-03
2026-08-03,Teriyaki Madness Set to Open New Location in Manteca,"165 Commerce Ave #105, Manteca, CA 95336, USA",https://whatnow.com/sacramento/restaurants/teriyaki-madness-set-to-open-new-location-in-manteca/,2026-08-04
2026-08-03,Bean Bar Team Building Larger Coffee Shop at Former Cleaners Space,"565 Roger Williams Ave, Highland Park, IL 60035",https://whatnow.com/chicago/restaurants/bean-bar-team-building-larger-coffee-shop-at-former-cleaners-space/,2026-08-03
2026-08-03,Jacksonville Golf-Themed Restaurant Closes One Location After Four Years,"1407 Atlantic Blvd, Jacksonville, FL 32207",https://whatnow.com/jacksonville/restaurants/jacksonville-golf-themed-restaurant-closes-one-location-after-four-years/,2026-08-03
2026-08-03,Here are 6 Upcoming Restaurants We Uncovered Last Week in Metro Atlanta (July 27-31),,https://whatnow.com/atlanta/restaurants/here-are-6-upcoming-restaurants-we-uncovered-last-week-in-metro-atlanta-july-27-31/,2026-08-03
2026-08-03,"A 7,000-Location Modern Teahouse Just Landed in Orange County","20 City Blvd W, Orange, CA 92868, United States",https://whatnow.com/orange-county/restaurants/a-7000-location-modern-teahouse-just-landed-in-orange-county/,2026-08-03
2026-08-03,"After 25 Years of Service, Tennessee Favorite BBQ Staple Is Closing Its Springfield Location","3516 Tom Austin Hwy, Springfield, TN 37172, United States",https://whatnow.com/nashville/restaurants/after-25-years-of-service-tennessee-favorite-bbq-staple-is-closing-its-springfield-location/,2026-08-03
2026-08-03,Growing Crispy Chicken Brand Continues Expansion,"1998 Hacienda Dr. Vista, CA 92083",https://whatnow.com/san-diego/restaurants/growing-crispy-chicken-brand-continues-expansion/,2026-08-03
2026-08-03,Coffee Chain 7 Brew Adds a Second Sacramento Location,"5901 Florin Rd, Sacramento, CA 95823, USA",https://whatnow.com/sacramento/restaurants/coffee-chain-7-brew-adds-a-second-sacramento-location/,2026-08-04
2026-08-03,New ‘Krema Patisserie’ Concept Planned for Plaza in Plainfield,"14220 US-30, Plainfield, IL 60544",https://whatnow.com/chicago/restaurants/new-krema-patisserie-concept-planned-for-plaza-in-plainfield/,2026-08-04
2026-08-03,A Michelin Guide-Recognized Taqueria Is Opening Its First Las Vegas Restaurant,"6915 S Durango Dr, Las Vegas, NV 89113, United States",https://whatnow.com/las-vegas/restaurants/a-michelin-guide-recognized-taqueria-is-opening-its-first-las-vegas-restaurant/,2026-08-03
2026-08-03,A Well-Known Texas BBQ Restaurant Is Closing After Nine Years,"15608 Spring Hill Ln Ste 105, Pflugerville, TX 78660",https://whatnow.com/austin/restaurants/a-well-known-texas-bbq-restaurant-is-closing-after-nine-years/,2026-08-03
2026-08-03,Fast-Growing Indian Restaurant Chain to Open First Tennessee Location in Smyrna,"2160 Rock Springs Rd #600, Smyrna, TN 37167, United States",https://whatnow.com/nashville/restaurants/fast-growing-indian-restaurant-chain-to-open-first-tennessee-location-in-smyrna/,2026-08-03
2026-08-03,Haggo's Organic Taco Plans New North City Location,"222 N City Dr, San Marcos, CA 92078",https://whatnow.com/san-diego/restaurants/haggos-organic-taco-plans-new-north-city-location/,2026-08-03
2026-08-03,Lofty Coffee Adding Another Shop to Its Roster,"4615 Gdn Hl Lp., Carlsbad, CA 92008",https://whatnow.com/san-diego/restaurants/lofty-coffee-adding-another-shop-to-its-roster/,2026-08-04
2026-08-03,A 30-Year-Old Chicken Finger Chain Opening a New Restaurant in Thousand Oaks,"400 N Moorpark Rd, Thousand Oaks, CA 91360, United States",https://whatnow.com/los-angeles/restaurants/a-30-year-old-chicken-finger-chain-opening-a-new-restaurant-in-thousand-oaks/,2026-08-03
2026-08-03,Scottsdale Restaurant Known for Its Patio and Handmade Tortillas Closes,"6910 E Main St, Scottsdale, AZ 85251",https://whatnow.com/phoenix/restaurants/scottsdale-restaurant-known-for-its-patio-and-handmade-tortillas-closes/,2026-08-03
2026-08-03,From Morristown to Manhattan: Dän Bakery & Cafe Expands to NYC,"1431 York Ave., New York, NY 10021",https://whatnow.com/new-york/restaurants/from-morristown-to-manhattan-dan-bakery-cafe-expands-to-nyc/,2026-08-03
2026-08-02,Flamez Wings & Grille Files for Memphis Location,"8081 E Shelby Dr, Memphis, TN 38125",https://whatnow.com/memphis/restaurants/flamez-wings-grille-files-for-memphis-location/,2026-08-03
2026-08-02,Chicken Chain to Help Launch Linthicum Landing,"1709 W Nursery Rd, Linthicum Heights, MD 21090",https://whatnow.com/washington-dc/restaurants/chicken-chain-to-help-launch-linthicum-landing/,2026-08-03
2026-08-02,Memphis Metal Museum Plans Cafe Kitchen,"1930 Poplar Ave, Memphis, TN 38104",https://whatnow.com/memphis/restaurants/memphis-metal-museum-plans-cafe-kitchen/,2026-08-02
2026-08-02,New Restaurant Bringing Flavors of India to Memphis,"150 Peabody Pl, Memphis, TN 38103",https://whatnow.com/memphis/restaurants/new-restaurant-bringing-flavors-of-india-to-memphis/,2026-08-02
2026-08-02,Sardi’s Peruvian Chicken Readying Annapolis Location,"153 Defense Hwy, Annapolis, MD 21401",https://whatnow.com/washington-dc/restaurants/sardis-peruvian-chicken-readying-annapolis-location/,2026-08-03
2026-08-02,Fast-Casual Phenomenon Headed to Another Maryland Market,"6490 Dobbin Center Way, Columbia, MD 21045",https://whatnow.com/washington-dc/restaurants/fast-casual-phenomenon-headed-to-another-maryland-market/,2026-08-03
2026-08-02,Fleming’s Prime Steakhouse & Wine Bar Building New Virginia Presence,,https://whatnow.com/washington-dc/restaurants/flemings-prime-steakhouse-wine-bar-building-new-virginia-presence/,2026-08-03
2026-08-01,Trial I Error to Open in Campbell,"368 E Campbell Ave, Campbell, CA 95008",https://whatnow.com/san-francisco/restaurants/trial-i-error-to-open-in-campbell/,2026-08-01
2026-08-01,Queex Preparing to Open in Milpitas,"190 S Main St, Milpitas, CA 95035",https://whatnow.com/san-francisco/retail/queex-preparing-to-open-in-milpitas/,2026-08-01
2026-07-31,Rumi Room to Open in The Bend this Fall,"8730 W Sunset Rd, Las Vegas, NV 89148",https://whatnow.com/las-vegas/restaurants/rumi-room-to-open-in-the-bend-this-fall/,2026-08-01
2026-07-31,Lounge XII Set to Bring Life and Legacy to New Orleans East,"9511 Chef Menteur Hwy, Suite 103, New Orleans, LA 70127",https://whatnow.com/new-orleans/restaurants/lounge-xii-set-to-bring-life-and-legacy-to-new-orleans-east/,2026-07-31
2026-07-31,Calaveras Cantina Announces Plans to Open at Mayla Pompano,"2335 E Atlantic Blvd, Pompano Beach, FL 33062",https://whatnow.com/miami/restaurants/calaveras-cantina-announces-plans-to-open-at-mayla-pompano/,2026-07-31
2026-07-31,The Daily Blend Plans September Debut in Downtown Attleboro,"6 S Main St, Attleboro, MA 02703",https://whatnow.com/boston/restaurants/the-daily-blend-plans-september-debut-in-downtown-attleboro/,2026-08-01
2026-07-31,Greater Philadelphia Restaurateurs to Unveil New Concept,"385 W Lancaster Ave., Chesterbrook, PA 19087",https://whatnow.com/philadelphia/restaurants/greater-philadelphia-restaurateurs-to-unveil-new-concept/,2026-07-31
2026-07-31,House of Strays Bringing Prohibition-Era Cocktails and Live Theater to Knoxville's Old City,"206 W Jackson Ave, Knoxville, TN 37902, USA",https://whatnow.com/nashville/restaurants/house-of-strays-bringing-prohibition-era-cocktails-and-live-theater-to-knoxvilles-old-city/,2026-07-31
2026-07-31,Breakfast Club at Midtown Will Replace Range Midtown on Capitol Avenue,"1813 Capitol Ave, Sacramento, CA 95811",https://whatnow.com/sacramento/restaurants/breakfast-club-at-midtown-will-replace-range-midtown-on-capitol-avenue/,2026-07-31
2026-07-31,Ziggi's Coffee Plans New Littleton Café and Drive-Thru,"8020 Sangre De Cristo Rd, Littleton, CO 80127",https://whatnow.com/denver/restaurants/ziggis-coffee-plans-new-littleton-cafe-and-drive-thru/,2026-07-31
2026-07-31,Soon And Soon Souvenir Shop Preparing Chinatown Reopening,"731 Grant Ave, San Francisco, CA 94108",https://whatnow.com/san-francisco/restaurants/soon-and-soon-souvenir-shop-preparing-chinatown-reopening/,2026-08-01
2026-07-31,Restaurateur Working on New Concept ‘Humito 18’ for Pilsen,"939 W 18th St, Chicago, IL 60608",https://whatnow.com/chicago/restaurants/restaurateur-working-on-new-concept-humito-18-for-pilsen/,2026-07-31
2026-07-31,Hattie B's Hot Chicken Heads to Donelson With Seventh Nashville-Area Restaurant,"2725 Old Lebanon Pike, Nashville, TN 37214, USA",https://whatnow.com/nashville/restaurants/hattie-bs-hot-chicken-heads-to-donelson-with-seventh-nashville-area-restaurant/,2026-07-31
2026-07-31,"Luxury Home Décor Boutique, Maison Ludeau, Set to Join Magazine Street","5517 Magazine St, New Orleans, LA 70115",https://whatnow.com/new-orleans/restaurants/luxury-home-decor-boutique-maison-ludeau-set-to-join-magazine-street/,2026-07-31
2026-07-31,Aioli Gourmet Burgers Working Toward Late 2026 Reopening,"10652 N 32nd St, Phoenix, AZ 85028",https://whatnow.com/phoenix/restaurants/aioli-gourmet-burgers-working-toward-late-2026-reopening/,2026-08-01
2026-07-31,Gyro Republic to Bring Halal Mediterranean Cuisine to Mansfield,"2771 E Broad St, Mansfield, TX 76063, USA",https://whatnow.com/dallas/restaurants/gyro-republic-to-bring-halal-mediterranean-cuisine-to-mansfield/,2026-08-01
2026-07-31,Postino WineCafe Plans Third Austin Location in Westlake,"701 S Capital of Texas Hwy j760, West Lake Hills, TX 78746, USA",https://whatnow.com/austin/restaurants/postino-winecafe-plans-third-austin-location-in-westlake/,2026-08-01
2026-07-31,Gigi’s Cafe To Open Second Burlingame Location,"1080 Howard Ave, Burlingame, CA 94010",https://whatnow.com/san-francisco/restaurants/gigis-cafe-to-open-second-burlingame-location/,2026-08-01
2026-07-31,Millbraes Cafe Preparing to Open on El Camino Street,"1663 El Camino Real, Millbrae, CA 94030",https://whatnow.com/san-francisco/restaurants/millbraes-cafe-preparing-to-open-on-el-camino-street/,2026-08-01
2026-07-31,Small Sliders Prepares East Tennessee Rollout,"330 N Cedar Bluff Rd, Knoxville, TN 37923, USA",https://whatnow.com/nashville/restaurants/small-sliders-prepares-east-tennessee-rollout/,2026-07-31
2026-07-31,Firefly Distillery Plans Relocation,,https://whatnow.com/charleston/restaurants/firefly-distillery-plans-relocation/,2026-08-01
2026-07-31,Pats Patty's to Open in Grand Flamingo Centre,"9701 W Flamingo Rd, Las Vegas, NV 89147",https://whatnow.com/las-vegas/restaurants/pats-pattys-to-open-in-grand-flamingo-centre/,2026-07-31
2026-07-31,West Hollywood's Soma Suisan Planning Hollywood Relocation | What Now Los Angeles,"6801 Hollywood Blvd c5 525, Hollywood, CA 90028",https://whatnow.com/los-angeles/restaurants/west-hollywoods-soma-suisan-planning-hollywood-relocation/,2026-07-31
2026-07-31,SeaKing Ice Cream Opening New Ice Cream Shop,"7650 S Tamiami Trl, Sarasota, FL 34231",https://whatnow.com/tampa/restaurants/seaking-ice-cream-opening-new-ice-cream-shop/,2026-07-31
2026-07-31,Parker’s Kitchen Opening Near Upcoming Victory Village Shopping Center,"2509 Augusta Hwy, Lexington, SC 29072",https://whatnow.com/charleston/restaurants/parkers-kitchen-opening-near-upcoming-victory-village-shopping-center/,2026-08-01
2026-07-31,A Boston Irish Pub That Spanned Generations Just Poured Its Final Round,"25 Union St, Boston, MA 02108",https://whatnow.com/boston/restaurants/a-boston-irish-pub-that-spanned-generations-just-poured-its-final-round/,2026-07-31
2026-07-31,Paris Baguette Bringing First Williamson County Bakery Café to Franklin,"4020 Aspen Grove Dr, Franklin, TN 37067, USA",https://whatnow.com/nashville/restaurants/paris-baguette-bringing-first-williamson-county-bakery-cafe-to-franklin/,2026-07-31
2026-07-31,New Concept Coming from Visionary Local Restaurateur,"3218 Magazine St, New Orleans, LA 70115",https://whatnow.com/new-orleans/restaurants/new-concept-coming-from-visionary-local-restaurateur/,2026-07-31
2026-07-31,Wonder Eyeing Wellesley for Another Greater Boston Food Hall Location,"Wellesley Square, Wellesley, MA 02482",https://whatnow.com/boston/restaurants/wonder-eyeing-wellesley-for-another-greater-boston-food-hall-location/,2026-07-31
2026-07-31,Filipino Pop-Up Zarate Tiki Co. Opening Brick-and-Mortar Location | What Now Atlanta,"493 Flat Shoals Ave SE, Atlanta, GA 30316",https://whatnow.com/atlanta/restaurants/filipino-pop-up-zarate-tiki-co-opening-brick-and-mortar-location/,2026-07-31
2026-07-31,Bethlehem Cafe to Bring Palestinian Cuisine to Jamaica Plain,"376 Centre St, Boston, MA 02130",https://whatnow.com/boston/restaurants/bethlehem-cafe-to-bring-palestinian-cuisine-to-jamaica-plain/,2026-08-01
2026-07-31,Haruka Sake & Sushi Preparing Fullerton Restaurant,"1925 W Malvern Ave, Fullerton, CA 92833",https://whatnow.com/orange-county/restaurants/haruka-sake-sushi-preparing-fullerton-restaurant/,2026-08-01
2026-07-31,A Canadian Sports Bar with Dallas Stars Ties Is Opening in Northlake,"13850 Chadwick Pkwy, Northlake, TX 76262, United States",https://whatnow.com/dallas/restaurants/a-canadian-sports-bar-with-dallas-stars-ties-is-opening-in-northlake/,2026-07-31
2026-07-31,Newberry Cafe & Bakery to Return Baked Goods to a Maryland Storefront,"234 N Washington St, Havre De Grace, MD 21078",https://whatnow.com/washington-dc/restaurants/newberry-cafe-bakery-to-return-baked-goods-to-a-maryland-storefront/,2026-08-01
2026-07-31,Tommy Bahama Marlin Bar To Open A New Location,"555 The Shops at Mission Viejo, Mission Viejo, CA 92691",https://whatnow.com/orange-county/restaurants/tommy-bahama-marlin-bar-to-open-a-new-location/,2026-08-01
2026-07-31,Flying Biscuit Cafe to Bring Sunny-Side Up Disposition to Magnolia,"5667 FM 1488, Magnolia, TX 77354",https://whatnow.com/houston/restaurants/flying-biscuit-cafe-to-bring-sunny-side-up-disposition-to-magnolia/,2026-07-31
2026-07-31,"After Five Years, Craft Kafe Plans Opening on 34th Street South in St. Pete","4725 34th St S, St. Petersburg, FL 33711",https://whatnow.com/tampa/restaurants/after-five-years-craft-kafe-plans-opening-on-34th-street-south-in-st-pete/,2026-07-31
2026-07-31,BEST Coffee Searching for New Home as Portland Food Hall Lease Winds Down,"827 SW 2nd Ave, Portland, OR 97204",https://whatnow.com/portland/restaurants/best-coffee-searching-for-new-home-as-portland-food-hall-lease-winds-down/,2026-07-31
2026-07-31,Fire on the Mountain Plans Third Denver Location,"10155 E 29th Dr, Denver, CO 80238",https://whatnow.com/denver/restaurants/fire-on-the-mountain-plans-third-denver-location/,2026-07-31
2026-07-31,Foxtail Coffee Co. Opening Winter Garden Location,"7263 Avalon Rd, Winter Garden, FL 34787",https://whatnow.com/orlando/restaurants/foxtail-coffee-co-opening-winter-garden-location/,2026-08-01
2026-07-31,Mediterranean Twin-Concept Marigny Spot Planning Canal Street Location,"835 Canal St, New Orleans, LA 70112",https://whatnow.com/new-orleans/restaurants/mediterranean-twin-concept-marigny-spot-planning-canal-street-location/,2026-07-31
2026-07-31,Boka Restaurant Group Plans Three New Cherry Creek Concepts,"3250 E 2nd Ave, Denver, CO 80206",https://whatnow.com/denver/restaurants/boka-restaurant-group-plans-three-new-cherry-creek-concepts/,2026-07-31
2026-07-31,Vivoli Il Gelato Opening New Location in Flamingo Crossing,"153 Sugar Belle Dr, Winter Garden, FL 34787",https://whatnow.com/orlando/restaurants/vivoli-il-gelato-opening-new-location-in-flamingo-crossing/,2026-07-31
2026-07-31,A National Chicken Chain Is Opening Its First Restaurant in Turlock with Employment Opportunities,"2630 W Tuolumne Rd, Turlock, CA 95380, United States",https://whatnow.com/san-francisco/restaurants/a-national-chicken-chain-is-opening-its-first-restaurant-in-turlock-with-employment-opportunities/,2026-07-31
2026-07-31,6 Los Angeles Restaurants Served Their Final Meals in July 2026,,https://whatnow.com/los-angeles/restaurants/6-los-angeles-restaurants-served-their-final-meals-in-july-2026/,2026-07-31
2026-07-31,PopUp Bagels to Open More Than 1200 Square-Foot Shop in M-K-T Heights,"600 N Shepherd Dr, Houston, TX 77007",https://whatnow.com/houston/restaurants/popup-bagels-to-open-more-than-1200-square-foot-shop-in-m-k-t-heights/,2026-08-01
2026-07-31,New Upscale Ice Cream Lounge Sweet Cone Opening in Orlando,"14990 Kissimmee Vineland Rd #132, Orlando, FL 32821",https://whatnow.com/orlando/restaurants/new-upscale-ice-cream-lounge-sweet-cone-opening-in-orlando/,2026-08-01
2026-07-31,Korea-Based Shabu in Seoul Planning First LA Location | What Now Los Angeles,"3807 Wilshire Blvd, Los Angeles, CA 90010",https://whatnow.com/los-angeles/restaurants/korea-based-shabu-in-seoul-planning-first-la-location/,2026-07-31
2026-07-31,Passion and Perseverance Shown in Miss Chickpea's Bake Shop Success,"10105 Broadway, San Antonio, TX 78217",https://whatnow.com/san-antonio/restaurants/passion-and-perseverance-shown-in-miss-chickpeas-bake-shop-success/,2026-07-31
2026-07-31,Bonanno's New York Pizzeria to Open in the Excalibur,"3850 S Las Vegas Blvd, Las Vegas, NV 89109",https://whatnow.com/las-vegas/restaurants/bonannos-new-york-pizzeria-to-open-in-the-excalibur/,2026-07-31
2026-07-31,The Buzzed Goat Coffee Company Planning Third Location in Gilbert,"2795 S Market St, Gilbert, AZ 85295",https://whatnow.com/phoenix/restaurants/the-buzzed-goat-coffee-company-planning-third-location-in-gilbert/,2026-07-31
2026-07-31,SunLife Organics is Coming to Wynwood,"101 NW 22nd St, Miami, FL 33142",https://whatnow.com/miami/restaurants/sunlife-organics-is-coming-to-wynwood/,2026-07-31
2026-07-31,7 Brew Coffee Plans Three New DFW Drive-Thru Locations,,https://whatnow.com/dallas/restaurants/7-brew-coffee-plans-three-new-dfw-drive-thru-locations/,2026-08-01
2026-07-31,King of Wings Team Plans Two New Wheat Ridge Restaurants,"6995 W 38th Ave, Wheat Ridge, CO 80033",https://whatnow.com/denver/restaurants/king-of-wings-team-plans-two-new-wheat-ridge-restaurants/,2026-07-31
2026-07-31,Pavement Coffeehouse Brewing Up Tenth Greater Boston Location at Tufts University,"177 College Ave, Medford, MA 02155",https://whatnow.com/boston/restaurants/pavement-coffeehouse-brewing-up-tenth-greater-boston-location-at-tufts-university/,2026-08-01
2026-07-31,APM Restaurant Group to Open Niwa in West Palm Beach,"523 Park Pl, West Palm Beach, FL 33401",https://whatnow.com/miami/restaurants/apm-restaurant-group-to-open-niwa-in-west-palm-beach/,2026-07-31
2026-07-31,Portillo's Plans $2.5M New Braunfels Restaurant With Drive-Thru,"2807 Sophie Ln, New Braunfels, TX 78130, USA",https://whatnow.com/san-antonio/restaurants/portillos-plans-2-5m-new-braunfels-restaurant-with-drive-thru/,2026-07-31
2026-07-31,Cajun Café Opening in Lake Charles,"2500 Kirkman St, Lake Charles, LA 70601",https://whatnow.com/new-orleans/restaurants/cajun-cafe-opening-in-lake-charles/,2026-07-31
2026-07-31,Solerum to Bring New Fusion Dining Concept to FiDi,"2 Gold St., New York, NY 10038",https://whatnow.com/new-york/restaurants/solerum-to-bring-new-fusion-dining-concept-to-fidi/,2026-07-31
2026-07-31,Drift Palm Beach to Open in West Palm Beach,"4919 S Dixie Hwy, West Palm Beach, FL 33405",https://whatnow.com/miami/restaurants/drift-palm-beach-to-open-in-west-palm-beach/,2026-07-31
2026-07-31,A Homegrown Phoenix Roaster Is Opening Inside Sprouts HQ,"20700 N 56th St, Phoenix, AZ 85054",https://whatnow.com/phoenix/restaurants/a-homegrown-phoenix-roaster-is-opening-inside-sprouts-hq/,2026-07-31
2026-07-31,SoHo to Welcome New Italian Restaurant: Levanto,"149 Grand St., New York, NY 10013",https://whatnow.com/new-york/restaurants/soho-to-welcome-new-italian-restaurant-levanto/,2026-07-31
2026-07-31,Don Patron Will Serve Up “A New Taste of Apopka Nights”,"34 E Main St, Apopka, FL 32703",https://whatnow.com/orlando/restaurants/don-patron-will-serve-up-a-new-taste-of-apopka-nights/,2026-07-31
2026-07-31,Sugar Fluff to Open in The Galleria in Uptown,"5085 Westheimer Rd, Houston, TX 77056",https://whatnow.com/houston/restaurants/sugar-fluff-to-open-in-the-galleria-in-uptown/,2026-07-31
2026-07-31,Top Dog Cocktails Debuts Vinyl Listening Bar: 'Analog Move in Digital World',,https://whatnow.com/philadelphia/restaurants/top-dog-cocktails-debuts-vinyl-listening-bar-analog-move-in-digital-world/,2026-07-31
2026-07-31,Gong Cha's 50-Unit Texas Deal Will Bring New Locations to Austin,,https://whatnow.com/austin/restaurants/gong-chas-50-unit-texas-deal-will-bring-new-locations-to-austin/,2026-08-01
2026-07-31,7 Brew Coffee Planning New Drive-Thru Location in Powell,"4087 W Powell Rd, Powell, OH 43065, USA",https://whatnow.com/columbus/restaurants/7-brew-coffee-planning-new-drive-thru-location-in-powell/,2026-07-31
2026-07-30,"Pasta & Pomo, Fresh Handmade Pasta Bar, to Open in Spring Valley","Apache Plaza, 5165 S Fort Apache Rd, Las Vegas, NV 89148",https://whatnow.com/las-vegas/restaurants/pasta-pomo-fresh-handmade-pasta-bar-to-open-in-spring-valley/,2026-07-31
2026-07-30,A Hotel Redevelopment Is Ending Two of Laguna Beach's Most Beloved Restaurants,,https://whatnow.com/orange-county/restaurants/a-hotel-redevelopment-is-ending-two-of-laguna-beachs-most-beloved-restaurants/,2026-07-30
2026-07-30,Taco Bell Has Plans for New Jacksonville Restaurant,"7211 Normandy Blvd, Jacksonville, FL 32205",https://whatnow.com/jacksonville/restaurants/taco-bell-has-plans-for-new-jacksonville-restaurant/,2026-07-30
2026-07-30,Streetlight Taco Expanding to Clearwater,"432 Cleveland St, Clearwater, FL 33755",https://whatnow.com/tampa/restaurants/streetlight-taco-expanding-to-clearwater/,2026-07-30
2026-07-30,"Iris Coffee Lab Launching New Coffee and Bakery Concept, Madeleine","421 N Harrington St, Raleigh, NC 27603, United States",https://whatnow.com/charlotte/restaurants/iris-coffee-lab-launching-new-coffee-and-bakery-concept-madeleine/,2026-07-30
2026-07-30,Thistle & Thyme Bistro Targeting Late August Opening in Everett,"617 128th St SW, Everett, WA 98204",https://whatnow.com/seattle/restaurants/thistle-thyme-bistro-targeting-late-august-opening-in-everett/,2026-07-31
2026-07-30,Fat Tuesday Plans Return to Jacksonville With Five Points Location,"1045 Park St, Jacksonville, FL 32204",https://whatnow.com/jacksonville/restaurants/fat-tuesday-plans-return-to-jacksonville-with-five-points-location/,2026-07-30
2026-07-30,Denver-Based Mexican Restaurant Alteño Is Coming to Charleston,"89 Cannon St, Charleston, SC 29403",https://whatnow.com/charleston/restaurants/denver-based-mexican-restaurant-alteno-is-coming-to-charleston/,2026-07-30
2026-07-30,Tipsy Tuna Bringing Hawaiian-Style Poke to Coupeville,"15 NW Coveland St, Coupeville, WA 98239",https://whatnow.com/seattle/restaurants/tipsy-tuna-bringing-hawaiian-style-poke-to-coupeville/,2026-07-30
2026-07-30,Harbor Bar Preparing to Reopen Under New Ownership,"749 Point Brown Ave NW #2, Ocean Shores, WA 98569",https://whatnow.com/seattle/restaurants/harbor-bar-preparing-to-reopen-under-new-ownership/,2026-07-31
2026-07-30,Egg Harbor Cafe Plans New Denver Location at Belleview Station,"7222 E Layton Ave, Denver, CO 80237",https://whatnow.com/denver/restaurants/egg-harbor-cafe-plans-new-denver-location-at-belleview-station/,2026-07-31
2026-07-30,Pura Bean Coffee Co. Plans New Jacksonville Airport Location,"2400 Yankee Clipper Dr, Jacksonville, FL 32218",https://whatnow.com/jacksonville/restaurants/pura-bean-coffee-co-plans-new-jacksonville-airport-location/,2026-07-30
2026-07-30,Juici Patties Plans Tampa Debut,"2705 University Square Dr #130, Tampa, FL 33612",https://whatnow.com/tampa/restaurants/juici-patties-plans-tampa-debut/,2026-07-30
2026-07-30,Kyo Matcha Brewing Up Two More Greater Boston Locations,,https://whatnow.com/boston/restaurants/kyo-matcha-brewing-up-two-more-greater-boston-locations/,2026-07-31
2026-07-30,Schiaparelli Planning South Coast Plaza Boutique,"3333 Bristol St, Costa Mesa, CA 92626",https://whatnow.com/uncategorized/restaurants/schiaparelli-planning-south-coast-plaza-boutique/,2026-07-31
2026-07-30,7 New York Restaurants That Closed Their Doors in July After Years in Business,,https://whatnow.com/new-york/restaurants/7-new-york-restaurants-that-closed-their-doors-in-july-after-years-in-business/,2026-07-30
2026-07-30,Romados Expanding to Pointe Claire,,https://whatnow.com/montreal/restaurants/romados-expanding-to-pointe-claire/,2026-07-30
2026-07-30,NYC Favorite 'Fumo' Bringing Wood-Fired Pizza and $14 Pasta Specials to Beacon Hill,"9 Park St Pl, Boston, MA 02108",https://whatnow.com/boston/restaurants/nyc-favorite-fumo-bringing-wood-fired-pizza-and-14-pasta-specials-to-beacon-hill/,2026-07-30
2026-07-30,One of Williamsburg's Best-Known Arcade Bars Is Preparing to Close,"388 Union Ave, Brooklyn, NY 11211",https://whatnow.com/new-york/restaurants/one-of-williamsburgs-best-known-arcade-bars-is-preparing-to-close/,2026-07-30
2026-07-30,Popular Caterers Planning Brick-and-Mortar in St. Bernard Parish,"2001 E Judge Perez Dr, Chalmette, LA 70043",https://whatnow.com/new-orleans/restaurants/popular-caterers-planning-brick-and-mortar-in-st-bernard-parish/,2026-07-30
2026-07-30,RPM Raceway Parking at Oakbrook Center for Latest Location,"2310 Oakbrook Center, Oak Brook, IL 60523",https://whatnow.com/chicago/restaurants/rpm-raceway-parking-at-oakbrook-center-for-latest-location/,2026-07-30
2026-07-30,Smash'd Planning Major Expansion to Double Dining Space in San Antonio,"520 E Grayson St, San Antonio, TX 78215, USA",https://whatnow.com/san-antonio/restaurants/smashd-planning-major-expansion-to-double-dining-space-in-san-antonio/,2026-07-31
2026-07-30,A Nearly 17-Year-Old Cuban Restaurant Is Closing Its Slidell Dining Room,"2170 Gause Blvd W, Slidell, LA 70460, United States",https://whatnow.com/new-orleans/restaurants/a-nearly-17-year-old-cuban-restaurant-is-closing-its-slidell-dining-room/,2026-07-30
2026-07-30,Brick Street Bagels Coming Full Circle With New South End Market Concept,"570 Tremont St, Boston, MA 02118",https://whatnow.com/boston/restaurants/brick-street-bagels-coming-full-circle-with-new-south-end-market-concept/,2026-07-31
2026-07-30,Versailles is Opening an Additional Miami International Airport Location,"2100 NW 42nd Ave, Miami, FL 33126",https://whatnow.com/miami/restaurants/versailles-is-opening-an-additional-miami-international-airport-location/,2026-07-31
2026-07-30,Death of Hospitality Group to Debut Luckies Bar & Grill,"90 Adelphia Rd., Farmingdale, NJ 07727",https://whatnow.com/philadelphia/restaurants/death-of-hospitality-group-to-debut-luckies-bar-grill/,2026-07-30
2026-07-30,6 Atlanta Restaurants That Permanently Closed in July 2026,,https://whatnow.com/atlanta/restaurants/6-atlanta-restaurants-that-permanently-closed-in-july-2026/,2026-07-30
2026-07-30,Popular Lake Charles Pan-Asian Spot Adding Second Location,"4058 Ryan St, Suites 600, 700, and 800, Lake Charles, LA 70605",https://whatnow.com/new-orleans/restaurants/popular-lake-charles-pan-asian-spot-adding-second-location/,2026-07-30
2026-07-30,Taqueria Los Gallitos Has Plans for New Denver Restaurant,"7840 E Colfax Ave, Denver, CO 80220",https://whatnow.com/denver/restaurants/taqueria-los-gallitos-has-plans-for-new-denver-restaurant/,2026-07-30
2026-07-30,Peachwave Planning New Frozen Yogurt Shop at Cottonwood Point,"5420 Wiseman Blvd #103, San Antonio, TX 78253, USA",https://whatnow.com/san-antonio/restaurants/peachwave-planning-new-frozen-yogurt-shop-at-cottonwood-point/,2026-07-31
2026-07-30,Cozy Clover Breakfast Concept Set to Open in Downtown Galesburg Next Month,"10 E Michigan Ave, Galesburg, MI 49053",https://whatnow.com/detroit/restaurants/cozy-clover-breakfast-concept-set-to-open-in-downtown-galesburg-next-month/,2026-07-30
2026-07-30,Breakfast Republic Planning Orange County Location,,https://whatnow.com/orange-county/restaurants/breakfast-republic-planning-orange-county-location/,2026-07-31
2026-07-30,PopUp Bagels Plans Second Jacksonville Location at Pearl Square,"441 W Beaver St, Jacksonville, FL 32202",https://whatnow.com/jacksonville/restaurants/popup-bagels-plans-second-jacksonville-location-at-pearl-square/,2026-07-30
2026-07-30,The Nation's Largest Asian Dining Concept Is Expanding in Columbus,"3847 S High St, Columbus, OH 43207, United States",https://whatnow.com/columbus/restaurants/the-nations-largest-asian-dining-concept-is-expanding-in-columbus/,2026-07-30
2026-07-30,Prost Brewing Co. Plans Fifth Colorado Biergarten at Clear Creek Crossing,"4001 Clear Creek Dr, Lakewood, CO 80401",https://whatnow.com/denver/restaurants/prost-brewing-co-plans-fifth-colorado-biergarten-at-clear-creek-crossing/,2026-07-31
2026-07-30,The Cheesecake Factory To Open Third Charlotte-Area Restaurant At Concord Mills,"8111 Concord Mills Boulevard, Concord, NC 28027, USA",https://whatnow.com/charlotte/restaurants/the-cheesecake-factory-to-open-third-charlotte-area-restaurant-at-concord-mills/,2026-07-30
2026-07-30,BrickTop's Plans Second Charlotte Restaurant in Ballantyne,"3415 Toringdon Way, Charlotte, NC 28277, USA",https://whatnow.com/charlotte/restaurants/bricktops-plans-second-charlotte-restaurant-in-ballantyne/,2026-07-30
2026-07-30,Everbowl Expanding to Alamo Ranch With New San Antonio Shop,"5619 W Loop 1604 N, San Antonio, TX 78253, USA",https://whatnow.com/san-antonio/restaurants/everbowl-expanding-to-alamo-ranch-with-new-san-antonio-shop/,2026-07-31
2026-07-30,Pizza A Modo Mio Team Opening New Fast-Casual Concept at the Citadel Mall,"2070 Sam Rittenberg Blvd, Charleston, SC 29407",https://whatnow.com/charleston/restaurants/pizza-a-modo-mio-team-opening-new-fast-casual-concept-at-the-citadel-mall/,2026-07-30
2026-07-30,Boba Buddies Bringing Second Location to Greenwood,"8551 Greenwood Ave N Unit 2, Seattle, WA 98103",https://whatnow.com/seattle/restaurants/boba-buddies-bringing-second-location-to-greenwood/,2026-07-30
2026-07-30,The Rice Box To Debut in Austin,"2129 E 7th St, Austin, TX 78702, USA",https://whatnow.com/austin/restaurants/the-rice-box-to-debut-in-austin/,2026-07-31
2026-07-30,Callin' Your Bluff Coffee Teases First Brick-and-Mortar in Columbus,"458 W Chapel St, Columbus, OH 43215, USA",https://whatnow.com/columbus/restaurants/callin-your-bluff-coffee-teases-first-brick-and-mortar-in-columbus/,2026-07-30
2026-07-30,Ruby's to Debut in Hamilton's East-End,"193b Ottawa St N, Hamilton, ON L8H 3Z4, Canada",https://whatnow.com/toronto/restaurants/rubys-to-debut-in-hamiltons-east-end/,2026-07-30
2026-07-30,Subcity Sports Lounge Planning Late 2026 Opening in Phoenix,"2939 N 16th St, Phoenix, AZ 85016",https://whatnow.com/phoenix/restaurants/subcity-sports-lounge-planning-late-2026-opening-in-phoenix/,2026-07-31
2026-07-30,KAI Fusion Slated To Open Next Year At The Block at Phipps | What Now Atlanta,"3535 Peachtree Rd NE, Atlanta, GA 30326",https://whatnow.com/atlanta/restaurants/kai-fusion-slated-to-open-next-year-at-the-block-at-phipps-2/,2026-07-31
2026-07-30,Slim Chickens Franchise Planned for New Braunfels Location,"1395 I 35 N Frontage Rd, New Braunfels, TX 78130, USA",https://whatnow.com/san-antonio/restaurants/slim-chickens-franchise-planned-for-new-braunfels-location/,2026-07-31
2026-07-30,Maman Joon Bringing Persian Flavors to Tysons,"1961 Chain Bridge Rd, Tysons, VA 22102",https://whatnow.com/washington-dc/restaurants/maman-joon-bringing-persian-flavors-to-tysons/,2026-07-30
2026-07-30,A New Southern Italian Restaurant Is Celebrating Its Grand Opening in San Francisco,"606 Mission St, San Francisco, CA 94105, United States",https://whatnow.com/san-francisco/restaurants/a-new-southern-italian-restaurant-is-celebrating-its-grand-opening-in-san-francisco/,2026-07-30
2026-07-30,Breakfast Company Plans Texas Debut,,https://whatnow.com/dallas/restaurants/breakfast-company-plans-texas-debut/,2026-07-31
2026-07-30,Queer/Bar Preparing to Reopen Under New Ownership,"1518 11th Ave, Seattle, WA 98122",https://whatnow.com/seattle/restaurants/queer-bar-preparing-to-reopen-under-new-ownership/,2026-07-30
2026-07-30,Bar Citra to Open First Jacksonville Location at Pearl Square,"441 W Beaver St, Jacksonville, FL 32202",https://whatnow.com/jacksonville/restaurants/bar-citra-to-open-first-jacksonville-location-at-pearl-square/,2026-07-30
2026-07-30,Red Bao Kitchen Plans First Brick-and-Mortar at Polaris Fashion Place,"1500 Polaris Pkwy, Columbus, OH 43240, USA",https://whatnow.com/columbus/restaurants/red-bao-kitchen-plans-first-brick-and-mortar-at-polaris-fashion-place/,2026-07-30
2026-07-30,A New All-Day Restaurant Is Opening in Coral Springs This Week,"5920 Coral Ridge Dr, Coral Springs, FL 33076, United States",https://whatnow.com/miami/restaurants/a-new-all-day-restaurant-is-opening-in-coral-springs-this-week/,2026-07-30
2026-07-30,"Gong cha, Bubble Tea Chain, Inks 50 Unit Deal with BACC",,https://whatnow.com/houston/restaurants/gong-cha-bubble-tea-chain-inks-50-unit-deal-with-bacc/,2026-07-31
2026-07-30,Philz Coffee Brewing Up New Concord Location,"1975 Diamond Blvd c108, Concord, CA 94520",https://whatnow.com/san-francisco/restaurants/philz-coffee-brewing-up-new-concord-location/,2026-07-30
2026-07-29,Blue Zebra Lounge Planned for Former Copper & Sage Space,"322 E Camelback Rd, Phoenix, AZ 85012",https://whatnow.com/phoenix/restaurants/blue-zebra-lounge-planned-for-former-copper-sage-space/,2026-07-29
2026-07-29,Loves Dessert Bar Bringing Extra Sweetness to Southaven Locals,"174 Stateline Rd W, Southaven, MS 38671",https://whatnow.com/memphis/restaurants/loves-dessert-bar-bringing-extra-sweetness-to-southaven-locals/,2026-07-30
2026-07-29,Downtown Greensboro to Welcome Blendology This Fall,"112 N Elm St, Greensboro, NC 27401, USA",https://whatnow.com/charlotte/restaurants/downtown-greensboro-to-welcome-blendology-this-fall/,2026-07-29
2026-07-29,LA Urban Fitness Bringing Location Back In Venice | What Now Los Angeles,"235 Main St, Venice, CA 90291",https://whatnow.com/los-angeles/restaurants/la-urban-fitness-bringing-location-back-in-venice/,2026-07-29
2026-07-29,Boston Burrito Chain’s Final Location to Close After Nearly Three Decades,"50 Congress St, Boston, MA 02109",https://whatnow.com/boston/restaurants/boston-burrito-chains-final-location-to-close-after-nearly-three-decades/,2026-07-29
2026-07-29,Island Deli and Smoothie Bar to Open its Second Location in Spring Valley,"4555 S Fort Apache Rd, Las Vegas, NV 89147",https://whatnow.com/houston/restaurants/island-deli-and-smoothie-bar-to-open-its-second-location-in-spring-valley/,2026-07-29
2026-07-29,"Wheat Ridge Is Getting a 6,800-Sq-Ft German Biergarten This August","3801 Crossing Dr, Wheat Ridge, CO 80401, United States",https://whatnow.com/denver/restaurants/wheat-ridge-is-getting-a-6800-sq-ft-german-biergarten-this-august/,2026-07-29
2026-07-29,Dishin Delish Bringing Healthy Latin Cuisine to Northwest Tampa,"3311 W Columbus Dr, Tampa, FL 33607",https://whatnow.com/tampa/restaurants/dishin-delish-bringing-healthy-latin-cuisine-to-northwest-tampa/,2026-07-29
2026-07-29,Sacramento Hospitality Leaders Convene for What Now Accelerate Event,"1015 2nd St, Sacramento, CA 95814",https://whatnow.com/sacramento/restaurants/sacramento-hospitality-leaders-convene-for-what-now-accelerate-event/,2026-07-30
2026-07-29,Sticky Rice Planning Venice Location | What Now Los Angeles,"523 Rose Ave, Venice, CA 90291",https://whatnow.com/los-angeles/restaurants/sticky-rice-planning-venice-location/,2026-07-29
2026-07-29,Cane Pazzo Owner Opening “Italian-Inspired Market and Wine Bar” at Blackwells Corner,"1279 Yeamans Hall Rd, Hanahan, SC 29410",https://whatnow.com/charleston/restaurants/cane-pazzo-owner-opening-italian-inspired-market-and-wine-bar-at-blackwells-corner/,2026-07-29
2026-07-29,La Palapa Mexican Restaurant Relocating to New Space in Lakeside,"12212 Woodside Ave, Lakeside, CA 92040",https://whatnow.com/san-diego/restaurants/la-palapa-mexican-restaurant-relocating-to-new-space-in-lakeside/,2026-07-30
2026-07-29,Rosati’s Pizza Franchise Moving into Delta Township For Second Restaurant,"644 Migaldi Ln, Lansing, MI 48917",https://whatnow.com/detroit/restaurants/rosatis-pizza-franchise-moving-into-delta-township-for-second-restaurant/,2026-07-29
2026-07-29,"Dancing Dumplings, New Concept, Planned for Boca Park","1000 S Rampart Blvd, Las Vegas, NV 89145",https://whatnow.com/las-vegas/restaurants/dancing-dumplings-new-concept-planned-for-boca-park/,2026-07-30
2026-07-29,EZPZ Pizza Planning Second Location In The Valley | What Now Los Angeles,"12824 Ventura Blvd, Studio City, CA 91604",https://whatnow.com/los-angeles/restaurants/ezpz-pizza-planning-second-location-in-the-valley/,2026-07-29
2026-07-29,"Workaround Cafe, New Co-Working Concept, to Open in the Greater Heights","2821 W 11th St, Houston, TX 77008",https://whatnow.com/houston/restaurants/workaround-cafe-new-co-working-concept-to-open-in-the-greater-heights/,2026-07-29
2026-07-29,Popular Restaurant Chain Known for Soup Dumplings Is Expanding in Orange County,"1401 Brea Mall, Brea, CA 92821, United States",https://whatnow.com/orange-county/restaurants/popular-restaurant-chain-known-for-soup-dumplings-is-expanding-in-orange-county/,2026-07-29
2026-07-29,New Oyster Bar Opens in Brooklyn’s Prospect Heights Neighborhood,"406 Prospect Pl, Brooklyn, NY 11238",https://whatnow.com/new-york/restaurants/new-oyster-bar-opens-in-brooklyns-prospect-heights-neighborhood/,2026-07-29
2026-07-29,Fogo de Chão Bringing Brazilian Steakhouse Experience to Cherry Hill,"901 Haddonfield Rd., Cherry Hill Township, NJ 08002",https://whatnow.com/philadelphia/restaurants/fogo-de-chao-bringing-brazilian-steakhouse-experience-to-cherry-hill/,2026-07-29
2026-07-29,Raani Coming to Toronto's Financial District,"360 Bay St., Toronto, ON M5H 2V6, Canada",https://whatnow.com/toronto/restaurants/raani-coming-to-torontos-financial-district/,2026-07-30
2026-07-29,North and River Restaurant Set to Open in Former Ripon Social Space,"122 W River Rd, Ripon, CA 95366, USA",https://whatnow.com/sacramento/restaurants/north-and-river-restaurant-set-to-open-in-former-ripon-social-space/,2026-07-30
2026-07-29,Pinchy's Lobster & Raw Bar Planned for Downtown Maryville,"508 High St, Maryville, TN 37804, USA",https://whatnow.com/nashville/restaurants/pinchys-lobster-raw-bar-planned-for-downtown-maryville/,2026-07-29
2026-07-29,Springbone Kitchen Grows NYC Presence With Manhattan West Opening,"398 10th Ave., New York, NY 10001",https://whatnow.com/new-york/restaurants/springbone-kitchen-grows-nyc-presence-with-manhattan-west-opening/,2026-07-29
2026-07-29,Multiple 7 Brew Locations In Development Across Atlanta Market,,https://whatnow.com/atlanta/restaurants/multiple-7-brew-locations-in-development-across-atlanta-market/,2026-07-30
2026-07-29,Fratelli’s Italian Kitchen Expanding to Downtown Lowell for Second Location,"123 W Main St, Lowell, MI 49331",https://whatnow.com/detroit/restaurants/fratellis-italian-kitchen-expanding-to-downtown-lowell-for-second-location/,2026-07-29
2026-07-29,The Old Jailhouse Is Opening a Bar at MCO This Fall,"1 Jeff Fuqua Blvd, Orlando, FL 32827",https://whatnow.com/orlando/restaurants/the-old-jailhouse-opening-a-bar-at-mco-this-fall/,2026-07-29
2026-07-29,Birch House Development Receiving Bagel Spot In Lawrenceville | What Now Atlanta,"1170 Ballpark Ln, Lawrenceville, GA 30043",https://whatnow.com/atlanta/restaurants/birch-house-development-receiving-bagel-spot-in-lawrenceville-2/,2026-07-30
2026-07-29,Zaza Opening First Osceola County Location,"3208 John Young Pkwy, Kissimmee, FL 34741",https://whatnow.com/orlando/restaurants/zaza-opening-first-osceola-county-location/,2026-07-29
2026-07-29,Graze Craze Opens New Charcuterie Shop in Huntington Beach | What Now Orange County,"6502 Bolsa Ave, Huntington Beach, CA 92647",https://whatnow.com/orange-county/restaurants/graze-craze-opens-new-charcuterie-shop-in-huntington-beach/,2026-07-29
2026-07-29,The Taco Stache Plans Savannah Expansion,"940 The News Pl #102, Savannah, GA 31405",https://whatnow.com/charleston/restaurants/the-taco-stache-plans-savannah-expansion/,2026-07-29
2026-07-29,Bamboo Sushi Expanding to Kirkland,"128 Lake St S, Kirkland, WA 98033",https://whatnow.com/seattle/restaurants/bamboo-sushi-expanding-to-kirkland/,2026-07-29
2026-07-29,Rise & Grind Cafe Planned for Strongsville Recreation Center,"18100 Royalton Road Strongsville, OH 44136",https://whatnow.com/columbus/restaurants/rise-grind-cafe-planned-for-strongsville-recreation-center/,2026-07-29
2026-07-29,Owners of Virtue in Hyde Park Bringing New Concept to Fulton Market,"219 N Elizabeth St, Chicago, IL 60607",https://whatnow.com/chicago/restaurants/owners-of-virtue-in-hyde-park-bringing-new-concept-to-fulton-market/,2026-07-29
2026-07-29,Crudo e Nudo Chef Opening Bar Fortuna In Santa Monica | What Now Los Angeles,"2917 Main St, Santa Monica, CA 90405",https://whatnow.com/los-angeles/restaurants/crudo-e-nudo-chef-opening-bar-fortuna-in-santa-monica/,2026-07-30
2026-07-29,Bakey Opens in Hallandale Beach With Two More Locations Planned,"668 W Hallandale Beach Blvd, Hallandale Beach, FL 33009",https://whatnow.com/miami/restaurants/bakey-opens-in-hallandale-beach-with-two-more-locations-planned/,2026-07-30
2026-07-29,A Chic Astoria Bistro With 300 Wines on Its List Is Closing August 8,"36-15 Ditmars Blvd, Astoria, NY 11105, United States",https://whatnow.com/new-york/restaurants/a-chic-astoria-bistro-with-300-wines-on-its-list-is-closing-august-8/,2026-07-29
2026-07-29,French-Inspired Bakery and Cafe Expands Presence in Charlotte,"523 Fenton Pl, Charlotte, NC 28207",https://whatnow.com/charlotte/restaurants/french-inspired-bakery-and-cafe-expands-presence-in-charlotte/,2026-07-29
2026-07-29,Tacos La Bala to Open its Next Eatery in New Caney,"20460 FM 1485, New Caney, TX 77357",https://whatnow.com/houston/restaurants/tacos-la-bala-to-open-its-next-eatery-in-new-caney/,2026-07-29
2026-07-29,A New Vendor Is Bringing Ayurvedic-Inspired Food Products to Atlanta’s Upper West Market,"1385 Collier Rd NW, Atlanta, GA 30318",https://whatnow.com/atlanta/restaurants/a-new-vendor-is-bringing-ayurvedic-inspired-food-products-to-atlantas-upper-west-market/,2026-07-29
2026-07-29,The Arcade Restaurant Carries Four Generations of Memphis History,"540 S Main St. Memphis, TN 38103",https://whatnow.com/memphis/restaurants/the-arcade-restaurant-carries-four-generations-of-memphis-history/,2026-07-30
2026-07-29,One of America’s Largest Quick-Service Restaurant Chains Is Opening in Azle,"417 NW Pkwy St, Azle, TX 76020",https://whatnow.com/dallas/restaurants/one-of-americas-largest-quick-service-restaurant-chains-is-opening-in-azle/,2026-07-29
2026-07-29,Râz Preparing to Open in Downtown Dundas,"65 King St W, Dundas, ON L9H 1T5, Canada",https://whatnow.com/toronto/restaurants/raz-preparing-to-open-in-downtown-dundas/,2026-07-29
2026-07-29,Pork Belly’s Owner Opening New Bradenton Restaurant,"2127 Cortez Rd W, Bradenton, FL 34207",https://whatnow.com/uncategorized/restaurants/pork-bellys-owner-looks-to-be-expanding-with-new-bradenton-restaurant/,2026-07-29
2026-07-29,La Salsa Verde to Open New Location in The Colony,"5333 State Hwy 121, The Colony, TX 75056, USA",https://whatnow.com/dallas/restaurants/la-salsa-verde-to-open-new-location-in-the-colony/,2026-07-30
2026-07-29,"Ob Uan To Bring Thai Flavors, Vintage Charm to the Upper East Side","1479 1st Ave., New York, NY 10075",https://whatnow.com/new-york/restaurants/ob-uan-to-bring-thai-flavors-vintage-charm-to-the-upper-east-side/,2026-07-29
2026-07-28,Levain Bakery Eyes Austin's Domain To Bring Its Famous Cookies,"3120 Palm Way, Austin, TX 78758, USA",https://whatnow.com/austin/restaurants/levain-bakery-eyes-austins-domain-to-bring-its-famous-cookies/,2026-07-29
2026-07-28,El Barrio: New Bakery and Taqueria Eyes Carrollton,"1235 S Josey Ln, Carrollton, TX 75006, USA",https://whatnow.com/dallas/restaurants/el-barrio-new-bakery-and-taqueria-could-be-coming-to-carrollton/,2026-07-29
2026-07-28,SusieCakes Heading to Frisco's Fields West Development,"5501 Fields Pkwy b120, Frisco, TX 75033, USA",https://whatnow.com/dallas/restaurants/susiecakes-heading-to-friscos-fields-west-development/,2026-07-29
2026-07-28,"CAVA Opens In Bellaire, TX On July 28th | What Now Houston","5401 Bellaire Blvd, Bellaire, TX 77401",https://whatnow.com/houston/restaurants/cava-opens-in-bellaire-tx-on-july-28th/,2026-07-28
2026-07-28,Le Mil's to Introduce Indian Specialty Coffee to San Francisco,"1330 Polk St, San Francisco, CA 94109",https://whatnow.com/san-francisco/restaurants/le-mils-to-introduce-indian-specialty-coffee-to-san-francisco/,2026-07-29
2026-07-28,Renaissance Hotel Ottawa Downtown Scheduled to Open in 2027,,https://whatnow.com/montreal/restaurants/renaissance-hotel-ottawa-downtown-scheduled-to-open-in-2027/,2026-07-28
2026-07-28,Pronto Gelato Opening Second Location This Fall,"232 NE 28th Ave, Portland, OR 97232, USA",https://whatnow.com/portland/restaurants/pronto-gelato-opening-second-location-this-fall/,2026-07-28
2026-07-28,Kura Sushi Expanding to Carlsbad,"5970 Avenida Encinas, Carlsbad, CA 92008",https://whatnow.com/san-diego/restaurants/kura-sushi-expanding-to-carlsbad/,2026-07-28
2026-07-28,Chinese and Vietnamese Fusion Restaurant Hao Hao Plans New Location in Pflugerville,"Pflugerville Parkway Retail Center, Pflugerville, TX 78660, USA",https://whatnow.com/austin/restaurants/chinese-and-vietnamese-fusion-restaurant-hao-hao-plans-new-location-in-pflugerville/,2026-07-28
2026-07-28,River Twice to Nearly Double Footprint With New Bar Expansion in South Philadelphia,"1603 Passyunk Ave., Philadelphia, PA 19148",https://whatnow.com/philadelphia/restaurants/river-twice-to-nearly-double-footprint-with-new-bar-expansion-in-south-philadelphia/,2026-07-28
2026-07-28,The Posh Bagel Expands to Yuba City With New Location,"747 Colusa Ave, Yuba City, CA 95991, USA",https://whatnow.com/sacramento/restaurants/the-posh-bagel-expands-to-yuba-city-with-new-location/,2026-07-28
2026-07-28,A Montrose Favorite Built Around World Street Food Is Closing,"1401 Montrose Blvd, Houston, TX 77019",https://whatnow.com/houston/restaurants/a-montrose-favorite-built-around-world-street-food-is-closing/,2026-07-28
2026-07-28,Il Moro Bringing Upscale Sicilian Cuisine to Manhattan's Upper East Side,"1130 1st Ave., New York, NY 10065",https://whatnow.com/new-york/restaurants/il-moro-bringing-upscale-sicilian-cuisine-to-manhattans-upper-east-side/,2026-07-28
2026-07-28,The Team Behind Dandelion Is Opening a New West Village Bar,"34 8th Ave, New York, NY 10014, United States",https://whatnow.com/new-york/restaurants/the-team-behind-dandelion-is-opening-a-new-west-village-bar/,2026-07-28
2026-07-28,Edo Japan Opening in Downtown Toronto at The Tenor,"10 Dundas St E, Toronto, ON M7A 0B2, Canada",https://whatnow.com/toronto/restaurants/edo-japan-opening-in-downtown-toronto-at-the-tenor/,2026-07-28
2026-07-28,El Mariachi Mexican Grill Is Bringing Handmade Tortillas to Former Stickers Asian Cafe Space,"6808 SE Milwaukie Ave, Portland, OR 97202, USA",https://whatnow.com/portland/restaurants/el-mariachi-mexican-grill-is-bringing-handmade-tortillas-to-former-stickers-asian-cafe-space/,2026-07-29
2026-07-28,Filipino Restaurant Pamana Will Make a Big Announcement This September,"5424 NE 30th Ave, Portland, OR 97211, USA",https://whatnow.com/portland/restaurants/filipino-restaurant-pamana-will-make-a-big-announcement-this-september/,2026-07-29
2026-07-28,Houston Coffee Brand Expands With New Café in One of Sugar Land’s Growing Communities,"6560 Greatwood Pkwy #100, Sugar Land, TX 77479, United States",https://whatnow.com/houston/restaurants/houston-coffee-brand-expands-with-new-cafe-in-one-of-sugar-lands-growing-communities/,2026-07-28
2026-07-28,Toll Man Joe's Returns to Philadelphia With New Washington Square West Location,"1141 Pine St., Philadelphia, PA 19107",https://whatnow.com/philadelphia/restaurants/toll-man-joes-returns-to-philadelphia-with-new-washington-square-west-location/,2026-07-28
2026-07-28,"After a Decade of Risotto and Fireside Dinners, a Portland Favorite Goes Dark","1937 NW 23rd Pl, Portland, OR 97210",https://whatnow.com/portland/restaurants/after-a-decade-of-risotto-and-fireside-dinners-a-portland-favorite-goes-dark/,2026-07-28
2026-07-28,Indian Chain Naansense to Open in Downtown Elmhurst Near Metra Station,"116 N York St, Elmhurst, IL 60126",https://whatnow.com/chicago/restaurants/indian-chain-naansense-to-open-in-downtown-elmhurst-near-metra-station/,2026-07-28
2026-07-28,Acornhouse Coming to Toronto’s Dovercourt Village,,https://whatnow.com/toronto/restaurants/acornhouse-coming-to-torontos-dovercourt-village/,2026-07-28
2026-07-28,Gompers Distillery Might Be Opening New Tasting Room in Downtown Portland,"426 SW Broadway, Portland, OR 97205, United States",https://whatnow.com/portland/restaurants/gompers-distillery-might-be-opening-new-tasting-room-in-downtown-portland/,2026-07-28
2026-07-28,Fast-Growing Mediterranean Restaurant Opens New Chicagoland Location,"1320 E Golf Rd, Schaumburg, IL 60173, United States",https://whatnow.com/chicago/restaurants/fast-growing-mediterranean-restaurant-opens-new-chicagoland-location/,2026-07-28
2026-07-28,Sine Wave Coffee Continues to Grow Its Presence in Jax,"1435 Naldo Ave, Jacksonville, FL 32207",https://whatnow.com/jacksonville/restaurants/sine-wave-coffee-continues-to-grow-its-presence-in-jax/,2026-07-29
2026-07-28,Popular Burger Chain Opening 53rd California Location in Elk Grove,"8150 Elk Grove Blvd #110, Elk Grove, CA 95758, United States",https://whatnow.com/sacramento/restaurants/popular-burger-chain-opening-53rd-california-location-in-elk-grove/,2026-07-28
2026-07-27,James Beard Award-Winning Chef Opens New Restaurant in Upper West Market,"1385 Collier Rd NW, Atlanta, GA 30318",https://whatnow.com/atlanta/restaurants/james-beard-award-winning-chef-opens-new-restaurant-in-upper-west-market/,2026-07-27
2026-07-27,18-Year-Old Tennessee Mexican Restaurant Has Permanently Closed,"408 W Sam Ridley Pkwy, Smyrna, TN 37167",https://whatnow.com/nashville/restaurants/18-year-old-tennessee-mexican-restaurant-has-permanently-closed/,2026-07-27
2026-07-27,Fellini Coffee Brings Luxury Italian Café Experience to Upper East Side,,https://whatnow.com/new-york/restaurants/fellini-coffee-brings-luxury-italian-cafe-experience-to-upper-east-side/,2026-07-27
2026-07-27,World Traveler Coffee Roasters Set to Open in Gold River Town Centre,"2095 Golden Centre Ln, Gold River, CA 95670, USA",https://whatnow.com/sacramento/restaurants/world-traveler-coffee-roasters-set-to-open-in-gold-river-town-centre/,2026-07-27
2026-07-27,Jean Claude Bringing French Brasserie Fare to the Upper East Side,"1481 York Ave., New York, NY 10075",https://whatnow.com/new-york/restaurants/jean-claude-bringing-french-brasserie-fare-to-the-upper-east-side/,2026-07-27
2026-07-27,La Valle Gelateria Coming to Downtown Dundas,"26 King St W, Hamilton, ON L9H 1T7, Canada",https://whatnow.com/toronto/restaurants/la-valle-gelateria-coming-to-downtown-dundas/,2026-07-28
2026-07-27,15-Year-Old Delaware Restaurant Announces Permanent Closure,"1336 Old Lancaster Pike, Hockessin, DE 19707, United States",https://whatnow.com/philadelphia/restaurants/15-year-old-delaware-restaurant-announces-permanent-closure/,2026-07-27
2026-07-27,New Japanese Dining Concept Coming to Midtown Atlanta’s Spring Quarter,"1020 Spring St NW Ste 101, Atlanta, GA 30309",https://whatnow.com/atlanta/restaurants/new-japanese-dining-concept-coming-to-midtown-atlantas-spring-quarter/,2026-07-27
2026-07-27,ENZO Italian Steakhouse Planning Midtown Opening | What Now Atlanta,"1117 W Peachtree St NW, Atlanta, GA 30309",https://whatnow.com/atlanta/restaurants/enzo-italian-steakhouse-planning-midtown-opening/,2026-07-27
2026-07-27,The Danish ATL Will Bring Copenhagen Cafe Culture To Midtown | What Now Atlanta,"1081 Juniper St NE, Atlanta, GA 30309",https://whatnow.com/atlanta/restaurants/the-danish-atl-will-bring-copenhagen-cafe-culture-to-midtown/,2026-07-28
2026-07-27,Culver’s Franchisees Building at Former Elementary School Site in Loves Park,"3218 11th St, Rockford, IL 61109",https://whatnow.com/chicago/restaurants/culvers-franchisees-building-at-former-elementary-school-site-in-loves-park/,2026-07-27
2026-07-27,Here are 5 Upcoming Restaurants We Uncovered Last Week in Metro Atlanta (July 20-24),,https://whatnow.com/atlanta/restaurants/here-are-5-upcoming-restaurants-we-uncovered-last-week-in-metro-atlanta-july-20-24/,2026-07-27
2026-07-27,Handmade Matcha Concept Plans to Reopen on South Lamar,"2324 S Lamar Blvd #100, Austin, TX 78704, USA",https://whatnow.com/austin/restaurants/handmade-matcha-concept-plans-to-reopen-on-south-lamar/,2026-07-27
2026-07-27,A 75-Year-Old Pennsauken Steakhouse Is Taking a Summer Vacation,"7600 Kaighns Ave, Pennsauken, NJ 08109, United States",https://whatnow.com/philadelphia/restaurants/a-75-year-old-pennsauken-steakhouse-is-taking-a-summer-vacation/,2026-07-27
2026-07-27,New Restaurant Concept Headed to Former Taste of India Bombay Lounge,"1529 Colusa Hwy, Yuba City, CA 95993, USA",https://whatnow.com/sacramento/restaurants/new-restaurant-concept-headed-to-former-taste-of-india-bombay-lounge/,2026-07-27
2026-07-27,"National Restaurant Chain With More Than 3,000 Locations Opening in Central Florida","14239 Nona N Rd, Orlando, FL 32824, United States",https://whatnow.com/orlando/restaurants/national-restaurant-chain-with-more-than-3000-locations-opening-in-central-florida/,2026-07-27
2026-07-27,New Order Coffee Expanding with New Cafe and Walk-Up Order Window,"25109 Jefferson Ave, St Clair Shores, MI 48081",https://whatnow.com/detroit/restaurants/new-order-coffee-expanding-with-new-cafe-and-walk-up-order-window/,2026-07-27
2026-07-27,Valley Springs Pizza Factory Changes Ownership,"1919 Vista Del Lago Dr, Valley Springs, CA 95252",https://whatnow.com/sacramento/restaurants/valley-springs-pizza-factory-changes-ownership/,2026-07-28
2026-07-26,South Block Looks to 2027,"700 Pennsylvania Ave. SE, Washington, DC 20003",https://whatnow.com/washington-dc/restaurants/south-block-looks-to-2027/,2026-07-27
2026-07-26,Sips Bringing Dirty Soda to DeSoto County,,https://whatnow.com/memphis/restaurants/sips-bringing-dirty-soda-to-desoto-county/,2026-07-26
2026-07-26,New Restaurant Files for Madison Avenue Location,"1299 Madison Ave, Memphis, TN 38104",https://whatnow.com/memphis/restaurants/new-restaurant-files-for-madison-avenue-location/,2026-07-27
2026-07-26,El Metate Headed to Maryland,"2302 Price Ave, Silver Spring, MD 20902",https://whatnow.com/washington-dc/restaurants/el-metate-headed-to-maryland/,2026-07-27
2026-07-26,Connie’s Chicken Headed to Olive Branch,"8220 Goodman Rd, Olive Branch, MS 38654",https://whatnow.com/memphis/restaurants/connies-chicken-headed-to-olive-branch/,2026-07-27
2026-07-26,Hotly Anticipated Thai Restaurant Eyes 2027 Opening,"244 19th Ct S, Suites #10 and 15, Arlington, VA 22202",https://whatnow.com/washington-dc/restaurants/hotly-anticipated-thai-restaurant-eyes-2027-opening/,2026-07-27
2026-07-26,Construction Begins on Olive Branch’s Next Pizza Obsession,"5070 Goodman Rd #101, Olive Branch, MS 38654",https://whatnow.com/memphis/restaurants/construction-begins-on-olive-branchs-next-pizza-obsession/,2026-07-27
2026-07-25,Joya Supermarket Planning In-Store Taqueria,"388 Grand Ave, South San Francisco, CA 94080",https://whatnow.com/san-francisco/restaurants/joya-supermarket-planning-in-store-taqueria/,2026-07-25
2026-07-25,Lilli to Bring French/Mediterranean Flair to Las Vegas' Chinatown,"3616 W Spring Mountain Rd, Las Vegas, NV 89102",https://whatnow.com/las-vegas/restaurants/lilli-to-bring-french-mediterranean-flair-to-las-vegas-chinatown/,2026-07-25
2026-07-25,Island Grill American Mediterranean is Planning its Sixth Houston Opening,"2810 Westheimer Rd, Houston, TX 77098",https://whatnow.com/houston/restaurants/island-grill-american-mediterranean-is-planning-its-sixth-houston-opening/,2026-07-25
2026-07-25,The Storehouse Preparing to Open in Downtown Livermore,"2455 Railroad Ave, Livermore, CA 94550",https://whatnow.com/san-francisco/restaurants/the-storehouse-preparing-to-open-in-downtown-livermore/,2026-07-25
2026-07-25,Sparkle Grooming Co. Plans 29 South Florida Locations,,https://whatnow.com/miami/retail/sparkle-grooming-co-plans-29-south-florida-locations/,2026-07-25
2026-07-25,Luis's Kitchen to Open Inside Boulevard Mall,"3542 S Maryland Pkwy, Las Vegas, NV 89169",https://whatnow.com/las-vegas/restaurants/luiss-kitchen-to-open-inside-boulevard-mall/,2026-07-25
2026-07-25,Lorella To Open Bakery in San Francisco,"2139 Polk St, San Francisco, CA 94109",https://whatnow.com/san-francisco/restaurants/lorella-to-open-bakery-in-san-francisco/,2026-07-25
2026-07-24,Gannons Sets the Table for Wedgewood-Houston Debut,"438 Houston St, Nashville, TN 37203, USA",https://whatnow.com/nashville/restaurants/gannons-sets-the-table-for-wedgewood-houston-debut/,2026-07-24
2026-07-24,Academy of Cream Looks to Be Expanding to a New Location,"790 Indian Rocks Rd N, Belleair Bluffs, FL 33770",https://whatnow.com/tampa/restaurants/academy-of-cream-looks-to-be-expanding-to-a-new-location/,2026-07-25
2026-07-24,Bubba's 33 Plans New Location in Garland,"5085 N President George Bush Hwy, Garland, TX 75040",https://whatnow.com/dallas/restaurants/bubbas-33-plans-new-location-in-garland/,2026-07-25
2026-07-24,Andia's Ice Cream Eyes Two More Triangle Locations,"700 Park Offices Dr Ste 007, Durham, NC 27713, United States",https://whatnow.com/charlotte/restaurants/andias-ice-cream-eyes-two-more-triangle-locations/,2026-07-24
2026-07-24,"Tavern in the Square Revamps Burlington Restaurant, Plans New North Andover Location",,https://whatnow.com/boston/restaurants/tavern-in-the-square-revamps-burlington-restaurant-plans-new-north-andover-location/,2026-07-24
2026-07-24,"Simple Ingredients, Big Growth: Rooted Heads to the West Village","581 Hudson St., New York, NY 10014",https://whatnow.com/new-york/restaurants/simple-ingredients-big-growth-rooted-heads-to-the-west-village/,2026-07-24
2026-07-24,Ben & Jerry’s Scooping Up New Gainesville-Area Location,"14128 W Newberry Rd, Newberry, FL 32669",https://whatnow.com/jacksonville/restaurants/ben-jerrys-scooping-up-new-gainesville-area-location/,2026-07-25
2026-07-24,A Family-Owned Italian Eatery in Bethesda is Closing After-a-10-Year Run,"4926 Cordell Ave, Bethesda, MD 20814, United States",https://whatnow.com/washington-dc/restaurants/a-family-owned-italian-eatery-in-bethesda-is-closing-after-a-10-year-run/,2026-07-24
2026-07-24,San Antonio Restaurant Leaders Connect at What Now Accelerate Networking Event,"618 NW Loop 410 #202, San Antonio, TX 78216",https://whatnow.com/san-antonio/restaurants/san-antonio-restaurant-leaders-connect-at-what-now-accelerate-networking-event/,2026-07-25
2026-07-24,Niles Local Planning New Cafe Serving Frozen Custard for Jefferson Park,"5466 N Milwaukee Ave, Chicago, IL 60630",https://whatnow.com/chicago/restaurants/niles-local-planning-new-cafe-serving-frozen-custard-for-jefferson-park/,2026-07-24
2026-07-24,Four Orlando Maple Street Biscuit Co. Locations Transitioning to Biscuit Belly,,https://whatnow.com/orlando/restaurants/four-orlando-maple-street-biscuit-co-locations-transitioning-to-biscuit-belly/,2026-07-25
2026-07-24,Slab City Bar & Grill Coming to Downtown Tempe,,https://whatnow.com/phoenix/restaurants/slab-city-bar-grill-coming-to-downtown-tempe/,2026-07-24
2026-07-24,Bainbridge Island Community’s Favorite Vietnamese Restaurant Has Set Its Final Day of Service,"120 Madrone Ln N, Bainbridge Island, WA 98110, United States",https://whatnow.com/seattle/restaurants/bainbridge-island-communitys-favorite-vietnamese-restaurant-has-set-its-final-day-of-service/,2026-07-24
2026-07-24,Tender Heart Thrift Preparing Tenderloin Store,"683 O\'Farrell St, San Francisco, CA 94109",https://whatnow.com/san-francisco/retail/tender-heart-thrift-preparing-tenderloin-store/,2026-07-25
2026-07-24,Tadaima Set To Open Financial District Cafe,"113 Sacramento St, San Francisco, CA 94111",https://whatnow.com/san-francisco/restaurants/tadaima-set-to-open-financial-district-cafe/,2026-07-25
2026-07-24,M and M Kitchen Prepares to Serve Afro-Caribbean Favorites to Memphis,"16 S 2nd St, Memphis, TN 38103",https://whatnow.com/memphis/restaurants/mm-kitchen-prepares-to-serve-afro-caribbean-favorites-to-memphis/,2026-07-25
2026-07-24,Pura Vida Miami Plans Long Beach Expansion | What Now Los Angeles,"6460 E Pacific Coast Hwy #125, Long Beach, CA 90803",https://whatnow.com/los-angeles/restaurants/pura-vida-miami-plans-long-beach-expansion/,2026-07-24
2026-07-24,Koro Ramen & Sushi to Open Second Location in Revere,"191 Shirley Ave, Unit 2, Revere, MA 02151",https://whatnow.com/boston/restaurants/koro-ramen-sushi-to-open-second-location-in-revere/,2026-07-25
2026-07-24,"The Crispy Chick Expanding to Parma Heights, Anticipating Fall Opening","6671 Pearl Rd, Parma Heights, OH 44130",https://whatnow.com/columbus/restaurants/the-crispy-chick-expanding-to-parma-heights-anticipating-fall-opening/,2026-07-24
2026-07-24,EggBred Expanding to 4S Ranch,"16621 Dove Canyon Rd, San Diego, CA 92127",https://whatnow.com/san-diego/restaurants/eggbred-expanding-to-4s-ranch/,2026-07-24
2026-07-24,Acai Fresh: From One Bowl Shop to a Growing Brand,,https://whatnow.com/sacramento/restaurants/acai-fresh-from-one-bowl-shop-to-a-growing-brand/,2026-07-25
2026-07-24,A Dallas Charcuterie Shop Has Permanently Closed Its Deep Ellum Storefront,"2932 Main St Ste 102, Dallas, TX 75226",https://whatnow.com/dallas/restaurants/a-dallas-charcuterie-shop-has-permanently-closed-its-deep-ellum-storefront/,2026-07-24
2026-07-24,Gump’s Golden Griddle Bringing Breakfast and Brunch to Rockledge,"200 Barton Blvd, Rockledge, FL 32955",https://whatnow.com/orlando/restaurants/gumps-golden-griddle-bringing-breakfast-and-brunch-to-rockledge/,2026-07-24
2026-07-24,Bojangles Set To Replace Existing Fast-Food Restaurant on Harding Place,"336 Harding Pl, Nashville, TN 37211, USA",https://whatnow.com/nashville/restaurants/bojangles-could-replace-existing-fast-food-restaurant-on-harding-place/,2026-07-24
2026-07-24,PopUp Bagels Eyes Austin Location,"11501 Rock Rose Ave, Austin, TX 78758, USA",https://whatnow.com/austin/restaurants/popup-bagels-eyes-austin-location/,2026-07-25
2026-07-24,Peppino's Pizza & Trattoria Announces Second South Jersey Location,"681 E Evesham Rd., Runnemede, NJ 08078",https://whatnow.com/philadelphia/restaurants/peppinos-pizza-trattoria-announces-second-south-jersey-location/,2026-07-24
2026-07-24,Opening at Society Orlando: Terra Modern American,"410 N Orange Ave, Orlando, FL 32801",https://whatnow.com/orlando/restaurants/opening-at-society-orlando-terra-modern-american/,2026-07-25
2026-07-24,Little Lounge Play Cafe Opening in Myrtle Beach,"3001 Waccamaw Blvd, Myrtle Beach, SC 29579",https://whatnow.com/charleston/restaurants/little-lounge-play-cafe-opening-in-myrtle-beach/,2026-07-25
2026-07-24,PK Oyster Bar is Headed to Jade Promenade in Chinatown,"3845 W Pioneer Ave, Las Vegas, NV 89102",https://whatnow.com/las-vegas/restaurants/pk-oyster-bar-is-headed-to-jade-promenade-in-china-town/,2026-07-25
2026-07-24,International Bible Church Opening a Café in the West Bank,"925 Behrman Hwy, Gretna, LA 70056",https://whatnow.com/new-orleans/restaurants/international-bible-church-opening-a-cafe-in-the-west-bank/,2026-07-24
2026-07-24,"Fighting Crab, New Concept, Set to Open in Humble","9739 N Sam Houston Pkwy E, Humble, TX 77396",https://whatnow.com/houston/restaurants/fighting-crab-new-concept-set-to-open-in-humble/,2026-07-24
2026-07-24,Seoul Soul Restaurant Has Plans for Jacksonville's Gate Parkway,"7540 Gate Pkwy N, Jacksonville, FL 32256",https://whatnow.com/jacksonville/restaurants/seoul-soul-restaurant-has-plans-for-jacksonvilles-gate-parkway/,2026-07-25
2026-07-24,NUBO Opening in Clearwater,"420 Cleveland St, Clearwater, FL 33756",https://whatnow.com/tampa/restaurants/nubo-opening-in-clearwater/,2026-07-25
2026-07-24,Stout’s Coffee Planning New Drive Thru in Devine,"635 E Hondo Ave, Devine, TX 78016",https://whatnow.com/san-antonio/restaurants/stouts-coffee-planning-new-drive-thru-in-devine/,2026-07-24
2026-07-24,Surfing Crab Planning Two New Corpus Christi Locations,,https://whatnow.com/san-antonio/restaurants/surfing-crab-planning-two-new-corpus-christi-locations/,2026-07-24
2026-07-24,Jersey Mike's Subs Continues Greater Philadelphia Expansion,"3926 Linden St., Bethlehem, PA 18020",https://whatnow.com/philadelphia/restaurants/jersey-mikes-subs-continues-greater-philadelphia-expansion/,2026-07-24
2026-07-24,Chicken Salad Chick Plans New Location in Rockwall,"2951 Ridge Rd, Rockwall, TX 75032, USA",https://whatnow.com/dallas/restaurants/chicken-salad-chick-plans-new-location-in-rockwall/,2026-07-25
2026-07-24,Proof It Bagels Opening First Location in St. Augustine,"918 Santa Maria Blvd, St. Augustine, FL 32086",https://whatnow.com/jacksonville/restaurants/proof-it-bagels-opening-first-location-in-st-augustine/,2026-07-25
2026-07-24,Jersey Mike’s Subs Opening in Middleton,"2210 Wellington St, Middleton, FL 33762",https://whatnow.com/orlando/restaurants/jersey-mikes-subs-opening-in-middleton/,2026-07-24
2026-07-24,Au Bon Coin to Bring French Bistro Fare to Knoxville,"724 N Broadway, Knoxville, TN 37917, USA",https://whatnow.com/nashville/restaurants/au-bon-coin-to-bring-french-bistro-fare-to-knoxville/,2026-07-24
2026-07-24,Stay Sharp San Diego Appears to Be Expanding,,https://whatnow.com/san-diego/restaurants/stay-sharp-san-diego-appears-to-be-expanding/,2026-07-24
2026-07-24,Natural Greens Adding Second Location at SilverLeaf Commons,"70 Silver Frst Dr, St. Augustine, FL 32092",https://whatnow.com/jacksonville/restaurants/natural-greens-adding-second-location-at-silverleaf-commons/,2026-07-25
2026-07-24,Jersey Mike's Subs Plans New Denver Location,"757 E 20th Ave, Denver, CO 80205",https://whatnow.com/denver/restaurants/jersey-mikes-subs-plans-new-denver-location/,2026-07-25
2026-07-24,Ristorante Chef Luca Corleone Opening with Regional Italian Fine Dining,"12495 SW Community Blvd, Port St. Lucie, FL 34987",https://whatnow.com/orlando/restaurants/ristorante-chef-luca-corleone-opening-with-regional-italian-fine-dining/,2026-07-24
2026-07-24,Jjang Korean BBQ Working on Second Location,"329 W Felicita Ave, Escondido, CA 92025",https://whatnow.com/san-diego/restaurants/jjang-korean-bbq-working-on-second-location/,2026-07-24
2026-07-24,Truluck’s Ocean’s Finest Seafood and Crab to Open in Town & Country Village,"791 Town and Country Blvd, Houston, TX 77024",https://whatnow.com/houston/restaurants/trulucks-oceans-finest-seafood-and-crab-to-open-in-town-country-village/,2026-07-25
2026-07-24,Jim ‘N Nicks’ Bar-B-Q Plans Lexington Location,"5101 Sunset Blvd, Lexington, SC 29072",https://whatnow.com/charleston/restaurants/jim-n-nicks-bar-b-q-plans-lexington-location/,2026-07-25
2026-07-24,Shawarmaati Mediterranean Grill Planned for Downtown Tempe,,https://whatnow.com/phoenix/restaurants/shawarmaati-mediterranean-grill-planned-for-downtown-tempe/,2026-07-24
2026-07-24,Swig Continues Middle Tennessee Growth With Bellevue Location,"7661 Hwy 70 S, Nashville, TN 37221, USA",https://whatnow.com/nashville/restaurants/swig-continues-middle-tennessee-growth-with-bellevue-location/,2026-07-24
2026-07-24,Three Tampa Bay Maple Street Biscuit Co. Locations Transitioning to Biscuit Belly,,https://whatnow.com/tampa/restaurants/three-tampa-bay-maple-street-biscuit-co-locations-transitioning-to-biscuit-belly/,2026-07-25
2026-07-24,Dunkin’ and Jimmy John’s Bringing Dual-Branded Concept to San Antonio,"4855 Roosevelt Ave., Suite 100, San Antonio, TX 78234",https://whatnow.com/san-antonio/restaurants/dunkin-and-jimmy-johns-bringing-dual-branded-concept-to-san-antonio/,2026-07-24
2026-07-24,Levain Bakery Chooses 12 South for Nashville Debut,"2901 12th Ave S, Nashville, TN 37204, USA",https://whatnow.com/nashville/restaurants/levain-bakery-chooses-12-south-for-nashville-debut/,2026-07-24
2026-07-24,Kong Mountain Tea Steeping First Tea Room in Harvard Square This August,"1132 Massachusetts Ave, Cambridge, MA 02138",https://whatnow.com/boston/restaurants/kong-mountain-tea-steeping-first-tea-room-in-harvard-square-this-august/,2026-07-25
2026-07-24,Taqueria de Diez to Open New Location on Guadalupe Street,,https://whatnow.com/austin/restaurants/taqueria-de-diez-to-open-new-location-on-guadalupe-street/,2026-07-25
2026-07-24,Beloved Neapolitan Pizzeria Is Joining Atlanta's High Street Development,"101 High St #300, Atlanta, GA 30346",https://whatnow.com/atlanta/restaurants/beloved-neapolitan-pizzeria-is-joining-atlantas-high-street-development/,2026-07-24
2026-07-24,"Dude, IDK... But Denver Is Getting a New Comedy Club","3869 Steele St, Denver, CO 80205",https://whatnow.com/denver/restaurants/dude-idk-but-denver-is-getting-a-new-comedy-club/,2026-07-25
2026-07-24,Another Round: Stout Expands With Fifth NYC Sports Bar,"373 Park Ave. S., New York, NY 10016",https://whatnow.com/new-york/restaurants/another-round-stout-expands-with-fifth-nyc-sports-bar/,2026-07-24
2026-07-24,Recess Beer Garden Bringing Second Location to Tivoli Student Union,"900 Auraria Pkwy, Denver, CO 80204",https://whatnow.com/denver/restaurants/recess-beer-garden-bringing-second-location-to-tivoli-student-union/,2026-07-25
2026-07-24,Pasta On the Fly Planning Metairie Location,"2325 Metairie Rd, Metairie, LA 70001",https://whatnow.com/new-orleans/restaurants/pasta-on-the-fly-planning-metairie-location/,2026-07-24
2026-07-24,Sora Sushi Planned for The Merc,"5734 UTSA Boulevard, Suites 105-107, San Antonio, TX 78249",https://whatnow.com/san-antonio/restaurants/sora-sushi-planned-for-the-merc/,2026-07-24
2026-07-24,Jersey Mike's Plans New Cedar Park Location,"2301 W Parmer Ln #204, Austin, TX 78727",https://whatnow.com/austin/restaurants/jersey-mikes-plans-new-cedar-park-location/,2026-07-25
2026-07-24,Farmington's Gluten-Free Taproom Is Closing After Citing Rising Costs,"23621 Farmington Rd, Farmington, MI 48336",https://whatnow.com/detroit/restaurants/farmingtons-gluten-free-taproom-is-closing-after-citing-rising-costs/,2026-07-24
2026-07-24,A Popular Iced Tea Chain Is Expanding With a New Texas Location,"606 N Mechanic St, El Campo, TX 77437",https://whatnow.com/houston/restaurants/a-popular-iced-tea-chain-is-expanding-with-a-new-texas-location/,2026-07-24
2026-07-24,A Hollywood-Inspired Restaurant Is Coming to Uptown Houston,"1616 Post Oak Blvd, Houston, TX 77056",https://whatnow.com/houston/restaurants/a-hollywood-inspired-restaurant-is-coming-to-uptown-houston/,2026-07-24
2026-07-24,Westbound & Down Brewing Company Plans New Wheat Ridge Restaurant and Taproom,"5540 W 29th Ave, Denver, CO 80214",https://whatnow.com/denver/restaurants/westbound-down-brewing-company-plans-new-wheat-ridge-restaurant-and-taproom/,2026-07-25
2026-07-24,A Long-Awaited Filipino Fast-Food Favorite Is Finally Opening in San Francisco,"934 Market St, San Francisco, CA 94102, United States",https://whatnow.com/san-francisco/restaurants/a-long-awaited-filipino-fast-food-favorite-is-finally-opening-in-san-francisco/,2026-07-24
2026-07-24,A Community-Focused Coffee Company Has Opened a New Cafe in Decatur,"2050 Lawrenceville Hwy, Decatur, GA 30033",https://whatnow.com/atlanta/restaurants/a-community-focused-coffee-company-has-opened-a-new-cafe-in-decatur/,2026-07-24
2026-07-24,El Pollo Sabroso to Open Second Location in Pasco,"1304 N 4th Ave, Pasco, WA 99301",https://whatnow.com/seattle/restaurants/el-pollo-sabroso-to-open-second-location-in-pasco/,2026-07-24
2026-07-24,Unburger to Open First Franchised Location in Ann Arbor This Year,"635 S Main St, Ann Arbor, MI 48104",https://whatnow.com/detroit/restaurants/unburger-to-open-first-franchised-location-in-ann-arbor-this-year/,2026-07-24
2026-07-24,Madman Espresso Pours Into Another Manhattan Neighborhood,"646 9th Ave., New York, NY 10036",https://whatnow.com/new-york/restaurants/madman-espresso-pours-into-another-manhattan-neighborhood/,2026-07-24
2026-07-23,A Michelin Guide-Recognized Mediterranean Restaurant Has Closed in Williamsburg,"353 Bedford Ave, Brooklyn, NY 11211",https://whatnow.com/new-york/restaurants/a-michelin-guide-recognized-mediterranean-restaurant-has-closed-in-williamsburg/,2026-07-23
2026-07-23,"Krush Groove Cafe, New Concept, is Planning its Las Vegas Debut","953 E Sahara Ave, Las Vegas, NV 89109",https://whatnow.com/las-vegas/restaurants/krush-groove-cafe-new-concept-is-planning-its-las-vegas-debut/,2026-07-23
2026-07-23,Toronto's Coffee Oysters Champagne Rebranding as Hotel à toi,"214 King St W, Toronto, ON M5H 3S6, Canada",https://whatnow.com/toronto/restaurants/torontos-coffee-oysters-champagne-rebranding-as-hotel-a-toi/,2026-07-23
2026-07-23,Zaxby's Expands Charlotte Footprint,"1726 Alleghany St, Charlotte, NC 28208, USA",https://whatnow.com/charlotte/restaurants/zaxbys-expands-charlotte-footprint/,2026-07-23
2026-07-23,New Greek Yogurt Concept Could Open at South Lamar,"2068 S Lamar Blvd #200, Austin, TX 78704",https://whatnow.com/austin/restaurants/new-greek-yogurt-concept-could-open-at-south-lamar/,2026-07-24
2026-07-23,"Smalls Sliders Opens First North Charleston Location, Second Already in the Works","2280 Ashley Phosphate Rd, North Charleston, SC 29406",https://whatnow.com/charleston/restaurants/smalls-sliders-opens-first-north-charleston-location-second-already-in-the-works/,2026-07-23
2026-07-23,Petersen’s Ice Cream to Open Fifth Arizona Location,,https://whatnow.com/phoenix/restaurants/petersens-ice-cream-to-open-fifth-arizona-location/,2026-07-24
2026-07-23,Hollywood Staple Chocolada is Purchased by The Greek Joint Owners,"1926 Hollywood Blvd, Hollywood, FL 33020",https://whatnow.com/miami/restaurants/hollywood-staple-chocolada-is-purchased-by-the-greek-joint-owners/,2026-07-23
2026-07-23,"At the Velvet Pony, All Will Be Welcome","2025 Reynolds Ave, North Charleston, SC 29405",https://whatnow.com/charleston/restaurants/at-the-velvet-pony-all-will-be-welcome/,2026-07-23
2026-07-23,Country Roads Bringing New Country Bar to Ballard,"2016 NW Market St, Seattle, WA 98107",https://whatnow.com/seattle/restaurants/country-roads-bringing-new-country-bar-to-ballard/,2026-07-24
2026-07-23,Capitol Bar and Grill Coming to Spokane Valley,"18219 E Appleway Ave, Spokane Valley, WA 99016",https://whatnow.com/seattle/restaurants/capitol-bar-and-grill-coming-to-spokane-valley/,2026-07-23
2026-07-23,Sourdough & Co. Planning New Location in Brazos County,"4444 Texas 6 Frontage Rd, College Station, TX 77845, USA",https://whatnow.com/austin/restaurants/sourdough-co-planning-new-location-in-brazos-county/,2026-07-24
2026-07-23,Three Brothers From Jalisco Are Opening a Restaurant Focused in Birria This August,"17218 SE Powell Blvd b, Portland, OR 97236, USA",https://whatnow.com/portland/restaurants/three-brothers-from-jalisco-are-opening-a-restaurant-focused-in-birria-this-august/,2026-07-24
2026-07-23,Brasa Peruvian Kitchen Opening First Airport Location,"6301 Silver Dart Dr, Mississauga, ON L5P 1B2, Canada",https://whatnow.com/toronto/restaurants/brasa-peruvian-kitchen-opening-first-airport-location/,2026-07-24
2026-07-23,Piccolo Buco By Cooper's Hawk to Make Ohio Debut in Upper Arlington,"1675 W Lane Ave, Upper Arlington, OH 43221",https://whatnow.com/columbus/restaurants/piccolo-buco-by-coopers-hawk-to-make-ohio-debut-in-upper-arlington/,2026-07-23
2026-07-23,Moncks Corner Is Getting its First Cook Out Location,"646 Rembert C Dennis Blvd, Moncks Corner, SC 29461",https://whatnow.com/charleston/restaurants/moncks-corner-is-getting-its-first-cook-out-location/,2026-07-23
2026-07-23,HWA ON Bringing Korean BBQ To Culver City | What Now Los Angeles,"9355 Culver Blvd, Culver City, CA 90232",https://whatnow.com/los-angeles/restaurants/hwa-on-bringing-korean-bbq-to-culver-city/,2026-07-23
2026-07-23,The Bull BBQ Pit Opening Third Toronto Location,,https://whatnow.com/toronto/restaurants/the-bull-bbq-pit-opening-third-toronto-location/,2026-07-24
2026-07-23,A New Taco Restaurant Is Opening in Georgetown With More Than 20 Globally Inspired Tacos,"1316 W University Ave Suite 103, Georgetown, TX 78628, United States",https://whatnow.com/austin/restaurants/a-new-taco-restaurant-is-opening-in-georgetown-with-more-than-20-globally-inspired-tacos/,2026-07-23
2026-07-23,Garden Butcher Planning Wellington Restaurant,"1385 S State Rd 7, Wellington, FL 33414",https://whatnow.com/miami/restaurants/garden-butcher-planning-wellington-restaurant/,2026-07-23
2026-07-23,Domino's Pizza Signs on for New Retail Development Near Flowers Plantation,"North Carolina 27527, USA",https://whatnow.com/charlotte/restaurants/dominos-pizza-signs-on-for-new-retail-development-near-flowers-plantation/,2026-07-23
2026-07-23,"Free Spirit Social House to Debut Larger, Community-Focused Doylestown Location","29 S Main St., Doylestown, PA 18901",https://whatnow.com/philadelphia/restaurants/free-spirit-social-house-to-debut-larger-community-focused-doylestown-location/,2026-07-23
2026-07-23,"The Novel Sip Bookstore, Cafe and Wine Bar Coming to New Albany Next Spring",,https://whatnow.com/columbus/restaurants/the-novel-sip-bookstore-cafe-and-wine-bar-coming-to-new-albany-next-spring/,2026-07-23
2026-07-23,Tyber Creek Pub to Expand in Charlotte’s Gold District with New Neighborhood Bar,"1501 S Mint St, Charlotte, NC 28203, USA",https://whatnow.com/charlotte/restaurants/tyber-creek-pub-to-expand-in-charlottes-gold-district-with-new-neighborhood-bar/,2026-07-23
2026-07-23,7 Brew Location Planned for Lexington,"5237 Sunset Blvd, Lexington, SC 29072",https://whatnow.com/charleston/restaurants/7-brew-location-planned-for-lexington/,2026-07-23
2026-07-23,Burrito Shak to Debut in the Flowers Plantation Area,"North Carolina 27527, USA",https://whatnow.com/charlotte/restaurants/burrito-shak-to-debut-in-the-flowers-plantation-area/,2026-07-23
2026-07-23,Pizza Monkey Swinging into Rockville,"2009 Chapman Ave, Rockville, MD 20852",https://whatnow.com/washington-dc/restaurants/pizza-monkey-swinging-into-rockville/,2026-07-24
2026-07-23,Rebel Wine Lounge Relocating to Gilbert,,https://whatnow.com/phoenix/restaurants/rebel-wine-lounge-relocating-to-gilbert/,2026-07-24
2026-07-23,Beloved la Beer Returns to Austin Shelves for First Time Since 2021,,https://whatnow.com/austin/restaurants/beloved-la-beer-returns-to-austin-shelves-for-first-time-since-2021/,2026-07-23
2026-07-23,The Wharf Miami to Return as Part of Riverside Wharf Development,"114 SW North River Dr, Miami, FL 33130",https://whatnow.com/miami/restaurants/the-wharf-miami-to-return-as-part-of-riverside-wharf-development/,2026-07-24
2026-07-23,Two New Acai Fresh Locations Are Coming to Sacramento and That's Just the Beginning,,https://whatnow.com/sacramento/restaurants/two-new-acai-fresh-locations-are-coming-to-sacramento-and-thats-just-the-beginning/,2026-07-23
2026-07-23,Strella Strella by Modus Rebranding Restaurant in Toronto's Financial District,"145 King St W, Toronto, ON M5H 1J8, Canada",https://whatnow.com/toronto/restaurants/strella-strella-by-modus-rebranding-restaurant-in-torontos-financial-district/,2026-07-23
2026-07-23,The Eastport Seafood Spot Annapolis Has Loved Since 1983 Is Closing,"310 Third St, Annapolis, MD 21403",https://whatnow.com/washington-dc/restaurants/the-eastport-seafood-spot-annapolis-has-loved-since-1983-is-closing/,2026-07-23
2026-07-23,Randizzle’s to Open First Brick-and-Mortar Restaurant in Downtown Phoenix,"512 W McDowell Rd, Phoenix, AZ 85003",https://whatnow.com/phoenix/restaurants/randizzles-to-open-first-brick-and-mortar-restaurant-in-downtown-phoenix/,2026-07-24
2026-07-23,Hangry Joe’s Bringing Hot Chicken to Oxon Hill,"6113B Oxon Hill Rd, Oxon Hill, MD 20745",https://whatnow.com/washington-dc/restaurants/hangry-joes-bringing-hot-chicken-to-oxon-hill/,2026-07-23
2026-07-23,Cabo Bob's to Open Next Greater Houston Location by End of Year,"3905 Kirby Dr, Houston, TX 77098",https://whatnow.com/houston/restaurants/cabo-bobs-to-open-next-greater-houston-location-by-end-of-year/,2026-07-23
2026-07-23,Abuelita Coco Owner to Debut New Vegan Cafe in Wicker Park,"2140 W North Ave, Chicago, IL 60647",https://whatnow.com/chicago/restaurants/abuelita-coco-owner-to-debut-new-vegan-cafe-in-wicker-park/,2026-07-23
2026-07-23,Chick-fil-A Has Revived a Spicy Favorite at Just Two Atlanta-Area Restaurants,,https://whatnow.com/atlanta/restaurants/chick-fil-a-has-revived-a-spicy-favorite-at-just-two-atlanta-area-restaurants/,2026-07-23
2026-07-23,Rooftop Bar Joining Culver City This Year | What Now Los Angeles,"9355 Culver Blvd, Culver City, CA 90232",https://whatnow.com/los-angeles/restaurants/rooftop-bar-joining-culver-city-this-year/,2026-07-23
2026-07-23,Sushi by Bou Appears To Be Planning Entry Into Georgia Market | What Now Atlanta,"675 W Peachtree St NE #107, Atlanta, GA 30308",https://whatnow.com/atlanta/restaurants/sushi-by-bou-appears-to-be-planning-entry-into-georgia-market/,2026-07-23
2026-07-23,The Space That Housed the Doug Fir Lounge Is Getting a New Life Inside the Jupiter Hotel,"830 E Burnside St, Portland, OR 97214, USA",https://whatnow.com/portland/restaurants/the-space-that-housed-the-doug-fir-lounge-is-getting-a-new-life-inside-the-jupiter-hotel/,2026-07-23
2026-07-23,A California State Fair Award-Winning Sacramento Bakery Is Closing,"405 K St #210, Sacramento, CA 95814",https://whatnow.com/sacramento/restaurants/a-california-state-fair-award-winning-sacramento-bakery-is-closing/,2026-07-23
2026-07-23,Sweet Melody Ice Cream Opening Flagler Street Shop,"10141 W Flagler St, Miami, FL 33174",https://whatnow.com/miami/restaurants/sweet-melody-ice-cream-opening-flagler-street-shop/,2026-07-24
2026-07-23,Pink Palm Creamery Bringing Sweet Treats to Sunrise,"8010 W Sunrise Blvd, Plantation, FL 33322",https://whatnow.com/miami/restaurants/pink-palm-creamery-bringing-sweet-treats-to-sunrise/,2026-07-24
2026-07-23,Jack's Family Restaurant Expanding To Union City | What Now Atlanta,"5135 Campbellton Fairburn Rd, Union City, GA 30291",https://whatnow.com/atlanta/restaurants/jacks-family-restaurant-expanding-to-union-city/,2026-07-23
2026-07-23,Huxdotter Coffee Adding Black Diamond and Sumner Locations,,https://whatnow.com/seattle/restaurants/huxdotter-coffee-adding-black-diamond-and-sumner-locations/,2026-07-23
2026-07-23,"Black Napkin in Grand Rapids Undergoing Renovations, Reopening with Larger Space","966 Fulton St E, Grand Rapids, MI 49503",https://whatnow.com/detroit/restaurants/black-napkin-in-grand-rapids-undergoing-renovations-reopening-with-larger-space/,2026-07-23
2026-07-23,A New Italian Restaurant Inspired by 1960s Italy Has Opened in Buckhead Village,"3065 Peachtree Rd NE Ste B210, Atlanta, GA 30305",https://whatnow.com/atlanta/restaurants/a-new-italian-restaurant-inspired-by-1960s-italy-has-opened-in-buckhead-village/,2026-07-23
2026-07-22,Maman Continues NYC Expansion With New Manhattan Cafe,"250 W 57th St., New York, NY 10107",https://whatnow.com/new-york/restaurants/maman-continues-nyc-expansion-with-new-manhattan-cafe/,2026-07-22
2026-07-22,Original ChopShop Brings Feel Good Food to Houston’s Memorial City District | What Now Houston,"10100 Katy Fwy, Houston, TX 77043",https://whatnow.com/houston/restaurants/original-chopshop-brings-feel-good-food-to-houstons-memorial-city-district/,2026-07-22
2026-07-22,Morganton's Beloved BBQ Landmark Is Closing After 25 Years,"1234 Burkemont Ave, Morganton, NC 28655, United States",https://whatnow.com/charlotte/restaurants/morgantons-beloved-bbq-landmark-is-closing-after-25-years/,2026-07-22
2026-07-22,Myungin Dumplings to Open a Chinatown Location,"3650 S Jones Blvd, Las Vegas, NV 89103",https://whatnow.com/las-vegas/restaurants/myungin-dumplings-to-open-a-chinatown-location/,2026-07-22
2026-07-22,Ox-B’s Finds New Location on City’s North Side Following Short North Closure,"7370 Sawmill Rd, Columbus, OH 43235",https://whatnow.com/columbus/restaurants/ox-bs-finds-new-location-on-citys-north-side-following-short-north-closure/,2026-07-22
2026-07-22,Porkys Chicken Planning First Brick-and-Mortar Restaurant in Denver,"401 Federal Blvd, Denver, CO 80204",https://whatnow.com/denver/restaurants/porkys-chicken-planning-first-brick-and-mortar-restaurant-in-denver/,2026-07-22
2026-07-22,Smalls Sliders Coming to Lake Worth Beach,"4669 Hypoluxo Rd, Lake Worth Beach, FL 33463",https://whatnow.com/miami/restaurants/smalls-sliders-coming-to-lake-worth-beach/,2026-07-23
2026-07-22,Rōmyō Bringing Japanese-Italian Fusion to Larimer Square,"1401 Larimer St, Denver, CO 80202",https://whatnow.com/denver/restaurants/romyo-bringing-japanese-italian-fusion-to-larimer-square/,2026-07-22
2026-07-22,A Smoothie and Eatery Chain Is Opening a New Brookhaven Restaurant With Free Giveaways,"4060 Peachtree Rd NE, Atlanta, GA 30319",https://whatnow.com/atlanta/restaurants/a-smoothie-and-eatery-chain-is-opening-a-new-brookhaven-restaurant-with-free-giveaways/,2026-07-22
2026-07-22,LJ’s Lounge Opens at Triangle Square Expanding Dining & Live Entertainment Options | What Now Orange County,"1870 Harbor Blvd, Costa Mesa, CA 92627",https://whatnow.com/orange-county/restaurants/ljs-lounge-opens-at-triangle-square-expanding-dining-live-entertainment-options/,2026-07-22
2026-07-22,El Cantor Mexican Cuisine Coming to Seattle,"805 NE 65th St, Seattle, WA 98115",https://whatnow.com/seattle/restaurants/el-cantor-mexican-cuisine-coming-to-seattle/,2026-07-23
2026-07-22,Taqueria Taquito Express Planning Little Five Points Location | What Now Atlanta,"1165 McLendon Ave NE, Atlanta, GA 30307",https://whatnow.com/atlanta/restaurants/taqueria-taquito-express-planning-little-five-points-location/,2026-07-22
2026-07-22,Building a Community Through Pequeño Cantina,"1521 Broadway St, Detroit, MI 48226",https://whatnow.com/detroit/restaurants/not-just-building-restaurants-building-a-community-through-pequeno-cantina/,2026-07-23
2026-07-22,A St. Pete Sports Bar Featuring 69 TVs Is Closing After 10 Years,"515 Central Ave, St. Petersburg, FL 33701, United States",https://whatnow.com/tampa/restaurants/a-st-pete-sports-bar-featuring-69-tvs-is-closing-after-10-years/,2026-07-22
2026-07-22,Coffee Beans & Bourbon Lounge and Breakfast Planned for Everett,"1709 Hewitt Ave, Everett, WA 98201",https://whatnow.com/seattle/restaurants/coffee-beans-bourbon-lounge-and-breakfast-planned-for-everett/,2026-07-22
2026-07-22,Tastes Pretty Good Opening American-Style Restaurant in Clearwater,"534 Cleveland St, Clearwater, FL 33755",https://whatnow.com/tampa/restaurants/tastes-pretty-good-opening-american-style-restaurant-in-clearwater/,2026-07-22
2026-07-22,California's First 7 Brew Coffee Is Coming to North Auburn,"2815 Bell Rd, Auburn, CA 95603, USA",https://whatnow.com/sacramento/restaurants/californias-first-7-brew-coffee-could-be-coming-to-north-auburn/,2026-07-22
2026-07-22,Jersey Mike's Subs Plans to Debut in Seagoville,"344 N Hwy 175 b, Seagoville, TX 75159",https://whatnow.com/dallas/restaurants/jersey-mikes-subs-plans-to-debut-in-seagoville/,2026-07-23
2026-07-22,Subtext Bringing Bookstore Cafe Experience To Downtown Atlanta | What Now Atlanta,"342 Marietta St NW, Atlanta, GA 30313",https://whatnow.com/atlanta/restaurants/subtext-bringing-bookstore-cafe-experience-to-downtown-atlanta/,2026-07-22
2026-07-22,Bojangles Franchisee Planning Three New San Antonio Area Locations,,https://whatnow.com/san-antonio/restaurants/bojangles-franchisee-planning-three-new-san-antonio-area-locations/,2026-07-23
2026-07-22,Portland's Beloved Late-Night Taqueria Is Closing After 15 Years,"607 SE Morrison St, Portland, OR 97214",https://whatnow.com/portland/restaurants/portlands-beloved-late-night-taqueria-is-closing-after-15-years/,2026-07-22
2026-07-22,Biscuit Belly Acquires Jacksonville-Born Maple Street Biscuit Company Locations,,https://whatnow.com/jacksonville/restaurants/biscuit-belly-acquires-jacksonville-born-maple-street-biscuit-company-locations/,2026-07-22
2026-07-22,Restauanteurs' Legacy Continues to Grow Across Tampa Bay,"1015 Gramercy Ln, Tampa, FL 33607",https://whatnow.com/tampa/restaurants/restauanteurs-legacy-continues-to-grow-across-tampa-bay/,2026-07-23
2026-07-22,Eataly Caffè Continues NYC Expansion With Upper West Side Location,"2252 Broadway, New York, NY 10024",https://whatnow.com/new-york/restaurants/eataly-caffe-continues-nyc-expansion-with-upper-west-side-location/,2026-07-22
2026-07-22,Nagaiki Ramen to Debut its Las Vegas Valley Eatery,"4284 W Spring Mountain Rd, Las Vegas, NV 89102",https://whatnow.com/las-vegas/restaurants/nagaiki-ramen-to-debut-its-las-vegas-valley-eatery/,2026-07-22
2026-07-22,Pokeworks to Open a Cypress Location as Part of Major Expansion,"20419 Via Casa Laura Dr, Cypress, TX 77433",https://whatnow.com/houston/restaurants/pokeworks-to-open-a-cypress-location-as-part-of-major-expansion/,2026-07-22
2026-07-22,Fast-Casual Concept Fishbox Sushi Expanding with Second Acadiana Location,"6922 Ambassador Caffery Pkwy, Broussard, LA 70518",https://whatnow.com/new-orleans/restaurants/fast-casual-concept-fishbox-sushi-expanding-with-second-acadiana-location/,2026-07-22
2026-07-22,Nashville Hot Chicken With a California Twist Lands in Carrollton,"3204 E Hebron Pkwy, Carrollton, TX 75010",https://whatnow.com/dallas/restaurants/nashville-hot-chicken-with-a-california-twist-lands-in-carrollton/,2026-07-22
2026-07-22,Pink Pistachio Cafe Continues Growth With First Pennsylvania Location,"34 E 3rd St., Bethlehem, PA 18015",https://whatnow.com/philadelphia/restaurants/pink-pistachio-cafe-continues-growth-with-first-pennsylvania-location/,2026-07-22
2026-07-22,Alibi Coffee House Concept Coming to Des Plaines Near O’Hare,"749 W Golf Rd, Des Plaines, IL 60016",https://whatnow.com/chicago/restaurants/alibi-coffee-house-concept-coming-to-des-plaines-near-ohare/,2026-07-22
2026-07-22,Dave’s Hot Chicken Expanding to Lynnwood,"18505 Alderwood Mall Pkwy, Lynnwood, WA 98037",https://whatnow.com/seattle/restaurants/daves-hot-chicken-expanding-to-lynnwood/,2026-07-23
2026-07-22,Arepa 58 Latin Kitchen Bringing Venezuelan Flavors to Ponte Vedra,"10580 US-1, Ponte Vedra Beach, FL 32081",https://whatnow.com/jacksonville/restaurants/arepa-58-latin-kitchen-bringing-venezuelan-flavors-to-ponte-vedra/,2026-07-22
2026-07-22,"Margaritaville Resort to Bring Beach Homes, Hotel, and Restaurants to Galveston","317 E Beach Dr, Galveston, TX 77550",https://whatnow.com/houston/restaurants/margaritaville-resort-to-bring-beach-homes-hotel-and-restaurants-to-galveston/,2026-07-22
2026-07-22,A Japanese-Inspired Bakery Is Opening Its First Permanent Berkeley Location,"2701 Eighth St, Berkeley, CA 94710",https://whatnow.com/san-francisco/restaurants/a-japanese-inspired-bakery-is-opening-its-first-permanent-berkeley-location/,2026-07-22
2026-07-21,"Buda's Beloved Cajun Seafood Joint Closes Its Doors, Citing Difficult Times","306 S Main St Ste 107, Buda, TX 78610",https://whatnow.com/austin/restaurants/budas-beloved-cajun-seafood-joint-closes-its-doors-citing-difficult-times/,2026-07-21
2026-07-21,"Emeril Lagasse's New Orleans Concept, ""MERIL"", Now Open at M Resort Spa Casino | What Now Las Vegas","12300 Las Vegas Blvd S, Henderson, NV 89044",https://whatnow.com/las-vegas/restaurants/emeril-lagasses-new-orleans-concept-meril-now-open-at-m-resort-spa-casino/,2026-07-21
2026-07-21,Chef’s Table and Tasting Room Moving to the Bond Building,,https://whatnow.com/orlando/restaurants/chefs-table-and-tasting-room-moving-to-the-bond-building/,2026-07-21
2026-07-21,Durango Planning Expansion To Topanga Village | What Now Los Angeles,"6316 Topanga Canyon Blvd, Woodland Hills, CA 91367",https://whatnow.com/los-angeles/restaurants/durango-planning-expansion-to-topanga-village/,2026-07-21
2026-07-21,The Brentwood Spot Known for Scratch-Made Chicken Tenders Is Closing,"99 Seaboard Ln #500, Brentwood, TN 37027",https://whatnow.com/nashville/restaurants/the-brentwood-spot-known-for-scratch-made-chicken-tenders-is-closing/,2026-07-21
2026-07-21,California-Born Restaurant Chain Is Opening Another Location in Orange County,"700 S El Camino Real, San Clemente, CA 92672, United States",https://whatnow.com/orange-county/restaurants/california-born-restaurant-chain-is-opening-another-location-in-orange-county/,2026-07-21
2026-07-21,A Longtime Chicago Gastropub Is Returning With a New Downtown Location,"120 N LaSalle St, Chicago, IL 60602, United States",https://whatnow.com/chicago/restaurants/a-longtime-chicago-gastropub-is-returning-with-a-new-downtown-location/,2026-07-21
2026-07-21,Portland's Favorite South Asian Ice Cream Shop Is Almost Ready to Open in Beaverton,"12695 SW Crescent St, Beaverton, OR 97005, USA",https://whatnow.com/portland/restaurants/portlands-favorite-south-asian-ice-cream-shop-is-almost-ready-to-open-in-beaverton/,2026-07-21
2026-07-21,Flecha Cantina To Debut Waterfront Newport Beach Restaurant,"2800 West Coast Hwy, Newport Beach, CA 92663",https://whatnow.com/orange-county/restaurants/flecha-cantina-to-debut-waterfront-newport-beach-restaurant/,2026-07-21
2026-07-21,Two Pitchers Brewing Co. Planning Mission District Expansion,"535 Florida St, San Francisco, CA 94110",https://whatnow.com/san-francisco/restaurants/two-pitchers-brewing-co-planning-mission-district-expansion/,2026-07-21
2026-07-21,Krispy Boyz Coming to Parkway Plaza,"415 Fletcher Pkwy, El Cajon, CA 92020",https://whatnow.com/san-diego/restaurants/krispy-boyz-coming-to-parkway-plaza/,2026-07-21
2026-07-21,Goop Kitchen To Open At South Coast Plaza,"3333 Bristol St, Costa Mesa, CA 92626",https://whatnow.com/orange-county/restaurants/goop-kitchen-to-open-at-south-coast-plaza/,2026-07-22
2026-07-21,Owner of Gifts and Creations Shop Opening Hot Dog Spot in Adrian Area,,https://whatnow.com/detroit/restaurants/owner-of-gifts-and-creations-shop-opening-hot-dog-spot-in-adrian-area/,2026-07-21
2026-07-21,Roman Savon Coming to Montreal in 2026,"5800 Rue de la Roche, Montréal, QC H2S 2C7, Canada",https://whatnow.com/montreal/restaurants/roman-savon-coming-to-montreal-in-2026/,2026-07-21
2026-07-21,Good Boy Planned For Former Hendrix Space In Laguna Niguel,"32431 Golden Lantern, Laguna Niguel, CA 92677",https://whatnow.com/orange-county/restaurants/good-boy-planned-for-former-hendrix-space-in-laguna-niguel/,2026-07-21
2026-07-21,Salamone’s Cherry Valley Team Building Second Location in Machesney Park,"9901 Orlando St, Machesney Park, IL 61115",https://whatnow.com/chicago/restaurants/salamones-cherry-valley-team-building-second-location-in-machesney-park/,2026-07-21
2026-07-21,Commune All Day Cafe to Open Second Massachusetts Location in Lexington,"7 Depot Square, Lexington, MA 02420",https://whatnow.com/boston/restaurants/commune-all-day-cafe-to-open-second-massachusetts-location-in-lexington/,2026-07-21
2026-07-21,Wendy's Unveils First Future Fresh Restaurant in Canada,"865 York Mills Rd, North York, ON M3B 1Y6, Canada",https://whatnow.com/toronto/restaurants/wendys-unveils-first-future-fresh-restaurant-in-canada/,2026-07-21
2026-07-21,"Portillo's Planning Buford Expansion, Nearing Construction | What Now Atlanta","3207 Buford Dr, Buford, GA 30519",https://whatnow.com/atlanta/restaurants/portillos-planning-buford-expansion-nearing-construction/,2026-07-21
2026-07-21,Beloved Short North Fried Chicken Spot Serves Its Last Slopwich This Month,"1177 N High St, Columbus, OH 43201",https://whatnow.com/columbus/restaurants/beloved-short-north-fried-chicken-spot-serves-its-last-slopwich-this-month/,2026-07-21
2026-07-21,Dozo Ramen and Grill Opening in Palm Harbor,"3438 E Lake Rd S, Palm Harbor, FL 34685",https://whatnow.com/tampa/restaurants/dozo-ramen-and-grill-opening-in-palm-harbor/,2026-07-21
2026-07-21,"Los Angeles Padel Club Will Open This Year With Cafe, Bar | What Now Los Angeles","3801 Lenawee Ave, Culver City, CA 90232",https://whatnow.com/los-angeles/restaurants/los-angeles-padel-club-will-open-this-year-with-cafe-bar/,2026-07-21
2026-07-21,Auburn's Most Award-Winning Brewery Is Coming Down the Hill and Roseville Is the Landing Spot,"1805 Cirby Way, Roseville, CA 95661, USA",https://whatnow.com/sacramento/restaurants/auburns-most-award-winning-brewery-is-coming-down-the-hill-and-roseville-is-the-landing-spot/,2026-07-21
2026-07-21,Just Salad Acquires New Location in The Loop This Year,"123 N Wacker Dr, Chicago, IL 60606",https://whatnow.com/chicago/restaurants/just-salad-acquires-new-location-in-the-loop-this-year/,2026-07-21
2026-07-21,Marblehead-Based Maria's Gourmet Brewing Up New Café in Swampscott,"149 Humphrey St, Swampscott, MA 01907",https://whatnow.com/boston/restaurants/marblehead-based-marias-gourmet-brewing-up-new-cafe-in-swampscott/,2026-07-21
2026-07-21,Georgetown's Iconic Wood-Fired Pizzeria Is Ending Its 24-Year Run,"3282 M St NW, Washington, DC 20007",https://whatnow.com/washington-dc/restaurants/georgetowns-iconic-wood-fired-pizzeria-is-ending-its-24-year-run/,2026-07-21
2026-07-21,Spring Hill Looks to Be Getting Another Jersey Mike’s,"14363 Spring Hill Dr #1050, Spring Hill, FL 34609",https://whatnow.com/tampa/restaurants/spring-hill-looks-to-be-getting-another-jersey-mikes/,2026-07-21
2026-07-21,Coffee Republic Bringing Coffee Back to Franklin Tower,"1401 I St NW # 515, Washington, DC 20005",https://whatnow.com/washington-dc/restaurants/coffee-republic-bringing-coffee-back-to-franklin-tower/,2026-07-22
2026-07-21,850 Degrees Expanding to Bloor West Village,"2197 Bloor St W, Toronto, ON M6S 1N2, Canada",https://whatnow.com/toronto/restaurants/850-degrees-expanding-to-bloor-west-village/,2026-07-21
2026-07-21,A Beloved Carolina Chicken Chain Just Made Its Arizona Debut in Gilbert,"785 S Val Vista Dr, Gilbert, AZ 85296, United States",https://whatnow.com/phoenix/restaurants/a-beloved-carolina-chicken-chain-just-made-its-arizona-debut-in-gilbert/,2026-07-21
2026-07-21,El Punto Planned for Liberty Station,"2885 Perry Rd #102, San Diego, CA 92106",https://whatnow.com/san-diego/restaurants/el-punto-planned-for-liberty-station/,2026-07-21
2026-07-21,Pinsa Piazza to Serve Roman Pinsa in Boston's North End,"210 Hanover St, Boston, MA 02113",https://whatnow.com/boston/restaurants/pinsa-piazza-to-serve-roman-pinsa-in-bostons-north-end/,2026-07-22
2026-07-20,X Noodle and Dumpling Is Bringing Scratch-Made Noodles and Dumplings to Elk Grove This Fall,"9620 Bruceville Rd, Elk Grove, CA 95757, USA",https://whatnow.com/sacramento/restaurants/x-noodle-and-dumpling-is-bringing-scratch-made-noodles-and-dumplings-to-elk-grove-this-fall/,2026-07-21
2026-07-20,Prime Concepts Detroit Team Planning New Aurora Italiana Location Downtown,"114 W Adams Ave, Detroit, MI 48226",https://whatnow.com/detroit/restaurants/prime-concepts-detroit-team-planning-new-aurora-italiana-location-downtown/,2026-07-20
2026-07-20,A New French-Asian Bakery is Getting a Permanent Home in Downtown Bend,"103 NW Oregon Ave, Bend, OR 97701, USA",https://whatnow.com/portland/restaurants/a-new-french-asian-bakery-is-getting-a-permanent-home-in-downtown-bend/,2026-07-21
2026-07-20,Sushi Genkai to Debut Omakase Experience on the Upper East Side,"445 E 78th St., New York, NY 10075",https://whatnow.com/new-york/restaurants/sushi-genkai-to-debut-omakase-experience-on-the-upper-east-side/,2026-07-20
2026-07-20,A Celebrity-Loved Beverly Hills Restaurant Is Ending Its 30-Year Run,"468 N Bedford Dr, Beverly Hills, CA 90210",https://whatnow.com/los-angeles/restaurants/a-celebrity-loved-beverly-hills-restaurant-is-ending-its-30-year-run/,2026-07-20
2026-07-20,"Popular NYC Chinese Restaurant Closes After Nearly 30 Years, Plans Major Transformation","2655 Richmond Ave, Staten Island, NY 10314, United States",https://whatnow.com/new-york/restaurants/popular-nyc-chinese-restaurant-closes-after-nearly-30-years-plans-major-transformation/,2026-07-20
2026-07-20,‘News Bar’ Concept Bringing Neighborhood Tavern Option to River North,"806 N Clark St, Chicago, IL 60654",https://whatnow.com/chicago/restaurants/news-bar-concept-bringing-neighborhood-tavern-option-to-river-north/,2026-07-20
2026-07-20,New Jazz Lounge Samuzora Bringing Japanese-Inspired Menu To Moorpark | What Now Los Angeles,"601 Moorpark Ave, Moorpark, CA 93021",https://whatnow.com/los-angeles/restaurants/new-jazz-lounge-samuzora-bringing-japanese-inspired-menu-to-moorpark/,2026-07-21
2026-07-20,Kevin Kelley's Deep Ellum Sports Bar Closes After Citing Neighborhood Violence,"2823 Main St, Dallas, TX 75226, United States",https://whatnow.com/dallas/restaurants/kevin-kelleys-deep-ellum-sports-bar-closes-after-citing-neighborhood-violence/,2026-07-20
2026-07-20,Here Are 6 Upcoming Restaurants We Uncovered Last Week in Metro Atlanta (July 13-17),,https://whatnow.com/atlanta/restaurants/here-are-6-upcoming-restaurants-we-uncovered-last-week-in-metro-atlanta-july-13-17/,2026-07-20
2026-07-20,"ZooBoba Plans to Debut in Plano Bringing Boba, Ice Cream and Momos to Custer Road","3131 Custer Rd #194, Plano, TX 75075, USA",https://whatnow.com/dallas/restaurants/zooboba-plans-to-debut-in-plano-bringing-boba-ice-cream-and-momos-to-custer-road/,2026-07-21
2026-07-20,Buckhead Caribbean Dining Spot Closes Its Doors,"2293 Peachtree Rd Unit B, Atlanta, GA 30309",https://whatnow.com/atlanta/restaurants/buckhead-caribbean-dining-spot-closes-its-doors/,2026-07-20
2026-07-20,Fern and Finch Coffee Set to Open in Highland Village This Fall,"3090 Justin Rd, Highland Village, TX 75077, USA",https://whatnow.com/dallas/restaurants/fern-and-finch-coffee-set-to-open-in-highland-village-this-fall/,2026-07-21
2026-07-20,Arcadia-Based AKAMI Bringing Sushi To Monrovia | What Now Los Angeles,"929 W Huntington Dr, Arcadia, CA 91006",https://whatnow.com/los-angeles/restaurants/arcadia-based-akami-bringing-sushi-to-monrovia/,2026-07-21
2026-07-20,Nearly 20-Year-Old South Austin Staple with Live Music and an Outdoor Patio Is Closing,"5900 W Slaughter Ln #400C, Austin, TX 78749",https://whatnow.com/austin/restaurants/nearly-20-year-old-south-austin-staple-with-live-music-and-an-outdoor-patio-is-closing/,2026-07-20
2026-07-20,Freddy's Frozen Custard Is Expanding to Oregon and It Could Get 20 Locations,,https://whatnow.com/portland/restaurants/freddys-frozen-custard-is-expanding-to-oregon-and-it-could-get-20-locations/,2026-07-21
2026-07-20,7th Street Burger Expanding With Two More Philadelphia-Area Locations,,https://whatnow.com/philadelphia/restaurants/7th-street-burger-expanding-with-two-more-philadelphia-area-locations/,2026-07-20
2026-07-20,Honey Badger Bakehouse Upgrading to Brick-and-Mortar in Mason,"121 W Maple St, Mason, MI 48854",https://whatnow.com/detroit/restaurants/honey-badger-bakehouse-upgranding-to-brick-and-mortar-in-mason/,2026-07-20
2026-07-20,Popular Chicken Chain Is Opening Its First Restaurant in Pleasanton,"620 W Oaklawn Rd, Pleasanton, TX 78064, United States",https://whatnow.com/san-antonio/restaurants/popular-chicken-chain-is-opening-its-first-restaurant-in-pleasanton/,2026-07-20
2026-07-20,"Longtime Livonia Bar and Grill Closes After Years of Food, Drinks, and Game Days","36480 Plymouth Rd, Livonia, MI 48150",https://whatnow.com/detroit/restaurants/longtime-livonia-bar-and-grill-closes-after-years-of-food-drinks-and-game-days/,2026-07-20
2026-07-19,Ginger’s Bread & Co Looking to New Kitchen Horizons,"62 Cooper St, Memphis, TN 38104",https://whatnow.com/memphis/restaurants/gingers-bread-co-looking-to-new-kitchen-horizons/,2026-07-20
2026-07-19,Gussied Up Bringing Good Vibes to Hard Times,"655 Marshall Ave, Memphis, TN 38103",https://whatnow.com/memphis/restaurants/gussied-up-bringing-good-vibes-to-hard-times/,2026-07-19
2026-07-19,Hawkers Asian Street Fare Bringing Authentic Cuisine to Gaithersburg,"105 Ellington Blvd, Gaithersburg, MD 20878",https://whatnow.com/washington-dc/restaurants/hawkers-asian-street-fare-bringing-authentic-cuisine-to-gaithersburg/,2026-07-19
2026-07-19,Din Tai Fung Bringing Celebrated Cuisine to Tysons,,https://whatnow.com/washington-dc/restaurants/din-tai-fung-bringing-celebrated-cuisine-to-tysons/,2026-07-19
2026-07-19,The EVthing Plans Major Interior Renovation in Downtown Cuero,"511 E Broadway St, Cuero, TX 77954, USA",https://whatnow.com/san-antonio/restaurants/the-evthing-plans-major-interior-renovation-in-downtown-cuero/,2026-07-19
2026-07-19,Ramblin’ Joe’s Eying Germantown Site,"1227 S Germantown Rd, Germantown, TN 38139",https://whatnow.com/memphis/restaurants/ramblin-joes-eying-germantown-site/,2026-07-19
2026-07-18,"Seattle’s What Now Accelerate Event, Hosted by 8 Ping Yang, Offers Networking Opportunity","1412 E Union StSeattle, WA 98122",https://whatnow.com/seattle/restaurants/seattles-what-now-accelerate-event-hosted-by-8-ping-yang-offers-networking-opportunity/,2026-07-19
2026-07-18,Chantilly to Welcome Popular Food Hall,"13958 US-50, Chantilly, VA 20151",https://whatnow.com/washington-dc/restaurants/chantilly-to-welcome-popular-food-hall/,2026-07-19
2026-07-18,EggBred Expanding Into Brentwood With New Restaurant,"6740 Lone Tree Wy, Brentwood, CA 94513",https://whatnow.com/san-francisco/restaurants/eggbred-expanding-into-brentwood-with-new-restaurant/,2026-07-19
2026-07-18,Honeygrow to Help Launch New Frederick Development,,https://whatnow.com/washington-dc/restaurants/honeygrow-to-help-launch-new-frederick-development/,2026-07-19
2026-07-18,The Kitchen Sink GF Relocating Operations to San Francisco,,https://whatnow.com/san-francisco/restaurants/the-kitchen-sink-gf-relocating-operations-to-san-francisco/,2026-07-19
2026-07-18,Memphis Hospitality Leaders Gather at The Arcade Restaurant for What Now Accelerate Event,"540 S Main St, Memphis, TN 38103",https://whatnow.com/memphis/restaurants/memphis-hospitality-leaders-gather-at-the-arcade-restaurant-for-what-now-accelerate-event/,2026-07-19
2026-07-18,Coco Bloom Coffee Opening New Newport Beach Location,"1500 W Balboa Blvd, Newport Beach, CA 92663",https://whatnow.com/orange-county/restaurants/coco-bloom-coffee-opening-new-newport-beach-location/,2026-07-18
2026-07-18,Din Tai Fung Slated For Brea Mall Redevelopment,"1065 Brea Mall, Brea, CA 92821",https://whatnow.com/orange-county/restaurants/din-tai-fung-slated-for-brea-mall-redevelopment/,2026-07-18
2026-07-18,The Taco Stand Plans Expansion In Orange County,"7300 Great Park Blvd, Irvine, CA 92618",https://whatnow.com/orange-county/restaurants/the-taco-stand-plans-expansion-in-orange-county/,2026-07-18
2026-07-18,Pepper Lunch Eyes Orange County,"2800 N Main Pl Dr, Orange, CA 92868",https://whatnow.com/orange-county/restaurants/pepper-lunch-eyes-orange-county/,2026-07-18
2026-07-18,Tacos Frontera's Finds its First Franchisee,"2536 Spencer Hwy. Pasadena, TX 77504",https://whatnow.com/houston/restaurants/tacos-fronteras-finds-its-first-franchisee/,2026-07-19
2026-07-17,Magic Wok Is Relocating (But It’s not Going Far!),"2153 E County Rd 540A, Lakeland, FL 33813",https://whatnow.com/tampa/restaurants/magic-wok-is-relocating-but-its-not-going-far/,2026-07-17
2026-07-17,Bad Ass Coffee of Hawaii Plans Daytona Beach Location,"821 E International Speedway Blvd, Daytona Beach, FL 32118",https://whatnow.com/orlando/restaurants/bad-ass-coffee-of-hawaii-plans-daytona-beach-location/,2026-07-18
2026-07-17,Soju Station to Bring Authentic Korean Pocha Experience to Mesa,"1976 W Southern Ave, Mesa, AZ 85202",https://whatnow.com/phoenix/restaurants/soju-station-to-bring-authentic-korean-pocha-experience-to-mesa/,2026-07-18
2026-07-17,Pour Decisions Craft Coffee and Beer to Debut in Houston this Summer,"555 W 19th St, Houston, TX 77008",https://whatnow.com/houston/restaurants/pour-decisions-craft-coffee-and-beer-to-debut-in-houston-this-summer/,2026-07-18
2026-07-17,12-Year-Old Grandview Restaurant Is Closing Its Brick-and-Mortar Location,"1386 Grandview Ave, Columbus, OH 43212",https://whatnow.com/columbus/restaurants/12-year-old-grandview-restaurant-is-closing-its-brick-and-mortar-location/,2026-07-17
2026-07-17,La Michoacana Plans Auburndale Location,"198 Melton Ave, Auburndale, FL 33823",https://whatnow.com/tampa/restaurants/la-michoacana-plans-auburndale-location/,2026-07-18
2026-07-17,Salt & Straw Planned for The Switchyard in Queen Creek,,https://whatnow.com/phoenix/restaurants/salt-straw-planned-for-the-switchyard-in-queen-creek/,2026-07-17
2026-07-17,ICONYC Bagels Bringing New York-Style Bagels to Downtown Austin,"202 W Cesar Chavez St, Austin, TX 78701, USA",https://whatnow.com/austin/restaurants/iconyc-bagels-bringing-new-york-style-bagels-to-downtown-austin/,2026-07-18
2026-07-17,Mad Cat Brewtique Brews Up a New Chapter With Center City Move,"2036 Sansom St., Philadelphia, PA 19103",https://whatnow.com/philadelphia/restaurants/mad-cat-brewtique-brews-up-a-new-chapter-with-center-city-move/,2026-07-17
2026-07-17,"Sissy Dogs Opening with Hot Dogs, Sausages, and More",,https://whatnow.com/jacksonville/restaurants/sissy-dogs-opening-with-hot-dogs-sausages-and-more/,2026-07-18
2026-07-17,All-Day Tex-Mex Café Planned for East Harlem,"1569 Lexington Ave, New York, NY 10029",https://whatnow.com/new-york/restaurants/all-day-tex-mex-cafe-planned-for-east-harlem/,2026-07-17
2026-07-17,Station Casinos Brings Its 24-Hour Americana Tavern to North Las Vegas,"976 W Dorrell Ln, North Las Vegas, NV 89086, USA",https://whatnow.com/las-vegas/restaurants/station-casinos-brings-its-24-hour-americana-tavern-to-north-las-vegas/,2026-07-17
2026-07-17,Mugsy’s Coffee Company Brewing Up Third Clarksville Location at Rossview Plaza,"1243 Rossview Rd, Clarksville, TN 37043, USA",https://whatnow.com/nashville/restaurants/mugsys-coffee-company-brewing-up-third-clarksville-location-at-rossview-plaza/,2026-07-17
2026-07-17,Crispy Cones Expanding to Denver's Jefferson Park,"3000 W 23rd Ave, Denver, CO 80211",https://whatnow.com/denver/restaurants/crispy-cones-expanding-to-denvers-jefferson-park/,2026-07-17
2026-07-17,Penn Station Sandwiches to Bring East Coast-Style Subs to Myrtle Beach,,https://whatnow.com/charleston/restaurants/penn-station-sandwiches-to-bring-east-coast-style-subs-to-myrtle-beach/,2026-07-17
2026-07-17,"Jinsei Motto Seeking Expansion, Adding New Cocktail Bar Addition","2456 N California Ave, Chicago, IL 60647",https://whatnow.com/chicago/restaurants/jinsei-motto-seeking-expansion-adding-new-cocktail-bar-addition/,2026-07-17
2026-07-17,Bottega Volo Opening Second Toronto Location in Junction Triangle,"1485 Dupont St, Toronto, ON M6P 3S2, Canada",https://whatnow.com/toronto/restaurants/bottega-volo-opening-second-toronto-location-in-junction-triangle/,2026-07-17
2026-07-17,Don Patron to Serve Fajitas and Margaritas at New Great Lakes Crossing Location,"4000 Baldwin Rd, Auburn Hills, MI 48326",https://whatnow.com/detroit/restaurants/don-patron-to-serve-fajitas-and-margaritas-at-new-great-lakes-crossing-location/,2026-07-17
2026-07-17,PopUp Bagels Opening in Brickell,"801 Brickell Ave, Miami, FL 33131",https://whatnow.com/miami/restaurants/popup-bagels-opening-in-brickell/,2026-07-17
2026-07-17,Coffee TAB Expanding to Seattle's Central District With Third Café,"2300 S Jackson St, Seattle, WA 98144",https://whatnow.com/seattle/restaurants/coffee-tab-expanding-to-seattles-central-district-with-third-cafe/,2026-07-18
2026-07-17,A Vietnamese Restaurant and Bar Is Moving Into One of Portland's Most Iconic Waterfront Spaces,"309 S Montgomery St, Portland, OR 97201, USA",https://whatnow.com/portland/restaurants/a-vietnamese-restaurant-and-bar-is-moving-into-one-of-portlands-most-iconic-waterfront-spaces/,2026-07-17
2026-07-17,51st Deli Signs On for New East Nashville Location,"730 Main St, Nashville, TN 37206, USA",https://whatnow.com/nashville/restaurants/51st-deli-signs-on-for-new-east-nashville-location/,2026-07-17
2026-07-17,Tropical Smoothie Cafe Headed to Sebastian,"13403 US-1, Sebastian, FL 32958",https://whatnow.com/orlando/restaurants/tropical-smoothie-cafe-headed-to-sebastian/,2026-07-18
2026-07-17,Somedays Bakery Bringing Signature Croissants to Rittenhouse This Fall,"1601 Walnut St., Philadelphia, PA 19102",https://whatnow.com/philadelphia/restaurants/somedays-bakery-bringing-signature-croissants-to-rittenhouse-this-fall/,2026-07-17
2026-07-17,Bondi Sushi Coming to Coral Gables,358 San Lorenzo Avenue,https://whatnow.com/miami/restaurants/bondi-sushi-to-open-in-coral-gables/,2026-07-18
2026-07-17,Mexican-American Spot Planned for East Harlem,"355 E 116th St, New York, NY 10029",https://whatnow.com/new-york/restaurants/mexican-american-spot-planned-for-east-harlem/,2026-07-17
2026-07-17,Chef Brad Bernstein to Open Gwynne at Cincinnati's Fidelity Hotel,"602 Main St, Cincinnati, OH 45202, USA",https://whatnow.com/columbus/restaurants/chef-brad-bernstein-to-open-gwynne-at-cincinnatis-fidelity-hotel/,2026-07-17
2026-07-17,Former Oisa Chef Eyes Jamaica Plain for New Japanese Restaurant,"Jamaica Plain, Boston, MA 02130",https://whatnow.com/boston/restaurants/former-oisa-chef-eyes-jamaica-plain-for-new-japanese-restaurant/,2026-07-18
2026-07-17,Operating Costs Force Longtime Fort Worth Cocktail Bar to Shut Down,"6323 Camp Bowie Blvd #125, Fort Worth, TX 76116, United States",https://whatnow.com/dallas/restaurants/operating-costs-force-longtime-fort-worth-cocktail-bar-to-shut-down/,2026-07-17
2026-07-17,Elevate Coffee Secures Permit for Downtown Nashville Café,"1221 Broadway, Nashville, TN 37203, USA",https://whatnow.com/nashville/restaurants/elevate-coffee-secures-permit-for-downtown-nashville-cafe/,2026-07-17
2026-07-17,Vecina to Open Second Location in Scottsdale This Summer,"8300 Hayden Rd, Scottsdale, AZ 85258",https://whatnow.com/phoenix/restaurants/vecina-to-open-second-location-in-scottsdale-this-summer/,2026-07-18
2026-07-17,Domino's Pizza Plans New Yoakum Location,"304 W Grand Ave c, Yoakum, TX 77995, USA",https://whatnow.com/san-antonio/restaurants/dominos-pizza-plans-new-yoakum-location/,2026-07-17
2026-07-17,"'We're Back': New Owners Reviving Historic Crystola Roadhouse With Southern Flavors, Live Entertainment","20918 US-24, Woodland Park, CO 80863",https://whatnow.com/denver/restaurants/were-back-new-owners-reviving-historic-crystola-roadhouse-with-southern-flavors-live-entertainment/,2026-07-17
2026-07-17,Muse Paintbar Planning Inman Park Location | What Now Atlanta,"245 N Highland Ave NE, Atlanta, GA 30307",https://whatnow.com/atlanta/restaurants/muse-paintbar-planning-inman-park-location/,2026-07-17
2026-07-17,Hijau Planning Permanent Home in San Jose,"1432 W San Carlos St, San Jose, CA 95126",https://whatnow.com/san-francisco/restaurants/hijau-planning-permanent-home-in-san-jose/,2026-07-17
2026-07-17,Nutella Café Chicago Reopens on Michigan Avenue With an Expanded Menu,"189 N Michigan Ave, Chicago, IL 60601, United States",https://whatnow.com/chicago/restaurants/nutella-cafe-chicago-reopens-on-michigan-avenue-with-an-expanded-menu/,2026-07-17
2026-07-17,Sana'a Café Expanding to Garden Grove With New Orange County Location,"12212 Brookhurst St, Garden Grove, CA 92840",https://whatnow.com/orange-county/restaurants/sanaa-cafe-expanding-to-garden-grove-with-new-orange-county-location/,2026-07-17
2026-07-17,"Beacon Hill Pub Space to Reopen as Harry Hare's, an English-Inspired Fine Dining Restaurant","149 Charles St, Boston, MA 02114",https://whatnow.com/boston/restaurants/beacon-hill-pub-space-to-reopen-as-harry-hares-an-english-inspired-fine-dining-restaurant/,2026-07-17
2026-07-17,Quail House Coffee & Creamery to Open at Desert Botanical Garden This Fall,"1201 N Galvin Pkwy, Phoenix, AZ 85008",https://whatnow.com/phoenix/restaurants/quail-house-coffee-creamery-to-open-at-desert-botanical-garden-this-fall/,2026-07-18
2026-07-17,A Carolina Beach Favorite Is Bringing Fresh Glazed Donuts to Charleston,"32 N Market St., Charleston, SC 29401",https://whatnow.com/charleston/restaurants/a-carolina-beach-favorite-is-bringing-fresh-glazed-donuts-to-charleston/,2026-07-17
2026-07-17,Construction Underway on New Ididos Coffee & Social DC Location,"1601 Rhode Island Ave NE, Washington, DC 20018",https://whatnow.com/washington-dc/restaurants/construction-underway-on-new-ididos-coffee-social-dc-location/,2026-07-18
2026-07-17,Hospitality Vets Bringing ‘Diner 2.0’ Flagship to the Theater District,"1674 Broadway, New York, NY 10019",https://whatnow.com/new-york/restaurants/hospitality-vets-bringing-diner-2-0-flagship-to-the-theater-district/,2026-07-17
2026-07-17,The Kookaburra Cleared for New Brewery Project: Bushrangers Brewery,"470 FL-207, St. Augustine, FL 32084",https://whatnow.com/jacksonville/restaurants/the-kookaburra-cleared-for-new-brewery-project-bushrangers-brewery/,2026-07-18
2026-07-17,Whit’s Frozen Custard Headed to Siesta Key,"5147 Ocean Blvd, Siesta Key, FL 34242",https://whatnow.com/tampa/restaurants/whits-frozen-custard-headed-to-siesta-key/,2026-07-18
2026-07-17,Pepe's Cantina to Open in Boca Raton,"3011 Yamato Rd, Boca Raton, FL 33496",https://whatnow.com/miami/restaurants/pepes-cantina-boca-raton/,2026-07-17
2026-07-17,Einstein Bros. Bagels to Open Inside Texas A&M's New Fort Worth Campus,"300 E 15th St, Fort Worth, TX 76102, USA",https://whatnow.com/dallas/restaurants/einstein-bros-bagels-to-open-inside-texas-ams-new-fort-worth-campus/,2026-07-18
2026-07-17,FARE Chooses Charlotte for First Expansion Outside Illinois,"1111 S Tryon St, Charlotte, NC 28203, USA",https://whatnow.com/charlotte/restaurants/fare-chooses-charlotte-for-first-expansion-outside-illinois/,2026-07-17
2026-07-17,Splitsville Bowl Coming to CF Sherway Gardens,"25 The West Mall, Etobicoke, ON M9C 1B8, Canada",https://whatnow.com/toronto/restaurants/splitsville-bowl-coming-to-cf-sherway-gardens/,2026-07-17
2026-07-17,Ten Five Hospitality To Debut Three Original Dining Concepts At Pendry Nashville,"30 Music Square W, Nashville, TN 37203, USA",https://whatnow.com/nashville/restaurants/ten-five-hospitality-to-debut-three-original-dining-concepts-at-pendry-nashville/,2026-07-17
2026-07-17,Lalibela Ethiopian Restaurant and Bar is Set to Open in the Camelot Shopping Center,"4972 S Maryland Pkwy, Las Vegas, NV 89119",https://whatnow.com/las-vegas/restaurants/lalibela-ethiopian-restaurant-and-bar-is-set-to-open-in-the-camelot-shopping-center/,2026-07-18
2026-07-17,The Collegeville Italian Spot Known for Its Scallops Is Serving Its Last Meal,"3835 W Germantown Pike, Collegeville, PA 19426",https://whatnow.com/philadelphia/restaurants/the-collegeville-italian-spot-known-for-its-scallops-is-serving-its-last-meal/,2026-07-17
2026-07-17,Plant-Based Tapas Restaurant in NYC’s East Village Is Closing,"111 E 7th St, New York, NY 10009",https://whatnow.com/new-york/restaurants/plant-based-tapas-restaurant-in-nycs-east-village-is-closing/,2026-07-17
2026-07-17,Lucky Cup Coffee Expanding to Second Location,"2606 Fairfield Ave S, St. Petersburg, FL 33712",https://whatnow.com/tampa/restaurants/lucky-cup-coffee-expanding-to-second-location/,2026-07-17
2026-07-17,Victory Sandwich Bar Flipping Into New Concept In Decatur | What Now Atlanta,"340 Church St, Decatur, GA 30030",https://whatnow.com/atlanta/restaurants/victory-sandwich-bar-flipping-into-new-concept-in-decatur/,2026-07-17
2026-07-17,Casa Marin Pizzeria Looks to Be Going Brick-and-Mortar,"1037 New York Ave, St Cloud, FL 34769",https://whatnow.com/orlando/restaurants/casa-marin-pizzeria-looks-to-be-going-brick-and-mortar/,2026-07-17
2026-07-17,RREMC Restaurants Expanding the Keke’s Breakfast Cafe Brand in Northeast Florida,,https://whatnow.com/jacksonville/restaurants/rremc-restaurants-expanding-the-kekes-breakfast-cafe-brand-in-northeast-florida/,2026-07-18
2026-07-17,Kurosumi Kitchen (Re)Opening in Groveland,"135 E Broad St, Groveland, FL 34736",https://whatnow.com/orlando/restaurants/kurosumi-kitchen-reopening-in-groveland/,2026-07-18
2026-07-17,New Neighbourhood Bar The Blind Pour Opening Soon in Westerville,"20 S State St, Westerville, OH 43081, USA",https://whatnow.com/columbus/restaurants/new-neighbourhood-bar-the-blind-pour-opening-soon-in-westerville/,2026-07-17
2026-07-17,Slutty Vegan Plans Columbus Debut as Part of Ohio Expansion,,https://whatnow.com/columbus/restaurants/slutty-vegan-plans-columbus-debut-as-part-of-ohio-expansion/,2026-07-17
2026-07-17,Charlotte's Planned for Former Étoile Space on Magazine Street,"3607 Magazine St, New Orleans, LA 70115",https://whatnow.com/new-orleans/restaurants/charlottes-planned-for-former-etoile-space-on-magazine-street/,2026-07-17
2026-07-17,Terry Black's Barbecue Targets Early 2027 Opening in Nashville,"1220 Rosa L Parks Blvd, Nashville, TN 37208, USA",https://whatnow.com/nashville/restaurants/terry-blacks-barbecue-targets-early-2027-opening-in-nashville/,2026-07-17
2026-07-17,Dope Coffee Planning Relocation To New Space | What Now Atlanta,,https://whatnow.com/atlanta/restaurants/dope-coffee-planning-relocation-to-new-space/,2026-07-17
2026-07-17,Sprout & Bean Indoor Playground and Cafe Opening in Winter Garden,"965 Vineland Rd, Winter Garden, FL 34787",https://whatnow.com/orlando/restaurants/sprout-bean-indoor-playground-and-cafe-opening-in-winter-garden/,2026-07-17
2026-07-17,New ‘Humble Kitchen’ Ice Cream Shop to Go in Romulus Shopping Center,"9287 Wayne Rd, Romulus, MI 48174",https://whatnow.com/detroit/restaurants/new-humble-kitchen-ice-cream-shop-to-go-in-romulus-shopping-center/,2026-07-17
2026-07-17,Tuxedos Pizza and Chilly Cups Plans Jacksonville Area Launch,"233 King St, Suite A, St. Augustine, FL 32084, USA",https://whatnow.com/jacksonville/restaurants/tuxedos-pizza-and-chilly-cups-plans-jacksonville-launch/,2026-07-18
2026-07-17,Little Caesars Plans New Restaurant in New Braunfels,"2286 Alyssa Way, New Braunfels, TX 78132, USA",https://whatnow.com/san-antonio/restaurants/little-caesars-plans-new-restaurant-in-new-braunfels/,2026-07-18
2026-07-17,Fast-Growing BBQ Chain Operating in 12 States to Open First Murfreesboro Location,"107 N Thompson St, Whiteville, NC 28472",https://whatnow.com/nashville/restaurants/fast-growing-bbq-chain-operating-in-12-states-to-open-first-murfreesboro-location/,2026-07-17
2026-07-17,A 21-Year Midtown Atlanta Restaurant Closes After Fire Damage,"931 Monroe Dr NE a106, Atlanta, GA 30308",https://whatnow.com/atlanta/restaurants/a-21-year-midtown-atlanta-restaurant-closes-after-fire-damage/,2026-07-17
2026-07-17,4 Roosters Announces 'Coming Soon' Fishtown Location,,https://whatnow.com/philadelphia/restaurants/4-roosters-announces-coming-soon-fishtown-location/,2026-07-17
2026-07-17,Hospitality Groups Partner to Debut New Hometown Bar in Parker’s Alley,"19 E Grand River Ave, Detroit, MI 48226",https://whatnow.com/detroit/restaurants/hospitality-groups-partner-to-debut-new-hometown-bar-in-parkers-alley/,2026-07-17
2026-07-16,Captain D's Adds 19th Texas Restaurant with Corsicana Opening | What Now Dallas,"3920 State Hwy 31 W, Corsicana, TX 75110",https://whatnow.com/dallas/restaurants/captain-ds-adds-19th-texas-restaurant-with-corsicana-opening/,2026-07-16
2026-07-16,Bearded Chef Brunch Is Opening a Brick-and-Mortar Restaurant,"1629 University Blvd N, Jacksonville, FL 32211",https://whatnow.com/jacksonville/restaurants/bearded-chef-brunch-is-opening-a-brick-and-mortar-restaurant/,2026-07-16
2026-07-16,Takumi Sushi to Bring Authentic Japanese Cuisine to Beacon Hill,"2709 17th Ave S, Seattle, WA 98144, United States",https://whatnow.com/seattle/restaurants/takumi-sushi-to-bring-authentic-japanese-cuisine-to-beacon-hill/,2026-07-16
2026-07-16,Taco Bell Coming to St. Clair West in Toronto,"501 St Clair Ave W, Toronto, ON M5P 0A2, Canada",https://whatnow.com/toronto/restaurants/taco-bell-coming-to-st-clair-west-in-toronto/,2026-07-16
2026-07-16,Hungry AF Planning To Join Tucker | What Now Atlanta,"4431 Hugh Howell Rd, Tucker, GA 30084",https://whatnow.com/atlanta/restaurants/hungry-af-planning-to-join-tucker/,2026-07-16
2026-07-16,"East Sacramento Restaurant Closes, Owners Cite Challenges of Running a Small Business","5401 H St, Sacramento, CA 95819",https://whatnow.com/sacramento/restaurants/east-sacramento-restaurant-closes-owners-cite-challenges-of-running-a-small-business/,2026-07-16
2026-07-16,Kapow Noodle Bar is Coming to Fort Lauderdale,"250 SE 6th Ave, Fort Lauderdale, FL 33301",https://whatnow.com/miami/restaurants/kapow-noodle-bar-is-coming-to-fort-lauderdale/,2026-07-17
2026-07-16,J. Arthur Rebrands as The Jay in Toronto’s East End,"1044 Gerrard St E, Toronto, ON M4M 1Z8, Canada",https://whatnow.com/toronto/restaurants/j-arthur-rebrands-as-the-jay-in-torontos-east-end/,2026-07-16
2026-07-16,Fogo de Chão Headed to Mall in Columbia,"10300 Little Patuxent Pkwy, Columbia, MD 21044",https://whatnow.com/washington-dc/restaurants/fogo-de-chao-headed-to-mall-in-columbia/,2026-07-17
2026-07-16,Petit Pierre Bakery Planning Ballard Expansion for Early 2027,"2200 NW Market St, Seattle, WA 98107",https://whatnow.com/seattle/restaurants/petit-pierre-bakery-planning-ballard-expansion-for-early-2027/,2026-07-17
2026-07-16,Campus Burgers Is Bringing the $1.99 Smash Burger to UC Davis,"720 2nd St, Davis, CA 95616, United States",https://whatnow.com/sacramento/restaurants/campus-burgers-is-bringing-the-1-99-smash-burger-to-uc-davis/,2026-07-17
2026-07-16,South Block Expanding to Raleigh With North Hills Location,"4121 Main at North Hills St, Raleigh, NC 27609, USA",https://whatnow.com/charlotte/restaurants/south-block-expanding-to-raleigh-with-north-hills-location/,2026-07-16
2026-07-16,Five Spice: Supermarket and Restaurant Concept Plans to Open at Plano's Shiloh Road,"245 Shiloh Rd, Plano, TX 75074, USA",https://whatnow.com/dallas/restaurants/five-spice-supermarket-and-restaurant-concept-plans-to-open-at-planos-shiloh-road/,2026-07-17
2026-07-16,Sal e Brasa to Open its Third Texas Eatery,"6006 Westheimer Rd, Houston, TX 77057",https://whatnow.com/houston/restaurants/sal-e-brasa-to-open-its-third-texas-eatery/,2026-07-16
2026-07-16,Lado A Lado to Bring Sonoran-Inspired Cooking to Uptown Phoenix,"5202 N Central Ave, Phoenix, AZ 85012",https://whatnow.com/phoenix/restaurants/lado-a-lado-to-bring-sonoran-inspired-cooking-to-uptown-phoenix/,2026-07-16
2026-07-16,Catalina’s La Cantina Looks to Be Opening at Last in Tarpon Springs,"10 S Pinellas Ave, Tarpon Springs, FL 34689",https://whatnow.com/tampa/restaurants/catalinas-la-cantina-looks-to-be-opening-at-last-in-tarpon-springs/,2026-07-16
2026-07-16,The Woodlawn Working on New Brick-and-Mortar in Grand Crossing for This Fall,"1200 E 79th St, Chicago, IL 60619",https://whatnow.com/chicago/restaurants/the-woodlawn-working-on-new-brick-and-mortar-in-grand-crossing-for-this-fall/,2026-07-16
2026-07-16,Dual-Concept Cocktail Bar Coming to the East Village,"60 2nd Ave, New York, NY 10003",https://whatnow.com/new-york/restaurants/dual-concept-cocktail-bar-coming-to-the-east-village/,2026-07-16
2026-07-16,Panera Bread is Making a Comeback in North Houston,,https://whatnow.com/houston/restaurants/panera-bread-is-making-a-comeback-in-north-houston/,2026-07-16
2026-07-16,Vira Bistro to Bring European-Inspired Dining to Wake Forest,"3604 Rogers Branch Rd, Wake Forest, NC 27587, USA",https://whatnow.com/charlotte/restaurants/vira-bistro-to-bring-european-inspired-dining-to-wake-forest/,2026-07-16
2026-07-16,Gonzales Wine Company Is Opening a Tasting Room In McMinnville,"1421 NE Alpha Dr, McMinnville, OR 97128, USA",https://whatnow.com/portland/restaurants/gonzales-wine-company-is-opening-a-tasting-room-in-mcminnville/,2026-07-16
2026-07-16,New Cafe Called Andis Planned for The Heart of The Loop,"1 N Franklin St, Chicago, IL 60606",https://whatnow.com/chicago/restaurants/new-cafe-called-andis-planned-for-the-heart-of-the-loop/,2026-07-16
2026-07-16,Detroit Corned Beef to Open its First Brick-and-Mortar on E Warm Springs Rd,"1725 E Warm Springs Rd, Las Vegas, NV 89119",https://whatnow.com/las-vegas/restaurants/detroit-corned-beef-to-open-its-first-brick-and-mortar-on-e-warm-springs-rd/,2026-07-17
2026-07-16,"Downtown Vancouver Is Getting a Cocktail Lounge With Over 2,000 Whiskeys","801 Washington St, Vancouver, WA 98660, USA",https://whatnow.com/portland/restaurants/downtown-vancouver-is-getting-a-cocktail-lounge-with-over-2000-whiskeys/,2026-07-17
2026-07-16,Neo Coffee and Kava Will Bring a New Place to Gather in Plantation,"1483 S University Dr, Plantation, FL 33324",https://whatnow.com/miami/restaurants/neo-coffee-and-kava-will-bring-a-new-place-to-gather-in-plantation/,2026-07-17
2026-07-16,Telefèric Barcelona Opening At Fashion Island In August | What Now Orange County,"401 Newport Center Dr, Newport Beach, CA 92660",https://whatnow.com/orange-county/restaurants/teleferic-barcelona-opening-at-fashion-island-in-august/,2026-07-16
2026-07-16,Neat High Fidelity Indian Lounge Taking Over Bob Evans Space,"14050 Thunderbolt Pl, Chantilly, VA 20151",https://whatnow.com/washington-dc/restaurants/neat-high-fidelity-indian-lounge-taking-over-bob-evans-space/,2026-07-17
2026-07-16,Max’s Burgers Bringing Retro Fast-Food Concept to Wallingford,"2301 N 45th St, Seattle, WA 98103",https://whatnow.com/seattle/restaurants/maxs-burgers-bringing-retro-fast-food-concept-to-wallingford/,2026-07-17
2026-07-16,The Riot Comedy Club to Relocate to the Washington Avenue,"1925 Washington Ave, Houston, TX 77007",https://whatnow.com/houston/restaurants/the-riot-comedy-club-to-relocate-to-the-washington-avenue/,2026-07-17
2026-07-16,Biscuitville Fresh Southern Acquires Second Kernersville Property,"1478 NC-66, Kernersville, NC 27284, USA",https://whatnow.com/charlotte/restaurants/biscuitville-fresh-southern-acquires-second-kernersville-property/,2026-07-16
2026-07-16,Mrs. Thelma’s Southern Cuisine Bringing “The World’s Best Mac & Cheese” to St. Pete,"119 49th St S, St. Petersburg, FL 33707",https://whatnow.com/tampa/restaurants/mrs-thelmas-southern-cuisine-bringing-the-worlds-best-mac-cheese-to-st-pete/,2026-07-16
2026-07-16,Tifa Chocolate & Gelato Franchisee’s Passion Shown Thru Growing Portfolio,,https://whatnow.com/houston/restaurants/tifa-chocolate-gelato-franchisees-passion-shown-thru-growing-portfolio/,2026-07-16
2026-07-16,"Vintner's Table to Bring Italian Hospitality, Wine to Ardmore","24 Cricket Ave., Ardmore, PA 19003",https://whatnow.com/philadelphia/restaurants/vintners-table-to-bring-italian-hospitality-wine-to-ardmore/,2026-07-16
2026-07-16,Viet-Nomz Headed to Winter Park for Fourth Location,"1330 N Orange Ave, Winter Park, FL 32789",https://whatnow.com/orlando/restaurants/viet-nomz-headed-to-winter-park-for-fourth-location/,2026-07-16
2026-07-16,Ontario's First Integrated Applebee's and IHOP Opening in Ajax,"155 Kingston Rd E, Ajax, ON L1S 7J4, Canada",https://whatnow.com/toronto/restaurants/ontarios-first-integrated-applebees-and-ihop-opening-in-ajax/,2026-07-16
2026-07-16,Anam Cara Irish Restaurant and Eatery Bringing Traditional Irish Fare With a Louisiana Twist to Covington,"70493 LA-21, Covington, LA 70433",https://whatnow.com/new-orleans/restaurants/anam-cara-irish-restaurant-and-eatery-bringing-traditional-irish-fare-with-a-louisiana-twist-to-covington/,2026-07-16
2026-07-16,Heidi’s Coffee & Cream Opening in Fernandina Beach,"531 S 8th St, Fernandina Beach, FL 32034",https://whatnow.com/jacksonville/restaurants/heidis-coffee-cream-opening-in-fernandina-beach/,2026-07-16
2026-07-16,Cloud Cakes Are Coming: Tous Les Jours Heads to Northern Liberties,"828 N 2nd St., Philadelphia, PA 19123",https://whatnow.com/philadelphia/restaurants/cloud-cakes-are-coming-tous-les-jours-heads-to-northern-liberties/,2026-07-16
2026-07-16,Cooper's Hawk Winery & Restaurant Eyes The Arboretum for Charlotte Expansion,"3029 Pineville-Matthews Rd, Charlotte, NC 28277, USA",https://whatnow.com/charlotte/restaurants/coopers-hawk-winery-restaurant-eyes-the-arboretum-for-charlotte-expansion/,2026-07-16
2026-07-16,Slow Coffee Brewing Up Second South Shore Location in Hingham,"106 North St, Hingham, MA 02043",https://whatnow.com/boston/restaurants/slow-coffee-brewing-up-second-south-shore-location-in-hingham/,2026-07-17
2026-07-16,Smalls Sliders Is Coming to North Richland Hills,"6051 Precinct Line Rd, North Richland Hills, TX 76180, USA",https://whatnow.com/dallas/restaurants/smalls-sliders-is-coming-to-north-richland-hills/,2026-07-17
2026-07-16,Dirty Couch Brewing Relocating to Ballard Brewery District,"1110 NW 50th St, Seattle, WA 98107",https://whatnow.com/seattle/restaurants/dirty-couch-brewing-relocating-to-ballard-brewery-district/,2026-07-17
2026-07-16,Kokoro Tokyo Mazesoba is Set to Debut in The Collective,"3900 Paradise Rd, Las Vegas, NV 89169",https://whatnow.com/las-vegas/restaurants/kokoro-tokyo-mazesoba-is-set-to-debut-in-the-collective/,2026-07-17
2026-07-16,Small Wine Bar Planned for Dimes Square,"135 Division St, New York, NY 10002",https://whatnow.com/new-york/restaurants/natural-wine-bar-planned-for-dimes-square/,2026-07-16
2026-07-16,TOUS les JOURS Expanding with Third Central Ohio Bakery in Powell,"10726 Sawmill Pkwy #102, Powell, OH 43065, USA",https://whatnow.com/columbus/restaurants/tous-les-jours-expanding-with-third-central-ohio-bakery-in-powell/,2026-07-16
2026-07-16,Prime Waterfront Restaurant in Orange County to Close After 54 Years,"34699 Golden Lantern, Dana Point, CA 92629",https://whatnow.com/orange-county/restaurants/prime-waterfront-restaurant-in-orange-county-to-close-after-54-years/,2026-07-16
2026-07-16,Divo Diva Cafe Expanding to Little Italy,"750 W Fir St, San Diego, CA 92101",https://whatnow.com/san-diego/restaurants/divo-diva-cafe-expanding-to-little-italy/,2026-07-16
2026-07-16,World-Famous Dumpling Chain Din Tai Fung Planning to Open First Massachusetts Restaurant in Boston,"888 Boylston St, Boston, MA 02199",https://whatnow.com/boston/restaurants/world-famous-dumpling-chain-din-tai-fung-planning-to-open-first-massachusetts-restaurant-in-boston/,2026-07-17
2026-07-15,Beloved Fort Worth Tex-Mex Chain Is Saying Goodbye to Hurst,"1224 Precinct Line Rd, Hurst, TX 76054",https://whatnow.com/dallas/restaurants/beloved-fort-worth-tex-mex-chain-is-saying-goodbye-to-hurst/,2026-07-15
2026-07-15,Tim Hortons Adds Another Leander Location to Its Growing Central Texas Footprint,"15513 Ronald Reagan Blvd, Leander, TX 78641, USA",https://whatnow.com/austin/restaurants/tim-hortons-adds-another-leander-location-to-its-growing-central-texas-footprint/,2026-07-16
2026-07-15,Harlem Shake Bringing Award-Winning Burgers and Shakes to Philadelphia,"1330 Walnut St., Philadelphia, PA 19107",https://whatnow.com/philadelphia/restaurants/harlem-shake-bringing-award-winning-burgers-and-shakes-to-philadelphia/,2026-07-15
2026-07-15,Grill Nine Working on a Second Henderson Location,,https://whatnow.com/las-vegas/restaurants/grill-nine-working-on-a-second-henderson-location/,2026-07-15
2026-07-15,"Shook Shakery, New Milkshake Chain, to Debut in the Las Vegas Valley","3360 St Rose Pkwy, Henderson, NV 89052",https://whatnow.com/las-vegas/restaurants/shook-shakery-new-milkshake-chain-to-debut-in-the-las-vegas-valley/,2026-07-15
2026-07-15,"Three Years After The Purple Place Closed, Someone Is Finally Bringing Life Back to Green Valley Road","363 Green Valley Rd, El Dorado Hills, CA 95762",https://whatnow.com/sacramento/restaurants/three-years-after-the-purple-place-closed-someone-is-finally-bringing-life-back-to-green-valley-road/,2026-07-15
2026-07-15,Former East Walpole Restaurant to Reopen as 204 Washington Tavern,"204 Washington St, East Walpole, MA 02032",https://whatnow.com/boston/restaurants/former-east-walpole-restaurant-to-reopen-as-204-washington-tavern/,2026-07-16
2026-07-15,Astoria Cafe and Bakery Owner Seeking Brick-and-Mortar in Geneva,,https://whatnow.com/chicago/restaurants/astoria-cafe-and-bakery-owner-seeking-brick-and-mortar-in-geneva/,2026-07-15
2026-07-15,New Restaurant and Bar Planned for Former Clarke's at Faneuil Hall Space,"21 Merchants Row, Boston, MA 02109",https://whatnow.com/boston/restaurants/new-restaurant-and-bar-planned-for-former-clarkes-at-faneuil-hall-space/,2026-07-16
2026-07-15,San Diego Wine-Focused Restaurant to Close After a Brief Run,"1440 University Ave, San Diego, CA 92103",https://whatnow.com/san-diego/restaurants/san-diego-wine-focused-restaurant-to-close-after-a-brief-run/,2026-07-15
2026-07-15,A Sacramento Coffee Obsessive Bought Two Cafés and Plans to Make Them Better,,https://whatnow.com/sacramento/restaurants/a-sacramento-coffee-obsessive-bought-two-cafes-and-plans-to-make-them-better/,2026-07-15
2026-07-15,Snarf's Sandwiches Coming to Dallas' Kessler Park Neighborhood,"2005 Fort Worth Ave, Dallas, TX 75208, USA",https://whatnow.com/dallas/restaurants/snarfs-sandwiches-coming-to-dallas-kessler-park-neighborhood/,2026-07-16
2026-07-15,Campus Burgers Making San Diego Debut in PB,"978 Garnet Ave, San Diego, CA 92109",https://whatnow.com/san-diego/restaurants/campus-burgers-making-san-diego-debut-in-pb/,2026-07-15
2026-07-15,FNF Hot Burger Joining Phipps Plaza This Summer | What Now Atlanta,"3500 Peachtree Rd NE, Atlanta, GA 30326",https://whatnow.com/atlanta/restaurants/fnf-hot-burger-joining-phipps-plaza-this-summer/,2026-07-15
2026-07-15,European-Inspired Patisserie and Cafe Joining Highside Market In Columbus | What Now Atlanta,"211 13th St, Columbus, GA 31901",https://whatnow.com/atlanta/restaurants/european-inspired-patisserie-and-cafe-joining-highside-market-in-columbus/,2026-07-15
2026-07-15,Fiery Crab Seafood Restaurant and Bar Bringing Cajun Seafood Boils to Covington,"2103 Pinnacle Pkwy, Covington, LA 70433",https://whatnow.com/new-orleans/restaurants/fiery-crab-seafood-restaurant-and-bar-bringing-cajun-seafood-boils-to-covington/,2026-07-16
2026-07-15,"Pub International Grows With 4,000-Square-Foot Expansion","3218 Waccamaw Blvd., Myrtle Beach, SC 29579",https://whatnow.com/charleston/restaurants/pub-international-grows-with-4000-square-foot-expansion/,2026-07-15
2026-07-15,La Casita Bakeshop Will Relocate to a Bigger Space in Downtown Rowlett,"3522 Main St, Rowlett, TX 75088, USA",https://whatnow.com/dallas/restaurants/la-casita-bakeshop-will-relocate-to-a-bigger-space-in-downtown-rowlett/,2026-07-15
2026-07-15,Rising Rent Is Forcing a Beloved South Austin Winery to Shut Its Doors,"415 E St Elmo Rd, Austin, TX 78745",https://whatnow.com/austin/restaurants/rising-rent-is-forcing-a-beloved-south-austin-winery-to-shut-its-doors/,2026-07-15
2026-07-15,One of NYC's Most Popular Bakeries Opens Third Location in Nolita,"370 Broome St, New York, NY 10013, United States",https://whatnow.com/new-york/restaurants/one-of-nycs-most-popular-bakeries-opens-third-location-in-nolita/,2026-07-15
2026-07-15,The Bagelry Expanding to Montgomery With Third Cincinnati-Area Location,"11013 Montgomery Rd, Cincinnati, OH 45249",https://whatnow.com/columbus/restaurants/the-bagelry-expanding-to-montgomery-with-third-cincinnati-area-location/,2026-07-15
2026-07-15,Nearly 10-Year-Old Grilled Cheese Restaurant Closing Its Naperville Location,"24 W Jefferson Ave, Naperville, IL 60540",https://whatnow.com/chicago/restaurants/nearly-10-year-old-grilled-cheese-restaurant-closing-its-naperville-location/,2026-07-15
2026-07-15,James Beard Semifinalist Mediterranean Restaurant in Boston’s Seaport Is Closing July 18,"21 Drydock Ave, Boston, MA 02210",https://whatnow.com/boston/restaurants/james-beard-semifinalist-mediterranean-restaurant-in-bostons-seaport-is-closing-july-18/,2026-07-15
2026-07-15,Coney Concept to Serve Ball Park Franks with Chili on Kalamazoo’s West Side,"3621 Stadium Dr, Kalamazoo, MI 49008",https://whatnow.com/detroit/restaurants/coney-concept-to-serve-ball-park-franks-with-chili-on-kalamazoos-west-side/,2026-07-15
2026-07-15,Walt & Ricky’s Seafood Kitchen to Energize Downtown Memphis,"1 Doctor M.L.K. Jr Ave, Memphis, TN 38103",https://whatnow.com/memphis/restaurants/walt-rickys-seafood-kitchen-to-energize-downtown-memphis/,2026-07-16
2026-07-15,"Acropolis of Mandeville Rebrands as Compagno's, Reviving Family Legacy Dating Back to 1929","1600 W Causeway Approach, Mandeville, LA 70471",https://whatnow.com/new-orleans/restaurants/acropolis-of-mandeville-rebrands-as-compagnos-reviving-family-legacy-dating-back-to-1929/,2026-07-16
2026-07-15,Qisa Coffee Is Opening Their Second Location and They're Coming To Natomas,"2121 Natomas Crossing Dr, Sacramento, CA 95834",https://whatnow.com/sacramento/restaurants/qisa-coffee-is-opening-their-second-location-and-theyre-coming-to-natomas/,2026-07-16
2026-07-15,Colectivo Coffee to Debut New Roscoe Village Cafe This Year,"2032 W Roscoe St, Chicago, IL 60618",https://whatnow.com/chicago/restaurants/colectivo-coffee-to-debut-new-roscoe-village-cafe-this-year/,2026-07-15
2026-07-15,Historic Denver Building Set for New Chapter as Boutique Hotel and Dining Destination,"2100 Larimer St, Denver, CO 80205",https://whatnow.com/denver/restaurants/historic-denver-building-set-for-new-chapter-as-boutique-hotel-and-dining-destination/,2026-07-16
2026-07-14,Phoenix Taco Restaurant Closing Location as New Sonoran-Inspired Concept Takes Over,"5202 N Central Ave, Phoenix, AZ 85012",https://whatnow.com/phoenix/restaurants/phoenix-taco-restaurant-closing-location-as-new-sonoran-inspired-concept-takes-over/,2026-07-14
2026-07-14,Pali Wine Co. Relocating Tasting Room to Hillcrest,"1440 University Ave, San Diego, CA 92103",https://whatnow.com/san-diego/restaurants/pali-wine-co-relocating-tasting-room-to-hillcrest/,2026-07-15
2026-07-14,Little Scoops to Bring Old-Fashioned Ice Cream Shop to North Scottsdale,"8700 E Pinnacle Peak Rd Ste 106, Scottsdale, AZ 85255",https://whatnow.com/phoenix/restaurants/little-scoops-to-bring-old-fashioned-ice-cream-shop-to-north-scottsdale/,2026-07-14
2026-07-14,Salady Bringing Korean-Born Salad Concept to Parker,"9700 S Parker Rd, Parker, CO 80138",https://whatnow.com/denver/restaurants/salady-bringing-korean-born-salad-concept-to-parker/,2026-07-15
2026-07-14,Totally Awesome Bar Making a ‘Totally Awesome’ Comeback in Savannah,"107B Whitaker St., Savannah, GA 31401",https://whatnow.com/charleston/restaurants/totally-awesome-bar-making-a-totally-awesome-comeback-in-savannah/,2026-07-14
2026-07-14,St. Louis Bar & Grill Planning New Niagara Location,,https://whatnow.com/toronto/restaurants/st-louis-bar-grill-planning-new-niagara-location/,2026-07-15
2026-07-14,Kitchens for Good Planning Public Market Café at New Culinary Impact Center,"2250 Fourth Ave, San Diego, CA 92101",https://whatnow.com/san-diego/restaurants/kitchens-for-good-planning-public-market-cafe-at-new-culinary-impact-center/,2026-07-15
2026-07-14,New York City's Soda Club Opening Second Location in Denver,"1280 25th St, Denver, CO 80205",https://whatnow.com/denver/restaurants/new-york-citys-soda-club-opening-second-location-in-denver/,2026-07-14
2026-07-14,Longtime NYC Brasserie Known for Seafood and Steaks Closes After 30 Years,"890 7th Ave, New York, NY 10019",https://whatnow.com/new-york/restaurants/longtime-nyc-brasserie-known-for-seafood-and-steaks-closes-after-30-years/,2026-07-14
2026-07-14,Scaddabush Italian Kitchen & Bar Expanding to Aurora and Kanata,,https://whatnow.com/toronto/restaurants/scaddabush-italian-kitchen-bar-expanding-to-aurora-and-kanata/,2026-07-15
2026-07-14,Local Seafood Restaurant Closes Its First Storefront and Returns to Mobile Service,"1910 Wells Rd, Orange Park, FL 32073",https://whatnow.com/jacksonville/restaurants/local-seafood-restaurant-closes-its-first-storefront-and-returns-to-mobile-service/,2026-07-14
2026-07-14,Hawaiian Fast-Casual Restaurant Opening First Texas Location in Plano,"8724 Preston Rd, Plano, TX 75024, United States",https://whatnow.com/dallas/restaurants/hawaiian-fast-casual-restaurant-opening-first-texas-location-in-plano/,2026-07-14
2026-07-14,Yard House Slated To Join Janss Marketplace In Thousand Oaks | What Now Los Angeles,"145 W Hillcrest Dr, Thousand Oaks, CA 91360",https://whatnow.com/los-angeles/restaurants/yard-house-slated-to-join-janss-marketplace-in-thousand-oaks/,2026-07-15
2026-07-14,Cafe with Cat Room and Adoption Opportunities Coming to Naperville’s Block 59,,https://whatnow.com/chicago/restaurants/cafe-with-cat-room-and-adoption-opportunities-coming-to-napervilles-block-59/,2026-07-14
2026-07-14,Major Bakery Manufacturer Relocating Innovation Center to Uptown Atlanta Facility,"575 Main St NE, Atlanta, GA 30324",https://whatnow.com/atlanta/restaurants/major-bakery-manufacturer-relocating-innovation-center-to-uptown-atlanta-facility/,2026-07-14
2026-07-14,Biscuit Bitch Plans New Belltown Location,"2020 2nd Ave, Seattle, WA 98121",https://whatnow.com/seattle/restaurants/biscuit-bitch-plans-new-belltown-location/,2026-07-15
2026-07-14,Clubhouse 56 Is Taking Over the Restaurant at WildHawk Golf Club in South Sacramento,"7713 Vineyard Rd, Sacramento, CA 95829, USA",https://whatnow.com/sacramento/restaurants/clubhouse-56-is-taking-over-the-restaurant-at-wildhawk-golf-club-in-south-sacramento/,2026-07-15
2026-07-14,James Beard Award-Winning Ice Cream Founder Bringing First Shop to San Antonio,"15900 La Cantera Pkwy Ste 7751, San Antonio, TX 78256, United States",https://whatnow.com/san-antonio/restaurants/james-beard-award-winning-ice-cream-founder-bringing-first-shop-to-san-antonio/,2026-07-14
2026-07-14,Big Sharks Fish and Chicken to Open in Bellmead,"900 Victoria St, Bellmead, TX 76705, USA",https://whatnow.com/austin/restaurants/big-sharks-fish-and-chicken-to-open-in-bellmead/,2026-07-15
2026-07-14,Chef Mark Bolchoz Bringing New Concept to North Charleston,"1262 Remount Rd., North Charleston, SC 29406",https://whatnow.com/charleston/restaurants/chef-mark-bolchoz-bringing-new-concept-to-north-charleston/,2026-07-14
2026-07-14,Downtown West Palm Beach Restaurant Known for 10 oz Burgers to Close,"213 Clematis St, West Palm Beach, FL 33401, United States",https://whatnow.com/miami/restaurants/downtown-west-palm-beach-restaurant-known-for-10-oz-burgers-to-close/,2026-07-14
2026-07-14,Slice House by Tony Gemignani Planning Camarillo Location | What Now Los Angeles,"2390 Las Posas Rd, Camarillo, CA 93010",https://whatnow.com/los-angeles/restaurants/slice-house-by-tony-gemignani-planning-camarillo-location/,2026-07-14
2026-07-14,A Nashville Hot Chicken Chain With 40+ Locations Is Making Its Rocklin Debut,"6741 Stanford Ranch Rd. Rocklin, CA 95677",https://whatnow.com/sacramento/restaurants/a-nashville-hot-chicken-chain-with-40-locations-is-making-its-rocklin-debut/,2026-07-14
2026-07-14,Montecito-Based Steakhouse Aiming To Expand To Beverly Hills | What Now Los Angeles,"9960 S Santa Monica Blvd, Beverly Hills, CA 90212",https://whatnow.com/los-angeles/restaurants/montecito-based-steakhouse-aiming-to-expand-to-beverly-hills/,2026-07-14
2026-07-14,Pho Prime to Open at the Stomping Grounds in Garden Oaks,"1223 W 34th St, Houston, TX 77018",https://whatnow.com/houston/restaurants/pho-prime-to-open-at-the-stomping-grounds-in-garden-oaks/,2026-07-15
2026-07-14,"Char, a New Dining Experience from Mamba Hospitality Group, to Open Alongside Ocean Palace","11215 Bellaire Blvd, Houston, TX 77072",https://whatnow.com/houston/restaurants/char-a-new-dining-experience-from-mamba-hospitality-group-to-open-alongside-ocean-palace/,2026-07-15
2026-07-14,Hungry Habibi Expanding with Third Location Planned for Shelby Township,"53169 Hayes Rd, Shelby Township, MI 48315",https://whatnow.com/detroit/restaurants/hungry-habibi-expanding-with-third-location-planned-for-shelby-township/,2026-07-14
2026-07-14,Grazia Craft Kitchen & Cocktails Bringing Scratch-Made Italian Cuisine to Fort Collins,"160 W Mountain Ave, Fort Collins, CO 80524",https://whatnow.com/denver/restaurants/grazia-craft-kitchen-cocktails-bringing-scratch-made-italian-cuisine-to-fort-collins/,2026-07-15
2026-07-14,ALMA Southwest Scottsdale Set to Reopen This Fall,"8700 E Pinnacle Peak Rd, Scottsdale, AZ 85255",https://whatnow.com/phoenix/restaurants/alma-scottsdale-set-to-reopen-this-fall/,2026-07-14
2026-07-13,Houston Tex-Mex Restaurant Closing After 50 Years Amid Rising Rent,"5305 Antoine Dr, Houston, TX 77091, United States",https://whatnow.com/houston/restaurants/houston-tex-mex-restaurant-closing-after-50-years-amid-rising-rent/,2026-07-13
2026-07-13,California Health-Focused Restaurant Chain Opening in Walnut Creek with Week of Freebies,"1105 S California Blvd, Walnut Creek, CA 94596, United States",https://whatnow.com/san-francisco/restaurants/california-health-focused-restaurant-chain-opening-in-walnut-creek-with-week-of-freebies/,2026-07-13
2026-07-13,Avondale Estates Bakery to Close This Month After Three Years,"6 Olive St Ste 115 B, Avondale Estates, GA 30002",https://whatnow.com/atlanta/restaurants/avondale-estates-bakery-to-close-this-month-after-three-years/,2026-07-13
2026-07-13,Campus Burgers Working on New San Diego Location,"4204 Rolando Blvd, San Diego, CA 92115",https://whatnow.com/san-diego/restaurants/campus-burgers-planning-first-southern-california-location-in-san-diego/,2026-07-14
2026-07-13,"Sushi Sakana Expands to Prosper, Bringing Family-Friendly Sushi to One of DFW's Fastest-Growing Suburbs",,https://whatnow.com/dallas/restaurants/sushi-sakana-expands-to-prosper-bringing-family-friendly-sushi-to-one-of-dfws-fastest-growing-suburbs/,2026-07-14
2026-07-13,Sana’a Cafe Planning New Openings In Los Angeles Market | What Now Los Angeles,"1302 Pico Blvd, Santa Monica, CA 90405",https://whatnow.com/los-angeles/restaurants/sanaa-cafe-planning-new-openings-in-los-angeles-market/,2026-07-13
2026-07-13,Dos Carnales Eyes Relocation to Harry Hines Boulevard,"10830 Harry Hines Blvd #150, Dallas, TX 75220, USA",https://whatnow.com/dallas/restaurants/dos-carnales-could-plan-to-relocate-on-harry-hines-boulevard/,2026-07-14
2026-07-13,Pop Mart Opening Dolphin Mall Shop,"11401 NW 12th St, Miami, FL 33172",https://whatnow.com/miami/retail/pop-mart-opening-dolphin-mall-shop/,2026-07-14
2026-07-13,Firehouse Subs Plans New Location in Killeen,"4300 Clear Creek Rd, Killeen, TX 76549, USA",https://whatnow.com/austin/restaurants/firehouse-subs-plans-new-location-in-killeen/,2026-07-14
2026-07-13,Fizz N Sip Is Opening a Second Location In Milwaukie,"10909 SE Main St, Milwaukie, OR 97222, USA",https://whatnow.com/portland/restaurants/fizz-n-sip-is-opening-a-second-location-in-milwaukie/,2026-07-14
2026-07-13,South Florida Coffee Brand Expands with First Franchise Location in Boynton Beach,"6651 Woolbright Rd #132, Boynton Beach, FL 33437, United States",https://whatnow.com/miami/restaurants/south-florida-coffee-brand-expands-with-first-franchise-location-in-boynton-beach/,2026-07-13
2026-07-13,Longtime Hollywood Taco Stand Closes After 34 Years Following Property Sale,"950 Vine St, Los Angeles, CA 90038",https://whatnow.com/los-angeles/restaurants/longtime-hollywood-taco-stand-closes-after-34-years-following-property-sale/,2026-07-13
2026-07-13,Jin's Korean BBQ to Open a Third Las Vegas Valley Location,,https://whatnow.com/las-vegas/restaurants/jins-korean-bbq-to-open-a-third-las-vegas-valley-location/,2026-07-14
2026-07-13,Here Are 7 Upcoming Atlanta Restaurants Revealed Last Week (July 6-10),,https://whatnow.com/atlanta/restaurants/here-are-7-upcoming-atlanta-restaurants-revealed-last-week-july-6-10/,2026-07-13
2026-07-13,La Mesa Vegan Restaurant Announces Closure as Shopping Center Undergoes Redevelopment,"5500 Grossmont Center Dr, La Mesa, CA 91942",https://whatnow.com/san-diego/restaurants/la-mesa-vegan-restaurant-announces-closure-as-shopping-center-undergoes-redevelopment/,2026-07-13
2026-07-13,San Diego Brazilian Steakhouse Reopens Nearly Two Years After Fire Forced Closure,"939 Fourth Ave, San Diego, CA 92101",https://whatnow.com/san-diego/restaurants/san-diego-brazilian-steakhouse-reopens-nearly-two-years-after-fire-forced-closure/,2026-07-13
2026-07-13,I Scream Gelato Plans To Bring Its Italian-Style Treats to Round Rock,"2800 E Palm Valley Blvd, Round Rock, TX 78665, USA",https://whatnow.com/austin/restaurants/i-scream-gelato-plans-to-bring-its-italian-style-treats-to-round-rock/,2026-07-14
2026-07-13,"Jim and Patty's Coffee Is Closing, But the Story Isn't Over Yet","4951 NE Fremont St, Portland, OR 97213, USA",https://whatnow.com/portland/restaurants/jim-and-pattys-coffee-is-closing-but-the-story-isnt-over-yet/,2026-07-14
2026-07-13,Pura Vida Miami Continues South Florida Expansion With New Kendall Location At Palms At Town And Country | What Now Miami,"8525 Mills Dr, Kendall, FL 33183",https://whatnow.com/miami/restaurants/pura-vida-miami-continues-south-florida-expansion-with-new-kendall-location-at-palms-at-town-and-country/,2026-07-13
2026-07-13,"Washington Restaurant Closes After 19 Years, Citing Ongoing Financial Challenges","17535 Ballinger Way NE, Lake Forest Park, WA 98155",https://whatnow.com/seattle/restaurants/washington-restaurant-closes-after-19-years-citing-ongoing-financial-challenges/,2026-07-13
2026-07-13,A Los Angeles Pizza Veteran Is Opening a New Pizzeria This October,"10933 SE Main St, Milwaukie, OR 97222, USA",https://whatnow.com/portland/restaurants/a-los-angeles-pizza-veteran-is-opening-a-new-pizzeria-this-october/,2026-07-14
2026-07-13,Family Building New Irish Pub and Restaurant on South Side of Kalamazoo,"3003 Oakland Dr, Kalamazoo, MI 49008",https://whatnow.com/detroit/restaurants/family-building-new-irish-pub-and-restaurant-on-south-side-of-kalamazoo/,2026-07-13
2026-07-13,Yama Sushi Expanding Footprint In San Gabriel Valley | What Now Los Angeles,"911 W Las Tunas Dr, San Gabriel, CA 91776",https://whatnow.com/los-angeles/restaurants/yama-sushi-expanding-footprint-in-san-gabriel-valley/,2026-07-13
2026-07-13,A New Nightclub Is Coming to East Stockton This November,"1864 E Mariposa Rd, Stockton, CA 95205, USA",https://whatnow.com/sacramento/restaurants/a-new-nightclub-is-coming-to-east-stockton-this-november/,2026-07-14
2026-07-13,Call Your Mother to Open Third Philadelphia Location at Jessup House,"1134 Sansom St., Philadelphia, PA 19107",https://whatnow.com/philadelphia/restaurants/call-your-mother-to-open-third-philadelphia-location-at-jessup-house/,2026-07-13
2026-07-13,Dollar Tree is Opening a New Coral Springs Location,"10151 W Sample Rd, Coral Springs, FL 33065",https://whatnow.com/miami/retail/dollar-tree-is-opening-a-new-coral-springs-location/,2026-07-14
2026-07-13,"Seamus’ Irish Pub Bringing Guinness, Live Music to Summerville","139 Central Ave., Summerville, SC 29483",https://whatnow.com/charleston/restaurants/seamus-irish-pub-bringing-guinness-live-music-to-summerville/,2026-07-13
2026-07-13,Florida-Based Adega Gaucha Brazilian Steakhouse Planning Entry Into Georgia | What Now Atlanta,"1224 Hammond Dr, Dunwoody, GA 30346",https://whatnow.com/atlanta/restaurants/florida-based-adega-gaucha-brazilian-steakhouse-planning-entry-into-georgia/,2026-07-13
2026-07-12,Terra Gaucha Brazilian Steakhouse Eyes The Gulch With Proposed Nashville Location,"1212 McGavock St, Nashville, TN 37203, USA",https://whatnow.com/nashville/restaurants/terra-gaucha-brazilian-steakhouse-eyes-the-gulch-with-proposed-nashville-location/,2026-07-12
2026-07-12,Harding House Brewing Expands to L&L Market,"410 39th Ave N, Nashville, TN 37209, USA",https://whatnow.com/nashville/restaurants/harding-house-brewing-expands-to-ll-market/,2026-07-12
2026-07-12,Lloyd's Full Service Set to Open in Downtown Cary,"107 E Chatham St, Cary, NC 27511, USA",https://whatnow.com/charlotte/restaurants/lloyds-full-service-set-to-open-in-downtown-cary/,2026-07-12
2026-07-12,Sweet Fizz Bubbling into Hernando,"2362 McIngvale Rd, Hernando, MS 38632",https://whatnow.com/memphis/restaurants/sweet-fizz-bubbling-into-hernando/,2026-07-12
2026-07-12,"Reston, Say “Goodbye” to Mod and “Hello” to Andy’s","11642 Plaza America Dr, Reston, VA 20190",https://whatnow.com/washington-dc/restaurants/reston-say-goodbye-to-mod-and-hello-to-andys/,2026-07-13
2026-07-12,Long Awaited Pizza Restaurant Nears Olive Branch Opening,"9170 Hacks Cross Rd, Olive Branch, MS 38654",https://whatnow.com/memphis/restaurants/long-awaited-pizza-restaurant-nears-olive-branch-opening/,2026-07-13
2026-07-12,Tokyo-Based Tonchin Preparing First Columbus Location in the Short North,"965 N High St, Columbus, OH 43201, USA",https://whatnow.com/columbus/restaurants/tokyo-based-tonchin-preparing-first-columbus-location-in-the-short-north/,2026-07-12
2026-07-12,New Dining Frontier on the Horizon for the Line DC Hotel,"1770 Euclid St NW, Washington, DC 20009",https://whatnow.com/washington-dc/restaurants/new-dining-frontier-on-the-horizon-for-the-line-dc-hotel/,2026-07-12
2026-07-12,Noko Yaki Eyes Summer Opening in Former Tin Angel Space on West End,"3201 West End Ave, Nashville, TN 37203, USA",https://whatnow.com/nashville/restaurants/noko-yaki-eyes-summer-opening-in-former-tin-angel-space-on-west-end/,2026-07-12
2026-07-12,Da Trap Kitchen Files For New Location,"1709 E Holmes Rd, Memphis, TN 38116",https://whatnow.com/memphis/restaurants/da-trap-kitchen-files-for-new-location/,2026-07-13
2026-07-12,Alma Viva Coffee Brewing a Colombian-Inspired Café Experience in Nashville,"130 19th Ave N, Nashville, TN 37203, USA",https://whatnow.com/nashville/restaurants/alma-viva-coffee-brewing-a-colombian-inspired-cafe-experience-in-nashville/,2026-07-12
2026-07-12,The Belly of the Whale Poised for Cotswold Debut,"4422 Colwick Rd, Charlotte, NC 28211, USA",https://whatnow.com/charlotte/restaurants/the-belly-of-the-whale-poised-for-cotswold-debut/,2026-07-12
2026-07-12,Dave and Buster’s Working Towards Mississippi Debut,,https://whatnow.com/memphis/restaurants/dave-and-busters-working-towards-mississippi-debut/,2026-07-12
2026-07-10,Julie-Anns Opening in Palatka,"510 W Towles Ave, Palatka, FL 32177",https://whatnow.com/jacksonville/restaurants/julie-anns-opening-in-palatka/,2026-07-10
2026-07-10,Compton's Coffee Receives Grant to Open in San Francisco's Castro,"Parking lot, 359 Grant Ave, San Francisco, CA 94108",https://whatnow.com/san-francisco/restaurants/comptons-coffee-receives-grant-to-open-in-san-franciscos-castro/,2026-07-11
2026-07-10,Fieldwork Brewing Co. Takes Over Former Social Club Space,"563 Ruger St, San Francisco, CA 94129",https://whatnow.com/san-francisco/restaurants/fieldwork-brewing-co-takes-over-former-social-club-space/,2026-07-11
2026-07-10,Rec Room Planning New Entertainment Venue in Snoqualmie,"7727 Center Blvd SE, Snoqualmie, WA 98065",https://whatnow.com/seattle/restaurants/rec-room-planning-new-entertainment-venue-in-snoqualmie/,2026-07-10
2026-07-10,Lateen Cafe Plans Location in Fremont,"1980 Driscoll Rd, Fremont, CA 94539",https://whatnow.com/san-francisco/restaurants/lateen-cafe-plans-location-in-fremont/,2026-07-11
2026-07-10,Tim Hortons Planned for Former Starbucks Space on Blanco Road,"18154 Blanco Rd, San Antonio, TX 78232, USA",https://whatnow.com/san-antonio/restaurants/tim-hortons-planned-for-former-starbucks-space-on-blanco-road/,2026-07-11
2026-07-10,"Thai Marche, Hot New Concept, Set to Hit the Las Vegas Valley","809 N Main St, Las Vegas, NV 89101",https://whatnow.com/las-vegas/restaurants/thai-marche-hot-new-concept-set-to-hit-the-las-vegas-valley/,2026-07-10
2026-07-10,Cello's Cheesesteaks Working Toward First Permanent Restaurant,,https://whatnow.com/toronto/restaurants/cellos-cheesesteaks-working-toward-first-permanent-restaurant/,2026-07-11
2026-07-10,Weekend Craft Founder Bringing New Craft Café to Norwood's Winsmith Mill Market,"61 Endicott St, Norwood, MA 02061",https://whatnow.com/boston/retail/weekend-craft-founder-bringing-new-craft-cafe-to-norwoods-winsmith-mill-market/,2026-07-11
2026-07-10,Josephine's Restaurant and Lounge to Open on Homestead Road,"11110 Homestead Rd, Houston, TX 77016",https://whatnow.com/houston/restaurants/josephines-restaurant-and-lounge-to-open-on-homestead-road/,2026-07-11
2026-07-10,New Donut and Coffee Shop Rise & Glaze Coming to Scotlandville,"8235 Scenic Hwy, Baton Rouge, LA 70807",https://whatnow.com/new-orleans/restaurants/new-donut-and-coffee-shop-rise-glaze-coming-to-scotlandville/,2026-07-10
2026-07-10,Saint Honore is Working on a Third Location,"3071 S Rancho Dr, Las Vegas, NV 89102",https://whatnow.com/las-vegas/restaurants/saint-honore-is-working-on-a-third-location/,2026-07-10
2026-07-10,Beloved Jamaican Chain Juici Patties Bringing Savory Pastries to Roxbury,"16 Taber St, Unit 1R, Roxbury, MA 02119",https://whatnow.com/boston/restaurants/beloved-jamaican-chain-juici-patties-bringing-savory-pastries-to-roxbury/,2026-07-10
2026-07-10,Juici Patties Announces Two More Massachusetts Locations in Everett and Brockton,,https://whatnow.com/boston/restaurants/juici-patties-announces-two-more-massachusetts-locations-in-everett-and-brockton/,2026-07-10
2026-07-10,Sabor y Ole' Planned for Historic Downtown Orange,"109 S Glassell St, Orange, CA 92866",https://whatnow.com/orange-county/restaurants/sabor-y-ole-planned-for-historic-downtown-orange/,2026-07-11
2026-07-10,Gioia Hospitality Group Planning New Waterfront Restaurant,"560 NE 34th St, Miami, FL 33137",https://whatnow.com/miami/restaurants/gioia-hospitality-group-planning-new-waterfront-restaurant/,2026-07-11
2026-07-10,"The Brave Burger Opens in Oviedo, Headed to Avalon Park Next","3801 Avalon Park E Blvd Ste. 100, Orlando, FL 32828",https://whatnow.com/orlando/restaurants/the-brave-burger-opens-in-oviedo-headed-to-avalon-park-next/,2026-07-11
2026-07-10,Carrot Express Opening a Second Brickell Location,"1057 Brickell Plaza, Miami, FL 33131",https://whatnow.com/uncategorized/restaurants/carrot-express-opening-a-second-brickell-location/,2026-07-10
2026-07-10,Hopdoddy Burger Bar is Under New Management,,https://whatnow.com/houston/restaurants/hopdoddy-burger-bar-is-under-new-management/,2026-07-10
2026-07-10,Southeast Asian Cocktail Bar Coming to the East Village,"Avalon Bowery Place, 13 E 1st St, New York, NY 10003",https://whatnow.com/new-york/restaurants/southeast-asian-cocktail-bar-coming-to-the-east-village/,2026-07-10
2026-07-10,The Brookline Bakery Behind 35 Years of Birthdays and Weddings Is Closing,"1356 Beacon St, Brookline, MA 02446, United States",https://whatnow.com/boston/restaurants/the-brookline-bakery-behind-35-years-of-birthdays-and-weddings-is-closing/,2026-07-10
2026-07-10,Piada Italian Street Food Plans New Location in Rowlett,"2700 Lakeview Pkwy, Rowlett #100, TX 75088, USA",https://whatnow.com/dallas/restaurants/piada-italian-street-food-plans-new-location-in-rowlett/,2026-07-10
2026-07-10,A New Tequila and Mezcal Bar Has Arrived in Humboldt Park,"819 N California Ave, Chicago, IL 60622, United States",https://whatnow.com/chicago/restaurants/a-new-tequila-and-mezcal-bar-has-arrived-in-humboldt-park/,2026-07-10
2026-07-10,Long Island Cafe to Bring Breakfast and Lunch Options to Marshall,,https://whatnow.com/detroit/restaurants/long-island-cafe-to-bring-breakfast-and-lunch-options-to-marshall/,2026-07-10
2026-07-10,Anchorhead Coffee Opening Fourth Seattle Cafe,"4233 SW Alaska St, Seattle, WA 98116",https://whatnow.com/seattle/restaurants/anchorhead-coffee-opening-fourth-seattle-cafe/,2026-07-10
2026-07-10,Chef Rochelle Daniel Opening Two New Flagstaff Concepts,"101 N Leroux St, Flagstaff, AZ 86001, USA",https://whatnow.com/phoenix/restaurants/chef-rochelle-daniel-opening-two-new-flagstaff-concepts/,2026-07-10
2026-07-10,Post Oak Barbecue Bringing Texas-Style Flavors to Second Denver Location,"1737 E Evans Ave, Denver, CO 80210",https://whatnow.com/denver/restaurants/post-oak-barbecue-bringing-texas-style-flavors-to-second-denver-location/,2026-07-10
2026-07-10,Agora Expanding to Yorkville with Back Patio,,https://whatnow.com/toronto/restaurants/agora-expanding-to-yorkville-with-back-patio/,2026-07-11
2026-07-10,Golden Triangle Celebration Bakery to Close August 29 After Decades in Business,"1160 Speer Blvd, Denver, CO 80204",https://whatnow.com/denver/restaurants/golden-triangle-celebration-bakery-to-close-august-29-after-decades-in-business/,2026-07-10
2026-07-10,European Street Cafe Headed to Riverfront Plaza Before Year’s End,"2 W Independent Dr, Jacksonville, FL 32202",https://whatnow.com/jacksonville/restaurants/european-street-cafe-headed-to-riverfront-plaza-before-years-end/,2026-07-11
2026-07-10,Jackie's Desert Rose Preparing to Welcome Guests in San Antonio,"519 E Josephine St, San Antonio, TX 78215, USA",https://whatnow.com/san-antonio/restaurants/jackies-desert-rose-preparing-to-welcome-guests-in-san-antonio/,2026-07-11
2026-07-10,Lina's Bakery & Café to Join North Raleigh Dining Scene This August,"Raleigh, NC, USA",https://whatnow.com/charlotte/restaurants/linas-bakery-cafe-to-join-north-raleigh-dining-scene-this-august/,2026-07-10
2026-07-10,Pollyanna Brewing Owner to Bring Alarmist Brewery Space Back to Life,"4055 W Peterson Ave Ste Rear, Chicago, IL 60646",https://whatnow.com/chicago/restaurants/pollyanna-brewing-owner-to-bring-back-alarmist-brewery-space-back-to-life/,2026-07-10
2026-07-10,Gioia Hospitality Group Planning New Waterfront Restaurant,"560 NE 34th St, Miami, FL 33137",https://whatnow.com/uncategorized/restaurants/gioia-hospitality-group-planning-new-waterfront-restaurant/,2026-07-10
2026-07-10,Full-Service Restaurant and Bar Planned for Upcoming The Factory Hotel,"230 Franklin Road Franklin, TN 37064",https://whatnow.com/nashville/restaurants/full-service-restaurant-and-bar-planned-for-upcoming-the-factory-hotel/,2026-07-11
2026-07-10,Battleground Butcher Bar Eyes Late Summer Debut in Greensboro,"1013 Battleground Ave, Greensboro, NC 27408, USA",https://whatnow.com/charlotte/restaurants/battleground-butcher-bar-eyes-late-summer-debut-in-greensboro/,2026-07-10
2026-07-10,Beloved Uptown Houston Italian Eatery Shuts Down Suddenly,"1800 Post Oak Blvd, Houston, TX 77056, USA",https://whatnow.com/houston/restaurants/beloved-uptown-houston-italian-eatery-shuts-down-suddenly/,2026-07-10
2026-07-10,"Moos and Brews Planning Two Locations, Both Opening This Summer | What Now Atlanta",,https://whatnow.com/atlanta/restaurants/moos-and-brews-planning-two-locations-both-opening-this-summer/,2026-07-10
2026-07-10,Royale Pizza Napoletana is Bringing Tokyo-Style Pizza to Miami Beach,"1680 Meridian Ave, Miami Beach, FL 33139",https://whatnow.com/miami/restaurants/royale-pizza-napoletana-is-bringing-tokyo-style-pizza-to-miami-beach/,2026-07-10
2026-07-10,Matcha House to Open in Downtown Phoenix This Summer,,https://whatnow.com/phoenix/restaurants/matcha-house-to-open-in-downtown-phoenix-this-summer/,2026-07-10
2026-07-10,Celebrity Chef Joshua Adam Garcia Opening Davanti Downtown,"410 N Orange Ave, Orlando, FL 32801",https://whatnow.com/orlando/restaurants/celebrity-chef-joshua-adam-garcia-opening-davanti-downtown/,2026-07-11
2026-07-10,Josephine's Restaurant to Open on Homestead Road,"11110 Homestead Rd, Houston, TX 77016",https://whatnow.com/houston/restaurants/josephines-restaurant-to-open-on-homestead-road/,2026-07-14
2026-07-10,Palmetto Superfoods Coming to Brea Mall,"1065 Brea Mall, Brea, CA 92821",https://whatnow.com/uncategorized/restaurants/palmetto-superfoods-coming-to-brea-mall/,2026-07-11
2026-07-10,Shiso is Transforming into Wynwood Event Center,"239 NW 28th St, Miami, FL 33127",https://whatnow.com/miami/restaurants/shiso-is-transforming-into-wynwood-event-center/,2026-07-10
2026-07-10,A Barcelona-Born Tapas and Paella Spot Makes La Jolla Debut,"4545 La Jolla Village Drive, Suite E-25, San Diego, CA 92122",https://whatnow.com/san-diego/restaurants/a-barcelona-born-tapas-and-paella-spot-makes-la-jolla-debut/,2026-07-10
2026-07-10,Corner Pantry Moving Hot Food and Catering Business to New Lafayette Location,"203 Winchester Dr, Lafayette, LA 70506",https://whatnow.com/new-orleans/restaurants/corner-pantry-moving-hot-food-and-catering-business-to-new-lafayette-location/,2026-07-10
2026-07-10,Popular Pop-Up Blackout Burger Is Putting Down Roots in North Charleston,"1813 Reynolds Ave., North Charleston, SC 29405",https://whatnow.com/charleston/restaurants/popular-pop-up-blackout-burger-is-putting-down-roots-in-north-charleston/,2026-07-10
2026-07-10,Flying Heart Brewing & Pub Opening New North Bossier Parish Location,"5440 Airline Dr, Bossier City, LA 71111",https://whatnow.com/new-orleans/restaurants/flying-heart-brewing-pub-opening-new-north-bossier-parish-location/,2026-07-10
2026-07-10,Domino's Pizza to Open in the Shops at Katy Lakes,"24919 FM 529, Katy, TX 77449",https://whatnow.com/houston/restaurants/dominos-pizza-to-open-in-the-shops-at-katy-lakes/,2026-07-10
2026-07-10,Kilwins Plans New Store in the Fort Worth Stockyards Station,"140 E Exchange Ave, Fort Worth #116, TX 76164, USA",https://whatnow.com/dallas/restaurants/kilwins-plans-new-store-in-the-fort-worth-stockyards-station/,2026-07-10
2026-07-10,7 Brew Coffee Plans New Drive-Thru Location in Midland,"5734 UTSA Boulevard #101b, San Antonio, TX 78249, USA",https://whatnow.com/san-antonio/restaurants/7-brew-coffee-plans-new-drive-thru-location-in-midland/,2026-07-11
2026-07-10,The Oberlin Hotel Plans Sixth-Floor Restaurant Wren,"501 Woodburn Rd, Raleigh, NC 27605, USA",https://whatnow.com/charlotte/restaurants/the-oberlin-hotel-plans-sixth-floor-restaurant-wren/,2026-07-10
2026-07-10,The Wharf Plans November Opening in St. Augustine,"135 Avenida Menendez, St. Augustine, FL 32084",https://whatnow.com/jacksonville/restaurants/the-wharf-plans-november-opening-in-st-augustine/,2026-07-11
2026-07-10,Pure Green Planning New Juice Bar Near UTSA in San Antonio,"5734 UTSA Boulevard #101b, San Antonio, TX 78249, USA",https://whatnow.com/san-antonio/restaurants/pure-green-planning-new-juice-bar-near-utsa-in-san-antonio/,2026-07-11
2026-07-10,"Sophisticated, Approachable Cocktail Bar Planned for the Lower East Side","98 Rivington St, New York, NY 10002",https://whatnow.com/new-york/restaurants/sophisticated-approachable-cocktail-bar-planned-for-the-lower-east-side/,2026-07-10
2026-07-10,Opening at Crooked Can’s City Center Market in Minneola: This Little Piggy,"1600 Crooked Can Loop, Minneola, FL 34715",https://whatnow.com/orlando/restaurants/opening-at-crooked-cans-city-center-market-in-minneola-this-little-piggy/,2026-07-11
2026-07-10,Veteran Team Planning All-Day New American Spot in the East Village,"41 St Marks Pl, New York, NY 10003",https://whatnow.com/new-york/restaurants/veteran-team-planning-all-day-new-american-spot-in-the-east-village/,2026-07-10
2026-07-10,The K Bakery Making Palisades Return At Palisades Village | What Now Los Angeles,"1061 N Swarthmore Ave, Pacific Palisades, CA 90272",https://whatnow.com/los-angeles/restaurants/the-k-bakery-making-palisades-return-at-palisades-village/,2026-07-10
2026-07-10,Hurly-Burly Lounge Replacing Jellyrolls at Disney’s Boardwalk,"2101 Epcot Resorts Blvd, Lake Buena Vista, FL 32830",https://whatnow.com/orlando/restaurants/hurly-burly-lounge-replacing-jellyrolls-at-disneys-boardwalk/,2026-07-11
2026-07-10,Cheongsu to Open Tranquil Korean Dessert Café in Allston,"144 Harvard Ave, Allston, MA 02134",https://whatnow.com/boston/restaurants/cheongsu-to-open-tranquil-korean-dessert-cafe-in-allston/,2026-07-10
2026-07-10,Notte Divino to Debut at Former Osteria Divino Space in Sausalito,"37 Caledonia St, Sausalito, CA 94965",https://whatnow.com/san-francisco/restaurants/notte-divino-to-debut-at-former-osteria-divino-space-in-sausalito/,2026-07-11
2026-07-10,JAI Restaurant Group Investing Big in 7 Brew Coffee,,https://whatnow.com/orlando/restaurants/jai-restaurant-group-investing-big-in-7-brew-coffee/,2026-07-11
2026-07-10,Carrot Express Opening a Second Brickell Location,"1057 Brickell Plaza, Miami, FL 33131",https://whatnow.com/miami/restaurants/carrot-express-opening-a-second-brickell-location/,2026-07-11
2026-07-10,Opening in the Marketplace at Heritage Harbour: Fresh Kitchen,"7105 FL-64, Bradenton, FL 34212",https://whatnow.com/tampa/restaurants/opening-in-the-marketplace-at-heritage-harbour-fresh-kitchen/,2026-07-10
2026-07-10,STK Steakhouse Eyes Location In Brea,"260 S Brea Blvd, Brea, CA 92821",https://whatnow.com/orange-county/restaurants/stk-steakhouse-eyes-location-in-brea/,2026-07-11
2026-07-10,Nashville Coop Brings Ethiopian-Inspired Hot Chicken to Philadelphia,,https://whatnow.com/philadelphia/restaurants/nashville-coop-brings-ethiopian-inspired-hot-chicken-to-philadelphia/,2026-07-10
2026-07-10,Gordo's Cantina Planning to Open in Chewelah,"209 N Park St, Chewelah, WA 99109",https://whatnow.com/seattle/restaurants/gordos-cantina-planning-to-open-in-chewelah/,2026-07-10
2026-07-09,Olive Branch Preparing to Open at Woodinville's Somm Hotel,"14430 147th Pl NE #1, Woodinville, WA 98072",https://whatnow.com/seattle/restaurants/olive-branch-preparing-to-open-at-woodinvilles-somm-hotel/,2026-07-09
2026-07-09,McDonald’s Coming to Faubourg Contrecœur,"3553 Rue de Contrecoeur, Montréal, QC H1L 4A1, Canada",https://whatnow.com/montreal/restaurants/mcdonalds-coming-to-faubourg-contrecoeur/,2026-07-10
2026-07-09,Tenleytown to Welcome New Indian Dining Experience,"4000 Wisconsin Ave, Washington, DC 20016",https://whatnow.com/washington-dc/restaurants/tenleytown-to-welcome-new-indian-dining-experience/,2026-07-10
2026-07-09,De Babel Expanding With Second Scottsdale Location,,https://whatnow.com/phoenix/restaurants/de-babel-expanding-with-second-scottsdale-location/,2026-07-10
2026-07-09,Madison Pub and Eatery Planned for Former Alfy's Pizza Space in Snohomish,"1020 Ave D, Snohomish, WA 98290",https://whatnow.com/seattle/restaurants/madison-pub-and-eatery-planned-for-former-alfys-pizza-space-in-snohomish/,2026-07-09
2026-07-09,Molainín Distilling Bringing Irish-Inspired Pub and Distillery to Greenwood,"8556 Greenwood Ave N, Seattle, WA 98103, USA",https://whatnow.com/seattle/restaurants/molainin-distilling-bringing-irish-inspired-pub-and-distillery-to-greenwood/,2026-07-09
2026-07-09,Celebrity Chef G. Garvin's Midtown Atlanta Steakhouse Closes Without Warning,"1010 W Peachtree St NW, Atlanta, GA 30309",https://whatnow.com/atlanta/restaurants/celebrity-chef-g-garvins-midtown-atlanta-steakhouse-closes-without-warning/,2026-07-09
2026-07-09,"SF Hospitality Leaders Connect at What Now Accelerate Event, Hosted by Hungry Tables","257 3rd St, San Francisco, CA 94103",https://whatnow.com/san-francisco/restaurants/sf-hospitality-leaders-connect-at-what-now-accelerate-event-hosted-by-hungry-tables/,2026-07-10
2026-07-09,La Tequila Plans to Open in Marble Falls,"900 RM 1431, Marble Falls, TX 78654",https://whatnow.com/austin/restaurants/la-tequila-plans-to-open-in-marble-falls/,2026-07-10
2026-07-09,King Kebab to Reign in Herndon,,https://whatnow.com/washington-dc/restaurants/king-kebab-to-reign-in-herndon/,2026-07-10
2026-07-09,The Local Beer & Wine Collective Coming Soon to Indialantic,"1220 N Hwy A1A Ste 101, Indialantic, FL 32903",https://whatnow.com/orlando/restaurants/the-local-beer-wine-collective-coming-soon-to-indialantic/,2026-07-09
2026-07-09,Domino's Pizza to Open New Location in East Austin,"14509 FM 969, Austin, TX 78724, USA",https://whatnow.com/austin/restaurants/dominos-pizza-to-open-new-location-in-east-austin/,2026-07-10
2026-07-09,Latin-Asian Restaurant Coming to Underground Chinatown Space,"11 Doyers St, New York, NY 10038",https://whatnow.com/new-york/restaurants/latin-asian-restaurant-coming-to-underground-chinatown-space/,2026-07-09
2026-07-09,Well-Known Bay Area Burger Chain Opens First Airport Location at SFO,"San Francisco, CA 94128, USA",https://whatnow.com/san-francisco/restaurants/well-known-bay-area-burger-chain-opens-first-airport-location-at-sfo/,2026-07-09
2026-07-09,"Chicken Sandwich Restaurant, The Bird, Eyes New San Francisco Location","2031 Chestnut St, San Francisco, CA 94123",https://whatnow.com/san-francisco/restaurants/chicken-sandwich-restaurant-the-bird-eyes-new-san-francisco-location/,2026-07-10
2026-07-09,Condado Tacos to Join Fairlane Green Shopping Center in Allen Park,"3100 Fairlane Dr, Allen Park, MI 48101",https://whatnow.com/detroit/restaurants/condado-tacos-to-join-fairlane-green-shopping-center-in-allen-park/,2026-07-09
2026-07-09,The Carriage House Bringing European-Inspired Café to Cheesman Park,"1290 N Williams St, Denver, CO 80218",https://whatnow.com/denver/restaurants/the-carriage-house-bringing-european-inspired-cafe-to-cheesman-park/,2026-07-09
2026-07-09,Sarasota is Getting Another Fresh Monkee,"6597 S Tamiami Trl, Sarasota, FL 34231",https://whatnow.com/tampa/restaurants/sarasota-is-getting-another-fresh-monkee/,2026-07-09
2026-07-09,Largest Independently-Owned Yoga Studio Adding an Upper East Side Location,"163 East 86th St, New York, NY 10028",https://whatnow.com/new-york/restaurants/largest-independently-owned-yoga-studio-adding-an-upper-east-side-location/,2026-07-09
2026-07-09,Cambridge Favorite Natural Wine Bar to Close Later This Month After Five-Year Run,"1741 Massachusetts Ave, Cambridge, MA 02140, United States",https://whatnow.com/boston/restaurants/cambridge-favorite-natural-wine-bar-to-close-later-this-month-after-five-year-run/,2026-07-09
2026-07-09,"New Food Truck, Zoe Caribbean Grill, Setting Up Shop Next Month",,https://whatnow.com/jacksonville/restaurants/new-food-truck-zoe-caribbean-grill-setting-up-shop-next-month/,2026-07-09
2026-07-09,District 1 Coffee & Co. to Bring Vietnamese-Japanese Fusion Coffee to East Village,"3500 E Parmer Ln #1164, Austin, TX 78754, USA",https://whatnow.com/austin/restaurants/district-1-coffee-co-to-bring-vietnamese-japanese-fusion-coffee-to-east-village/,2026-07-09
2026-07-09,Holy Chuck Burgers Acquired by MHRA Hospitality,"315 Mapleview Dr W, Barrie, ON L4N 9E8, Canada",https://whatnow.com/toronto/restaurants/holy-chuck-burgers-acquired-by-mhra-hospitality/,2026-07-10
2026-07-09,Popular Late-Night Bakery Brand Opens 33rd Texas Location in Sugar Land,"2270 Lone Star Dr, Sugar Land, TX 77479",https://whatnow.com/houston/restaurants/popular-late-night-bakery-brand-opens-33rd-texas-location-in-sugar-land/,2026-07-09
2026-07-09,Tortilleria El Taquito Marisquero Plans New Location in East Austin,"14509 FM 969, Austin, TX 78724, USA",https://whatnow.com/austin/restaurants/tortilleria-el-taquito-marisquero-plans-new-location-in-east-austin/,2026-07-10
2026-07-09,7 Brew Coffee Planning Another Mesa Location at Destination at Gateway,,https://whatnow.com/phoenix/restaurants/7-brew-coffee-planning-another-mesa-location-at-destination-at-gateway/,2026-07-10
2026-07-09,Bagel Street Cafe Expands To Fremont,"46700 Fremont Blvd, Fremont, CA 94538",https://whatnow.com/san-francisco/restaurants/bagel-street-cafe-expands-to-fremont/,2026-07-10
2026-07-09,A New Bar Is Coming to NE Sandy Boulevard,"13852 NE Sandy Blvd, Portland, OR 97230, USA",https://whatnow.com/portland/restaurants/a-new-bar-is-coming-to-ne-sandy-boulevard/,2026-07-10
2026-07-09,Mizu Sushi & Sake Lounge Bringing Family Tradition to Downtown Cincinnati,"26 W Court St, Cincinnati, OH 45202, USA",https://whatnow.com/columbus/restaurants/mizu-sushi-sake-lounge-bringing-family-tradition-to-downtown-cincinnati/,2026-07-09
2026-07-09,HB Protein Smoothies Signs Houston 6-Unit Deal,,https://whatnow.com/houston/restaurants/hb-protein-smoothies-signs-houston-6-unit-deal/,2026-07-10
2026-07-09,"Hot Dog on A Stick Acquired by Las Vegas' Amazing Brands, Plans for Expansion",,https://whatnow.com/las-vegas/restaurants/hot-dog-on-a-stick-acquired-by-las-vegas-amazing-brands-plans-for-expansion/,2026-07-09
2026-07-09,Longtime Eastern European Restaurant in Arlington Announces Closure,"1901 W Pioneer Pkwy, Arlington, TX 76013",https://whatnow.com/dallas/restaurants/longtime-eastern-european-restaurant-in-arlington-announces-closure/,2026-07-09
2026-07-09,Cafe 55 Opening in Jacksonville,"13799 Beach Blvd, Jacksonville, FL 32224",https://whatnow.com/jacksonville/restaurants/cafe-55-opening-in-jacksonville/,2026-07-09
2026-07-09,Sana'a Cafe Planning New Locations In Los Angeles Area | What Now Los Angeles,,https://whatnow.com/los-angeles/restaurants/sanaa-cafe-planning-new-locations-in-los-angeles-area/,2026-07-09
2026-07-09,Modern Mexican Spot Coming to the Lower East Side,"99 Stanton St, New York, NY 10002",https://whatnow.com/new-york/restaurants/modern-mexican-spot-coming-to-the-lower-east-side/,2026-07-09
2026-07-09,Pure Green Opening at University Town Center in Sarasota This August,"5275 University Pkwy, University Park, FL 34201",https://whatnow.com/tampa/restaurants/pure-green-opening-at-university-town-center-in-sarasota-this-august/,2026-07-09
2026-07-09,"Bluebird Distilling Marks 10 Years With Major Renovation, New Kitchen","100 Bridge St., Phoenixville, PA 19460",https://whatnow.com/philadelphia/restaurants/bluebird-distilling-marks-10-years-with-major-renovation-new-kitchen/,2026-07-09
2026-07-09,Wellside Cafe Taking Over Cafe Zella Space In Santa Monica | What Now Los Angeles,"1531 Wilshire Blvd, Santa Monica, CA 90403",https://whatnow.com/los-angeles/restaurants/wellside-cafe-taking-over-cafe-zella-space-in-santa-monica/,2026-07-09
2026-07-09,Overflo Potato to Open First Brick-and-Mortar Restaurant This August,"2710 6th Ave, Tacoma, WA 98406",https://whatnow.com/seattle/restaurants/overflo-potato-to-open-first-brick-and-mortar-restaurant-this-august/,2026-07-10
2026-07-09,Mexitalian Concept Headed for Katella Commons With La Ventana de Pasta,"2610 E Katella Ave, Anaheim, CA 92806",https://whatnow.com/orange-county/restaurants/mexitalian-concept-headed-for-katella-commons-with-la-ventana-de-pasta/,2026-07-09
2026-07-09,Popular Mexican Fast-Casual Chain Plans 30 New Restaurants Across Metro Atlanta,,https://whatnow.com/atlanta/restaurants/popular-mexican-fast-casual-chain-plans-30-new-restaurants-across-metro-atlanta/,2026-07-09
2026-07-09,Italian Chef-Owner Bringing New Concept to the Upper East Side,"1431 1st Ave, New York, NY 10021",https://whatnow.com/new-york/restaurants/italian-chef-owner-bringing-new-concept-to-the-upper-east-side/,2026-07-09
2026-07-09,Two South Jersey Bakery Legends Rise Together in New Venture,"15 Haddon Ave., Haddon Township, NJ 08108",https://whatnow.com/philadelphia/restaurants/two-south-jersey-bakery-legends-rise-together-in-new-venture/,2026-07-09
2026-07-09,Throne Room Opening Inside Kindred in South Park,"1503 30th St, San Diego, CA 92102",https://whatnow.com/san-diego/restaurants/throne-room-opening-inside-kindred-in-south-park/,2026-07-10
2026-07-09,Barbacana Celebrates Houston Through Global Flavors and Community,"907 Franklin StHouston, TX 77002",https://whatnow.com/houston/restaurants/barbacana-celebrates-houston-through-global-flavors-and-community/,2026-07-10
2026-07-09,T-Bone’s Famous Smokin’ Bar-B-Que Looks to Be Opening First Brick-and-Mortar,"103 Gulf Dr N, Bradenton Beach, FL 34217",https://whatnow.com/tampa/restaurants/t-bones-famous-smokin-bar-b-que-looks-to-be-opening-first-brick-and-mortar/,2026-07-09
2026-07-09,A Candy-Themed Pop-Up Café Opens in San Diego Ahead of Comic-Con,"2137 Pacific Hwy, San Diego, CA 92101, United States",https://whatnow.com/san-diego/restaurants/a-candy-themed-pop-up-cafe-opens-in-san-diego-ahead-of-comic-con/,2026-07-09
2026-07-09,Michelin-Starred Austin Restaurant to Close After 12 Years,"1610 San Antonio St, Austin, TX 78701",https://whatnow.com/austin/restaurants/michelin-starred-austin-restaurant-to-close-after-12-years/,2026-07-09
2026-07-09,"14th & Spring Receiving Cafe, Permit Filing Indicates | What Now Atlanta","1150 Spring St NW #175, Atlanta, GA 30309",https://whatnow.com/atlanta/restaurants/14th-spring-receiving-cafe-permit-filing-indicates/,2026-07-09
2026-07-09,Parish & Pour Bringing Cajun Restaurant and Lounge to Baton Rouge,"7122 Florida Blvd, Baton Rouge, LA 70806",https://whatnow.com/new-orleans/restaurants/parish-pour-bringing-cajun-restaurant-and-lounge-to-baton-rouge/,2026-07-09
2026-07-09,Milwaukie's Own Brewery Is Finally Getting a Home and It's Going to Be Something Special,"10909 SE Main St, Milwaukie, OR 97222, USA",https://whatnow.com/portland/restaurants/milwaukies-own-brewery-is-finally-getting-a-home-and-its-going-to-be-something-special/,2026-07-10
2026-07-09,1926 Coffee Co. Opening in the Barnett Building,"112 W Adams St, Jacksonville, FL 32202",https://whatnow.com/jacksonville/restaurants/1926-coffee-co-opening-in-the-barnett-building/,2026-07-09
2026-07-09,Hawaiian Bros Island Grill Making Louisiana Debut in Baton Rouge,,https://whatnow.com/new-orleans/restaurants/hawaiian-bros-island-grill-making-louisiana-debut-in-baton-rouge/,2026-07-09
2026-07-09,One of Stockton's Most Celebrated Event Venues Is About To Get a Fresh Start Under New Ownership,"1108 E March Ln, Stockton, CA 95210, USA",https://whatnow.com/sacramento/restaurants/one-of-stocktons-most-celebrated-event-venues-is-about-to-get-a-fresh-start-under-new-ownership/,2026-07-09
2026-07-09,"Green Farm Juicery Relocating Within Hyde Park, New Space Planned for Late Summer","3431 Edwards Rd, Greenwich, OH 44837, USA",https://whatnow.com/columbus/restaurants/green-farm-juicery-relocating-within-hyde-park-new-space-planned-for-late-summer/,2026-07-09
2026-07-09,A 40-Year-Old Vietnamese Restaurant Chain Is Celebrating Its Grand Opening in Palm Beach,"6716 Forest Hill Blvd, Greenacres, FL 33413, United States",https://whatnow.com/miami/restaurants/a-40-year-old-vietnamese-restaurant-chain-is-celebrating-its-grand-opening-in-palm-beach/,2026-07-09
2026-07-09,Traveler's Table to Bring Globally Inspired Dining Experience to Fort Thomas,"1011 S Ft Thomas Ave, Fort Thomas, KY 41075, USA",https://whatnow.com/columbus/restaurants/travelers-table-to-bring-globally-inspired-dining-experience-to-fort-thomas/,2026-07-09
2026-07-08,SE Morrison Street Is Getting The Neighborhood Bar That Portland Really Needed,"1416 SE Morrison St, Portland, OR 97214",https://whatnow.com/portland/restaurants/se-morrison-street-is-getting-the-neighborhood-bar-that-portland-really-needed/,2026-07-09
2026-07-08,New Restaurant On The Way To Westwood | What Now Los Angeles,"1061 Broxton Ave, Los Angeles, CA 90024",https://whatnow.com/los-angeles/restaurants/new-restaurant-on-the-way-to-westwood/,2026-07-09
2026-07-08,Burger Baron Returning to the Suburbs with New Palatine Location,"828 S Hicks Rd, Palatine, IL 60067",https://whatnow.com/chicago/restaurants/burger-baron-returning-to-the-suburbs-with-new-palatine-location/,2026-07-08
2026-07-08,Broncos Mile High Grill Planned for Denver International Airport,"8500 Peña Blvd, Denver, CO 80249",https://whatnow.com/denver/restaurants/broncos-mile-high-grill-planned-for-denver-international-airport/,2026-07-08
2026-07-08,"New Italian Spot Coming to Downtown Crown Point Space, Changing Initial Concept","115 W Joliet St, Crown Point, IN 46307",https://whatnow.com/chicago/restaurants/new-italian-spot-coming-to-downtown-crown-point-space-changing-initial-concept/,2026-07-08
2026-07-08,Luma Bringing All-Day Cafe to Downtown Charleston,"128 Columbus St., Charleston, SC 29403",https://whatnow.com/charleston/restaurants/luma-bringing-all-day-cafe-to-downtown-charleston/,2026-07-08
2026-07-08,Hot Chicken Chain Heating Up the SLC Scene,,https://whatnow.com/denver/restaurants/hot-chicken-chain-heating-up-the-slc-scene/,2026-07-09
2026-07-08,Gemini Bar Joining Terminal South This Year | What Now Atlanta,"1161 Ridge Ave SW, Atlanta, GA 30315",https://whatnow.com/atlanta/restaurants/gemini-bar-joining-terminal-south-this-year/,2026-07-09
2026-07-08,Pick N Tap Co. Bringing Restaurant and Indoor Pickleball Concept to Parker,11735 Disha Drive Parker,https://whatnow.com/denver/restaurants/pick-n-tap-co-bringing-restaurant-and-indoor-pickleball-concept-to-parker/,2026-07-08
2026-07-08,Dave's Hot Chicken is Bringing the Heat to Davie,2631 S. University Drive,https://whatnow.com/miami/restaurants/daves-hot-chicken-is-bringing-the-heat-to-davie/,2026-07-08
2026-07-08,The Chef Behind Carnitas Lonja Just Closed His Newest Restaurant,"1604 Fredericksburg Rd, San Antonio, TX 78201, United States",https://whatnow.com/san-antonio/restaurants/the-chef-behind-carnitas-lonja-just-closed-his-newest-restaurant/,2026-07-08
2026-07-08,A San Francisco Bar Veteran Is Opening a New Lounge in the Old 3 Doors Down Space on Hawthorne,"1429 SE 37th Ave, Portland, OR 97214",https://whatnow.com/portland/restaurants/a-san-francisco-bar-veteran-is-opening-a-funky-new-lounge-in-the-old-3-doors-down-space-on-hawthorne/,2026-07-09
2026-07-08,Venturi Bold Brew Planning Cafe In Downtown Atlanta | What Now Atlanta,,https://whatnow.com/atlanta/restaurants/venturi-bold-brew-planning-cafe-in-downtown-atlanta/,2026-07-09
2026-07-08,Chef Behind Sugar Shane’s Planning The Baking Social Near The Battery | What Now Atlanta,"2801 Windy Ridge Pkwy SE #100, Atlanta, GA 30339",https://whatnow.com/atlanta/restaurants/chef-behind-sugar-shanes-planning-the-baking-social-near-the-battery/,2026-07-09
2026-07-08,Upscale NYC Theater District Restaurant to Close This Month,"132 W 44th St, New York, NY 10036, United States",https://whatnow.com/new-york/restaurants/upscale-nyc-theater-district-restaurant-to-close-this-month/,2026-07-08
2026-07-08,Portland's Most Elusive Bakery Is Finally Getting a Permanent Home in Milwaukie,"10909 SE Main St, Milwaukie, OR 97222, USA",https://whatnow.com/portland/restaurants/portlands-most-elusive-bakery-is-finally-getting-a-permanent-home-in-milwaukie/,2026-07-09
2026-07-08,Sofi'z Kitchen & Bar Is Moving to a Bigger and Better Home This August,"800 BRUCE RD STE 100, CHICO, CA, 95928",https://whatnow.com/sacramento/restaurants/sophiz-kitchen-bar-is-moving-to-a-bigger-and-better-home-this-august/,2026-07-09
2026-07-08,Madrid's Iconic San Ginés is Bringing its Famous Churros to Española Way,"436 Española Wy, Miami Beach, FL 33139",https://whatnow.com/miami/restaurants/madrids-iconic-san-gines-is-bringing-its-famous-churros-to-espanola-way/,2026-07-08
2026-07-08,"Breadie’s Cafe to Bring Dining, Warmth, and Community to Memphis Later this Year","120 N East Yates Rd, Memphis, TN 38120",https://whatnow.com/memphis/restaurants/breadies-cafe-to-bring-dining-warmth-and-community-to-memphis-later-this-year/,2026-07-09
2026-07-08,Bacio di Latte Announces Bella Terra Location in Huntington Beach,"7821 Edinger Ave, Huntington Beach, CA 92647",https://whatnow.com/orange-county/restaurants/bacio-di-latte-announces-bella-terra-location-in-huntington-beach/,2026-07-09
2026-07-08,Dave's Hot Chicken Expanding to Peabody's Northshore Mall,"210 Andover St, Peabody, MA 01960",https://whatnow.com/boston/restaurants/daves-hot-chicken-expanding-to-peabodys-northshore-mall/,2026-07-09
2026-07-08,A New Korean Steakhouse Has Opened at a Popular Michigan Development,"42768 Grand River Ave Ste 100, Novi, MI 48375, United States",https://whatnow.com/detroit/restaurants/a-new-korean-steakhouse-has-opened-at-a-popular-michigan-development/,2026-07-08
2026-07-08,Molly Moon's Bringing New Scoop Shop to Northgate Station,"10500 4th Ave NE, Seattle, WA 98125",https://whatnow.com/seattle/restaurants/molly-moons-bringing-new-scoop-shop-to-northgate-station/,2026-07-08
2026-07-08,Mary Brown’s Opening Airport Location After Downtown Flagship,"6301 Silver Dart Dr, Mississauga, ON L5P 1B2, Canada",https://whatnow.com/toronto/restaurants/mary-browns-opening-airport-location-after-downtown-flagship/,2026-07-09
2026-07-08,A 40-Year-Old NYC Sandwich Shop Is Opening a New Manhattan Location,"1 Madison Ave Unit 102, New York, NY 10010, United States",https://whatnow.com/new-york/restaurants/a-40-year-old-nyc-sandwich-shop-is-opening-a-new-manhattan-location/,2026-07-08
2026-07-08,Chicken Salad Chick Plans New Sarasota Location,"6650 Fruitville Rd, Sarasota, FL 34240",https://whatnow.com/tampa/restaurants/chicken-salad-chick-plans-new-sarasota-location/,2026-07-08
2026-07-08,Iconic Cafe in Terrytown to Close After 41 Years as Building Is Sold,"2018 Carol Sue Ave, Terrytown, LA 70056",https://whatnow.com/new-orleans/restaurants/iconic-community-cafe-in-terrytown-to-close-after-41-years-as-building-is-sold/,2026-07-08
2026-07-08,Swig Franchisees Bringing 13 New Dirty Soda Shops to Chicagoland,,https://whatnow.com/chicago/restaurants/swig-franchisees-bringing-13-new-dirty-soda-shops-to-chicagoland/,2026-07-08
2026-07-08,A New Food Cart Pod Is Opening Near PSU This August,"1900 SW 5th Ave, Portland, OR 97201",https://whatnow.com/portland/restaurants/a-new-food-cart-pod-is-opening-near-psu-this-august/,2026-07-09
2026-07-08,Procida Bringing Southern Italian Cuisine to the Marigny,"2000 Burgundy St, New Orleans, LA 70116",https://whatnow.com/new-orleans/restaurants/procida-bringing-southern-italian-cuisine-to-the-marigny/,2026-07-08
2026-07-08,Evil Cooks Will Bring Heavy Metal-Inspired Mexican Street Food to Anaheim,"2610 E Katella Ave, Anaheim, CA 92806",https://whatnow.com/uncategorized/restaurants/evil-cooks-will-bring-heavy-metal-inspired-mexican-street-food-to-anaheim/,2026-07-09
2026-07-08,A Popular Brunch Chain Is Returning to Manhattan With Two New Locations,,https://whatnow.com/new-york/restaurants/a-popular-brunch-chain-is-returning-to-manhattan-with-two-new-locations/,2026-07-08
2026-07-08,Supernatural Food & Wine Expanding to West River,,https://whatnow.com/tampa/restaurants/supernatural-food-wine-expanding-to-west-river/,2026-07-08
2026-07-08,Welcome to the Farm Country Bar Headed to Columbus’ Short North,"906 N High St, Columbus, OH 43201, USA",https://whatnow.com/columbus/restaurants/welcome-to-the-farm-country-bar-headed-to-columbus-short-north/,2026-07-08
2026-07-08,Yo Di To Replace Quan Hapa in New Over-the-Rhine Location,"1135 Vine St, Cincinnati, OH 45202",https://whatnow.com/columbus/restaurants/yo-di-to-replace-quan-hapa-in-new-over-the-rhine-location/,2026-07-08
2026-07-08,Evil Cooks Will Bring Heavy Metal-Inspired Mexican Street Food to Anaheim,"2610 E Katella Ave, Anaheim, CA 92806",https://whatnow.com/orange-county/restaurants/evil-cooks-will-bring-heavy-metal-inspired-mexican-street-food-to-anaheim/,2026-07-09
2026-07-08,Fast-Growing Hot Chicken Chain Is Opening Its First Restaurant in This California City,"39332 10th St. W Palmdale, CA 93551",https://whatnow.com/los-angeles/restaurants/fast-growing-hot-chicken-chain-is-opening-its-first-restaurant-in-this-california-city/,2026-07-08
2026-07-08,BoostBerry Açaí & Smoothies Expanding With New Seaport and Harvard Square Locations,,https://whatnow.com/boston/restaurants/boostberry-acai-smoothies-expanding-with-new-seaport-and-harvard-square-locations/,2026-07-09
2026-07-07,A Singaporean Food Hall Is Closing in Midtown Manhattan,"135 W 50th St, New York, NY 10020, United States",https://whatnow.com/new-york/restaurants/a-singaporean-food-hall-is-closing-in-midtown-manhattan/,2026-07-07
2026-07-07,Twisted Cat Tavern Readying its Lovettsville Debut,"20 Town Sq #100, Lovettsville, VA 20180",https://whatnow.com/washington-dc/restaurants/twisted-cat-tavern-readying-its-lovettsville-debut/,2026-07-08
2026-07-07,pie-tanza Planning Ashburn Location,,https://whatnow.com/washington-dc/restaurants/pie-tanza-planning-ashburn-location/,2026-07-08
2026-07-07,Game Day Social Sports Tavern Coming to West Bloomfield Township Plaza,"6919 Orchard Lake Rd, West Bloomfield Township, MI 48322",https://whatnow.com/detroit/restaurants/game-day-social-sports-tavern-coming-to-west-bloomfield-township-plaza/,2026-07-07
2026-07-07,Stoneham Italian Restaurant Bids Farewell After 19 Years Amid Economic Challenges,"316 Main St, Stoneham, MA 02180",https://whatnow.com/boston/restaurants/stoneham-italian-restaurant-bids-farewell-after-19-years-amid-economic-challenges/,2026-07-07
2026-07-07,Blind Hog BBQ Concept Cooking Up Ribs and Brisket for Woodstock,"2245 S Eastwood Dr, Woodstock, IL 60098",https://whatnow.com/chicago/restaurants/blind-hot-bbq-concept-cooking-up-ribs-and-brisket-for-woodstock/,2026-07-07
2026-07-07,Katsuya to Make Arizona Debut at Kimpton Miralina in Early 2027,"7200 N Scottsdale Rd, Scottsdale, AZ 85253",https://whatnow.com/phoenix/restaurants/katsuya-to-make-arizona-debut-at-kimpton-miralina-in-early-2027/,2026-07-08
2026-07-07,South Lake Tahoe's Favorite Sports Bar Has New Owners and Big Plans,"3115 Harrison Ave, South Lake Tahoe, CA 96150, USA",https://whatnow.com/sacramento/restaurants/south-lake-tahoes-favorite-sports-bar-has-new-owners-and-big-plans/,2026-07-07
2026-07-07,7 Brew Coffee Plans to Open Drive-Thru Location in Waco,"736 Hewitt Dr, Waco, TX 76712, USA",https://whatnow.com/dallas/restaurants/7-brew-coffee-plans-to-open-drive-thru-location-in-waco/,2026-07-08
2026-07-07,A Popular Canadian Dessert Chain Is Bringing Its First U.S. Location to DFW,"3432 E Hebron Pkwy #100, Carrollton, TX 75010, United States",https://whatnow.com/dallas/restaurants/a-popular-canadian-dessert-chain-is-bringing-its-first-u-s-location-to-dfw/,2026-07-07
2026-07-07,Crumbl Cookies Working on First Quebec Location,"1100 Du Rue du Lux, Brossard, Quebec J4Y 0E9, Canada",https://whatnow.com/montreal/restaurants/crumbl-cookies-working-on-first-quebec-location/,2026-07-08
2026-07-07,McEwan Opening Third Toronto Location at Bayview Village Shopping Centre,"2901 Bayview Ave, North York, ON M2K 1B8, Canada",https://whatnow.com/toronto/restaurants/mcewan-opening-third-toronto-location-at-bayview-village-shopping-centre/,2026-07-08
2026-07-07,Sadboy Creamery Expanding with Brick-and-Mortar Location,"1502 N Marion St, Denver, CO 80218",https://whatnow.com/denver/restaurants/sadboy-creamery-expanding-with-brick-and-mortar-location/,2026-07-07
2026-07-07,Turquoise Wine Bar Building a Community One Glass at a Time,,https://whatnow.com/phoenix/restaurants/turquoise-wine-bar-building-a-community-one-glass-at-a-time/,2026-07-08
2026-07-07,TurnBerry Acai Expanding to Kirkland Next Month,"3691 Saint-Charles Blvd, Kirkland, QC H9H 4M2, Canada",https://whatnow.com/montreal/restaurants/turnberry-acai-expanding-to-kirkland-next-month/,2026-07-08
2026-07-07,Jeremiah's Italian Ice Is Coming to Flower Mound,"2201 Justin Rd. #300, Flower Mound, TX 75028, USA",https://whatnow.com/dallas/restaurants/jeremiahs-italian-ice-is-coming-to-flower-mound/,2026-07-08
2026-07-07,Sourdough and Co to Open in Spring Valley,"827 S Rainbow Blvd, Las Vegas, NV 89145",https://whatnow.com/las-vegas/restaurants/sourdough-and-co-to-open-in-spring-valley/,2026-07-08
2026-07-07,Listening Bar 'Goods Parlor and Sound' to Spin Records in Evanston,"915 Chicago Ave, Evanston, IL 60202",https://whatnow.com/uncategorized/restaurants/listening-bar-called-goods-parlor-and-sound-to-spin-records-in-evanston/,2026-07-07
2026-07-07,From Healthy Meals to Holistic Wellness: ANEU Kitchens Expands in Wayne,,https://whatnow.com/philadelphia/restaurants/from-healthy-meals-to-holistic-wellness-aneu-kitchens-expands-in-wayne/,2026-07-07
2026-07-07,Sage Juice Co to Bring Health and Wellness Bar to Arts District,"1511 S Commerce St, Las Vegas, NV 89102",https://whatnow.com/las-vegas/restaurants/sage-juice-co-to-bring-health-and-wellness-bar-to-arts-district/,2026-07-08
2026-07-07,A Michelin-Recommended NYC Dumpling Brand Makes Its Metro Atlanta Debut,"3333 Buford Drive, Suite 2022E Buford, GA 30519",https://whatnow.com/atlanta/restaurants/a-michelin-recommended-nyc-dumpling-brand-makes-its-metro-atlanta-debut/,2026-07-07
2026-07-07,Klatch Coffee Reveals First San Diego Locations Inside Sprouts Stores,,https://whatnow.com/san-diego/restaurants/klatch-coffee-reveals-first-san-diego-locations-inside-sprouts-stores/,2026-07-07
2026-07-07,Award-Winning New Orleans Eatery Shutting Down After 8 Years,"1800 Magazine St, New Orleans, LA 70130",https://whatnow.com/new-orleans/restaurants/award-winning-new-orleans-eatery-shutting-down-after-8-years/,2026-07-07
2026-07-07,7 Brew Coffee Building $1 Million Shop with Drive Thru in The Green at Katy Park,"NW Corner of Morton Road & Katy Hocley Cut Off Rd Katy, TX 77493",https://whatnow.com/houston/restaurants/7-brew-coffee-building-1-million-shop-with-drive-thru-in-the-green-at-katy-park/,2026-07-08
2026-07-07,Bodega Bar ATL Preparing To Open In Sylvan Hills | What Now Atlanta,"1085 Katherwood Dr SW, Atlanta, GA 30310",https://whatnow.com/atlanta/restaurants/bodega-bar-atl-preparing-to-open-in-sylvan-hills/,2026-07-07
2026-07-07,A New 10-Seat Omakase Restaurant Is Coming to Miami's Coral Way,"2296 Coral Wy, Miami, FL 33145",https://whatnow.com/miami/restaurants/a-new-10-seat-omakase-restaurant-is-coming-to-miamis-coral-way/,2026-07-07
2026-07-07,"Seafood, Steaks and Pints: Three New Restaurants Are Coming to Aiken",,https://whatnow.com/charleston/restaurants/seafood-steaks-and-pints-three-new-restaurants-are-coming-to-aiken/,2026-07-07
2026-07-07,"Oh Yea Pizza Bringing Specialty Pies, Wings to Aiken","3553 Richland Ave. W #158, Aiken, SC 29801",https://whatnow.com/charleston/restaurants/oh-yea-pizza-bringing-specialty-pies-wings-to-aiken/,2026-07-07
2026-07-07,A Mobile Coffee Cart Has Found its Permanent Home in Rancho Cordova,"3581 Mather Field Rd A, Rancho Cordova, CA 95670, United States",https://whatnow.com/sacramento/restaurants/a-mobile-coffee-cart-has-found-its-permanent-home-in-rancho-cordova/,2026-07-07
2026-07-07,The Taco Stand Expanding To Beverly Glen | What Now Los Angeles,"2958 Beverly Glen Cir, Los Angeles, CA 90077",https://whatnow.com/los-angeles/restaurants/the-taco-stand-expanding-to-beverly-glen/,2026-07-07
2026-07-07,Downtown Aiken to Welcome Fire Shaka–Hawaiian BBQ This Summer,"126 Laurens St. NW, Aiken, SC 29801",https://whatnow.com/charleston/restaurants/downtown-aiken-to-welcome-fire-shaka-hawaiian-bbq-this-summer/,2026-07-07
2026-07-06,A Fast-Growing Chicken Chain Is Opening in Hialeah With Free Chicken for a Year,"457 Hialeah Dr, Hialeah, FL 33010, United States",https://whatnow.com/miami/restaurants/a-fast-growing-chicken-chain-is-opening-in-hialeah-with-free-chicken-for-a-year/,2026-07-06
2026-07-06,Juanis Restaurant Will Relocate on Harry Hines Boulevard,"10830 Harry Hines Blvd, Dallas, TX 75220, USA",https://whatnow.com/dallas/restaurants/juanis-restaurant-will-relocate-on-harry-hines-boulevard/,2026-07-07
2026-07-06,3 Chicago Restaurants That Served Their Final Meals in June 2026,,https://whatnow.com/chicago/restaurants/3-chicago-restaurants-that-served-their-final-meals-in-june-2026/,2026-07-06
2026-07-06,A Century-Old Hudson Valley Fine Dining Legend Has Served Its Last Meal,"1725 US-9W, Milton, NY 12547",https://whatnow.com/news/restaurants/a-century-old-hudson-valley-fine-dining-legend-has-served-its-last-meal/,2026-07-06
2026-07-06,7 Brew Franchise Building New Shop at North Riverside Park Mall,"7501 W Cermak Rd, North Riverside, IL 60546",https://whatnow.com/chicago/restaurants/7-brew-franchise-building-new-shop-at-north-riverside-park-mall/,2026-07-07
2026-07-06,The Chastain Team Planning New Concept For Morningside Village | What Now Atlanta,"1397 N Highland Ave NE, Atlanta, GA 30306",https://whatnow.com/atlanta/restaurants/the-chastain-team-planning-new-concept-for-morningside-village/,2026-07-07
2026-07-06,6 Beloved Houston Restaurants That Permanently Closed in June 2026,,https://whatnow.com/houston/restaurants/6-beloved-houston-restaurants-that-permanently-closed-in-june-2026/,2026-07-06
2026-07-06,Here are 7 Upcoming Restaurants We Uncovered in Atlanta Last Week (June 29-July 3),,https://whatnow.com/atlanta/restaurants/here-are-7-upcoming-restaurants-we-uncovered-in-atlanta-last-week-june-29-july-3/,2026-07-06
2026-07-06,Buffalo Wild Wings to Open First Kyle Location,"1080 Kohlers Crossing, Kyle, TX 78640, USA",https://whatnow.com/austin/restaurants/buffalo-wild-wings-to-open-first-kyle-location/,2026-07-07
2026-07-06,The Family-Owned Italian Restaurant That Fed Bellmore for 47 Years Just Closed,"2770 Sunrise Hwy, Bellmore, NY 11710, United States",https://whatnow.com/new-york/restaurants/the-family-owned-italian-restaurant-that-fed-bellmore-for-47-years-just-closed/,2026-07-06
2026-07-06,Gresham's Favorite San Diego-Style Taco Shop Is Opening a Second Location in Damascus,"19850 SE Hwy 212, Damascus, OR 97089, USA",https://whatnow.com/portland/restaurants/greshams-favorite-san-diego-style-taco-shop-is-opening-a-second-location-in-damascus/,2026-07-06
2026-07-06,The One Rooftop Planning Summer Launch In West Hollywood | What Now Los Angeles,"603 N La Cienega Blvd, West Hollywood, CA 90069",https://whatnow.com/los-angeles/restaurants/the-one-rooftop-planning-summer-launch-in-west-hollywood/,2026-07-07
2026-07-06,Beloved Kilgore Italian Restaurant Closes After Decades of Late-Night Service,"1704 US-259 BUS, Kilgore, TX 75662, United States",https://whatnow.com/news/restaurants/beloved-kilgore-italian-restaurant-closes-after-decades-of-late-night-service/,2026-07-06
2026-07-05,Shivers Creek Catfish House to Open Fourth Location,"422 E Capitol St, Jackson, MS 39201",https://whatnow.com/memphis/restaurants/shivers-creek-catfish-house-to-open-fourth-location/,2026-07-05
2026-07-05,New Sandwich Shop Headed to Short Pump,"4336 Pouncey Tract Rd, Henrico, VA 23233",https://whatnow.com/washington-dc/restaurants/new-sandwich-shop-headed-to-short-pump/,2026-07-06
2026-07-05,STK Steakhouse to Replace Kona Grill in Inner Harbor,"1 E Pratt St, Baltimore, MD 21202",https://whatnow.com/washington-dc/restaurants/stk-steakhouse-to-replace-kona-grill-in-inner-harbor/,2026-07-05
2026-07-05,Aplós Simple Mediterranean Nears Oxford Opening,"803 Sisk Ave, Oxford, MS 38655",https://whatnow.com/memphis/restaurants/aplos-simple-mediterranean-nears-oxford-opening/,2026-07-05
2026-07-05,New Jack’s Family Restaurant Headed to Mississippi,"130 Edwards Cir, Flora, MS 39071",https://whatnow.com/memphis/restaurants/new-jacks-family-restaurant-headed-to-mississippi/,2026-07-05
2026-07-05,Mexican Restaurant Readying for Memphis Debut,"5007 Black Rd, Memphis, TN 38117",https://whatnow.com/memphis/restaurants/mexican-restaurant-readying-for-memphis-debut/,2026-07-05
2026-07-05,More Wonder Planned for Virginia,"13257 Worth Ave, Woodbridge, VA 22192",https://whatnow.com/washington-dc/restaurants/more-wonder-planned-for-virginia/,2026-07-06
2026-07-04,P. Terry's Plans Additional San Antonio Expansion Following Employee Ownership Transition,,https://whatnow.com/san-antonio/restaurants/p-terrys-plans-additional-san-antonio-expansion-following-employee-ownership-transition/,2026-07-04
2026-07-04,Storied Sítio El Tropicano Taps Emmer & Rye Hospitality Group to Lead Culinary Programme,,https://whatnow.com/san-antonio/restaurants/storied-sitio-el-tropicano-taps-emmer-rye-hospitality-group-to-lead-culinary-programme/,2026-07-04
2026-07-03,Beloved Montclair Filipino-American Restaurant Closing This Month,"98 Walnut St, Montclair, NJ 07042",https://whatnow.com/new-york/restaurants/beloved-montclair-filipino-american-restaurant-closing-this-month/,2026-07-03
2026-07-03,Dotty’s Team to Wake Up Quincy With New Café Concept,"1250 Hancock St, Quincy, MA 02169",https://whatnow.com/boston/restaurants/dottys-team-to-wake-up-quincy-with-new-cafe-concept/,2026-07-04
2026-07-03,Atlanta-Born Rreal Tacos Moves to Fill Red Mesa Cantina Space After Sudden Closure,"128 3rd St S, St. Petersburg, FL 33701",https://whatnow.com/tampa/restaurants/atlanta-born-rreal-tacos-team-moves-to-fill-red-mesa-cantina-space-after-sudden-closure/,2026-07-04
2026-07-03,A Longtime Austin Mexican Eatery Says One Location Will Shut Down Over Lease Issues,"2101 E Cesar Chavez St, Austin, TX 78702",https://whatnow.com/austin/restaurants/a-longtime-austin-mexican-eatery-says-one-location-will-shut-down-over-lease-issues/,2026-07-03
2026-07-03,Breakwater Hospitality Group Tapped to Negotiate New Currie Park Restaurant,"2400 N Flagler Dr, West Palm Beach, FL 33407",https://whatnow.com/miami/restaurants/breakwater-hospitality-group-tapped-to-negotiate-new-currie-park-restaurant/,2026-07-03
2026-07-03,Ling Nam Set To Open New Bay Area Locations,"231 Grand Ave, South San Francisco, CA 94080",https://whatnow.com/san-francisco/restaurants/ling-nam-set-to-open-new-bay-area-locations/,2026-07-03
2026-07-03,New Café Brewing at Charles River Esplanade's Long-Awaited Smith Family Pavilion,"5 Charlesbank Road, Boston, MA 02114",https://whatnow.com/boston/restaurants/new-cafe-brewing-at-charles-river-esplanades-long-awaited-smith-family-pavilion/,2026-07-03
2026-07-03,Yoghurt & Yoga Bringing Wellness and FroYo to Coral Gables,"239 Miracle Mile, Coral Gables, FL 33134",https://whatnow.com/miami/restaurants/yoghurt-yoga-bringing-wellness-and-froyo-to-coral-gables/,2026-07-03
2026-07-03,Congaree and Penn Launches Outdoor Restaurant During Quonset Hut Remodel,"11830 Old Kings Rd, Jacksonville, FL 32219",https://whatnow.com/jacksonville/restaurants/congaree-and-penns-launches-outdoor-restaurant-during-quonset-hut-remodel/,2026-07-04
2026-07-03,Ron's Gourmet Ice Cream Scooping Up Third Location in Westwood,"305 Washington St, Westwood, MA 02090",https://whatnow.com/boston/restaurants/rons-gourmet-ice-cream-scooping-up-third-location-in-westwood/,2026-07-04
2026-07-03,Beloved West Palm Beach Italian Gem Has Permanently Closed,"1600 N Dixie Hwy, West Palm Beach, FL 33407",https://whatnow.com/miami/restaurants/beloved-west-palm-beach-italian-gem-has-permanently-closed/,2026-07-03
2026-07-03,Canadian Favorite JOEY Restaurants Bringing Globally Inspired Menu to Boston's Seaport,"250 Northern Ave, Boston, MA 02210",https://whatnow.com/boston/restaurants/canadian-favorite-joey-restaurants-bringing-globally-inspired-menu-to-bostons-seaport/,2026-07-04
2026-07-03,"A New 5,000-Square-Foot Sports and Nightlife Venue Is Opening in Houston","1131 Uptown Park Blvd Ste 1, Houston, TX 77056, United States",https://whatnow.com/houston/restaurants/a-new-5000-square-foot-sports-and-nightlife-venue-is-opening-in-houston/,2026-07-03
2026-07-03,Double Take Market & Eatery to Offer the Flavors of the Caribbean,"319 NE 167th St, North Miami Beach, FL 33162",https://whatnow.com/miami/restaurants/double-take-market-eatery-to-offer-the-flavors-of-the-caribbean/,2026-07-03
2026-07-03,Team Behind Davis Square's Spoke Wine Bar to Open New Restaurant in Somerville,"1153 Broadway, Somerville, MA 02144",https://whatnow.com/boston/restaurants/team-behind-davis-squares-spoke-wine-bar-to-open-new-restaurant-in-somerville/,2026-07-03
2026-07-03,Pan-Russia Cocktail Bar Coming to the West Village,"72 MacDougal St, New York, NY 10012",https://whatnow.com/new-york/restaurants/pan-russia-cocktail-bar-coming-to-the-west-village/,2026-07-03
2026-07-03,A Modern Italian Trattoria With Tuscan Roots Joined Doral Commons,"7450 NW 104th Ave, Miami, FL 33178, United States",https://whatnow.com/miami/restaurants/a-modern-italian-trattoria-with-tuscan-roots-joined-doral-commons/,2026-07-03
2026-07-03,Calle Bistro Coming Soon to Sarasota with “Good Food. Good Vibes.”,"1544 Main St, Sarasota, FL 34236",https://whatnow.com/tampa/restaurants/calle-bistro-coming-soon-to-sarasota-with-good-food-good-vibes/,2026-07-04
2026-07-03,BuddhaBerry Will Bring its Hamptons Favorite FroYo to City Place,417 S. Rosemary Avenue,https://whatnow.com/miami/restaurants/buddhaberry-will-bring-its-hamptons-favorite-froyo-to-city-place/,2026-07-03
2026-07-03,Ember & Iron Announces Plans for New Location—Again!,"62 Spanish St, St. Augustine, FL 32084",https://whatnow.com/jacksonville/restaurants/ember-iron-announces-plans-for-new-location-again/,2026-07-04
2026-07-03,Five Guys Cooking up New Maryland Location,"3220 St Paul St, Baltimore, MD 21218",https://whatnow.com/washington-dc/restaurants/five-guys-cooking-up-new-maryland-location/,2026-07-04
2026-07-03,Duluth's Beloved Korean-Style Bookstore Cafe Is Serving Its Last Cup,"3585 Peachtree Industrial Blvd #128, Duluth, GA 30096",https://whatnow.com/atlanta/restaurants/duluths-beloved-korean-style-bookstore-cafe-is-serving-its-last-cup/,2026-07-03
2026-07-03,The Tot Spot Jax Looks to Be Hitting the Road Again,,https://whatnow.com/jacksonville/restaurants/the-tot-spot-jax-looks-to-be-hitting-the-road-again/,2026-07-04
2026-07-03,One Fast-Growing California Pizza Brand Has Opened in Anaheim,"2794 W Ball Rd, Anaheim, CA 92804, United States",https://whatnow.com/orange-county/restaurants/one-fast-growing-california-pizza-brand-has-opened-in-anaheim/,2026-07-03
2026-07-03,Frozen in Time Gourmet Ice Cream Looks to Be Headed to Port Richey,"7810 US-19, Port Richey, FL 34668",https://whatnow.com/tampa/restaurants/frozen-in-time-gourmet-ice-cream-looks-to-be-headed-to-port-richey/,2026-07-04
2026-07-03,One of Atlanta's Best-Known Arcade Bars Is Shutting Down Its Original Location,"427 Edgewood Ave SE, Atlanta, GA 30312",https://whatnow.com/atlanta/restaurants/one-of-atlantas-best-known-arcade-bars-is-shutting-down-its-original-location/,2026-07-03
2026-07-03,Las Vegas-Born Nacho Spot Is Now the Only Local Brand at AREA15,"3040 Rigel Ave., Suite 120, Las Vegas, NV 89102",https://whatnow.com/las-vegas/restaurants/las-vegas-born-nacho-spot-is-now-the-only-local-brand-at-area15/,2026-07-03
2026-07-03,A Milan-Inspired Café Has Opened Another NYC Location,"1247 3rd Ave, New York, NY 10021",https://whatnow.com/new-york/restaurants/a-milan-inspired-cafe-has-opened-another-nyc-location/,2026-07-03
2026-07-03,Fanoos Grills Expanding to North Beach,"411 Columbus Ave, San Francisco, CA 94133",https://whatnow.com/san-francisco/restaurants/fanoos-grills-expanding-to-north-beach/,2026-07-03
2026-07-03,Willard’s Bar-B-Q Junction May Be Making a Kind of Comeback,,https://whatnow.com/jacksonville/restaurants/willards-bar-b-q-junction-may-be-making-a-kind-of-comeback/,2026-07-04
2026-07-03,7 Brew Coffee Plots Continued Expansion in St. Johns County,"FL-16 & Co Rd 208, St. Johns, FL 32092",https://whatnow.com/jacksonville/restaurants/7-brew-coffee-plots-continued-expansion-in-st-johns-county/,2026-07-04
2026-07-03,Bebos Cajun Kitchen Bringing Louisiana Flavor to Auburndale,"117 E Lake Ave #101, Auburndale, FL 33823",https://whatnow.com/tampa/restaurants/bebos-cajun-kitchen-bringing-louisiana-flavor-to-auburndale/,2026-07-04
2026-07-02,Glaz’d Donuts Heads to Pinellas Park,"11180 66th St N, Pinellas Park, FL 33782",https://whatnow.com/tampa/restaurants/glazd-donuts-heads-to-pinellas-park/,2026-07-02
2026-07-02,Spinato's Pizzeria Heading to Goodyear in 2027,,https://whatnow.com/phoenix/restaurants/spinatos-pizzeria-heading-to-goodyear-in-2027/,2026-07-02
2026-07-02,Maltby Cafe Planning Relocation in Snohomish,"8809 Maltby Rd, Snohomish, WA 98296, USA",https://whatnow.com/seattle/restaurants/maltby-cafe-planning-relocation-in-snohomish/,2026-07-02
2026-07-02,Fat Rosie’s Opening in Vineland Pointe,"11506 Regency Village Dr, Orlando, FL 32821",https://whatnow.com/orlando/restaurants/fat-rosies-opening-in-vineland-pointe/,2026-07-02
2026-07-02,PJ's Daily Grind Reopens Following Rebrand,"1619 Coalton Rd, Superior, CO 80027",https://whatnow.com/denver/restaurants/pjs-daily-grind-reopens-following-rebrand/,2026-07-02
2026-07-02,The Lafayette Burger Joint That Ditched Buns for Quesadillas Is Calling It Quits,"3822 W Congress St, Lafayette, LA 70506",https://whatnow.com/news/restaurants/the-lafayette-burger-joint-that-ditched-buns-for-quesadillas-is-calling-it-quits/,2026-07-02
2026-07-02,Cooper’s Hawk Planning Dunwoody Location | What Now Atlanta,,https://whatnow.com/atlanta/restaurants/coopers-hawk-planning-dunwoody-location/,2026-07-02
2026-07-02,Shake Shack Opening New Restaurant at Yonge and Bloor,"765 Yonge St, Toronto, ON M4W 0B8, Canada",https://whatnow.com/toronto/restaurants/shake-shack-opening-new-restaurant-at-yonge-and-bloor/,2026-07-02
2026-07-02,New Gelato Brand Looks to Be Planning Jacksonville Launch,,https://whatnow.com/jacksonville/restaurants/new-gelato-brand-looks-to-be-planning-jacksonville-launch/,2026-07-02
2026-07-02,Washington DC Entrepreneurs Connect at What Now's Event,"1111 20th St NW, Washington, DC 20036",https://whatnow.com/washington-dc/restaurants/washington-dc-entrepreneurs-connect-at-what-nows-event/,2026-07-02
2026-07-02,New Waterfront Oyster Bar on Johns Island Eyes Spring 2027 Opening,"2409 Maybank Hwy., Johns Island, SC 29455",https://whatnow.com/charleston/restaurants/new-waterfront-oyster-bar-on-johns-island-eyes-spring-2027-opening/,2026-07-02
2026-07-02,Tea Room Targeting An Opening This Year In Tujunga | What Now Los Angeles,"10016 Commerce Ave, Tujunga, CA 91042",https://whatnow.com/los-angeles/restaurants/tea-room-targeting-an-opening-this-year-in-tujunga/,2026-07-02
2026-07-02,Charlee Rose Coffee Opening Second Gilbert Location,"18318 E Chandler Heights Rd, Gilbert, AZ 85298",https://whatnow.com/phoenix/restaurants/charlee-rose-coffee-opening-second-gilbert-location/,2026-07-03
2026-07-02,Sergeant Ma Set For San Francisco Waterfront,"185 Berry St, San Francisco, CA 94107",https://whatnow.com/san-francisco/restaurants/sergeant-ma-set-for-san-francisco-waterfront/,2026-07-03
2026-07-02,Vida Mariscos is Expanding to Baytown,"4717 I-10, Baytown, TX 77521",https://whatnow.com/houston/restaurants/vida-mariscos-is-expanding-to-baytown/,2026-07-02
2026-07-02,A 24/7 Cafe Built for Founders and Investors Opens in Buckhead,"3423 Piedmont Rd NE, Atlanta, GA 30305",https://whatnow.com/atlanta/restaurants/a-24-7-cafe-built-for-founders-and-investors-opens-in-buckhead/,2026-07-02
2026-07-02,Kingdom BBQ & Grill Plans Second Location,"8675 Fenton St, Suite 160, Orlando, FL 32836",https://whatnow.com/orlando/restaurants/kingdom-bbq-grill-plans-second-location/,2026-07-02
2026-07-02,A Popular Arcade Bar and Three Restaurants Closed Across Denver in June 2026,,https://whatnow.com/denver/restaurants/a-popular-arcade-bar-and-three-restaurants-closed-across-denver-in-june-2026/,2026-07-02
2026-07-02,Elle dit imagine Opening Boutique Cafe and Design Studio,"63 Queen St S, Mississauga, ON L5M 3S9, Canada",https://whatnow.com/toronto/restaurants/elle-dit-imagine-opening-boutique-cafe-and-design-studio/,2026-07-03
2026-07-02,A Local Florida Bagel Chain Has Closed One of Its Newest Locations,"145 Beachwalk Shr Dr Ste 101, St Johns, FL 32259",https://whatnow.com/jacksonville/restaurants/a-local-florida-bagel-chain-has-closed-one-of-its-newest-locations/,2026-07-02
2026-07-02,Sushi Kani Set to Bring Late Night Japanese Dining to Anaheim,"1731 W Katella Ave, Anaheim, CA 92804",https://whatnow.com/orange-county/restaurants/sushi-kani-set-to-bring-late-night-japanese-dining-to-anaheim/,2026-07-03
2026-07-02,Chatos Tacos to Open a Second Location,"9484 W Flamingo Rd, Las Vegas, NV 89147",https://whatnow.com/las-vegas/restaurants/chatos-tacos-to-open-a-second-location/,2026-07-02
2026-07-02,A Fast-Growing Middle Tennessee Bagel Brand Just Landed in Mt. Juliet,"1913 N Mt Juliet Rd Suite 101B, Mt. Juliet, TN 37122",https://whatnow.com/nashville/restaurants/a-fast-growing-middle-tennessee-bagel-brand-just-landed-in-mt-juliet/,2026-07-02
2026-07-02,Angry Chickz Franchise Making Illinois Debut in Aurora This Year,,https://whatnow.com/chicago/restaurants/angry-chickz-franchise-making-illinois-debut-in-aurora-this-year/,2026-07-02
2026-07-02,Rocket Bagels Plans New Rockledge Location,"566 Barton Blvd, Rockledge, FL 32955",https://whatnow.com/orlando/restaurants/rocket-bagels-plans-new-rockledge-location/,2026-07-02
2026-07-02,Dollar Tree to Open a New Store in Decatur Crossing,"204 S Decatur Blvd, Las Vegas, NV 89107",https://whatnow.com/las-vegas/restaurants/dollar-tree-to-open-a-new-store-in-decatur-crossing/,2026-07-03
2026-07-02,Common House New Orleans Rebrands as 420 Julia,"420 Julia St, New Orleans, LA 70130",https://whatnow.com/new-orleans/restaurants/common-house-new-orleans-rebrands-as-420-julia/,2026-07-02
2026-07-02,Kingdom Sushi Coming Soon to Winter Garden,"9240 Miley Dr, Winter Garden, FL 34787",https://whatnow.com/orlando/restaurants/kingdom-sushi-coming-soon-to-winter-garden/,2026-07-02
2026-07-02,Shipley Donuts Plans First Ohio Locations With Three-Store Cincinnati Expansion,,https://whatnow.com/columbus/restaurants/shipley-donuts-plans-first-ohio-locations-with-three-store-cincinnati-expansion/,2026-07-02
2026-07-02,New Sushi Restaurant Joining Midtown | What Now Atlanta,"811 Peachtree St NE, Atlanta, GA 30308",https://whatnow.com/atlanta/restaurants/new-sushi-restaurant-joining-midtown/,2026-07-02
2026-07-02,"KoJa Kitchen is Gone From K Street, But Something Better Might Be Coming","732 K St, Sacramento, CA 95814",https://whatnow.com/sacramento/restaurants/koja-kitchen-is-gone-from-k-street-but-something-better-might-be-coming/,2026-07-02
2026-07-02,Nana Fran's to Replace Patisserie Melanie in North Park,"3750 30th St, San Diego, CA 92104",https://whatnow.com/san-diego/restaurants/nana-frans-to-replace-patisserie-melanie-in-north-park/,2026-07-02
2026-07-02,Fat Arnie's Provecho Bringing Sandwiches and Empanadas to Westerville,"4404 Indianola Ave, Columbus, OH 43214, USA",https://whatnow.com/columbus/restaurants/fat-arnies-provecho-bringing-sandwiches-and-empanadas-to-westerville/,2026-07-02
2026-07-02,Ember & Vine to Open in Coral Springs,"5920 Coral Ridge Dr, Tamarac, FL 33321",https://whatnow.com/miami/restaurants/ember-vine-to-open-in-coral-springs/,2026-07-03
2026-07-02,Stitch Cafe Planning Seattle Relocation,,https://whatnow.com/seattle/restaurants/stitch-cafe-planning-seattle-relocation/,2026-07-02
2026-07-02,KK's Café Opening Second Location in Lafayette,"3730 NE Evangeline Thruway Ste F, Carencro, LA 70520",https://whatnow.com/new-orleans/restaurants/kks-cafe-opening-second-location-in-lafayette/,2026-07-02
2026-07-02,Flour Pizzeria Planning New Location In Beverly Hills | What Now Los Angeles,"243 S Beverly Dr, Beverly Hills, CA 90212",https://whatnow.com/los-angeles/restaurants/flour-pizzeria-planning-new-location-in-beverly-hills/,2026-07-02
2026-07-02,Carmela Coffee to Brew up Coffee and More at Avenir Town Center,"12515 Northlake Blvd, Palm Beach Gardens, FL 33412",https://whatnow.com/miami/restaurants/carmela-coffee-to-brew-up-coffee-and-more-at-avenir-town-center/,2026-07-03
2026-07-02,Maison Dupuy Hotel Set for $13M Renovation Under New Ownership,"1001 Toulouse St, New Orleans, LA 70112",https://whatnow.com/new-orleans/restaurants/maison-dupuy-hotel-set-for-13m-renovation-under-new-ownership/,2026-07-02
2026-07-02,Crema Gelato Coming to Mirvish Village this Fall,"597 Markham St, Toronto, ON M6G 0B3, Canada",https://whatnow.com/toronto/restaurants/crema-gelato-coming-to-mirvish-village-this-fall/,2026-07-02
2026-07-02,New Firehouse Subs Planned for Palm Bay,"130 St Johns Heritage Pkwy, Palm Bay, FL 32907",https://whatnow.com/orlando/restaurants/new-firehouse-subs-planned-for-palm-bay/,2026-07-02
2026-07-02,Domu Restaurant Team Looks to Be Launching New Noodle-Focused Concept,"1222 E Colonial Dr, Orlando, FL 32803",https://whatnow.com/orlando/restaurants/domu-restaurant-team-looks-to-be-launching-new-noodle-focused-concept/,2026-07-02
2026-07-02,Properly Seasoned Kitchen to Open First Brick-and-Mortar Restaurant in San Francisco,"5131 3rd St, San Francisco, CA 94124",https://whatnow.com/san-francisco/restaurants/properly-seasoned-kitchen-to-open-first-brick-and-mortar-restaurant-in-san-francisco/,2026-07-03
2026-07-02,Flagship Steakhouse Location Coming to Midtown West,"511 9th Ave, New York, NY 10018",https://whatnow.com/new-york/restaurants/flagship-steakhouse-location-coming-to-midtown-west/,2026-07-02
2026-07-02,LOVE Park's 'Flying Saucer' Gets New Life With Year-Round Concept,"1569 John F Kennedy Blvd., Philadelphia, PA 19102",https://whatnow.com/philadelphia/restaurants/love-parks-flying-saucer-gets-new-life-with-year-round-concept/,2026-07-02
2026-07-02,Jersey Mike's Subs to Open New Location on Marsh Lane,"10031 Marsh Ln #230, Dallas, TX 75229",https://whatnow.com/dallas/restaurants/jersey-mikes-subs-to-open-new-location-on-marsh-lane/,2026-07-03
2026-07-02,Black Rock Coffee Bar Eyes New Oceanside Site,"1920 Oceanside Blvd, Oceanside, CA 92054",https://whatnow.com/san-diego/restaurants/black-rock-coffee-bar-eyes-new-oceanside-site/,2026-07-02
2026-07-02,New Cafe and Hookah Lounge Planned for Del Rio,"8020 N 56th St, Tampa, FL 33617",https://whatnow.com/tampa/restaurants/new-cafe-and-hookah-lounge-planned-for-del-rio/,2026-07-02
2026-07-02,A New Asian Street Food Restaurant Has Opened at Edgewater Public Market,"5505 W 20th Ave, Edgewater, CO 80214",https://whatnow.com/denver/restaurants/a-new-asian-street-food-restaurant-has-opened-at-edgewater-public-market/,2026-07-02
2026-07-02,Hot Ticket To Debut In Former Donut Distillery Space,"311 Gallatin Ave, Nashville, TN 37206, USA",https://whatnow.com/nashville/restaurants/hot-ticket-to-debut-in-former-donut-distillery-space/,2026-07-02
2026-07-02,Sonora's Favorite Sourdough Bakery is Moving Down the Block and Going Bigger,"123 S WASHINGTON ST , SONORA, CA, 95370",https://whatnow.com/sacramento/restaurants/sonoras-favorite-sourdough-bakery-is-moving-down-the-block-and-going-bigger/,2026-07-02
2026-07-02,Mac & Chick by Sublime to Open Near Vista’s Shadowridge Plaza,"777 Shadowridge Dr, Vista, CA 92083",https://whatnow.com/san-diego/restaurants/mac-chick-by-sublime-to-open-near-vistas-shadowridge-plaza/,2026-07-02
2026-07-02,Elle dit imagine Opening Boutique Cafe and Design Studio,"63 Queen St S, Mississauga, ON L5M 3S9, Canada",https://whatnow.com/tampa/restaurants/elle-dit-imagine-opening-boutique-cafe-and-design-studio/,2026-07-02
2026-07-02,Arnette’s Chop Shop Team Adding Seafood Restaurant In Brookhaven | What Now Atlanta,"2700 Apple Valley Rd NE #55, Brookhaven, GA 30319",https://whatnow.com/atlanta/restaurants/arnettes-chop-shop-team-adding-seafood-restaurant-in-brookhaven/,2026-07-02
2026-07-02,"Moxies Brings a Blend of Global Flavors and Neighborhood Hospitality to Washington, D.C.","1111 20th St NW, Washington, DC 20036",https://whatnow.com/washington-dc/restaurants/moxies-brings-a-blend-of-global-flavors-and-neighborhood-hospitality-to-washington-d-c/,2026-07-02
2026-07-02,Hawthorne Craft Bar and Kitchen to Hit the Streets of Las Vegas this Fall,"10620 Dean Martin Dr, Las Vegas, NV 89141",https://whatnow.com/las-vegas/restaurants/hawthorne-craft-bar-and-kitchen-to-hit-the-streets-of-las-vegas-this-fall/,2026-07-03
2026-07-02,Three Women Are Bringing a Florentine Wine Window to Downtown Sacramento,"1121 L St, Sacramento, CA 95814",https://whatnow.com/sacramento/restaurants/three-women-are-bringing-a-florentine-wine-window-to-downtown-sacramento/,2026-07-03
2026-07-02,Philadelphia Restaurant Community Network at Recent Accelerate Event,"1148 Frankford Ave, Philadelphia, PA 19125",https://whatnow.com/philadelphia/restaurants/philadelphia-restaurant-community-connects-at-recent-accelerate-event/,2026-07-02
2026-07-02,Pita Way Finds New Location in Orion Township This Year,"4600 S Baldwin Rd, Orion Township, MI 48359",https://whatnow.com/detroit/restaurants/pita-way-finds-new-location-in-orion-township-this-year/,2026-07-02
2026-07-02,Chef Hari Nayak Bringing New Indian Concept to Woodinville,,https://whatnow.com/seattle/restaurants/chef-hari-nayak-bringing-new-indian-concept-to-woodinville/,2026-07-02
2026-07-02,PRESS Coffee Opening CityNorth Cafe in August,"20555 N. 56th St, Phoenix, AZ 85054",https://whatnow.com/phoenix/restaurants/press-coffee-opening-citynorth-cafe-in-august/,2026-07-02
2026-07-02,Dave & Buster’s Bringing Excitement to Annapolis Mall,"2002 Annapolis Mall Rd, Annapolis, MD 21401",https://whatnow.com/washington-dc/restaurants/dave-busters-bringing-excitement-to-annapolis-mall/,2026-07-03
2026-07-02,Amidulce Eyes Downtown San Francisco Brick-and-Mortar,"202 Folsom Street, San Francisco, CA 94105",https://whatnow.com/san-francisco/restaurants/amidulce-eyes-downtown-san-francisco-brick-and-mortar/,2026-07-03
2026-07-02,Ambitious Ales Brewing Set to Open First Orange County Location,"696 Randolph Av b, Costa Mesa, CA 92626,",https://whatnow.com/orange-county/restaurants/ambitious-ales-brewing-set-to-open-first-orange-county-location/,2026-07-03
2026-07-02,The Merc Announces First Wave of Restaurants and Retailers in San Antonio,"5730 UTSA Boulevard, San Antonio, TX 78249, USA",https://whatnow.com/san-antonio/restaurants/the-merc-announces-first-wave-of-restaurants-and-retailers-in-san-antonio/,2026-07-02
2026-07-02,7 Brew Coffee Plans to Open Drive-Thru Location in Hutto,"130 Chris Kelley Blvd, Hutto, TX 78634, USA",https://whatnow.com/austin/restaurants/7-brew-coffee-plans-to-open-drive-thru-location-in-hutto/,2026-07-02
2026-07-02,The Taco Stand Eyes Mission Valley Expansion,"1050 Camino del Rio S, San Diego, CA 92108",https://whatnow.com/san-diego/restaurants/the-taco-stand-eyes-mission-valley-expansion/,2026-07-02
2026-07-02,Jackson’s Ultra Lounge Eyes South Loop for VIP Cocktail Concept,"1301 S Wabash Ave, Chicago, IL 60605",https://whatnow.com/chicago/restaurants/jacksons-ultra-lounge-bringing-vip-cocktail-concept-to-south-loop/,2026-07-02
2026-07-02,Flower Child to Bring Healthy Dining Option to Greater Houston,"14611 Mason Rd, Cypress, TX 77433",https://whatnow.com/houston/restaurants/flower-child-to-bring-healthy-dining-option-to-greater-houston/,2026-07-03
2026-07-02,A Chef-Led Metro Atlanta Restaurant Has Closed After Less Than a Year,"5255 Peachtree Blvd Suite 106, Atlanta, GA 30341",https://whatnow.com/atlanta/restaurants/a-chef-led-metro-atlanta-restaurant-has-closed-after-less-than-a-year/,2026-07-02
2026-07-02,WSKY Bar and Grill to Open in Centennial Hills,"6470 Kevin Way, Las Vegas, NV 89149",https://whatnow.com/las-vegas/restaurants/wsky-bar-and-grill-to-open-in-centennial-hills/,2026-07-02
2026-07-02,SAGE Bringing Elevated Asian-Inspired Dining to Downtown Columbus,"114 N 3rd St, Columbus, OH 43215, USA",https://whatnow.com/columbus/restaurants/sage-bringing-elevated-asian-inspired-dining-to-downtown-columbus/,2026-07-02
2026-07-02,Mission BBQ Joining Large Westgate Plaza Redevelopment Project in Toledo,"3450 Central Ave, Toledo, OH 43606",https://whatnow.com/detroit/restaurants/mission-bbq-joining-large-westgate-plaza-redevelopment-project-in-toledo/,2026-07-02
2026-07-01,Motion Water Files Papers for New Location,"163 E Pontotoc Ave, Memphis, TN 38103",https://whatnow.com/memphis/restaurants/motion-water-files-papers-for-new-location/,2026-07-02
2026-07-01,Chef Zach Scherer to Debut Two New Comfort Food Concepts at Katella Commons,"2610 E Katella Ave, Anaheim, CA 92806",https://whatnow.com/orange-county/restaurants/chef-zach-scherer-to-debut-two-new-comfort-food-concepts-at-katella-commons/,2026-07-02
2026-07-01,Little Bull To Relocate to Expanded Downtown Durham Home,"301 E Chapel Hill St, Durham, NC 27701, USA",https://whatnow.com/charlotte/restaurants/little-bull-to-relocate-to-expanded-downtown-durham-home/,2026-07-01
2026-07-01,Joe and The Juice to Bring a Second Location to Houston,"3400 White Oak Dr, Houston, TX 77007",https://whatnow.com/houston/restaurants/joe-and-the-juice-to-bring-a-second-location-to-houston/,2026-07-02
2026-07-01,Rothy's Headed to Cherry Creek Shopping Center,"3000 E 1st Ave, Denver, CO 80206",https://whatnow.com/denver/retail/rothys-headed-to-cherry-creek-shopping-center/,2026-07-01
2026-07-01,Bad Bambino to Open in West Ashley This Summer,"1301 Ashley River Rd., Charleston, SC 29407",https://whatnow.com/charleston/restaurants/bad-bambino-to-open-in-west-ashley-this-summer/,2026-07-01
2026-07-01,Mountain Mike’s Pizza Enters Tennessee With Nolensville Opening | What Now Nashville,"7344 Nolensville Rd, Nolensville, TN 37135",https://whatnow.com/nashville/restaurants/mountain-mikes-pizza-enters-tennessee-with-nolensville-opening/,2026-07-01
2026-07-01,42nd St. Oyster Bar Shares New Reopening Update,"508 W Jones St, Raleigh, NC 27603, USA",https://whatnow.com/charlotte/restaurants/42nd-st-oyster-bar-shares-new-reopening-update/,2026-07-01
2026-07-01,A Fast-Growing Coffee Chain Just Opened Two New Manhattan Locations,"52 Vanderbilt Ave Lower Level, New York, NY 10017, United States",https://whatnow.com/new-york/restaurants/a-fast-growing-coffee-chain-just-opened-two-new-manhattan-locations/,2026-07-01
2026-07-01,Khao Soi to Debut at OCVIBE's Katella Commons in Anaheim,"2610 E Katella Ave, Anaheim, CA 92806",https://whatnow.com/orange-county/restaurants/khao-soi-to-debut-at-ocvibes-katella-commons-in-anaheim/,2026-07-01
2026-07-01,An Award-Winning Massachusetts BBQ Restaurant Will Permanently Close This Weekend,"341 Cochituate Rd, Framingham, MA 01701, United States",https://whatnow.com/boston/restaurants/an-award-winning-massachusetts-bbq-restaurant-will-permanently-close-this-weekend/,2026-07-01
2026-07-01,Elevated New York-Irish Pub Coming to the East Village,"61 2nd Ave, New York, NY 10003",https://whatnow.com/new-york/restaurants/elevated-new-york-irish-pub-coming-to-the-east-village/,2026-07-01
2026-07-01,Wonder Plans Its Multi-Restaurant Food Hall to Waco,"800 S 7th St, Waco, TX 76706",https://whatnow.com/dallas/restaurants/wonder-plans-its-multi-restaurant-food-hall-to-waco/,2026-07-02
2026-07-01,One of America’s Biggest Chicken Chains Is Expanding With 9 New Locations Across North Texas,,https://whatnow.com/dallas/restaurants/one-of-americas-biggest-chicken-chains-is-expanding-with-9-new-locations-across-north-texas/,2026-07-01
2026-07-01,Banjara Indian Bistro Reopens With New South Jersey Location,"687 Berlin - Cross Keys Rd., Sicklerville, NJ 08081",https://whatnow.com/philadelphia/restaurants/banjara-indian-bistro-reopens-with-new-south-jersey-restaurant/,2026-07-01
2026-07-01,"Wahlburgers Leaves St.Charles, But Not for Long As New Location Teased",,https://whatnow.com/chicago/restaurants/wahlburgers-leaves-st-charles-but-not-for-long-as-new-location-teased/,2026-07-01
2026-07-01,Raíces Bringing Regional Mexican Cuisine to Charlotte’s South End,"1414 S Tryon St, Charlotte, NC 28203, USA",https://whatnow.com/charlotte/restaurants/raices-bringing-regional-mexican-cuisine-to-charlottes-south-end/,2026-07-01
2026-07-01,A Miami Beach Michelin-Recommended Taqueria Is Serving Its Final Tacos on July 31,"7450 Ocean Ter, Miami Beach, FL 33141",https://whatnow.com/miami/restaurants/a-miami-beach-michelin-recommended-taqueria-is-serving-its-final-tacos-on-july-31/,2026-07-01
2026-07-01,Botánico Cocina & Social Club Taking Over Former Lure Space This Summer | What Now Atlanta,"1106 Crescent Ave NE, Atlanta, GA 30309",https://whatnow.com/atlanta/restaurants/botanico-cocina-social-club-taking-over-former-lure-space-this-summer/,2026-07-01
2026-07-01,A Nearly 40-Year-Old Stockyards Mexican Restaurant Is Closing This Weekend,"1540 N Main St, Fort Worth, TX 76164, United States",https://whatnow.com/dallas/restaurants/a-nearly-40-year-old-stockyards-mexican-restaurant-is-closing-this-weekend/,2026-07-01
2026-07-01,"Original Triplet's Blue Store to Close, Relocation Planned","605 Mills Ave, Baton Rouge, LA 70807",https://whatnow.com/new-orleans/restaurants/original-triplets-blue-store-to-close-relocation-planned/,2026-07-02
2026-07-01,An Ambitious Portuguese Concept is Coming to the West Village,"142 W 10th St, New York, NY 10014",https://whatnow.com/new-york/restaurants/an-ambitious-portuguese-concept-is-coming-to-the-west-village/,2026-07-01
2026-07-01,Historic Bruno's Tavern Reopening with New Ownership Team,"7538 Maple St, New Orleans, LA 70118",https://whatnow.com/new-orleans/restaurants/historic-brunos-tavern-reopening-with-new-ownership-team/,2026-07-01
2026-07-01,Burritos La Palma To Open at Katella Commons in OCVIBE,"2610 E Katella Ave, Anaheim, CA 92806",https://whatnow.com/orange-county/restaurants/burritos-la-palma-to-open-at-katella-commons-in-ocvibe/,2026-07-02
2026-07-01,Smooth Monkey Bringing Fresh Smoothies to Uptown Charlotte,"500 W Trade St, Charlotte, NC 28202, USA",https://whatnow.com/charlotte/restaurants/smooth-monkey-bringing-fresh-smoothies-to-uptown-charlotte/,2026-07-01
2026-07-01,Second Summit Tacos Restaurant Planned for Boulder,"1149 13th St, Boulder, CO 80302",https://whatnow.com/denver/restaurants/second-summit-tacos-restaurant-planned-for-boulder/,2026-07-01
2026-07-01,Postino WineCafé Eyes Chapel Hill for Second Triangle Restaurant,"201 S Estes Dr, Chapel Hill, NC 27514, USA",https://whatnow.com/charlotte/restaurants/postino-winecafe-eyes-chapel-hill-for-second-triangle-restaurant/,2026-07-01
2026-07-01,Bad Luck Burger Club Bringing First Standalone Restaurant to East Nashville,"501 Gallatin Ave, Nashville, TN 37206, USA",https://whatnow.com/nashville/restaurants/bad-luck-burger-club-bringing-first-standalone-restaurant-to-east-nashville/,2026-07-01
2026-07-01,Pirate Panda Brewing to Open in Downtown Roanoke,"200 S Oak St, Roanoke, TX 76262, USA",https://whatnow.com/dallas/restaurants/pirate-panda-brewing-to-open-in-downtown-roanoke/,2026-07-01
2026-07-01,Sushi & Mariscos Bella Vista Planning Second Phoenix Location,"2120 E Cactus Rd, Phoenix, AZ 85022",https://whatnow.com/phoenix/restaurants/sushi-mariscos-bella-vista-planning-second-phoenix-location/,2026-07-02
2026-07-01,The Bluebird Cafe Plans First Expansion at Nissan Stadium,"1 Titans Wy, Nashville, TN 37213, USA",https://whatnow.com/nashville/restaurants/the-bluebird-cafe-plans-first-expansion-at-nissan-stadium/,2026-07-01
2026-07-01,Sound Break Coming to RailSpur in Pioneer Square,"115 S Jackson St, Seattle, WA 98104",https://whatnow.com/seattle/restaurants/sound-break-coming-to-railspur-in-pioneer-square/,2026-07-02
2026-07-01,C.mores Coffee Roasters to Bring Vietnamese Coffee Culture to Mueller,"1414 E 51st St, Austin, TX 78723",https://whatnow.com/austin/restaurants/c-mores-coffee-roasters-to-bring-vietnamese-coffee-culture-to-mueller/,2026-07-02
2026-07-01,A NYC-Born Fast-Casual Chain Is Opening Its 13th Restaurant in Arizona,"2222 W Happy Valley Rd, Phoenix, AZ 85085, United States",https://whatnow.com/phoenix/restaurants/a-nyc-born-fast-casual-chain-is-opening-its-13th-restaurant-in-arizona/,2026-07-01
2026-07-01,Snarf's Sandwiches Plans New Denver Restaurant,"4504 Peoria St, Denver, CO 80239",https://whatnow.com/denver/restaurants/snarfs-sandwiches-plans-new-denver-restaurant/,2026-07-01
2026-07-01,The East Coast Frozen Treat Chain Making Its North Texas Debut,"8900 N Tarrant Pkwy, North Richland Hills, TX 76182, United States",https://whatnow.com/dallas/restaurants/the-east-coast-frozen-treat-chain-making-its-north-texas-debut/,2026-07-01
2026-07-01,Mike Shea's Coffee Roasting Brewing Up Second Bridgewater Location,"1 Lakeshore Center, Bridgewater, MA 02324",https://whatnow.com/boston/restaurants/mike-sheas-coffee-roasting-brewing-up-second-bridgewater-location/,2026-07-01
2026-07-01,Gohan Bringing Japanese Flavors to Beacon Hill,"2904 Beacon Ave S, Seattle, WA 98144",https://whatnow.com/seattle/restaurants/gohan-bringing-japanese-flavors-to-beacon-hill/,2026-07-02
2026-07-01,3 Atlanta Restaurants Permanently Closed in June 2026,,https://whatnow.com/atlanta/restaurants/3-atlanta-restaurants-permanently-closed-in-june-2026/,2026-07-01
2026-07-01,PreGame Sports Grill Preparing to Open in Ahwatukee,"4142 E Chandler Blvd, Phoenix, AZ 85048",https://whatnow.com/phoenix/restaurants/pregame-sports-grill-preparing-to-open-in-ahwatukee/,2026-07-02
2026-07-01,"A Popular Chicken Chain Is Opening a New Sacramento-Area Restaurant, Creating 60 Jobs","7411 Fair Oaks Blvd, Carmichael, CA 95608, United States",https://whatnow.com/sacramento/restaurants/a-popular-chicken-chain-is-opening-a-new-sacramento-area-restaurant-creating-60-jobs/,2026-07-01
2026-06-30,Local Owner Bringing Decadent Dessert Bar To McDonough | What Now Atlanta,"99 Hwy 81 Suite 104, McDonough, GA 30253",https://whatnow.com/atlanta/restaurants/local-owner-bringing-decadent-dessert-bar-to-mcdonough/,2026-07-01
2026-06-30,Everywhere Social Club Taking Over Pasteur Vietnamese Space in Edgewater,"5525 N Broadway, Chicago, IL 60640",https://whatnow.com/chicago/restaurants/everywhere-social-club-taking-over-pasteur-vietnamese-space-in-edgewater/,2026-07-01
2026-06-30,"Rosewood Social Club Brings Food, Cocktails, and Community Together in East Austin","1309 Rosewood Ave, Austin, TX 78702",https://whatnow.com/austin/restaurants/rosewood-social-club-brings-food-cocktails-and-community-together-in-east-austin/,2026-07-01
2026-06-30,Houston Restaurateurs and Industry Leaders Gather for What Now Media Group’s Accelerate Event,"907 Franklin St, Houston, TX 77002",https://whatnow.com/houston/restaurants/houston-restaurateurs-and-industry-leaders-gather-for-what-now-media-groups-accelerate-event/,2026-07-01
2026-06-30,Multifaceted Korean Culinary and Artistic Hub Coming to NoMad,"135 W 29th St, New York, NY 10001",https://whatnow.com/new-york/restaurants/multifaceted-korean-culinary-and-artistic-hub-coming-to-nomad/,2026-07-01
2026-06-30,Hashtag India Planning Another Location In Atlanta Area,"6650 Roswell Rd, Sandy Springs, GA 30328",https://whatnow.com/atlanta/restaurants/hashtag-india-planning-another-location-in-atlanta-area/,2026-07-01
2026-06-30,"Coffee, Cowboys and Dinosaurs: Hidden Grounds Coffee Heads to Charleston","17 Magazine St., Charleston, SC 29401",https://whatnow.com/charleston/restaurants/coffee-cowboys-and-dinosaurs-hidden-grounds-coffee-heads-to-charleston/,2026-07-01
2026-06-30,PJ's Pub Is Taking Over a Familiar Spot in Oroville,"6093 LINCOLN BLVD , OROVILLE, CA, 95966",https://whatnow.com/sacramento/restaurants/pjs-pub-is-taking-over-a-familiar-spot-in-oroville/,2026-07-01
2026-06-30,A Family-Run Mexican Kitchen Built on 40 Years of Recipes Arrives in North Peoria,"25700 N Lake Pleasant Pkwy, Peoria, AZ 85383",https://whatnow.com/phoenix/restaurants/a-family-run-mexican-kitchen-built-on-40-years-of-recipes-arrives-in-north-peoria/,2026-07-01
2026-06-30,"From a Pop-Up Table to a Real Storefront, Banzito's Tacos Is Coming to Old Town Auburn","216 Washington St, Auburn, CA 95603",https://whatnow.com/sacramento/restaurants/from-a-pop-up-table-to-a-real-storefront-banzitos-tacos-is-coming-to-old-town-auburn/,2026-07-01
2026-06-30,A Celebrity-Backed Burger Chain Has Closed Its Last Illinois Location,"825 S Randall Rd, St. Charles, IL 60174",https://whatnow.com/chicago/restaurants/a-celebrity-backed-burger-chain-has-closed-its-last-illinois-location/,2026-07-01
2026-06-30,Coratti’s Pizza Planning Fall Opening in East Lansing After Years of Delays,"321 E Grand River Ave, East Lansing, MI 48823",https://whatnow.com/detroit/restaurants/corattis-pizza-planning-fall-opening-in-east-lansing-after-years-of-delays/,2026-07-01
2026-06-30,The Ramen Chain Behind JINYA Is Opening a Japanese Bakery in Encino,"17237 Ventura Blvd Ste c, Encino, CA 91316, United States",https://whatnow.com/los-angeles/restaurants/the-ramen-chain-behind-jinya-is-opening-a-japanese-bakery-in-encino/,2026-07-01
2026-06-30,Playa Bowls Planning Multiple Canadian Locations Following Toronto Debut,"197 N Queen St, Etobicoke, ON M9C 1A7, Canada",https://whatnow.com/toronto/restaurants/playa-bowls-planning-multiple-canadian-locations-following-toronto-debut/,2026-07-01
2026-06-30,Portland's Hawthorne Neighborhood Is Getting a Listening Bar Unlike Anything Else in the City,"4536 SE Hawthorne Blvd, Portland, OR 97215, USA",https://whatnow.com/portland/restaurants/portlands-hawthorne-neighborhood-is-getting-a-listening-bar-unlike-anything-else-in-the-city/,2026-07-01
2026-06-30,From Pop-Up to Permanent: KYN Lands in Downtown Charleston,"61 Cannon St., Charleston, SC 29403",https://whatnow.com/charleston/restaurants/from-pop-up-to-permanent-kyn-lands-in-downtown-charleston/,2026-07-01
2026-06-30,Presswell's Sandwich Co. Brings Front-Page Flavor to Conway,"1206 Cottage Ln, Conway, SC 29526",https://whatnow.com/charleston/restaurants/presswells-sandwich-co-brings-front-page-flavor-to-conway/,2026-07-01
2026-06-30,Historic Manhattan Steakhouse and Three Other NYC Restaurants Close in June 2026,,https://whatnow.com/new-york/restaurants/historic-manhattan-steakhouse-and-three-other-nyc-restaurants-close-in-june-2026/,2026-07-01
2026-06-30,A Memphis Italian Staple Known for BBQ Pizza Is Saying Goodbye,"2850 Appling Rd, Memphis, TN 38133",https://whatnow.com/memphis/restaurants/a-memphis-italian-staple-known-for-bbq-pizza-is-saying-goodbye/,2026-07-01
2026-06-30,Detroit Restaurateurs and Hospitality Leaders Connect at What Now Media Group’s Accelerate Event,"1521 Broadway St, Detroit, MI 48226",https://whatnow.com/detroit/restaurants/detroit-restaurateurs-and-hospitality-leaders-connect-at-what-now-media-groups-accelerate-event/,2026-07-01
2026-06-29,Beloved Brookline Chinese Restaurant Bids Farewell After 66 Years,"1651 Beacon St, Brookline, MA 02445",https://whatnow.com/boston/restaurants/beloved-brookline-chinese-restaurant-bids-farewell-after-66-years/,2026-06-29
2026-06-29,Fusion Curry Pizza Is Relocating to NE Fremont Street in the Coming Months,"4831 NE Fremont St, Portland, OR 97213",https://whatnow.com/portland/restaurants/fusion-curry-pizza-is-relocating-to-ne-fremont-street-in-the-coming-months/,2026-06-29
2026-06-29,Portland's Next Great Date Night Spot is a Café Where You Can Paint Pottery and Sip Wine at the Same Time,"3777 SE Belmont St, Portland, OR 97214",https://whatnow.com/portland/restaurants/portlands-next-great-date-night-spot-is-a-cafe-where-you-can-paint-pottery-and-sip-wine-at-the-same-time/,2026-06-29
2026-06-29,Volcano Steak & Sushi Planning McDonough Expansion | What Now Atlanta,"193 Hwy 81, McDonough, GA 30253",https://whatnow.com/atlanta/restaurants/volcano-steak-sushi-planning-mcdonough-expansion/,2026-06-29
2026-06-29,High Grounds Coffee Roasters Proposes More Growth Across New Jersey,,https://whatnow.com/philadelphia/restaurants/high-grounds-coffee-roasters-proposes-more-growth-across-new-jersey/,2026-06-29
2026-06-29,Metro Cafe Heading To Santa Monica For Third Location | What Now Los Angeles,"1920 Santa Monica Blvd, Santa Monica, CA 90404",https://whatnow.com/los-angeles/restaurants/metro-cafe-heading-to-santa-monica-for-third-location/,2026-06-29
2026-06-29,Sports Bar Joining Arrow Highway In Glendora | What Now Los Angeles,"129 E Arrow Hwy, Glendora, CA 91740",https://whatnow.com/los-angeles/restaurants/sports-bar-joining-arrow-highway-in-glendora/,2026-06-29
2026-06-29,Torchy's Tacos to Open New Location in Waxahachie,"120 Bessie Coleman Blvd #102, Waxahachie, TX 75165, USA",https://whatnow.com/dallas/restaurants/torchys-tacos-to-open-new-location-in-waxahachie/,2026-07-01
2026-06-29,Moka & Co Plans to Bring Yemeni Coffee Culture to Austin,"4450 University Blvd, Round Rock, TX 78665, USA",https://whatnow.com/austin/restaurants/moka-co-plans-to-bring-yemeni-coffee-culture-to-austin/,2026-07-01
2026-06-29,Volare in Streeterville to Open Additional Carryout Location This Fall,"111 E Chestnut St, Chicago, IL 60611",https://whatnow.com/chicago/restaurants/volare-in-streeterville-to-open-additional-carryout-location-this-fall/,2026-06-29
2026-06-29,Boostin’ Bowls to Open Second Location in Lafayette Hill,"428 Germantown Pike, Lafayette Hill, PA 19444",https://whatnow.com/philadelphia/restaurants/boostin-bowls-to-open-second-location-in-lafayette-hill/,2026-06-29
2026-06-29,A Belgian Chocolate Dessert Cafe Just Opened Late-Night in Denver,"2320 S Parker Rd, Denver, CO 80231",https://whatnow.com/denver/restaurants/a-belgian-chocolate-dessert-cafe-just-opened-late-night-in-denver/,2026-06-29
2026-06-29,Golf-Themed Restaurant Inspired by Caddyshack Closes After 25 Years,"455 S Legacy Trail E106, St. Augustine, FL 32092",https://whatnow.com/jacksonville/restaurants/golf-themed-restaurant-inspired-by-caddyshack-closes-after-25-years/,2026-06-29
2026-06-29,Good Standing To Bring New Restaurant To Mar Vista | What Now Los Angeles,"12906 Venice Blvd., Los Angeles, CA 90066",https://whatnow.com/los-angeles/restaurants/good-standing-to-bring-new-restaurant-to-mar-vista/,2026-06-29
2026-06-29,Colorado's First Taco Bell Cantina Just Landed at DEN,"8500 Peña Blvd, Denver, CO 80249",https://whatnow.com/denver/restaurants/colorados-first-taco-bell-cantina-just-landed-at-den/,2026-06-29
2026-06-29,Japanese-Style Market Heading To North Hollywood | What Now Los Angeles,"11016 Magnolia Blvd, North Hollywood, CA 91601",https://whatnow.com/los-angeles/restaurants/japanese-style-market-heading-to-north-hollywood/,2026-06-29
2026-06-29,Mastro’s Steakhouse To Debut in Dallas,"14000 Wentwood Dr, Dallas, TX 75225, USA",https://whatnow.com/dallas/restaurants/mastros-steakhouse-to-debut-in-dallas/,2026-07-01
2026-06-29,C.R. Chicks Joins Lineup at Avenir Town Center,"Northlake Boulevard and Avenir Drive, Palm Beach Gardens, FL 33412",https://whatnow.com/miami/restaurants/c-r-chicks-joins-lineup-at-avenir-town-center/,2026-06-29
2026-06-29,6 Beloved Bay Area Restaurants Shut Their Doors in June 2026,,https://whatnow.com/san-francisco/restaurants/6-beloved-bay-area-restaurants-shut-their-doors-in-june-2026/,2026-06-29
2026-06-29,"James Oliver Coffee Corktown Future Uncertain, Owners Hint At Move",,https://whatnow.com/detroit/restaurants/james-oliver-coffee-corktown-future-uncertain-owners-hint-at-move/,2026-06-29
2026-06-29,Tiki Kai Eyeing West Hollywood Expansion | What Now Los Angeles,"8171 Santa Monica Blvd, West Hollywood, CA 90046",https://whatnow.com/los-angeles/restaurants/tiki-kai-eyeing-west-hollywood-expansion/,2026-06-29
2026-06-29,Fort Lauderdale's Beloved Jungle Queen Changes Hands,"801 Seabreeze Blvd, Fort Lauderdale, FL 33316",https://whatnow.com/miami/restaurants/fort-lauderdales-beloved-jungle-queen-changes-hands/,2026-06-29
2026-06-29,Owners of Sergey’s Bakery Building Ukrainian Restaurant Concept in Midland,"1716 W Wackerly St, Midland, MI 48640",https://whatnow.com/detroit/restaurants/owners-of-sergeys-bakery-building-ukrainian-restaurant-concept-in-midland/,2026-06-29
2026-06-29,Milwaukie Station Food Carts Has a New Owner and a Big Vision for the Community,"11301 SE 21st Ave, Milwaukie, OR 97222",https://whatnow.com/portland/restaurants/milwaukie-station-food-carts-has-a-new-owner-and-a-big-vision-for-the-community/,2026-06-29
2026-06-29,A Beloved Dallas Restaurant Has Closed After Nearly 30 Years,"8201 Preston Rd, Dallas, TX 75225",https://whatnow.com/dallas/restaurants/a-beloved-dallas-restaurant-has-closed-after-nearly-30-years/,2026-06-29
2026-06-29,A San Antonio Café Built Around Culture and Cariño Is Closing,"1123 Nogalitos St #1, San Antonio, TX 78204, United States",https://whatnow.com/san-antonio/restaurants/a-san-antonio-cafe-built-around-culture-and-carino-is-closing/,2026-06-29
2026-06-28,Hot Cookie Expands Bay Area Presence With New Location,"Beach & Embarcadero San Francisco, CA 94133",https://whatnow.com/san-francisco/restaurants/hot-cookie-expands-bay-area-presence-with-new-location/,2026-06-28
2026-06-28,Hazel Preparing to Debut New Home in Occidental,"3688 Bohemian Hwy, Occidental, CA 95465",https://whatnow.com/san-francisco/restaurants/hazel-preparing-to-debut-new-home-in-occidental/,2026-06-28
2026-06-28,New Restaurant Appears to Be Planned for Gilroy,"815 1st St, Gilroy, CA 95020",https://whatnow.com/san-francisco/restaurants/new-restaurant-appears-to-be-planned-for-gilroy/,2026-06-28
2026-06-28,RusUz Bringing Authentic Russian and Uzbekistan Dining to DC,"2600 Pennsylvania Ave NW, Washington, DC 20037",https://whatnow.com/washington-dc/restaurants/rusuz-bringing-authentic-russian-and-uzbekistan-dining-to-dc/,2026-06-28
2026-06-28,Charcuteria Preparing for Summer Opening,"2104 Vermont Ave NW, Washington, DC 20001",https://whatnow.com/washington-dc/restaurants/charcuteria-preparing-for-summer-opening/,2026-06-28
2026-06-28,7 Brew Sets its Sights on Arlington,,https://whatnow.com/memphis/restaurants/7-brew-sets-its-sights-on-arlington/,2026-06-28
2026-06-28,Shoma Bay in North Miami to Offer a Publix,"1850 John F Kennedy Causeway, North Bay Village, FL 33141",https://whatnow.com/miami/restaurants/shoma-bay-in-north-miami-to-offer-a-publix/,2026-06-28
2026-06-28,Ondam Restaurant Bringing Traditional Korean Cuisine to Anaheim,"928 N Euclid St, Anaheim, CA 92801",https://whatnow.com/orange-county/restaurants/ondam-restaurant-bringing-traditional-korean-cuisine-to-anaheim/,2026-06-28
2026-06-28,Voodoo Brewing Readying for Herndon Debut,"2311 Dulles Station Blvd, Herndon, VA 20171",https://whatnow.com/washington-dc/restaurants/voodoo-brewing-readying-for-herndon-debut/,2026-06-29
2026-06-28,Coffee Heavy Hitter Receives Approval for Collierville Location,,https://whatnow.com/memphis/restaurants/coffee-heavy-hitter-receives-approval-for-collierville-location/,2026-06-29
2026-06-28,Pelican Landing to Reopen at Reimagined Pier Sixty-Six,"2301 SE 17th St, Fort Lauderdale, FL 33316",https://whatnow.com/miami/restaurants/pelican-landing/,2026-06-29
2026-06-28,Scrapped the Plate Bistro May be Headed to New Brick and Mortar Location,"7199 Stage Rd, Memphis, TN 38133",https://whatnow.com/memphis/restaurants/scrapped-the-plate-bistro-may-be-headed-to-new-brick-and-mortar-location/,2026-06-28
2026-06-28,Aldi is Opening a Second Miramar Location,"17101 Miramar Pkwy, Miramar, FL 33027",https://whatnow.com/miami/retail/aldi-is-opening-a-second-miramar-location/,2026-06-29
2026-06-28,Bay Burgers Relocating to Larger Redwood City Restaurant,"976 Woodside Rd, Redwood City, CA 94061",https://whatnow.com/san-francisco/restaurants/bay-burger-relocating-to-larger-redwood-city-restaurant/,2026-06-28
2026-06-27,Rebol Opening New Westerville Location in Former Hot Chicken Takeover Space,"435 Polaris Pkwy #101, Westerville, OH 43082",https://whatnow.com/columbus/restaurants/rebol-opening-new-westerville-location-in-former-hot-chicken-takeover-space/,2026-06-27
2026-06-27,Ethnos Coffee Roasters Headed to Harbor Town Square,"114 Harbor Town Square, Memphis, TN 38103",https://whatnow.com/memphis/restaurants/ethnos-coffee-roasters-headed-to-harbor-town/,2026-06-27
2026-06-27,The Village San Antonio Set To Open in 2026 With the Newstand Chefs Heading Kitchen,"723 S Flores St, San Antonio, TX 78204, USA",https://whatnow.com/san-antonio/restaurants/the-village-san-antonio-set-to-open-in-2026-with-the-newstand-chefs-heading-kitchen/,2026-06-27
2026-06-27,Yumee Katsu Eyes Tustin Location,"654 E 1st St, Tustin, CA 92780",https://whatnow.com/orange-county/restaurants/yumee-katsu-eyes-tustin-location/,2026-06-27
2026-06-26,New Indian Restaurant Opening in Orange Park Next Month,"1330 Blanding Blvd, Orange Park, FL 32065",https://whatnow.com/jacksonville/restaurants/new-indian-restaurant-opening-in-orange-park-next-month/,2026-06-27
2026-06-26,Bengaluru Cafe Bringing “the Authentic Taste of South India” to Land O’ Lakes,"16860 Focus Lp, Land O\' Lakes, FL 34638",https://whatnow.com/tampa/restaurants/bengaluru-cafe-bringing-the-authentic-taste-of-south-india-to-land-o-lakes/,2026-06-27
2026-06-26,Modern Greek Spot Being Planned for the Upper East Side,"1007 Lexington Ave, New York, NY 10021",https://whatnow.com/new-york/restaurants/modern-greek-spot-being-planned-for-the-upper-east-side/,2026-06-27
2026-06-26,Piada Italian Street Food Could Be Coming to Leander,"San Gabriel Pkwy, Leander, TX 78641, United States",https://whatnow.com/austin/restaurants/piada-italian-street-food-could-be-coming-to-leander/,2026-06-27
2026-06-26,McHale's Pub Brings Authentic Irish Hospitality and Community Spirit to NoDa,"3112 N Davidson St, Charlotte, NC 28205",https://whatnow.com/charlotte/restaurants/mchales-pub-brings-authentic-irish-hospitality-and-community-spirit-to-noda/,2026-06-27
2026-06-26,A Fast-Growing Farm-to-Table Chain Is Opening Its First Tennessee Location,"223 4th Ave N, Nashville, TN 37219",https://whatnow.com/nashville/restaurants/a-fast-growing-farm-to-table-chain-is-opening-its-first-tennessee-location/,2026-06-27
2026-06-26,Dough Baby Sets First Storefront in San Antonio After Pearl Farmers Market Success,"4219 McCullough Ave, Olmos Park, TX 78212, USA",https://whatnow.com/san-antonio/restaurants/dough-baby-sets-first-storefront-in-san-antonio-after-pearl-farmers-market-success/,2026-06-27
2026-06-26,Parish Biscuit Co. Expanding with Second Baton Rouge Location,"220 W Lee Dr, Baton Rouge, LA 70808",https://whatnow.com/new-orleans/restaurants/parish-biscuit-co-expanding-with-second-baton-rouge-location/,2026-06-27
2026-06-26,Herron Real Estate Going into the Coffee Business with House of Coffee,"10580 US-1 Ste 412, Ponte Vedra Beach, FL 32081",https://whatnow.com/jacksonville/restaurants/herron-real-estate-going-into-the-coffee-business-with-house-of-coffee/,2026-06-27
2026-06-26,Portland Spirit Has a New President After 32 Years and the Waterfront Restaurant Plans Are Still on Track,"1020 SW Naito Pkwy, Portland, OR 97204",https://whatnow.com/portland/restaurants/portland-spirit-has-a-new-president-after-32-years-and-the-waterfront-restaurant-plans-are-still-on-track/,2026-06-27
2026-06-26,Rising Costs and Slower Business End a 54-Year-Old NoHo Diner,"739 Broadway, New York, NY 10003",https://whatnow.com/new-york/restaurants/rising-costs-and-slower-business-end-a-54-year-old-noho-diner/,2026-06-27
2026-06-26,Sarasota’s European Bistro Marcel Is Expanding to St. Pete,"1225 Dr M.L.K. Jr St N, St. Petersburg, FL 33701",https://whatnow.com/tampa/restaurants/sarasotas-european-bistro-marcel-is-expanding-to-st-pete/,2026-06-27
2026-06-26,"Dunkin' is Bringing Coffee, Doughnuts, and More to Port St. Lucie","10660 Crosstown Pkwy, Port St. Lucie, FL 34987",https://whatnow.com/miami/restaurants/dunkin-is-bringing-coffee-doughnuts-and-more-to-port-st-lucie/,2026-06-27
2026-06-26,"Luxury Beanie Brand ZITELLE to Relocate in Salem, with Nearby Gelato Bar Also in the Works",,https://whatnow.com/boston/restaurants/luxury-beanie-brand-zitelle-to-relocate-in-salem-with-nearby-gelato-bar-also-in-the-works/,2026-06-27
2026-06-26,Chef Debuting New Restaurant ‘Taan’ in Humboldt Park with Thai Specialties,"2759 W Augusta Blvd, Chicago, IL 60622",https://whatnow.com/chicago/restaurants/chef-debuting-new-restaurant-taan-in-humboldt-park-with-thai-specialties/,2026-06-27
2026-06-26,Barrio Burrito Bar Coming to Riverview,"9830 Upper Alafia Ct #101, Riverview, FL 33578",https://whatnow.com/tampa/restaurants/barrio-burrito-bar-coming-to-riverview/,2026-06-27
2026-06-26,Infinity 8 Smoothies Plans Mobile Launch in Jacksonville,,https://whatnow.com/jacksonville/restaurants/infinity-8-smoothies-plans-mobile-launch-in-jacksonville/,2026-06-27
2026-06-26,'Sabor and Beer' Concept to Open Near Desert Sky Mall This Year,"2270 N 75th Ave, Phoenix, AZ 85035",https://whatnow.com/phoenix/restaurants/sabor-and-beer-concept-to-open-near-desert-sky-mall-this-year/,2026-06-27
2026-06-26,New Yosemite Restaurant Concept Set for $1.59M Renovation at Pearl Parkway in San Antonio,"306 Pearl Pkwy, San Antonio, TX 78215, USA",https://whatnow.com/san-antonio/restaurants/new-yosemite-restaurant-concept-set-for-1-59m-renovation-at-pearl-parkway-in-san-antonio/,2026-06-27
2026-06-26,"Birdcall Sets Sights on Ohio, Illinois and More in National Expansion Push",,https://whatnow.com/columbus/restaurants/birdcall-sets-sights-on-ohio-illinois-and-more-in-national-expansion-push/,2026-06-27
2026-06-26,Beloved Houston Tex-Mex Staple Has Closed After More Than Two Decades,"2728 W T C Jester Blvd, Houston, TX 77018, United States",https://whatnow.com/houston/restaurants/beloved-houston-tex-mex-staple-has-closed-after-more-than-two-decades/,2026-06-27
2026-06-26,Pura Vida Miami Signs Lease at Midtown Tampa,"3659 Midtown Dr, Tampa, FL 33607",https://whatnow.com/tampa/restaurants/pura-vida-miami-signs-lease-at-midtown-tampa/,2026-06-27
2026-06-26,A Longtime Columbus Asian Bistro Is Closing to Make Way for a Brand-New Concept,"641 N High St, Columbus, OH 43215, United States",https://whatnow.com/columbus/restaurants/a-longtime-columbus-asian-bistro-is-closing-to-make-way-for-a-brand-new-concept/,2026-06-27
2026-06-26,Scooter’s Coffee Breaks Ground on New Shop Coming to Westland,,https://whatnow.com/detroit/restaurants/scooters-coffee-breaks-ground-on-new-shop-coming-to-westland/,2026-06-27
2026-06-26,Haven Hot Chicken Bringing Spicy Chicken Concept to Durham,"706 9th St, Durham, NC 27705, USA",https://whatnow.com/charlotte/restaurants/haven-hot-chicken-bringing-spicy-chicken-concept-to-durham/,2026-06-27
2026-06-26,Smith Dairy Queens to Open New Bryan Location,"2400 E State Hwy 21, Bryan, TX 77803",https://whatnow.com/austin/restaurants/smith-dairy-queens-to-open-new-bryan-location/,2026-06-27
2026-06-26,Pepper Lunch Will Bring Its Sizzling Japanese Teppanyaki Experience to Leander,,https://whatnow.com/austin/restaurants/pepper-lunch-will-bring-its-sizzling-japanese-teppanyaki-experience-to-leander/,2026-06-27
2026-06-26,Empanada Restaurant School Street Foods Plans Rebuild After Lynnfield Crash,"618 Salem St, Lynnfield, MA 01940",https://whatnow.com/boston/restaurants/empanada-restaurant-school-street-foods-plans-rebuild-after-lynnfield-crash/,2026-06-27
2026-06-26,Cloud 9 Luxe Waterfront SkyLounge Aims to Bring Rooftop Destination to Camden,"10 Delaware Ave., Camden, NJ 08102",https://whatnow.com/philadelphia/restaurants/cloud-9-luxe-waterfront-skylounge-aims-to-bring-rooftop-destination-to-camden/,2026-06-27
2026-06-26,Broussard's Acquired by QED Hospitality,"819 Conti St, New Orleans, LA 70112",https://whatnow.com/new-orleans/restaurants/broussards-acquired-by-qed-hospitality/,2026-06-27
2026-06-26,J Peters Grill & Bar Expands With New Conway Location,"1610 Church St., Conway, SC 29526",https://whatnow.com/charleston/restaurants/j-peters-grill-bar-expands-with-new-conway-location/,2026-06-27
2026-06-26,Ragga Surf Cafe Expanding with Second Location,"134 Riberia St, St. Augustine, FL 32084",https://whatnow.com/jacksonville/restaurants/ragga-surf-cafe-expanding-with-second-location/,2026-06-27
2026-06-26,Jimmy John's Planned for Former Sonic Site on Kingston Pike,"5722 Kingston Pike, Knoxville, TN 37919, USA",https://whatnow.com/nashville/restaurants/jimmy-johns-planned-for-former-sonic-site-on-kingston-pike/,2026-06-27
2026-06-26,Pan-Latin Restaurant Prepping Its Third Location in Two Years,"212 E 34th St, New York, NY 10016",https://whatnow.com/new-york/restaurants/pan-latin-restaurant-prepping-its-third-location/,2026-06-27
2026-06-26,Arble Baking Co. Will Join Murray Hill Branch of Community First Credit Union,"1012 Edgewood Ave S, Jacksonville, FL 32205",https://whatnow.com/jacksonville/restaurants/arble-baking-co-will-join-murray-hill-branch-of-community-first-credit-union/,2026-06-27
2026-06-26,Fork to Fit Kitchen Expanding in Schertz With Second San Antonio-Area Location,"18406 I-35 N #700, Schertz, TX 78154, USA",https://whatnow.com/san-antonio/restaurants/fork-to-fit-kitchen-expanding-in-schertz-with-second-san-antonio-area-location/,2026-06-27
2026-06-26,Vienna Lodge Bar & Grill Opening Later this Summer,"2750F Gallows Rd, Vienna, VA 22180",https://whatnow.com/washington-dc/restaurants/vienna-lodge-bar-grill-opening-later-this-summer/,2026-06-27
2026-06-26,Broadway Restaurant Group Planning New Concept for Former Gaslight Space in Boston's South End,"560 Harrison Ave, Boston, MA 02118",https://whatnow.com/boston/restaurants/broadway-restaurant-group-planning-new-concept-for-former-gaslight-space-in-bostons-south-end/,2026-06-27
2026-06-26,La Chona Sports Bar Bringing the Party to Northwest Side of the City,"3208 W Indian School Rd, Phoenix, AZ 85017",https://whatnow.com/phoenix/restaurants/la-chona-sports-bar-bringing-the-party-to-northwest-side-of-the-city/,2026-06-27
2026-06-26,Max Strength Fitness Franchise to Debut in Charlotte's SouthPark Area,"4715 Park Rd, Charlotte, NC 28209, USA",https://whatnow.com/charlotte/restaurants/max-strength-fitness-franchise-to-debut-in-charlottes-southpark-area/,2026-06-27
2026-06-26,Neptune Sushi to Replace Tajima in North Park,"3015 Adams Ave, San Diego, CA 92116",https://whatnow.com/san-diego/restaurants/neptune-sushi-to-replace-tajima-in-north-park/,2026-06-27
2026-06-26,3 Margaritas Headed to Avenues at Northfield,"8340 E Northfield Blvd, Denver, CO 80238",https://whatnow.com/denver/restaurants/3-margaritas-headed-to-avenues-at-northfield/,2026-06-27
2026-06-26,Retired Operator Returns to Launch After25 in Myrtle Beach,"9668 N Kings Hwy., Myrtle Beach, SC 29572",https://whatnow.com/charleston/restaurants/retired-operator-returns-to-launch-after25-in-myrtle-beach/,2026-06-27
2026-06-26,New Upscale Restaurant Planned for Former Furniture Store in Downtown Hingham,"44 North St, Hingham, MA 02043",https://whatnow.com/boston/restaurants/new-upscale-restaurant-planned-for-former-furniture-store-in-downtown-hingham/,2026-06-27
2026-06-26,Ten Five Hospitality to Deepen DC Presence,"3125 M St NW, Washington, DC 20007",https://whatnow.com/washington-dc/restaurants/ten-five-hospitality-to-deepen-dc-presence/,2026-06-27
2026-06-26,Mystic Social Club to Open in Downtown Dania Beach,"242 E Dania Beach Blvd, Dania Beach, FL 33004",https://whatnow.com/miami/restaurants/mystic-social-club-to-open-in-downtown-dania-beach/,2026-06-27
2026-06-26,Einstein Bros. Bagels Plans August Opening in Mt. Juliet,"401 S Mt Juliet Rd, Mt. Juliet, TN 37122, USA",https://whatnow.com/nashville/restaurants/einstein-bros-bagels-plans-august-opening-in-mt-juliet/,2026-06-27
2026-06-26,Beloved WeHo Breakfast Staple Closes After 16-Year Run,"7494 Santa Monica Blvd, West Hollywood, CA 90046, United States",https://whatnow.com/los-angeles/restaurants/beloved-weho-breakfast-staple-closes-after-16-year-run/,2026-06-27
2026-06-26,Byblos Opening New Restaurant in Lakeview,"900 Harrison Ave, New Orleans, LA 70124",https://whatnow.com/new-orleans/restaurants/byblos-opening-new-restaurant-in-lakeview/,2026-06-27
2026-06-26,Cinque Terre West Plans to Open in North Austin,"4800 Burnet Rd, Austin, TX 78756",https://whatnow.com/austin/restaurants/cinque-terre-west-plans-to-open-in-north-austin/,2026-06-27
2026-06-26,The Vegan Restaurant That Fed Mira Mesa for 16 Years Is Closing July 3,"9928 Mira Mesa Blvd, San Diego, CA 92131, United States",https://whatnow.com/san-diego/restaurants/the-vegan-restaurant-that-fed-mira-mesa-for-16-years-is-closing-july-3/,2026-06-27
2026-06-26,The Perlant to Debut First Nashville Location in The Gulch,"507 12th Ave S, Nashville, TN 37203, USA",https://whatnow.com/nashville/restaurants/the-perlant-to-debut-first-nashville-location-in-the-gulch/,2026-06-27
2026-06-26,Puffles is Bringing Bubble Waffles and More to Davie,"1855 S University Dr, Davie, FL 33324",https://whatnow.com/miami/restaurants/puffles-is-bringing-bubble-waffles-and-more-to-davie/,2026-06-27
2026-06-25,Sixty Vines Sets Opening Date for First San Antonio Restaurant at La Cantera,"15900 La Cantera Pkwy, San Antonio, TX 78256, USA",https://whatnow.com/san-antonio/restaurants/sixty-vines-sets-opening-date-for-first-san-antonio-restaurant-at-la-cantera/,2026-06-26
2026-06-25,Upscale Denver American Restaurant Closes Permanently After a Brief Run,"1433 17th St #150, Denver, CO 80202",https://whatnow.com/denver/restaurants/upscale-denver-american-restaurant-closes-permanently-after-a-brief-run/,2026-06-26
2026-06-25,The Coffee Shop That Makes You Stop and Stare is Opening a Second Location,"807 NW 21st Ave, Portland, OR 97209, USA",https://whatnow.com/portland/restaurants/the-coffee-shop-that-makes-you-stop-and-stare-is-opening-a-second-location/,2026-06-26
2026-06-25,"Vavela Cafe, Chex Grill & Wings To Open New Durham Locations","555 S Mangum St, Durham, NC 27701, USA",https://whatnow.com/charlotte/restaurants/vavela-cafe-chex-grill-wings-to-open-new-durham-locations/,2026-06-26
2026-06-25,Slice House Plans Brentwood Debut on Sand Creek Road for Fall 2026,"2523 Sand Creek Rd, Brentwood, CA 94513",https://whatnow.com/san-francisco/restaurants/slice-house-plans-brentwood-debut-on-sand-creek-road-for-fall-2026/,2026-06-26
2026-06-25,Osen Urban Table Eyes Location in Fullerton,"1050 W Valencia Dr, Fullerton, CA 92833",https://whatnow.com/orange-county/restaurants/osen-urban-table-eyes-location-in-fullerton/,2026-06-26
2026-06-25,Playa Bowls Signs Multi-Unit Agreement for Charlotte Market,"7725 Tega Cay Dr, Tega Cay, SC 29708, United States",https://whatnow.com/charlotte/restaurants/playa-bowls-signs-multi-unit-agreement-for-charlotte-market/,2026-06-26
2026-06-25,Pasta Basta Coming to Mirvish Village,"595 Markham St, Toronto, ON M6G 0B3, Canada",https://whatnow.com/toronto/restaurants/pasta-basta-coming-to-mirvish-village/,2026-06-26
2026-06-25,Dan’s Snack Bar Coming to Downtown Decatur,"406 Church St, Decatur, GA 30030",https://whatnow.com/atlanta/restaurants/dans-snack-bar-coming-to-downtown-decatur/,2026-06-26
2026-06-25,A New Café Is Bringing Island Flavors and Community Vibes to NW Portland,"2340 NW Westover Rd, Portland, OR 97210, USA",https://whatnow.com/portland/restaurants/a-new-cafe-is-bringing-island-flavors-and-community-vibes-to-nw-portland/,2026-06-25
2026-06-25,A New Frozen Yogurt Shop Opens in Summerlin With Special Summer Offerings,"1930 Village Center Cir, Las Vegas, NV 89134",https://whatnow.com/las-vegas/restaurants/a-new-frozen-yogurt-shop-opens-in-summerlin-with-special-summer-offerings/,2026-06-25
2026-06-25,TaKo Cheena Looks to Be at Work on Brick-and-Mortar Restaurant,"932 N Mills Ave, Orlando, FL 32803",https://whatnow.com/orlando/restaurants/tako-cheena-looks-to-be-at-work-on-brick-and-mortar-restaurant/,2026-06-26
2026-06-25,Go Greek Yogurt Plans St. Pete Expansion,"153 2nd Ave N C102, St. Petersburg, FL 33701",https://whatnow.com/tampa/restaurants/go-greek-yogurt-plans-st-pete-expansion/,2026-06-26
2026-06-25,Beloved Montrose Space Bar Bids Farewell to Houston This Weekend,"1417 Westheimer Rd Ste A, Houston, TX 77006",https://whatnow.com/houston/restaurants/beloved-montrose-space-bar-bids-farewell-to-houston-this-weekend/,2026-06-26
2026-06-25,Chocolats Favoris Relocating to Downtown Rimouski,"100 Rue St Germain O, Rimouski, QC G5L 4B5, Canada",https://whatnow.com/montreal/restaurants/chocolats-favoris-relocating-to-downtown-rimouski/,2026-06-26
2026-06-25,Nep Sai Gon BBQ & Hotpot Opening This August,"6817 Eagle Watch Dr, Suite 275, Orlando, FL 32822",https://whatnow.com/orlando/restaurants/nep-sai-gon-bbq-hotpot-opening-this-august/,2026-06-26
2026-06-25,New Savannah Bourbon Bar to Feature $500 Shots and Private Barrels,"107 W Broughton St., Savannah, GA 31401",https://whatnow.com/charleston/restaurants/new-savannah-bourbon-bar-to-feature-500-shots-and-private-barrels/,2026-06-26
2026-06-25,The Sleepy Whale Getting Ready for Uptown Expansion,"100 E Camelback Rd, Phoenix, AZ 85012",https://whatnow.com/phoenix/restaurants/the-sleepy-whale-getting-ready-for-uptown-expansion/,2026-06-26
2026-06-25,Kasamar to Debut in Hermosa Beach,"19 Pier Ave, Hermosa Beach, CA 90254",https://whatnow.com/los-angeles/restaurants/kasamar-to-debut-in-hermosa-beach/,2026-06-26
2026-06-25,Libro to Bring Elevated but Approachable Dining to Memphis Art Museum,"1934 Poplar Ave, Memphis, TN 38104",https://whatnow.com/memphis/restaurants/libro-to-bring-elevated-but-approachable-dining-to-memphis-art-museum/,2026-06-26
2026-06-25,New Cocktail Concept Yoshi Coming to Denver,"1740 E 17th Ave, Denver, CO 80218, USA",https://whatnow.com/denver/restaurants/new-cocktail-concept-yoshi-coming-to-denver/,2026-06-26
2026-06-25,Noodle Lab Bringing Fast-Casual Asian Comfort Food to Cambridge's Kendall Square,"238 Main St, Cambridge, MA 02142",https://whatnow.com/boston/restaurants/noodle-lab-bringing-fast-casual-asian-comfort-food-to-cambridges-kendall-square/,2026-06-26
2026-06-25,"St. Anselm, New York-Style Pizzeria Planned for Pie Town","720 Ewing Ave, Nashville, TN 37203, USA",https://whatnow.com/nashville/restaurants/st-anselm-new-york-style-pizzeria-planned-for-pie-town/,2026-06-26
2026-06-25,Handel's Ice Cream Working on Clairemont Site,"4227 Genesee Ave, San Diego, CA 92117",https://whatnow.com/san-diego/restaurants/handels-ice-cream-working-on-clairemont-site/,2026-06-26
2026-06-25,Coast 2 Coast Bistro Plans Mobile Launch,,https://whatnow.com/jacksonville/restaurants/coast-2-coast-bistro-plans-mobile-launch/,2026-06-26
2026-06-25,NBA Star CJ McCollum is Launching a New Oregon Vineyard,,https://whatnow.com/portland/restaurants/nba-star-cj-mccollum-is-launching-a-new-oregon-vineyard/,2026-06-26
2026-06-25,Osmow's Shawarma is Warming Up a Missouri City Opening,"10040 Hwy 6, Missouri City, TX 77459",https://whatnow.com/houston/restaurants/osmows-shawarma-is-warming-up-a-missouri-city-opening/,2026-06-25
2026-06-25,Layne's Chicken Fingers to Bring Its Fan-Favorite Fingers to Temple,"6934 W Adams Ave, Temple, TX 76502, USA",https://whatnow.com/austin/restaurants/laynes-chicken-fingers-to-bring-its-fan-favorite-fingers-to-temple/,2026-06-26
2026-06-25,Bev Sip Shop to Start Pouring “Refreshing Beachside Beverages & Creative Drink Experiences”,"3616 S Atlantic Ave, Daytona Beach, FL 32118",https://whatnow.com/orlando/restaurants/bev-sip-shop-to-start-pouring-refreshing-beachside-beverages-creative-drink-experiences/,2026-06-26
2026-06-25,Shawarma Burgers Opening in Sanford,"160 W Lake Mary Blvd, Sanford, FL 32773",https://whatnow.com/orlando/restaurants/shawarma-burgers-opening-in-sanford/,2026-06-26
2026-06-25,Drink 182 Making Ocean Beach Debut this Summer,"5049 Newport Ave, San Diego, CA 92107",https://whatnow.com/san-diego/restaurants/drink-182-making-ocean-beach-debut-this-summer/,2026-06-26
2026-06-25,San Antonio's Beloved Craft Donut Shop Is Serving Its Final Glazed,"3428 N St Mary\'s St, San Antonio, TX 78212",https://whatnow.com/san-antonio/restaurants/san-antonios-beloved-craft-donut-shop-is-serving-its-final-glazed/,2026-06-26
2026-06-25,Historic Boston Beer Hall Jacob Wirth Could Finally Reopen After Years of Setbacks,"31-37 Stuart St, Boston, MA 02116",https://whatnow.com/boston/restaurants/historic-boston-beer-hall-jacob-wirth-could-finally-reopen-after-years-of-setbacks/,2026-06-26
2026-06-25,Blackberry Market Heading to Oak Park to Serve Coffees and Prepared Meals,"909 S Lombard Ave, Oak Park, IL 60304",https://whatnow.com/chicago/restaurants/blackberry-market-heading-to-oak-park-to-serve-coffees-and-prepared-meals/,2026-06-26
2026-06-25,Pieri Hospitality Group to Uncork New Wine Garden in Conshohocken,"127 E Elm St., Conshohocken, PA 19428",https://whatnow.com/philadelphia/restaurants/pieri-hospitality-group-to-uncork-new-wine-garden-in-conshohocken/,2026-06-26
2026-06-25,AJ’s Pizza Joint Joining Crooked Can’s City Center Market in Minneola,"1600 Crooked Can Loop, Minneola, FL 34715",https://whatnow.com/orlando/restaurants/ajs-pizza-joint-joining-crooked-cans-city-center-market-in-minneola/,2026-06-26
2026-06-25,UltraStar Cinemas Taking Over Coronado's Village Theatre,"820 Orange Ave, Coronado, CA 92118",https://whatnow.com/san-diego/restaurants/ultrastar-cinemas-taking-over-coronados-village-theatre/,2026-06-26
2026-06-25,Five Guys Burgers and Fries to Open a Las Vegas Strip Location,"3791 S Las Vegas Blvd, Las Vegas, NV 89109",https://whatnow.com/las-vegas/restaurants/five-guys-burgers-and-fries-to-open-a-las-vegas-strip-location/,2026-06-26
2026-06-25,Darbar by Lyari: A New Authentic Pakistani Concept May Open in Plano,"2040 W Spring Creek Pkwy #134, Plano, TX 75023, USA",https://whatnow.com/dallas/restaurants/darbar-by-lyari-a-new-authentic-pakistani-concept-may-open-in-plano/,2026-06-26
2026-06-25,Downtown Portland Loses a Black-Owned Southern Brunch Staple,"215 SW 6th Ave, Portland, OR 97204",https://whatnow.com/portland/restaurants/downtown-portland-loses-a-black-owned-southern-brunch-staple/,2026-06-26
2026-06-25,Ô Quai des Brasseurs Expanding to Sainte-Marguerite-du-Lac-Masson,,https://whatnow.com/montreal/restaurants/o-quai-des-brasseurs-expanding-to-sainte-marguerite-du-lac-masson/,2026-06-26
2026-06-25,"South Philly Barbacoa Joins Triple Bottom Brewing: 'Perfect Match Between Beer, Tacos'","915 Spring Garden St., Philadelphia, PA 19123",https://whatnow.com/philadelphia/restaurants/south-philly-barbacoa-joins-triple-bottom-brewing-perfect-match-between-beer-tacos/,2026-06-26
2026-06-25,Keke's Breakfast Cafe to Bring Breakfast Favorites to Hollywood,"5301 Sheridan St, Hollywood, FL 33021",https://whatnow.com/miami/restaurants/kekes-breakfast-cafe-to-bring-breakfast-favorites-to-hollywood/,2026-06-26
2026-06-25,"Earth Coffee Plans to Bring Its Organic, Community-Focused Café Experience to Little Elm","305 E Eldorado Pkwy #320, Little Elm, TX 75068, USA",https://whatnow.com/dallas/restaurants/earth-coffee-plans-to-bring-its-organic-community-focused-cafe-experience-to-little-elm/,2026-06-26
2026-06-25,Chubby Social and Chubby Cove Set to Join Topanga Social,"6600 CA-27, Woodland Hills, CA 91303",https://whatnow.com/los-angeles/restaurants/chubby-social-and-chubby-cove-set-to-join-topanga-social/,2026-06-26
2026-06-25,Broken Yolk Café Plans San Clemente Expansion for Late 2026,,https://whatnow.com/orange-county/restaurants/broken-yolk-cafe-plans-san-clemente-expansion-for-late-2026/,2026-06-26
2026-06-25,Jersey Freeze Scoops Up Growth With New Franchise Plans,,https://whatnow.com/philadelphia/restaurants/jersey-freeze-scoops-up-growth-with-new-franchise-plans/,2026-06-26
2026-06-25,"Studio Roast Leaving Canton, Heading to New Location in Ann Arbor",,https://whatnow.com/chicago/restaurants/studio-roast-leaving-canton-heading-to-new-location-in-ann-arbor/,2026-06-26
2026-06-25,"Sugar Wing Partnering with Buccaneers Star Bucky Irving, Planning South Tampa Location",,https://whatnow.com/tampa/restaurants/sugar-wing-partnering-with-buccaneers-star-bucky-irving-planning-south-tampa-location/,2026-06-26
2026-06-25,Magnolia Bakery Plans Major Ontario Expansion,,https://whatnow.com/toronto/restaurants/magnolia-bakery-plans-major-ontario-expansion/,2026-06-26
2026-06-25,Daje Pinsa Bringing Authentic Roman Pinsa to Orlando This Fall,"7823 S Orange Ave UNIT 148, Orlando, FL 32809",https://whatnow.com/orlando/restaurants/daje-pinsa-bringing-authentic-roman-pinsa-to-orlando-this-fall/,2026-06-26
2026-06-25,An Atlanta Margarita Bar Is Shutting Down Both Locations After Nearly 9 Years,,https://whatnow.com/atlanta/restaurants/an-atlanta-margarita-bar-is-shutting-down-both-locations-after-nearly-9-years/,2026-06-26
2026-06-24,Sacramento's Most Decorated Chef Is Finally Opening His Own Place,"4801 Folsom Blvd, Sacramento, CA 95819, USA",https://whatnow.com/sacramento/restaurants/sacramentos-most-decorated-chef-is-finally-opening-his-own-place/,2026-06-25
2026-06-24,Lucky Strike to Replace Bowlero Cherry Creek,"6767 Leetsdale Dr, Denver, CO 80224",https://whatnow.com/denver/restaurants/lucky-strike-to-replace-bowlero-cherry-creek/,2026-06-25
2026-06-24,Memphis Institution Prepares to Satisfy Area Krave-ings with New Location,"2818 Coleman Rd, Memphis, TN 38128",https://whatnow.com/memphis/restaurants/memphis-institution-prepares-to-satisfy-area-krave-ings-with-new-location/,2026-06-25
2026-06-24,Mobile Coffee and Bakery Stand in Kankakee Transitioning to Brick-and-Mortar,"2450 IL-17, Kankakee, IL 60901",https://whatnow.com/chicago/restaurants/mobile-coffee-and-bakery-stand-in-kankakee-transitioning-to-brick-and-mortar/,2026-06-25
2026-06-24,Los Compadres Cantina Eyes Ponder for Second North Texas Location,"309 N Fm 156, Ponder, TX 76259, USA",https://whatnow.com/dallas/restaurants/los-compadres-cantina-eyes-ponder-for-second-north-texas-location/,2026-06-25
2026-06-24,Cult-Favorite Japanese Bakery Brand Teams Up with UNIQLO for New Collection,,https://whatnow.com/new-york/restaurants/cult-favorite-japanese-bakery-brand-teams-up-with-uniqlo-for-new-collection/,2026-06-25
2026-06-24,Classic Coffee Spot in Denver Announced Closure After a Decade,"2500 Larimer St #103, Denver, CO 80205, United States",https://whatnow.com/denver/restaurants/classic-coffee-spot-in-denver-announced-closure-after-a-decade/,2026-06-25
2026-06-24,Mozzo Stacks Up Growth With Fourth Charleston-Area Location,,https://whatnow.com/charleston/restaurants/mozzo-stacks-up-growth-with-fourth-charleston-area-location/,2026-06-25
2026-06-24,Paris Baguette Plans Galleria-Area Flagship in Dallas,"13710 Dallas Pkwy, Dallas, TX 75240, USA",https://whatnow.com/dallas/restaurants/paris-baguette-plans-galleria-area-flagship-in-dallas/,2026-06-25
2026-06-24,Canada-Based Homies Donuts Moving into Dearborn Space This Summer,"23780 Michigan Ave, Dearborn, MI 48124",https://whatnow.com/detroit/restaurants/canada-based-homies-donuts-moving-into-dearborn-space-this-summer/,2026-06-26
2026-06-24,Canada-Based Homies Donuts Moving into Dearborn Space This Summer,"23780 Michigan Ave, Dearborn, MI 48124",https://whatnow.com/uncategorized/restaurants/canada-based-homies-donuts-moving-into-dearborn-space-this-summer/,2026-06-25
2026-06-24,Sal’s Nashville Hot Chicken to Debut in the Greater Houston Region,"9301 Southwest Fwy, Houston, TX 77074",https://whatnow.com/houston/restaurants/sals-nashville-hot-chicken-to-debut-in-the-greater-houston-region/,2026-06-25
2026-06-24,Jincook Eyes Orange County Location,"23665 Moulton Pkwy, Laguna Hills, CA 92653",https://whatnow.com/orange-county/restaurants/jincook-eyes-orange-county-location/,2026-06-25
2026-06-24,Melo's Italian Table Coming to Corte Madera,"55 Tamal Vista Blvd, Corte Madera, CA 94925",https://whatnow.com/orange-county/restaurants/melos-italian-table-coming-to-corte-madera/,2026-06-25
2026-06-24,Award-Winning Sacramento Vegetarian Restaurant Has Closed Following a Major Challenge,"2319 K St Ste B, Sacramento, CA 95816",https://whatnow.com/sacramento/restaurants/award-winning-sacramento-vegetarian-restaurant-has-closed-following-a-major-challenge/,2026-06-24
2026-06-24,Pacific Pearl Cafe Preparing to Open New Location,"55 Tamal Vista Blvd, Corte Madera, CA 94925",https://whatnow.com/orange-county/restaurants/pacific-pearl-cafe-preparing-to-open-new-location/,2026-06-25
2026-06-24,Zinneken's Belgian Waffles Expanding With New Boston and Amherst Locations,,https://whatnow.com/boston/restaurants/zinnekens-belgian-waffles-expanding-with-new-boston-and-amherst-locations/,2026-06-25
2026-06-24,Golden Chick Eyes Salado for New Location,,https://whatnow.com/austin/restaurants/golden-chick-eyes-salado-for-new-location/,2026-06-25
2026-06-24,Dick’s Drive-In Expands With New Restaurant on Tulalip Reservation,"6410 33rd Ave. NE #1, Tulalip, WA 98271",https://whatnow.com/seattle/restaurants/dicks-drive-in-expands-with-new-restaurant-on-tulalip-reservation/,2026-06-25
2026-06-24,The Family-Run Cafe Behind 10 Years of Scratch-Made Breakfasts in Naperville Is Closing,"1904 Brookdale Rd #104, Naperville, IL 60563",https://whatnow.com/chicago/restaurants/the-family-run-cafe-behind-10-years-of-scratch-made-breakfasts-in-naperville-is-closing/,2026-06-25
2026-06-24,Something Good Bringing Neighborhood Bar Concept to Denver,"4970 Lowell Blvd, Denver, CO 80221",https://whatnow.com/denver/restaurants/something-good-bringing-neighborhood-bar-concept-to-denver/,2026-06-25
2026-06-24,Fogo de Chão Expanding to Crabtree Valley Mall in Raleigh,"4325 Glenwood Ave, Raleigh, NC 27612, USA",https://whatnow.com/charlotte/restaurants/fogo-de-chao-expanding-to-crabtree-valley-mall-in-raleigh/,2026-06-25
2026-06-24,"Amoret Bringing All-Day Café, Cocktail Bar to RiNo","3100 Brighton Blvd, Denver, CO 80216",https://whatnow.com/denver/restaurants/amoret-bringing-all-day-cafe-cocktail-bar-to-rino/,2026-06-25
2026-06-24,Melodeon Jazz Lounge Plans Dallas Design District Debut,"175 Oak Lawn Ave, Dallas, TX 75207, USA",https://whatnow.com/dallas/restaurants/melodeon-jazz-lounge-plans-dallas-design-district-debut/,2026-06-25
2026-06-24,A Pan-Mexican Kitchen With Aztec-Inspired Design Is Coming to Midtown Atlanta,"1000 Spring St NW, Atlanta, GA 30309",https://whatnow.com/atlanta/restaurants/a-pan-mexican-kitchen-with-aztec-inspired-design-is-coming-to-midtown-atlanta/,2026-06-25
2026-06-24,Melo's Italian Table Coming to Corte Madera,"55 Tamal Vista Blvd, Corte Madera, CA 94925",https://whatnow.com/san-francisco/restaurants/melos-italian-table-coming-to-corte-madera/,2026-06-26
2026-06-24,Whataburger Continues Charlotte Expansion With Mallard Creek Location,"Mallard Creek Rd 10130 #300, Charlotte, NC 28262, United States",https://whatnow.com/charlotte/restaurants/whataburger-continues-charlotte-expansion-with-mallard-creek-location/,2026-06-25
2026-06-24,A New Breakfast and Brunch Lounge Is Coming to NE Martin Luther King Jr. Boulevard,"3601 NE Martin Luther King Jr Blvd, Portland, OR 97212, USA",https://whatnow.com/portland/restaurants/a-new-breakfast-and-brunch-lounge-is-coming-to-ne-martin-luther-king-jr-boulevard/,2026-06-25
2026-06-24,The Belmont Returns to Capitol Hill Under New Ownership,"518 E Pike St., Seattle, WA 98122",https://whatnow.com/seattle/restaurants/the-belmont-returns-to-capitol-hill-under-new-ownership/,2026-06-25
2026-06-24,Gold Spike Has New Owners,"217 Las Vegas Blvd N, Las Vegas, NV 89101",https://whatnow.com/las-vegas/restaurants/gold-spike-has-new-owners/,2026-06-25
2026-06-24,A Newtown Staple Known for Sushi and Tempura Is Closing After 31 Years,"10 Cambridge Ln, Newtown, PA 18940",https://whatnow.com/philadelphia/restaurants/a-newtown-staple-known-for-sushi-and-tempura-is-closing-after-31-years/,2026-06-25
2026-06-23,San Antonio's Elevated Southern Cuisine Restaurant Closes After Four Years,"517 E Grayson St, San Antonio, TX 78215",https://whatnow.com/san-antonio/restaurants/san-antonios-elevated-southern-cuisine-restaurant-closes-after-four-years/,2026-06-24
2026-06-23,Talea Beer Co. to Open an All-Day Taproom on the Upper West Side,"441 Amsterdam Ave, New York, NY 10024",https://whatnow.com/new-york/restaurants/talea-beer-co-to-open-an-all-day-taproom-on-the-upper-west-side/,2026-06-24
2026-06-23,The Boba Brand Behind Mochi Donuts and Cheesecake Baos Lands on the Strip,"Miracle Mile Shops Next to SAXE Theater, 3663 Las Vegas Blvd S, Las Vegas, NV 89109",https://whatnow.com/las-vegas/restaurants/the-boba-brand-behind-mochi-donuts-and-cheesecake-baos-lands-on-the-strip/,2026-06-24
2026-06-23,Harvest Pizzeria Expanding Into Downtown Hilliard With New Central Ohio Location Planned,"3987 Main St, Hilliard, OH 43026",https://whatnow.com/columbus/restaurants/harvest-pizzeria-expanding-into-downtown-hilliard-with-new-central-ohio-location-planned/,2026-06-24
2026-06-23,Slice Beer Co Is Bringing Its Award-Winning IPAs to Roseville,"40 Atlantic St, Roseville, CA 95678",https://whatnow.com/sacramento/restaurants/slice-beer-co-is-bringing-its-award-winning-ipas-to-roseville/,2026-06-24
2026-06-23,The Dirty Soda Craze Is Coming to El Dorado Hills,"4364 Town Center Blvd, El Dorado Hills, CA 95762",https://whatnow.com/sacramento/restaurants/the-dirty-soda-craze-is-coming-to-el-dorado-hills/,2026-06-24
2026-06-23,"Ponce City Market Announces La Cueva to Open on Saturday, June 13 | What Now Atlanta","675 Ponce De Leon Ave NE, Atlanta, GA 30308",https://whatnow.com/atlanta/restaurants/ponce-city-market-announces-la-cueva-to-open-on-saturday-june-13/,2026-06-24
2026-06-23,Bay Area Group Behind Left Bank Is Closing All Its Restaurants,,https://whatnow.com/san-francisco/restaurants/bay-area-group-behind-left-bank-is-closing-all-its-restaurants/,2026-06-24
2026-06-23,"HotScotch and Vine Permanently Closed in Plainfield, Taco Dale Moving into Space","24047 Lockport St, Plainfield, IL 60544",https://whatnow.com/chicago/restaurants/hotscotch-and-vine-permanently-closed-in-plainfield-taco-dale-moving-into-space/,2026-06-24
2026-06-23,New Cocktail Bar Let Me Roll It Opening Near Italian Village From Ace of Cups Owner,"132 E 5th Ave, Columbus, OH 43201",https://whatnow.com/columbus/restaurants/new-cocktail-bar-let-me-roll-it-opening-near-italian-village-from-ace-of-cups-owner/,2026-06-24
2026-06-23,A Coffee Brand With 190+ Locations Is Opening a New Colorado Store,"6940 Stroh Rd, Parker, CO 80134, USA",https://whatnow.com/denver/restaurants/a-coffee-brand-with-190-locations-is-opening-a-new-colorado-store/,2026-06-24
2026-06-23,Fast-Expanding Global Bakery Chain Opens 32nd New Jersey Location,"60 Centennial Dr, Long Branch, NJ 07740, United States",https://whatnow.com/new-york/restaurants/fast-expanding-global-bakery-chain-opens-32nd-new-jersey-location/,2026-06-24
2026-06-23,One Portland Pizzeria’s Final Chapter Comes as Its Owner Focuses on Family,"476 Stevens Ave, Portland, ME 04103",https://whatnow.com/portland/restaurants/one-portland-pizzerias-final-chapter-comes-as-its-owner-focuses-on-family/,2026-06-24
2026-06-23,"After 15 Years, Denver's Beloved Arcade Bar Closes Its LoDo Doors","1925 Blake St, Denver, CO 80202",https://whatnow.com/denver/restaurants/after-15-years-denvers-beloved-arcade-bar-closes-its-lodo-doors/,2026-06-23
2026-06-23,A Beloved Orange County Bakery Known for Its Wagon Wheel Is Closing,"2064 N Tustin St, Orange, CA 92865",https://whatnow.com/orange-county/restaurants/a-beloved-orange-county-bakery-known-for-its-wagon-wheel-is-closing/,2026-06-24
2026-06-23,Fast-Growing Chicken Chain Plans 7 More Restaurants in Chicagoland,,https://whatnow.com/chicago/restaurants/fast-growing-chicken-chain-plans-7-more-restaurants-in-chicagoland/,2026-06-24
2026-06-23,Big O Burgers Owner Working to Open New Chicken Concept in Saginaw,"118 N Michigan Ave, Saginaw, MI 48602",https://whatnow.com/detroit/restaurants/big-o-hot-chicken-owner-working-to-open-new-chicken-concept-in-saginaw/,2026-06-24
2026-06-23,From The Boot to Debut New Lafayette Hill Location,"400 Germantown Pike, Lafayette Hill, PA 19444",https://whatnow.com/philadelphia/restaurants/from-the-boot-leaving-longtime-lafayette-hill-location-for-new-space/,2026-06-24
2026-06-22,One of Oregon's Most Exciting Chefs Is Planning a New Concept for 2027,"1985 Bayocean Rd NW, Tillamook, OR 97141, USA",https://whatnow.com/portland/restaurants/one-of-oregons-most-exciting-chefs-is-planning-a-new-concept-for-2027/,2026-06-22
2026-06-22,Raising Cane’s Opens Inglewood Flagship Restaurant Near Intuit Dome and SoFi Stadium | What Now Los Angeles,"3895 W Century Blvd, Inglewood, CA 90303",https://whatnow.com/los-angeles/restaurants/raising-canes-opens-inglewood-flagship-restaurant-near-intuit-dome-and-sofi-stadium/,2026-06-22
2026-06-22,"The Addison, Midtown's Newest Sporting Lounge and Supper Club is Now Open","214 W 39th St, New York, NY 10018",https://whatnow.com/new-york/restaurants/the-addison-midtowns-newest-sporting-lounge-and-supper-club-is-now-open/,2026-06-22
2026-06-22,DeKalb’s Ellwood Steak and Fish House Proposed for Downtown Oswego,"180 W Washington St, Oswego, IL 60543",https://whatnow.com/chicago/restaurants/dekalbs-ellwood-steak-and-fish-house-proposed-for-downtown-oswego/,2026-06-23
2026-06-22,Downtown Allentown To Welcome McCall Collective Brewing Co.,"732 Hamilton St., Allentown, PA 18101",https://whatnow.com/philadelphia/restaurants/mccall-collective-brewing-co-expanding-to-downtown-allentown/,2026-06-23
2026-06-22,Dolly Parton's New Tennessee Project Will Welcome Its First Visitors This Week,"3686 Pulaski Hwy, Cornersville, TN 37047",https://whatnow.com/nashville/restaurants/dolly-partons-new-tennessee-project-will-welcome-its-first-visitors-this-week/,2026-06-22
2026-06-22,A Top-Ranked Houston Restaurant Is Expanding for the First Time in 25 Years,"102 W Grand Pkwy S Ste 100, Katy, TX 77494, United States",https://whatnow.com/houston/restaurants/a-top-ranked-houston-restaurant-is-expanding-for-the-first-time-in-25-years/,2026-06-22
2026-06-22,"ZOA Eateries, Houston Beloved Spin-Off Concept, to Open in Memorial City","9807 Katy Fwy, Houston, TX 77024",https://whatnow.com/houston/restaurants/zoa-eateries-houston-beloved-spin-off-concept-to-open-in-memorial-city/,2026-06-23
2026-06-22,A Southern California Brunch Favorite Is Coming to Elk Grove,,https://whatnow.com/sacramento/restaurants/a-southern-california-brunch-favorite-is-coming-to-elk-grove/,2026-06-23
2026-06-22,Old Town Pizza Is Opening Inside Roseville's Historic Post Office,"320 Vernon St, Roseville, CA 95678",https://whatnow.com/sacramento/restaurants/old-town-pizza-is-opening-inside-rosevilles-historic-post-office/,2026-06-23
2026-06-22,Century-Old Emeryville Building Loses Landmark Restaurant,"5862 Doyle St, Emeryville, CA 94608, United States",https://whatnow.com/san-francisco/restaurants/century-old-emeryville-building-loses-landmark-restaurant/,2026-06-22
2026-06-22,"Delightful Deli, Bakery and Sweet Shop Will Start a New Chapter in Rowlett","3522 Main St #100a, Rowlett, TX 75088",https://whatnow.com/dallas/restaurants/delightful-deli-bakery-and-sweet-shop-will-start-a-new-chapter-in-rowlett/,2026-06-23
2026-06-22,Owner of Spot Bistro Planning New Location at New Englewood Development,"1158 W 59th St, Chicago, IL 60621",https://whatnow.com/chicago/restaurants/owner-of-the-spot-bistro-planning-new-location-at-new-englewood-development/,2026-06-23
2026-06-22,Independent Fried Chicken Chain Announced the Closure of its Swampscott Location,"450 Paradise Rd, Swampscott, MA 01907",https://whatnow.com/boston/restaurants/independent-fried-chicken-chain-announced-the-closure-of-its-swampscott-location/,2026-06-22
2026-06-22,"Omakase World Market Opens, Bringing an Elevated Culinary Destination to South San Francisco’s Biotech and Innovation Hub | What Now San Francisco","800 Gateway Blvd, South San Francisco, CA 94080",https://whatnow.com/san-francisco/restaurants/omakase-world-market-opens-bringing-an-elevated-culinary-destination-to-south-san-franciscos-biotech-and-innovation-hub/,2026-06-22
2026-06-22,Pasadena’s Beloved Restaurant Closes After 22 Years Amid Deterioration Concerns,"470 S Rosemead Blvd, Pasadena, CA 91107",https://whatnow.com/los-angeles/restaurants/pasadenas-beloved-restaurant-closes-after-22-years-amid-deterioration-concerns/,2026-06-22
2026-06-22,"Noodle Harbor, a New Concept, is Planned for Summerlin","7175 W Lake Mead Blvd, Las Vegas, NV 89128",https://whatnow.com/las-vegas/restaurants/noodle-harbor-a-new-concept-is-planned-for-summerlin/,2026-06-23
2026-06-22,Here are 3 Upcoming Restaurants We Uncovered in Atlanta Last Week (June 15-19),"225 Central Ave SW, Atlanta, GA 30303",https://whatnow.com/atlanta/restaurants/here-are-3-upcoming-restaurants-we-uncovered-in-atlanta-last-week-june-15-19/,2026-06-22
2026-06-22,Popular Euro-Tex Fusion Restaurant Closing After A Brief Run in Houston,"Entrance Parking in REAR, 350 West 19th Street Suite E, 2nd Floor, Houston, TX 77008, United States",https://whatnow.com/houston/restaurants/popular-euro-tex-fusion-restaurant-closing-after-a-brief-run-in-houston/,2026-06-22
2026-06-22,The Mediterranean Chain Behind 11 Straight Quarters of Growth Is Expanding in Dallas,"3921 Gaston Ave, Dallas, TX 75204",https://whatnow.com/dallas/restaurants/the-mediterranean-chain-behind-11-straight-quarters-of-growth-is-expanding-in-dallas/,2026-06-22
2026-06-22,LA's Beloved Tokyo-Style Pizzeria Opens Its Second Location in Palms,"10700 Tabor St, Los Angeles, CA 90034, United States",https://whatnow.com/los-angeles/restaurants/las-beloved-tokyo-style-pizzeria-opens-its-second-location-in-palms/,2026-06-22
2026-06-22,New Angelo’s Fine Italian Concept to Fill Storefront in Grosse Pointe Park,"16844 Kercheval Ave, Grosse Pointe, MI 48230",https://whatnow.com/detroit/restaurants/new-angelos-fine-italian-concept-to-fill-storefront-in-grosse-pointe-park/,2026-06-23
2026-06-22,Palladino’s Steak & Seafood Expands to Dallas in Preston Hollow | What Now Dallas,"5959 Royal Ln, Dallas, TX 75230",https://whatnow.com/dallas/restaurants/palladinos-steak-seafood-expands-to-dallas-in-preston-hollow/,2026-06-22
2026-06-22,Scandinavia-Inspired Café Coming to a Scenic D&D Building Space,"979 3rd Ave, New York, NY 10022",https://whatnow.com/new-york/restaurants/scandinavia-inspired-cafe-coming-to-a-scenic-dd-building-space/,2026-06-23
2026-06-21,Novel Social Club Writing New Chapter for Memphis Night Life,"115 Vance Ave, Memphis, TN 38103",https://whatnow.com/memphis/restaurants/novel-social-club-writing-new-chapter-for-memphis-night-life/,2026-06-22
2026-06-21,Carlisle Corp. to Breathe New Life into Area Wendy’s,"4605 Poplar Ave, Memphis, TN 38117",https://whatnow.com/memphis/restaurants/carlisle-corp-to-breathe-new-life-into-area-wendys/,2026-06-22
2026-06-21,Historic Highland Road Grill Planned for Former Sammy's Grill Space,"8635 Highland Rd, Baton Rouge, LA 70808, USA",https://whatnow.com/new-orleans/restaurants/historic-highland-road-grill-planned-for-former-sammys-grill-space/,2026-06-22
2026-06-21,Tysons Gets a Little Closer to Tastes of Italy,"1961 Chain Bridge Rd Space N10L, McLean, VA 22102",https://whatnow.com/washington-dc/restaurants/tysons-gets-a-little-closer-to-tastes-of-italy/,2026-06-22
2026-06-21,Sonic Takes Steps Towards New Memphis Location,"5541 Poplar Ave, Memphis, TN 38119",https://whatnow.com/memphis/restaurants/sonic-takes-steps-towards-new-memphis-location/,2026-06-22
2026-06-21,Wendelta to Bring Area Restaurants Back from the Brink,"8092 Rockcreek Cove, Cordova, TN 38016",https://whatnow.com/memphis/restaurants/wendelta-to-bring-area-restaurants-back-from-the-brink/,2026-06-22
2026-06-20,Lilac Coffee headed to Hub North with third Denver location,"3660 Blake St, Denver, CO 80205",https://whatnow.com/denver/restaurants/lilac-coffee-headed-to-hub-north-with-third-denver-location/,2026-06-21
2026-06-19,One Nashville Restaurant’s Four-Decade Run Has Come to an End,"2624 Music Valley Dr, Nashville, TN 37214",https://whatnow.com/nashville/restaurants/one-nashville-restaurants-four-decade-run-has-come-to-an-end/,2026-06-20
2026-06-19,"Risica, new Italian restaurant from Andrea Frizzi, headed to RiNo","3463 Walnut St, Denver, CO 80205",https://whatnow.com/denver/restaurants/risica-new-italian-restaurant-from-andrea-frizzi-headed-to-rino/,2026-06-20
2026-06-19,Almi's Kitchen to Open in Arville Plaza,"4970 S Arville St, Las Vegas, NV 89118",https://whatnow.com/las-vegas/restaurants/almis-kitchen-to-open-in-arville-plaza/,2026-06-20
2026-06-19,Cafe Mexicali expanding to Denver with first city location,"357 S Bannock St, Denver, CO 80223",https://whatnow.com/uncategorized/restaurants/cafe-mexicali-expanding-to-denver-with-first-city-location/,2026-06-20
2026-06-19,KoBu Sushi and Omakase Opening in San Marco,"1435 Naldo Ave, Jacksonville, FL 32207",https://whatnow.com/jacksonville/restaurants/kobu-sushi-and-omakase-opening-in-san-marco/,2026-06-20
2026-06-19,The Barking Lot Planned for Safety Harbor,"946 Main St, Safety Harbor, FL 34695",https://whatnow.com/tampa/restaurants/the-barking-lot-planned-for-safety-harbor/,2026-06-20
2026-06-19,"After 76 Years, This Lexington Ave Steakhouse Closes - But the Family Isn't Done","845 Lexington Ave, New York, NY 10065",https://whatnow.com/new-york/restaurants/after-76-years-this-lexington-ave-steakhouse-closes-but-the-family-isnt-done/,2026-06-20
2026-06-19,Kai Kai BBQ & Dumplings Heads to Minneola,"1600 Crooked Can Loop, Minneola, FL 34715",https://whatnow.com/orlando/restaurants/kai-kai-bbq-dumplings-heads-to-minneola/,2026-06-20
2026-06-19,A Chef-Owned Tampa Bistro Bids Farewell After Six Years in the Community,"317 N Rome Ave, Tampa, FL 33606, United States",https://whatnow.com/tampa/restaurants/a-chef-owned-tampa-bistro-bids-farewell-after-six-years-in-the-community/,2026-06-19
2026-06-19,Beloved Mission Hill Pub Flann O'Brien's Set for a Comeback,"1619 Tremont St, Boston, MA 02120",https://whatnow.com/boston/restaurants/beloved-mission-hill-pub-flann-obriens-set-for-a-comeback/,2026-06-20
2026-06-19,"After Decades of First Dates and Milestones, a Boston Japanese Restaurant Is Closing","1166 Washington St #110, Boston, MA 02118",https://whatnow.com/boston/restaurants/after-decades-of-first-dates-and-milestones-a-boston-japanese-restaurant-is-closing/,2026-06-20
2026-06-19,Potbelly Sandwich Works Opening in Plantation,"1716 N University Dr, Plantation, FL 33322",https://whatnow.com/miami/restaurants/potbelly-sandwich-works-opening-in-plantation/,2026-06-20
2026-06-19,FIU Alumni Bring Crema Gourmet Back to Campus,"795 SW 110th Ave, Miami, FL 33174, USA",https://whatnow.com/miami/restaurants/the-south-florida-cafe-built-by-fiu-grads-is-coming-home/,2026-06-20
2026-06-19,Casalegno’s Country Store to Reopen Under New Ownership,"3 Laurel Glen Rd, Soquel, CA 95073",https://whatnow.com/uncategorized/restaurants/casalegnos-country-store-to-reopen-under-new-ownership/,2026-06-20
2026-06-19,Angela's Ice Cream Preparing to Open New Castro Shop,"3903 18th St, San Francisco, CA 94114",https://whatnow.com/san-francisco/restaurants/angelas-ice-cream-preparing-to-open-new-castro-shop/,2026-06-19
2026-06-19,"One of NYC’s Biggest Dining Events Is Back, with New Participants and Updated Menus",,https://whatnow.com/new-york/restaurants/one-of-nycs-biggest-dining-events-is-back-with-new-participants-and-updated-menus/,2026-06-19
2026-06-19,A New Coffee Experience Is Brewing Inside a Well-Known Nashville Destination,"33 Peabody St, Nashville, TN 37210",https://whatnow.com/nashville/restaurants/a-new-coffee-experience-is-brewing-inside-a-well-known-nashville-destination/,2026-06-19
2026-06-19,Temecula to Welcome Its First Shake Shack,"26407 Ynez Rd, Temecula, CA 92591",https://whatnow.com/orange-county/restaurants/temecula-to-welcome-its-first-shake-shack/,2026-06-20
2026-06-19,Gather Cafe And Supper Club Slatted for Chico Location,"196 Cohasset Rd, Chico, CA 95926",https://whatnow.com/sacramento/restaurants/gather-supper-club-slatted-for-chico-location/,2026-06-20
2026-06-19,New Columbus Restaurant Medley Kitchen Reveals Global Small-Plate Concept Ahead of Fall Opening,,https://whatnow.com/columbus/restaurants/new-columbus-restaurant-medley-kitchen-reveals-global-small-plate-concept-ahead-of-fall-opening/,2026-06-20
2026-06-19,NADU Opening at Desert Ridge Marketplace,"21001 N Tatum Blvd, Phoenix, AZ 85054",https://whatnow.com/phoenix/restaurants/nadu-opening-at-desert-ridge-marketplace/,2026-06-20
2026-06-19,Japanese-American Restaurant Planned for East Harlem,"1569 Lexington Ave, New York, NY 10029",https://whatnow.com/new-york/restaurants/japanese-american-restaurant-planned-for-east-harlem/,2026-06-20
2026-06-19,Nation’s Best Crab Cakes Making Their Way to Gainesville,"7524 Iron Bar Ln, Gainesville, VA 20155",https://whatnow.com/washington-dc/restaurants/nations-best-crab-cakes-making-their-way-to-gainesville/,2026-06-20
2026-06-19,Simply South to Debut in Greater Houston,"24600 Katy Fwy, Katy, TX 77494",https://whatnow.com/houston/restaurants/simply-south-to-debut-in-greater-houston/,2026-06-20
2026-06-19,New Dairy Queen Headed to Mandarin,"11031 Old St Augustine Rd, Jacksonville, FL 32257",https://whatnow.com/jacksonville/restaurants/new-dairy-queen-headed-to-mandarin/,2026-06-20
2026-06-19,Brick Street Bagels to Open Third Boston Location in Beacon Hill,"160 Charles St, Boston, MA 02114",https://whatnow.com/boston/restaurants/brick-street-bagels-to-open-third-boston-location-in-beacon-hill/,2026-06-20
2026-06-19,Opening in the Village at Seven Pines: Hawkers Asian Street Food,"11870 Stillwood Pnes Blvd, Jacksonville, FL 32256",https://whatnow.com/jacksonville/restaurants/opening-in-the-village-at-seven-pines-hawkers-asian-street-food/,2026-06-20
2026-06-19,Mavi Café Set To Open Downtown San Francisco,"120 4th St, San Francisco, CA 94103",https://whatnow.com/san-francisco/restaurants/mavi-cafe-set-to-open-downtown-san-francisco/,2026-06-20
2026-06-19,Bass Pro Shops Acquires Islamorada's Cheeca Lodge,"81801 Overseas Hwy, Islamorada, FL 33036",https://whatnow.com/miami/restaurants/bass-pro-shops-acquires-islamoradas-cheeca-lodge/,2026-06-20
2026-06-19,Chipotle Makes an Unexpected Change at One New York City Restaurant,"2 Broadway, New York, NY 10004, United States",https://whatnow.com/new-york/restaurants/chipotle-makes-an-unexpected-change-at-one-new-york-city-restaurant/,2026-06-19
2026-06-19,Oceans & Earth Set to Expand to Costa Mesa in 2027,"575 Anton Blvd, Costa Mesa, CA 92626",https://whatnow.com/orange-county/restaurants/oceans-earth-set-to-expand-to-costa-mesa-in-2027/,2026-06-20
2026-06-19,"The Pit Stop Opening in Sanford with Subs, Pizza, and More","4911 Wayside Dr, Sanford, FL 32771",https://whatnow.com/orlando/restaurants/the-pit-stop-opening-in-sanford-with-subs-pizza-and-more/,2026-06-20
2026-06-19,Lakon Paris Patisserie to Open Downtown Boston Café Alongside Harvard Book Store,"33 Union St, Boston, MA 02135",https://whatnow.com/boston/restaurants/lakon-paris-patisserie-to-open-downtown-boston-cafe-alongside-harvard-book-store/,2026-06-20
2026-06-19,Fleen’s Baking its Way into Ashburn Hearts and Stomachs,"20937 Ashburn Rd, Ashburn, VA 20147",https://whatnow.com/washington-dc/restaurants/fleens-baking-its-way-into-ashburn-hearts-and-stomachs/,2026-06-20
2026-06-19,Hudson House Heading to PV Development in 2027,"4568 E Cactus Rd, Phoenix, AZ 85032",https://whatnow.com/phoenix/restaurants/hudson-house-heading-to-pv-development-in-2027/,2026-06-20
2026-06-19,LJ’s Set To Bring Soul Food Tribute and Live Entertainment Concept to Orange County,"1870 Harbor Blvd l2 217, Costa Mesa, CA 92627",https://whatnow.com/orange-county/restaurants/ljs-set-to-bring-soul-food-tribute-and-live-entertainment-concept-to-orange-county/,2026-06-20
2026-06-19,Bold City BBQ & Seafood Planned for Jacksonville,,https://whatnow.com/jacksonville/restaurants/bold-city-bbq-seafood-planned-for-jacksonville/,2026-06-20
2026-06-19,French-American Restaurant Coming to Iconic Upper West Side Address,"Hotel Des Artistes, 1 W 67th St, New York, NY 10023",https://whatnow.com/new-york/restaurants/french-american-restaurant-coming-to-iconic-upper-west-side-address/,2026-06-20
2026-06-19,Lynora's is Bringing its Italian Classics to Fort Lauderdale,"2980 N Federal Hwy, Fort Lauderdale, FL 33306",https://whatnow.com/miami/restaurants/lynoras-is-bringing-its-italian-classics-to-fort-lauderdale/,2026-06-20
2026-06-19,All’Antico Vinaio to Open a Lincoln Road Sandwich Shop,"647 Lincoln Rd, Miami Beach, FL 33139",https://whatnow.com/miami/restaurants/allantico-vinaio-to-open-a-lincoln-road-sandwich-shop/,2026-06-20
2026-06-19,A New York Bagel Icon Is Opening a Bigger Midtown Home After 50 Years,"770 3rd Ave, New York, NY 10017, USA",https://whatnow.com/new-york/restaurants/a-new-york-bagel-icon-is-opening-a-bigger-midtown-home-after-50-years/,2026-06-19
2026-06-19,Opening in the Village at Seven Pines: Lynora’s,"11870 Stillwood Pnes Blvd, Jacksonville, FL 32256",https://whatnow.com/jacksonville/restaurants/opening-in-the-village-at-seven-pines-lynoras/,2026-06-20
2026-06-19,New Culver’s Restaurant Planned for Orlando,"5110 Davisson Ave, Orlando, FL 32804",https://whatnow.com/orlando/restaurants/new-culvers-restaurant-planned-for-orlando/,2026-06-20
2026-06-19,Dispensary Being Planned for Former East Harlem Deli,"323 E 108th St, New York, NY 10029",https://whatnow.com/new-york/restaurants/dispensary-being-planned-for-former-east-harlem-deli/,2026-06-20
2026-06-19,Hawaii's Pineapple Cookie Brand Is Setting Up Its Largest Shop in Las Vegas,"The LINQ Promenade 3535 S Las Vegas Blvd, Las Vegas, NV 89109",https://whatnow.com/las-vegas/restaurants/hawaiis-pineapple-cookie-brand-is-setting-up-its-largest-shop-in-las-vegas/,2026-06-19
2026-06-19,A New Vegan Restaurant Rooted in Family Recipes Is Coming to the Denver Design District,"675 S Broadway, Denver, CO 80209",https://whatnow.com/denver/restaurants/a-new-vegan-restaurant-rooted-in-family-recipes-is-coming-to-the-denver-design-district/,2026-06-20
2026-06-19,"Bruiser's ""The Hot Dog Place"" to Open in Covington","1614 N Columbia St, Covington, LA 70433",https://whatnow.com/new-orleans/restaurants/bruisers-the-hot-dog-place-to-open-in-covington/,2026-06-20
2026-06-19,Blazing Bird plans new restaurant on East Colfax Avenue,"2341 E Colfax Ave, Denver, CO 80206",https://whatnow.com/denver/restaurants/blazing-bird-plans-new-restaurant-on-east-colfax-avenue/,2026-06-20
2026-06-18,E+Rose Continues Nashville Growth With Green Hills Location,"2115 Crestmoor Rd, Nashville, TN 37215, USA",https://whatnow.com/nashville/restaurants/erose-continues-nashville-growth-with-green-hills-location/,2026-06-19
2026-06-18,Bar Noto Is Bringing the Italian Happy Hour Tradition to NW Portland,"1932 NW LOVEJOY ST, PORTLAND, OR 97209",https://whatnow.com/portland/restaurants/portland-is-getting-a-little-taste-of-sicily-this-july-with-bar-noto/,2026-06-19
2026-06-18,Markham-Based Dream's Pizza Moving into Hazel Crest Shopping Center,"17553 Kedzie Ave #22, Hazel Crest, IL 60429",https://whatnow.com/chicago/restaurants/markham-based-dreams-pizza-moving-into-hazel-crest-shopping-center/,2026-06-19
2026-06-18,Tin Man Filling Station Nears Opening of First San Antonio Location on Bulverde Road,"17910 Bulverde Rd, San Antonio, TX 78259, USA",https://whatnow.com/san-antonio/restaurants/tin-man-filling-station-nears-opening-of-first-san-antonio-location-on-bulverde-road/,2026-06-19
2026-06-18,Firehouse Subs Plans New Location in Celina,"Celina, TX 75009",https://whatnow.com/dallas/restaurants/firehouse-subs-plans-new-location-in-celina/,2026-06-19
2026-06-18,Kinfolks Southern Kitchen Express Hitting the Road in July,,https://whatnow.com/jacksonville/restaurants/kinfolks-southern-kitchen-express-hitting-the-road-in-july/,2026-06-18
2026-06-18,New Coffee Shop Brewing up Good Trouble in Arlington,"3800 Langston Blvd., Arlington, VA 22207",https://whatnow.com/washington-dc/restaurants/new-coffee-shop-brewing-up-good-trouble-in-arlington/,2026-06-19
2026-06-18,Fat Zach's Pizza Opening First Tacoma Location This Fall,"4502 S Steele St, Tacoma, WA 98409",https://whatnow.com/seattle/restaurants/fat-zachs-pizza-opening-first-tacoma-location-this-fall/,2026-06-19
2026-06-18,Little Red Barn Market Plans To Get a Permanent Home in Downtown Burnet,"103 S Silver St, Burnet, TX 78611",https://whatnow.com/austin/restaurants/little-red-barn-market-plans-to-get-a-permanent-home-in-downtown-burnet/,2026-06-19
2026-06-18,Greenlane Expanding with Pinellas Park Location,"6401 Park Blvd, Pinellas Park, FL 33781",https://whatnow.com/tampa/restaurants/greenlane-expanding-with-pinellas-park-location/,2026-06-18
2026-06-18,Bad Ass Coffee of Hawaii Eyes Lake Wylie and Fort Mill Expansion,"201 S Tryon St, Charlotte, NC 28202, USA",https://whatnow.com/charlotte/restaurants/bad-ass-coffee-of-hawaii-eyes-lake-wylie-and-fort-mill-expansion/,2026-06-19
2026-06-18,Chef Will Gilson to Open Puritan Tavern in Historic Groton Fire Station Space,"20 Station Ave, Groton, MA 01450",https://whatnow.com/boston/restaurants/chef-will-gilson-to-open-puritan-tavern-in-historic-groton-fire-station-space/,2026-06-19
2026-06-18,Bubba’s 33 To Replace Former TGI Fridays Site in Reynoldsburg,"2928 Taylor Rd, Reynoldsburg, OH 43068",https://whatnow.com/columbus/restaurants/bubbas-33-to-replace-former-tgi-fridays-site-in-reynoldsburg/,2026-06-19
2026-06-18,Fresh Healthy Cafe Hopes to Feed Alexandria,"2040 Jamieson Ave, Alexandria, VA 22314",https://whatnow.com/washington-dc/restaurants/fresh-healthy-cafe-hopes-to-feed-alexandria/,2026-06-19
2026-06-18,Michelin-Recognized Thai Restaurant’s San Francisco Location Is Closing This Week,"1270 Valencia St, San Francisco, CA 94110",https://whatnow.com/san-francisco/restaurants/michelin-recognized-thai-restaurants-san-francisco-location-is-closing-this-week/,2026-06-18
2026-06-18,Broadway Chicken to Open in Jupiter,901 W. Indiantown Road,https://whatnow.com/miami/restaurants/broadway-chicken-to-open-in-jupiter/,2026-06-19
2026-06-18,Slutty Vegan to Debut First Detroit Location in Corktown This Fall,"1441 W Elizabeth St, Detroit, MI 48216",https://whatnow.com/detroit/restaurants/slutty-vegan-to-debut-first-detroit-location-in-corktown-this-fall/,2026-06-19
2026-06-18,Janta by Spice Waala Coming to Wallingford,,https://whatnow.com/seattle/restaurants/janta-by-spice-waala-coming-to-wallingford/,2026-06-19
2026-06-18,Iconic West Hollywood Seafood Restaurant Hosts Final ‘One Last Cast’ Dinner Today,"8171 Santa Monica Blvd, West Hollywood, CA 90046, United States",https://whatnow.com/los-angeles/restaurants/iconic-west-hollywood-seafood-restaurant-hosts-final-one-last-cast-dinner-today/,2026-06-19
2026-06-18,Good Salt Restaurant Group Plans New Milk District Restaurant,"2400 E Robinson St, Orlando, FL 32803",https://whatnow.com/orlando/restaurants/good-salt-restaurant-group-plans-new-milk-district-restaurant/,2026-06-19
2026-06-18,Motek By The Sea to Open at the W Fort Lauderdale Hotel,"401 N Fort Lauderdale Beach Blvd, Fort Lauderdale, FL 33304",https://whatnow.com/miami/restaurants/motek-by-the-sea-to-open-at-the-w-fort-lauderdale-hotel/,2026-06-19
2026-06-18,A Longtime Austin Burger Stand Is Closing Its Flagship Location,"5701 N Interstate Hwy 35, Austin, TX 78723",https://whatnow.com/austin/restaurants/a-longtime-austin-burger-stand-is-closing-its-flagship-location/,2026-06-18
2026-06-18,Grav South Wine Bar Taking Over for Zero Gravity Wine Bar in Titusville,"4356 S Hopkins Ave, Titusville, FL 32780",https://whatnow.com/orlando/restaurants/grav-south-wine-bar-taking-over-for-zero-gravity-wine-bar-in-titusville/,2026-06-19
2026-06-18,Luna Grill Could Bring Its Signature Mediterranean Fast-Casual Style to Celina,"3515 S Preston Rd #130, Celina, TX 75009",https://whatnow.com/dallas/restaurants/luna-grill-could-bring-its-signature-mediterranean-fast-casual-style-to-celina/,2026-06-19
2026-06-18,Mongolian BBQ Chain Genghis Grill Plans San Antonio Comeback On North Side,"226 W Bitters Rd, San Antonio, TX 78216, USA",https://whatnow.com/san-antonio/restaurants/mongolian-bbq-chain-genghis-grill-plans-san-antonio-comeback-on-north-side/,2026-06-19
2026-06-18,Cork & Cap to Transition Into Vignette Wine Bar & Cellar,,https://whatnow.com/charleston/restaurants/cork-cap-to-transition-into-vignette-wine-bar-cellar-new-name-look-space/,2026-06-19
2026-06-18,Ghirardelli Soda Fountain & Chocolate Shop Relocating During Renovations,"1710 E Buena Vista Dr Building 7, Lake Buena Vista, FL 32830",https://whatnow.com/orlando/restaurants/ghirardelli-soda-fountain-chocolate-relocating-during-renovations/,2026-06-19
2026-06-18,A European Restaurant in Georgetown Is Closing After a 21-Year Run,"3315 Cady\'s Alley NW, Washington, DC 20007",https://whatnow.com/washington-dc/restaurants/a-european-restaurant-in-georgetown-is-closing-after-a-21-year-run/,2026-06-19
2026-06-18,Roots Natural Kitchen Plans New Polaris Location in Former Giordano's Space,"2137 Polaris Pkwy, Columbus, OH 43240, USA",https://whatnow.com/columbus/restaurants/roots-natural-kitchen-plans-new-polaris-location-in-former-giordanos-space/,2026-06-19
2026-06-18,A Fast-Growing Slider Chain Has Officially Arrived in San Antonio,"3103 Wurzbach Rd, San Antonio, TX 78238, United States",https://whatnow.com/san-antonio/restaurants/a-fast-growing-slider-chain-has-officially-arrived-in-san-antonio/,2026-06-18
2026-06-18,Jaggers Expanding to Pickerington With New Standalone Restaurant,"837 Refugee Rd, Pickerington, OH 43147, USA",https://whatnow.com/columbus/restaurants/jaggers-expanding-to-pickerington-with-new-standalone-restaurant/,2026-06-19
2026-06-18,Zaxby's Eyes New La Vergne Location,"5175 Murfreesboro Rd, La Vergne, TN 37086, USA",https://whatnow.com/nashville/restaurants/zaxbys-eyes-new-la-vergne-location/,2026-06-19
2026-06-18,Kirby Ice House Plans New Location in Plano,"208 Coit Rd, Plano, TX 75075",https://whatnow.com/dallas/restaurants/kirby-ice-house-plans-new-location-in-plano/,2026-06-19
2026-06-18,Cien Agaves Tacos & Tequila Opening Chandler Location in August,"900 N 54th St, Chandler, AZ 85226",https://whatnow.com/phoenix/restaurants/cien-agaves-tacos-tequila-opening-chandler-location-in-august/,2026-06-19
2026-06-18,Inkling Art & Cafe Bringing New Concept to Capitol Hill,"610 19th Ave E, Seattle, WA 98112",https://whatnow.com/seattle/restaurants/inkling-art-cafe-bringing-new-concept-to-capitol-hill/,2026-06-19
2026-06-18,Arcadia Pizza Company Plans Early September Opening,"3122 E Indian School Rd, Phoenix, AZ 85016",https://whatnow.com/phoenix/restaurants/arcadia-pizza-company-plans-early-september-opening/,2026-06-19
2026-06-18,Olive Garden Plans New Restaurant at Yorkville’s Kendall Marketplace,"978 Edward Ln, Yorkville, IL 60560",https://whatnow.com/chicago/restaurants/olive-garden-plans-new-restaurant-at-yorkvilles-kendall-marketplace/,2026-06-19
2026-06-18,Litchfield's Plans Early Fall Reopening Following Major Renovation,"300 E Wigwam Blvd, Litchfield Park, AZ 85340",https://whatnow.com/phoenix/restaurants/litchfields-plans-early-fall-reopening-following-major-renovation/,2026-06-19
2026-06-18,Woods Coffee Bringing Two New Locations to King County,"151 Sunset Blvd N, Renton, WA 98057",https://whatnow.com/seattle/restaurants/woods-coffee-bringing-two-new-locations-to-king-county/,2026-06-19
2026-06-18,Delish Bistro Opening in Brooksville,"1171 Howell Ave, Brooksville, FL 34601",https://whatnow.com/tampa/restaurants/delish-bistro-opening-in-brooksville/,2026-06-18
2026-06-18,Costa Vida Fresh Mexican Grill Will Make Its Florida Debut in Palm Harbor,"33505 US Hwy 19 N, Palm Harbor, FL 34684",https://whatnow.com/tampa/restaurants/costa-vida-fresh-mexican-grill-will-make-its-florida-debut-in-palm-harbor/,2026-06-18
2026-06-18,The Buttery Eyes City Debut as Expansion Continues,,https://whatnow.com/philadelphia/restaurants/the-buttery-to-open-first-philadelphia-location-in-northern-liberties/,2026-06-19
2026-06-18,One of Portland's Most Loved Taquerias Is Opening a Third Location,"2530 NE 82nd Ave, Portland, OR 97220, USA",https://whatnow.com/portland/restaurants/one-of-portlands-most-loved-taquerias-is-opening-a-third-location/,2026-06-19
2026-06-17,"Binchotan, New AYCE Korean BBQ Concept, Plans for East of Strip Eatery","953 E Sahara Ave, Las Vegas, NV 89109",https://whatnow.com/las-vegas/restaurants/binchotan-new-ayce-korean-bbq-concept-plans-for-east-of-strip-eatery/,2026-06-18
2026-06-17,A Fort Worth Barbecue Restaurant Is Closing After a Property Ownership Change,"923 E Seminary Dr, Fort Worth, TX 76115",https://whatnow.com/dallas/restaurants/a-fort-worth-barbecue-restaurant-is-closing-after-a-property-ownership-change/,2026-06-18
2026-06-17,Charleston's 167 Sushi Bar Set for Bigger Home in 2027,"5 Cumberland St., Charleston, SC 29401",https://whatnow.com/charleston/restaurants/charlestons-167-sushi-bar-set-for-bigger-home-in-2027/,2026-06-18
2026-06-17,Slava Cafe & Bakery Bringing Ukrainian Flavors to Downtown Asheville,"37 Wall St, Asheville, NC 28801, USA",https://whatnow.com/charlotte/restaurants/slava-cafe-bakery-bringing-ukrainian-flavors-to-downtown-asheville/,2026-06-18
2026-06-17,Thai House Kitchen Expanding to Redondo Beach,"1914 Pacific Coast Hwy #2b, Redondo Beach, CA 90277",https://whatnow.com/los-angeles/restaurants/thai-house-kitchen-expanding-to-redondo-beach/,2026-06-18
2026-06-17,Joey Ward Expanding Atlanta Dining Portfolio,"225 Central Ave SW, Atlanta, GA 30303",https://whatnow.com/atlanta/restaurants/joey-ward-expanding-atlanta-dining-portfolio/,2026-06-18
2026-06-17,Lincoln Beer Company Planning Canoga Park Brewpub,"8039 N Deering Ave, Canoga Park, CA 91303",https://whatnow.com/los-angeles/restaurants/lincoln-beer-company-planning-canoga-park-brewpub/,2026-06-18
2026-06-17,Southern Grounds & Co. Plans First North Carolina Locations in Charlotte,"Charlotte, NC 28205, USA",https://whatnow.com/charlotte/restaurants/southern-grounds-co-plans-first-north-carolina-locations-in-charlotte/,2026-06-18
2026-06-17,Ochoa Mexican Grill Planned for Former Pecan Penny's Space in Downtown Columbus,"113 E Main St, Columbus, OH 43215, USA",https://whatnow.com/columbus/restaurants/ochoa-mexican-grill-planned-for-former-pecan-pennys-space-in-downtown-columbus/,2026-06-18
2026-06-17,A Popular Hot Pot Restaurant Is Closing Its Only Bay Area Location This Week,"200 Grand Ave, South San Francisco, CA 94080, United States",https://whatnow.com/san-francisco/restaurants/a-popular-hot-pot-restaurant-is-closing-its-only-bay-area-location-this-week/,2026-06-18
2026-06-17,"The Belt Brings Sandwiches, Smash Burgers to Lawrenceville","3320 US-1, Lawrenceville, NJ 08648",https://whatnow.com/philadelphia/restaurants/two-concepts-one-counter-the-belt-eyes-july-opening-at-quaker-bridge-mall/,2026-06-18
2026-06-17,Haraz Coffee House Plans Rittenhouse Square Cafe,"1822 Chestnut St., Philadelphia, PA 19103",https://whatnow.com/philadelphia/restaurants/brewing-growth-haraz-coffee-house-plans-rittenhouse-square-cafe/,2026-06-18
2026-06-17,Talkin' Tacos Continues Texas Expansion With Dallas Location,"2805 Main St, Dallas, TX 75226, USA",https://whatnow.com/dallas/restaurants/talkin-tacos-continues-texas-expansion-with-dallas-location/,2026-06-18
2026-06-17,Jeff’s Bagel Run Plans Second Pinellas County Bagel Shop,"2325 Ulmerton Rd #18, Clearwater, FL 33762",https://whatnow.com/tampa/restaurants/jeffs-bagel-run-plans-second-pinellas-county-bagel-shop/,2026-06-18
2026-06-17,Sugarita Cake Couture Launching Brick-and-Mortar Cafe and Bakery,,https://whatnow.com/tampa/restaurants/sugarita-cake-couture-launching-brick-and-mortar-cafe-and-bakery/,2026-06-18
2026-06-17,Tanta Roba Pizzeria Getting Ready for Summer Debut,"4150 Mission Blvd, San Diego, CA 92109",https://whatnow.com/san-diego/restaurants/tanta-roba-pizzeria-getting-ready-for-summer-debut/,2026-06-18
2026-06-17,Danny's Cafe Relocating to Larger Burlington Space,"2461 S Church St, Burlington, NC 27215, USA",https://whatnow.com/charlotte/restaurants/dannys-cafe-relocating-to-larger-burlington-space/,2026-06-18
2026-06-17,The Owners Behind Two Detroit Nightlife Spots Have Announced Closures,,https://whatnow.com/detroit/restaurants/the-owners-behind-two-detroit-nightlife-spots-have-announced-closures/,2026-06-18
2026-06-17,Slutty Vegan Expanding in Atlanta Through New Franchise Agreement,,https://whatnow.com/atlanta/restaurants/slutty-vegan-expanding-in-atlanta-through-new-franchise-agreement/,2026-06-18
2026-06-17,Former Libertine in the West Village Set to Relaunch as Capitaine,"684 Greenwich St, New York, NY 10014",https://whatnow.com/new-york/restaurants/former-libertine-in-the-west-village-set-to-relaunch-as-capitaine/,2026-06-18
2026-06-17,"A 30,000-Square-Foot Ice Cream-Themed Attraction Is Set to Debut at AREA15","3215 S Rancho Dr, Las Vegas, NV 89102",https://whatnow.com/las-vegas/restaurants/a-30000-square-foot-ice-cream-themed-attraction-is-set-to-debut-at-area15/,2026-06-17
2026-06-17,"Paris Baguette Plans Major Massachusetts Expansion, Starting With Bellingham and Mansfield Cafés",,https://whatnow.com/boston/restaurants/paris-baguette-plans-major-massachusetts-expansion-starting-with-bellingham-and-mansfield-cafes/,2026-06-18
2026-06-17,Blvd Bar BQ and Wings is Expanding!,"6435 S Rainbow Blvd, Las Vegas, NV 89118",https://whatnow.com/las-vegas/restaurants/blvd-bar-bq-and-wings-is-expanding/,2026-06-17
2026-06-17,The Chef Behind Portland's Best Burrito Cart Is Opening a Bar,"3448 NE Sandy Blvd, Portland, OR 97232",https://whatnow.com/portland/restaurants/the-chef-behind-portlands-best-burrito-cart-is-opening-a-bar/,2026-06-18
2026-06-17,Owners of Selden Standard Planning New West Village Concept,"8047 Agnes St, Detroit, MI 48214",https://whatnow.com/detroit/restaurants/owners-of-selden-standard-planning-new-west-village-concept/,2026-06-18
2026-06-17,Life's Grind Coffee Shop is Coming to Elk Grove,"8940 Elk Grove Blvd, Elk Grove, CA 95624",https://whatnow.com/sacramento/restaurants/lifes-grind-coffee-shop-is-coming-to-elk-grove/,2026-06-18
2026-06-17,Big Papa’s Empanadas Plans Charlotte Debut This Summer,"1812 Rozzelles Ferry Rd, Charlotte, NC 28208, USA",https://whatnow.com/charlotte/restaurants/big-papas-empanadas-plans-charlotte-debut-this-summer/,2026-06-18
2026-06-17,Portland Spirit Wants to Open a Restaurant in One of Portland's Most Iconic Spots,"1020 SW Naito Pkwy, Portland, OR 97204",https://whatnow.com/portland/restaurants/portland-spirit-wants-to-open-a-restaurant-in-one-of-portlands-most-iconic-spots/,2026-06-17
2026-06-17,Mixteca Expands Beyond NYC With East Kensington Opening,"2113 E York St., Philadelphia, PA 19125",https://whatnow.com/philadelphia/restaurants/mixteca-expands-beyond-nyc-with-east-kensington-location-opening-this-summer/,2026-06-18
2026-06-17,Antica Terra Expands With Major Vineyard Acquisition,"6457 SE Amity Rd, Amity, OR 97101",https://whatnow.com/portland/restaurants/antica-terra-expands-with-major-vineyard-acquisition/,2026-06-17
2026-06-17,Wellesley's Lockheart Restaurant Expanding to Historic Newton Centre Railroad Station,"70 Union St, Newton Centre, MA 02459",https://whatnow.com/boston/restaurants/wellesleys-lockheart-restaurant-expanding-to-historic-newton-centre-railroad-station/,2026-06-18
2026-06-17,'The Restaurant Business Is a Good Disease': Bobby Asad Plans To Bring Huey Magoo's to 5 New Texas Locations,,https://whatnow.com/dallas/restaurants/the-restaurant-business-is-a-good-disease-bobby-assad-plans-to-bring-huey-magoos-to-5-new-texas-locations/,2026-06-18
2026-06-17,Sweetwaters Coffee and Tea is Planning to Open its Second Greater Houston Location,"923 Honea Egypt Rd, Magnolia, TX 77354",https://whatnow.com/las-vegas/restaurants/sweetwaters-coffee-and-tea-is-planning-to-open-its-second-greater-houston-location/,2026-06-18
2026-06-17,Tim Hortons Slated for South Nashville Location on Nolensville Pike,"4097 Nolensville Pk, Nashville, TN 37211, USA",https://whatnow.com/nashville/restaurants/tim-hortons-slated-for-south-nashville-location-on-nolensville-pike/,2026-06-18
2026-06-17,Cafe From Shaded Bloom Coffee Roasters Coming to Lake Orion Fitness Center,"257 Clarkston Rd, Lake Orion, MI 48362",https://whatnow.com/detroit/restaurants/cafe-from-shaded-bloom-coffee-roasters-coming-to-lake-orion-fitness-center/,2026-06-18
2026-06-17,Olive Garden is Expanding to Riverbank,"2101 Claribel Rd, Riverbank, CA 95367",https://whatnow.com/sacramento/restaurants/olive-garden-is-expanding-to-riverbank/,2026-06-18
2026-06-17,Huey Magoo's Will Open 5 New Texas Locations,,https://whatnow.com/dallas/restaurants/huey-magoos-will-open-5-new-texas-locations/,2026-06-19
2026-06-17,Upscale Mexican Dining Concept Opening New Southern California Location,"32 Al Harris Ln, Redlands, CA 92374, USA",https://whatnow.com/orange-county/restaurants/upscale-mexican-dining-concept-opening-new-southern-california-location/,2026-06-18
2026-06-17,Iconic Nashville Burger Restaurant Announces Closure After 16 Years,"2901 12th Ave S, Nashville, TN 37204, United States",https://whatnow.com/nashville/restaurants/iconic-nashville-burger-restaurant-announces-closure-after-16-years/,2026-06-18
2026-06-17,New Concept Palmyra to Open in Place of Former Next Mex in Lemont,"319 Front St, Lemont, IL 60439",https://whatnow.com/chicago/restaurants/new-concept-palmyra-to-open-in-place-of-former-next-mex-in-lemont/,2026-06-18
2026-06-17,"The Monarch House Bringing Coffee, Cocktails and Wine to Mount Auburn's Flatiron Building","1833 Sycamore St, Cincinnati, OH 45202, USA",https://whatnow.com/columbus/restaurants/the-monarch-house-bringing-coffee-cocktails-and-wine-to-mount-auburns-flatiron-building/,2026-06-18
2026-06-17,Whimsical New American Spot Coming to Midtown,"731 8th Ave, New York, NY 10036",https://whatnow.com/new-york/restaurants/whimsical-new-american-spot-coming-to-midtown/,2026-06-17
2026-06-17,Candente to Open its Third Greater Houston Region Eatery,"2020 Lawrence St, Houston, TX 77008",https://whatnow.com/houston/restaurants/candente-to-open-its-third-greater-houston-region-eatery/,2026-06-17
2026-06-16,Southern California-Born Sandwich Brand Opens New Waterfront Location in San Diego,"825 N Harbor Dr Ste 109, San Diego, CA 92101",https://whatnow.com/san-diego/restaurants/southern-california-born-sandwich-brand-opens-new-waterfront-location-in-san-diego/,2026-06-16
2026-06-16,888 Sushi and Robata to Open Another Las Vegas Valley Eatery,"5865 Spring Mountain Rd, Las Vegas, NV 89146",https://whatnow.com/las-vegas/restaurants/888-sushi-and-robata-to-open-another-las-vegas-valley-eatery/,2026-06-17
2026-06-16,Thunder Burgerz West Expands With New Asheville Location,"521 Haywood Rd, Asheville, NC 28806, USA",https://whatnow.com/charlotte/restaurants/thunder-burgerz-west-expands-with-new-asheville-location/,2026-06-17
2026-06-16,Fresh Brew Coffee and Tea to Open in the Imperial Oaks Shopping Center,"21502 Rayford Rd, Humble, TX 77338",https://whatnow.com/houston/restaurants/fresh-brew-coffee-and-tea-to-open-in-the-imperial-oaks-shopping-center/,2026-06-17
2026-06-16,Barcade Opening in Ypsilanti Next Year to Partner with Local Restaurants,"14 W Michigan Ave, Ypsilanti, MI 48197",https://whatnow.com/detroit/restaurants/barcade-opening-in-ypsilanti-next-year-to-partner-with-local-restaurants/,2026-06-17
2026-06-16,Foodtastic Acquires Kinton Ramen,,https://whatnow.com/toronto/restaurants/foodtastic-acquires-kinton-ramen/,2026-06-17
2026-06-16,Key Deli & Ice Cream Shop Opening in West Columbia,"1505 Charleston Hwy., West Columbia, SC 29169",https://whatnow.com/charleston/restaurants/key-deli-ice-cream-shop-bringing-comfort-food-favorites-to-west-columbia/,2026-06-17
2026-06-16,School Specialty Coffee Expanding to Hamilton,"147 Locke St S, Hamilton, ON L8P 4B1, Canada",https://whatnow.com/toronto/restaurants/school-specialty-coffee-expanding-to-hamilton/,2026-06-17
2026-06-16,One of Tampa Bay’s Best-Known Restaurants Is Entering Its Final Weeks,"10400 49th Street N, Clearwater, FL 33762, United States",https://whatnow.com/tampa/restaurants/one-of-tampa-bays-best-known-restaurants-is-entering-its-final-weeks/,2026-06-16
2026-06-16,Jimmy John's to Join Dunkin' at TA Express in Houston,"4808 N McCarty St, Houston, TX 77013",https://whatnow.com/houston/restaurants/jimmy-johns-to-join-dunkin-at-ta-express-in-houston/,2026-06-17
2026-06-16,Popular Nashville Thai Restaurant Degthai Slated For Hendersonville Debut,"750 W Main St, Hendersonville, TN 37075, USA",https://whatnow.com/nashville/restaurants/popular-nashville-thai-restaurant-degthai-slated-for-hendersonville-debut/,2026-06-17
2026-06-16,Lobster Lab Expanding to Del Mar and UCSD in 2026,"12841 El Camino Real, San Diego, CA 92130",https://whatnow.com/san-diego/restaurants/lobster-lab-expanding-to-del-mar-and-ucsd-in-2026/,2026-06-17
2026-06-16,Arcade Bar Opening in Ypsilanti Next Year to Partner with Local Restaurants,"14 W Michigan Ave, Ypsilanti, MI 48197",https://whatnow.com/detroit/restaurants/arcade-bar-opening-in-ypsilanti-next-year-to-partner-with-local-restaurants/,2026-06-18
2026-06-16,Houston’s Chinatown Is Losing a Beloved Malaysian Restaurant,"6833 W Sam Houston Pkwy S #103, Houston, TX 77072",https://whatnow.com/houston/restaurants/houstons-chinatown-is-losing-a-beloved-malaysian-restaurant/,2026-06-16
2026-06-16,SusieCakes Preparing La Jolla Village Bakery,"8855 Villa La Jolla Dr #490, La Jolla, CA 92037",https://whatnow.com/san-diego/restaurants/susiecakes-preparing-la-jolla-village-bakery/,2026-06-17
2026-06-16,This Intimate Manhattan Eatery Was Just Named America's Best New Restaurant 2026 in James Beard Awards,"15-17 Doyers St, New York, NY 10013",https://whatnow.com/new-york/restaurants/this-intimate-manhattan-eatery-was-just-named-americas-best-new-restaurant-2026-in-james-beard-awards/,2026-06-16
2026-06-16,Burning Rice Is Heading to Mansfield,"2301 E Broad St, Mansfield, TX 76063, USA",https://whatnow.com/dallas/restaurants/burning-rice-is-heading-to-mansfield/,2026-06-17
2026-06-16,Taco-n-ganas to Debut First Drive-Thru Location,"8079 Trinity Rd, Cordova, TN 38018",https://whatnow.com/memphis/restaurants/taco-n-ganas-to-debut-first-drive-thru-location/,2026-06-17
2026-06-16,Pho Ca Dao Vietnamese Kitchen Opening in Hillcrest,"3687 Fifth Ave, San Diego, CA 92103",https://whatnow.com/san-diego/restaurants/pho-ca-dao-vietnamese-kitchen-opening-in-hillcrest/,2026-06-17
2026-06-16,One of America’s Largest Smoothie Chains Opening New Chicago Location With 50% Off,"2620 N Milwaukee Ave, Chicago, IL 60647",https://whatnow.com/chicago/restaurants/one-of-americas-largest-smoothie-chains-opening-new-chicago-location-with-50-off/,2026-06-16
2026-06-16,The Stand Restaurants Announces Continued Southern California Expansion | What Now San Diego,"1640 Camino Del Rio N, San Diego, CA 92108",https://whatnow.com/san-diego/restaurants/the-stand-restaurants-announces-continued-southern-california-expansion/,2026-06-16
2026-06-16,Zellers Expanding With Focus on Diner Concept,"80 Orfus Rd, North York, ON M6A 1M1, Canada",https://whatnow.com/toronto/restaurants/zellers-expanding-with-focus-on-diner-concept/,2026-06-17
2026-06-16,An Iconic 82-Year-Old Restaurant and a Farm-to-Table Eatery Are Closing This June,,https://whatnow.com/san-diego/restaurants/an-iconic-82-year-old-restaurant-is-among-two-san-diego-closures-this-month/,2026-06-16
2026-06-15,Centennial Yards Inks Lease With Pizza Spot Varuni Napoli | What Now Atlanta,,https://whatnow.com/atlanta/restaurants/centennial-yards-inks-lease-with-pizza-spot-varuni-napoli/,2026-06-16
2026-06-15,A San Francisco Restaurant Built Around Reducing Food Waste Has Announced Closure,"3349 23rd St, San Francisco, CA 94110, United States",https://whatnow.com/san-francisco/restaurants/a-san-francisco-restaurant-built-around-reducing-food-waste-has-announced-closure/,2026-06-16
2026-06-15,A Popular California Chef-Led Burger Concept Opens at South Coast Plaza,"3333 Bristol St, Costa Mesa, CA 92626",https://whatnow.com/orange-county/restaurants/a-popular-california-chef-led-burger-concept-opens-at-south-coast-plaza/,2026-06-16
2026-06-15,Fairgrounds Coffee to Open at Base of Developing Office Building in The Loop,"1 E Wacker Dr, Chicago, IL 60601",https://whatnow.com/chicago/restaurants/fairgrounds-coffee-to-open-at-base-of-developing-office-building-in-the-loop/,2026-06-16
2026-06-15,Nashville Restaurant Leaders Gather for What Now Media Group’s Accelerate Event at Love's Alibi,"901 Gleaves St, Nashville, TN 37203",https://whatnow.com/nashville/restaurants/nashville-restaurant-leaders-gather-for-what-now-media-groups-accelerate-event-at-loves-alibi/,2026-06-16
2026-06-15,JAXXON Coming to Fashion Valley in San Diego,"7007 Friars Rd, San Diego, CA 92108",https://whatnow.com/san-diego/restaurants/jaxxon-coming-to-fashion-valley-in-san-diego/,2026-06-16
2026-06-15,Austin Hospitality Leaders Gather at What Now Media Group’s Accelerate Event,"1309 Rosewood Ave, Austin, TX 78702",https://whatnow.com/austin/restaurants/austin-hospitality-leaders-gather-at-what-now-media-groups-accelerate-event/,2026-06-16
2026-06-15,Mariscos La Costa to Serve Coastal Mexican Cuisine in Brighton Park,"4472 S Archer Ave, Chicago, IL 60632",https://whatnow.com/chicago/restaurants/mariscos-la-costa-to-serve-coastal-mexican-cuisine-in-brighton-park/,2026-06-16
2026-06-15,A Popular Riverside Sandwich Shop Enters Its Final Weeks Ahead of June 20 Closure,"2545 Riverside Ave, Jacksonville, FL 32204",https://whatnow.com/jacksonville/restaurants/a-popular-riverside-sandwich-shop-enters-its-final-weeks-ahead-of-june-20-closure/,2026-06-16
2026-06-15,Award-Winning St. Petersburg Restaurant Announces Closure,"1900 1st Ave S, St. Petersburg, FL 33712",https://whatnow.com/tampa/restaurants/award-winning-st-petersburg-restaurant-announces-closure/,2026-06-16
2026-06-15,Goop Kitchen Expanding to UCSD's Triton Center,,https://whatnow.com/san-diego/restaurants/goop-kitchen-expanding-to-ucsds-triton-center/,2026-06-16
2026-06-15,Portland Restaurant Reopens with a New All-You-Can-Enjoy Format,"5237 NE Martin Luther King Jr Blvd, Portland, OR 97211, United States",https://whatnow.com/portland/restaurants/portland-restaurant-reopens-with-a-new-all-you-can-enjoy-format/,2026-06-16
2026-06-15,Tamale Boy Is Opening a New Restaurant and Bar on North Williams Avenue,"2323 N Williams Ave, Portland, OR 97227",https://whatnow.com/portland/restaurants/tamale-boy-is-opening-a-new-restaurant-and-bar-on-north-williams-avenue/,2026-06-16
2026-06-15,PopUp Bagels Planning Studio City Location | What Now Los Angeles,"12184 Ventura Blvd, Studio City, CA 91604, USA",https://whatnow.com/los-angeles/restaurants/popup-bagels-planning-studio-city-location/,2026-06-16
2026-06-15,5 Upcoming Restaurants We Uncovered Last Week in Metro Atlanta (June 8-12),,https://whatnow.com/atlanta/restaurants/5-upcoming-restaurants-we-uncovered-last-week-in-metro-atlanta-june-8-12/,2026-06-16
2026-06-14,Another Broken Egg Cafe Targeting August Opening In Murfreesboro,"2615 Medical Center Pkwy, Murfreesboro, TN 37129, USA",https://whatnow.com/nashville/restaurants/another-broken-egg-cafe-targeting-august-opening-in-murfreesboro/,2026-06-16
2026-06-14,PacSun Bringing Cutting Edge Fashion to Virginia Mall,"6500 Springfield Mall, Springfield, VA 22150",https://whatnow.com/washington-dc/restaurants/pacsun-bringing-cutting-edge-fashion-to-virginia-mall/,2026-06-16
2026-06-14,La Hacienda Mexican Restaurant Working on Fourth Location,,https://whatnow.com/memphis/restaurants/la-hacienda-mexican-restaurant-working-on-fourth-location/,2026-06-16
2026-06-14,Tsubaki By Koi Makes Move to W. Pinhook Road,"803 W Pinhook Rd, Lafayette, LA 70503",https://whatnow.com/new-orleans/restaurants/tsubaki-by-koi-makes-move-to-w-pinhook-road/,2026-06-16
2026-06-14,"Korean Barbecue Restaurant, Coffee and Ramen Bar Headed to Donaldsonville","807 Railroad Ave, Donaldsonville, LA 70346",https://whatnow.com/new-orleans/restaurants/korean-barbecue-restaurant-coffee-and-ramen-bar-headed-to-donaldsonville/,2026-06-16
2026-06-14,Bowie to Get a Taste of Celebrated Food Hall,"15431 Excelsior Dr, Bowie, MD 20716",https://whatnow.com/washington-dc/restaurants/bowie-to-get-a-taste-of-celebrated-food-hall/,2026-06-16
2026-06-14,Civita Italia to Spice up Virginia Dining Scene,"3401 Haydenpark Ln, Ridge, VA 23233",https://whatnow.com/washington-dc/restaurants/civita-italia-to-spice-up-virginia-dining-scene/,2026-06-16
2026-06-13,Cafecito Lounge Set To Open Third Location,,https://whatnow.com/san-francisco/restaurants/cafecito-lounge-set-to-open-third-location/,2026-06-13
2026-06-13,Vagabond Bringing London Concept To The Gulch,"1000 Division St, Nashville, TN 37203, USA",https://whatnow.com/nashville/restaurants/vagabond-bringing-london-concept-to-the-gulch/,2026-06-14
2026-06-13,Baltimore Spirits Company Readies New Chapter,,https://whatnow.com/washington-dc/restaurants/baltimore-spirits-company-readies-new-chapter/,2026-06-14
2026-06-13,Griddle Gourmet Planning Modern Indian Bistro & Bar in Knoxville,"1403 Bexhill Dr, Knoxville, TN 37922, USA",https://whatnow.com/nashville/restaurants/griddle-gourmet-planning-modern-indian-bistro-bar-in-knoxville/,2026-06-14
2026-06-13,Ostrich Egg Distillery Set To Debut in Fullerton,"129 W Commonwealth Ave, Fullerton, CA 92832",https://whatnow.com/orange-county/restaurants/ostrich-egg-distillery-set-to-debut-in-fullerton/,2026-06-13
2026-06-13,Juicy News on the Georgetown Dining Scene as Danish Concept Moves Forward on Area Location,"1420 Wisconsin Ave NW, Washington, DC 20007",https://whatnow.com/washington-dc/restaurants/juicy-news-on-the-georgetown-dining-scene-as-danish-concept-moves-forward-on-area-location/,2026-06-14
2026-06-13,Marmo Nearing Annapolis Debut,"80 Compromise St, Annapolis, MD 21401",https://whatnow.com/washington-dc/restaurants/marmo-nearing-annapolis-debut/,2026-06-14
2026-06-13,Morucci's Expands With New Pleasant Hill Location,"236 Golf Club Rd, Pleasant Hill, CA 94523",https://whatnow.com/san-francisco/restaurants/moruccis-expands-with-new-pleasant-hill-location/,2026-06-13
2026-06-12,Turning Point Opening Third Florida Location in Rockledge,"1995 Viera Blvd, Rockledge, FL 32955",https://whatnow.com/orlando/restaurants/turning-point-opening-third-florida-location-in-rockledge/,2026-06-13
2026-06-12,Scooter’s Coffee Franchisees Heading to Lansing for Latest Shop,"3335 E Michigan Ave, Lansing, MI 48912",https://whatnow.com/detroit/restaurants/scooters-coffee-franchisees-heading-to-lansing-for-latest-shop/,2026-06-13
2026-06-12,Poulet Rouge Expanding to Rimouski’s Quartier D’Astous,"371 Av. Léonidas S, Rimouski, QC G5M 1A1, Canada",https://whatnow.com/montreal/restaurants/poulet-rouge-expanding-to-rimouskis-quartier-dastous/,2026-06-13
2026-06-12,Dojo Sushi Eyeing Location In Encino | What Now Los Angeles,"17401 Ventura Blvd g, Encino, CA 91316",https://whatnow.com/los-angeles/restaurants/dojo-sushi-eyeing-location-in-encino/,2026-06-13
2026-06-12,IYKYK! Coffee Planning Long Beach Expansion | What Now Los Angeles,"6324 E Pacific Coast Hwy, Long Beach, CA 90803",https://whatnow.com/los-angeles/restaurants/iykyk-coffee-planning-long-beach-expansion/,2026-06-13
2026-06-12,"A New 21,141-Square-Foot Fitness Center Has Opened in Sammamish","3066 228th Ave SE, Sammamish, WA 98075",https://whatnow.com/seattle/restaurants/a-new-21141-square-foot-fitness-center-has-opened-in-sammamish/,2026-06-13
2026-06-12,Colletta Opening at Hotel Merrydelle in Pearl Square Next Year,"420 N Julia St #100, Jacksonville, FL 32202",https://whatnow.com/jacksonville/restaurants/colletta-opening-at-hotel-merrydelle-in-the-pearl-square-district/,2026-06-13
2026-06-12,Kilwins to Open Within the East Village Shopping Center,"2118 Lamar St, Houston, TX 77003",https://whatnow.com/houston/restaurants/kilwins-to-open-within-the-east-village-shopping-center/,2026-06-13
2026-06-12,Ocean Crab Restaurant Opening in Sanford,"2935 S Orlando Dr, Sanford, FL 32773",https://whatnow.com/orlando/restaurants/ocean-crab-restaurant-opening-in-sanford/,2026-06-13
2026-06-12,Chuck’s Roadhouse Expanding Across Ontario With Three New Locations,,https://whatnow.com/toronto/restaurants/chucks-roadhouse-expanding-across-ontario-with-three-new-locations/,2026-06-13
2026-06-12,Better Buzz Coffee Continues to Buzz with Upcoming Openings,,https://whatnow.com/las-vegas/restaurants/better-buzz-coffee-continues-to-buzz-with-upcoming-openings/,2026-06-13
2026-06-12,Bray’s Hamburgers Turning on Fryers for New Clinton and Shelby Township Spots,"1187 Southbound Gratiot Ave, Clinton Township, MI 48036",https://whatnow.com/detroit/restaurants/brays-hamburgers-turning-on-fryers-for-new-clinton-and-shelby-township-spots/,2026-06-13
2026-06-12,Twin Peaks Opening First Kissimmee Location in Former Smokey Bones,"2911 Vineland Rd, Kissimmee, FL 34746",https://whatnow.com/orlando/restaurants/twin-peaks-opening-first-kissimmee-location-in-former-smokey-bones/,2026-06-13
2026-06-12,Spitz Mediterranean Street Grill Planning New Buckeye Location,"20640 West Roosevelt St, Buckeye, AZ 85326",https://whatnow.com/phoenix/restaurants/spitz-mediterranean-street-grill-planning-new-buckeye-location/,2026-06-13
2026-06-12,The Pizza Next Door Planned for Shingle Springs,"4131 S Shingle Rd, Shingle Springs, CA 95682",https://whatnow.com/sacramento/restaurants/the-pizza-next-door-planned-for-shingle-springs/,2026-06-13
2026-06-12,General Harvest Bringing Two Concepts to Suncadia Social,"3600 Suncadia Trail, Cle Elum, WA 98922",https://whatnow.com/seattle/restaurants/general-harvest-bringing-two-concepts-to-suncadia-social/,2026-06-13
2026-06-12,The Brunch Box Taking Brunch on the Go,,https://whatnow.com/jacksonville/restaurants/the-brunch-box-taking-brunch-on-the-go/,2026-06-13
2026-06-12,Pepper Lunch is Set to Debut in the Greater Houston Region,Missouri City,https://whatnow.com/houston/restaurants/pepper-lunch-is-set-to-debut-in-the-greater-houston-region/,2026-06-13
2026-06-12,"Arty’s Steakhouse, Long-Awaited Art-Focused Eatery, to Open This Year","953 E Sahara Ave, Las Vegas, NV 89109",https://whatnow.com/las-vegas/restaurants/artys-steakhouse-long-awaited-art-focused-eatery-to-open-this-year/,2026-06-14
2026-06-12,Palazzo Pizza Opening With “Late Night Vibes” in Downtown Tampa,"214 E Cass St, Tampa, FL 33602",https://whatnow.com/tampa/restaurants/palazzo-pizza-opening-with-late-night-vibes-in-downtown-tampa/,2026-06-13
2026-06-12,AMPM Hookah Lounge and Restaurant is Slated to Open on West Flamingo,"4850 W Flamingo Rd, Las Vegas, NV 89103",https://whatnow.com/las-vegas/restaurants/ampm-hookah-lounge-and-restaurant-is-slated-to-open-on-west-flamingo/,2026-06-13
2026-06-12,Popular Quick-Service Restaurant Reopening South Florida Location After Major Renovation,"3211 SW 160th Ave, Miramar, FL 33027",https://whatnow.com/miami/restaurants/popular-quick-service-restaurant-reopening-south-florida-location-after-major-renovation/,2026-06-13
2026-06-12,Crackin Blue Crabs Food Truck Promises “All Flavor No Flex”,,https://whatnow.com/jacksonville/restaurants/crackin-blue-crabs-food-truck-promises-all-flavor-no-flex/,2026-06-13
2026-06-12,Mary’s Gourmet Salads Expanding to Bankers Hill,,https://whatnow.com/san-diego/restaurants/marys-gourmet-salads-expanding-to-bankers-hill/,2026-06-13
2026-06-12,New Japanese Dining Concept NomaEn Planned For Historic Dublin’s Former Oscar’s Site,"84 N High St, Dublin, OH 43017, USA",https://whatnow.com/columbus/restaurants/new-japanese-dining-concept-nomaen-planned-for-historic-dublins-former-oscars-site/,2026-06-13
2026-06-12,STAT Wellness Bringing Integrated Wellness Concept to South End,"2401 Distribution St, Charlotte, NC 28203, USA",https://whatnow.com/charlotte/restaurants/stat-wellness-bringing-integrated-wellness-concept-to-south-end/,2026-06-13
2026-06-12,Baby's Coffee to Open a Shop in Old Town Key West,"518 Fleming St, Key West, FL 33040",https://whatnow.com/miami/restaurants/babys-coffee-to-open-a-shop-in-old-town-key-west/,2026-06-13
2026-06-12,Shug's Soda Fountain & Ice Cream Relocating Within Pike Place Market,"1530 Pike Pl, Seattle, WA 98101",https://whatnow.com/seattle/restaurants/shugs-soda-fountain-ice-cream-relocating-within-pike-place-market/,2026-06-13
2026-06-12,Saloniki Greek Opening Two New Locations in Allston and Cleveland Circle,,https://whatnow.com/boston/restaurants/saloniki-greek-opening-two-new-locations-in-allston-and-cleveland-circle/,2026-06-13
2026-06-12,La Buvette Shiso Opening in Downtown Magog,"50 Place du Commerce, Magog, QC J1X 5G6, Canada",https://whatnow.com/montreal/restaurants/la-buvette-shiso-opening-in-downtown-magog/,2026-06-13
2026-06-12,Potbelly Franchise Group Expanding Across Northwest Arkansas,,https://whatnow.com/memphis/restaurants/potbelly-franchise-group-expanding-across-northwest-arkansas/,2026-06-13
2026-06-12,"Arty’s Steakhouse, Long-Awaited Art-Focused Eatery, to Open This Summer","953 E Sahara Ave, Las Vegas, NV 89109",https://whatnow.com/las-vegas/restaurants/artys-steakhouse-long-awaited-art-focused-eatery-to-open-this-summer/,2026-06-13
2026-06-12,Woods Beer & Wine Co. Set To Open At Fisherman’s Wharf,"2875 Taylor St, San Francisco, CA 94133",https://whatnow.com/san-francisco/restaurants/woods-beer-wine-co-set-to-open-at-fishermans-wharf/,2026-06-13
2026-06-12,Sip & Brick Preparing To Open Interactive Brick-Building Café,"81 Broadway St, Asheville, NC 28801, USA",https://whatnow.com/charlotte/restaurants/sip-brick-preparing-to-open-interactive-brick-building-cafe/,2026-06-13
2026-06-12,"Nashville Hot Chicken Chain BIRDCODE to Open in Hanover, More Massachusetts Locations Planned","1978 Washington St, Hanover, MA 02339",https://whatnow.com/boston/restaurants/nashville-hot-chicken-chain-birdcode-to-open-in-hanover-more-massachusetts-locations-planned/,2026-06-13
2026-06-12,Cocotte French Bakery Expanding Its Footprint With Second Location,"111 Gilead Rd, Huntersville, NC 28078, USA",https://whatnow.com/charlotte/restaurants/cocotte-french-bakery-expanding-its-footprint-with-second-location/,2026-06-13
2026-06-12,Rapidly-Expanding Japanese Restaurant Coming to Midtown,"654 9th Ave, New York, NY 10036",https://whatnow.com/new-york/restaurants/rapidly-expanding-japanese-restaurant-coming-to-midtown/,2026-06-13
2026-06-12,This Boston Neighborhood Café Is Closing After Nearly a Decade,"1448 Dorchester Ave, Boston, MA 02122",https://whatnow.com/boston/restaurants/this-boston-neighborhood-cafe-is-closing-after-nearly-a-decade/,2026-06-13
2026-06-12,Colorado's First Two-Michelin-Star Restaurant Inspires New Rooftop Concept,"233 Clayton St, Denver, CO 80206",https://whatnow.com/denver/restaurants/colorados-first-two-michelin-star-restaurant-inspires-new-rooftop-concept/,2026-06-13
2026-06-12,Casa Vive Yoga Studio Moving Forward After Receiving Building Permit,"1520 Prudential Dr, Jacksonville, FL 32207",https://whatnow.com/jacksonville/restaurants/casa-vive-yoga-studio-moving-forward-after-receiving-building-permit/,2026-06-13
2026-06-12,Jacksonville-Born Chipshot Sports Bar and Pickleball Venue Heads to Daytona Beach,"2400 W International Speedway Blvd, Daytona Beach, FL 32114",https://whatnow.com/orlando/restaurants/jacksonville-born-chipshot-sports-bar-and-pickleball-venue-heads-to-daytona-beach/,2026-06-13
2026-06-12,Better Buzz Eyes San Marcos for Next Location,"201 S Rancho Santa Fe Rd, San Marcos, CA 92078",https://whatnow.com/san-diego/restaurants/better-buzz-eyes-san-marcos-for-next-location/,2026-06-13
2026-06-12,Bijou Restaurant Relocating to Stratford Next Month,"70 Brunswick St, Stratford, ON N5A 4B1, Canada",https://whatnow.com/toronto/restaurants/bijou-restaurant-relocating-to-stratford-next-month/,2026-06-13
2026-06-12,Gringos Tacos Food Truck to Serve Up “Tacos That Slap”,,https://whatnow.com/jacksonville/restaurants/gringos-tacos-food-truck-to-serve-up-tacos-that-slap/,2026-06-13
2026-06-12,Cheba Hut Toasted Subs New Location Planned for Baton Rouge,"14631 Village Market St, Baton Rouge, LA 70817",https://whatnow.com/new-orleans/restaurants/cheba-hut-toasted-subs-planned-for-baton-rouge/,2026-06-13
2026-06-12,Littleton Moves Ahead with 1st Street Farms Development Near South Platte Park,Santa Fe Drive and Mineral Avenue,https://whatnow.com/denver/restaurants/littleton-moves-ahead-with-1st-street-farms-development-near-south-platte-park/,2026-06-13
2026-06-12,Vuori Is Opening a New Location at Washington Square Mall This Summer,"9585 SW Washington Square Rd, Portland, OR 97223, United States",https://whatnow.com/portland/restaurants/vuori-is-opening-a-new-location-at-washington-square-mall-this-summer/,2026-06-13
2026-06-12,Ross Working on Multiple New San Diego Sites,,https://whatnow.com/san-diego/restaurants/ross-working-on-multiple-new-san-diego-sites/,2026-06-13
2026-06-12,Cafe 1485 Planning Relocation In Newnan | What Now Atlanta,"1485 GA-34, Newnan, GA 30265",https://whatnow.com/atlanta/restaurants/cafe-1485-planning-relocation-in-newnan/,2026-06-13
2026-06-12,Family-Owned Cedar Hill Barbecue Restaurant Announces Permanent Closure,"406 W Belt Line Rd, Cedar Hill, TX 75104, United States",https://whatnow.com/dallas/restaurants/family-owned-cedar-hill-barbecue-restaurant-announces-permanent-closure/,2026-06-13
2026-06-12,McDonald’s Opening New Magog Location,,https://whatnow.com/montreal/restaurants/mcdonalds-opening-new-magog-location/,2026-06-13
2026-06-12,Viral Matcha Phenomenon byChae Brewing First Permanent Café in Boston's Back Bay,"222 Newbury St, Boston, MA 02116",https://whatnow.com/boston/restaurants/viral-matcha-phenomenon-bychae-brewing-first-permanent-cafe-in-bostons-back-bay/,2026-06-13
2026-06-12,Charlotte Restaurateurs and Industry Leaders Connect at Accelerate Event,"3112 N Davidson St, Charlotte, NC 28205",https://whatnow.com/charlotte/restaurants/charlotte-restaurateurs-and-industry-leaders-connect-at-accelerate-event/,2026-06-13
2026-06-12,Group Behind Boucherie Restaurants Planning Location for the UWS,"444 Columbus Ave, New York, NY 10024",https://whatnow.com/new-york/restaurants/group-behind-boucherie-restaurants-planning-location-for-the-uws/,2026-06-13
2026-06-12,Snarf's Sandwiches Is Coming to North MacArthur Boulevard,"7601 N MacArthur Blvd., Irving, TX 75063",https://whatnow.com/dallas/restaurants/snarfs-sandwiches-is-coming-to-north-macarthur-boulevard/,2026-06-13
2026-06-12,Hoff House Beer Garden Restaurant Could Be Headed to Kyle,"1225 Seton Pkwy. Kyle, TX 78640, USA",https://whatnow.com/dallas/restaurants/hoff-house-beer-garden-restaurant-could-be-headed-to-kyle/,2026-06-13
2026-06-12,EBESU Robata & Sushi Plans to Expand Its Presence to Dallas,"2766 N Haskell Ave. Dallas, TX 75204, USA",https://whatnow.com/dallas/restaurants/ebesu-robata-sushi-plans-to-expand-its-presence-to-dallas/,2026-06-13
2026-06-12,Old Northeast Tavern Reopening Later This Year,"201 7th Ave N, St. Petersburg, FL 33701",https://whatnow.com/tampa/restaurants/old-northeast-tavern-reopening-later-this-year/,2026-06-13
2026-06-12,"Bar Scorpio Set to Bring a ""Sexy Dive Bar"" Concept to Southeast Portland","3638 SE Hawthorne Blvd, Portland, OR 97214, USA",https://whatnow.com/portland/restaurants/bar-scorpio-set-to-bring-a-sexy-dive-bar-concept-to-southeast-portland/,2026-06-13
2026-06-12,Eldorado Is Bringing Back the Energy of Portland's Favorite Nightlife Corner,"736 SE Grand Ave, Portland, OR 97214, USA",https://whatnow.com/portland/restaurants/eldorado-is-bringing-back-the-energy-of-portlands-favorite-nightlife-corner-this-summer/,2026-06-13
2026-06-11,Aria’s Table Planning Summer Opening In Downey | What Now Los Angeles,"11045 Downey Ave, Downey, CA 90241",https://whatnow.com/los-angeles/restaurants/arias-table-planning-summer-opening-in-downey/,2026-06-12
2026-06-11,Elmhurst-Based Pizza Chain Expanding to Bloomingdale Next Month,"109 3rd St, Bloomingdale, IL 60108",https://whatnow.com/chicago/restaurants/elmhurst-based-pizza-chain-expanding-to-bloomingdale-next-month/,2026-06-12
2026-06-11,Flavors Bringing Comfort Food and Warm Welcome to Arlington,"11615 US-70, Arlington, TN 38002",https://whatnow.com/memphis/restaurants/flavors-bringing-comfort-food-and-warm-welcome-to-arlington/,2026-06-12
2026-06-11,A New Operator Is Taking Over Greenhorn Creek Golf Resort in Angels Camp,676 McCauley Ranch Rd,https://whatnow.com/sacramento/restaurants/a-new-operator-is-taking-over-greenhorn-creek-golf-resort-in-angels-camp/,2026-06-12
2026-06-11,Mr. J's Original Targets Franklin For Second Location,"330 Mayfield Dr, Franklin, TN 37067, USA",https://whatnow.com/nashville/restaurants/mr-js-original-targets-franklin-for-second-location/,2026-06-12
2026-06-11,Gus's BBQ Set To Open At The Shops at Mission Viejo,"555 The Shops Blvd, Mission Viejo, CA 92691",https://whatnow.com/orange-county/restaurants/guss-bbq-set-to-open-at-the-shops-at-mission-viejo/,2026-06-12
2026-06-11,James Beard Chef Iliana de la Vega to Close El Naranjo,"2717 S Lamar Blvd Ste 1085, Austin, TX 78704, United States",https://whatnow.com/austin/restaurants/el-naranjo-closing-iliana-vega/,2026-06-12
2026-06-11,Dom Zakuski to Bring Slavic Cuisine to New Orleans,"2440 Chartres St, New Orleans, LA 70117",https://whatnow.com/new-orleans/restaurants/dom-zakuski-to-bring-slavic-cuisine-to-new-orleans/,2026-06-12
2026-06-11,Rad Coffee To Open New Huntington Beach Concept Near the Coast,"18582 Beach Blvd #20, Huntington Beach, CA 92648",https://whatnow.com/orange-county/restaurants/rad-coffee-to-open-new-huntington-beach-concept-near-the-coast/,2026-06-12
2026-06-11,Zeitouna Bringing Authentic Middle Eastern Dining Experience to Mesa,"3515 S Ellsworth Rd, Mesa, AZ 85212, USA",https://whatnow.com/phoenix/restaurants/zeitouna-bringing-authentic-middle-eastern-dining-experience-to-mesa/,2026-06-12
2026-06-11,7 Brew Planning Location In Tucker | What Now Atlanta,"4270 Lawrenceville Hwy, Tucker, GA 30084",https://whatnow.com/atlanta/restaurants/7-brew-planning-location-in-tucker/,2026-06-12
2026-06-11,A New Brunch Spot Serving Southern Favorites Has Opened in Concord,"2420 Herrons Nest Pl NW, Concord, NC 28027",https://whatnow.com/charleston/restaurants/a-new-brunch-spot-serving-southern-favorites-has-opened-in-concord/,2026-06-12
2026-06-11,Coco Crepes to Open in Elyson Town Center,"7040 Elyson Exchange Wy, Cypress, TX 77433",https://whatnow.com/houston/restaurants/coco-crepes-to-open-in-elyson-town-center/,2026-06-11
2026-06-11,Longtime Maryland Pizza Favorite Shutting Down After 51 Years,"190 Halpine Rd, Rockville, MD 20852",https://whatnow.com/washington-dc/restaurants/longtime-maryland-pizza-favorite-shutting-down-after-51-years/,2026-06-12
2026-06-11,Cajun Boil is Opening a South Beach Restaurant,"1688 Meridian Ave, Miami Beach, FL 33139",https://whatnow.com/miami/restaurants/cajun-boil-is-opening-a-south-beach-restaurant/,2026-06-12
2026-06-11,Sant Ambroeus Announces a Second Miami Location,"4200 NE 2nd Ave, Miami, FL 33137",https://whatnow.com/miami/restaurants/sant-ambroeus-announces-a-second-miami-location/,2026-06-12
2026-06-11,Westwood Collective Reveals Plans For Italian Restaurant-Led Mixed-Use Development In Hilliard,"4056 Main St, Hilliard, OH 43026, USA",https://whatnow.com/columbus/restaurants/westwood-collective-reveals-plans-for-italian-restaurant-led-mixed-use-development-in-hilliard/,2026-06-12
2026-06-11,South Florida Restaurant Leaders Gather at What Now’s Accelerate Event,"7301 SW 57th Ct Ste 100, South Miami, FL 33143",https://whatnow.com/miami/restaurants/south-florida-restaurant-leaders-gather-at-what-nows-accelerate-event/,2026-06-12
2026-06-11,Handel’s Homemade Ice Cream to Serve Scoops in the Suburbs in 2027,,https://whatnow.com/chicago/restaurants/handels-homemade-ice-cream-to-serve-scoops-in-the-suburbs-in-2027/,2026-06-12
2026-06-11,Squeeze In To Open New Breakfast And Lunch Restaurant On TPC Parkway In San Antonio,"2230 TPC Pkwy #101, San Antonio, TX 78259, USA",https://whatnow.com/san-antonio/restaurants/squeeze-in-to-open-new-breakfast-and-lunch-restaurant-on-tpc-parkway-in-san-antonio/,2026-06-11
2026-06-11,Benihana Returning to Seattle With New Lake Union Location,"901 Fairview Ave N, Seattle, WA 98109, United States",https://whatnow.com/seattle/restaurants/benihana-returning-to-seattle-with-new-lake-union-location/,2026-06-12
2026-06-11,7 Brew Coffee Expanding With New Mesa Location,"5207 S Power Rd, Mesa, AZ 85212, USA",https://whatnow.com/phoenix/restaurants/7-brew-coffee-expanding-with-new-mesa-location/,2026-06-12
2026-06-11,Miso Tori Ramen Bringing a Taste of Japan to Virginia,"21 E Boscawen St, Winchester, VA 22601",https://whatnow.com/washington-dc/restaurants/miso-tori-ramen-bringing-a-taste-of-japan-to-virginia/,2026-06-12
2026-06-11,Dorchester Burger Favorite BRED to Launch New Smashburger Concept at Faneuil Hall,"4 S Market St, Boston, MA 02109",https://whatnow.com/boston/restaurants/dorchester-burger-favorite-bred-to-launch-new-smashburger-concept-at-faneuil-hall/,2026-06-12
2026-06-11,Dunkin' Turned a Manhattan Store Into a Real-Life DreamHouse,"265 W 37th St, New York, NY 10018, United States",https://whatnow.com/new-york/restaurants/dunkin-turned-a-manhattan-store-into-a-real-life-dreamhouse/,2026-06-12
2026-06-11,Kung Fu Chicken Opening a Kendall Restaurant,"12536 SW 88th St, Miami, FL 33186",https://whatnow.com/miami/restaurants/kung-fu-chicken-opening-a-kendall-restaurant/,2026-06-12
2026-06-11,"Chicken Salad Chick Set to Open New Restaurant in Victoria, Texas","9109 N Navarro St #500, Victoria, TX 77904, USA",https://whatnow.com/san-antonio/restaurants/chicken-salad-chick-set-to-open-new-restaurant-in-victoria-texas/,2026-06-12
2026-06-11,Popular Downtown Olympia Vegan Restaurant Closes July 18,"500 Capitol Way S, Olympia, WA 98501, United States",https://whatnow.com/seattle/restaurants/popular-downtown-olympia-vegan-restaurant-closes-july-18/,2026-06-12
2026-06-11,"Grounds and Sounds, New Cafe Concept, Set to Come to Michael Way Retail Center","2747 N Rainbow Blvd, Las Vegas, NV 89108",https://whatnow.com/las-vegas/restaurants/grounds-and-sounds-new-cafe-concept-set-to-come-to-michael-way-retail-center/,2026-06-11
2026-06-11,Kitchen 57 Brings Chef-Driven Dining and Community Connection to South Miami,"7301 SW 57th Ct Ste 100, South Miami, FL 33143",https://whatnow.com/miami/restaurants/kitchen-57-brings-chef-driven-dining-and-community-connection-to-south-miami/,2026-06-12
2026-06-11,Acclaimed Thai Restaurant Spinning Off a Spicier Sister Concept,"114 8th Ave, New York, NY 10011",https://whatnow.com/new-york/restaurants/acclaimed-thai-restaurant-spinning-off-a-spicier-sister-concept/,2026-06-12
2026-06-11,New Restaurant Bringing Fresh Pasta to Boston’s Busiest Transit Hub,"700 Atlantic Ave #112, Boston, MA 02110",https://whatnow.com/boston/restaurants/new-restaurant-bringing-fresh-pasta-to-bostons-busiest-transit-hub/,2026-06-12
2026-06-11,Hometeam Pizza Finds Permanent Home in Nashville's Belmont Neighborhood,"2017 Belmont Blvd, Nashville, TN 37212, USA",https://whatnow.com/nashville/restaurants/hometeam-pizza-finds-permanent-home-in-nashvilles-belmont-neighborhood/,2026-06-12
2026-06-11,Tous Les Jours Debuting Latest Suburb Location in Downers Grove,"1550 75th St Unit A, Downers Grove, IL 60516",https://whatnow.com/chicago/restaurants/tous-les-jours-debuting-latest-suburb-location-in-downers-grove/,2026-06-12
2026-06-11,"Redberry Restaurants (“Redberry”) will open the third downtown Toronto Jersey Mike’s Subs at 160 Bloor St. E., on Wednesday, June 17, giving more Canadian sub lovers the chance to enjoy the authentic fresh sliced/fresh grilled sub sandwiches offered by the sub brand | What Now Toronto","160 Bloor St E, Toronto, ON M4W 1B9, Canada",https://whatnow.com/toronto/restaurants/jersey-mikes-subs-opens-third-downtown-toronto-location/,2026-06-12
2026-06-11,Moxies Is Coming to The Star in Frisco,"3680 The Star Blvd. Frisco, TX 75034, USA",https://whatnow.com/dallas/restaurants/moxies-is-coming-to-the-star-in-frisco/,2026-06-12
2026-06-11,"Mexican Restaurant Planning Second Location for Harlem, Less Than a Year After Opening","2018 3rd Ave, New York, NY 10029",https://whatnow.com/new-york/restaurants/mexican-restaurant-planning-second-location-for-harlem-less-than-a-year-after-opening/,2026-06-12
2026-06-11,DalMoros Fresh Pasta To Debut in Austin,"1030 Norwood Park Blvd. Austin, TX 78753, USA",https://whatnow.com/austin/restaurants/dalmoros-fresh-pasta-is-heading-to-austin/,2026-06-12
2026-06-11,27 Club Coffee Opening Wynwood Cafe,"51 NW 23rd St, Miami, FL 33127",https://whatnow.com/miami/restaurants/27-club-coffee-opening-wynwood-cafe/,2026-06-12
2026-06-11,An Acclaimed San Francisco Restaurant Is Closing After Years in North Beach,"1652 Stockton St, San Francisco, CA 94133, United States",https://whatnow.com/san-francisco/restaurants/an-acclaimed-san-francisco-restaurant-is-closing-after-years-in-north-beach/,2026-06-12
2026-06-10,Mariscos Sinaloa to Bring Mexican Seafood Dishes to New Location,"6195 Macon Rd, Memphis, TN 38134",https://whatnow.com/memphis/restaurants/mariscos-sinaloa-to-bring-mexican-seafood-dishes-to-new-location/,2026-06-11
2026-06-10,Muscle Burger Opening at Hodges Plaza,"13799 Beach Blvd, Jacksonville, FL 32224",https://whatnow.com/jacksonville/restaurants/muscle-burger-opening-at-hodges-plaza/,2026-06-11
2026-06-10,Domo Sushi Kitchen & Bar to Take Over Former Mr. Sushi Space in Dublin,"12 E Bridge St, Dublin, OH 43017, USA",https://whatnow.com/columbus/restaurants/domo-sushi-kitchen-bar-to-take-over-former-mr-sushi-space-in-dublin/,2026-06-11
2026-06-10,A Popular New York Hospitality Group Is Bringing Its First Southern Venue to Centennial Yards,"85 Centennial Olympic Park Dr NW Suite D-400, Atlanta, GA 30303",https://whatnow.com/atlanta/restaurants/a-popular-new-york-hospitality-group-is-bringing-its-first-southern-venue-to-centennial-yards/,2026-06-11
2026-06-10,Prince St. Pizza Coming Soon to Downtown Charleston,"350 King St., Charleston, SC 29401",https://whatnow.com/charleston/restaurants/prince-st-pizza-coming-soon-to-downtown-charleston/,2026-06-11
2026-06-10,Five Guys Looks to Be Headed to Sun City Center,"3728 Sun City Center Blvd, Sun City Center, FL 33573",https://whatnow.com/tampa/restaurants/five-guys-looks-to-be-headed-to-sun-city-center/,2026-06-11
2026-06-10,Ace Of Wingz Expanding to Tempe With New East Valley Location,"825 W Baseline Rd, Tempe, AZ 85283",https://whatnow.com/phoenix/restaurants/ace-of-wingz-expanding-to-tempe-with-new-east-valley-location/,2026-06-11
2026-06-10,"GenX Tavern Will Close, to Be Replaced by Nagi by Soho Sushi","103 E Jackson St, Tampa, FL 33602",https://whatnow.com/tampa/restaurants/genx-tavern-will-close-to-be-replaced-by-nagi-by-soho-sushi/,2026-06-11
2026-06-10,Cook Out Planning New Location on North Dale Mabry Highway,"16215 N Dale Mabry Hwy, Tampa, FL 33618",https://whatnow.com/tampa/restaurants/cook-out-planning-new-location-on-north-dale-mabry-highway/,2026-06-11
2026-06-10,Bagels & Board Games Aiming For Fall Opening In Commerce | What Now Atlanta,"1728 N Broad St, Commerce, GA 30529",https://whatnow.com/atlanta/restaurants/bagels-board-games-aiming-for-fall-opening-in-commerce/,2026-06-11
2026-06-10,The Novel Raven Tavern Opening in Tarpon Springs,"222 E Tarpon Ave, Tarpon Springs, FL 34689",https://whatnow.com/tampa/restaurants/the-novel-raven-tavern-opening-in-tarpon-springs/,2026-06-11
2026-06-10,"Chef Olivia Ostrow Launches Maison Baguette, A Kosher Artisan Sandwich Concept In Miami | What Now Miami","1666 79th Street Causeway, North Bay Village, FL 33141",https://whatnow.com/miami/restaurants/chef-olivia-ostrow-launches-maison-baguette-a-kosher-artisan-sandwich-concept-in-miami/,2026-06-11
2026-06-10,Blissfield Local Bringing Italian Sodas and Sweet Options to City’s Downton,"117 W Adrian St, Blissfield, MI 49228",https://whatnow.com/detroit/restaurants/blissfield-local-bringing-italian-sodas-and-sweet-options-to-citys-downton/,2026-06-11
2026-06-10,Dick's House of Sport to Open its First South Florida Location,"2800 Oakwood Blvd, Hollywood, FL 33020",https://whatnow.com/miami/retail/dicks-house-of-sport-to-open-its-first-south-florida-location/,2026-06-11
2026-06-10,HTeaO Expanding to Spring Branch With New Drive-Thru Location,"20409 TX-46 #101, Bulverde, TX 78163, USA",https://whatnow.com/san-antonio/restaurants/hteao-expanding-to-spring-branch-with-new-drive-thru-location/,2026-06-11
2026-06-10,J Lemon Pepper Fish & Chicken Opening Fifth Jacksonville Location,"1837 W Beaver St, Jacksonville, FL 32209",https://whatnow.com/jacksonville/restaurants/j-lemon-pepper-fish-chicken-opening-fourth-jacksonville-location/,2026-06-11
2026-06-10,Levant Mediterranean Grill Cooking up New Location,"1134 N Germantown Parkway, Cordova, TN 38016",https://whatnow.com/memphis/restaurants/levant-mediterranean-grill-cooking-up-new-location/,2026-06-11
2026-06-10,"Alara Restaurant in Madisonville Closes After Two Years, New Mediterranean Spot Planned","5410 Medpace Way, Cincinnati, OH 45227, USA",https://whatnow.com/columbus/restaurants/alara-restaurant-in-madisonville-closes-after-two-years-new-mediterranean-spot-planned/,2026-06-11
2026-06-10,“Project Amazon” Replacing Big River Grille & Brewing Works on Disney’s Boardwalk,"2100 Epcot Resorts Blvd, Kissimmee, FL 34747",https://whatnow.com/orlando/restaurants/project-amazon-replacing-big-river-grille-brewing-works-on-disneys-boardwalk/,2026-06-11
2026-06-10,Pura Vida Miami Opens NYC Flagship Location In Flatiron | What Now New York,"100 5th Ave, New York, NY 10011",https://whatnow.com/new-york/restaurants/pura-vida-miami-opens-nyc-flagship-location-in-flatiron/,2026-06-11
2026-06-10,A Longtime Naperville Restaurant Has Suddenly Closed After 13 Years,"2656 Showplace Dr, Naperville, IL 60564, United States",https://whatnow.com/chicago/restaurants/a-longtime-naperville-restaurant-has-suddenly-closed-after-13-years/,2026-06-11
2026-06-10,The Maharaja Bringing Signature Indian Fare to Faneuil Hall Marketplace in Downtown Boston,"4 South Market St, Boston, MA 02109",https://whatnow.com/boston/restaurants/the-maharaja-bringing-signature-indian-fare-to-faneuil-hall-marketplace-in-downtown-boston/,2026-06-11
2026-06-10,Popular Florida Donut Chain Closes Its Only Massachusetts Location,"1141 Revere Beach Pkwy, Revere, MA 02151",https://whatnow.com/boston/restaurants/popular-florida-donut-chain-closes-its-only-massachusetts-location/,2026-06-11
2026-06-10,Catch Hospitality Group Co-Founder Planning Brasserie in the West Village,"340 Bleecker St, New York, NY 10014",https://whatnow.com/new-york/restaurants/catch-hospitality-group-co-founder-planning-brasserie-in-the-west-village/,2026-06-11
2026-06-10,Service! to Open The Line in Downtown Columbus With Workforce Training Restaurant Concept,"145 N Grant Ave, Columbus, OH 43215, USA",https://whatnow.com/columbus/restaurants/service-to-open-the-line-in-downtown-columbus-with-workforce-training-restaurant-concept/,2026-06-11
2026-06-10,Total Wine is Opening a Hollywood Store,"3921 Oakwood Blvd, Hollywood, FL 33020",https://whatnow.com/miami/retail/total-wine-is-opening-a-hollywood-store/,2026-06-11
2026-06-10,Jeni's Splendid Ice Creams Coming to Tempe,"740 S Mill Ave d110, Tempe, AZ 85281, USA",https://whatnow.com/phoenix/restaurants/jenis-splendid-ice-creams-coming-to-tempe/,2026-06-11
2026-06-10,Wing Snob Franchisee Building New Location in Belvidere Near Rockford,"336 W Chrysler Dr, Belvidere, IL 61008",https://whatnow.com/chicago/restaurants/wing-snob-franchisee-building-new-location-in-belvidere-near-rockford/,2026-06-11
2026-06-10,Chicago's Gold Coast Is Getting a New Rooftop Restaurant with Mediterranean and Japanese Flavors,"15 E Oak St, Chicago, IL 60611",https://whatnow.com/chicago/restaurants/chicagos-gold-coast-is-getting-a-new-rooftop-restaurant-with-mediterranean-and-japanese-flavors/,2026-06-11
2026-06-10,Joe & The Juice Planning to Open a Fort Lauderdale Location,"1900 N Federal Hwy, Fort Lauderdale, FL 33305",https://whatnow.com/miami/restaurants/joe-the-juice-planning-to-open-a-fort-lauderdale-location/,2026-06-11
2026-06-10,Nana's Exquisite Confections Is Moving to a Bigger Home,"2236 NE 82nd Ave, Portland, OR 97220, USA",https://whatnow.com/portland/restaurants/nanas-exquisite-confections-is-moving-to-a-bigger-home/,2026-06-11
2026-06-10,A Riverside Restaurant Is Closing After Owners Called It a ‘Rough Year’,"1521 Margaret St, Jacksonville, FL 32204, United States",https://whatnow.com/jacksonville/restaurants/a-riverside-restaurant-is-closing-after-owners-called-it-a-rough-year/,2026-06-11
2026-06-10,Nosso Quintal Brazilian Bar & Grill Bringing Brazilian Cuisine to Kissimmee,"30 Broadway #29b, Kissimmee, FL 34741",https://whatnow.com/orlando/restaurants/nosso-quintal-brazilian-bar-grill-bringing-brazilian-cuisine-to-kissimmee/,2026-06-11
2026-06-10,Historic Chocolate Shop Returning to Beaufort This Fall,"507 Carteret St., Beaufort, SC 29902",https://whatnow.com/charleston/restaurants/historic-chocolate-shop-returning-to-beaufort-this-fall/,2026-06-11
2026-06-10,LongHorn Steakhouse Planned for Queen Creek Marketplace,"21398 Ellsworth Lp Rd, Queen Creek, AZ 85142",https://whatnow.com/phoenix/restaurants/longhorn-steakhouse-planned-for-queen-creek-marketplace/,2026-06-11
2026-06-10,Vui Ve Planning Opening In Brentwood | What Now Los Angeles,"1168 S Barrington Ave, Los Angeles, CA 90049",https://whatnow.com/los-angeles/restaurants/vui-ve-planning-opening-in-brentwood/,2026-06-11
2026-06-10,"Chef Jonny Rhodes Debuts alonetogether, a New Restaurant and Non-Alcoholic Beverage Bar | What Now Atlanta","1270 W Peachtree St NW, Atlanta, GA 30309",https://whatnow.com/atlanta/restaurants/chef-jonny-rhodes-debuts-alonetogether-a-new-restaurant-and-non-alcoholic-beverage-bar/,2026-06-11
2026-06-10,Encanto Cafe and Wine Bar To Open As Part Of Restored Catalina Development | What Now Los Angeles,"101 Marilla Ave, Avalon, CA 90704",https://whatnow.com/los-angeles/restaurants/encanto-cafe-and-wine-bar-to-open-as-part-of-restored-catalina-development/,2026-06-11
2026-06-10,Candeeland Submits Plans for Mission Valley Mall,"1640 Camino Del Rio N, San Diego, CA 92108",https://whatnow.com/san-diego/restaurants/candeeland-submits-plans-for-mission-valley-mall/,2026-06-11
2026-06-10,Pure Green to Open in Philly's Fishtown This Summer,"1700 N Front St., Philadelphia, PA 19122",https://whatnow.com/philadelphia/restaurants/pure-green-to-bring-cold-pressed-juices-smoothie-bowls-to-fishtown/,2026-06-11
2026-06-10,JinJu Patisserie Planning Return to North Portland This Fall,"3494 N Williams Ave, Portland, OR 97227",https://whatnow.com/portland/restaurants/jinju-patisserie-planning-return-to-north-portland-this-fall/,2026-06-11
2026-06-10,La Nena Cantina Expanding To DTLA This Summer | What Now Los Angeles,"141 S Grand Ave, Los Angeles, CA 90012",https://whatnow.com/los-angeles/restaurants/la-nena-cantina-expanding-to-dtla-this-summer/,2026-06-11
2026-06-10,Little Bear Team Bringing Bar Schmutzi To East Atlanta Village | What Now Atlanta,"461 Flat Shoals Ave SE b, Atlanta, GA 30316",https://whatnow.com/atlanta/restaurants/little-bear-team-bringing-bar-schmutzi-to-east-atlanta-village/,2026-06-11
2026-06-10,Troy Guard's TAG Restaurant Group Bringing G&G Surf Club to DTC,"8100 E Union Ave, Denver, CO 80237",https://whatnow.com/denver/restaurants/troy-guards-tag-restaurant-group-bringing-gg-surf-club-to-dtc/,2026-06-11
2026-06-09,Lomichi to Open a Second Eatery,"9188 Bellaire Blvd, Houston, TX 77036",https://whatnow.com/houston/restaurants/lomichi-to-open-a-second-eatery/,2026-06-09
2026-06-09,A Chef Behind a Michelin-Starred Restaurant Is Opening a New Nashville Spot,"523 Houston St, Nashville, TN 37203, United States",https://whatnow.com/nashville/restaurants/a-chef-behind-a-michelin-starred-restaurant-is-opening-a-new-nashville-spot/,2026-06-09
2026-06-09,Clouds Brewing Plans Downtown Raleigh Return,"505 W Jones St, Raleigh, NC 27603, USA",https://whatnow.com/charlotte/restaurants/clouds-brewing-plans-downtown-raleigh-return/,2026-06-09
2026-06-09,Krazy Crunchy Chicken to Open in West Philadelphia,"4626 Lancaster Ave., Philadelphia, PA 19131",https://whatnow.com/philadelphia/restaurants/krazy-crunchy-chicken-to-open-in-west-philadelphia/,2026-06-09
2026-06-09,Frank’s Beer Shop Eyes Expansion With New Bar and Coffee Concept,"3348 Commonwealth Ave, Charlotte, NC 28205, USA",https://whatnow.com/charlotte/restaurants/franks-beer-shop-eyes-expansion-with-new-bar-and-coffee-concept/,2026-06-09
2026-06-09,Lucky Lab Coffee Co. Plans To Open In Pflugerville,"1900 E Howard Ln, Pflugerville, TX 78660",https://whatnow.com/austin/restaurants/lucky-lab-coffee-co-plans-to-open-in-pflugerville/,2026-06-11
2026-06-09,The French Kitchen Opening in Toronto's Junction Neighborhood,"3054 Dundas St W, Toronto, ON M6P 1Z7, Canada",https://whatnow.com/toronto/restaurants/the-french-kitchen-opening-in-torontos-junction-neighborhood/,2026-06-11
2026-06-09,Candeeland Wonderpark Set to Open New San Bernardino Location,"500 Inland Center Dr, San Bernardino, CA 92408",https://whatnow.com/orange-county/restaurants/candeeland-wonderpark-set-to-open-new-san-bernardino-location/,2026-06-09
2026-06-09,Wheat and Rye Owner Closing Romulus Location for Temporary Renovations,"7000 Merriman Rd, Romulus, MI 48174",https://whatnow.com/detroit/restaurants/wheat-and-rye-owner-closing-romulus-location-for-temporary-renovations/,2026-06-09
2026-06-09,"Next Round Social Bringing Games, Cocktails to Charleston","4391 Dorchester Rd., North Charleston, SC 29405",https://whatnow.com/charleston/restaurants/next-round-social-bringing-retro-games-cocktails-to-north-charleston/,2026-06-09
2026-06-09,Thirsty Flamingo to Fly Into Sin City,"104 S Jones Blvd, Las Vegas, NV 89107",https://whatnow.com/las-vegas/restaurants/thirsty-flamingo-to-fly-into-sin-city/,2026-06-09
2026-06-09,"Phoenix Bar, Beloved Local Sports Bar, Finds a New Home","1643 Richmond Ave, Houston, TX 77006",https://whatnow.com/houston/restaurants/phoenix-bar-beloved-local-sports-bar-finds-a-new-home/,2026-06-09
2026-06-09,The Coffee Movement Set To Open Second New Chinatown Café,"1200 Mason St, San Francisco, CA 94108",https://whatnow.com/san-francisco/restaurants/the-coffee-movement-set-to-open-second-new-chinatown-cafe/,2026-06-11
2026-06-09,Habibi Supper Club to Open East Passyunk Restaurant,"1515 Passyunk Ave., Philadelphia, PA 19147",https://whatnow.com/philadelphia/restaurants/former-accountant-turns-supper-club-success-into-east-passyunk-restaurant-debut/,2026-06-09
2026-06-09,Silk Nife Appears To Be Headed to Former Los Potrillos Space in Felida,"10722 NW Lakeshore Ave, Vancouver, WA 98685, USA",https://whatnow.com/portland/restaurants/silk-nife-appears-to-be-headed-to-former-los-potrillos-space-in-felida/,2026-06-11
2026-06-09,New York City Restaurateur Bringing Italian Cuisine to Downtown Ann Arbor,"203 N 4th Ave, Ann Arbor, MI 48104",https://whatnow.com/detroit/restaurants/new-york-city-restaurateur-bringing-italian-cuisine-to-downtown-ann-arbor/,2026-06-09
2026-06-09,Popping Yolk Cafe Expands California Footprint with New Buena Park Franchise,,https://whatnow.com/orange-county/restaurants/popping-yolk-cafe-expands-california-footprint-with-new-buena-park-franchise/,2026-06-11
2026-06-09,Corner Bar-Restaurant Being Planned in East Harlem,"1665 Madison Ave, New York, NY 10029",https://whatnow.com/new-york/restaurants/corner-bar-restaurant-being-planned-in-east-harlem/,2026-06-09
2026-06-09,Tifa Chocolate & Gelato To Debut in Leander,"508 San Gabriel Pkwy #150, Leander, TX 78641",https://whatnow.com/austin/restaurants/tifa-chocolate-gelato-to-debut-in-leander/,2026-06-09
2026-06-09,Restaurateur Dan Leyva Expanding Mexican Restaurant Group With New Fast-Casual Concept,,https://whatnow.com/boston/restaurants/restaurateur-dan-leyva-expanding-mexican-restaurant-group-with-new-fast-casual-concept/,2026-06-11
2026-06-09,New Restaurant ‘Chloe’ Planned for Downtown near Civic Opera House,"1 S Wacker Dr, Chicago, IL 60606",https://whatnow.com/chicago/restaurants/new-restaurant-chloe-planned-for-downtown-near-civic-opera-house/,2026-06-09
2026-06-09,An Argentine Dining Concept Is Opening in SoHo Ahead of the FIFA World Cup,"55 Grand St, New York, NY 10013",https://whatnow.com/new-york/restaurants/an-argentine-dining-concept-is-opening-in-soho-ahead-of-the-fifa-world-cup/,2026-06-09
2026-06-09,A Fast-Growing Charcuterie Concept Opens a New Houston-Area Location,"1901 Kirby Dr suite 102, Pearland, TX 77584, United States",https://whatnow.com/houston/restaurants/a-fast-growing-charcuterie-concept-opens-a-new-houston-area-location/,2026-06-09
2026-06-09,Poke Burgers Opening First Location Inside World Food Market,"335 Yonge St, Toronto, ON M5B 2L3, Canada",https://whatnow.com/toronto/restaurants/poke-burgers-opening-first-location-inside-world-food-market/,2026-06-11
2026-06-09,A New Winery Is Coming to Wilton This Fall,"9586 Sunflower Rd, Wilton, CA 95693, USA",https://whatnow.com/sacramento/restaurants/a-new-winery-is-coming-to-wilton-this-fall/,2026-06-09
2026-06-09,Houston Vietnamese Restaurant Shutters Location at The Stomping Grounds,"1223 W 34th St Suite C-200, Houston, TX 77018",https://whatnow.com/houston/restaurants/houston-vietnamese-restaurant-shutters-location-at-the-stomping-grounds/,2026-06-09
2026-06-08,Ono Hawaiian BBQ and Burgers to Debut in Charleston Heights,"5740 W Charleston Blvd, Las Vegas, NV 89146",https://whatnow.com/las-vegas/restaurants/ono-hawaiian-bbq-and-burgers-to-debut-in-charleston-heights/,2026-06-09
2026-06-08,Club Studio Fitness to Open New Fitness Destination in Costa Mesa,"555 W 19th St, Costa Mesa, CA 92627",https://whatnow.com/orange-county/retail/club-studio-fitness-to-open-new-fitness-destination-in-costa-mesa/,2026-06-09
2026-06-08,High Noon Brunchery Relocating Douglasville Flagship To Buckhead | What Now Atlanta,"2285 Peachtree Rd, Atlanta, GA 30309",https://whatnow.com/atlanta/restaurants/high-noon-brunchery-relocating-douglasville-flagship-to-buckhead/,2026-06-09
2026-06-08,A Popular River North Restaurant Opens a Second Chicago Location in Lincoln Park,"2423 N Lincoln Ave, Chicago, IL 60614, United States",https://whatnow.com/chicago/restaurants/a-popular-river-north-restaurant-opens-a-second-chicago-location-in-lincoln-park/,2026-06-08
2026-06-08,Here are 4 Upcoming Restaurants We Uncovered in Atlanta Last Week (June 1-5),,https://whatnow.com/atlanta/restaurants/here-are-4-upcoming-restaurants-we-uncovered-in-atlanta-last-week-june-1-5/,2026-06-08
2026-06-08,A Popular Breakfast Chain Known for Made-to-Order Meals Opens in North Phoenix,"2949 W Agua Fria Fwy, Glendale, AZ 85308",https://whatnow.com/phoenix/restaurants/a-popular-breakfast-chain-known-for-made-to-order-meals-opens-in-north-phoenix/,2026-06-09
2026-06-08,Deliz Steakhouse Owner Building New Concept ‘The Carlyle Club’ Downtown,"316 N Clark St, Chicago, IL 60654",https://whatnow.com/chicago/restaurants/deliz-steakhouse-owner-building-new-concept-the-carlyle-club-downtown/,2026-06-09
2026-06-08,Handroll Bar Featuring Edomae-Style Sushi Coming to the East Village,"77 E 10th St, New York, NY 10003",https://whatnow.com/new-york/restaurants/handroll-bar-featuring-edomae-style-sushi-coming-to-the-east-village/,2026-06-09
2026-06-08,Hearsay Cocktail Bar to Debut in Philadelphia This Summer,"1222 Walnut St., Philadelphia, PA 19107",https://whatnow.com/philadelphia/restaurants/hearsay-cocktail-bar-to-debut-in-philadelphia-this-summer-on-walnut-st/,2026-06-09
2026-06-08,Niche Cafe Planning Summer Opening In Marina Del Rey | What Now Los Angeles,"714 Washington Blvd, Marina Del Rey, CA 90292",https://whatnow.com/los-angeles/restaurants/niche-cafe-planning-summer-opening-in-marina-del-rey/,2026-06-09
2026-06-08,Pure Green Heading to West Bloomfield for Latest Michigan Location,"7001 Orchard Lake Rd, West Bloomfield Township, MI 48322",https://whatnow.com/detroit/restaurants/pure-green-heading-to-west-bloomfield-for-latest-michigan-location/,2026-06-09
2026-06-08,A Community-Favorite Late-Night Midtown Spot Is Closing June 19,"2012 Madison Ave, Memphis, TN 38104",https://whatnow.com/memphis/restaurants/a-community-favorite-late-night-midtown-spot-is-closing-june-19/,2026-06-08
2026-06-08,Luna Cafe Returning to Philadelphia With New Home,"1705 N American St., Philadelphia, PA 19122",https://whatnow.com/philadelphia/restaurants/luna-cafe-returning-to-philly-with-new-home-really-serendipitous/,2026-06-09
2026-06-08,Einstein Bros Bagels is Coming to the H-E-B Gosling Market Shopping Center,"5330 Farm to Market 2920, Spring, TX 77379",https://whatnow.com/houston/restaurants/einstein-bros-bagels-is-coming-to-the-h-e-b-gosling-market-shopping-center/,2026-06-09
2026-06-08,A 126-Year-Old French Quarter Restaurant Cites Prolonged Construction in Its Closure,"1011 Decatur St, New Orleans, LA 70116",https://whatnow.com/new-orleans/restaurants/a-126-year-old-french-quarter-restaurant-cites-prolonged-construction-in-its-closure/,2026-06-09
2026-06-08,Gravy & More Will Bring Its Signature Lively Vibe to McKinney,"2414 W University Dr #118, McKinney, TX 75071, USA",https://whatnow.com/dallas/restaurants/gravy-more-will-bring-its-signature-lively-vibe-to-mckinney/,2026-06-11
2026-06-08,A Thai-Inspired Dining Concept Debuts at Ponce City Market,"Suite N-133, 675 Ponce De Leon Ave NE n, Atlanta, GA 30308",https://whatnow.com/atlanta/restaurants/a-thai-inspired-dining-concept-debuts-at-ponce-city-market/,2026-06-09
2026-06-08,First Watch Opens New Restaurant in Anastasia Plaza | What Now Tampa,"1081 A1A Beach Blvd, St. Augustine, FL 32080",https://whatnow.com/jacksonville/restaurants/first-watch-opens-new-restaurant-in-anastasia-plaza/,2026-06-08
2026-06-07,Trudie’s Catfish Cabin Keeping the Hunger Alive in Millington,"7822 US-51, Millington, TN 38053",https://whatnow.com/memphis/restaurants/trudies-catfish-cabin-keeping-the-hunger-alive-in-millington/,2026-06-08
2026-06-07,Armada to Serve the Waterfront this Summer,"80 Compromise St, Annapolis, MD 21401",https://whatnow.com/washington-dc/restaurants/armada-to-serve-the-waterfront-this-summer/,2026-06-08
2026-06-07,New Fine Dining Experience Readying for Memphis Opening,"3397 Summer Ave, Memphis, TN 38122",https://whatnow.com/memphis/restaurants/new-fine-dining-experience-readying-for-memphis-opening/,2026-06-08
2026-06-07,Petals of a Peony Plots New Location,,https://whatnow.com/memphis/restaurants/petals-of-a-peony-plots-new-location/,2026-06-08
2026-06-07,Sichuan Phenomenon Plans New Shelby County Location,,https://whatnow.com/memphis/restaurants/sichuan-phenomenon-plans-new-shelby-county-location/,2026-06-08
2026-06-06,Mixt Targets Summer Opening For New Walnut Creek Location,"1105 S California Blvd, Walnut Creek, CA 94596",https://whatnow.com/san-francisco/restaurants/mixt-targets-summer-opening-for-new-walnut-creek-location/,2026-06-06
2026-06-06,Cafe Bastille Planning a MiMo Restaurant With Enchanted Garden,"Miami, Florida",https://whatnow.com/miami/restaurants/cafe-bastille-planning-a-mimo-restaurant-with-enchanted-garden/,2026-06-07
2026-06-06,Chubby Cattle BBQ Planning Santa Clara Expansion,"3775 E El Camino Real, Santa Clara, CA 95051",https://whatnow.com/san-francisco/restaurants/chubby-cattle-bbq-planning-santa-clara-expansion/,2026-06-06
2026-06-06,Out There Coffee Roasters Eyes Second San Francisco Location,,https://whatnow.com/san-francisco/restaurants/out-there-coffee-roasters-eyes-second-san-francisco-location/,2026-06-06
2026-06-05,Micholandia Targets Location in Travis,"2115 Riverview St., Austin, TX 78702, USA",https://whatnow.com/austin/restaurants/micholandia-targets-location-in-travis/,2026-06-06
2026-06-05,A Long-Standing Local Favorite Known for Turkish Dishes Is Set to Close,"5613 Morningside Dr, Houston, TX 77005",https://whatnow.com/houston/restaurants/a-long-standing-local-favorite-known-for-turkish-dishes-is-set-to-close/,2026-06-05
2026-06-05,Pei Wei to Open at IAH,"8407 North Terminal Road Terminal B, Space 21A Houston, TX 77032",https://whatnow.com/houston/restaurants/pei-wei-to-open-at-iah/,2026-06-05
2026-06-05,Bar Romy to Replace Figo on Adelaide Street West,"295 Adelaide St W, Toronto, ON M5V 0L4, Canada",https://whatnow.com/toronto/restaurants/bar-romy-to-replace-figo-on-adelaide-street-west/,2026-06-06
2026-06-05,Sunny Girl to Open To-Go-Only English Muffin Bakery in Boston’s North End,"33B Fleet St, Boston, MA 02113",https://whatnow.com/boston/restaurants/sunny-girl-to-open-to-go-only-english-muffin-bakery-in-bostons-north-end/,2026-06-06
2026-06-05,Mama Oi Opening in Cocoa,"400 N Cocoa Blvd, Cocoa, FL 32922",https://whatnow.com/orlando/restaurants/mama-oi-opening-in-cocoa/,2026-06-06
2026-06-05,PAI Northern Thai Kitchen Planning New Mississauga Location at Square One,"100 City Centre Dr, Mississauga, ON L5B 2G6, Canada",https://whatnow.com/toronto/restaurants/pai-northern-thai-kitchen-planning-new-mississauga-location-at-square-one/,2026-06-06
2026-06-05,Rebelle Ice Cream Launching Scoop Shops in Gatineau,"1160 Bd Saint-Joseph E, Montréal, QC H2J 1L4, Canada",https://whatnow.com/montreal/restaurants/rebelle-ice-cream-launching-scoop-shops-in-gatineau/,2026-06-06
2026-06-05,T&T Supermarket Coming to CF Sherway Gardens,"25 The West Mall, Etobicoke, ON M9C 1B8, Canada",https://whatnow.com/toronto/restaurants/tt-supermarket-coming-to-cf-sherway-gardens/,2026-06-06
2026-06-05,"Buffalo Wild Wings in Lincoln Park Moving, New Takeout Location Planned","2112 N Clybourn Ave, Chicago, IL 60614",https://whatnow.com/chicago/restaurants/buffalo-wild-wings-in-lincoln-park-moving-new-takeout-location-planned/,2026-06-06
2026-06-05,The Win~Dow Could Be Bringing Burgers and Shakes to Old Towne Orange,"237 W Chapman Ave, Orange, CA 92866",https://whatnow.com/orange-county/restaurants/the-window-could-be-bringing-burgers-and-shakes-to-old-towne-orange/,2026-06-06
2026-06-05,Major Quick-Service Restaurant Giant Launches Delivery-Only Kitchen in Miami,"1900 NE Miami Ct, Miami, FL 33132",https://whatnow.com/miami/restaurants/major-quick-service-restaurant-giant-launches-delivery-only-kitchen-in-miami/,2026-06-05
2026-06-05,Flame Broiler Restaurant Planned for Orange Park,"1963 Park Ave #200, Orange Park, FL 32073",https://whatnow.com/jacksonville/restaurants/flame-broiler-restaurant-planned-for-orange-park/,2026-06-06
2026-06-05,Osen Group Eyes Irvine's Great Park Area With Osen Urban Table,"7300 Great Park Blvd a, Irvine, CA 92618",https://whatnow.com/orange-county/restaurants/osen-group-eyes-irvines-great-park-area-with-osen-urban-table/,2026-06-06
2026-06-05,Shang Artisan Noodle to Open a DTLV Location,"211 S Las Vegas Blvd, Las Vegas, NV 89101",https://whatnow.com/las-vegas/restaurants/shang-artisan-noodle-to-open-a-dtlv-location/,2026-06-06
2026-06-05,Former Franklin Restaurant Reopening as Bravado,"1770 Galleria Blvd, Franklin, TN 37067, USA",https://whatnow.com/nashville/restaurants/former-franklin-restaurant-reopening-as-bravado/,2026-06-06
2026-06-05,Tanuki Curry House Planning Relocation to The Hangar at Long Beach Exchange | What Now Los Angeles,"4150 McGowen St, Long Beach, CA 90808",https://whatnow.com/los-angeles/restaurants/tanuki-curry-house-planning-relocation-to-the-hangar-at-long-beach-exchange/,2026-06-06
2026-06-05,Here are 15 Upcoming Restaurants We Uncovered in Atlanta Last Month (May 1-31),,https://whatnow.com/atlanta/restaurants/here-are-15-upcoming-restaurants-we-uncovered-in-atlanta-last-month-may-1-31/,2026-06-06
2026-06-05,Mexico-Based Bakery Bringing New Concept To Sherman Oaks | What Now Los Angeles,"13944 Ventura Blvd, Sherman Oaks, CA 91423",https://whatnow.com/los-angeles/restaurants/mexico-based-bakery-bringing-new-concept-to-sherman-oaks/,2026-06-06
2026-06-05,O’Mara Irish Pub Opening in Murray Hill,"939 Edgewood Ave S, Jacksonville, FL 32205",https://whatnow.com/jacksonville/restaurants/omara-irish-pub-opening-in-murray-hill/,2026-06-06
2026-06-05,OMB River View at Mount Holly Targets Fall Opening,"725 Elm St, Mt Holly, NC 28120, USA",https://whatnow.com/charlotte/restaurants/omb-river-view-at-mount-holly-targets-fall-opening/,2026-06-06
2026-06-05,Frutella Looks to Be Headed to Orlando,"1333 Florida Mall Ave, Orlando, FL 32809",https://whatnow.com/orlando/restaurants/frutella-looks-to-be-headed-to-orlando/,2026-06-06
2026-06-05,John 3:16 Caffe Is Reopening in St. Cloud,"1111 New York Ave, St Cloud, FL 34769",https://whatnow.com/orlando/restaurants/john-316-cafe-is-reopening-in-st-cloud/,2026-06-06
2026-06-05,"Raise a Glass to OH’s Wine Salon, Pouring into Round Hill this Summer","35246 Leesburg Pike, Round Hill, VA 20141",https://whatnow.com/washington-dc/restaurants/raise-a-glass-to-ohs-wine-salon-pouring-into-round-hill-this-summer/,2026-06-06
2026-06-05,Clarkston-Based Pita Way Expanding to St. Clair Shores with New Development,,https://whatnow.com/detroit/restaurants/clarkston-based-pita-way-expanding-to-st-clair-shores-with-new-development/,2026-06-06
2026-06-05,Smoothie King Expanding To Seguin With New Schaefer Commercial Retail Location,"1300 TX-46, Seguin, TX 78155, USA",https://whatnow.com/san-antonio/restaurants/smoothie-king-expanding-to-seguin-with-new-schaefer-commercial-retail-location/,2026-06-06
2026-06-05,Other Side Diner Will Reopen Soon Under New Ownership,"500 Washington Ave, Portland, ME 04103",https://whatnow.com/portland/restaurants/other-side-diner-will-reopen-soon-under-new-ownership/,2026-06-06
2026-06-05,Major Food Group Will Open a Dining Concept at the Seminole Hard Rock Hotel & Casino,"1 Seminole Way, Hollywood, FL 33314",https://whatnow.com/miami/restaurants/major-food-group-will-open-a-dining-concept-at-the-seminole-hard-rock-hotel-casino/,2026-06-06
2026-06-05,Turquoise Wine Bar Preparing to Open in Surprise,"14462 W Elm St #113, Surprise, AZ 85374",https://whatnow.com/phoenix/restaurants/turquoise-wine-bar-preparing-to-open-in-surprise/,2026-06-06
2026-06-05,Hôtel du Fjord in Chicoutimi Changes Ownership,"241 Rue Morin, Chicoutimi, QC G7H 4X8, Canada",https://whatnow.com/montreal/restaurants/hotel-du-fjord-in-chicoutimi-changes-ownership/,2026-06-06
2026-06-05,New Cafe and Cocktail Bar Concept to Open in Buffalo Grove Shopping Plaza,"814 S Buffalo Grove Rd, Buffalo Grove, IL 60089",https://whatnow.com/chicago/restaurants/new-cafe-and-cocktail-bar-concept-to-open-in-buffalo-grove-shopping-plaza/,2026-06-06
2026-06-05,Gillis Family Tavern to Relocate from Historic Jenny Grist Mill to Downtown Plymouth,"22 Main St, Plymouth, MA 02360",https://whatnow.com/boston/restaurants/gillis-family-tavern-to-relocate-from-historic-jenny-grist-mill-to-downtown-plymouth/,2026-06-06
2026-06-05,Chimac Owners Embarking on Third Greater Houston Region Opening,"10852 Westheimer Rd, Houston, TX 77042",https://whatnow.com/houston/restaurants/chimac-owners-embarking-on-third-greater-houston-region-opening/,2026-06-06
2026-06-05,Next Level Brands Opening New Mexican Restaurant Next Spring,"300 W Tyler St, Tampa, FL 33602",https://whatnow.com/tampa/restaurants/next-level-brands-opening-new-mexican-restaurant-next-spring/,2026-06-06
2026-06-05,Arwa Coffee Continues to Expand in the Greater Houston Community,"21940 Gosling Rd, Spring, TX 77379",https://whatnow.com/houston/restaurants/arwa-coffee-continues-to-expand-in-the-greater-houston-community/,2026-06-06
2026-06-05,Tinseltown’s Norikase is Getting a Sister Restaurant,"1 Riverside Ave, Jacksonville, FL 32202",https://whatnow.com/jacksonville/restaurants/tinseltowns-norikase-is-getting-a-sister-restaurant/,2026-06-06
2026-06-05,Wonder to Open New Restaurant in Schertz Following $1M Build-Out,"18406 station road schertz, tx 78154",https://whatnow.com/san-antonio/restaurants/wonder-to-open-new-restaurant-in-schertz-following-1m-build-out/,2026-06-06
2026-06-05,Bosu Asian Fusion Bistro Opening First Standalone Restaurant,"231 Broadway, Kissimmee, FL 34741",https://whatnow.com/orlando/restaurants/bosu-asian-fusion-bistro-opening-first-standalone-location/,2026-06-06
2026-06-05,Arlington Grille Set To Open In Former Houlihan’s Space In Upper Arlington,"3150 Tremont Rd, Upper Arlington, OH 43221",https://whatnow.com/columbus/restaurants/arlington-grille-set-to-open-in-former-houlihans-space-in-upper-arlington/,2026-06-06
2026-06-05,Lupo Notte To Bring Upscale Italian Dining To Nashville,"2035 Richard Jones Rd, Nashville, TN 37215, USA",https://whatnow.com/nashville/restaurants/lupo-notte-to-bring-upscale-italian-dining-to-nashville/,2026-06-06
2026-06-05,Camp Bar Bringing New Life Into Downtown Portland,"1125 SW Harvey Milk St, Portland, OR 97205",https://whatnow.com/portland/restaurants/camp-bar-bringing-new-life-into-downtown-portland/,2026-06-06
2026-06-05,French Riviera (La Tropézienne) Bakery to Open a Third Location,"401 S 6th St, Las Vegas, NV 89101",https://whatnow.com/las-vegas/restaurants/french-riviera-la-tropezienne-bakery-to-open-a-third-location/,2026-06-05
2026-06-05,Sankranti Indian Kitchen Planning Buckhead Expansion | What Now Atlanta,,https://whatnow.com/atlanta/restaurants/sankranti-indian-kitchen-planning-buckhead-expansion/,2026-06-06
2026-06-05,Salsa & Beer Mexican Grill Will Open in Calabasas | What Now Los Angeles,"4895 Las Virgenes Rd, Calabasas, CA 91302",https://whatnow.com/los-angeles/restaurants/salsa-beer-mexican-grill-will-open-in-calabasas/,2026-06-06
2026-06-05,Casa do Brasil To Open In Round Rock,"4000 E Palm Valley Blvd, Round Rock, TX 78665, United States",https://whatnow.com/austin/restaurants/casa-do-brasil-to-open-in-round-rock/,2026-06-06
2026-06-05,4T’s Eatery Opening in Jacksonville with “Family. Flavor. Tradition.”,"6050 Moncrief Rd, Jacksonville, FL 32209",https://whatnow.com/jacksonville/restaurants/4ts-eatery-opening-in-jacksonville-with-family-flavor-tradition/,2026-06-06
2026-06-05,Shang Artisan Noodle to Open Another Northwest Las Vegas Eatery,"6491 N Durango Dr, Las Vegas, NV 89149",https://whatnow.com/las-vegas/restaurants/shang-artisan-noodle-to-open-another-northwest-las-vegas-eatery/,2026-06-05
2026-06-05,Milano Bakery Cafe Bringing Italian Pastries and More to Mandarin,"11362 San Jose Blvd STE 19, Jacksonville, FL 32223",https://whatnow.com/jacksonville/restaurants/milano-bakery-cafe-bringing-italian-pastries-and-more-to-mandarin/,2026-06-06
2026-06-05,"Jefes: A Betta Bar & Grille to Rebrand, Relocate from North Plymouth to East Wareham","3126 Cranberry Hwy, East Wareham, MA 02538",https://whatnow.com/boston/restaurants/jefes-a-betta-bar-grille-to-rebrand-relocate-from-north-plymouth-to-east-wareham/,2026-06-06
2026-06-05,This Internet-Famous Dessert Just Got a Limited-Time Bakery Upgrade,,https://whatnow.com/las-vegas/restaurants/this-internet-famous-dessert-just-got-a-limited-time-bakery-upgrade/,2026-06-05
2026-06-05,Yu By Sijie to Open at Tivoli Village,"400 S Rampart Blvd, Las Vegas, NV 89145",https://whatnow.com/las-vegas/restaurants/yu-by-sijie-to-open-at-tivoli-village/,2026-06-06
2026-06-05,Fà-me Café Relocating to Phoenix's Biltmore Neighborhood,"2375 E Camelback Rd, Phoenix, AZ 85016",https://whatnow.com/phoenix/restaurants/fa-me-cafe-relocating-to-phoenixs-biltmore-neighborhood/,2026-06-06
2026-06-05,Euro-Asian Bistro Coming to the West Village,"51 W 8th St, New York, NY 10011",https://whatnow.com/new-york/restaurants/euro-asian-bistro-coming-to-the-west-village/,2026-06-06
2026-06-05,Pienezza Expanding to Second Location,"422 N Terry Ave Orlando, FL 32801",https://whatnow.com/orlando/restaurants/pienezza-expanding-to-second-location/,2026-06-06
2026-06-05,Popular Northern-Style Italian Restaurant in a Houston-Area Has Closed,"3091 College Park Dr #185, The Woodlands, TX 77384",https://whatnow.com/houston/restaurants/popular-northern-style-italian-restaurant-in-a-houston-area-has-closed/,2026-06-05
2026-06-05,Paris Baguette is Opening its First Miami Shop With More on the Way,"2217 N Miami Ave, Miami, FL 33127",https://whatnow.com/miami/restaurants/paris-baguette-is-opening-its-first-miami-shop-with-more-on-the-way/,2026-06-06
2026-06-05,Kura Revolving Sushi Bar Plans New Location in Arlington,"4000 Arlington Highlands Blvd, Arlington, TX 76018, USA",https://whatnow.com/dallas/restaurants/kura-revolving-sushi-bar-plans-new-location-in-arlington/,2026-06-06
2026-06-05,Owner of La Finca Tacos in Howell Debuting New Hibachi Spot in Brighton,"9912 E Grand River Ave, Brighton, MI 48116",https://whatnow.com/detroit/restaurants/owner-of-la-finca-tacos-in-howell-debuting-new-hibachi-spot-in-brighton/,2026-06-06
2026-06-05,Mina Test Kitchen Returns to San Francisco As Neighborhood Test Kitchen,"301 Mission St, South Pasadena, CA 91030",https://whatnow.com/san-francisco/restaurants/mina-test-kitchen-returns-to-san-francisco-as-neighborhood-test-kitchen/,2026-06-06
2026-06-05,A Juicy New Addition is Headed to Union Station,"50 Massachusetts Ave NE, Washington, DC 20002",https://whatnow.com/washington-dc/restaurants/a-juicy-new-addition-is-headed-to-union-station/,2026-06-06
2026-06-05,Dear Grain Bakery Expanding to Hamilton’s East End,,https://whatnow.com/toronto/restaurants/dear-grain-bakery-expanding-to-hamiltons-east-end/,2026-06-06
2026-06-05,La Neta Expanding to Downtown Boston With New Churrería 52 Concept,"100 City Hall Plaza, Boston, MA 02109",https://whatnow.com/boston/restaurants/la-neta-expanding-to-downtown-boston-with-new-churreria-52-concept/,2026-06-06
2026-06-05,L&L Hawaiian Barbecue Planning Nashville Debut On Nolensville Pike,"5763 Nolensville Pk, Nashville, TN 37211, USA",https://whatnow.com/nashville/restaurants/ll-hawaiian-barbecue-planning-nashville-debut-on-nolensville-pike/,2026-06-05
2026-06-05,Kura Revolving Sushi Working on New Virginia Home,"11331 W Broad St, Glen Allen, VA 23060",https://whatnow.com/washington-dc/restaurants/kura-revolving-sushi-working-on-new-virginia-home/,2026-06-06
2026-06-05,Arcade Time Entertainment to Add Food and Drink to its Fun in Wellington,"10200 Forest Hill Blvd, Wellington, FL 33414",https://whatnow.com/miami/restaurants/arcade-time-entertainment-to-add-food-and-drink-to-its-fun-in-wellington/,2026-06-06
2026-06-05,A Houston-Area Restaurant Known for Its Signature Duck Dish Has Closed,"17333 Spring Cypress Rd Suite H, Cypress, TX 77429",https://whatnow.com/houston/restaurants/a-houston-area-restaurant-known-for-its-signature-duck-dish-has-closed/,2026-06-06
2026-06-05,Mr. Maple Donuts Planning New Lake Oswego Location,"363 S State St, Lake Oswego, OR 97034",https://whatnow.com/portland/restaurants/mr-maple-donuts-planning-new-lake-oswego-location/,2026-06-06
2026-06-05,Johnson’s Coffee Co. Plans First Brick-and-Mortar Cafe,"1480 E Michigan St, Orlando, FL 32806",https://whatnow.com/orlando/restaurants/johnsons-coffee-co-plans-first-brick-and-mortar-cafe/,2026-06-06
2026-06-05,Philly Po Boy Co. Bringing New Orleans Classics to Fishtown,"102 W Berks St., Philadelphia, PA 19122",https://whatnow.com/philadelphia/restaurants/philly-po-boy-co-bringing-new-orleans-classics-to-fishtown/,2026-06-06
2026-06-05,"Boost Coffee + Energy Making Debut Next Week, Expansion to Follow",,https://whatnow.com/jacksonville/restaurants/boost-coffee-energy-making-debut-next-week-expansion-to-follow/,2026-06-06
2026-06-05,Chez Stanley Restaurant-Bar Rebuilding After Fire in Sherbrooke,"1180 Rue King E, Sherbrooke, QC J1G 1E4, Canada",https://whatnow.com/montreal/restaurants/chez-stanley-restaurant-bar-rebuilding-after-fire-in-sherbrooke/,2026-06-06
2026-06-05,Terrain to Open at The Clayfield in Niagara-on-the-Lake,"18 Clayfield Commons, Niagara-on-the-Lake, ON L0S 1J0, Canada",https://whatnow.com/toronto/restaurants/terrain-to-open-at-the-clayfield-in-niagara-on-the-lake/,2026-06-06
2026-06-05,Bushfire Kitchen Plans New Irvine Location,"3965 Alton Pkwy, Irvine, CA 92606",https://whatnow.com/orange-county/restaurants/bushfire-kitchen-plans-new-irvine-location/,2026-06-06
2026-06-05,"A Fast-Growing Chicken Chain With 1,000+ Locations Brings New Restaurant to Westside Los Angeles","1401 3rd Street Promenade, Santa Monica, CA 90401",https://whatnow.com/los-angeles/restaurants/a-fast-growing-chicken-chain-with-1000-locations-brings-new-restaurant-to-westside-los-angeles/,2026-06-05
2026-06-05,Olive & Finch Takes Flight at Denver International Airport,"8500 Peña Blvd, Denver, CO 80249",https://whatnow.com/denver/restaurants/olive-finch-takes-flight-at-denver-international-airport/,2026-06-06
2026-06-05,"Le Umu is on ""Da Move""","5181 W Charleston Blvd, Las Vegas, NV 89146",https://whatnow.com/las-vegas/restaurants/le-umu-is-on-da-move/,2026-06-06
2026-06-05,"Coming This July: Trattoria Napoli, a “Modern Italian Trattoria in the Heart of Zephyrhills”","5470 7th St, Zephyrhills, FL 33542",https://whatnow.com/tampa/restaurants/coming-this-july-trattoria-napoli-a-modern-italian-trattoria-in-the-heart-of-zephyrhills/,2026-06-06
2026-06-04,Jimmy's Is Coming to Former Pietro’s Space,"317 E Kettleman Ln, Lodi, CA 95240",https://whatnow.com/sacramento/restaurants/jimmys-is-coming-to-former-pietros-space/,2026-06-05
2026-06-04,Tampa Restaurateurs and Industry Leaders Connect at What Now Media Group’s Accelerate Event,"1015 Gramercy Ln, Tampa, FL 33607",https://whatnow.com/tampa/restaurants/tampa-restaurateurs-and-industry-leaders-connect-at-what-now-media-groups-accelerate-event/,2026-06-05
2026-06-04,Luna Grill Plans Three More Phoenix-Area Locations This Year,,https://whatnow.com/phoenix/restaurants/luna-grill-plans-three-more-phoenix-area-locations-this-year/,2026-06-05
2026-06-04,"Christie Cookie Co. Opens New Store at Nashville Yards on June 6, 2026 | What Now Nashville","17 Platform Way S, Nashville, TN 37203",https://whatnow.com/nashville/restaurants/christie-cookie-co-opens-new-store-at-nashville-yards-on-june-6-2026/,2026-06-05
2026-06-04,Ben & Jerry’s Planning Permanent Home on Seattle Waterfront,"1001 Alaskan Wy # 200, Seattle, WA 98104",https://whatnow.com/seattle/restaurants/ben-jerrys-planning-permanent-home-on-seattle-waterfront/,2026-06-05
2026-06-04,A James Beard-Awarded New York City Restaurant Is Ending Its 25-Year Run,"43 E 19th St, New York, NY 10003, United States",https://whatnow.com/new-york/restaurants/a-james-beard-awarded-new-york-city-restaurant-is-ending-its-25-year-run/,2026-06-05
2026-06-04,Chocolate Emporium Expanding to St. Armands,"28 S Boulevard of the Presidents, Sarasota, FL 34236",https://whatnow.com/tampa/restaurants/chocolate-emporium-expanding-to-st-armands/,2026-06-05
2026-06-04,Stoney's Bar & Grill Expands With New Colorado Springs Location,"118 N Tejon St, Colorado Springs, CO 80903",https://whatnow.com/denver/restaurants/stoneys-bar-grill-expands-with-new-colorado-springs-location/,2026-06-05
2026-06-04,Jollibee Reportedly Planning Major Expansion Into San Antonio With Up To 15 Locations,,https://whatnow.com/san-antonio/restaurants/jollibee-reportedly-planning-major-expansion-into-san-antonio-with-up-to-15-locations/,2026-06-05
2026-06-04,Bernadette’s to Strike a Chord in DC,"1218 Wisconsin Ave NW, Washington, DC 20007",https://whatnow.com/washington-dc/restaurants/bernadettes-to-strike-a-chord-in-dc/,2026-06-05
2026-06-04,J. Clayborn’s Bakery & Café Reopens In Lebanon Under New Ownership,"1021 W Main St, Lebanon, TN 37087, USA",https://whatnow.com/nashville/restaurants/j-clayborns-bakery-cafe-reopens-in-lebanon-under-new-ownership/,2026-06-05
2026-06-04,Azul Kitchen & Bar Planned for Former Old Town Nightclub Space,"115 NW 1st Ave, Portland, OR 97209",https://whatnow.com/portland/restaurants/azul-kitchen-bar-planned-for-former-old-town-nightclub-space/,2026-06-05
2026-06-04,A Popular Charleston Sandwich Shop Is Closing After Nearly Five Years,"1684 Old Towne Rd, Charleston, SC 29407, United States",https://whatnow.com/charleston/restaurants/a-popular-charleston-sandwich-shop-is-closing-after-nearly-five-years/,2026-06-05
2026-06-04,Orlando Hospitality Leaders Gather at What Now Media Group’s Accelerate Event,"400 N Primrose Dr, Orlando, FL 32803",https://whatnow.com/orlando/restaurants/orlando-hospitality-leaders-gather-at-what-now-media-groups-accelerate-event/,2026-06-05
2026-06-04,Whataburger Plans First Asheville Location,"275 Smokey Park Hwy, Asheville, NC 28806, USA",https://whatnow.com/charlotte/restaurants/whataburger-plans-first-asheville-location/,2026-06-05
2026-06-04,Black Rock Coffee Bar Expands With Three New Arizona Locations,,https://whatnow.com/phoenix/restaurants/black-rock-coffee-bar-expands-with-three-new-arizona-locations/,2026-06-05
2026-06-04,Panizzeria Bringing Focaccia Sandwiches and Folded Pizzette to Laguna Beach,"263 Forest Ave, Laguna Beach, CA 92651",https://whatnow.com/orange-county/restaurants/panizzeria-bringing-focaccia-sandwiches-and-folded-pizzette-to-laguna-beach/,2026-06-05
2026-06-04,Black Label Burger Company Bringing Wagyu Burgers to the Cheyenne Fountains,"7450 W Cheyenne Ave, Las Vegas, NV 89129",https://whatnow.com/las-vegas/restaurants/black-label-burger-company-bringing-wagyu-burgers-to-the-cheyenne-fountains/,2026-06-04
2026-06-04,Kindred Targets Late-Summer Return Following Fire-Related Closure,"131 N Main St, Davidson, NC 28036, USA",https://whatnow.com/charlotte/restaurants/kindred-targets-late-summer-return-following-fire-related-closure/,2026-06-05
2026-06-04,Atashi Yokocho Planned for Scottsdale's Sydney Development,"7339 E McDonald Dr, Scottsdale, AZ 85250",https://whatnow.com/phoenix/restaurants/atashi-yokocho-planned-for-scottsdales-sydney-development/,2026-06-05
2026-06-04,Sweet Paris Crêperie & Cafe Opening in Wesley Chapel This Fall,"28250 Paseo Drive, Wesley Chapel, FL 33543",https://whatnow.com/tampa/restaurants/sweet-paris-creperie-cafe-opening-in-wesley-chapel-this-fall/,2026-06-05
2026-06-04,Dave’s Hot Chicken Bringing the Heat to Boston Logan International Airport,"1 Harborside Dr, Unit #BA2-A15, Boston, MA 02128",https://whatnow.com/boston/restaurants/daves-hot-chicken-bringing-the-heat-to-boston-logan-international-airport/,2026-06-05
2026-06-04,Buffalo Wild Wings To Take Dining Up a Notch at the Houston Airport,"3500 N Terminal Rd, Houston, TX 77032",https://whatnow.com/houston/restaurants/buffalo-wild-wings-to-take-dining-up-a-notch-at-the-houston-airport/,2026-06-05
2026-06-04,Platypus Brewing and 5 Other Houston Restaurants Closed in May 2026,,https://whatnow.com/houston/restaurants/platypus-brewing-and-5-other-houston-restaurants-closed-in-may-2026/,2026-06-05
2026-06-04,New Playa Bowls Looks to Be Opening in the Channel District,"1244 E Madison St, Tampa, FL 33602",https://whatnow.com/tampa/restaurants/new-playa-bowls-looks-to-be-opening-in-the-channel-district/,2026-06-05
2026-06-04,Jody’s Famous Cinnamon Rolls Coming to Lexington This Summer,"309 S Lake Dr., Lexington, SC 29072",https://whatnow.com/charleston/restaurants/jodys-famous-cinnamon-rolls-coming-to-lexington-this-summer/,2026-06-05
2026-06-04,Ciccio Restaurant Group Replacing Daily Eats with New Restaurant: Meeting House,"901 S Howard Ave, Tampa, FL 33606",https://whatnow.com/tampa/restaurants/ciccio-restaurant-group-replacing-daily-eats-with-new-restaurant-meeting-house/,2026-06-05
2026-06-04,Best Oysters Shucking its Way into Memphis Storefront,"2659 N Hollywood St, Memphis, TN 38127",https://whatnow.com/memphis/restaurants/best-oysters-shucking-its-way-into-memphis-storefront/,2026-06-05
2026-06-04,Spain-Based Restaurant Group Working on New Lincoln Park Concept,"2576 N Lincoln Ave, Chicago, IL 60614",https://whatnow.com/chicago/restaurants/spain-based-restaurant-group-working-on-new-lincoln-park-concept/,2026-06-05
2026-06-04,Rachael's Cafe Set to Open Second Restaurant in Maurice,"8218 Maurice Ave, Maurice, LA 70555",https://whatnow.com/new-orleans/restaurants/rachaels-cafe-set-to-open-second-restaurant-in-maurice/,2026-06-05
2026-06-04,Big Onion Hospitality Builds Neighborhood Energy and Lasting Connections,"15 W Division St, Chicago, IL 60610",https://whatnow.com/chicago/restaurants/big-onion-hospitality-builds-neighborhood-energy-and-lasting-connections/,2026-06-05
2026-06-04,Hawkers Reopens East Nashville Restaurant Following Fire-Related Closure,"626a Main St, Nashville, TN 37206, USA",https://whatnow.com/nashville/restaurants/hawkers-reopens-east-nashville-restaurant-following-fire-related-closure/,2026-06-05
2026-06-04,Lucky Asian Fusion To Open First North Carolina Location In Raleigh,"3510 Wade Ave, Raleigh, NC 27607, United States",https://whatnow.com/charlotte/restaurants/lucky-asian-fusion-to-open-first-north-carolina-location-in-raleigh/,2026-06-05
2026-06-04,Mattenga's Pizzeria To Open New Restaurant In New Braunfels,"842 Northwest Loop 410, San Antonio, TX 78216, USA",https://whatnow.com/san-antonio/restaurants/mattengas-pizzeria-to-open-new-restaurant-in-new-braunfels/,2026-06-05
2026-06-04,Waffle House Planned For Mt. Juliet Location,"12085 Lebanon Rd, Mt. Juliet, TN 37122, USA",https://whatnow.com/nashville/restaurants/waffle-house-planned-for-mt-juliet-location/,2026-06-05
2026-06-04,Dog Haus Bringing First Ohio Restaurant To High Street Near OSU,"Gateway Bldg C, 1576 S Campus Gateway, Columbus, OH 43201",https://whatnow.com/columbus/restaurants/dog-haus-bringing-first-ohio-restaurant-to-high-street-near-osu/,2026-06-05
2026-06-04,Santé Social Bringing Supper Club to East Passyunk,"1546 Passyunk Ave., Philadelphia, PA 19147",https://whatnow.com/philadelphia/restaurants/sante-social-to-open-east-passyunk-restaurant-inspired-by-pandemic-era-supper-club/,2026-06-05
2026-06-04,Tommy Bahama Marlin Bar Coming Soon to Sawgrass Mills,"1840 Sawgrass Mills Cir, Sunrise, FL 33323",https://whatnow.com/miami/restaurants/tommy-bahama-marlin-bar-coming-soon-to-sawgrass-mills/,2026-06-05
2026-06-04,Wonder Food Hall is Quickly Expanding,"606 Dennis St, Houston, TX 77006",https://whatnow.com/houston/restaurants/wonder-food-hall-is-quickly-expanding/,2026-06-04
2026-06-04,Laguna Soft Serve and Taiyaki to Prepare Japanese Sweet Treats in Canton,,https://whatnow.com/detroit/restaurants/laguna-soft-serve-and-taiyaki-to-prepare-japanese-sweet-treats-in-canton/,2026-06-05
2026-06-04,A Growing Arizona Seafood Chain Is Opening a New Chandler Location,"3033 S Gilbert Rd, Chandler, AZ 85225",https://whatnow.com/phoenix/restaurants/a-growing-arizona-seafood-chain-is-opening-a-new-chandler-location/,2026-06-04
2026-06-04,Monday Coffee Club Bringing New Cafes to Troy and Livonia,"16815 Middlebelt Rd, Livonia, MI 48154",https://whatnow.com/detroit/restaurants/monday-coffee-club-bringing-new-cafes-to-troy-and-livonia/,2026-06-05
2026-06-03,Pisano’s Expanding To Marietta Square For Second Location | What Now Atlanta,"35 N Park Square, Marietta, GA 30060",https://whatnow.com/atlanta/restaurants/pisanos-expanding-to-marietta-square-for-second-location/,2026-06-03
2026-06-03,East Cobb’s Reunion Kitchen & Bar Moving To Sandy Springs Amid Rent Hikes | What Now Atlanta,,https://whatnow.com/atlanta/restaurants/east-cobbs-reunion-kitchen-bar-moving-to-sandy-springs-amid-rent-hikes/,2026-06-03
2026-06-03,A Growing Brooklyn Café Has Opened Its 10th Location in Greenpoint,"190 Franklin St, Brooklyn, NY 11222",https://whatnow.com/new-york/restaurants/a-growing-brooklyn-cafe-has-opened-its-10th-location-in-greenpoint/,2026-06-03
2026-06-03,Humili Planned for University Heights,"4615 Park Blvd, San Diego, CA 92116",https://whatnow.com/san-diego/restaurants/humili-planned-for-university-heights/,2026-06-04
2026-06-03,Hospitality Industry-Inspired Retro Spot Coming to the West Village,"34 8th Ave, New York, NY 10014",https://whatnow.com/new-york/restaurants/hospitality-industry-inspired-retro-spot-coming-to-the-west-village/,2026-06-04
2026-06-03,Millennium and 4 Other Well-Known Bay Area Restaurants That Closed in May 2026,,https://whatnow.com/san-francisco/restaurants/millennium-and-4-other-well-known-bay-area-restaurants-that-closed-in-may-2026/,2026-06-04
2026-06-03,Wagshal’s Grand Bodega to Open this Summer,"1747 Pennsylvania Ave NW, Washington, DC 20006",https://whatnow.com/washington-dc/restaurants/wagshals-grand-bodega-to-open-this-summer/,2026-06-04
2026-06-03,Joe & The Juice Readies Tysons Location,"1961 Chain Bridge Rd, Tysons, VA 22102",https://whatnow.com/washington-dc/restaurants/joe-the-juice-readies-tysons-location/,2026-06-04
2026-06-03,Fire Pio Pio Expands With Second Colorado Location,"12229 Voyager Pkwy, Colorado Springs, CO 80921",https://whatnow.com/denver/restaurants/fire-pio-pio-expands-with-second-colorado-location/,2026-06-04
2026-06-03,VIVA Bringing Mexican Flavors To Summerhill | What Now Atlanta,"39 Georgia Ave SE, Atlanta, GA 30312",https://whatnow.com/atlanta/restaurants/viva-bringing-mexican-flavors-to-summerhill/,2026-06-04
2026-06-03,A Downtown Favorite Known for Shareable Small Plates Is Closing,"1500 Woodward Ave floor 2, Detroit, MI 48226",https://whatnow.com/detroit/restaurants/a-downtown-favorite-known-for-shareable-small-plates-is-closing/,2026-06-04
2026-06-03,Dinosaur Bar-B-Que and 4 Other NYC Restaurants Closed in May 2026,,https://whatnow.com/new-york/restaurants/dinosaur-bar-b-que-and-4-other-nyc-restaurants-closed-in-may-2026/,2026-06-04
2026-06-03,House Balthazar Preparing to Open at Harvest,"14486 147th Pl NE d25, Woodinville, WA 98072, USA",https://whatnow.com/seattle/restaurants/house-balthazar-preparing-to-open-at-harvest/,2026-06-04
2026-06-03,Applebee's to open in the Copperfield Area,"7250 Hwy 6 N, Houston, TX 77095",https://whatnow.com/houston/restaurants/applebees-to-open-in-the-copperfield-area/,2026-06-04
2026-06-03,SushiRitas Concept Coming to Woodward Avenue Near Wayne State,"5700 Woodward Ave, Detroit, MI 48202",https://whatnow.com/detroit/restaurants/sushiritas-concept-coming-to-woodward-avenue-near-wayne-state/,2026-06-04
2026-06-03,Brassica To Open New Polaris Location As Part Of Central Ohio Expansion,"2170 Ikea Wy, Columbus, OH 43240",https://whatnow.com/columbus/restaurants/brassica-to-open-new-polaris-location-as-part-of-central-ohio-expansion/,2026-06-03
2026-06-03,Hudson 29 Kitchen + Drink To Open Third Central Ohio Location In Bexley,"2200 E Main St, Bexley, OH 43209",https://whatnow.com/columbus/restaurants/hudson-29-kitchen-drink-to-open-third-central-ohio-location-in-bexley/,2026-06-03
2026-06-03,Black Label Tavern Owners Receive Approval to Construct New Livonia Concept,"35841 Plymouth Rd, Livonia, MI 48150",https://whatnow.com/detroit/restaurants/black-label-tavern-owners-receive-approval-to-construct-new-livonia-concept/,2026-06-04
2026-06-03,"Old Town Pour House Heading to The Loop, Occupying City Social Space","120 N LaSalle St, Chicago, IL 60602",https://whatnow.com/chicago/restaurants/old-town-pour-house-heading-to-the-loop-occupying-city-social-space/,2026-06-04
2026-06-03,AMP Up1 Hospitality Planning New Concept For The CTR | What Now Atlanta,"190 Marietta St NW, Atlanta, GA 30303",https://whatnow.com/atlanta/restaurants/amp-up1-hospitality-planning-new-concept-for-the-ctr/,2026-06-04
2026-06-03,A New Live Music Venue Is Proposed for Old North Sacramento,"1113 Del Paso Blvd, Sacramento, CA 95815",https://whatnow.com/sacramento/restaurants/a-new-live-music-venue-is-proposed-for-old-north-sacramento/,2026-06-04
2026-06-03,A New Whiskey-Focused Bar Arrives in One of Nashville’s Fastest-Growing Developments,"521 Houston St, Nashville, TN 37203, United States",https://whatnow.com/nashville/restaurants/a-new-whiskey-focused-bar-arrives-in-one-of-nashvilles-fastest-growing-developments/,2026-06-04
2026-06-03,Mezza Luna In Marietta Transitioning To Trattoria Bella | What Now Atlanta,"2100 Roswell Rd #2198, Marietta, GA 30062",https://whatnow.com/atlanta/restaurants/mezza-luna-in-marietta-transitioning-to-trattoria-bella/,2026-06-04
2026-06-03,New Concept Coming to the East Village from Acclaimed Japanese Restaurant Group,"167 Avenue A, New York, NY 10009",https://whatnow.com/new-york/restaurants/new-concept-coming-to-the-east-village-from-acclaimed-japanese-restaurant-group/,2026-06-04
2026-06-03,A Popular Atlanta Bakery Is Opening Inside One of the City's Most Historic Buildings,"145 Auburn Ave NE, Atlanta, GA 30303",https://whatnow.com/atlanta/restaurants/a-popular-atlanta-bakery-is-opening-inside-one-of-the-citys-most-historic-buildings/,2026-06-03
2026-06-02,Tipsy Scoop Bringing Liquor-Infused Ice Cream to Boston's South End,"59 Dartmouth St, Boston, MA 02116",https://whatnow.com/boston/restaurants/tipsy-scoop-bringing-liquor-infused-ice-cream-to-bostons-south-end/,2026-06-03
2026-06-02,Matcha Magic Planned for Woodinville’s Harvest Development,"14000 Village Rd, Woodinville, WA 98072, USA",https://whatnow.com/seattle/restaurants/matcha-magic-planned-for-woodinvilles-harvest-development/,2026-06-03
2026-06-02,Better Buzz Coffee Roasters Eyes Set To Open in Costa Mesa,"385 E 17th St, Costa Mesa",https://whatnow.com/orange-county/restaurants/better-buzz-coffee-roasters-eyes-set-to-open-in-costa-mesa/,2026-06-03
2026-06-02,DalMoros' Bringing Fast-Casual Italian Concept To North San Antonio,"1515 N Loop 1604 E #400, San Antonio, TX 78232, USA",https://whatnow.com/san-antonio/restaurants/dalmoros-bringing-fast-casual-italian-concept-to-north-san-antonio/,2026-06-03
2026-06-02,'With a Chef's Table Vibe': Fabrik Relocates This Summer,"3108 Windsor RdAustin, TX 78703, USA",https://whatnow.com/austin/restaurants/with-a-chefs-table-vibe-fabrik-relocates-this-summer/,2026-06-03
2026-06-02,New Japanese-Inspired Restaurant Casa Nama Coming To Raleigh,"2020 Progress Ct, Raleigh, NC 27608, USA",https://whatnow.com/charlotte/restaurants/new-japanese-inspired-restaurant-casa-nama-coming-to-raleigh/,2026-06-03
2026-06-02,Black Mizu Cafe to Open Inside Cloak & Petal,"1953 India St, San Diego, CA 92101",https://whatnow.com/san-diego/restaurants/black-mizu-cafe-to-open-inside-cloak-petal/,2026-06-03
2026-06-02,FCM Hospitality Founder Eyes Possible New Concept,"1811 Chestnut St., Philadelphia, PA 19103",https://whatnow.com/philadelphia/restaurants/fcm-hospitality-founder-eyes-possible-new-concept-on-chestnut-st/,2026-06-03
2026-06-02,Drift Coffee + Kitchen Brewing Up New Location At Raleigh Iron Works,"1101 E Whitaker Mill Rd, Raleigh, NC 27604, USA",https://whatnow.com/charlotte/restaurants/drift-coffee-kitchen-brewing-up-new-location-at-raleigh-iron-works/,2026-06-03
2026-06-02,Campisi’s Plans New Location in Dallas,"5944 Royal Ln, Dallas, TX 75230, USA",https://whatnow.com/dallas/restaurants/campisis-plans-new-location-in-dallas/,2026-06-03
2026-06-02,Houston Tex-Mex Favorite Marks a Major 85-Year Milestone with Citywide Celebrations,,https://whatnow.com/houston/restaurants/houston-tex-mex-favorite-marks-a-major-85-year-milestone-with-citywide-celebrations/,2026-06-03
2026-06-02,Oto Sushi Coming to Encinitas This Summer,"782 N Coast Hwy 101, Encinitas, CA 92024",https://whatnow.com/san-diego/restaurants/oto-sushi-coming-to-encinitas-this-summer/,2026-06-03
2026-06-02,A Popular Salad Concept Is Expanding in Texas with a New Frisco Location,"4331 Main St, Frisco, TX 75034",https://whatnow.com/dallas/restaurants/a-popular-salad-concept-is-expanding-in-texas-with-a-new-frisco-location/,2026-06-03
2026-06-02,Bump Coffee Expanding to Carlsbad Village,"2621 Roosevelt St, Carlsbad, CA 92008",https://whatnow.com/san-diego/restaurants/bump-coffee-expanding-to-carlsbad-village/,2026-06-03
2026-06-02,Hospitality Concept Planned for Former Rogers Park Firehouse,"1721 W Greenleaf Ave, Chicago, IL 60626",https://whatnow.com/chicago/restaurants/hospitality-concept-planned-for-former-rogers-park-firehouse/,2026-06-03
2026-06-02,Jollibee Plans Major California Expansion,,https://whatnow.com/san-francisco/restaurants/jollibee-plans-major-california-expansion/,2026-06-03
2026-06-02,A 120-Year-Old Portland Home Is Becoming a Bookstore and Café,"2953 NE Glisan St, Portland, OR 97232, USA",https://whatnow.com/portland/restaurants/a-120-year-old-portland-home-is-becoming-a-bookstore-and-cafe/,2026-06-03
2026-06-02,Cary’s Lounge Changes Hands After Over 50 Years,"2251 W Devon Ave, Chicago, IL 60659",https://whatnow.com/chicago/restaurants/carys-lounge-changes-hands-after-over-50-years/,2026-06-03
2026-06-02,This Three-Michelin-Starred Chicago Restaurant Named No. 1 in North America for 2026,"177 N Ada St #101, Chicago, IL 60607, United States",https://whatnow.com/chicago/restaurants/this-three-michelin-starred-chicago-restaurant-named-no-1-in-north-america-for-2026/,2026-06-03
2026-06-02,Team Behind Atomix Launching New Concept in Greenwich Village,"79 MacDougal St, New York, NY 10012",https://whatnow.com/new-york/restaurants/team-behind-atomix-launching-new-concept-in-greenwich-village/,2026-06-03
2026-06-02,Historic Cape May Spot Changes Ownership After 16 Years,"1301 Beach Ave., Cape May, NJ 08204",https://whatnow.com/philadelphia/restaurants/peter-shields-inn-and-restaurant-changes-ownership-after-16-years/,2026-06-03
2026-06-02,Domino’s Pizza To Move Downtown Columbus Store To New Main Street Location,"386 E Main St, Columbus, OH 43215",https://whatnow.com/columbus/restaurants/dominos-pizza-to-move-downtown-columbus-store-to-new-main-street-location/,2026-06-03
2026-06-02,Midtown Sacramento Wine Bar Pours Its Final Glass After More Than Two Decades,"1217 18th St, Sacramento, CA 95811",https://whatnow.com/sacramento/restaurants/midtown-sacramento-wine-bar-pours-its-final-glass-after-more-than-two-decades/,2026-06-03
2026-06-02,Hip Italian Spot in Miami Beach Coming to the Lower East Side,"187 Orchard St, New York, NY 10002",https://whatnow.com/new-york/restaurants/hip-italian-spot-in-miami-beach-coming-to-the-lower-east-side/,2026-06-03
2026-06-02,Binge Coffee House Expands With New San Francisco Location,"The Hornung Building, 530 Valencia St, San Francisco, CA",https://whatnow.com/san-francisco/restaurants/binge-coffee-house-expands-with-new-san-francisco-location/,2026-06-03
2026-06-02,Philz Coffee Planning Tarzana Location | What Now Los Angeles,"18640 Ventura Blvd, Tarzana, CA 91356",https://whatnow.com/los-angeles/restaurants/philz-coffee-planning-tarzana-location/,2026-06-03
2026-06-01,An Award-Winning BBQ Chain Has Expanded with a New California Location,"11920 Amargosa Rd, Victorville, CA 92392",https://whatnow.com/los-angeles/restaurants/an-award-winning-bbq-chain-has-expanded-with-a-new-california-location/,2026-06-01
2026-06-01,Regional Mexican Chain Is Planning Hell’s Kitchen Location,"806 9th Ave, New York, NY 10019",https://whatnow.com/new-york/restaurants/regional-mexican-chain-is-planning-hells-kitchen-location/,2026-06-02
2026-06-01,'One Stop for All the Asian Comfort': Global Restaurateur To Debut Pebble Onebird,12129 Ranch Rd 620 N,https://whatnow.com/austin/restaurants/one-stop-for-all-the-asian-comfort-global-restaurateur-to-debut-pebble-onebird/,2026-06-02
2026-06-01,A Popular Wood-Fired Pizza Spot in Coral Springs Is Closing After 18 Years,"2888 N University Dr, Coral Springs, FL 33065",https://whatnow.com/miami/restaurants/a-popular-wood-fired-pizza-spot-in-coral-springs-is-closing-after-18-years/,2026-06-01
2026-06-01,A Popular Oakland Entertainment and Dining Venue Is Closing After Nearly 12 Years,"98 Broadway, Oakland, CA 94607",https://whatnow.com/san-francisco/restaurants/a-popular-oakland-entertainment-and-dining-venue-is-closing-after-nearly-12-years/,2026-06-01
2026-06-01,Wonder Expands With Four New Greater Philadelphia Locations,,https://whatnow.com/philadelphia/restaurants/wonder-expands-across-greater-philadelphia-with-four-new-locations/,2026-06-01
2026-06-01,Here are 6 Upcoming Restaurants We Uncovered in Atlanta Last Week (May 25-29),,https://whatnow.com/atlanta/restaurants/here-are-6-upcoming-restaurants-we-uncovered-in-atlanta-last-week-may-25-29/,2026-06-01
2026-06-01,"A Chicago Deep-Dish Pizza Chain Is Opening a 7,400-Square-Foot Restaurant in Washington, D.C.","600 14th St NW Ground 2, Washington, DC 20005, United States",https://whatnow.com/washington-dc/restaurants/a-chicago-deep-dish-pizza-chain-is-opening-a-7400-square-foot-restaurant-in-washington-d-c/,2026-06-01
2026-06-01,A Late-Night Fire Has Forced a Busy Austin Dining Spot to Close Temporarily,"1315 W 6th St, Austin, TX 78703",https://whatnow.com/austin/restaurants/a-late-night-fire-has-forced-a-busy-austin-dining-spot-to-close-temporarily/,2026-06-01
2026-06-01,Mike’s Red Tacos Inks Multi-Unit Deal For Los Angeles Expansion | What Now Los Angeles,,https://whatnow.com/los-angeles/restaurants/mikes-red-tacos-inks-multi-unit-deal-for-los-angeles-expansion/,2026-06-01
2026-05-31,New Coffee Shop Files for Memphis Location,"3826 Park Ave, Memphis, TN 38111",https://whatnow.com/memphis/restaurants/new-coffee-shop-files-for-memphis-location/,2026-06-01
2026-05-31,Glen Burnie Getting a Taste of Dining Phenomenon,"891 Cromwell Park Dr, Glen Burnie, MD 21061",https://whatnow.com/washington-dc/restaurants/glen-burnie-getting-a-taste-of-dining-phenomenon/,2026-06-01
2026-05-30,Sana’a Café To Open Multiple Locations Across San Francisco,"27 Drumm St, San Francisco, CA 94111",https://whatnow.com/san-francisco/restaurants/sanaa-cafe-to-open-multiple-locations-across-san-francisco/,2026-05-30
2026-05-30,Xi’an Famous Foods Plans Maryland Debut,"12031 Rockville Pike, North Bethesda, MD 20852",https://whatnow.com/washington-dc/restaurants/xian-famous-foods-plans-maryland-debut/,2026-05-31
2026-05-30,Goop Kitchen Plans Expansion Into The Bay Area,"405 Howard St, San Francisco, CA 94105",https://whatnow.com/san-francisco/restaurants/goop-kitchen-plans-expansion-into-the-bay-area/,2026-05-30
2026-05-29,A High-Energy Music-Driven Cocktail Concept Is Headed to Wynwood,"59 NW 28th St, Miami, FL 33127, United States",https://whatnow.com/miami/restaurants/a-high-energy-music-driven-cocktail-concept-is-headed-to-wynwood/,2026-05-29
2026-05-29,Poulet Rouge Opening at The Shops at Pickering City Centre Food Court,"1355 Kingston Rd, Pickering, ON L1V 1B8, Canada",https://whatnow.com/toronto/restaurants/poulet-rouge-opening-at-the-shops-at-pickering-city-centre-food-court/,2026-05-30
2026-05-29,New Concept Sombra Restaurant Heads to San Antonio's Dominion Crossing,"21803 I-10, San Antonio, TX 78257, USA",https://whatnow.com/san-antonio/restaurants/new-concept-sombra-restaurant-heads-to-san-antonios-dominion-crossing/,2026-05-30
2026-05-29,Le Petit Comptoir Wine & Cheese to Debut as Inclusive Gathering Space in Marblehead This Summer,"1 Atlantic Ave, Marblehead, MA 01945",https://whatnow.com/boston/restaurants/le-petit-comptoir-wine-cheese-to-debut-as-inclusive-gathering-space-in-marblehead-this-summer/,2026-05-30
2026-05-29,San Francisco Chef Bringing Restaurant To Los Angeles | What Now Los Angeles,"7505 Melrose Ave, Los Angeles, CA 90046",https://whatnow.com/los-angeles/restaurants/san-francisco-chef-bringing-restaurant-to-los-angeles/,2026-05-30
2026-05-29,Taqueria Ramierz Founder Opening Seafood Spot in the West Village,"20 Cornelia St, New York, NY 10014",https://whatnow.com/new-york/restaurants/taqueria-ramierz-founder-opening-seafood-spot-in-the-west-village/,2026-05-30
2026-05-29,New Franchisee Soft Opens First of Three Fresh Monkee Locations in Sarasota,"5045 Fruitville Rd, Sarasota, FL 34232",https://whatnow.com/tampa/restaurants/new-franchisee-soft-opens-first-of-three-fresh-monkee-locations-in-sarasota/,2026-05-30
2026-05-29,Dark Horse Espresso Bar Expanding With Two New Toronto Cafes,"941 College St, Toronto, ON M6H 1A6, Canada",https://whatnow.com/toronto/restaurants/dark-horse-espresso-bar-expanding-with-two-new-toronto-cafes/,2026-05-30
2026-05-29,Neighborhood Munch Looks to Be Pulling into Jacksonville,"1712 Ogilvie Park Ln, Jacksonville, FL 32246",https://whatnow.com/jacksonville/restaurants/neighborhood-munch-looks-to-be-pulling-into-jacksonville/,2026-05-30
2026-05-29,Swedish Candy Favorite Nantasket Sweets By Swedes Heads to Beacon Hill,"115 Charles St, Boston, MA 02114",https://whatnow.com/boston/restaurants/swedish-candy-favorite-nantasket-sweets-by-swedes-heads-to-beacon-hill/,2026-05-30
2026-05-29,A New All-Day French-Inspired Café and Garden Bar Concept Is Set to Open in Downtown Houston,"301 Milam St, Houston, TX 77002",https://whatnow.com/houston/restaurants/a-new-all-day-french-inspired-cafe-and-garden-bar-concept-is-set-to-open-in-downtown-houston/,2026-05-30
2026-05-29,Mi Tradición Bakery Prepares New Store and Relocation,,https://whatnow.com/austin/restaurants/mi-tradicion-bakery-prepares-new-store-and-relocation/,2026-05-30
2026-05-29,Wingstop is Opening a Location in W. Lake Village,"12230 W Lake Houston Pkwy, Houston, TX 77044",https://whatnow.com/houston/restaurants/wingstop-is-opening-a-location-in-w-lake-village/,2026-05-29
2026-05-29,Mike’s Red Tacos Plans Orange County Expansion,,https://whatnow.com/orange-county/restaurants/mikes-red-tacos-plans-orange-county-expansion/,2026-05-30
2026-05-29,Sho Pizza Bar Eyes West Nashville Expansion,"54 White Bridge Pike, Nashville, TN 37205, USA",https://whatnow.com/nashville/restaurants/sho-pizza-bar-eyes-west-nashville-expansion/,2026-05-30
2026-05-29,Tampa-Based Fresh Kitchen Replacing Former Chicken Guy in Winter Park,"818 S Orlando Ave, Winter Park, FL 32789",https://whatnow.com/orlando/restaurants/tampa-based-fresh-kitchen-replacing-former-chicken-guy-in-winter-park/,2026-05-30
2026-05-29,AnF Gyros & Grill Opening Kissimmee Location,,https://whatnow.com/orlando/restaurants/anf-gyros-grill-opening-kissimmee-location/,2026-05-30
2026-05-29,Chim Chim Thai Planned for Scottsdale,"13802 N Scottsdale Rd, Scottsdale, AZ 85254",https://whatnow.com/phoenix/restaurants/chim-chim-thai-planned-for-scottsdale/,2026-05-30
2026-05-29,Honeygrow Cooking Up New Location at Upcoming Allen Park Development,"3100 Fairlane Dr, Allen Park, MI 48101",https://whatnow.com/detroit/restaurants/honeygrow-cooking-up-new-location-at-upcoming-allen-park-development/,2026-05-30
2026-05-29,New ‘Osteria Gilberto’ Italian Concept in the Works for Lincoln Park,"1224 W Webster Ave, Chicago, IL 60614",https://whatnow.com/chicago/restaurants/new-osteria-gilberto-italian-concept-in-the-works-for-lincoln-park/,2026-05-30
2026-05-29,Fast Times Pizzeria Is Opening a Second Location in West Linn,"18750 Willamette Dr, West Linn, OR 97068",https://whatnow.com/portland/restaurants/fast-times-pizzeria-is-opening-a-second-location-in-west-linn/,2026-05-30
2026-05-29,Maison 1 Planning Coffee Atelier in Portland’s Kerns Neighborhood,"Parking lot, 518 NE 20th Ave, Portland, OR 97232",https://whatnow.com/portland/restaurants/maison-1-planning-coffee-atelier-in-portlands-kerns-neighborhood/,2026-05-30
2026-05-29,Cut Club Concept Proposed for Downtown Seattle,"612 Stewart St, Seattle, WA 98101, USA",https://whatnow.com/seattle/restaurants/cut-club-concept-proposed-for-downtown-seattle/,2026-05-30
2026-05-29,Iconic North End Bakery Mike's Pastry Expanding to Boston Logan International Airport This Year,"1 Harborside Drive, Terminal C, East Boston, MA 02128",https://whatnow.com/boston/restaurants/iconic-north-end-bakery-mikes-pastry-expanding-to-boston-logan-international-airport-this-year/,2026-05-30
2026-05-29,Abyssinia Filing Hints At Changes For Existing Queen Sheba Location,"4808 Central Ave, Charlotte, NC 28205, USA",https://whatnow.com/charlotte/restaurants/abyssinia-filing-hints-at-changes-for-existing-queen-sheba-location/,2026-05-30
2026-05-29,Longtime Brickell Bar Set for Closure After Lease Negotiation Breakdown,"500 Brickell Ave #105e, Miami, FL 33131",https://whatnow.com/miami/restaurants/longtime-brickell-bar-set-for-closure-after-lease-negotiation-breakdown/,2026-05-30
2026-05-29,Tanhuo Yanji BBQ Planned for Seattle,"524 6th Ave S, Seattle, WA 98104",https://whatnow.com/seattle/restaurants/tanhuo-yanji-bbq-planned-for-seattle/,2026-05-30
2026-05-29,Thai Restaurateur Planning West Village Spot in Former Red Bamboo,"140 W 4th St, New York, NY 10012",https://whatnow.com/new-york/restaurants/thai-restaurateur-planning-west-village-spot-in-former-red-bamboo/,2026-05-30
2026-05-29,Old Caz Brewing Company Eyes Second Location In Petaluma,"90 S E St #200, Santa Rosa, CA 95404",https://whatnow.com/san-francisco/restaurants/old-caz-brewing-company-eyes-second-location-in-petaluma/,2026-05-30
2026-05-29,"Five Iron Golf Brings Food, Fun and Virtual Sports to Lake Charles","609 Ryan St, Lake Charles, LA 70601, USA",https://whatnow.com/new-orleans/restaurants/five-iron-golf-brings-food-fun-and-virtual-sports-to-lake-charles/,2026-05-30
2026-05-29,Historic Texas Craft Brewery Known for First Canned Beer Milestone Is Closing,"3525 N Frazier St, Conroe, TX 77303",https://whatnow.com/houston/restaurants/historic-texas-craft-brewery-known-for-first-canned-beer-milestone-is-closing/,2026-05-30
2026-05-29,New 7 Brew Counts Down to Hilltop Opening,"1701 Visions Ave, Jonesboro, AR 72405",https://whatnow.com/memphis/restaurants/new-7-brew-counts-down-to-hilltop-opening/,2026-05-30
2026-05-29,Wine Folks to Open New Wine Bar and Bottle Shop in New Braunfels,"967 W Academy Ave, San Antonio, TX 78226, USA",https://whatnow.com/san-antonio/restaurants/wine-folks-to-open-new-wine-bar-and-bottle-shop-in-new-braunfels/,2026-05-30
2026-05-29,Ometeo Sets Sights On Nashville Debut At Peabody Union,"50 Peabody St, Nashville, TN 37201, USA",https://whatnow.com/nashville/restaurants/ometeo-sets-sights-on-nashville-debut-at-peabody-union/,2026-05-30
2026-05-29,"Bang’n Bagel Company Opens in Jacksonville, Expansion In Store","13423 Beach Blvd, Jacksonville, FL 32246",https://whatnow.com/jacksonville/restaurants/bangn-bagel-company-opens-in-jacksonville-expansion-in-store/,2026-05-30
2026-05-29,Kindred Team Bringing Deepwell Steakhouse To Downtown Mooresville,"185 N Main St, Mooresville, NC 28115, USA",https://whatnow.com/charlotte/restaurants/kindred-team-bringing-deepwell-steakhouse-to-downtown-mooresville/,2026-05-30
2026-05-29,Fresh Monkee Bringing “Truly Healthy Shakes” to Lakeland,"5257 US Hwy 98 S, Lakeland, FL 33812",https://whatnow.com/tampa/restaurants/fresh-monkee-bringing-truly-healthy-shakes-to-lakeland/,2026-05-30
2026-05-29,Cafecito Opening New Location Near SDCC,"1088 Park Blvd, San Diego, CA 92101",https://whatnow.com/san-diego/restaurants/cafecito-opening-new-location-near-sdcc/,2026-05-30
2026-05-29,Birista House To Open Second Location In Texas,"1129 Coker St, Irving, TX 75062",https://whatnow.com/dallas/restaurants/birista-house-to-open-second-location-in-texas/,2026-05-30
2026-05-29,Wonder Food Hall is Coming to Spring,,https://whatnow.com/houston/restaurants/wonder-food-hall-is-coming-to-spring/,2026-05-29
2026-05-29,Grandioso Planning Mid-July Opening on Grand Avenue,"1227 Grand Ave, Phoenix, AZ 85007",https://whatnow.com/phoenix/restaurants/grandioso-planning-mid-july-opening-on-grand-avenue/,2026-05-30
2026-05-29,New Dumpling Spot Joining Old St. Augustine Plaza,"11018 Old St Augustine Rd, Jacksonville, FL 32257",https://whatnow.com/jacksonville/restaurants/new-dumpling-spot-joining-old-st-augustine-plaza/,2026-05-30
2026-05-29,Beignets and Brew to Sweeten Herndon Centre,"348 Elden St, Herndon, VA 20170",https://whatnow.com/washington-dc/restaurants/beignets-and-brew-to-sweeten-herndon-centre/,2026-05-30
2026-05-29,Greek Heaven to open in Northwest Las Vegas,"6010 W Craig Rd, Las Vegas, NV 89130",https://whatnow.com/las-vegas/restaurants/greek-heaven-to-open-in-northwest-las-vegas/,2026-05-29
2026-05-29,Let’s Toast Eyes Expansion Following Uptown Opening,,https://whatnow.com/phoenix/restaurants/lets-toast-eyes-expansion-following-uptown-opening/,2026-05-30
2026-05-29,House Rules is Coming to Las Vegas,"3071 Rancho Dr, Las Vegas, NV 89102",https://whatnow.com/las-vegas/restaurants/house-rules-is-coming-to-las-vegas/,2026-05-29
2026-05-29,The Eighth Rule Eyes Late Winter 2026 Debut At The Ritz-Carlton Charlotte,"201 E Trade St, Charlotte, NC 28202, USA",https://whatnow.com/charlotte/restaurants/the-eighth-rule-eyes-late-winter-2026-debut-at-the-ritz-carlton-charlotte/,2026-05-30
2026-05-29,Bacio di Latte Plans New Newport Beach Location,"7922 E Pacific Coast Hwy, Newport Beach, CA 92657",https://whatnow.com/orange-county/restaurants/bacio-di-latte-plans-new-newport-beach-location/,2026-05-30
2026-05-29,Creations Coffee Co. Brewing Up Growth In Walnut Cove,"137 N Main St, Walnut Cove, NC 27052, USA",https://whatnow.com/charlotte/restaurants/creations-coffee-co-brewing-up-growth-in-walnut-cove/,2026-05-30
2026-05-29,Bibibop Expanding to East Lansing to Make Michigan Debut,,https://whatnow.com/detroit/restaurants/bibibop-expanding-to-east-lansing-to-make-michigan-debut/,2026-05-30
2026-05-29,Cono Gelato to Debut in Toronto this Summer,"932 College St, Toronto, ON M6H 1A4, Canada",https://whatnow.com/toronto/restaurants/cono-gelato-to-debut-in-toronto-this-summer/,2026-05-30
2026-05-29,Newk’s Eatery Plans Phoenix Expansion With Up to 20 Locations,,https://whatnow.com/phoenix/restaurants/newks-eatery-plans-phoenix-expansion-with-up-to-20-locations/,2026-05-30
2026-05-29,Holy Grounds Planned for Deltona,"1200 Deltona Blvd, Deltona, FL 32725",https://whatnow.com/orlando/restaurants/holy-grounds-planned-for-deltona/,2026-05-30
2026-05-29,Dolan Uyghur Restaurant Readies Fifth Location,,https://whatnow.com/washington-dc/restaurants/dolan-uyghur-restaurant-readies-fifth-location/,2026-05-30
2026-05-29,Family-oriented La Victoria Cocina Mexicana expanding to Raleigh,"2519 Fairview Rd, Raleigh, NC 27608, USA",https://whatnow.com/charlotte/restaurants/family-oriented-la-victoria-cocina-mexicana-expanding-to-raleigh/,2026-05-30
2026-05-29,Highfield Hospitality Opens The Lucky Spot in North Beach | What Now San Francisco,"1431 Stockton St, San Francisco, CA 94133",https://whatnow.com/san-francisco/restaurants/highfield-hospitality-opens-the-lucky-spot-in-north-beach/,2026-05-29
2026-05-29,Koi Sushi Expanding to Second Location,"1910 Wells Rd, Orange Park, FL 32073",https://whatnow.com/jacksonville/restaurants/koi-sushi-expanding-to-second-location/,2026-05-30
2026-05-29,Foxtail Coffee Opening at The Quay,"468 Quay Commons g, Sarasota, FL 34236",https://whatnow.com/tampa/restaurants/foxtail-coffee-opening-at-the-quay/,2026-05-30
2026-05-29,Peaky Peak Coffee and Charcuterie Plans Second Location in Denver,"1075 Bannock St, Denver, CO 80204, USA",https://whatnow.com/denver/restaurants/peaky-peak-coffee-and-charcuterie-plans-second-location-in-denver/,2026-05-30
2026-05-29,Caesars Entertainment is Bought By Houston-Based Fertitta Entertainment,"1 Caesars Palace Dr, Las Vegas, NV 89109",https://whatnow.com/las-vegas/restaurants/caesars-entertainment-is-bought-by-houston-based-fertitta-entertainment/,2026-05-29
2026-05-29,Henry’s Cuban Cafe Plans Melbourne Location,"5600 N Harbor City Blvd #4, Melbourne, FL 32940",https://whatnow.com/orlando/restaurants/henrys-cuban-cafe-plans-melbourne-location/,2026-05-30
2026-05-29,HB Protein Smoothies Expanding to Gilbert,,https://whatnow.com/phoenix/restaurants/hb-protein-smoothies-expanding-to-gilbert/,2026-05-30
2026-05-29,OAKBERRY Açaí Planning Ontario Expansion With Four New Locations,,https://whatnow.com/toronto/restaurants/oakberry-acai-planning-ontario-expansion-with-four-new-locations/,2026-05-30
2026-05-29,Nobu Restaurant Planned for Bellevue as Part of Nobu Residences,"889 Ave Sq NE, Bellevue, WA 98004, United States",https://whatnow.com/seattle/restaurants/nobu-restaurant-planned-for-bellevue-as-part-of-nobu-residences/,2026-05-30
2026-05-29,Cordial Cocktail Club to Open in Columbus Following Rebrand from The Bottle Shop,"237 King Ave, Columbus, OH 43201, USA",https://whatnow.com/columbus/restaurants/cordial-cocktail-club-to-open-in-columbus-following-rebrand-from-the-bottle-shop/,2026-05-30
2026-05-29,New Boutique Hotel to Break Ground in Downtown Aiken in Fall,"167 Laurens St SW, Aiken, SC 29801",https://whatnow.com/charleston/restaurants/new-boutique-hotel-to-break-ground-in-downtown-aiken-this-fall/,2026-05-30
2026-05-29,Bludorn Hospitality Group to Open First San Antonio Restaurant,"239 E Grayson St, San Antonio, TX 78215, USA",https://whatnow.com/san-antonio/restaurants/bludorn-hospitality-group-to-open-first-san-antonio-restaurant/,2026-05-30
2026-05-29,The Layover Cocktail Bar Flying into St. John Across State Lines This Fall,"10271 Calumet Ave, Dyer, IN 46311",https://whatnow.com/chicago/restaurants/the-layover-cocktail-bar-flying-into-st-john-across-state-lines-this-fall/,2026-05-30
2026-05-29,Brew Bird Creative Cafe Is Expanding to Granite Bay With a New Location,"5550 Douglas Blvd Suite D-110. Granite Bay, CA 95746",https://whatnow.com/sacramento/restaurants/brew-bird-creative-cafe-is-expanding-to-granite-bay-with-a-new-location/,2026-05-30
2026-05-29,Indian Chef and Entrepreneur Teases Billerica Restaurant,"Billerica, Massachusetts",https://whatnow.com/boston/restaurants/indian-chef-and-entrepreneur-teases-billerica-restaurant/,2026-05-30
2026-05-28,Nantucket’s Meat & Fish Market to Expand Into Charleston,"616 Coleman Blvd, Mt. Pleasant, SC 29464",https://whatnow.com/charleston/restaurants/nantuckets-meat-fish-market-to-expand-into-charleston/,2026-05-29
2026-05-28,Tuscan Brands Bringing Vintage-Inspired Buitoni Spaghetti Bar to Kenmore Square Next Spring,"528 Commonwealth Ave, Boston, MA 02215",https://whatnow.com/boston/restaurants/tuscan-brands-bringing-vintage-inspired-buitoni-spaghetti-bar-to-kenmore-square-next-spring/,2026-05-29
2026-05-28,Restaurant Owners and What Now Partners Network at Latest Chicago Accelerate Event,"15 W Division St, Chicago, IL 60610",https://whatnow.com/chicago/restaurants/restaurant-owners-and-what-now-partners-network-at-latest-chicago-accelerate-event/,2026-05-29
2026-05-28,Jack’s Family Restaurant Plans New Location,"6480 Winchester Rd, Memphis, TN 38115",https://whatnow.com/memphis/restaurants/jacks-family-restaurant-plans-new-location/,2026-05-29
2026-05-28,Laurel Owner Preparing New Concept for Capitol Hill,"1500 E Olive Wy, Seattle, WA 98122",https://whatnow.com/seattle/restaurants/laurel-owner-preparing-new-concept-for-capitol-hill/,2026-05-29
2026-05-28,Curated Coffee Books & Plants Plans Transition To Brick-and-Mortar | What Now Atlanta,"332 Ormond St SE, Atlanta, GA 30315",https://whatnow.com/atlanta/restaurants/curated-coffee-books-plants-plans-transition-to-brick-and-mortar/,2026-05-29
2026-05-28,Little Tart Team Planning Sister Concept In Candler Park | What Now Atlanta,"1643 McLendon Ave NE, Atlanta, GA 30307",https://whatnow.com/atlanta/restaurants/little-tart-team-planning-sister-concept-in-candler-park/,2026-05-29
2026-05-28,Zio Al’s Pizza and Pasta to Open in Shenandoah,"8888 Metropark Dr, Shenandoah, TX 77385",https://whatnow.com/houston/restaurants/zio-als-pizza-and-pasta-to-open-in-shenandoah/,2026-05-29
2026-05-28,Brass Monkey Bread Co. to Open in Point Breeze,Dickinson St. & S 20th St.,https://whatnow.com/philadelphia/restaurants/former-kensington-schoolteacher-turned-sourdough-baker-prepares-to-open-first-brick-and-mortar/,2026-05-29
2026-05-28,New Restaurant Kaiya Headed To Newport Beach This Summer,"3300 Newport Blvd, Newport Beach, CA 92663",https://whatnow.com/orange-county/restaurants/new-restaurant-kaiya-headed-to-newport-beach-this-summer/,2026-05-29
2026-05-28,Cheeky to Open in Downtown Charleston This Fall,"151 Meeting St. #150, Charleston, SC 29401",https://whatnow.com/charleston/restaurants/cheeky-to-open-in-downtown-charleston-this-fall-bolder-louder-livelier/,2026-05-29
2026-05-28,One of Portland's Most Beloved Sushi Concepts Is Getting a Permanent Home,"117 SE Taylor St #101, Portland, OR 97214, United States",https://whatnow.com/portland/restaurants/one-of-portlands-most-beloved-sushi-concepts-is-getting-a-permanent-home/,2026-05-29
2026-05-28,Bourbon Street Grill Brings Cajun-Inspired Flavors to Natick,"1245 Worcester St #2006Natick, MA 01760",https://whatnow.com/boston/restaurants/bourbon-street-grill-brings-cajun-inspired-flavors-to-natick/,2026-05-29
2026-05-28,Local Tide Chef Planning GoodMart for Old Ballard,"5130 Ballard Ave NW, Seattle, WA 98107",https://whatnow.com/seattle/restaurants/local-tide-chef-planning-goodmart-for-old-ballard/,2026-05-29
2026-05-28,La Sponda Opening in Coconut Grove,"4 Grove Isle Dr, Miami, FL 33133",https://whatnow.com/miami/restaurants/la-sponda-opening-in-coconut-grove/,2026-05-29
2026-05-28,Infusion Lab Preparing to Open in Pacific Beach,"4638 Mission Blvd, San Diego, CA 92109",https://whatnow.com/san-diego/restaurants/infusion-lab-preparing-to-open-in-pacific-beach/,2026-05-29
2026-05-28,AGO Adding New Coffee Bar and Community Space,"317 Dundas St W, Toronto, ON M5T 1G4, Canada",https://whatnow.com/toronto/restaurants/ago-adding-new-coffee-bar-and-community-space/,2026-05-29
2026-05-28,Cerebral Brewing Expands With New Parker Taproom,"20117 Mainstreet, Parker, CO 80138, US",https://whatnow.com/denver/restaurants/cerebral-brewing-expands-with-new-parker-taproom/,2026-05-29
2026-05-28,Tequileros Taqueria To Open Multiple Orange County Locations In 2026,"2720 Nutwood Ave, Fullerton, CA 92831",https://whatnow.com/orange-county/restaurants/tequileros-taqueria-to-open-multiple-orange-county-locations-in-2026/,2026-05-29
2026-05-28,Slice House by Tony Gemignani Opening Ventura Location This Summer | What Now Los Angeles,"1780 S Victoria Ave, Ventura, CA 93003",https://whatnow.com/los-angeles/restaurants/slice-house-by-tony-gemignani-opening-ventura-location-this-summer/,2026-05-29
2026-05-28,Seoul Stop Expanding With Even Bigger Location in Baton Rouge,"6275 Siegen Ln, Baton Rouge, LA 70809, US",https://whatnow.com/new-orleans/restaurants/seoul-stop-expanding-with-even-bigger-location-in-baton-rouge/,2026-05-29
2026-05-28,Playa Bowls to Open in the Sugar Land Town Square,"2735 Town Center Blvd N, Sugar Land, TX 77479",https://whatnow.com/houston/restaurants/playa-bowls-to-open-in-the-sugar-land-town-square/,2026-05-28
2026-05-28,Smoothie King is Coming to West Palm Beach,"830 S Military Trail, Deerfield Beach, FL 33442",https://whatnow.com/miami/restaurants/smoothie-king-is-coming-to-west-palm-beach/,2026-05-29
2026-05-28,Slice Deli to Bring a Taste of Italy to the Valley,"1563 S Commerce St, Las Vegas, NV 89102",https://whatnow.com/las-vegas/restaurants/slice-deli-to-bring-a-taste-of-italy-to-the-valley/,2026-05-28
2026-05-28,New York Coffee and Fashion Concept Manjul Expands to Columbus,"1206 N 4th St, Columbus, OH 43201, USA",https://whatnow.com/columbus/restaurants/new-york-coffee-and-fashion-concept-manjul-expands-to-columbus/,2026-05-29
2026-05-28,Vasco’s Peri Peri Known for Fried Chicken and Pitas Finds New Suburb,"3124 Rte 59, Naperville, IL 60564",https://whatnow.com/chicago/restaurants/vascos-peri-peri-known-for-fried-chicken-and-pitas-finds-new-suburb/,2026-05-29
2026-05-28,Mabel’s Bakery Opening New Site on College Street,,https://whatnow.com/toronto/restaurants/mabels-bakery-opening-new-site-on-college-street/,2026-05-29
2026-05-28,La Rotonde Coming to Hillcrest This Summer,"3968 Fifth Ave, San Diego, CA 92103",https://whatnow.com/san-diego/restaurants/la-rotonde-coming-to-hillcrest-this-summer/,2026-05-29
2026-05-28,Hawaiian Bros Planning New Location Downtown | What Now Atlanta,"112 Courtland St NE, Atlanta, GA 30303",https://whatnow.com/atlanta/restaurants/hawaiian-bros-planning-new-location-downtown/,2026-05-29
2026-05-28,Trap Wingz Adding Two Locations This Year | What Now Atlanta,,https://whatnow.com/atlanta/restaurants/trap-wingz-adding-two-locations-this-year/,2026-05-29
2026-05-28,Pilar Coffee Bar is Coming to Palm Beach Gardens,"7100 Fairway Dr, Palm Beach Gardens, FL 33418",https://whatnow.com/miami/restaurants/pilar-coffee-bar-is-coming-to-palm-beach-gardens/,2026-05-29
2026-05-28,Club Fortune North to Open in Former Poker Palace Casino in NLV,"2757 Las Vegas Blvd N, North Las Vegas, NV 89030",https://whatnow.com/las-vegas/restaurants/club-fortune-north-to-open-in-former-poker-palace-casino-in-nlv/,2026-05-29
2026-05-28,EMei Restaurant Owner Eyes Possible Rittenhouse Expansion,"2007 Walnut St., Philadelphia, PA 19103",https://whatnow.com/philadelphia/restaurants/emei-restaurant-owner-eyes-possible-rittenhouse-expansion/,2026-05-29
2026-05-28,"Red Robin Heading North to Saginaw, Targeting Fall Opening","2697 Tittabawassee Rd, Saginaw, MI 48604",https://whatnow.com/detroit/restaurants/red-robin-heading-north-to-saginaw-targeting-fall-opening/,2026-05-29
2026-05-28,Hungry AF Eats & Catering Preparing to Fill Rumbling Memphis Tummies,"3364 Poplar Ave, Memphis, TN 38111",https://whatnow.com/memphis/restaurants/hungry-af-eats-catering-preparing-to-fill-rumbling-memphis-tummies/,2026-05-29
2026-05-28,SAYO Japanese Restaurant Opening This Summer | What Now Atlanta,"2255 Peachtree Rd F, Atlanta, GA 30309",https://whatnow.com/atlanta/restaurants/sayo-japanese-restaurant-opening-this-summer/,2026-05-29
2026-05-28,Oklava Café To Debut Second San Francisco Location With Expanded Turkish Menu,"945 Market St Floor 2, San Francisco, CA 94103",https://whatnow.com/san-francisco/restaurants/oklava-cafe-to-debut-second-san-francisco-location-with-expanded-turkish-menu/,2026-05-29
2026-05-28,Bafang Dumpling Opening New Location In San Gabriel | What Now Los Angeles,"140 W Valley Blvd 102 103, San Gabriel, CA 91776",https://whatnow.com/los-angeles/restaurants/bafang-dumpling-opening-new-location-in-san-gabriel/,2026-05-29
2026-05-28,"Boardwalk Tavern Set to Debut in Bailey, Colorado","23 Old Stagecoach Rd, Bailey, CO 80421, US",https://whatnow.com/denver/restaurants/boardwalk-tavern-set-to-debut-in-bailey-colorado/,2026-05-29
2026-05-27,Chubby Cattle BBQ Is Opening Its First Sacramento Location in Roseville,"1905 Taylor Rd, Roseville, CA 95661, USA",https://whatnow.com/sacramento/restaurants/chubby-cattle-bbq-is-opening-its-first-sacramento-location-in-roseville/,2026-05-28
2026-05-27,Little Nest Coffee Roasters to Help Build Community in Grosse Pointe Woods,"21003 Mack Ave, Grosse Pointe Woods, MI 48236",https://whatnow.com/detroit/restaurants/little-nest-coffee-roasters-to-help-build-community-in-grosse-pointe-woods/,2026-05-28
2026-05-27,North Las Vegas Pizza Restaurant Has Permanently Closed,"1631 W Craig Rd Suite 4, North Las Vegas, NV 89032, United States",https://whatnow.com/las-vegas/restaurants/north-las-vegas-pizza-restaurant-has-permanently-closed/,2026-05-28
2026-05-27,LongHorn Steakhouse Sizzles Into Lexington Later This Year,"5402 Platt Springs Rd., Lexington, SC 29073",https://whatnow.com/charleston/restaurants/longhorn-steakhouse-sizzles-into-lexington-with-new-location-planned/,2026-05-28
2026-05-27,Julian Beer Company Planning New Concept in Julian,,https://whatnow.com/san-diego/restaurants/julian-beer-company-planning-new-concept-in-julian/,2026-05-28
2026-05-27,Chef Brian Poe Expands POE-Lenta Italian Café With New location At Hub Hall on Causeway | What Now Boston,"401 Park Dr, Boston, MA 02215",https://whatnow.com/boston/restaurants/chef-brian-poe-expands-poe-lenta-italian-cafe-with-new-location-at-hub-hall-on-causeway/,2026-05-28
2026-05-27,Piola to Open Fort Lauderdale Restaurant,"221 SW 1st Ave, Fort Lauderdale, FL 33301",https://whatnow.com/miami/restaurants/piola-to-open-fort-lauderdale-restaurant/,2026-05-28
2026-05-27,Don Goyo Aims To Relocate Its Tarrant County Location,"8520 Camp Bowie W Blvd, Fort Worth, TX 76116, USA",https://whatnow.com/dallas/restaurants/don-goyo-aims-to-relocate-its-tarrant-county-location/,2026-05-28
2026-05-27,South Street Partners Acquires Solé Miami,"17315 Collins Ave, Sunny Isles Beach, FL 33160",https://whatnow.com/miami/restaurants/south-street-partners-acquires-sole-miami/,2026-05-28
2026-05-27,Desserts By Clément Planning New Locations in Del Mar and Vista,,https://whatnow.com/san-diego/restaurants/desserts-by-clement-planning-new-locations-in-del-mar-and-vista/,2026-05-28
2026-05-27,Netflix House Construction Underway on Las Vegas Strip,"3747 S Las Vegas Blvd, Las Vegas, NV 89109",https://whatnow.com/las-vegas/restaurants/netflix-house-construction-underway-on-las-vegas-strip/,2026-05-28
2026-05-27,New Sports Bar from Eat Restaurant Partners Planned for Virginia,,https://whatnow.com/washington-dc/restaurants/new-sports-bar-from-eat-restaurant-partners-planned-for-virginia/,2026-05-28
2026-05-27,Sushi by Bou Bringing Incomparable Omakase Dining to Reston,"1800 Presidents St b, Reston, VA 20190",https://whatnow.com/washington-dc/restaurants/sushi-by-bou-bringing-incomparable-omakase-dining-to-reston/,2026-05-28
2026-05-27,"Town Kitchen Expanding into Dearborn, Bringing Grilled Chicken and Lamb","6029 Greenfield Rd, Dearborn, MI 48126",https://whatnow.com/detroit/restaurants/town-kitchen-expanding-into-dearborn-bringing-grilled-chicken-and-lamb/,2026-05-28
2026-05-27,Fortunate Son to Open Its Second Location in Dallas,"8686 Ferguson Rd, Dallas, TX 75228, USA",https://whatnow.com/dallas/restaurants/fortunate-son-to-open-its-second-location-in-dallas/,2026-05-28
2026-05-27,Munch Munch Waffles and More will Debut in Austin,"170 Alliance Blvd #100, Hutto, TX 78634, USA",https://whatnow.com/austin/restaurants/munch-munch-waffles-and-more-will-debut-in-austin/,2026-05-28
2026-05-27,Coastal Tea Cafe Opening in Fernandina Beach This Fall,"27 S 5th St, Fernandina Beach, FL 32034",https://whatnow.com/uncategorized/restaurants/coastal-tea-cafe-opening-in-fernandino-beach-this-fall/,2026-05-28
2026-05-27,Edley’s Bar-B-Que Fires Up Plans For New Brentwood Restaurant,"330 Franklin Rd, Brentwood, TN 37027, USA",https://whatnow.com/nashville/restaurants/edleys-bar-b-que-fires-up-plans-for-new-brentwood-restaurant/,2026-05-28
2026-05-27,Somos Hyphen Opening Hyphen Caffeto,"2166 W Busch Blvd Suite 100, Tampa, FL 33612",https://whatnow.com/tampa/restaurants/hyphen-caffeto-opening-at-somos-hyphen/,2026-05-28
2026-05-27,New Woman-Owned Fast-Casual Spot Set to Open in Downtown Skokie,"5118 Oakton St, Skokie, IL 60077",https://whatnow.com/chicago/restaurants/new-woman-owned-fast-casual-spot-set-to-open-in-downtown-skokie/,2026-05-28
2026-05-27,Coffee Caterer LX Coffee Opening First Brick-and-Mortar Cafe,"290 Dr M.L.K. Jr St N #100, St. Petersburg, FL 33705",https://whatnow.com/tampa/restaurants/coffee-caterer-lx-coffee-opening-first-brick-and-mortar-cafe/,2026-05-28
2026-05-27,Greater Philadelphia to Get New Late-Night Bakery with Delivery Until 3 A.M.,"2329 Cottman Ave, Philadelphia, PA 19149",https://whatnow.com/philadelphia/restaurants/greater-philadelphia-to-get-new-late-night-bakery-with-delivery-until-3-a-m/,2026-05-28
2026-05-27,Finish Your Champagne Brings Party Brunch Concept to Philly,"1084 N Delaware Ave., Philadelphia, PA 19125",https://whatnow.com/philadelphia/restaurants/finish-your-champagne-brings-upscale-party-brunch-concept-to-philly-its-an-experience/,2026-05-28
2026-05-27,Coastal Tea Cafe Opening in Fernandina Beach This Fall,"27 S 5th St, Fernandina Beach, FL 32034",https://whatnow.com/jacksonville/restaurants/coastal-tea-cafe-opening-in-fernandino-beach-this-fall/,2026-05-29
2026-05-27,Korean Steakhouse Concept Aims To Open in Dallas,"634 W Davis StDallas, TX 75208, USA",https://whatnow.com/dallas/restaurants/korean-steakhouse-concept-aims-to-open-in-dallas/,2026-05-28
2026-05-27,Petra Pastry Cooking up New Location,"4205 Hacks Cross Rd, Memphis, TN 38125",https://whatnow.com/memphis/restaurants/petra-pastry-cooking-up-new-location/,2026-05-28
2026-05-27,"Japanese Ramen Shop Expands to Crystal Lake, DeKalb Location Planned",,https://whatnow.com/chicago/restaurants/japanese-ramen-shop-expands-to-crystal-lake-dekalb-location-planned/,2026-05-28
2026-05-27,"Brassica to Build $950,000 New Eatery in Greater Houston","15820 Southwest Fwy, Sugar Land, TX 77478",https://whatnow.com/houston/restaurants/brassica-to-build-950000-new-eatery-in-greater-houston/,2026-05-28
2026-05-27,Matsu to Relocate After Closing at End of the Month,,https://whatnow.com/san-diego/restaurants/matsu-to-relocate-after-closing-at-end-of-the-month/,2026-05-28
2026-05-27,Philadelphia Restaurant Serving Central Asian Cuisine to Close June 1,"507 S 6th St, Philadelphia, PA 19147",https://whatnow.com/philadelphia/restaurants/philadelphia-restaurant-serving-central-asian-cuisine-to-close-june-1/,2026-05-28
2026-05-27,ANF Gyros & Grill Expanding to Plant City,"1713 James L Redman Pkwy, Plant City, FL 33563",https://whatnow.com/tampa/restaurants/anf-gyros-grill-expanding-to-plant-city/,2026-05-28
2026-05-27,Sushi Sake to Open a South Miami Location,"5829 SW 73rd St, Miami, FL 33143",https://whatnow.com/miami/restaurants/sushi-sake-to-open-a-south-miami-location/,2026-05-28
2026-05-26,A Popular Atlanta Dinner Series Brings Back Its Wine vs. Beer Showdown This Month,"675 N Highland Ave NE Suite 6000, Atlanta, GA 30306",https://whatnow.com/atlanta/restaurants/a-popular-atlanta-dinner-series-brings-back-its-wine-vs-beer-showdown-this-month/,2026-05-26
2026-05-26,Popular NYC Restaurant Nears Final Days After 50-Year Run,"739 Broadway, New York, NY 10003, United States",https://whatnow.com/new-york/restaurants/popular-nyc-restaurant-nears-final-days-after-50-year-run/,2026-05-26
2026-05-26,"Project LeanNation Bringing Meal Prep, Nutrition Coaching to Peoria","9785 W Happy Valley Rd. Peoria, AZ 85383",https://whatnow.com/phoenix/restaurants/project-leannation-bringing-meal-prep-nutrition-coaching-to-peoria/,2026-05-28
2026-05-26,Queen & Rook Game Cafe to Open Second Location in Philadelphia,"1642 Fairmount Ave., Philadelphia, PA 19130",https://whatnow.com/philadelphia/restaurants/queen-rook-game-cafe-to-open-second-location-in-philadelphia/,2026-05-26
2026-05-26,Mama Canela Planning Grand Opening In Glendora This Summer | What Now Los Angeles,"147 N Glendora Ave, Glendora, CA 91741",https://whatnow.com/los-angeles/restaurants/mama-canela-planning-grand-opening-in-glendora-this-summer/,2026-05-26
2026-05-26,Martha’s Joining The Riviera Village In Redondo Beach | What Now Los Angeles,"1810 S Catalina Ave, Redondo Beach, CA 90277",https://whatnow.com/los-angeles/restaurants/marthas-joining-the-riviera-village-in-redondo-beach/,2026-05-26
2026-05-26,Destination Cocktail Lounge to Open Inside a Baton Rouge Antique Shop,"1857 Government St, Baton Rouge, LA 70802",https://whatnow.com/new-orleans/restaurants/destination-cocktail-lounge-to-open-inside-a-baton-rouge-antique-shop/,2026-05-26
2026-05-26,Scoop of Heaven Plans Sweet Expansion Into Lexington,"312 Columbia Ave., Lexington, SC 29072",https://whatnow.com/charleston/restaurants/scoop-of-heaven-plans-sweet-expansion-into-lexington/,2026-05-26
2026-05-26,One of America’s Most Recognizable Fast-Casual Chains Opens New Phoenix-Area Location,"17211 W Yuma Rd, Goodyear, AZ 85338, United States",https://whatnow.com/phoenix/restaurants/one-of-americas-most-recognizable-fast-casual-chains-opens-new-phoenix-area-location/,2026-05-26
2026-05-26,"PJ’s Coffee is Coming Home to Maple Street, in a Former Starbucks","7700 Maple St, New Orleans, LA 70118",https://whatnow.com/new-orleans/restaurants/pjs-coffee-is-coming-home-to-maple-street-in-a-former-starbucks/,2026-05-26
2026-05-26,Changan Kitchen Expanding To West Covina | What Now Los Angeles,"2851 E Eastland Center Dr, West Covina, CA 91791",https://whatnow.com/los-angeles/restaurants/changan-kitchen-expanding-to-west-covina/,2026-05-26
2026-05-26,Popular Boba Tea Chain Expands with New South Florida Location,"331 E Atlantic Ave, Delray Beach, FL 33483, United States",https://whatnow.com/miami/restaurants/popular-boba-tea-chain-expands-with-new-south-florida-location/,2026-05-26
2026-05-26,7 Brew Franchise to Serve Coffees and Energy Drinks in Waukegan This Summer,"3378 Grand Ave, Waukegan, IL 60085",https://whatnow.com/chicago/restaurants/7-brew-franchise-to-serve-coffees-and-energy-drinks-in-waukegan-this-summer/,2026-05-26
2026-05-26,‘Bayroot Bakery’ Concept Planned for Plaza on North Side of Dearborn,"6067 Greenfield Rd, Dearborn, MI 48126",https://whatnow.com/detroit/restaurants/bayroot-bakery-concept-planned-for-plaza-on-north-side-of-dearborn/,2026-05-26
2026-05-25,A New Riviera-Inspired Rooftop Dining Concept Opens in Miami Beach,"1685 Washington Ave, Miami Beach, FL 33139, United States",https://whatnow.com/tampa/restaurants/a-new-riviera-inspired-rooftop-dining-concept-opens-in-miami-beach/,2026-05-25
2026-05-25,Viral Japanese Cheesecake Cafe Opens New Orange County Location,"1870 Harbor Blvd, Costa Mesa, CA 92627",https://whatnow.com/orange-county/restaurants/viral-japanese-cheesecake-cafe-opens-new-orange-county-location/,2026-05-25
2026-05-25,An Australia-Based Restaurant Brand Abruptly Closes All Its Chicago-Area Stores,,https://whatnow.com/chicago/restaurants/an-australia-based-restaurant-brand-abruptly-closes-all-its-chicago-area-stores/,2026-05-25
2026-05-25,A Longstanding Fondue Restaurant Is Closing After 36 Years in Metro Atlanta,"3610 Satellite Blvd, Duluth, GA 30096",https://whatnow.com/atlanta/restaurants/a-longstanding-fondue-restaurant-is-closing-after-36-years-in-metro-atlanta/,2026-05-25
2026-05-25,A New Rooftop Concept Is Bringing Artisan Pizza to Downtown Nashville,"1000 Broadway, Nashville, TN 37203, United States",https://whatnow.com/nashville/restaurants/a-new-rooftop-concept-is-bringing-artisan-pizza-to-downtown-nashville/,2026-05-25
2026-05-25,Toastique and Other Expanding Restaurants in Metro Atlanta Revealed Last Week (May 18-22),,https://whatnow.com/atlanta/restaurants/toastique-and-other-expanding-restaurants-in-metro-atlanta-revealed-last-week-may-18-22/,2026-05-25
2026-05-24,Texas Juggernaut Receives Approval for Virginia Location,,https://whatnow.com/washington-dc/restaurants/texas-juggernaut-receives-approval-for-virginia-location/,2026-05-25
2026-05-24,Local Favorite Bringing More Southern Comfort to Jonesboro,,https://whatnow.com/memphis/restaurants/local-favorite-bringing-more-southern-comfort-to-jonesboro/,2026-05-24
2026-05-24,Honeygrow Readies for Gainesville Opening,38.792338395194264,https://whatnow.com/washington-dc/restaurants/honeygrow-readies-for-gainesville-opening/,2026-05-25
2026-05-24,Cook Out is Finally Opening a Louisiana Location,"755 W Lee Dr, Baton Rouge, LA 70820",https://whatnow.com/new-orleans/restaurants/cook-out-is-finally-opening-a-louisiana-location/,2026-05-24
2026-05-24,Bartlett Taco Favorite Plans New Memphis Location,"5201 Poplar Ave, Memphis, TN 38117",https://whatnow.com/memphis/restaurants/bartlett-taco-favorite-plans-new-memphis-location/,2026-05-24
2026-05-24,Phia Bringing Authentic Taste of Appalachia to DC,"304 Carroll St NW, Washington, DC 20012",https://whatnow.com/washington-dc/restaurants/phia-bringing-authentic-taste-of-appalachia-to-dc/,2026-05-25
2026-05-23,Burritos La Palma To Open A New Location In Anaheim,,https://whatnow.com/orange-county/restaurants/burritos-la-palma-to-open-a-new-location-in-anaheim/,2026-05-23
2026-05-23,Lit Wings Express to Expand to Lucky 3 Food Co Ghost Kitchen,"333 W St Louis Ave, Las Vegas, NV 89102",https://whatnow.com/las-vegas/restaurants/lit-wings-express-to-expand-to-lucky-3-food-co-ghost-kitchen/,2026-05-23
2026-05-22,Nettie’s Spicy Chik Opens Its First Nashville Restaurant,"811 Dickerson Pike BNashville, TN 37207",https://whatnow.com/nashville/restaurants/netties-spicy-chik-opens-its-first-nashville-restaurant/,2026-05-23
2026-05-22,Carbonara to Serve up Italian Classics in Gainesville,"14081 Promenade Commons St, Gainesville, VA 20155",https://whatnow.com/washington-dc/restaurants/carbonara-to-serve-up-italian-classics-in-gainesville/,2026-05-22
2026-05-22,Playa Bowls Coming to Cibolo Bend Shopping Center With New Texas Location,"513 Cibolo Valley Dr, Cibolo, TX 78108, USA",https://whatnow.com/san-antonio/restaurants/playa-bowls-coming-to-cibolo-bend-shopping-center-with-new-texas-location/,2026-05-23
2026-05-22,The Exchange Set to Take Over Former Boston Chops Space in Downtown Crossing,"52 Temple Place, Boston, MA 02111",https://whatnow.com/boston/restaurants/the-exchange-set-to-take-over-former-boston-chops-space-in-downtown-crossing/,2026-05-23
2026-05-22,Arwa Yemeni Coffee Plans Temple Terrace Location,"8633 N 56th St #4, Tampa, FL 33617",https://whatnow.com/tampa/restaurants/arwa-yemeni-coffee-plans-temple-terrace-location/,2026-05-23
2026-05-22,Kitanda Coffee and Açaí Plans New Orlando Location,"12028 Collegiate Way #110, Orlando, FL 32817",https://whatnow.com/orlando/restaurants/kitanda-coffee-and-acai-plans-new-orlando-location/,2026-05-23
2026-05-22,Houston Restaurant and Cocktail Bar to Close After Short Run,"33 Waugh Dr, Houston, TX 77007, United States",https://whatnow.com/houston/restaurants/houston-restaurant-and-cocktail-bar-to-close-after-short-run/,2026-05-22
2026-05-22,Winter Garden Artisanal Burger Joint PCG Burgers Looks to Be Expanding,"5683 Red Bug Lake Rd #9, Winter Springs, FL 32708",https://whatnow.com/orlando/restaurants/winter-garden-artisanal-burger-joint-pcg-burgers-looks-to-be-expanding/,2026-05-23
2026-05-22,Strachan’s Ice Cream Opening Largo Location,"440 W Bay Dr, Largo, FL 33770",https://whatnow.com/tampa/restaurants/strachans-ice-cream-opening-largo-location/,2026-05-22
2026-05-22,"Beehive Owner Plans ‘King Bee,’ a New Restaurant and Live Music Venue in South Boston","202 W First St, Boston, MA 02127",https://whatnow.com/boston/restaurants/beehive-owner-plans-king-bee-a-new-restaurant-and-live-music-venue-in-south-boston/,2026-05-22
2026-05-22,Dunkin’ Planned for New Baymeadows Retail Center,"8730 Baymeadows Rd #4, Jacksonville, FL 32256",https://whatnow.com/jacksonville/restaurants/dunkin-planned-for-new-baymeadows-retail-center/,2026-05-23
2026-05-22,AUTUMN Preparing to Open in Chicoutimi at Hôtel Château Cran Chaud,"240 Rue Bossé, Chicoutimi, QC G7J 1L9, Canada",https://whatnow.com/montreal/restaurants/autumn-preparing-to-open-in-chicoutimi-at-hotel-chateau-cran-chaud/,2026-05-23
2026-05-22,Palm Berries Eyes Broader North Carolina Expansion Following Upcoming Charlotte Openings,,https://whatnow.com/charlotte/restaurants/palm-berries-eyes-broader-north-carolina-expansion-following-upcoming-charlotte-openings/,2026-05-22
2026-05-22,The Reserve Key West to Open With Several Different Concepts Under One Roof,"510 Southard St, Key West, FL 33040",https://whatnow.com/miami/restaurants/the-reserve-key-west-to-open-with-several-different-concepts-under-one-roof/,2026-05-22
2026-05-22,DTLA Restaurant Massilia Returning To Santa Monica | What Now Los Angeles,"2820 Main St, Santa Monica, CA 90405",https://whatnow.com/los-angeles/restaurants/dtla-restaurant-massilia-returning-to-santa-monica/,2026-05-22
2026-05-22,Elio California To Open Coffee Shop In Foothill Ranch,"45 Auto Center Dr, Foothill Ranch, CA 92610, EUA",https://whatnow.com/orange-county/restaurants/elio-california-to-open-coffee-shop-in-foothill-ranch/,2026-05-22
2026-05-22,Former Stumptown Location To Reopen as Puff Coffee,"3356 SE Belmont St, Portland, OR 97214, USA",https://whatnow.com/portland/restaurants/former-stumptown-location-to-reopen-as-puff-coffee/,2026-05-22
2026-05-22,Moniker Coffee Submits Plans for New Downtown Site,"1101 Union St, San Diego, CA 92101",https://whatnow.com/san-diego/restaurants/moniker-coffee-submits-plans-for-new-downtown-site/,2026-05-23
2026-05-22,"Loaded Cafe, My Panecito Opening Soon In Norwalk | What Now Los Angeles","12241 Imperial Hwy., Norwalk, CA 90650",https://whatnow.com/los-angeles/restaurants/loaded-cafe-my-panecito-opening-soon-in-norwalk/,2026-05-22
2026-05-22,Miracle Mile Shops Expands with Exciting New Retailers and Dining Destinations on the Las Vegas Strip | What Now Vegas,"3663 Las Vegas Blvd S, Las Vegas, NV 89109",https://whatnow.com/las-vegas/restaurants/miracle-mile-shops-expands-with-exciting-new-retailers-and-dining-destinations-on-the-las-vegas-strip/,2026-05-22
2026-05-22,Firehouse Subs Expanding Across San Antonio With New Multi-Unit Franchise Deal,"1375 S Main St, Boerne, TX 78006, USA",https://whatnow.com/san-antonio/restaurants/firehouse-subs-expanding-across-san-antonio-with-new-multi-unit-franchise-deal/,2026-05-22
2026-05-22,One of the Fastest-Growing Fast-Casual Brands Opens in Downingtown,"1090 E Lancaster Ave, Downingtown, PA 19335, United States",https://whatnow.com/philadelphia/restaurants/one-of-the-fastest-growing-fast-casual-brands-opens-in-downingtown/,2026-05-22
2026-05-22,The Floridian Gears Up for Long-Awaited Reopening,"485 Old Beach Rd, St. Augustine, FL 32080",https://whatnow.com/jacksonville/restaurants/the-floridian-gears-up-for-long-awaited-reopening/,2026-05-23
2026-05-22,International Hospitality Group Launching New Italian Concept in Tribeca,"339 Greenwich St, New York, NY 10013",https://whatnow.com/new-york/restaurants/international-hospitality-group-launching-new-italian-concept-in-tribeca/,2026-05-22
2026-05-22,‘Orijin Bakery’ From The Dixboro Project Owner Coming to Downtown Ann Arbor,"617 E Liberty St, Ann Arbor, MI 48104",https://whatnow.com/detroit/restaurants/orijin-bakery-from-the-dixboro-project-owner-coming-to-downtown-ann-arbor/,2026-05-22
2026-05-22,Palm Berries Adds Multiple North Carolina Locations Under New Franchise Group,"8428 Park Rd, Charlotte, NC 28210, USA",https://whatnow.com/charlotte/restaurants/palm-berries-adds-multiple-north-carolina-locations-under-new-franchise-group/,2026-05-22
2026-05-22,Bait Shop Looking to New Location as Broadway Timeline Remains Unclear,,https://whatnow.com/seattle/restaurants/bait-shop-looking-to-new-location-as-broadway-timeline-remains-unclear/,2026-05-22
2026-05-22,Deja Brew Coffee Expanding with Second Trailer,"6205 FL-16, St. Augustine, FL 32092",https://whatnow.com/jacksonville/restaurants/deja-brew-coffee-expanding-with-second-trailer/,2026-05-23
2026-05-22,A Beloved Hawaiian Food Chain Just Opened Its 100th California Location,"7610 Via Campanile, Carlsbad, CA 92009, USA",https://whatnow.com/san-diego/restaurants/a-beloved-hawaiian-food-chain-just-opened-its-100th-california-location/,2026-05-22
2026-05-22,"Texas de Brazil is Coming to Orchard Town Center, Westminster","14644 Orchard Pkwy, Westminster, CO 80023, USA",https://whatnow.com/denver/restaurants/texas-de-brazil-is-coming-to-orchard-town-center-westminster/,2026-05-22
2026-05-22,Pasta Viva To Open A New Location In Mission Viejo,"27670 Santa Margarita Pkwy, Mission Viejo, CA 92691",https://whatnow.com/orange-county/restaurants/pasta-viva-to-open-a-new-location-in-mission-viejo/,2026-05-22
2026-05-22,Infuse Wine To Bring the Pour to the Moncrief Lenoir campus,"2103 Lyons Ave, Houston, TX 77020",https://whatnow.com/houston/restaurants/infuse-wine-to-bring-the-pour-to-the-moncrief-lenoir-campus/,2026-05-23
2026-05-22,Oakland Athletic Club Reopens Under New Ownership,"59 Grand Ave, Oakland, CA 94612",https://whatnow.com/san-francisco/restaurants/oakland-athletic-club-reopens-under-new-ownership/,2026-05-23
2026-05-22,Chama Gaúcha Second Houston Location Getting Renovated,"24205 Katy Fwy, Katy, TX 77494",https://whatnow.com/houston/restaurants/chama-gaucha-second-houston-location-getting-renovated/,2026-05-23
2026-05-22,Sassy Mac Boys to Serve Mac and Cheese Bowls at Rockford Mall,"7200 Harrison Ave, Rockford, IL 61112",https://whatnow.com/chicago/restaurants/sassy-mac-boys-to-serve-mac-and-cheese-bowls-at-rockford-mall/,2026-05-22
2026-05-22,Dave’s Hot Chicken Fires Up Nashville Expansion,"357 Sam Ridley Pkwy W, Smyrna, TN 37167, USA",https://whatnow.com/nashville/restaurants/daves-hot-chicken-fires-up-nashville-expansion/,2026-05-22
2026-05-22,Tim Hortons Owners Investing $400 Million Into Restaurant Expansion and Renovations Across Canada,,https://whatnow.com/montreal/restaurants/tim-hortons-owners-investing-400-million-into-restaurant-expansion-and-renovations-across-canada/,2026-05-23
2026-05-22,Crust Simply Italian Eyes Additional Valley Expansion,,https://whatnow.com/phoenix/restaurants/crust-simply-italian-eyes-additional-valley-expansion/,2026-05-22
2026-05-22,James Beard Award-Winning Duo Opening Italian Café Concept in the Flatiron Building,"175 5th Ave, New York, NY 10010",https://whatnow.com/new-york/restaurants/james-beard-award-winning-duo-opening-italian-cafe-concept-in-the-flatiron-building/,2026-05-22
2026-05-22,Orange Leaf Yogurt to Open in Fort Worth,"9324 Clifford St, Fort Worth, TX 76108, USA",https://whatnow.com/dallas/restaurants/orange-leaf-yogurt-to-open-in-fort-worth/,2026-05-22
2026-05-22,Bayt Al Mocha Bringing Yemeni Coffee Concept to Sacramento,"6306 Garfield Ave, Sacramento, CA 95841, USA",https://whatnow.com/sacramento/restaurants/bayt-al-mocha-bringing-yemeni-coffee-concept-to-sacramento/,2026-05-22
2026-05-22,Wagyu House to Open New Location in Bellevue,"700 Bellevue Way NE Ste 280, Bellevue, WA 98004",https://whatnow.com/seattle/restaurants/wagyu-house-to-open-new-location-in-bellevue/,2026-05-22
2026-05-22,Two Daughters Bagels Bringing New-York Style Bagels to Largo This Summer,"10593 Ulmerton Rd, Largo, FL 33771",https://whatnow.com/tampa/restaurants/two-daughters-bagels-bringing-new-york-style-bagels-to-largo-this-summer/,2026-05-23
2026-05-22,"Pilar Coffee Bar Opening in Coral Springs, With More Locations to Come","3300 N University Dr, Coral Springs, FL 33065",https://whatnow.com/miami/restaurants/pilar-coffee-bar-opening-in-coral-springs-with-more-locations-to-come/,2026-05-22
2026-05-22,Cici's Pizza to Open in the Jones Plaza,"10922 FM 1960 W, Houston, TX 77070",https://whatnow.com/houston/restaurants/cicis-pizza-to-open-in-the-jones-plaza/,2026-05-23
2026-05-22,Major Double Drive-Thru Burger Chain Expands With New Nevada Location,,https://whatnow.com/las-vegas/restaurants/major-double-drive-thru-burger-chain-expands-with-new-nevada-location/,2026-05-22
2026-05-22,Wing Snob Plans Wesley Chapel Location,"30203 Wesley Chapel Blvd, Wesley Chapel, FL 33545",https://whatnow.com/tampa/restaurants/wing-snob-plans-wesley-chapel-location/,2026-05-23
2026-05-22,Vibrant Oakland Cocktail Bar and Restaurant Prepares for Farewell,"1900 Telegraph Ave, Oakland, CA 94612",https://whatnow.com/san-francisco/restaurants/vibrant-oakland-cocktail-bar-and-restaurant-prepares-for-farewell/,2026-05-22
2026-05-22,Almacen El Gallo Marks Fort Worth as First Stop,"500 W 7th St, Fort Worth, TX 76102, USA",https://whatnow.com/dallas/restaurants/almacen-el-gallo-marks-fort-worth-as-first-stop/,2026-05-22
2026-05-22,Saloniki Greek Taking Over Former Regina Pizzeria Space in Boston's Fenway Neighborhood,"1330 Boylston St, Boston, MA 02215",https://whatnow.com/boston/restaurants/saloniki-greek-taking-over-former-regina-pizzeria-space-in-bostons-fenway-neighborhood/,2026-05-23
2026-05-22,"Buzzy Restaurant Group Opening All-Day Café, Speakeasy in Chelsea","161 8th Ave, New York, NY 10011",https://whatnow.com/new-york/restaurants/buzzy-restaurant-group-opening-all-day-cafe-speakeasy-in-chelsea/,2026-05-22
2026-05-22,Taco Prime Headed to Cordova,"180 S Germantown Pkwy, Cordova, TN 38018",https://whatnow.com/memphis/restaurants/taco-prime-headed-to-cordova/,2026-05-23
2026-05-22,Pinnacle Brewing Plans Second Valley Location in Downtown Mesa,"104 W Main St, Mesa, AZ 85201",https://whatnow.com/phoenix/restaurants/pinnacle-brewing-plans-second-valley-location-in-downtown-mesa/,2026-05-22
2026-05-22,Walk-On’s Sports Bistreaux Nearing Jonesboro Opening,"2809 E Highland Dr, Jonesboro, AR 72401",https://whatnow.com/memphis/restaurants/walk-ons-sports-bistreaux-nearing-jonesboro-opening/,2026-05-22
2026-05-22,Wagyu House Plans First Arizona Location at Chandler Fashion Center,"3111 W Chandler Blvd, Chandler, AZ 85226",https://whatnow.com/phoenix/restaurants/wagyu-house-plans-first-arizona-location-at-chandler-fashion-center/,2026-05-22
2026-05-22,Cafe Calavera LV to Pop Up Throughout the Valley,"2100 N Boulder Hwy, Henderson, NV 89011",https://whatnow.com/las-vegas/restaurants/cafe-calavera-lv-to-pop-up-throughout-the-valley/,2026-05-23
2026-05-22,Jersey Mike's To Open a Spot in Heights Marketplace,"436 W 19th St, Houston, TX 77008",https://whatnow.com/houston/restaurants/jersey-mikes-to-open-a-spot-in-heights-marketplace/,2026-05-23
2026-05-22,Bikini Q BBQ Targets Early 2027 for First Brick-and-Mortar,,https://whatnow.com/phoenix/restaurants/bikini-q-bbq-targets-early-2027-for-first-brick-and-mortar/,2026-05-22
2026-05-22,Bollywood Masala Headed to Waldorf,"3804 Crain Hwy, St Charles, MD 20602",https://whatnow.com/washington-dc/restaurants/bollywood-masala-headed-to-waldorf/,2026-05-22
2026-05-22,Mass Appeal Draught House & Grille Replacing Wormtown Brewery in Foxborough's Patriot Place,"250 Patriot Place, Foxborough, MA 02035",https://whatnow.com/boston/restaurants/mass-appeal-draught-house-grille-replacing-wormtown-brewery-in-foxboroughs-patriot-place/,2026-05-23
2026-05-22,Wade’s Coffee House Coming To Orange County In The Fall,"32382 Del Obispo St, San Juan Capistrano, CA 92675",https://whatnow.com/orange-county/restaurants/wades-coffee-house-coming-to-orange-county-in-the-fall/,2026-05-23
2026-05-22,Garden of Eden-Inspired Restaurant and Cocktail Bar Planned for Boston's Downtown Crossing,"545 Washington St, Boston, MA 02111",https://whatnow.com/boston/restaurants/garden-of-eden-inspired-restaurant-and-cocktail-bar-planned-for-bostons-downtown-crossing/,2026-05-22
2026-05-22,Chef Behind Just Jerk Jamaican BBQ at Work on Geewiz Fun House Ice Cream,,https://whatnow.com/jacksonville/restaurants/chef-behind-just-jerk-jamaican-bbq-at-work-on-geewiz-fun-house-ice-cream/,2026-05-23
2026-05-22,Pinecrest Bakery Opening in Miami Lakes,"15519 NW 67th Ave, Miami Lakes, FL 33014",https://whatnow.com/miami/restaurants/pinecrest-bakery-opening-in-miami-lakes/,2026-05-22
2026-05-22,A Real Slice of Rome in Hollywood,"1550 N Cahuenga BlvdHollywood, CA 90028",https://whatnow.com/los-angeles/restaurants/a-real-slice-of-rome-in-hollywood/,2026-05-23
2026-05-22,Te’Amo Boba & Dessert is Slated to open its first Las Vegas store in the Miracle Mile Shops,"3663 Las Vegas Blvd S, Las Vegas, NV 89109",https://whatnow.com/las-vegas/restaurants/teamo-boba-dessert-is-slated-to-open-its-first-las-vegas-store-in-the-miracle-mile-shops/,2026-05-23
2026-05-22,Tropical Smoothie Cafe To Open New Spring Branch Location,"20409 State Hwy 46 W #108, Bulverde, TX 78163, USA",https://whatnow.com/san-antonio/restaurants/tropical-smoothie-cafe-to-open-new-spring-branch-location/,2026-05-22
2026-05-22,Boutique Resort Elene Welcomes Vetra And The Café in Napa,"5091 Solano Ave, Napa, CA 94558",https://whatnow.com/san-francisco/restaurants/boutique-resort-elene-welcomes-vetra-and-the-cafe-in-napa/,2026-05-23
2026-05-22,Pirate Island Pizza and BBQ Opening in Fernandina Beach,"22 S 8th St, Fernandina Beach, FL 32034",https://whatnow.com/jacksonville/restaurants/pirate-island-pizza-and-bbq-opening-in-fernandina-beach/,2026-05-23
2026-05-22,Urban Tea Party Joining Studio House Atlanta This Summer | What Now Atlanta,"75 John Wesley Dobbs Ave NE, Atlanta, GA 30303",https://whatnow.com/atlanta/restaurants/urban-tea-party-joining-studio-house-atlanta-this-summer/,2026-05-22
2026-05-22,Monarch Community Cafe Sets June Opening Date,"7010 N Clark St, Chicago, IL 60626",https://whatnow.com/chicago/restaurants/monarch-community-cafe-sets-june-opening-date/,2026-05-23
2026-05-22,Azal Coffee Opening in Alamonte Springs,"150 Cranes Roost Blvd, Altamonte Springs, FL 32701",https://whatnow.com/orlando/restaurants/azal-coffee-opening-in-alamonte-springs/,2026-05-23
2026-05-22,Palm Berries Plans New University Area Location,"9325 JW Clay Blvd, Charlotte, NC 28262, USA",https://whatnow.com/charlotte/restaurants/palm-berries-plans-new-university-area-location/,2026-05-22
2026-05-22,The Scoop N Scootery to Debut in Columbia This Summer,"2414 Devine St., Columbia, SC 29205",https://whatnow.com/charleston/restaurants/the-scoop-n-scootery-to-debut-in-columbia-proud-to-be-the-first/,2026-05-22
2026-05-22,Tampa Restaurant With 20-Year Run to Close Before Relaunching as New Concept,"901 S Howard Ave, Tampa, FL 33606",https://whatnow.com/tampa/restaurants/tampa-restaurant-with-20-year-run-to-close-before-relaunching-as-new-concept/,2026-05-22
2026-05-22,"Wagyu Factory to Debut in Las Vegas, First Opening Coming to Boca Park","740 S Rampart Blvd #16, Las Vegas, NV 89145",https://whatnow.com/las-vegas/restaurants/wagyu-factory-to-debut-in-las-vegas-first-opening-coming-to-boca-park/,2026-05-23
2026-05-21,Barrio Burrito Bar to Open Two Restaurants in Baton Rouge,,https://whatnow.com/new-orleans/restaurants/barrio-burrito-bar-to-open-two-restaurants-in-baton-rouge/,2026-05-21
2026-05-21,"Serafina Restaurant Group Announces The Opening Of Brasserie Cognac Américain, An American-French Grand Brasserie By Chef Michael Lomonaco","461 5th Ave, New York, NY 10017",https://whatnow.com/new-york/restaurants/serafina-restaurant-group-announces-the-opening-of-brasserie-cognac-americain-an-american-french-grand-brasserie-by-chef-michael-lomonaco/,2026-05-21
2026-05-21,Roseline Coffee Planning New Cafe on East Burnside,"2803 E Burnside St, Portland, OR 97214",https://whatnow.com/portland/restaurants/roseline-coffee-planning-new-cafe-on-east-burnside/,2026-05-21
2026-05-21,Popular BBQ Chain to Close Wurzbach Road Location in San Antonio,"9202 Wurzbach Rd, San Antonio, TX 78240",https://whatnow.com/san-antonio/restaurants/popular-bbq-chain-closes-wurzbach-road-location-in-san-antonio/,2026-05-21
2026-05-21,Burr & Berry Brewing Up Fourth Charlotte Location,"2905 Monroe Rd, Charlotte, NC 28205, USA",https://whatnow.com/charlotte/restaurants/burr-berry-brewing-up-fourth-charlotte-location/,2026-05-21
2026-05-21,Michelin-Starred Indian Restaurant From Chicago Is Opening in Hudson Yards,"515 W 38th St 2 Flr, New York, NY 10018, United States",https://whatnow.com/new-york/restaurants/michelin-starred-indian-restaurant-from-chicago-is-opening-in-hudson-yards/,2026-05-21
2026-05-21,Mr. Pan Opening in Kissimmee,"2312 Fortune Rd, Kissimmee, FL 34744",https://whatnow.com/orlando/restaurants/mr-pan-opening-in-kissimmee/,2026-05-21
2026-05-21,Miami Beach's Iconic Italian Cafe To Close Next Month After 26 Years,"1040 Lincoln Rd, Miami Beach, FL 33139",https://whatnow.com/miami/restaurants/miami-beach-s-iconic-italian-cafe-to-close-next-month-after-26-years/,2026-05-21
2026-05-21,Electric Wines Planning New University Heights Site,"4644 30th St, San Diego, CA 92116",https://whatnow.com/san-diego/restaurants/electric-wines-planning-new-university-heights-site/,2026-05-22
2026-05-21,A New Dining Concept Lands in the East Village from a Well-Known TV Personality,"211 1st Ave, New York, NY 10003, United States",https://whatnow.com/new-york/restaurants/a-new-dining-concept-lands-in-the-east-village-from-a-well-known-tv-personality/,2026-05-21
2026-05-21,La La Land Kind Cafe Eyes Expansion Near SanTan Village,,https://whatnow.com/phoenix/restaurants/la-la-land-kind-cafe-eyes-expansion-near-santan-village/,2026-05-21
2026-05-21,New All-Day Cafe Coming to Charleston from Chef Toscano,"157 Market St., Charleston, SC 29401",https://whatnow.com/charleston/restaurants/new-all-day-cafe-coming-to-charleston-from-chef-michael-toscano/,2026-05-21
2026-05-21,Yeppa & Co. Eyes First Out-Of-State Expansion With Nashville Gulch Location,"118 12th Ave S, Nashville, TN 37203, USA",https://whatnow.com/nashville/restaurants/yeppa-co-eyes-first-out-of-state-expansion-with-nashville-gulch-location/,2026-05-21
2026-05-21,Goban Korean BBQ Plans First U.S. Location in Downtown Bellevue,"1015 103rd Ave NE, Bellevue, WA 98004",https://whatnow.com/seattle/restaurants/goban-korean-bbq-plans-first-u-s-location-in-downtown-bellevue/,2026-05-22
2026-05-21,That Italian Place Planning to Relocate After Upcoming Closure,,https://whatnow.com/toronto/restaurants/that-italian-place-planning-to-relocate-after-upcoming-closure/,2026-05-22
2026-05-21,"Team Behind Bar Jubilee, Blue Collar Planning New West Hollywood Concept | What Now Los Angeles","7746 Santa Monica Blvd, West Hollywood, CA 90046",https://whatnow.com/los-angeles/restaurants/team-behind-bar-jubilee-blue-collar-planning-new-west-hollywood-concept/,2026-05-21
2026-05-21,Kitchen + Kocktails By Kevin Kelley Coming to Times Square,"155 W 41st St, New York, NY 10018",https://whatnow.com/new-york/restaurants/kitchen-kocktails-by-kevin-kelley-coming-to-times-square/,2026-05-21
2026-05-21,Two Brothers Plan New Elevated Casual Restaurant on Vilano Beach,"2931 Coastal Hwy, St. Augustine, FL 32084",https://whatnow.com/jacksonville/restaurants/two-brothers-plan-new-elevated-casual-restaurant-on-vilano-beach/,2026-05-21
2026-05-21,Flavor Hive Preparing to Heat up Waldorf Dining Scene,"10440 O\'Donnell Pl, Waldorf, MD 20603",https://whatnow.com/washington-dc/restaurants/flavor-hive-preparing-to-heat-up-waldorf-dining-scene/,2026-05-22
2026-05-21,Amy's Burgers to Open its First Brick and Mortar Location,"7595 W Washington Ave, Las Vegas, NV 89128",https://whatnow.com/las-vegas/restaurants/amys-burgers-to-open-its-first-brick-and-mortar-location/,2026-05-21
2026-05-21,Popular National Restaurant Chain Opening at The Collection at Forsyth Will Bring 280 Jobs,"410 Peachtree Pkwy, Cumming, GA 30041",https://whatnow.com/atlanta/restaurants/popular-national-restaurant-chain-opening-at-the-collection-at-forsyth-will-bring-280-jobs/,2026-05-21
2026-05-21,Harlow & Pearl Expands With Two New Coffee Shops,,https://whatnow.com/charleston/restaurants/harlow-pearl-expands-charleston-footprint-with-three-unique-coffee-shops/,2026-05-21
2026-05-21,Franchisees Bringing New Beyond Juicery and Eatery to University District,"17149 Livernois, Detroit, MI 48221",https://whatnow.com/detroit/restaurants/franchisees-bringing-new-beyond-juicery-and-eatery-to-university-district/,2026-05-21
2026-05-21,Sushi Saint Launching Sister Concept: Nomikai by Sushi Saint,"8371 International Dr, Orlando, FL 32819",https://whatnow.com/orlando/restaurants/sushi-saint-launching-sister-concept-nomikai-by-sushi-saint/,2026-05-21
2026-05-21,Five And Dime Set To Open In San Francisco This Summer,"329 14th St, Oakland, CA 94612",https://whatnow.com/san-francisco/restaurants/five-and-dime-set-to-open-in-san-francisco-this-summer/,2026-05-21
2026-05-21,Owl & The Vine Debuts In Santa Rosa This Summer,"3535 Guerneville Rd, Santa Rosa, CA 95401",https://whatnow.com/san-francisco/restaurants/owl-the-vine-debuts-in-santa-rosa-this-summer/,2026-05-21
2026-05-21,Ari & Lloyd to Debut in Old Town Scottsdale by Late July,"7107 E 6th Ave, Scottsdale, AZ 85251",https://whatnow.com/phoenix/restaurants/ari-lloyd-to-debut-in-old-town-scottsdale-by-late-july/,2026-05-21
2026-05-21,Vita 4400 Planned For Charlotte Avenue In Sylvan Park,"4400 Charlotte Ave, Nashville, TN 37209, USA",https://whatnow.com/nashville/restaurants/vita-4400-planned-for-charlotte-avenue-in-sylvan-park/,2026-05-21
2026-05-21,SmashBurger to Join the Terminal B Expansion,"3100 N Terminal Rd, Houston, TX 77032",https://whatnow.com/houston/restaurants/smashburger-to-join-the-terminal-b-expansion/,2026-05-21
2026-05-21,A Popular New York Bagel Brand Opens New Midtown East Location,"875 3rd Ave, New York, NY 10022",https://whatnow.com/new-york/restaurants/a-popular-new-york-bagel-brand-opens-new-midtown-east-location/,2026-05-21
2026-05-21,Sbarro to Open at The Marketplace @ Harmon Corner,"3717 S Las Vegas Blvd, Las Vegas, NV 89109",https://whatnow.com/las-vegas/restaurants/sbarro-to-open-at-the-marketplace-harmon-corner/,2026-05-21
2026-05-21,Benihana Express to Debut in Denver,"1380 16th St Mall, Denver, CO 80202, US",https://whatnow.com/denver/restaurants/benihana-express-to-debut-in-denver/,2026-05-21
2026-05-21,New ‘Patio’ Cafe and Bistro Concept Planned for Near South Side,"1800 S Wabash Ave, Chicago, IL 60616",https://whatnow.com/chicago/restaurants/new-patio-cafe-and-bistro-concept-planned-for-near-south-side/,2026-05-21
2026-05-21,Welcome Back Newby’s!,"539 S Highland St, Memphis, TN 38111",https://whatnow.com/memphis/restaurants/welcome-back-newbys/,2026-05-22
2026-05-21,The Bunkerr Golf Lounge Bringing Golf and Happy Hour to Plantation,"801 S University Dr, Plantation, FL 33324",https://whatnow.com/miami/restaurants/the-bunkerr-golf-lounge-bringing-golf-and-happy-hour-to-plantation/,2026-05-22
2026-05-21,Baked by Chelle Opening in Melbourne,"2002 S Harbor City Blvd, Melbourne, FL 32901",https://whatnow.com/orlando/restaurants/baked-by-chelle-opening-in-melbourne/,2026-05-21
2026-05-21,Call Your Mother Deli Plans Expansion in Denver,"5074 E Hampden Ave, Denver, CO 80222, US",https://whatnow.com/denver/restaurants/call-your-mother-deli-plans-expansion-in-denver/,2026-05-21
2026-05-21,Candy Land Cafe Pop Up Coming to San Diego,"2137 Pacific Hwy, San Diego, CA 92101",https://whatnow.com/san-diego/restaurants/candy-land-cafe-pop-up-coming-to-san-diego/,2026-05-21
2026-05-21,Beloved Japanese-Inspired Bakery Closes Las Vegas Location After a Brief Run,"7325 S Rainbow Blvd Suite #110, Las Vegas, NV 89118, United States",https://whatnow.com/las-vegas/restaurants/beloved-japanese-inspired-bakery-closes-las-vegas-location-after-a-brief-run/,2026-05-21
2026-05-21,Urban Kitchen Group Planning New Restaurant in Bankers Hill,"2550 Fifth Ave, San Diego, CA 92103",https://whatnow.com/san-diego/restaurants/urban-kitchen-group-planning-new-restaurant-in-bankers-hill/,2026-05-21
2026-05-21,The White Tee Bringing Members-Only Indoor Golf to Odessa This Summer,"11041 FL-54, Odessa, FL 33556",https://whatnow.com/tampa/restaurants/the-white-tee-bringing-members-only-indoor-golf-to-odessa-this-summer/,2026-05-21
2026-05-21,The Shout! House Changing Ownership,"655 Fourth Ave, San Diego, CA 92101",https://whatnow.com/san-diego/restaurants/the-shout-house-changing-ownership/,2026-05-21
2026-05-21,Yaya’s Restaurant to Bring Southern Comfort Food to Williamson,"306 E Liberty Ave, Round Rock, TX 78664, USA",https://whatnow.com/austin/restaurants/yayas-restaurant-to-bring-southern-comfort-food-to-williamson/,2026-05-21
2026-05-21,VIVIBOWL Announces First Restaurant in New York City | What Now New York,"295 Madison Ave, New York, NY 10017",https://whatnow.com/new-york/restaurants/vivibowl-announces-first-restaurant-in-new-york-city/,2026-05-21
2026-05-21,Sacramento Getting New Massive Music Venue on Ramona Avenue,"3250 Ramona Ave, Sacramento, CA 95826",https://whatnow.com/sacramento/restaurants/sacramento-getting-new-massive-music-venue-on-ramona-avenue/,2026-05-21
2026-05-21,Einstein Bros Bagels to Bring Another Location to Spring,"2015 Rayford Rd, Spring, TX 77386",https://whatnow.com/houston/restaurants/einstein-bros-bagels-to-bring-another-location-to-spring/,2026-05-21
2026-05-21,Former UES Spot ‘Ship of Fools’ is Set for a Hell’s Kitchen Relaunch,"867 9th Ave, New York, NY 10019",https://whatnow.com/new-york/restaurants/former-ues-spot-ship-of-fools-is-set-for-a-hells-kitchen-relaunch/,2026-05-21
2026-05-21,Jimmy Blue Eyes Looks to Be Opening in Clearwater,"27001 US-19 #1140, Clearwater, FL 33761",https://whatnow.com/tampa/restaurants/jimmy-blue-eyes-looks-to-be-opening-in-clearwater/,2026-05-21
2026-05-21,The Grog Frog Wine & Spirits to Open in Cummins Station on June 5 | What Now Nashville,"209 10th Ave S, Nashville, TN 37203",https://whatnow.com/nashville/restaurants/the-grog-frog-wine-spirits-to-open-in-cummins-station-on-june-5/,2026-05-21
2026-05-21,Hap’s Burgers & Taps To Open Downtown Seattle Location,,https://whatnow.com/seattle/restaurants/haps-burgers-taps-to-open-downtown-seattle-location/,2026-05-21
2026-05-21,Gori & Co. Bringing Cloud-Like Japanese Shaved Ice to Jamaica Plain,"660B Centre St, Boston, MA 02130",https://whatnow.com/boston/restaurants/gori-co-bringing-cloud-like-japanese-shaved-ice-to-jamaica-plain/,2026-05-21
2026-05-21,Mizunara Coming to Toronto Entertainment District,"235 Adelaide St W, Toronto, ON M5H 0A7, Canada",https://whatnow.com/toronto/restaurants/mizunara-coming-to-toronto-entertainment-district/,2026-05-22
2026-05-20,"New JW Marriott Hotel Downtown to Feature Joe Muer Seafood, Not Andiamo","100 Steve Yzerman Dr, Detroit, MI 48226",https://whatnow.com/detroit/restaurants/new-jw-marriott-hotel-downtown-to-feature-joe-muer-seafood-not-andiamo/,2026-05-20
2026-05-20,Bay City’s Los Pinostacos Debuting Second Location in Sebewaing,"747 N Beck St, Sebewaing, MI 48759",https://whatnow.com/detroit/restaurants/bay-citys-los-pinostacos-debuting-second-location-in-sebewaing/,2026-05-20
2026-05-20,BOL Hospitality Group to Open Common Room in Downtown Hollywood,"2032 Harrison St, Hollywood, FL 33020",https://whatnow.com/miami/restaurants/bol-hospitality-group-to-open-common-room-in-downtown-hollywood/,2026-05-20
2026-05-20,Del Sur Bakery in Ravenswood Closing Next Month for Expansion,"4639 N Damen Ave, Chicago, IL 60625",https://whatnow.com/chicago/restaurants/del-sur-bakery-in-ravenswood-closing-next-month-for-expansion/,2026-05-20
2026-05-20,Boston Restaurateurs and Industry Leaders Gather at What Now’s Accelerate Event in Cambridge,"100 Cambridgeside Pl, Cambridge, MA 02141",https://whatnow.com/boston/restaurants/boston-restaurateurs-and-industry-leaders-gather-at-what-nows-accelerate-event-in-cambridge/,2026-05-21
2026-05-20,Phoenix Hospitality Leaders Gather at What Now Media Group’s Accelerate Event in Tempe,"401 S Mill Ave, Tempe, AZ 85281",https://whatnow.com/phoenix/restaurants/phoenix-hospitality-leaders-gather-at-what-now-media-groups-accelerate-event-in-tempe/,2026-05-20
2026-05-20,Hilliard Dining Scene Set to Lose a Longtime BBQ Destination,"3987 Main St, Hilliard, OH 43026",https://whatnow.com/columbus/restaurants/hilliard-dining-scene-set-to-lose-a-longtime-bbq-destination/,2026-05-20
2026-05-20,A Global Fried Chicken Chain Opens Its First Phoenix Location,"305 E Thomas Rd b, Phoenix, AZ 85012",https://whatnow.com/phoenix/restaurants/a-global-fried-chicken-chain-is-opening-its-first-phoenix-location/,2026-05-20
2026-05-20,Bar Caviar to Open in Rittenhouse Square Hotel,"256 S 16th St., Philadelphia, PA 19102",https://whatnow.com/philadelphia/restaurants/bar-caviar-to-bring-champagne-and-caviar-lounge-to-rittenhouse-square/,2026-05-20
2026-05-20,Sinfully Sweet Keto Expanding To Kennesaw | What Now Atlanta,"2750 Jiles Rd, Kennesaw, GA 30144",https://whatnow.com/atlanta/restaurants/sinfully-sweet-keto-expanding-to-kennesaw/,2026-05-20
2026-05-20,Curry N Jerk Authentic Caribbean Cuisine Readies Next Chapter,"2780 Democrat Rd, Memphis, TN 38118",https://whatnow.com/memphis/restaurants/curry-n-jerk-authentic-caribbean-cuisine-readies-next-chapter/,2026-05-20
2026-05-20,Ché René Macarons Bringing Pop-Up To Studio House Atlanta | What Now Atlanta,"75 John Wesley Dobbs Ave NE, Atlanta, GA 30303",https://whatnow.com/atlanta/restaurants/che-rene-macarons-bringing-pop-up-to-studio-house-atlanta/,2026-05-20
2026-05-20,A New Upscale Italian Concept is Coming to Wayne,"523 W Lancaster Ave., Wayne, PA 19087",https://whatnow.com/philadelphia/restaurants/a-new-upscale-italian-restaurant-is-coming-to-wayne-later-this-year/,2026-05-20
2026-05-20,IJ Sushi Burrito Planning Multiple Openings In Los Angeles Area This Year | What Now Los Angeles,,https://whatnow.com/los-angeles/restaurants/ij-sushi-burrito-planning-multiple-openings-in-los-angeles-area-this-year/,2026-05-20
2026-05-20,A Portland Vegan Restaurant Is Closing Due to Rising Costs After 7 Years,"8124 SW Barbur Blvd, Portland, OR 97219, United States",https://whatnow.com/portland/restaurants/a-portland-vegan-restaurant-is-closing-due-to-rising-costs-after-7-years/,2026-05-20
2026-05-20,Pura Vida to Open its First Wynwood Cafe,"2916 N Miami Ave, Miami, FL 33127",https://whatnow.com/miami/restaurants/pura-vida-to-open-its-first-wynwood-cafe/,2026-05-21
2026-05-20,A New Turkish-Inspired Restaurant and Music Venue Debuts in San Ramon,"6000 Bollinger Canyon Rd, San Ramon, CA 94583",https://whatnow.com/san-francisco/restaurants/a-new-turkish-inspired-restaurant-and-music-venue-debuts-in-san-ramon/,2026-05-20
2026-05-19,"Lou Malnati’s Leaving Gold Coast Pizzeria, Seeking New Neighborhood Storefront",,https://whatnow.com/chicago/restaurants/lou-malnatis-leaving-gold-coast-pizzeria-seeking-new-neighborhood-storefront/,2026-05-19
2026-05-19,Wild Eggs To Open First Columbus-Area Location At Hamilton Quarter,"775 N Hamilton Rd, Columbus, OH 43219, USA",https://whatnow.com/columbus/restaurants/wild-eggs-to-open-first-columbus-area-location-at-hamilton-quarter/,2026-05-19
2026-05-19,At-Home Cocktail Business Owners Preparing to Serve Drinks on Near West Side,"2010 W Fulton St, Chicago, IL 60612",https://whatnow.com/chicago/restaurants/at-home-cocktail-business-owners-preparing-to-serve-drinks-on-near-west-side/,2026-05-19
2026-05-19,Burgers and Wings Concept Aims to Open in Mesquite,"4617 Gus Thomasson Rd, Mesquite, TX 75150",https://whatnow.com/dallas/restaurants/burgers-and-wings-concept-aims-to-open-in-mesquite/,2026-05-20
2026-05-19,Coastal Canteen to Open in Manasquan Near the Shore,"142 Main St., Manasquan, NJ 08736",https://whatnow.com/philadelphia/restaurants/coastal-canteen-bringing-coastal-inspired-dining-steps-from-the-shore/,2026-05-19
2026-05-19,Habibi Grill Owner To Open Fresh & Feta At Little Grand Market In Columbus,"710 Grandview Xing Wy, Columbus, OH 43215, USA",https://whatnow.com/columbus/restaurants/habibi-grill-owner-to-open-fresh-feta-at-little-grand-market-in-columbus/,2026-05-19
2026-05-19,New Noorjahan Indian Cuisine Planned for Allen Park Shopping Plaza,"23017 Outer Dr W, Allen Park, MI 48101",https://whatnow.com/detroit/restaurants/new-noorjahan-indian-cuisine-planned-for-allen-park-shopping-plaza/,2026-05-19
2026-05-19,Dolly’s Bringing Country Music Bar to The Esplanade,"58 The Esplanade, Toronto, ON M5E 1R2, Canada",https://whatnow.com/toronto/restaurants/dollys-bringing-country-music-bar-to-the-esplanade/,2026-05-19
2026-05-19,Riptide Tavern Brings Jersey Shore Vibe to Manayunk,"4388 Main St., Philadelphia, PA 19127",https://whatnow.com/philadelphia/restaurants/riptide-tavern-to-bring-an-endless-summer-vibe-to-manayunks-main-street/,2026-05-19
2026-05-19,Buon Riso Launching Supplì Pop Up at Pasta Forever,"1693 Dundas St W, Toronto, ON M6K 1V2, Canada",https://whatnow.com/toronto/restaurants/buon-riso-launching-suppli-pop-up-at-pasta-forever/,2026-05-19
2026-05-19,Winter Park Tex-Mex Restaurant Announces Closure After 15 Years of Service,"151 E Welbourne Ave, Winter Park, FL 32789, United States",https://whatnow.com/orlando/restaurants/beloved-winter-park-tex-mex-spot-closing-after-15-years-of-service/,2026-05-19
2026-05-19,Nearly 15-Year-Old Las Vegas Restaurant Plans Exit from Neonopolis Mall Location,"450 Fremont St #130, Las Vegas, NV 89101",https://whatnow.com/las-vegas/restaurants/nearly-15-year-old-las-vegas-restaurant-plans-exit-from-neonopolis-mall-location/,2026-05-19
2026-05-19,Popular Grilled Cheese Food Truck in the Charlotte Area Announces Closure,"Charlotte, NC, United States, 28262",https://whatnow.com/charlotte/restaurants/popular-grilled-cheese-food-truck-in-the-charlotte-area-announces-closure/,2026-05-19
2026-05-19,"Hi-Fi Listening Bar Coming To Southwest Detroit, Opening Planned Soon | What Now Detroit","2545 Bagley St, Detroit, MI 48216",https://whatnow.com/detroit/restaurants/hi-fi-listening-bar-coming-to-southwest-detroit-opening-planned-soon/,2026-05-19
2026-05-19,"Mission Hills to Welcome Serafino, a New All Day Cafe and Wine Bar","301 W Washington St, San Diego, CA 92103",https://whatnow.com/san-diego/restaurants/mission-hills-to-welcome-serafino-a-new-all-day-cafe-and-wine-bar/,2026-05-19
2026-05-19,Atomic Wings to Debut in Austin,"144 S Brook Dr #130, Leander, TX 78641, USA",https://whatnow.com/austin/restaurants/atomic-wings-to-debut-in-austin/,2026-05-20
2026-05-19,Berkeley Japanese Restaurant to Close After Nearly 7 Years of Service,"2451 Shattuck Ave., Berkeley, CA 94704, United States",https://whatnow.com/san-francisco/restaurants/berkeley-japanese-restaurant-to-close-after-nearly-7-years-of-service/,2026-05-19
2026-05-19,Bakery Inside Grand Central Market Announces Final Weekend of Service,"317 S Broadway, Los Angeles, CA 90013, United States",https://whatnow.com/los-angeles/restaurants/bakery-inside-grand-central-market-announces-final-weekend-of-service/,2026-05-19
2026-05-19,Milkshake Factory To Open New Columbus Location,"775 N Hamilton Rd, Columbus, OH 43219, USA",https://whatnow.com/columbus/restaurants/milkshake-factory-to-open-new-columbus-location/,2026-05-19
2026-05-19,Mozaika Mezze To Expand To Buckhead This Year | What Now Atlanta,"Terminus 100, 3280 Peachtree Rd NE, Atlanta, GA 30305",https://whatnow.com/atlanta/restaurants/mozaika-mezze-to-expand-to-buckhead-this-year/,2026-05-19
2026-05-19,Pita Cafe Opening Location In Marina Del Rey | What Now Los Angeles,"3205 Washington Blvd, Marina Del Rey, CA 90292",https://whatnow.com/los-angeles/restaurants/pita-cafe-opening-location-in-marina-del-rey/,2026-05-19
2026-05-19,Toastique Adding Johns Creek Location This Summer | What Now Atlanta,"3005 Old Alabama Rd, Johns Creek, GA 30022",https://whatnow.com/atlanta/restaurants/toastique-adding-johns-creek-location-this-summer/,2026-05-19
2026-05-19,Wildwood to Welcome 24-Hour Cafe Inspired by Mexican Roots,"3109 Pacific Ave., Wildwood, NJ 08260",https://whatnow.com/philadelphia/restaurants/wildwood-to-welcome-24-hour-cafe-inspired-by-mexican-roots/,2026-05-19
2026-05-18,A 35-Year Old Mexican Restaurant in San Jose is Nearing Its Final Service,"461 S Capitol Ave #15, San Jose, CA 95127, United States",https://whatnow.com/san-francisco/restaurants/san-jose-landmark-mexican-restaurant-to-close-after-35-years-in-business/,2026-05-18
2026-05-18,Iconic Miami Comfort Food Restaurant Shuts Its Doors After Final Service,"6789 Biscayne Blvd, Miami, FL 33138, United States",https://whatnow.com/miami/restaurants/decade-old-comfort-food-restaurant-in-miami-closes-after-final-service/,2026-05-18
2026-05-18,Patty and Press Owners to Debut New Location in Bloomfield Township,"42983 Woodward Ave, Bloomfield Township, MI 48304",https://whatnow.com/detroit/restaurants/patty-and-press-owners-to-debut-new-location-in-bloomfield-township/,2026-05-18
2026-05-18,Santa Clarita’s Hanasaki Sushi Expanding To Porter Ranch | What Now Los Angeles,"19300 Rinaldi St, Porter Ranch, CA 91326",https://whatnow.com/los-angeles/restaurants/santa-claritas-hanasaki-sushi-expanding-to-porter-ranch/,2026-05-18
2026-05-18,The Daily Nosh Sets June Opening in Downtown Roseville,"105 Vernon St, Roseville, CA 95678",https://whatnow.com/sacramento/restaurants/the-daily-nosh-sets-june-opening-in-downtown-roseville/,2026-05-19
2026-05-18,Culture Connects 707 Owner Proposing Change of Concept for Cafe Space,"707 W Howard St, Evanston, IL 60202",https://whatnow.com/chicago/restaurants/culture-connects-707-owner-proposing-change-of-concept-for-cafe-space/,2026-05-18
2026-05-18,Claude’s Comedy Club & Bar Coming to South Broad Street,"1123 S Broad St., Philadelphia, PA 19147",https://whatnow.com/philadelphia/restaurants/claudes-comedy-club-bar-coming-to-south-broad-street-diner-meets-bar-vibe/,2026-05-18
2026-05-18,Dough In The Box Donuts and Other Atlanta Restaurant Openings We Uncovered Last Week (May 11-15),,https://whatnow.com/atlanta/restaurants/dough-in-the-box-donuts-and-other-atlanta-restaurant-openings-we-uncovered-last-week-may-11-15/,2026-05-18
2026-05-18,San Francisco’s Mid-Market Gets a New Sports-Inspired Dining Destination,"121 7th St, San Francisco, CA 94103",https://whatnow.com/san-francisco/restaurants/san-franciscos-mid-market-gets-a-new-sports-inspired-dining-destination/,2026-05-18
2026-05-18,"Award-Winning Bagel Brand Bringing Its ‘Grip, Rip and Dip’ Experience to Oceanside","510 Vista Way, Oceanside, CA 92054",https://whatnow.com/san-diego/restaurants/award-winning-bagel-brand-bringing-its-grip-rip-and-dip-experience-to-oceanside/,2026-05-18
2026-05-17,Ovoka Farm Invites Virginians to Indulge in Wagyu and Wine,"750 Gap Run Rd, Paris, VA 20130",https://whatnow.com/washington-dc/restaurants/ovoka-farm-invites-virginians-to-indulge-in-wagyu-and-wine/,2026-05-18
2026-05-17,Popular Jonesboro Chain Plans New Location,"5307 E Highland Dr, Jonesboro, AR 72401",https://whatnow.com/memphis/restaurants/popular-jonesboro-chain-plans-new-location/,2026-05-18
2026-05-15,Churp To Bring Healthy Bowl Concept To Raleigh,"3231 Edwards Mill Rd, Raleigh, NC 27612, USA",https://whatnow.com/charlotte/restaurants/churp-to-bring-healthy-bowl-concept-to-raleigh/,2026-05-18
2026-05-15,Charcoal Group Planning Major Ontario Expansion With Five New Restaurants,,https://whatnow.com/toronto/restaurants/charcoal-group-planning-major-ontario-expansion-with-five-new-restaurants/,2026-05-18
2026-05-15,Jaggers Eyes Former Twin Peaks Space For Winston-Salem Debut,"1915 Hampton Inn Ct, Winston-Salem, NC 27103, USA",https://whatnow.com/charlotte/restaurants/jaggers-eyes-former-twin-peaks-space-for-winston-salem-debut/,2026-05-18
2026-05-15,Highly Rated Coffee Shop ‘Push Pull’ Opening New Multnomah Spot,"7737 SW Capitol Hwy, Portland, OR 97219",https://whatnow.com/portland/restaurants/highly-rated-coffee-shop-push-pull-opening-new-multnomah-spot/,2026-05-18
2026-05-15,Biscuit Belly to Open First Columbus Location in Grandview With Southern-Inspired Craft Casual Concept,"1417 W 5th Ave, Columbus, OH 43212, USA",https://whatnow.com/columbus/restaurants/biscuit-belly-to-open-first-columbus-location-in-grandview-with-southern-inspired-craft-casual-concept/,2026-05-18
2026-05-15,Philanthropic Chelsea Restaurateur Opening a Two-Floor Greek Concept,"170 7th Ave, New York, NY 10011",https://whatnow.com/new-york/restaurants/philanthropic-chelsea-restaurateur-opening-a-two-floor-greek-concept/,2026-05-18
2026-05-15,Niko’s Bar-N-Grill Set to Open in Baton Rouge,"10455 Reiger Rd., Baton Rouge, LA 70809",https://whatnow.com/new-orleans/restaurants/nikos-bar-n-grill-set-to-open-in-baton-rouge/,2026-05-18
2026-05-15,Diadem Pickleball Complex Expanding to Wellington and Beyond,"10570 Forest Hill Blvd, Wellington, FL 33414",https://whatnow.com/miami/restaurants/diadem-pickleball-complex-expanding-to-wellington-and-beyond/,2026-05-18
2026-05-15,Graze Craze Expanding Canadian Presence,"312 Grays Rd, Hamilton, ON L8E 1V5, Canada",https://whatnow.com/toronto/restaurants/graze-craze-expanding-canadian-presence/,2026-05-18
2026-05-15,Andy’s Pizza Headed to Union Station,"50 Massachusetts Ave NE, Washington, DC 20002",https://whatnow.com/washington-dc/restaurants/andys-pizza-headed-to-union-station/,2026-05-18
2026-05-15,Women-Owned Esther Rum Expands Across Columbus With Bold New Approach to Premium Rum,,https://whatnow.com/columbus/restaurants/women-owned-esther-rum-expands-across-columbus-with-bold-new-approach-to-premium-rum/,2026-05-18
2026-05-15,A Long-Standing New Jersey Farm-to-Table Restaurant Is Saying Goodbye,"36 Prospect St, Ridgewood, NJ 07450, United States",https://whatnow.com/new-york/restaurants/a-long-standing-new-jersey-farm-to-table-restaurant-is-saying-goodbye/,2026-05-18
2026-05-15,Fanoos Grills Planning Possible Bay Area Expansion After San Francisco Opening,"411 Columbus Ave, San Francisco, CA 94133,",https://whatnow.com/san-francisco/restaurants/fanoos-grills-planning-possible-bay-area-expansion-after-san-francisco-opening/,2026-05-18
2026-05-15,A High-Energy Fusion Restaurant Is Taking Over Space Inside Campus 244,"110 Campus Wy, Dunwoody, GA 30346, United States",https://whatnow.com/atlanta/restaurants/a-high-energy-fusion-restaurant-is-taking-over-space-inside-campus-244/,2026-05-18
2026-05-15,Mack Allen’s to Debut in Early Summer as a New River Oaks-Area Luxury Dining Destination | What Now Houston,"4400 Post Oak Park Dr, Houston, TX 77027",https://whatnow.com/houston/restaurants/mack-allens-to-debut-in-early-summer-as-a-new-river-oaks-area-luxury-dining-destination/,2026-05-18
2026-05-15,A 22-Year-Old Italian Restaurant in San Francisco Is Nearing Its Final Service,"2300 Chestnut St, San Francisco, CA 94123",https://whatnow.com/san-francisco/restaurants/a-22-year-old-italian-restaurant-in-san-francisco-is-nearing-its-final-service/,2026-05-18
2026-05-15,Project LeanNation Headed to Orlando,"12490 Lake Underhill Rd, Orlando, FL 32828",https://whatnow.com/orlando/restaurants/project-leannation-headed-to-orlando/,2026-05-18
2026-05-15,Amor y Magia Opening in Carlsbad This Summer,"505 Oak Ave c, Carlsbad, CA 92008",https://whatnow.com/san-diego/restaurants/amor-y-magia-opening-in-carlsbad-this-summer/,2026-05-18
2026-05-15,Nosh New York Bagels to Debut Second Location in Hilton Head,"1000 William Hilton Pkwy, Hilton Head Island, SC 29928",https://whatnow.com/charleston/restaurants/nosh-new-york-bagels-to-debut-second-location-same-vibe-same-great-bagels/,2026-05-18
2026-05-15,A 1920s-Era Restaurant Chain Is Expanding with a New Phoenix-Area Location,"2700 E Germann Rd, Chandler, AZ 85286, United States",https://whatnow.com/phoenix/restaurants/a-1920s-era-restaurant-chain-is-expanding-with-a-new-phoenix-area-location/,2026-05-18
2026-05-15,ShoYu Restaurant & Bar Bringing Pan-Asian Flavors to Peabody Square,"12 Peabody Square, Peabody, MA 01960",https://whatnow.com/boston/restaurants/shoyu-restaurant-bar-bringing-pan-asian-flavors-to-peabody-square/,2026-05-18
2026-05-15,Cousin Vinny’s Expanding to St. Pete,"2063 Central Ave, St. Petersburg, FL 33713",https://whatnow.com/tampa/restaurants/cousin-vinnys-expanding-to-st-pete/,2026-05-18
2026-05-15,Bonita Taqueria y Rotisserie Set to Open New Location in Noe Valley,"4063 24th St, San Francisco, CA 94114",https://whatnow.com/san-francisco/restaurants/bonita-taqueria-y-rotisserie-set-to-open-new-location-in-noe-valley/,2026-05-18
2026-05-15,"Frosti Ice Cream to Open with Ice Cream, Milkshakes, and More","606 N State St, Bunnell, FL 32110",https://whatnow.com/jacksonville/restaurants/frosti-ice-cream-to-open-with-ice-cream-milkshakes-and-more/,2026-05-18
2026-05-15,Pita & Pie Files Permit For New Restaurant | What Now Los Angeles,"1900 Highland Ave #6b, Los Angeles, CA 90068",https://whatnow.com/los-angeles/restaurants/pita-pie-files-permit-for-new-restaurant/,2026-05-18
2026-05-15,Katy Sandwich Shop Known for East Coast-Style Subs Shuts Down,"27252 Katy Fwy suite 400, Katy, TX 77494",https://whatnow.com/houston/restaurants/katy-sandwich-shop-known-for-east-coast-style-subs-shuts-down/,2026-05-18
2026-05-15,Prolific Gastropub Team Planning Another Concept in Chelsea,"201 8th Ave, New York, NY 10011",https://whatnow.com/new-york/restaurants/prolific-gastropub-team-planning-another-concept-in-chelsea/,2026-05-18
2026-05-15,Häagen-Dazs to Open Wynwood Ice Cream Shop,"50 NW 24th St, Miami, FL 33127",https://whatnow.com/miami/restaurants/haagen-dazs-to-open-wynwood-ice-cream-shop/,2026-05-18
2026-05-15,Influential Comedy Club Adding a Chelsea Market Location,"407 W 15th St, New York, NY 10011",https://whatnow.com/new-york/restaurants/influential-comedy-club-adding-a-chelsea-market-location/,2026-05-18
2026-05-15,Pure Vida Miami Sets Date for Virginia Debut,"8296 Glass Alley, Fairfax, VA 22031",https://whatnow.com/washington-dc/restaurants/pure-vida-miami-sets-date-for-virginia-debut/,2026-05-18
2026-05-15,"With San Marco Opening, Hard Pressed Burgers Has More Restaurants In Store",,https://whatnow.com/jacksonville/restaurants/with-san-marco-opening-hard-pressed-burgers-says-has-more-restaurants-in-store/,2026-05-18
2026-05-15,Sip Fresh Expands Arizona Footprint With Two New Locations,,https://whatnow.com/phoenix/restaurants/sip-fresh-expands-arizona-footprint-with-two-new-locations/,2026-05-18
2026-05-15,Fogo de Chão Expanding Into West Covina This Year | What Now Los Angeles,"2753 E Eastland Center Dr, West Covina, CA 91791",https://whatnow.com/los-angeles/restaurants/fogo-de-chao-expanding-into-west-covina-this-year/,2026-05-18
2026-05-15,New Restaurant Slated To Bring Asian Cuisine To Buckhead | What Now Atlanta,"3102 Piedmont Rd NE, Atlanta, GA 30305",https://whatnow.com/atlanta/restaurants/new-restaurant-slated-to-bring-asian-cuisine-to-buckhead/,2026-05-18
2026-05-15,Sweet Melody Announces London Square Ice Cream Shop,"13550 SW 120th St, Miami, FL 33186",https://whatnow.com/miami/restaurants/sweet-melody-announces-london-square-ice-cream-shop/,2026-05-18
2026-05-15,Lou Malnati’s Completes South Loop Restaurant Expansion | What Now Chicago,"805 S State St, Chicago, IL 60605",https://whatnow.com/chicago/restaurants/lou-malnatis-completes-south-loop-restaurant-expansion/,2026-05-18
2026-05-15,50’s Diner Opening in Dowdy Plaza,"7223 International Dr, Orlando, FL 32819",https://whatnow.com/orlando/restaurants/50s-diner-opening-in-dowdy-plaza/,2026-05-18
2026-05-15,"Gaithersburg, Get Ready for Authentic Lebanese Cuisine","212 Boardwalk Pl, Gaithersburg, MD 20878",https://whatnow.com/washington-dc/restaurants/gaithersburg-get-ready-for-authentic-lebanese-cuisine/,2026-05-18
2026-05-15,Anticipated Donut Shop Uniontown Baking Company Coming to Astoria,"264 W Marine Dr, Astoria, OR 97103",https://whatnow.com/portland/restaurants/anticipated-donut-shop-uniontown-baking-company-coming-to-astoria/,2026-05-18
2026-05-15,Jet’s Pizza Franchisees Plan Second Location in Jacksonville,"5617 Beach Blvd, Jacksonville, FL 32207",https://whatnow.com/jacksonville/restaurants/jets-pizza-franchisees-plan-second-location-in-jacksonville/,2026-05-18
2026-05-15,Seaviche Tacos and Bowls Acquires Third Location in Roseville,"32500 Gratiot Ave, Roseville, MI 48066",https://whatnow.com/detroit/restaurants/seaviche-tacos-and-bowls-acquires-third-location-in-roseville/,2026-05-18
2026-05-15,"Upscale Neighborhood Bistro Shutting Down Bellaire Outpost, Spring Valley Remains Open","5427 Bissonnet St # 400, Houston, TX 77081, United States",https://whatnow.com/houston/restaurants/upscale-neighborhood-bistro-shutting-down-bellaire-outpost-spring-valley-remains-open/,2026-05-18
2026-05-15,The Southern Chef Serving up a Fresh Jonesboro Location,"1324 Red Wolf Blvd, Jonesboro, AR 72401",https://whatnow.com/memphis/restaurants/the-southern-chef-serving-up-a-fresh-jonesboro-location/,2026-05-18
2026-05-15,On The Grind Plans New Drive-Thru Coffee Location in La Vernia,"13378 U.S. Hwy 87 W, La Vernia, TX 78121, USA",https://whatnow.com/san-antonio/restaurants/on-the-grind-plans-new-drive-thru-coffee-location-in-la-vernia/,2026-05-18
2026-05-15,Aviator’s Restaurant is Expected to Reopen in 2027,"6151 Freeport Blvd, Sacramento, CA 95822",https://whatnow.com/sacramento/restaurants/aviators-restaurant-is-expected-to-reopen-in-2027/,2026-05-18
2026-05-15,A Healthy Food Chain Is Expanding Its Bay Area Footprint With a New Opening,"1200 El Paseo de Saratoga suite 30, San Jose, CA 95129, United States",https://whatnow.com/san-francisco/restaurants/a-healthy-food-chain-is-expanding-its-bay-area-footprint-with-a-new-opening/,2026-05-18
2026-05-15,European Wine Bar Opening on St. Pete Beach,"344 Corey Ave, St Pete Beach, FL 33706",https://whatnow.com/tampa/restaurants/european-wine-bar-opening-on-st-pete-beach/,2026-05-18
2026-05-15,Mesón to take over Three One Four Pizzeria location in Berkley,"1329 Gilman St, Berkeley, CA 94706",https://whatnow.com/san-francisco/restaurants/meson-to-take-over-three-one-four-pizzeria-location-in-berkley/,2026-05-18
2026-05-15,Proposal for Atlas Restaurant Group Restaurant in Riverfront Plaza Moves Forward,"2 W Independent Dr, Jacksonville, FL 32202",https://whatnow.com/jacksonville/restaurants/proposal-for-atlas-restaurant-group-restaurant-in-riverfront-plaza-moves-forward/,2026-05-18
2026-05-15,A Family-Owned African-Inspired Restaurant Brand Expands with a New Marietta Opening,"724 Cherokee St NE, Marietta, GA 30060, United States",https://whatnow.com/atlanta/restaurants/a-family-owned-african-inspired-restaurant-brand-expands-with-a-new-marietta-opening/,2026-05-18
2026-05-15,Michelin-Pedigreed Omakase Spot Coming to Chelsea,"211 7th Ave, New York, NY 10011",https://whatnow.com/new-york/restaurants/michelin-pedigreed-omakase-spot-coming-to-chelsea/,2026-05-18
2026-05-15,Memphis Barbecue Institution Moves up Opening Date for Second Location,"2016 S Germantown Rd, Germantown, TN 38138",https://whatnow.com/memphis/restaurants/memphis-barbecue-institution-moves-up-opening-date-for-second-location/,2026-05-18
2026-05-15,Cledis Burgers & Beer Expands With Fourth Tennessee Location,"1211 Greenland Dr, Murfreesboro, TN 37130, USA",https://whatnow.com/nashville/restaurants/cledis-burgers-beer-expands-with-fourth-tennessee-location/,2026-05-18
2026-05-15,Popeyes Continues Greater Boston Growth With Upcoming Brighton Restaurant,"470 Washington St, Brighton, MA 02135",https://whatnow.com/boston/restaurants/popeyes-continues-greater-boston-growth-with-upcoming-brighton-restaurant/,2026-05-18
2026-05-15,Asian Box Coming to Corte Madera This Fall,"100 Corte Madera Town Center, Corte Madera, CA 94925",https://whatnow.com/san-francisco/restaurants/asian-box-coming-to-corte-madera-this-fall/,2026-05-18
2026-05-15,Chef Mike Cordero’s Newest Venture Capellini’s Classic Italian Headed to Ashburn,"22850 Brambleton Plaza, Ashburn, VA 20148",https://whatnow.com/washington-dc/restaurants/chef-mike-corderos-newest-venture-capellinis-classic-italian-headed-to-ashburn/,2026-05-18
2026-05-15,Pandemic Baking Project Grows Into Aiken Storefront Bakery,"115 Laurens St. NW, Aiken, SC 29801",https://whatnow.com/charleston/restaurants/pandemic-baking-project-grows-into-aiken-storefront-bakery/,2026-05-18
2026-05-15,Taiwanese Tea House CHICHA San Chen Expanding to Cambridge's Harvard Square,"1 Brattle Square, Cambridge, MA 02138",https://whatnow.com/boston/restaurants/taiwanese-tea-house-chicha-san-chen-expanding-to-cambridges-harvard-square/,2026-05-18
2026-05-15,Black Bear Diner to Open in Grand Prairie,"3715 S State Hwy 161, Grand Prairie, TX 75052",https://whatnow.com/dallas/restaurants/black-bear-diner-to-open-in-grand-prairie/,2026-05-18
2026-05-15,Pear Plum Opening Downtown in 2027,"101 Island Ave, San Diego, CA 92101",https://whatnow.com/san-diego/restaurants/pear-plum-opening-downtown-in-2027/,2026-05-18
2026-05-15,Espadas de Brazil Opening Brazilian Steakhouse In Bastrop | What Now Austin,"1507 Chestnut St, Bastrop, TX 78602",https://whatnow.com/austin/restaurants/espadas-de-brazil-opening-brazilian-steakhouse-in-bastrop/,2026-05-18
2026-05-15,"Scholars Bids Farewell After 15 Years, Worcester-Based Off The Rails to Take Over Downtown Boston Space","25 School St, Boston, MA 02108",https://whatnow.com/boston/restaurants/scholars-bids-farewell-after-15-years-worcester-based-off-the-rails-to-take-over-downtown-boston-space/,2026-05-18
2026-05-15,The Restaurant People to Open Naia on Las Olas Boulevard,"904 E Las Olas Blvd, Fort Lauderdale, FL 33301",https://whatnow.com/miami/restaurants/the-restaurant-people-to-open-naia-on-las-olas-boulevard/,2026-05-18
2026-05-15,The Artist Table Plans Next Chapter,,https://whatnow.com/memphis/restaurants/the-artist-table-plans-next-chapter/,2026-05-18
2026-05-15,Benihana Will Open This Summer At The Shoppes At Chino Hills | What Now Los Angeles,"13925 City Center Dr, Chino Hills, CA 91709",https://whatnow.com/los-angeles/restaurants/benihana-will-open-this-summer-at-the-shoppes-at-chino-hills/,2026-05-18
2026-05-15,New Wingstop Planned for Daytona Beach,"2427 N Atlantic Ave #13, Daytona Beach, FL 32118",https://whatnow.com/orlando/restaurants/new-wingstop-planned-for-daytona-beach/,2026-05-18
2026-05-15,Hospitality Hit-Makers Set Date for Next Openings,"6695 Poplar Ave, Germantown, TN 38138",https://whatnow.com/memphis/restaurants/hospitality-hit-makers-set-date-for-next-openings/,2026-05-18
2026-05-14,Popular Seafood Restaurant in West Hollywood Set to Close Doors This Summer,"8171 Santa Monica Blvd, West Hollywood, CA 90046, United States",https://whatnow.com/los-angeles/restaurants/popular-seafood-restaurant-in-west-hollywood-set-to-close-doors-this-summer/,2026-05-14
2026-05-14,Tilly Bagel Owners Cooking Up Third Location in Lakeview,"3162 N Broadway, Chicago, IL 60657",https://whatnow.com/chicago/restaurants/tilly-bagel-owners-cooking-up-third-location-in-lakeview/,2026-05-14
2026-05-14,Slapperz on Second Opening in Flagler Beach,"209 S 2nd St, Flagler Beach, FL 32136",https://whatnow.com/jacksonville/restaurants/slapperz-on-second-opening-in-flagler-beach/,2026-05-15
2026-05-14,Maman is bringing its signature charm and chocolate chip cookies to DUMBO | What Now New York,"66 Water St, Brooklyn, NY 11201",https://whatnow.com/new-york/restaurants/maman-is-bringing-its-signature-charm-and-chocolate-chip-cookies-to-dumbo/,2026-05-15
2026-05-14,A Fast-Growing U.S. Restaurant Chain Opens New Tennessee Location,"755 Crescent Centre Dr #104, Franklin, TN 37067",https://whatnow.com/nashville/restaurants/a-fast-growing-u-s-restaurant-chain-opens-new-tennessee-location/,2026-05-15
2026-05-14,Huey Magoo’s Heads to Clermont,"3007 S Hwy 27, Clermont, FL 34711",https://whatnow.com/orlando/restaurants/huey-magoos-heads-to-clermont/,2026-05-15
2026-05-14,New Donut Shop Looks to Be Opening in Lakeland,"2810 Florida Ave S, Lakeland, FL 33803",https://whatnow.com/tampa/restaurants/new-donut-shop-looks-to-be-opening-in-lakeland/,2026-05-15
2026-05-14,Popular Bar and Tasting Room in Texas Hill Country to Close May 31,"1090 Farm to Market 32, San Marcos, TX 78666",https://whatnow.com/austin/restaurants/popular-bar-and-tasting-room-in-texas-hill-country-to-close-may-31/,2026-05-15
2026-05-14,Sabrina’s Cafe Expands With Queen Village Location,"419 Bainbridge St., Philadelphia, PA 19147",https://whatnow.com/philadelphia/restaurants/sabrinas-cafe-expands-philadelphia-footprint-with-queen-village-location/,2026-05-15
2026-05-14,PopStroke to Open at Miami Freedom Park,"1802 NW 37th Ave, Miami, FL 33125",https://whatnow.com/miami/restaurants/popstroke-to-open-at-miami-freedom-park/,2026-05-15
2026-05-14,Pepe’s Cantina Mexican Grill Opening Viera Location This August,"7700 N Wickham Rd, Melbourne, FL 32940",https://whatnow.com/orlando/restaurants/pepes-cantina-mexican-grill-opening-viera-location-this-august/,2026-05-15
2026-05-14,Authentic Italian Bistro and Wine Bar Coming to Chelsea,"158 8th Ave, New York, NY 10011",https://whatnow.com/new-york/restaurants/authentic-italian-bistro-and-wine-bar-coming-to-chelsea/,2026-05-15
2026-05-14,Ice & Cream Creamery Plans Gulfport Expansion,"3119 Beach Blvd S, Gulfport, FL 33707",https://whatnow.com/tampa/restaurants/ice-cream-creamery-plans-gulfport-expansion/,2026-05-15
2026-05-14,PITA Street Food Expanding To Roswell This Summer | What Now Atlanta,"30 E Crossville Rd, Roswell, GA 30075",https://whatnow.com/atlanta/restaurants/pita-street-food-expanding-to-roswell-this-summer/,2026-05-15
2026-05-14,16 Handles to Open Two Locations in Orange County,,https://whatnow.com/orange-county/restaurants/16-handles-set-to-open-two-locations-in-orange-county/,2026-05-15
2026-05-14,MAKE Café to Open Restaurant in San Diego,"4712 Felton St, San Diego, CA 92116, USA",https://whatnow.com/san-diego/restaurants/make-cafe-to-open-restaurant-in-san-diego/,2026-05-15
2026-05-14,A New Italian Dining Spot Opens in Manhattan’s East Village,"106 3rd Ave, New York, NY 10003",https://whatnow.com/new-york/restaurants/a-new-italian-dining-spot-opens-in-manhattans-east-village/,2026-05-15
2026-05-14,Ogyu Plans Premium Japanese Yakiniku Experience in Ardmore,"60 Greenfield Ave., Ardmore, PA 19003",https://whatnow.com/philadelphia/restaurants/ogyu-plans-premium-japanese-yakiniku-experience-on-the-main-line/,2026-05-14
2026-05-14,The Baillie Planned for Capitol Hill in Summer 2027,,https://whatnow.com/seattle/restaurants/the-baillie-planned-for-capitol-hill-in-summer-2027/,2026-05-14
2026-05-14,Jimmy John’s Looks to Be Planning New Location in Fleming Island,"1851 Golden Eagle Way, Fleming Island, FL 32003",https://whatnow.com/jacksonville/restaurants/jimmy-johns-looks-to-be-planning-new-location-in-fleming-island/,2026-05-15
2026-05-14,Paper Rice Bringing Fast-Casual Vietnamese Cuisine To Sawtelle | What Now Los Angeles,"2202 Sawtelle Blvd, Los Angeles, CA 90064",https://whatnow.com/los-angeles/restaurants/paper-rice-bringing-fast-casual-vietnamese-cuisine-to-sawtelle/,2026-05-15
2026-05-14,Protein Bar and Kitchen to Debut at IAH,"3100 N Terminal Rd, Houston, TX 77032",https://whatnow.com/houston/restaurants/protein-bar-and-kitchen-to-debut-at-iah/,2026-05-15
2026-05-14,IHOP Location On The Way To Manor | What Now Austin,"13320 US-290, Manor, TX 78653",https://whatnow.com/austin/restaurants/ihop-location-on-the-way-to-manor/,2026-05-15
2026-05-14,Jersey Mike's Part of $2.5 Billon Terminal B Expansion,"3100 N Terminal Rd, Houston, TX 77032",https://whatnow.com/houston/restaurants/jersey-mikes-part-of-2-5-billon-terminal-b-expansion/,2026-05-15
2026-05-14,Mikaelas Taste of Asia to Come to Container Park,"707 E Fremont St, Las Vegas, NV 89101",https://whatnow.com/las-vegas/restaurants/mikaelas-taste-of-asia-to-come-to-container-park/,2026-05-14
2026-05-14,Honest Indian Vegetarian Restaurant To Open In Vernon Hills,"145 W Townline Rd, Vernon Hills, IL 60061, USA",https://whatnow.com/chicago/restaurants/honest-indian-vegetarian-restaurant-to-open-in-vernon-hills/,2026-05-14
2026-05-14,Proud Mary Coffee Appears To Have Second Austin Location In The Works | What Now Austin,"4301 Guadalupe St #100, Austin, TX 78751",https://whatnow.com/austin/restaurants/proud-mary-coffee-appears-to-have-second-austin-location-in-the-works/,2026-05-14
2026-05-14,C.R. Chicks is Opening in Stuart,"3346 SE Federal Hwy, Stuart, FL 34997",https://whatnow.com/miami/restaurants/c-r-chicks-is-opening-in-stuart/,2026-05-15
2026-05-14,Pinthouse Location To Take Shape In Leander | What Now Austin,"1605 E New Hope Dr Building 1, Leander, TX 78641",https://whatnow.com/austin/restaurants/pinthouse-location-to-take-shape-in-leander/,2026-05-15
2026-05-14,Snappy Burger to Open Another Location in the Valley,"W Cheyenne Ave & Allen Ln, North Las Vegas, NV 89032",https://whatnow.com/las-vegas/restaurants/snappy-burger-to-open-another-location-in-the-valley/,2026-05-15
2026-05-14,Heartbutter Plans Charlotte Pop-Ups With Long-Term Brick-And-Mortar Goals,"4612 Gilead St, Charlotte, NC 28217, United States",https://whatnow.com/charlotte/restaurants/heartbutter-plans-charlotte-pop-ups-with-long-term-brick-and-mortar-goals/,2026-05-15
2026-05-14,JavaCone Bringing Coffee and Ice Cream to Sarasota,"5537 Palmer Crossing Cir, Sarasota, FL 34233",https://whatnow.com/tampa/restaurants/javacone-bringing-coffee-and-ice-cream-to-sarasota/,2026-05-15
2026-05-14,Jerk Yard Heading South to Debut New Restaurant in Park Forest,"Plaza West Shopping Center, 90 S Orchard Dr, Park Forest, IL 60466",https://whatnow.com/chicago/restaurants/jerk-yard-heading-south-to-debut-new-restaurant-in-park-forest/,2026-05-14
2026-05-14,Fiorenza Italian Bringing Flavors Of Tuscany To Alpharetta | What Now Atlanta,"11500 Webb Bridge Way, Alpharetta, GA 30005",https://whatnow.com/atlanta/restaurants/fiorenza-italian-bringing-flavors-of-tuscany-to-alpharetta/,2026-05-15
2026-05-14,A Popular Bay Area Ramen Brand Expands With New Walnut Creek Location,"1630 Cypress St, Walnut Creek, CA 94596, United States",https://whatnow.com/san-francisco/restaurants/a-popular-bay-area-ramen-brand-expands-with-new-walnut-creek-location/,2026-05-15
2026-05-14,A Landmark Diner and Bakery Plans Closure After Years of Operation,"28030 Gratiot Ave, Roseville, MI 48066, United States",https://whatnow.com/detroit/restaurants/a-landmark-diner-and-bakery-plans-closure-after-years-of-operation/,2026-05-14
2026-05-14,Sweet Bloom Coffee Roasters to Open New Location in Denver,Ninth Street and Washington Avenue,https://whatnow.com/denver/restaurants/sweet-bloom-coffee-roasters-to-open-new-location-in-denver/,2026-05-15
2026-05-14,Paladino’s Italian Eatery to Debut Mesa Location,"2711 S Alma School Rd, Mesa, AZ 85210",https://whatnow.com/phoenix/restaurants/paladinos-italian-eatery-to-debut-mesa-location/,2026-05-15
2026-05-14,7 Brew Bringing Mid-Summer Caffeine Boost to Memphis,"2828 N Germantown Parkyway, Memphis, TN 38133",https://whatnow.com/memphis/restaurants/7-brew-bringing-mid-summer-caffeine-boost-to-memphis/,2026-05-14
2026-05-14,Chicago Chef Perfects the Gourmet Baked Potato,,https://whatnow.com/chicago/restaurants/chicago-chef-perfects-the-gourmet-baked-potato/,2026-05-15
2026-05-14,Yoka Tea Eyes Ballard Expansion Following Madrona Success,"5335 Ballard Ave NW, Seattle, WA 98107",https://whatnow.com/seattle/restaurants/yoka-tea-eyes-ballard-expansion-following-madrona-success/,2026-05-14
2026-05-14,Experienced Pizza Maker Preparing New Concept on North Side of Fenton,"14330 Fenton Rd, Fenton, MI 48430",https://whatnow.com/detroit/restaurants/experienced-pizza-maker-preparing-new-concept-on-north-side-of-fenton/,2026-05-15
2026-05-14,Union Square Donuts Bringing Sweet Treats and Drinks to Hingham's Derby Street Shops,"94 Derby St, Hingham, MA 02043",https://whatnow.com/boston/restaurants/union-square-donuts-bringing-sweet-treats-and-drinks-to-hinghams-derby-street-shops/,2026-05-15
2026-05-14,Cafe Bar J.F. Opens in Williamsburg | What Now New York,"50 Withers St, Brooklyn, NY 11211",https://whatnow.com/new-york/restaurants/cafe-bar-j-f-opens-in-williamsburg/,2026-05-15
2026-05-14,Potbelly Sandwich Shop Eyes Downtown Knoxville For First East Tennessee Location,,https://whatnow.com/nashville/restaurants/potbelly-sandwich-shop-eyes-downtown-knoxville-for-first-east-tennessee-location/,2026-05-15
2026-05-14,Babbi Babbi Korean Kitchen Plans Opening of Third Location,"10799 Moss Park Rd, Orlando, FL 32832",https://whatnow.com/orlando/restaurants/babbi-babbi-korean-kitchen-plans-opening-of-third-location/,2026-05-15
2026-05-14,On The Grind Bringing Coffee Kiosk To Kyle | What Now Austin,,https://whatnow.com/austin/restaurants/on-the-grind-bringing-coffee-kiosk-to-kyle/,2026-05-14
2026-05-13,La Gita Kitchen and Focacceria Planned For Westlake Village | What Now Los Angeles,"County Line Shopping Center, 4619 Lakeview Canyon Rd, Westlake Village, CA 91361",https://whatnow.com/los-angeles/restaurants/la-gita-kitchen-and-focacceria-planned-for-westlake-village/,2026-05-15
2026-05-13,New Concept Under Pressure Bringing Nontraditional Approach To Wine Pairings In Chastain | What Now Atlanta,"4920 Roswell Rd, Atlanta, GA 30342",https://whatnow.com/atlanta/restaurants/new-concept-under-pressure-bringing-nontraditional-approach-to-wine-pairings-in-chastain/,2026-05-13
2026-05-13,Mendocino Farms to Open New Phoenix Location This Summer,,https://whatnow.com/phoenix/restaurants/mendocino-farms-to-open-first-phoenix-location-this-summer/,2026-05-15
2026-05-13,Little Alley Steakhouse Revives Uptown Charlotte Plans With $3.7M Permit Filing,"Truist Center, 214 N Tryon St, Charlotte, NC 28202, USA",https://whatnow.com/charlotte/restaurants/little-alley-steakhouse-revives-uptown-charlotte-plans-with-3-7m-permit-filing/,2026-05-13
2026-05-13,Fine Dining Hamburg Restaurant Announces Closure After 23-Year Run,"52 Main St, Hamburg, NY 14075",https://whatnow.com/new-york/restaurants/fine-dining-hamburg-restaurant-announces-closure-after-23-year-run/,2026-05-13
2026-05-13,Authentic Vietnamese Eatery Coming to Downtown Savannah,"114 E Broughton St., Savannah, GA 31401",https://whatnow.com/charleston/restaurants/authentic-vietnamese-eatery-coming-to-downtown-savannah/,2026-05-13
2026-05-13,Late-Night Smash Burger Concept Set to Debut in Berkley,"2375 Coolidge Hwy, Berkley, MI 48072",https://whatnow.com/detroit/restaurants/late-night-smash-burger-concept-set-to-debut-in-berkley/,2026-05-13
2026-05-13,Himari to Open a Second Location in Former Bank of America in Uptown,"6414 San Felipe St a, Houston, TX 77057",https://whatnow.com/houston/restaurants/himari-to-open-a-second-location-in-former-bank-of-america-in-uptown/,2026-05-13
2026-05-13,Popular American Chinese Restaurant Brand Opening First Boston-Area Location,"5 District Ave, Dorchester",https://whatnow.com/boston/restaurants/popular-american-chinese-restaurant-brand-opening-first-boston-area-location/,2026-05-13
2026-05-13,‘Assembly’ Restaurant From Saddleback BBQ Owner Coming to Mason,"402 S Jefferson St, Mason, MI 48854",https://whatnow.com/detroit/restaurants/assembly-restaurant-from-saddleback-bbq-owner-coming-to-mason/,2026-05-13
2026-05-13,"Jim’s Original Relocating to New Pilsen Storefront, Adding Breakfast Menu","551 W 18th St, Chicago, IL 60616",https://whatnow.com/chicago/restaurants/jims-original-relocating-to-new-pilsen-storefront-adding-breakfast-menu/,2026-05-13
2026-05-13,"Lucky Village Chinese Buffet Undergoes $200,000 Renovations","10755 Westheimer Rd, Houston, TX 77042",https://whatnow.com/houston/restaurants/lucky-village-chinese-buffet-undergoes-200000-renovations/,2026-05-13
2026-05-13,Pinsarella Market To Debut in San Diego,"8131 La Mesa Blvd, La Mesa, CA 91942, USA",https://whatnow.com/san-diego/restaurants/pinsarella-market-to-debut-in-san-diego/,2026-05-13
2026-05-13,Dave’s Hot Chicken Expanding to Helotes With New Northwest San Antonio Location,"9257 N Loop 1604 W, Helotes, TX 78023, USA",https://whatnow.com/san-antonio/restaurants/daves-hot-chicken-expanding-to-helotes-with-new-northwest-san-antonio-location/,2026-05-13
2026-05-13,New Seafood and Cocktail Bar Opening in Williamsburg,"6 River St, Brooklyn, NY 11249",https://whatnow.com/new-york/restaurants/new-seafood-and-cocktail-bar-opening-in-williamsburg/,2026-05-13
2026-05-13,Deluxe Bar Headed to Columbia Heights,"3606 14th St NW, Washington, DC 20010",https://whatnow.com/washington-dc/restaurants/deluxe-bar-headed-to-columbia-heights/,2026-05-15
2026-05-13,Popular Fast-Casual Mediterranean Chain Expands with New Westlake Village Location,"968-12 S Westlake Blvd, Westlake Village, CA 91361",https://whatnow.com/los-angeles/restaurants/popular-fast-casual-mediterranean-chain-expands-with-new-westlake-village-location/,2026-05-13
2026-05-13,Dunkin’ Planning Major Return to Canada Through New Foodtastic Deal,,https://whatnow.com/toronto/restaurants/dunkin-planning-major-return-to-canada-through-new-foodtastic-deal/,2026-05-15
2026-05-13,Tortillas Chiwas Owners Plan Expansion Beyond Phoenix With New Concept,"914 N Grande Ave, Tucson, AZ 85745",https://whatnow.com/phoenix/restaurants/tortillas-chiwas-owners-plan-expansion-beyond-phoenix-with-new-concept/,2026-05-13
2026-05-13,Joe Vicari Restaurant Group to Operate Hook in St. Clair Shores with New Menu,"24214 Jefferson Ave, St Clair Shores, MI 48080",https://whatnow.com/detroit/restaurants/joe-vicari-restaurant-group-to-operate-hook-in-st-clair-shores-with-new-menu/,2026-05-13
2026-05-13,Blueberrys Autograph Set to Open in North Myrtle Beach,,https://whatnow.com/charleston/restaurants/blueberrys-autograph-set-to-open-in-north-myrtle-beach-this-fall/,2026-05-13
2026-05-13,Leuty’s on Queen Preparing to Open in Toronto’s Beaches Neighborhood,"1963 Queen St E, Toronto, ON M4L 1H8, Canada",https://whatnow.com/toronto/restaurants/leutys-on-queen-preparing-to-open-in-torontos-beaches-neighborhood/,2026-05-15
2026-05-13,Georgian Bakery Café and Natural Wine Bar Coming to the East Village,"501 E 6th St, New York, NY 10009",https://whatnow.com/new-orleans/restaurants/georgian-bakery-cafe-and-natural-wine-bar-coming-to-the-east-village/,2026-05-13
2026-05-13,First-of-Its-Kind Hand Roll Concept Opening in Charlotte,"420 E 22nd St, Charlotte, NC 28206",https://whatnow.com/charlotte/restaurants/first-of-its-kind-hand-roll-concept-opening-in-charlotte/,2026-05-13
2026-05-13,Huddle Tavern Ramping Up Toward Construction In Cedar Park | What Now Austin,"604 N Bell Blvd, Cedar Park, TX 78613",https://whatnow.com/austin/restaurants/huddle-tavern-ramping-up-toward-construction/,2026-05-13
2026-05-13,Pokeworks Plans Major Greater Boston Expansion,,https://whatnow.com/boston/restaurants/pokeworks-plans-major-greater-boston-expansion/,2026-05-13
2026-05-13,West Coast Coffee Chain Better Buzz Coffee Making Florida Debut in Tampa Bay,"3290 Word Way, New Port Richey, FL 34655",https://whatnow.com/tampa/restaurants/west-coast-coffee-chain-better-buzz-coffee-making-florida-debut-in-tampa-bay/,2026-05-13
2026-05-13,The Stand Expanding to Encinitas With New Restaurant,"267 N El Camino Real, Encinitas, CA 92024, USA",https://whatnow.com/san-diego/restaurants/the-stand-expanding-to-encinitas-with-new-restaurant/,2026-05-13
2026-05-13,Katz Coffee One of Four New Tenants to Open at the IAH,"3100 N Terminal Rd, Houston, TX 77032",https://whatnow.com/houston/restaurants/katz-coffee-one-of-four-new-tenants-to-open-at-the-iah/,2026-05-15
2026-05-13,"Kueva to Bring an ""Exclusive, Modern Dining Experience"" to the Valley","6250 McLeod Dr, Las Vegas, NV 89120",https://whatnow.com/las-vegas/restaurants/kueva-to-bring-an-exclusive-modern-dining-experience-to-the-valley/,2026-05-13
2026-05-13,The Shapeshifter Bringing Themed Cocktail Bar Experience to Franklinton This May,"129 Mc Dowell St, Columbus, OH 43215, USA",https://whatnow.com/columbus/restaurants/the-shapeshifter-bringing-themed-cocktail-bar-experience-to-franklinton-this-may/,2026-05-13
2026-05-13,Westside Motor Lounge Team Bringing Pop-Up To The Krog District | What Now Atlanta,"112 Krog St NE, Atlanta, GA 30307",https://whatnow.com/atlanta/restaurants/westside-motor-lounge-team-bringing-pop-up-to-the-krog-district/,2026-05-13
2026-05-13,Dough In The Box Donuts Adding Fourth Location | What Now Atlanta,"237 Mitchell St SW, Atlanta, GA 30303",https://whatnow.com/atlanta/restaurants/dough-in-the-box-donuts-adding-fourth-location/,2026-05-15
2026-05-13,Kankakee Local Building ‘Encanto’ Coffee Shop to Serve Mexican Pastries,"869 W Jeffery St, Kankakee, IL 60901",https://whatnow.com/chicago/restaurants/kankakee-local-building-encanto-coffee-shop-to-serve-mexican-pastries/,2026-05-13
2026-05-12,7 Brew Franchise Group Planning New Adrian Location Near Meijer,,https://whatnow.com/detroit/restaurants/7-brew-franchise-group-planning-new-adrian-location-near-meijer/,2026-05-12
2026-05-12,Iris Galerie to Brighten Up The Shoppes At Mandalay Place With an Opening,"3930 S Las Vegas Blvd, Las Vegas, NV 89119",https://whatnow.com/las-vegas/restaurants/iris-galerie-to-brighten-up-the-shoppes-at-mandalay-place-with-an-opening/,2026-05-12
2026-05-12,A Beloved Taco Restaurant Has Closed Its Doors in Floral Park,"155 Tulip Ave, Floral Park, NY 11001, United States",https://whatnow.com/new-york/restaurants/a-beloved-taco-restaurant-has-closed-its-doors-in-floral-park/,2026-05-12
2026-05-12,Owners of Le Bouchon Keeping with French Theme for New Chicken Takeout Spot,"2234 N Western Ave, Chicago, IL 60647",https://whatnow.com/chicago/restaurants/owners-of-le-bouchon-keeping-with-french-theme-for-new-chicken-takeout-spot/,2026-05-12
2026-05-12,Frankie’s Fun Park in Charleston Prepares for Reopening,"5000 Ashley Phosphate Rd., North Charleston, SC 29418",https://whatnow.com/charleston/restaurants/frankies-fun-park-undergoing-renovations-ahead-of-new-debut-in-north-charleston/,2026-05-12
2026-05-12,A Popular Butcher-Style Restaurant Is Closing One of Its Original Locations,"8044 Kercheval Ave, Detroit, MI 48214, United States",https://whatnow.com/detroit/restaurants/a-popular-butcher-style-restaurant-is-closing-one-of-its-original-locations/,2026-05-12
2026-05-12,A 37-Year-Old Nashville Restaurant Is Reopening for Full Dine-In Service,"3307 Charlotte Ave, Nashville, TN 37209",https://whatnow.com/nashville/restaurants/a-37-year-old-nashville-restaurant-is-reopening-for-full-dine-in-service/,2026-05-12
2026-05-12,A Fast-Growing Hawaiian Restaurant Chain Is Opening Another Las Vegas Location,"5485 Camino Al Norte, North Las Vegas, NV 89135",https://whatnow.com/las-vegas/restaurants/a-fast-growing-hawaiian-restaurant-chain-is-opening-another-las-vegas-location/,2026-05-12
2026-05-12,Carrabba’s Italian Grill Building $2.75M Restaurant in Tomball,"13215 Grand Pkwy, Tomball, TX 77377",https://whatnow.com/houston/restaurants/carrabbas-italian-grill-building-2-75m-restaurant-in-tomball/,2026-05-12
2026-05-12,The Alaskan Fish Spot to Bring Fresh Seafood to the Valley,"2121 E Sahara Ave, Las Vegas, NV 89104",https://whatnow.com/las-vegas/restaurants/the-alaskan-fish-spot-to-bring-fresh-seafood-to-the-valley/,2026-05-12
2026-05-12,A Longtime Austin Dessert Favorite Is Preparing to Serve Its Final Orders,"7800 S 1st St, Austin, TX 78745",https://whatnow.com/austin/restaurants/a-longtime-austin-dessert-favorite-is-preparing-to-serve-its-final-orders/,2026-05-12
2026-05-11,Texas de Brazil to Open at Lehigh Valley Mall in Whitehall,"250 Lehigh Valley Mall, Whitehall Township, PA 18052",https://whatnow.com/philadelphia/restaurants/texas-de-brazil-to-open-at-lehigh-valley-mall-in-whitehall/,2026-05-11
2026-05-11,Popular Joliet Mall Restaurant Shuts Down Following Tragic Incident,"3151 Voyager Ln, Joliet, IL 60431",https://whatnow.com/chicago/restaurants/popular-joliet-mall-restaurant-shuts-down-following-tragic-incident/,2026-05-11
2026-05-11,MaGerk’s Pub & Grill to Expand to West Chester,"3 W Gay St. West Chester, PA 19380",https://whatnow.com/philadelphia/restaurants/magerks-pub-grill-expands-greater-philadelphia-footprint-with-west-chester-location/,2026-05-11
2026-05-11,Vietnamese-Influenced Café Coming to Lafayette Parish,"3204 E Milton Ave, Youngsville, LA 70592",https://whatnow.com/new-orleans/restaurants/vietnamese-influenced-cafe-coming-to-lafayette-parish/,2026-05-11
2026-05-11,Crumbl and 4 More Atlanta Restaurant Openings We Uncovered Last Week (May 4-8),,https://whatnow.com/atlanta/restaurants/crumbl-and-4-more-atlanta-restaurant-openings-we-uncovered-last-week-may-4-8/,2026-05-11
2026-05-11,Steel City Brewing to Open in Coatesville This Spring,"132 Lincoln Hwy. E, Coatesville, PA 19320",https://whatnow.com/philadelphia/restaurants/steel-city-brewing-to-open-in-coatesville-this-spring-under-restaurateur-philip-ferro/,2026-05-11
2026-05-11,Daily Press Cafe to Take Over Kung Fu Tea in Downtown West Dearborn,"22001 Michigan Ave, Dearborn, MI 48124",https://whatnow.com/detroit/restaurants/daily-press-cafe-to-take-over-kung-fu-tea-in-downtown-west-dearborn/,2026-05-11
2026-05-11,A Viral Burger Brand Is Expanding With Its First Permanent Las Vegas Restaurant,"124 S 6th St, Las Vegas, NV 89101",https://whatnow.com/las-vegas/restaurants/a-viral-burger-brand-is-expanding-with-its-first-permanent-las-vegas-restaurant/,2026-05-11
2026-05-11,Blank Street Brewing Up Second Philadelphia Location,"1801 Spruce St., Philadelphia, PA 19103",https://whatnow.com/philadelphia/restaurants/blank-street-brewing-up-second-philadelphia-location/,2026-05-11
2026-05-11,Thai Staple Langbaan Moving Southeast for Next Portland Location,"215 SE 9th Ave, Portland, OR 97214",https://whatnow.com/portland/restaurants/thai-staple-langbaan-moving-southeast-for-next-portland-location/,2026-05-11
2026-05-11,"New 11,500-Square-Foot Beach Club Set to Debut in Miami Beach’s Art Deco District","1717 Collins Ave, Miami Beach, FL 33139, United States",https://whatnow.com/miami/restaurants/new-11500-square-foot-beach-club-set-to-debut-in-miami-beachs-art-deco-district/,2026-05-11
2026-05-11,New 7 Brew Location Planned For Tullahoma,"2102 N Jackson St, Tullahoma, TN 37388, USA",https://whatnow.com/nashville/restaurants/new-7-brew-location-planned-for-tullahoma/,2026-05-11
2026-05-11,"Victory Bar & Grill Under New Ownership, Plans Refresh","795 NJ-73 West Berlin, NJ 08091",https://whatnow.com/philadelphia/restaurants/victory-bar-grill-under-new-ownership-with-a-planned-refresh/,2026-05-11
2026-05-11,New Orleans Restaurant Known for German-Inspired Menu to Close on June 1,"617-B Piety, New Orleans, LA 70117",https://whatnow.com/new-orleans/restaurants/new-orleans-restaurant-known-for-german-inspired-menu-to-close-on-june-1/,2026-05-11
2026-05-11,New ‘Wasai BBQ’ Concept to Serve Korean Barbecue in Chinatown,"2237 S Wentworth Ave, Chicago, IL 60616",https://whatnow.com/chicago/restaurants/new-wasai-bbq-concept-to-serve-korean-barbecue-in-chinatown/,2026-05-11
2026-05-11,Ocean Drive Smash Burger Hotspot Opened Its First Las Vegas Location,"3377 Las Vegas Blvd S #2170, Las Vegas, NV 89109, United States",https://whatnow.com/las-vegas/restaurants/ocean-drive-smash-burger-hotspot-opened-its-first-las-vegas-location/,2026-05-11
2026-05-10,A Forkful Restaurant and Catering Making Memphis Plans,"2650 Thousand Oaks Blvd, Memphis, TN 38118",https://whatnow.com/memphis/restaurants/a-forkful-restaurant-and-catering-making-memphis-plans/,2026-05-10
2026-05-10,Gina’s Place to Reopen this Summer,"2400 S Caraway Rd, Jonesboro, AR 72401",https://whatnow.com/memphis/restaurants/ginas-place-to-reopen-this-summer/,2026-05-10
2026-05-10,Food Hall Juggernaut Continues DMV Expansion,"20936 Frederick Rd, Germantown, MD 20876",https://whatnow.com/washington-dc/restaurants/food-hall-juggernaut-continues-dmv-expansion/,2026-05-11
2026-05-10,West Memphis Prepares to Greet Texas-Favorite,,https://whatnow.com/memphis/restaurants/west-memphis-prepares-to-greet-texas-favorite/,2026-05-11
2026-05-10,Qdoba to Feed DFW Flyers,"2625 North International Parkway, Dallas, TX 75261",https://whatnow.com/dallas/restaurants/qdoba-to-feed-dfw-flyers/,2026-05-11
2026-05-10,McAlister’s Deli Headed to Jonesboro,"2024 Fair Park Blvd., Jonesboro, AR 72401",https://whatnow.com/memphis/restaurants/mcalisters-deli-headed-to-jonesboro/,2026-05-10
2026-05-10,Zaxbys Begins Work on New Maryland Location,,https://whatnow.com/washington-dc/restaurants/zaxbys-begins-work-on-new-maryland-location/,2026-05-11
2026-05-09,"No Diggity, New Cafe Concept, Slated to Open on Bell Street","2307 Bell St, Houston, TX 77003",https://whatnow.com/houston/restaurants/no-diggity-new-cafe-concept-slated-to-open-on-bell-street/,2026-05-09
2026-05-08,Popular Northern Colorado Tavern to Shut Down After 16 Years of Operation,"2918 67th Ave, Greeley, CO 80634",https://whatnow.com/denver/restaurants/popular-northern-colorado-tavern-to-shut-down-after-16-years-of-operation/,2026-05-08
2026-05-08,Lobster King Seafood to Team up With A1 Wings & Things,"420 S Germantown Pkwy, Cordova, TN 38018",https://whatnow.com/memphis/restaurants/lobster-king-seafood-to-team-up-with-a1-wings-things/,2026-05-09
2026-05-08,New Bar Looks to Be Opening in Pioneer Courthouse Square,"701 SW 6th Ave, Portland, OR 97204",https://whatnow.com/portland/restaurants/new-bar-looks-to-be-opening-in-pioneer-courthouse-square/,2026-05-08
2026-05-08,JP's Brasserie & Sports Den to Debut in Shopping Center on Sahara,"5781 W Sahara Ave, Las Vegas, NV 89146",https://whatnow.com/las-vegas/restaurants/jps-brasserie-sports-den-to-debut-in-shopping-center-on-sahara/,2026-05-09
2026-05-08,PRESS Coffee Planning New Cafe in Peoria,"10134 W Happy Valley Rd, Peoria, AZ 85383",https://whatnow.com/phoenix/restaurants/press-coffee-planning-new-cafe-in-peoria/,2026-05-09
2026-05-08,New Japanese Restaurant from Indigo Road Opening in the Vandeveer,"515 N Pearl St, Jacksonville, FL 32202",https://whatnow.com/jacksonville/restaurants/new-japanese-restaurant-from-indigo-road-opening-in-the-vandeveer/,2026-05-09
2026-05-08,La Costa Chef to Open Modern Mexican Restaurant in East Sacramento,"3675 J St, Sacramento, CA 95816",https://whatnow.com/sacramento/restaurants/la-costa-chef-to-open-modern-mexican-restaurant-in-east-sacramento/,2026-05-08
2026-05-08,Naya Comida + Barrita Opening in Maitland,,https://whatnow.com/orlando/restaurants/naya-comida-barrita-opening-in-maitland/,2026-05-09
2026-05-08,SAVI Mexican Grill to Bring Asian-Influenced Burritos and Bowls to Elk Grove,"8234 Laguna Blvd, Suite 140, Elk Grove, CA 95758",https://whatnow.com/sacramento/restaurants/savi-mexican-grill-to-bring-asian-influenced-burritos-and-bowls-to-elk-grove/,2026-05-08
2026-05-08,Jacaranda Opens In Los Angeles | What Now Los Angeles,"6623 Melrose Ave, Los Angeles, CA 90038",https://whatnow.com/los-angeles/restaurants/jacaranda-opens-in-los-angeles/,2026-05-08
2026-05-08,Major Miami Entertainment Venue Reopening After Extensive Renovation,"11481 NW 12th St, Miami, FL 33172",https://whatnow.com/miami/restaurants/major-miami-entertainment-venue-reopening-after-extensive-renovation/,2026-05-08
2026-05-08,Bristol Republic Set to Open Nashville-Inspired Dublin Venue at Bridge Park Next Month,"4495 Bridge Park Ave, Dublin, OH 43017, USA",https://whatnow.com/columbus/restaurants/bristol-republic-set-to-open-nashville-inspired-dublin-venue-at-bridge-park-next-month/,2026-05-08
2026-05-08,SOKO Butcher Bringing One of the Region’s Best Sandwiches to Arlington,"269 19th Ct S, Arlington, VA 22202",https://whatnow.com/washington-dc/restaurants/soko-butcher-bringing-one-of-the-regions-best-sandwiches-to-arlington/,2026-05-09
2026-05-08,Another Peet’s Coffee Location Could Be Brewing in Greater Sacramento,"2281 Del Paso Rd, Suite 150, Sacramento, CA 95835",https://whatnow.com/sacramento/restaurants/another-peets-coffee-location-could-be-brewing-in-greater-sacramento/,2026-05-09
2026-05-08,New 'Taco Works' Concept to Debut Near Cicero in Early Summer,"3800 S Cicero Ave, Cicero, IL 60804",https://whatnow.com/chicago/restaurants/new-taco-works-concept-to-debut-near-cicero-in-early-summer/,2026-05-08
2026-05-08,Local SF Supermarket Owner Planning Massive Vietnamese Street Food Restaurant in South Sacramento,"4582 Mack Rd, Sacramento, CA 95823",https://whatnow.com/sacramento/restaurants/local-sf-supermarket-owner-planning-massive-vietnamese-street-food-restaurant-in-south-sacramento/,2026-05-08
2026-05-08,The June Opening in Downtown Jacksonville,"424 N Hogan St, Jacksonville, FL 32202",https://whatnow.com/jacksonville/restaurants/the-june-opening-in-downtown-jacksonville/,2026-05-09
2026-05-08,The Peasant’s Courtyard Closes in Alamo as Worth Group Rebrands to The Courtyard Restaurant,"3195 Danville Blvd, Alamo, CA 94507, United States",https://whatnow.com/san-francisco/restaurants/the-peasants-courtyard-closes-in-alamo-as-worth-group-rebrands-to-the-courtyard-restaurant/,2026-05-09
2026-05-08,Migration Coffee Co. Planning Brick-and-Mortar Location | What Now Atlanta,"115 Pacific Ave, Bremen, GA 30110",https://whatnow.com/atlanta/restaurants/migration-coffee-co-planning-brick-and-mortar-location/,2026-05-08
2026-05-08,Willy Buck’s Backyard Grill Looks to Be Opening Brick-and-Mortar Location,"1317 S 14th St, Leesburg, FL 34748",https://whatnow.com/orlando/restaurants/willy-bucks-backyard-grill-looks-to-be-opening-brick-and-mortar-location/,2026-05-08
2026-05-08,New Jersey Mike’s Planned for Wesley Chapel’s Summertree Plaza,"32801 Eiland Blvd, Wesley Chapel, FL 33545",https://whatnow.com/tampa/restaurants/new-jersey-mikes-planned-for-wesley-chapels-summertree-plaza/,2026-05-08
2026-05-08,On the Bun Bringing Vintage Diner Energy and Smash Burgers to Lowell,"120 Merrimack St, Lowell, MA 01852",https://whatnow.com/boston/restaurants/on-the-bun-bringing-vintage-diner-energy-and-smash-burgers-to-lowell/,2026-05-09
2026-05-08,Oakland Asian Fusion Restaurant Set to Close on Claremont Avenue,"6200 Claremont Ave, Oakland, CA 94618",https://whatnow.com/san-francisco/restaurants/oakland-asian-fusion-restaurant-set-to-close-on-claremont-avenue/,2026-05-08
2026-05-08,CINTLI to Debut With Heirloom Corn Culinary Experiences,,https://whatnow.com/charleston/restaurants/cintli-to-debut-with-heirloom-corn-culinary-experiences-foundational-to-nourishment-community/,2026-05-08
2026-05-08,Owner of Da’Hui Hawaiian Bar & Grill Plans New Venue,"8000 SE Foster Rd, Portland, OR 97206",https://whatnow.com/portland/restaurants/owner-of-dahui-hawaiian-bar-grill-plans-new-venue/,2026-05-09
2026-05-08,New Restaurant Quietly Taking Shape at Folsom's Broadstone Plaza,"2791 E Bidwell St, Suite 100, Folsom, CA 95630",https://whatnow.com/sacramento/restaurants/new-restaurant-quietly-taking-shape-at-folsoms-broadstone-plaza/,2026-05-09
2026-05-08,Popular California Seafood Chain Pacific Catch Opens at Brea Mall,"1430 Brea Mall, Brea, CA 92821, USA",https://whatnow.com/orange-county/restaurants/popular-california-seafood-chain-pacific-catch-opens-at-brea-mall/,2026-05-08
2026-05-08,Nevermore Tavern Bringing a Variety of Spirits to DFW,"170 W Main St, Lewisville, TX 75057",https://whatnow.com/dallas/restaurants/nevermore-tavern-bringing-a-variety-of-spirits-to-dfw/,2026-05-09
2026-05-08,Cobra Clutch Cocktail Bar to Debut in Downtown Las Vegas,"1201 S Main St, Las Vegas, NV 89104",https://whatnow.com/las-vegas/restaurants/cobra-clutch-cocktail-bar-to-debut-in-downtown-las-vegas/,2026-05-09
2026-05-08,Owner of Candelaria Eatery & Cafe Opening Salbio Coffee & Bites,"4060 Thomas St b01, Oxford, FL 34484",https://whatnow.com/orlando/restaurants/salbio-coffee-and-bites-opening-in-oxford/,2026-05-09
2026-05-08,Exclusive Dallas Wine Club Headed for DC,"1115 30th St NW, Washington, DC 20007",https://whatnow.com/washington-dc/restaurants/exclusive-dallas-wine-club-headed-for-dc/,2026-05-09
2026-05-08,Koyo to Open a Second Location,"1835 N Shepherd Dr, Houston, TX 77008",https://whatnow.com/houston/restaurants/koyo-to-open-a-second-location/,2026-05-09
2026-05-08,Wingstop to Open in Within the Highlands Shopping Center,"300 N Main St, Highlands, TX 77562",https://whatnow.com/houston/restaurants/wingstop-to-open-in-within-the-highlands-shopping-center/,2026-05-09
2026-05-08,Ugah’s Bakery may open its first spot in Newport Beach,"349 Old Newport Blvd, Newport Beach, CA 92663",https://whatnow.com/orange-county/restaurants/ugahs-bakery/,2026-05-09
2026-05-08,Stoner’s Pizza Joint Plans 8 New Locations in Orlando Metro Area,,https://whatnow.com/orlando/restaurants/stoners-pizza-joint-plans-8-new-locations-in-orlando-metro-area/,2026-05-09
2026-05-08,Keke's Breakfast Cafe Coming to Pembroke Pines,"10800 Pines Blvd, Pembroke Pines, FL 33026",https://whatnow.com/miami/restaurants/kekes-breakfast-cafe-coming-to-pembroke-pines/,2026-05-08
2026-05-08,IHOP Plans New Location in Haines City,"37051 US-27, Haines City, FL 33844",https://whatnow.com/tampa/restaurants/ihop-plans-new-location-in-haines-city/,2026-05-08
2026-05-08,Salvage City Supper Club Returns to EDC Las Vegas,"7000 Las Vegas Blvd N, Las Vegas, NV 89115",https://whatnow.com/las-vegas/restaurants/salvage-city-supper-club-returns-to-edc-las-vegas/,2026-05-09
2026-05-08,Cowy Burger's Award-Winning Smash Burgers Coming to Doral,,https://whatnow.com/miami/restaurants/cowy-burgers-award-winning-smash-burgers-coming-to-doral/,2026-05-08
2026-05-08,Former Black Water Space Looks to Be Getting a New Life,"835 NE Broadway, Portland, OR 97232",https://whatnow.com/portland/restaurants/former-black-water-space-looks-to-be-getting-a-new-life/,2026-05-09
2026-05-08,Viva Healthy Headed to Winter Park,"7612 University Blvd Unit 21, Winter Park, FL 32792",https://whatnow.com/orlando/restaurants/viva-healthy-headed-to-winter-park/,2026-05-09
2026-05-08,Couve Carts Opening in Downtown Vancouver,"W Evergreen Blvd & Daniels St, Vancouver, WA 98660",https://whatnow.com/portland/restaurants/couve-carts-opening-in-downtown-vancouver/,2026-05-09
2026-05-08,Daily Provisions to Open New Café in Boston's Back Bay,"501 Boylston St, Boston, MA 02116",https://whatnow.com/boston/restaurants/daily-provisions-to-open-new-cafe-in-bostons-back-bay/,2026-05-08
2026-05-08,Dragon Alley Coffee Planning To ‘Brew Magic’ In Santa Monica | What Now Los Angeles,"312 Santa Monica Blvd, Santa Monica, CA 90401",https://whatnow.com/los-angeles/restaurants/dragon-alley-coffee-planning-to-brew-magic-in-santa-monica/,2026-05-08
2026-05-08,Major Perk Coffee to Pour a Cup for Fort Worth,"1405 S Cherry Ln, Fort Worth, TX 76108",https://whatnow.com/dallas/restaurants/major-perk-coffee-to-pour-a-cup-for-fort-worth/,2026-05-09
2026-05-08,Skyduster Beer Opening In Fashion District This Summer | What Now Los Angeles,"1124 San Julian St, Los Angeles, CA 90015",https://whatnow.com/los-angeles/restaurants/skyduster-beer-opening-in-fashion-district-this-summer/,2026-05-08
2026-05-08,Mile Marker 803 Clubhouse Opening in Palm Coast’s European Village,"101 Palm Harbor Pkwy, Palm Coast, FL 32137",https://whatnow.com/jacksonville/restaurants/mile-marker-803-clubhouse-opening-in-palm-coasts-european-village/,2026-05-08
2026-05-08,Rising Costs Force Longtime Hollywood Burger Restaurant to Close,"7000 Hollywood Blvd, Los Angeles, CA 90028, United States",https://whatnow.com/los-angeles/restaurants/rising-costs-force-longtime-hollywood-burger-restaurant-to-close/,2026-05-08
2026-05-08,"Black Sheep Coffee To Open in Doral, Miami Beach","10800 NW 41st St, Doral, FL 33172",https://whatnow.com/miami/restaurants/black-sheep-coffee-to-open-in-doral-miami-beach/,2026-05-08
2026-05-08,Popular Chicago Neighborhood Pizza Spot Set to Close on May 22,"1706 W Foster Ave, Chicago, IL 60640",https://whatnow.com/chicago/restaurants/popular-chicago-neighborhood-pizza-spot-set-to-close-on-may-22/,2026-05-08
2026-05-08,Owner of Bay City’s 'Stock Pot' Building New Kitchen with Crafted Cocktails,"8 State Park Dr, Bay City, MI 48706",https://whatnow.com/detroit/restaurants/owner-of-bay-citys-stock-pot-building-new-kitchen-with-crafted-cocktails/,2026-05-08
2026-05-08,Cocktails and Content: Inside the Bar Concept Coming to Hell's Kitchen,"359 W 54th St, New York, NY 10019",https://whatnow.com/new-york/restaurants/cocktails-and-content-inside-the-bar-concept-coming-to-hells-kitchen/,2026-05-08
2026-05-08,New 300-Seat Chef-Driven Italian Dining Concept Set to Open in Katy,"23501 Cinco Ranch Blvd, Katy, TX 77494",https://whatnow.com/houston/restaurants/new-300-seat-chef-driven-italian-dining-concept-set-to-open-in-katy/,2026-05-08
2026-05-08,Local Handel’s Franchisees Expanding To Second Austin Store | What Now Austin,"19389 Ronald Reagan Blvd #150, Leander, TX 78641",https://whatnow.com/austin/restaurants/local-handels-franchisees-expanding-to-second-austin-store/,2026-05-08
2026-05-08,The Jaguar Room Bringing Cocktail-Focused Concept To Knoxville’s Old City,"224 N Central St, Knoxville, TN 37902, USA",https://whatnow.com/nashville/restaurants/the-jaguar-room-bringing-cocktail-focused-concept-to-knoxvilles-old-city/,2026-05-08
2026-05-08,Madi Rum Plans 6-Acre Rum Distillery and Restaurant,,https://whatnow.com/jacksonville/restaurants/madi-rum-plans-6-acre-rum-distillery-and-restaurant/,2026-05-08
2026-05-08,The Savvy Sipper Opening in Battle Ground,"1113 SE Rasmussen Blvd, Battle Ground, WA 98604",https://whatnow.com/portland/restaurants/the-savvy-sipper-opening-in-battle-ground/,2026-05-09
2026-05-08,Dairy Queen Set to Return to Lynn After Decades Away,"414 Broadway, Lynn, MA 01904",https://whatnow.com/boston/restaurants/dairy-queen-set-to-return-to-lynn-after-decades-away/,2026-05-08
2026-05-08,Bosphorus Bringing Traditional Turkish Fare to Rocklin,"6835 Five Star Blvd, Rocklin, CA 95677",https://whatnow.com/sacramento/restaurants/bosphorus-bringing-traditional-turkish-fare-to-rocklin/,2026-05-09
2026-05-08,Café Under Construction in the Treme-Lafitte Area,"200 N Galvez St, New Orleans, LA 70112",https://whatnow.com/new-orleans/restaurants/cafe-under-construction-in-the-treme-lafitte-area/,2026-05-08
2026-05-08,100% Maracaibo Expanding to New Sarasota Location,"3915 N Lockwood Ridge Rd, Sarasota, FL 34234",https://whatnow.com/tampa/restaurants/100-maracaibo-expanding-to-new-sarasota-location/,2026-05-09
2026-05-07,Well-Known Tomball Brewpub Set for Final Service on May 17,"308 Market St, Tomball, TX 77375, United States",https://whatnow.com/houston/restaurants/well-known-tomball-brewpub-set-for-final-service-on-may-17/,2026-05-07
2026-05-07,'Meso Cafe' Concept to Open on South End of Des Plaines Near O’Hare,"570 E Oakton St, Des Plaines, IL 60018",https://whatnow.com/chicago/restaurants/meso-cafe-concept-to-open-on-south-end-of-des-plaines-near-ohare/,2026-05-07
2026-05-07,Family-Owned Coffee Shop and Gym Being Built in Downtown Potterville,"217 W Main St, Potterville, MI 48876",https://whatnow.com/detroit/restaurants/family-owned-coffee-shop-and-gym-being-built-in-downtown-potterville/,2026-05-07
2026-05-07,Longtime New Orleans Restaurant Set to Close After 50 Years,"741 Baronne St, New Orleans, LA 70113, United States",https://whatnow.com/new-orleans/restaurants/longtime-new-orleans-restaurant-set-to-close-after-50-years/,2026-05-07
2026-05-07,Chinese-Influenced French Bistro Coming to the Lower East Side,"143 Orchard St, New York, NY 10002",https://whatnow.com/new-york/restaurants/chinese-influenced-french-bistro-coming-to-the-lower-east-side/,2026-05-07
2026-05-07,Namaste Bazaar and Café Bringing Indian Groceries and Street Food to Methuen,"436 Broadway, Methuen, MA 01844",https://whatnow.com/boston/restaurants/namaste-bazaar-and-cafe-bringing-indian-groceries-and-street-food-to-methuen/,2026-05-07
2026-05-07,Doraville’s Java Saga Expanding With Alpharetta Location | What Now Atlanta,"2905 Jordan Ct h, Alpharetta, GA 30022",https://whatnow.com/atlanta/restaurants/doravilles-java-saga-expanding-with-alpharetta-location/,2026-05-08
2026-05-07,Ox-B’s Expands to Marion With Seventh Central Ohio Restaurant,"172 S Main St, Marion, OH 43302, USA",https://whatnow.com/columbus/restaurants/ox-bs-expands-to-marion-with-seventh-central-ohio-restaurant/,2026-05-07
2026-05-07,Stoner’s Pizza Joint to Light up the Plano Dining Scene,"2830 W 15th St, Plano, TX 75075",https://whatnow.com/dallas/restaurants/stoners-pizza-joint-to-light-up-the-plano-dining-scene/,2026-05-08
2026-05-07,Valentina Italian Ristorante Opens in Fairmount This Spring,"2501 Meredith St, Philadelphia, PA 19130",https://whatnow.com/philadelphia/restaurants/landi-prendi-brings-a-20-year-dream-to-life-with-valentina-italian-ristorante-in-fairmount/,2026-05-07
2026-05-07,FARE Continuing Chicago Growth with New Old Town Location,"868 N Wells St, Chicago, IL 60610",https://whatnow.com/chicago/restaurants/fare-continuing-chicago-growth-with-new-old-town-location/,2026-05-07
2026-05-07,The Abbatiello Group Acquires Shaker Cuisine & Mixologie,,https://whatnow.com/montreal/restaurants/the-abbatiello-group-acquires-shaker-cuisine-mixologie/,2026-05-07
2026-05-07,The Growth of Blazin’ Hot Chicken Continues with Planned Acadiana Location,"240 Albertson Pkwy, Broussard, LA 70518",https://whatnow.com/new-orleans/restaurants/the-growth-of-blazin-hot-chicken-continues-with-planned-acadiana-location/,2026-05-07
2026-05-07,VIỆTVANA Phở Noodle House Planning Lenox Square Flagship | What Now Atlanta,"3393 Peachtree Rd NE, Atlanta, GA 30326",https://whatnow.com/atlanta/restaurants/vietvana-pho-noodle-house-planning-lenox-square-flagship/,2026-05-07
2026-05-07,M.O. Hospitality Is Bringing a Chef-Driven Restaurant to Downtown San Jose,"181 E Santa Clara St, San Jose, CA 95113",https://whatnow.com/san-francisco/restaurants/m-o-hospitality-is-bringing-a-chef-driven-restaurant-to-downtown-san-jose/,2026-05-07
2026-05-07,"Al Volo, a New Italian Concept in Pier 57, is Adding a High Line Location",15th Street Porch - High Line,https://whatnow.com/new-york/restaurants/al-volo-a-new-italian-concept-in-pier-57-is-adding-a-high-line-location/,2026-05-07
2026-05-07,Revival Cafe + Kitchen Brewing Up Seventh Location at Harvard Enterprise Research Campus,"60 Western Ave, Allston, MA 02134",https://whatnow.com/boston/restaurants/revival-cafe-kitchen-brewing-up-seventh-location-at-harvard-enterprise-research-campus/,2026-05-07
2026-05-07,"LA Cafe Concept, Kafe, Planning Toronto Expansion","1024 Queen St W, Toronto, ON M6J 1H6, Canada",https://whatnow.com/toronto/restaurants/la-cafe-concept-kafe-planning-toronto-expansion/,2026-05-07
2026-05-07,Costa Vida Eying New DFW Home,"11480 W US Hwy 80, Forney, TX 75126",https://whatnow.com/dallas/restaurants/costa-vida-eying-new-dfw-home/,2026-05-08
2026-05-07,"A Popular Las Vegas Bakery Closes Its Chinatown Location, New Concept Planned","3616 Spring Mountain Rd #101, Las Vegas, NV 89102",https://whatnow.com/las-vegas/restaurants/a-popular-las-vegas-bakery-closes-its-chinatown-location-new-concept-planned/,2026-05-07
2026-05-07,Bro's Hot Chicken Opening Sweetwater Location,"10899 SW 4th St, Miami, FL 33174",https://whatnow.com/miami/restaurants/bros-hot-chicken-opening-sweetwater-location/,2026-05-07
2026-05-07,Happy Belly Food Group Acquiring Stake in Ghost Taco,,https://whatnow.com/toronto/restaurants/happy-belly-food-group-acquiring-stake-in-ghost-taco/,2026-05-07
2026-05-07,Beloved Rochester Hills Brunch Spot Set to Close This Weekend,"6920 N Rochester Rd, Rochester Hills, MI 48306",https://whatnow.com/detroit/restaurants/beloved-rochester-hills-brunch-spot-set-to-close-this-weekend/,2026-05-07
2026-05-07,All-Day Café-Bakery Coming to Hell’s Kitchen Corner,"637 10th Ave, New York, NY 10036",https://whatnow.com/new-york/restaurants/all-day-cafe-bakery-coming-to-hells-kitchen-corner/,2026-05-07
2026-05-07,Lebanon’s Houston Inn Making Comeback With Elevated Steakhouse Concept,"4026 US-42, Lebanon, OH 45036, USA",https://whatnow.com/columbus/restaurants/lebanons-houston-inn-making-comeback-with-elevated-steakhouse-concept/,2026-05-07
2026-05-07,The Burnt Tongue Expanding to Burlington,"491 Appleby Line, Burlington, ON L7L 2Y1, Canada",https://whatnow.com/toronto/restaurants/the-burnt-tongue-expanding-to-burlington/,2026-05-07
2026-05-07,APizza Brooklyn Resto & Vino Planning a Doral Location,"10825 NW 40th Street, Doral, FL 33178",https://whatnow.com/miami/restaurants/apizza-brooklyn-resto-vino-planning-a-doral-location/,2026-05-07
2026-05-06,"Metro Pizza, a Las Vegas Staple, to Open a Fifth Location in the Valley","8720 W Sunset Rd, Las Vegas, NV 89148",https://whatnow.com/las-vegas/restaurants/metro-pizza-a-las-vegas-staple-to-open-a-fifth-location-in-the-valley/,2026-05-07
2026-05-06,Denver Restaurant Leaders Gather at Trybal African Speakeasy for WhatNow Accelerate Event,"1670 Champa St, Denver, CO 80202, USA",https://whatnow.com/denver/restaurants/denver-restaurant-leaders-gather-at-trybal-african-speakeasy-for-whatnow-accelerate-event/,2026-05-06
2026-05-06,Pastaphony Expanding To Long Beach This Summer Alongside Coffee Concept | What Now Los Angeles,"210 E 3rd St, Long Beach, CA 90802",https://whatnow.com/los-angeles/restaurants/pastaphony-expanding-to-long-beach-this-summer/,2026-05-07
2026-05-06,Sake Bar Gaga to Debut in San Diego Next Month,"634 14th St, San Diego, CA 92101",https://whatnow.com/san-diego/restaurants/sake-bar-gaga-to-debut-in-san-diego-next-month/,2026-05-06
2026-05-06,Little Susie’s Coffee & Pies Expands to South Philly,"800 S 9th St., Philadelphia, PA 19147",https://whatnow.com/philadelphia/restaurants/little-susies-coffee-pies-expands-south-philly-footprint-wonderful-space/,2026-05-06
2026-05-06,New Coffee Shop Planned for Holmes Beach,"5400 Marina Dr, Holmes Beach, FL 34217",https://whatnow.com/tampa/restaurants/new-coffee-shop-planned-for-holmes-beach/,2026-05-06
2026-05-06,Better Blend Making Tampa Bay Debut on June 6,"955 E Brandon Blvd, Brandon, FL 33511",https://whatnow.com/tampa/restaurants/better-blend-making-tampa-bay-debut-on-june-6/,2026-05-06
2026-05-06,‘The Cafe at MOTO’ to Offer Coffee Spot for Artists and Innovators in Ferndale,"721 E Saratoga St, Ferndale, MI 48220",https://whatnow.com/detroit/restaurants/the-cafe-at-moto-to-offer-coffee-spot-for-artists-and-innovators-in-ferndale/,2026-05-06
2026-05-06,Turquoise Wine Bar is Coming to The Woodlands,"7 Switchbud Pl, The Woodlands, TX 77380",https://whatnow.com/houston/restaurants/turquoise-wine-bar-is-coming-to-the-woodlands/,2026-05-06
2026-05-06,"Born as a Coffee Cart, Barakah Beans Plans First Brick-and-Mortar Location","3262 Vineland Rd, Kissimmee, FL 34746",https://whatnow.com/orlando/restaurants/born-as-coffee-cart-barakah-beans-plans-first-brick-and-mortar-location/,2026-05-06
2026-05-06,Cook Out Expands Footprint With Thomasville Land Purchase as Charlotte Location Takes Shape,"10820 Woodland Beaver Rd, Charlotte, NC 28215, USA",https://whatnow.com/charlotte/restaurants/cook-out-expands-footprint-with-thomasville-land-purchase-as-charlotte-location-takes-shape/,2026-05-06
2026-05-06,Popular Alpine-Themed Restaurant in Portland Set to Close,"3384 SE Division St, Portland, OR 97202",https://whatnow.com/portland/restaurants/popular-alpine-themed-restaurant-in-portland-set-to-close/,2026-05-06
2026-05-06,La Catrachita Expands to Northeast Philly With Halal Twist,"8016 Frankford Ave., Philadelphia, PA 19136",https://whatnow.com/philadelphia/restaurants/la-catrachita-expands-to-northeast-philly-with-halal-twist/,2026-05-06
2026-05-06,16 Handles Expands To California; 2 Units Planned for North County,,https://whatnow.com/san-diego/restaurants/16-handles-expands-to-california-2-units-planned-for-north-county/,2026-05-06
2026-05-06,Al’s Yum Yum Opening in Fruit Cove,"126 San Jose Blvd, Fruit Cove, FL 32259",https://whatnow.com/jacksonville/restaurants/als-yum-yum-opening-in-fruit-cove/,2026-05-06
2026-05-06,Dairi-O Plans New Sanford Location for Fall 2026 Opening,,https://whatnow.com/charlotte/restaurants/dairi-o-plans-new-sanford-location-for-fall-2026-opening/,2026-05-06
2026-05-06,"Wine, Darling! Bringing Joyful Wine Bar Concept to Pioneer Square","313 1st Ave S, Seattle, WA 98104",https://whatnow.com/seattle/restaurants/wine-darling-bringing-joyful-wine-bar-concept-to-pioneer-square/,2026-05-06
2026-05-06,El Palacio de los Jugos is Opening in North Miami,"12500 Biscayne Blvd, Miami, FL 33181",https://whatnow.com/miami/restaurants/el-palacio-de-los-jugos-is-opening-in-north-miami/,2026-05-06
2026-05-06,Owner of Trompeau Bakery Preparing Third Location in Cherry Creek,"3239 E 2nd Ave, Denver, CO 80206",https://whatnow.com/denver/restaurants/owner-of-trompeau-bakery-preparing-third-location-in-cherry-creek/,2026-05-06
2026-05-06,Chamblee Tap and Market Secures New Building In Kennesaw | What Now Atlanta,"2881 N Main St, Kennesaw, GA 30144",https://whatnow.com/atlanta/restaurants/chamblee-tap-and-market-secures-new-building-in-kennesaw/,2026-05-06
2026-05-06,Burnet To Receive New HTeaO Location | What Now Austin,"1408 S Water St, Burnet, TX 78611",https://whatnow.com/austin/restaurants/burnet-to-receive-new-hteao-location/,2026-05-06
2026-05-06,Sushi by Bou Coming to the Financial District,"11 Stone St, New York, NY 10004",https://whatnow.com/new-york/restaurants/sushi-by-bou-coming-to-the-financial-district/,2026-05-06
2026-05-06,Floretin Rooftop Bar Pairs Signature Cocktails with Stunning Views,"617 S Spring St, Los Angeles, CA",https://whatnow.com/los-angeles/restaurants/floretin-rooftop-bar-pairs-signature-cocktails-with-stunning-views/,2026-05-06
2026-05-06,Shaah & Sheeko Eyeing June Opening in Renton,"16928 116th Ave SE Renton, WA 98058",https://whatnow.com/seattle/restaurants/shaah-sheeko-eyeing-june-opening-in-renton/,2026-05-07
2026-05-06,Nutmeg Bakery and Cafe Aims to Open its Third Location,"4120 Napier St San Diego, CA 92110, USA",https://whatnow.com/san-diego/restaurants/nutmeg-bakery-and-cafe-aims-to-open-its-third-location/,2026-05-06
2026-05-06,Two Parents Introducing ‘Mini City Play Cafe’ for West Town in Early Fall,"1701 W Grand Ave, Chicago, IL 60622",https://whatnow.com/chicago/restaurants/two-parents-introducing-play-cafe-to-west-town-in-early-fall/,2026-05-06
2026-05-06,Another Broken Egg Cafe Headed to Bandera Pointe in Northwest San Antonio,"11625 Bandera Rd, San Antonio, TX 78250, USA",https://whatnow.com/san-antonio/restaurants/another-broken-egg-cafe-headed-to-bandera-pointe-in-northwest-san-antonio/,2026-05-06
2026-05-06,Gainesville to Gain South Block,"13945 Promenade Commons St, Gainesville, VA 20155",https://whatnow.com/washington-dc/restaurants/gainesville-to-gain-south-block/,2026-05-06
2026-05-06,New Orleans Restaurateurs and Industry Leaders Come Together for What Now Media Group’s Accelerate Event,,https://whatnow.com/new-orleans/restaurants/what-now-media-groups-accelerate-event/,2026-05-06
2026-05-06,Dessert Café Planned for Hot Plaza in Baton Rouge,"7474 Corporate Blvd, Baton Rouge, LA 70809",https://whatnow.com/new-orleans/restaurants/dessert-cafe-planned-for-hot-plaza-in-baton-rouge/,2026-05-06
2026-05-06,Tropical Smoothie Cafe Headed to Neptune Beach,"628 Atlantic Blvd, Neptune Beach, FL 32266",https://whatnow.com/jacksonville/restaurants/tropical-smoothie-cafe-headed-to-neptune-beach/,2026-05-06
2026-05-06,A Popular Tennessee Barbeque Brand to Open Its Largest Location Yet in Brentwood,"710 Old Hickory Blvd Suite 305, Brentwood, TN 37027",https://whatnow.com/nashville/restaurants/a-popular-tennessee-barbeque-brand-to-open-its-largest-location-yet-in-brentwood/,2026-05-06
2026-05-06,Van Leeuwen Nearing One Loudoun Opening,"20626 Easthampton Plaza, Ashburn, VA 20147",https://whatnow.com/washington-dc/restaurants/van-leeuwen-nearing-one-loudoun-opening/,2026-05-07
2026-05-06,Butcher & Thief to Debut a New Brunch Menu This Mother’s Day,"8670 W Sunset Rd, Las Vegas, NV 89148, United States",https://whatnow.com/las-vegas/restaurants/butcher-thief-to-debut-a-new-brunch-menu-this-mothers-day/,2026-05-06
2026-05-06,Smalls Sliders Slides Into South Denver With Seven-Unit Deal,,https://whatnow.com/denver/restaurants/smalls-sliders-slides-into-denver-with-seven-unit-deal-its-very-forward-its-very-gen-z/,2026-05-06
2026-05-06,CeOs Coffee Plans for Sunrise Manor Opening,"5130 E Charleston Blvd, Las Vegas, NV 89142",https://whatnow.com/las-vegas/restaurants/ceos-coffee-plans-for-sunrise-manor-opening/,2026-05-06
2026-05-06,Harland Brewing Co. to Open Harland Clubhouse at Mission Bay Golf Course | What Now San Diego,"2702 N Mission Bay Dr, San Diego, CA 92109",https://whatnow.com/san-diego/restaurants/harland-brewing-co-to-open-harland-clubhouse-at-mission-bay-golf-course/,2026-05-06
2026-05-06,NYC Staple Joe's Pizza Expanding to the Fenway,"1363 Boylston St, Boston, MA 02215",https://whatnow.com/boston/restaurants/nyc-staple-joes-pizza-expanding-to-the-fenway/,2026-05-06
2026-05-06,Jeff's Bagel Run is Running Up the Expansion Plans with a Heights Opening,"2702 Yale St, Houston, TX 77008",https://whatnow.com/houston/restaurants/jeffs-bagel-run-is-running-up-the-expansion-plans-with-a-heights-opening/,2026-05-07
2026-05-05,New Restaurant Slated For Tech Ridge Center | What Now Austin,"500 W Canyon Ridge Dr, Austin, TX 78753",https://whatnow.com/austin/restaurants/new-restaurant-slated-for-tech-ridge-center/,2026-05-05
2026-05-05,Pizza Shop ‘In Crust We Trust’ Set to Open in Fishtown,"965 Frankford Ave., Philadelphia, PA 19125",https://whatnow.com/philadelphia/restaurants/pizza-shop-in-crust-we-trust-brings-southern-inspired-slices-to-fishtown/,2026-05-05
2026-05-05,Restaurant Opened in Memory of Cousin Announces Unexpected Closure,"954 US-6, Mahopac, NY 10541, United States",https://whatnow.com/new-york/restaurants/restaurant-opened-in-memory-of-cousin-announces-unexpected-closure/,2026-05-05
2026-05-05,Phil’s BBQ Planning First Arizona Location in Chandler,"3440 W Chandler Blvd, Chandler, AZ 85226",https://whatnow.com/phoenix/restaurants/phils-bbq-planning-first-arizona-location-in-chandler/,2026-05-05
2026-05-05,"Eldorado Cafe Expanding, Planning Renovations | What Now Austin","3300 W Anderson Ln. #303, Austin, TX 78757",https://whatnow.com/austin/restaurants/eldorado-cafe-expanding-planning-renovations/,2026-05-05
2026-05-05,16 Handles Slated To Join San Fernando Valley Amid Entry Into California | What Now Los Angeles,,https://whatnow.com/los-angeles/restaurants/16-handles-slated-to-join-san-fernando-valley-amid-entry-into-california/,2026-05-05
2026-05-05,Amore Mio Builds Momentum in St. John’s County,"4021 County Rd 210 Ste 3, St Johns, FL 32259",https://whatnow.com/jacksonville/restaurants/amore-mio-builds-momentum-in-st-johns-county/,2026-05-06
2026-05-05,Good BBQ Company Expanding To Hudson Bend | What Now Austin,"3519 Ranch Rd 620 N, Austin, TX 78734",https://whatnow.com/austin/restaurants/good-bbq-company-expanding-to-hudson-bend/,2026-05-05
2026-05-05,Table 42 to Serve American and International Cuisine in Downtown Farmington,"32821 Grand River Ave, Farmington, MI 48336",https://whatnow.com/detroit/restaurants/table-42-to-serve-american-and-international-cuisine-in-downtown-farmington/,2026-05-05
2026-05-05,What Now Portland Turns Breakside Brewery Into a Meeting Point for Restaurant Operators and Leaders,"1570 NW 22nd Ave, Portland, OR 97210, USA",https://whatnow.com/portland/restaurants/what-now-portland-turns-breakside-brewery-into-a-meeting-point-for-restaurant-operators-and-leaders/,2026-05-05
2026-05-05,Dive In Food and Spirits to Open Neighborhood Bar Downtown,"525 Meeting St. Charleston, SC 29403",https://whatnow.com/charleston/restaurants/dive-in-food-and-spirits-brings-new-neighborhood-bar-to-charleston/,2026-05-05
2026-05-05,Field Day to Bring Foraged Cocktails to Philly's NoLibs,"923 N 2nd St. Philadelphia, PA 19123",https://whatnow.com/philadelphia/restaurants/field-day-to-bring-foraged-cocktails-to-northern-liberties-hyper-local-hyper-seasonal-approach/,2026-05-05
2026-05-05,Jacksonville Restaurateurs and Industry Leaders Connect at What Now Media Group’s Accelerate Event,"107 2nd Ave N, Jacksonville Beach, FL 32250",https://whatnow.com/jacksonville/restaurants/jacksonville-restaurateurs-and-industry-leaders-connect-at-what-now-media-groups-accelerate-event/,2026-05-05
2026-05-05,Ajua Mexican Kitchen & Bar Brings a Flavor-Driven Experience to Jacksonville Beach,"107 2nd Ave N, Jacksonville Beach, FL 32250",https://whatnow.com/jacksonville/restaurants/ajua-mexican-kitchen-bar-brings-a-flavor-driven-experience-to-jacksonville-beach/,2026-05-05
2026-05-05,Läderach Chocolate to Remodel Its Galleria Mall Location,"5135 W Alabama St, Houston, TX 77056",https://whatnow.com/houston/restaurants/laderach-chocolate-to-remodel-its-galleria-mall-location/,2026-05-06
2026-05-05,Italian Bakery Giulia Expanding To Alpharetta | What Now Atlanta,"2001 Commerce St, Alpharetta, GA 30009",https://whatnow.com/atlanta/restaurants/italian-bakery-giulia-expanding-to-alpharetta/,2026-05-05
2026-05-05,Summer Moon Coffee Files Papers for New DFW Location,"4325 W University Dr #10, Prosper, TX 75078",https://whatnow.com/dallas/restaurants/summer-moon-coffee-files-papers-for-new-dfw-location/,2026-05-06
2026-05-05,Beloved Asian-Inspired Restaurant and Cocktail Bar in Denver Set to Close,"800 Sherman St, Denver, CO 80203",https://whatnow.com/denver/restaurants/beloved-asian-inspired-restaurant-and-cocktail-bar-in-denver-set-to-close/,2026-05-05
2026-05-05,"Las Vegas Jerkys to Open in the ""Mini Mall at Charleston""","3100 E Charleston Blvd, Las Vegas, NV 89104",https://whatnow.com/las-vegas/restaurants/las-vegas-jerkys-to-open-in-the-mini-mall-at-charleston/,2026-05-06
2026-05-05,Johnny’s Kitchen and Tap in Glenview Shifting to New Concept This June,"1740 Milwaukee Ave, Glenview, IL 60025",https://whatnow.com/chicago/restaurants/johnnys-kitchen-and-tap-in-glenview-shifting-to-new-concept-this-june/,2026-05-05
2026-05-04,A Popular Café in a Detroit Suburb Has Shut Down,"770 Woodward Heights, Ferndale, MI 48220",https://whatnow.com/detroit/restaurants/a-popular-cafe-in-a-detroit-suburb-has-shut-down/,2026-05-04
2026-05-04,"Breakside Brewery Reflects on Growth, Challenges, and Staying Power in Portland’s Beer Scene","1570 NW 22nd Ave, Portland, OR 97210, USA",https://whatnow.com/portland/restaurants/breakside-brewery-reflects-on-growth-challenges-and-staying-power-in-portlands-beer-scene/,2026-05-05
2026-05-04,Soda Club to Open at Denver’s Ramble Hotel This Summer,"1260 25th St. Denver, CO 80202",https://whatnow.com/denver/restaurants/michelin-recognized-soda-club-to-debut-in-denvers-ramble-hotel-this-summer/,2026-05-04
2026-05-04,Cozy Italian Restaurant Coming to the East Village Location,"435 E 9th St, New York, NY 10009",https://whatnow.com/new-york/restaurants/cozy-italian-restaurant-coming-to-the-east-village-location/,2026-05-04
2026-05-04,Dish’s Bagels and Other Atlanta Restaurant Openings We Uncovered Last Week (April 27-May 1),,https://whatnow.com/atlanta/restaurants/dishs-bagels-and-other-atlanta-restaurant-openings-we-uncovered-last-week-april-27-may-1/,2026-05-04
2026-05-04,A Houston Neighborhood Restaurant Known for Loaded Fries Has Closed,"5322 Antoine Dr, Houston, TX 77091",https://whatnow.com/houston/restaurants/a-houston-neighborhood-restaurant-known-for-loaded-fries-has-closed/,2026-05-04
2026-05-04,A 46-Year-Old Seafood Market Has Closed in in Dana Point Harbor,"34665 Golden Lantern, Dana Point, CA 92629, United States",https://whatnow.com/orange-county/restaurants/a-46-year-old-seafood-market-has-closed-in-in-dana-point-harbor/,2026-05-04
2026-05-04,Hamsa Mediterranean Grill to Open Second Location,"2101 S Decatur Blvd, Las Vegas, NV 89102",https://whatnow.com/las-vegas/restaurants/hamsa-mediterranean-grill-to-open-second-location/,2026-05-05
2026-05-04,Call Your Mother Expands to Philly's Rittenhouse Square,"262 S 19th St., Philadelphia, PA 19103",https://whatnow.com/philadelphia/restaurants/call-your-mother-expands-to-rittenhouse-square-in-former-metropolitan-bakery-space/,2026-05-04
2026-05-04,"Blue Ribbon Sushi Returning To Palisades Village, Adding Omakase Concept | What Now Los Angeles","15225 Palisades Village Ln, Pacific Palisades, CA 90272",https://whatnow.com/los-angeles/restaurants/blue-ribbon-sushi-returning-to-palisades-village-adding-omakase-concept/,2026-05-05
2026-05-04,Pali’s Ice Cream Co. to Open in Northeast Philadelphia,"7302 Rising Sun Ave. Philadelphia, PA 19111",https://whatnow.com/philadelphia/restaurants/palis-ice-cream-company-to-open-brick-and-mortar-shop-in-northeast-philadelphia/,2026-05-05
2026-05-04,New Coffee and Donut Concept in the Works for South Shore,"7104 S Jeffery Blvd, Chicago, IL 60649",https://whatnow.com/chicago/restaurants/new-coffee-and-donut-concept-in-the-works-for-south-shore/,2026-05-05
2026-05-04,Crumbl Expanding To Edgewood Retail District This Summer | What Now Atlanta,"1250 Caroline St NE, Atlanta, GA 30307",https://whatnow.com/atlanta/restaurants/crumbl-expanding-to-edgewood-retail-district-this-summer/,2026-05-05
2026-05-04,Tacos Frontera to Open in the Marq-E Entertainment Center,"7620 Katy Fwy, Houston, TX 77024",https://whatnow.com/houston/restaurants/tacos-frontera-to-open-in-the-marq-e-entertainment-center/,2026-05-05
2026-05-03,Giordano’s Pizza to Help DC Greet the Heat,"600 14th St NW, Washington, DC 20005",https://whatnow.com/washington-dc/restaurants/giordanos-pizza-to-help-dc-greet-the-heat/,2026-05-04
2026-05-03,Murphy’s Law Brewery & Pizza Readying Burleson Debut,"309 W Hidden Creek Pkwy, Burleson, TX 76028",https://whatnow.com/dallas/restaurants/murphys-law-brewery-pizza-readying-burleson-debut/,2026-05-04
2026-05-03,Cafe Momentum Bringing Good Food and Social Justice to New Flagship Location,"3001 Greenwood St, Dallas, TX 75204",https://whatnow.com/dallas/restaurants/cafe-momentum-bringing-good-food-and-social-justice-to-new-flagship-location/,2026-05-04
2026-05-03,Ritual Bistro Brewing up May Opening,"505 S Main St, Memphis, TN 38103",https://whatnow.com/memphis/restaurants/ritual-bistro-brewing-up-may-opening/,2026-05-04
2026-05-03,Latest from TEKILA Group Nears Opening,"181 Norfleet Dr, Senatobia, MS 38668",https://whatnow.com/memphis/restaurants/latest-from-tekila-group-nears-opening/,2026-05-04
2026-05-03,Burleson to Trade Tacos for Chicken,"205 NE Wilshire Blvd, Burleson, TX 76028",https://whatnow.com/dallas/restaurants/burleson-to-trade-tacos-for-chicken/,2026-05-04
2026-05-03,Playa Bowls Sets Grand Opening for Collierville Location,"1335 W Poplar Ave, Collierville, TN 38017",https://whatnow.com/memphis/restaurants/playa-bowls-sets-grand-opening-for-collierville-location/,2026-05-04
2026-05-02,Chef-Driven Ramen Shop Coming to the East Village,"218 E 10th St, New York, NY 10003",https://whatnow.com/new-york/restaurants/chef-driven-ramen-shop-coming-to-the-east-village/,2026-05-04
2026-05-02,Kirby Ice House Hoping to Establish Irving Presence,"1251 W Royal Ln, Irving, TX 75039",https://whatnow.com/dallas/restaurants/kirby-ice-house-hoping-to-establish-irving-presence/,2026-05-04
2026-05-02,Café Monet to Prove Great Dining is an Art,"6910 Fleetwood Rd, McLean, VA 22101",https://whatnow.com/washington-dc/restaurants/cafe-monet-to-prove-great-dining-is-an-art/,2026-05-04
2026-05-02,Cooper’s Hawk Winery and Restaurant Preparing for Woodbridge Opening,"14901 Potomac Town Pl, Woodbridge, VA 22191",https://whatnow.com/washington-dc/restaurants/coopers-hawk-winery-and-restaurant-preparing-for-woodbridge-opening/,2026-05-04
2026-05-02,Angelo’s Pizza Pasta and Deli Heading to Gaithersburg,"18251 Flower Hill Way, Gaithersburg, MD 20879",https://whatnow.com/washington-dc/restaurants/angelos-pizza-pasta-and-deli-heading-to-gaithersburg/,2026-05-04
2026-05-01,Chilly Philly Ice & Bites to Bring Cool Treats to the Valley,"5560 E Lake Mead Blvd, Las Vegas, NV 89156",https://whatnow.com/las-vegas/restaurants/chilly-philly-ice-bites-to-bring-cool-treats-to-the-valley/,2026-05-04
2026-05-01,New Café Concept Evolving in Loehmann’s Plaza,"2543 Fair Oaks Blvd, Sacramento, CA 95825",https://whatnow.com/sacramento/restaurants/new-cafe-concept-evolving-in-loehmanns-plaza/,2026-05-04
2026-05-01,Kawa Bringing European Café Charm to Boston's South End,"655 Tremont St, Boston, MA 02118",https://whatnow.com/boston/restaurants/kawa-bringing-european-cafe-charm-to-bostons-south-end/,2026-05-04
2026-05-01,New Eggdose Planned on West Colonial Drive in Winter Garden,"12615 W Colonial Dr, Winter Garden, FL 34787",https://whatnow.com/orlando/restaurants/new-eggdose-planned-on-west-colonial-drive-in-winter-garden/,2026-05-04
2026-05-01,Cosa Nostra Italian Deli Plans Winter Garden Opening,"32 W Plant St, Winter Garden, FL 34787",https://whatnow.com/orlando/restaurants/cosa-nostra-italian-deli-plans-winter-garden-opening/,2026-05-04
2026-05-01,M Shack Plans Expansion to Second Location,,https://whatnow.com/jacksonville/restaurants/m-shack-plans-expansion-to-second-location/,2026-05-04
2026-05-01,Pekara Bakery and Bistro on the Way Back to Downtown Champaign,"500 N Walnut St, Champaign, IL 61820",https://whatnow.com/chicago/restaurants/pekara-bakery-and-bistro-on-the-way-back-to-downtown-champaign/,2026-05-04
2026-05-01,Faraway Joe’s Looks to Be Opening in Tarpon Springs,"320 E Tarpon Ave, Tarpon Springs, FL 34689",https://whatnow.com/tampa/restaurants/faraway-joes-looks-to-be-opening-in-tarpon-springs/,2026-05-04
2026-05-01,Hold Out Brewing Takes Over Turnstile Bar and Restaurant | What Now Austin,"10025 Burnet Rd, Austin, TX 78758",https://whatnow.com/austin/restaurants/hold-out-brewing-takes-over-turnstile-bar-and-restaurant/,2026-05-04
2026-05-01,"Matices Bringing ""Ingredient-Driven"" Dining Experience to Truckee This Spring","10164 Donner Pass Rd, Suites 2 & 3, Truckee, CA 96161",https://whatnow.com/sacramento/restaurants/matices-bringing-ingredient-driven-dining-experience-to-truckee-this-spring/,2026-05-04
2026-05-01,Evolution Nightclub Set to Transform Former Chando’s Cantina Space in Downtown Sacramento,"805 15th St, Sacramento, CA 95814",https://whatnow.com/sacramento/restaurants/evolution-nightclub-set-to-transform-former-chandos-cantina-space-in-downtown-sacramento/,2026-05-04
2026-05-01,Phinista Cafe Bringing Vietnamese-French Fusion Fare to Packard's Corner,"1092 Commonwealth Ave, Boston, MA 02134",https://whatnow.com/boston/restaurants/phinista-cafe-bringing-vietnamese-french-fusion-fare-to-packards-corner/,2026-05-04
2026-05-01,4 Rivers Smokehouse Opening in Orlando International Airport,"9102 Jeff Fuqua Blvd #1521, Orlando, FL 32827",https://whatnow.com/orlando/restaurants/4-rivers-smokehouse-opening-in-orlando-international-airport/,2026-05-04
2026-05-01,Chez TJ and Two Other San Francisco Eateries Close in April 2026,,https://whatnow.com/san-francisco/restaurants/chez-tj-and-two-other-san-francisco-eateries-close-in-april-2026/,2026-05-04
2026-05-01,Farrelli’s Pizza Expanding to Enumclaw This Summer,"1324 Roosevelt Ave E, Enumclaw, WA 98022",https://whatnow.com/seattle/restaurants/farrellis-pizza-expanding-to-enumclaw-this-summer/,2026-05-04
2026-05-01,Far Cry Opening in the Former Bad Habit Room Space,"5433 N Michigan Ave, Portland, OR 97217",https://whatnow.com/portland/restaurants/far-cry-opening-in-the-former-bad-habit-room-space/,2026-05-04
2026-05-01,Better Buzz Coffee Interested in Expanding in Vista,"1650 S Melrose Dr, Vista, CA 92081",https://whatnow.com/san-diego/restaurants/better-buzz-coffee-interested-in-expanding-in-vista/,2026-05-04
2026-05-01,Clarke’s and Two Other Established Boston Restaurants Close in April 2026,,https://whatnow.com/boston/restaurants/clarkes-and-two-other-established-boston-restaurants-close-in-april-2026/,2026-05-04
2026-05-01,"Obon Bringing Ramen, Sushi and Cocktails to PV in North Phoenix","4568 E Cactus Rd, Phoenix, AZ 85032",https://whatnow.com/phoenix/restaurants/obon-bringing-ramen-sushi-and-cocktails-to-pv-in-north-phoenix/,2026-05-04
2026-05-01,A 33-Year-Old Southern California Seafood Spot Is Closing,"17260 17th St, Tustin, CA 92780",https://whatnow.com/orange-county/restaurants/a-33-year-old-southern-california-seafood-spot-is-closing/,2026-05-04
2026-05-01,Sip Fresh expands to Orange County,"20 City Blvd W, Orange, CA",https://whatnow.com/orange-county/restaurants/sip-fresh-expands-to-orange-county/,2026-05-04
2026-05-01,Owners of Two Lansing-Area Food Trucks Debuting Brick-and-Mortar in Okemos,"2398 Jolly Rd, Okemos, MI 48864",https://whatnow.com/detroit/restaurants/owners-of-two-lansing-area-food-trucks-debuting-brick-and-mortar-in-okemos/,2026-05-04
2026-05-01,Matthieu Pepper Launching Bagel Shop in Hochelaga-Maisonneuve,,https://whatnow.com/montreal/restaurants/matthieu-pepper-launching-bagel-shop-in-hochelaga-maisonneuve/,2026-05-04
2026-05-01,Fat Rabbit Expanding Existing Site in St. Catharines,"34 Geneva St, St. Catharines, ON L2R 4M4, Canada",https://whatnow.com/toronto/restaurants/fat-rabbit-expanding-existing-site-in-st-catharines/,2026-05-04
2026-05-01,The Abigaile Opening in Auburndale,"117 E Lake Ave, Auburndale, FL 33823",https://whatnow.com/tampa/restaurants/the-abigaile-opening-in-auburndale/,2026-05-04
2026-05-01,Otori Sushi Plans Second Location for Late Summer,"40101 Monterey Ave, Rancho Mirage, CA 92270",https://whatnow.com/orange-county/restaurants/otori-sushi-plans-second-location-for-late-summer/,2026-05-04
2026-05-01,Kusi Opening First Permanent Home in Chinatown,"77 Grange Ave, Toronto, ON M5T 1E2, Canada",https://whatnow.com/toronto/restaurants/kusi-opening-first-permanent-home-in-chinatown/,2026-05-04
2026-05-01,Buddha Bowls & Rolls to Take Over Former Chando's Tacos Space in East Sacramento,"5644 J St, Sacramento, CA 95819",https://whatnow.com/sacramento/restaurants/buddha-bowls-rolls-to-take-over-former-chandos-tacos-space-in-east-sacramento/,2026-05-04
2026-05-01,A 141-Year-Old Texas Candy Chain Announces Closure of Its Stores,,https://whatnow.com/austin/restaurants/a-141-year-old-texas-candy-chain-announces-closure-of-its-stores/,2026-05-04
2026-05-01,Experience Social Bringing Large-Scale Pinball and Arcade Venue to Ottawa,"250 Greenbank Rd, Nepean, ON K2H 8P6, Canada",https://whatnow.com/montreal/restaurants/experience-social-bringing-large-scale-pinball-and-arcade-venue-to-ottawa/,2026-05-04
2026-05-01,The Way West Opening at Jackstraw This Summer,"310 SW Industrial Way, Bend, OR 97702",https://whatnow.com/portland/restaurants/the-way-west-opening-at-jackstraw-this-summer/,2026-05-04
2026-05-01,Thalassa to Bring Mediterranean Cafe and Culture to Philly,"918 N 28th St. Philadelphia, PA 19130",https://whatnow.com/philadelphia/restaurants/thalassa-to-bring-mediterranean-culture-to-phillys-fairmount-neighborhood/,2026-05-04
2026-05-01,Straightaway Cocktails Opening Full Cocktail Lounge at PDX This June,"7000 NE Airport Way, Portland, OR 97218",https://whatnow.com/portland/restaurants/straightaway-cocktails-opening-full-cocktail-lounge-at-pdx-this-june/,2026-05-04
2026-05-01,Pickled Pig Kitchen & Bar Expanding to Garson,"3098 Falconbridge Hwy #2, Garson, ON P3L 1J4, Canada",https://whatnow.com/toronto/restaurants/pickled-pig-kitchen-bar-expanding-to-garson/,2026-05-04
2026-05-01,New Restaurant Concept Quietly Taking Shape in Downtown Truckee,"11197 Brockway Rd, Suites D1-D4, Truckee, CA 96161",https://whatnow.com/sacramento/restaurants/new-restaurant-concept-quietly-taking-shape-in-downtown-truckee/,2026-05-04
2026-05-01,"Bourbon Steak Nashville Renovation Underway at JW Marriott Nashville, $2.4M Upgrade","201 8th Ave S, Nashville, TN 37203, USA",https://whatnow.com/nashville/restaurants/bourbon-steak-nashville-renovation-underway-at-jw-marriott-nashville-2-4m-upgrade/,2026-05-04
2026-05-01,Every Little Thing Expands With Cherry Creek Location,"2810 E 3rd Ave. Denver, CO 80206",https://whatnow.com/denver/restaurants/green-collective-eatery-rebrands-as-every-little-thing-expands-to-cherry-creek/,2026-05-04
2026-05-01,Bluto’s Working to Reopen Beaverton Location This Summer,"12555 SW 1st St, Beaverton, OR 97005",https://whatnow.com/portland/restaurants/blutos-working-to-reopen-beaverton-location-this-summer/,2026-05-04
2026-05-01,Two Las Vegas Restaurants Ranked Among the U.S. Highest-Rated Independent Eateries,,https://whatnow.com/las-vegas/restaurants/two-las-vegas-restaurants-ranked-among-the-u-s-highest-rated-independent-eateries/,2026-05-04
2026-05-01,Harmonies Pizza and Ice Cream Replacing Gracie’s Apizza,"7304 N Leavitt Ave, Portland, OR 97203",https://whatnow.com/portland/restaurants/harmonies-pizza-and-ice-cream-replacing-gracies-apizza/,2026-05-04
2026-05-01,Ascension Coffee Brewing New DFW Location this Summer,"100 State St, Southlake, TX 76092",https://whatnow.com/dallas/restaurants/ascension-coffee-brewing-new-dfw-location-this-summer/,2026-05-04
