state,company,city,notice_date,layoff_date,employees_affected,closure_type,notes
California,Republic National Distributing Company,Alameda County,07/01/2025,09/02/2025,104,,42 Wholesale Trade
California,Santa Fe Springs Swap Meet,Los Angeles County,07/01/2025,07/01/2025,109,,44-45 Retail Trade
California,Pocino Foods Company,Los Angeles County,06/27/2025,08/26/2025,124,,31-33 Manufacturing
California,"Young's Market Company, LLC dba Republic National Distributing Company",Los Angeles County,07/01/2025,09/02/2025,176,,42 Wholesale Trade
California,Ford Design Studio,Orange County,06/30/2025,08/31/2025,263,,54 Professional Scientific and Technical Services
California,Republic National Distributing Company (14352),Orange County,07/01/2025,09/02/2025,79,,42 Wholesale Trade
California,Republic National Distributing Company (14402),Orange County,07/01/2025,09/02/2025,561,,42 Wholesale Trade
California,"Republic National Distributing Company, LLC",San Bernardino County,07/01/2025,09/02/2025,238,,42 Wholesale Trade
California,Sharp HealthCare - 8695,San Diego County,06/30/2025,09/02/2025,244,,62 Healthcare and Social Assistance
California,Sharp HealthCare - 751,San Diego County,06/30/2025,09/02/2025,34,,62 Healthcare and Social Assistance
California,Sharp HealthCare - 250,San Diego County,06/30/2025,09/02/2025,1,,62 Healthcare and Social Assistance
California,Sharp HealthCare - 5555,San Diego County,06/30/2025,09/02/2025,40,,62 Healthcare and Social Assistance
California,Sharp HealthCare - 7901,San Diego County,06/30/2025,09/02/2025,62,,62 Healthcare and Social Assistance
California,Sharp HealthCare - 5651,San Diego County,06/30/2025,09/02/2025,13,,62 Healthcare and Social Assistance
California,Republic National Distributing Company,Alameda County,07/01/2025,09/02/2025,226,,42 Wholesale Trade
California,"Young's Market Company, LLC dba Republic National Distributing Company",San Diego County,07/01/2025,09/02/2025,80,,42 Wholesale Trade
California,Coastal Trading Ventures,San Diego County,07/02/2025,09/07/2025,74,,54 Professional Scientific and Technical Services
California,Republic National Distributing Company,Santa Clara County,07/01/2025,09/02/2025,156,,42 Wholesale Trade
California,"Young's Market Company, LLC dba Republic National Distributing Company",Yolo County,07/01/2025,09/02/2025,136,,42 Wholesale Trade
California,"Cruise, LLC - 640 Cesar Chavez",San Francisco County,07/03/2025,07/03/2025,2,,48-49 Transportation and Warehousing
California,"Cruise, LLC - 1201 Bryant",San Mateo County,07/03/2025,07/03/2025,85,,48-49 Transportation and Warehousing
California,"Cruise, LLC - 840 W",Santa Clara County,07/03/2025,07/03/2025,14,,48-49 Transportation and Warehousing
California,Paramount Global (1575),Los Angeles County,07/03/2025,08/09/2025,48,,71 Arts Entertainment and Recreation
California,Paramount Global (5555),Los Angeles County,07/03/2025,08/09/2025,61,,71 Arts Entertainment and Recreation
California,"McDonald&rsquo;s Restaurants of California, Inc.",Los Angeles County,07/08/2025,09/08/2025,87,,72 Accommodation and Food Services
California,Intel Corporation (Robert Noyce Building),Santa Clara County,07/07/2025,07/15/2025,184,,54 Professional Scientific and Technical Services
California,Intel Corporation (SC-1),Santa Clara County,07/07/2025,07/15/2025,1,,54 Professional Scientific and Technical Services
California,Intel Corporation (SC-2),Santa Clara County,07/07/2025,07/15/2025,1,,54 Professional Scientific and Technical Services
California,Intel Corporation (SC-9),Santa Clara County,07/07/2025,07/15/2025,37,,54 Professional Scientific and Technical Services
California,Intel Corporation (SC-11),Santa Clara County,07/07/2025,07/15/2025,8,,54 Professional Scientific and Technical Services
California,Intel Corporation (SC-12),Santa Clara County,07/07/2025,07/15/2025,179,,54 Professional Scientific and Technical Services
California,T. Marzetti,Santa Clara County,07/08/2025,06/30/2025,77,,31-33 Manufacturing
California,Activision Blizzard,Orange County,07/02/2025,08/31/2025,73,,56 Administrative and Support and Waste Management and Remediation
California,Intel Corporation,Sacramento County,07/07/2025,07/11/2025,174,,54 Professional Scientific and Technical Services
California,Best Buy Health,San Diego County,07/08/2025,09/12/2025,161,,44-45 Retail Trade
California,Kaiser Foundation Hospitals,Alameda County,07/07/2025,07/07/2025,2,,62 Healthcare and Social Assistance
California,Kaiser Foundation Hospitals,Los Angeles County,07/07/2025,07/07/2025,1,,62 Healthcare and Social Assistance
California,Kaiser Foundation Hospitals,Solano County,07/07/2025,07/07/2025,1,,62 Healthcare and Social Assistance
California,University of Southern California,Los Angeles County,07/08/2025,09/10/2025,55,,61 Educational Services
California,Levy,Los Angeles County,07/09/2025,09/10/2025,276,,72 Accommodation and Food Services
California,"Pacira BioSciences, Inc.",San Diego County,07/09/2025,09/07/2025,71,,31-33 Manufacturing
California,"GSC Logistics, Inc.",Alameda County,07/10/2025,07/10/2025,25,,48-49 Transportation and Warehousing
California,"GSC National Transportation, Inc",Alameda County,07/10/2025,07/10/2025,38,,48-49 Transportation and Warehousing
California,"All-Rite Leasing, Inc.",Orange County,05/29/2025,07/29/2025,132,,56 Administrative and Support and Waste Management and Remediation
California,(3909) San Diego LGBT Community Center,San Diego County,07/03/2025,09/06/2025,60,,62 Healthcare and Social Assistance
California,(1640) San Diego LGBT Community Center,San Diego County,07/03/2025,09/06/2025,7,,62 Healthcare and Social Assistance
California,(1045) San Diego LGBT Community Center,San Diego County,07/03/2025,09/06/2025,6,,62 Healthcare and Social Assistance
California,(3636) San Diego LGBT Community Center,San Diego County,07/03/2025,09/06/2025,20,,62 Healthcare and Social Assistance
California,(3878) San Diego LGBT Community Center,San Diego County,07/03/2025,09/06/2025,3,,62 Healthcare and Social Assistance
California,(514) San Diego LGBT Community Center,San Diego County,07/03/2025,07/07/2025,2,,62 Healthcare and Social Assistance
California,(1807) San Diego LGBT Community Center,San Diego County,07/03/2025,09/06/2025,5,,62 Healthcare and Social Assistance
California,(3851) San Diego LGBT Community Center,San Diego County,07/03/2025,09/06/2025,1,,62 Healthcare and Social Assistance
California,(1180) San Diego LGBT Community Center,San Diego County,07/03/2025,09/06/2025,3,,62 Healthcare and Social Assistance
California,(3045) San Diego LGBT Community Center,San Diego County,07/03/2025,09/06/2025,1,,62 Healthcare and Social Assistance
California,(134) San Diego LGBT Community Center,San Diego County,07/03/2025,09/06/2025,1,,62 Healthcare and Social Assistance
California,(520) San Diego LGBT Community Center,San Diego County,07/03/2025,09/06/2025,1,,62 Healthcare and Social Assistance
California,(460) San Diego LGBT Community Center,San Diego County,07/03/2025,09/06/2025,1,,62 Healthcare and Social Assistance
California,(131) San Diego LGBT Community Center,San Diego County,07/03/2025,09/06/2025,1,,62 Healthcare and Social Assistance
California,"Planned Parenthood Mar Monte, Inc.",Santa Clara County,07/09/2025,07/09/2025,17,,62 Healthcare and Social Assistance
California,Quixote Studio Services (1011),Los Angeles County,07/10/2025,07/10/2025,8,,53 Real Estate and Rental Leasing
California,Quixote Studio Services (10252),Los Angeles County,07/10/2025,07/10/2025,11,,53 Real Estate and Rental Leasing
California,Quixote Studio Services (12137),Los Angeles County,07/10/2025,07/10/2025,1,,53 Real Estate and Rental Leasing
California,Quixote Studio Services (10262),Los Angeles County,07/10/2025,07/10/2025,2,,53 Real Estate and Rental Leasing
California,Quixote Studio Services (11473),Los Angeles County,07/10/2025,07/10/2025,37,,53 Real Estate and Rental Leasing
California,Quixote Studio Services (14002),Los Angeles County,07/10/2025,07/10/2025,7,,53 Real Estate and Rental Leasing
California,Quixote Studio Services (13334),Los Angeles County,07/10/2025,07/10/2025,16,,53 Real Estate and Rental Leasing
California,Intel Corporation,Sacramento County,07/10/2025,07/11/2025,170,,54 Professional Scientific and Technical Services
California,Quanex Homeshield LLC,San Bernardino County,07/11/2025,09/09/2025,15,,31-33 Manufacturing
California,"LMB Mortgage Services, Inc. dba LowerMyBills.com",Los Angeles County,07/11/2025,09/12/2025,38,,54 Professional Scientific and Technical Services
California,Intel Corporation (Robert Noyce),Santa Clara County,07/10/2025,07/15/2025,203,,54 Professional Scientific and Technical Services
California,Intel Corporation (SC-1),Santa Clara County,07/10/2025,07/15/2025,4,,54 Professional Scientific and Technical Services
California,Intel Corporation (SC-2),Santa Clara County,07/10/2025,07/15/2025,43,,54 Professional Scientific and Technical Services
California,Intel Corporation (SC-9),Santa Clara County,07/10/2025,07/15/2025,16,,54 Professional Scientific and Technical Services
California,Intel Corporation (SC-11),Santa Clara County,07/10/2025,07/15/2025,5,,54 Professional Scientific and Technical Services
California,Intel Corporation (SC-12),Santa Clara County,07/10/2025,07/15/2025,55,,54 Professional Scientific and Technical Services
California,"Gatan, Inc.",Alameda County,07/15/2025,09/15/2025,96,,31-33 Manufacturing
California,Corteva Agriscience,Contra Costa County,07/15/2025,09/26/2025,4,,11 Agriculture Forestry Fishing Hunting
California,Blue Shield of California - Oakland,Alameda County,07/14/2025,09/23/2025,70,,52 Finance and Insurance
California,"Blue Shield of California - Town Center, Building C",El Dorado County,07/14/2025,09/23/2025,6,,52 Finance and Insurance
California,"Blue shield of California - Town Center, Building B",El Dorado County,07/14/2025,09/23/2025,32,,52 Finance and Insurance
California,Blue Shield of California - Long Beach,Los Angeles County,07/14/2025,09/23/2025,11,,52 Finance and Insurance
California,Blue Shield of California - Woodland Hills,Los Angeles County,07/14/2025,09/23/2025,10,,52 Finance and Insurance
California,Blue Shield of California - Rancho Cordova,Sacramento County,07/14/2025,09/23/2025,3,,52 Finance and Insurance
California,Blue Shield of California - San Diego,San Diego County,07/14/2025,09/23/2025,2,,52 Finance and Insurance
California,Blue Shield of California - Lodi,San Joaquin County,07/14/2025,09/23/2025,2,,52 Finance and Insurance
California,Blue Shield of California - Redding,Shasta County,07/14/2025,09/23/2025,2,,52 Finance and Insurance
California,Kaiser Foundation Hospitals - Pleasanton,Alameda County,07/14/2025,07/14/2025,2,,62 Healthcare and Social Assistance
California,Kaiser Foundation Hospitals - Pasadena,Los Angeles County,07/14/2025,07/14/2025,3,,62 Healthcare and Social Assistance
California,Paramount Global,Los Angeles County,07/15/2025,06/25/2025,1,,71 Arts Entertainment and Recreation
California,International Paper Company,Orange County,07/15/2025,09/13/2025,71,,31-33 Manufacturing
California,Mental Health Association of San Francisco,San Francisco County,07/16/2025,09/15/2025,200,,81 Other Services Except Public Administration
California,"Genentech, Inc.",San Mateo County,07/16/2025,09/15/2025,87,,42 Wholesale Trade
California,Leah's Pantry,San Diego County,07/16/2025,09/30/2025,40,,62 Healthcare and Social Assistance
California,Levi Strauss & Co.,San Francisco County,07/14/2025,09/12/2025,44,,44-45 Retail Trade
California,Leah's Pantry,San Francisco County,07/16/2025,09/30/2025,40,,62 Healthcare and Social Assistance
California,E. & J. Gallo Winery,San Luis Obispo County,07/17/2025,09/08/2025,47,,31-33 Manufacturing
California,Clark Pacific,Yolo County,07/17/2025,10/03/2025,65,,23 Construction
California,Gee Heavy Machinery,Alameda County,07/18/2025,07/21/2025,7,,42 Wholesale Trade
California,"Primo Brands, Inc.",Fresno County,07/18/2025,09/16/2025,3,,31-33 Manufacturing
California,Gee Heavy Machinery,Fresno County,07/18/2025,07/21/2025,9,,42 Wholesale Trade
California,KIRA Government Services,Kings County,07/15/2025,08/11/2025,11,,56 Administrative and Support and Waste Management and Remediation
California,"Primo Brands, Inc.",Los Angeles County,07/18/2025,09/16/2025,3,,31-33 Manufacturing
California,"Primo Brands, Inc.",Los Angeles County,07/18/2025,09/16/2025,1,,31-33 Manufacturing
California,"L3Harris Technologies, Inc.",Los Angeles County,07/18/2025,09/30/2025,149,,31-33 Manufacturing
California,"Oheck, LLC",Los Angeles County,07/17/2025,09/16/2025,174,,31-33 Manufacturing
California,"Primo Brands, Inc.",Los Angeles County,07/18/2025,09/16/2025,3,,31-33 Manufacturing
California,"Primo Brands, Inc.",Monterey County,07/18/2025,09/16/2025,1,,31-33 Manufacturing
California,Gee Heavy Machinery,Shasta County,07/18/2025,07/21/2025,7,,42 Wholesale Trade
California,"Primo Brands, Inc.",Santa Clara County,07/18/2025,09/16/2025,4,,31-33 Manufacturing
California,AMD Direct Inc.,Orange County,07/18/2025,09/15/2025,7,,42 Wholesale Trade
California,"Primo Brands, Inc.",Orange County,07/18/2025,09/16/2025,4,,31-33 Manufacturing
California,"Primo Brands, Inc.",Riverside County,07/18/2025,09/16/2025,4,,31-33 Manufacturing
California,"Primo Brands, Inc.",Riverside County,07/18/2025,09/16/2025,1,,31-33 Manufacturing
California,"Primo Brands, Inc.",Sacramento County,07/18/2025,09/16/2025,1,,31-33 Manufacturing
California,Gee Heavy Machinery,Sacramento County,07/18/2025,07/21/2025,34,,42 Wholesale Trade
California,"Primo Brands, Inc.",San Diego County,07/18/2025,09/16/2025,4,,31-33 Manufacturing
California,"Primo Brands, Inc.",San Diego County,07/18/2025,09/16/2025,1,,31-33 Manufacturing
California,"Primo Brands, Inc.",San Joaquin County,07/18/2025,09/16/2025,3,,31-33 Manufacturing
California,"Primo Brands, Inc.",Solano County,07/18/2025,09/16/2025,1,,31-33 Manufacturing
California,"Primo Brands, Inc.",Sonoma County,07/18/2025,09/16/2025,1,,31-33 Manufacturing
California,"Primo Brands, Inc.",Los Angeles County,07/18/2025,09/16/2025,3,,31-33 Manufacturing
California,Ventura Coastal,Tulare County,07/18/2025,09/24/2025,70,,42 Wholesale Trade
California,SSP America,San Diego County,07/21/2025,09/22/2025,116,,72 Accommodation and Food Services
California,Kaiser Foundation Hospitals,Alameda County,07/21/2025,07/21/2025,3,,62 Healthcare and Social Assistance
California,Kaiser Foundation Hospitals,Marin County,07/21/2025,07/21/2025,1,,62 Healthcare and Social Assistance
California,Lazy Dog,Riverside County,07/21/2025,09/19/2025,89,,72 Accommodation and Food Services
California,"Primal Pet Foods, Inc. - Chadbourne",Solano County,07/17/2025,09/17/2025,7,,31-33 Manufacturing
California,"Primal Pet Foods, Inc.",Solano County,07/17/2025,09/17/2025,10,,31-33 Manufacturing
California,"Primal Pet Foods, Inc. - Watt",Solano County,07/17/2025,09/17/2025,130,,31-33 Manufacturing
California,"US Foods, Inc.",Yolo County,07/22/2025,09/30/2025,48,,42 Wholesale Trade
California,"Astellas Gene Therapies, Inc.",San Mateo County,01/29/2025,01/29/2025,21,,54 Professional Scientific and Technical Services
California,International Flavors & Fragrances,Riverside County,07/22/2025,09/22/2025,36,,42 Wholesale Trade
California,Williamson Morgan & Associates LLC,San Bernardino County,07/21/2025,09/22/2025,22,,56 Administrative and Support and Waste Management and Remediation
California,"SenDx Medical, Inc.",San Diego County,07/10/2025,09/15/2025,119,,31-33 Manufacturing
California,Block By Block-CA,Los Angeles County,07/24/2025,09/30/2025,82,,56 Administrative and Support and Waste Management and Remediation
California,Crane Food Services,Sacramento County,07/25/2025,09/25/2025,85,,72 Accommodation and Food Services
California,"Decra Roofing Systems, Inc.",Riverside County,07/28/2025,09/30/2025,57,,31-33 Manufacturing
California,"CRST Lincoln Sales, Inc. dba CRST Equipment Solutions, Inc.",Riverside County,07/28/2025,09/27/2025,10,,81 Other Services Except Public Administration
California,"Spiral Binding, LLC",Ventura County,07/28/2025,09/26/2025,135,,31-33 Manufacturing
California,Kaiser Foundation Hospitals,Alameda County,07/28/2025,07/28/2025,6,,62 Healthcare and Social Assistance
California,Kaiser Foundation Hospitals,Alameda County,07/28/2025,07/28/2025,4,,62 Healthcare and Social Assistance
California,Kaiser Foundation Hospitals (393),Los Angeles County,07/28/2025,07/28/2025,1,,62 Healthcare and Social Assistance
California,Kaiser Foundation Hospitals (74),Los Angeles County,07/28/2025,07/28/2025,1,,62 Healthcare and Social Assistance
California,Kaiser Foundation Hospitals (99),Los Angeles County,07/28/2025,07/28/2025,3,,62 Healthcare and Social Assistance
California,Kaiser Foundation Hospitals,San Diego County,07/28/2025,07/28/2025,1,,62 Healthcare and Social Assistance
California,"CRST Expedited, Inc. dba CRST The Transportation Solution",Riverside County,07/28/2025,09/27/2025,7,,48-49 Transportation and Warehousing
California,"Decra Roofing Systems, Inc.",Riverside County,07/28/2025,09/30/2025,4,,31-33 Manufacturing
California,Coastal Trading Ventures,San Diego County,07/29/2025,09/30/2025,27,,54 Professional Scientific and Technical Services
California,Thermo Fisher Scientific (5823),San Diego County,07/29/2025,09/15/2025,52,,31-33 Manufacturing
California,Thermo Fisher Scientific (5781),San Diego County,07/29/2025,09/15/2025,33,,31-33 Manufacturing
California,"Planned Parenthood Mar Monte, Inc.",Fresno County,07/24/2025,09/24/2025,4,,62 Healthcare and Social Assistance
California,Galleher LLC,Kern County,07/29/2025,09/29/2025,2,,42 Wholesale Trade
California,Planned Parenthood Mar Monte,Kern County,07/24/2025,09/24/2025,2,,62 Healthcare and Social Assistance
California,Planned Parenthood Mar Monte,Madera County,07/24/2025,09/24/2025,11,,62 Healthcare and Social Assistance
California,Planned Parenthood Mar Monte,Merced County,07/24/2025,07/24/2025,2,,62 Healthcare and Social Assistance
California,"Planned Parenthood Mar Monte, Inc.",Monterey County,07/24/2025,09/24/2025,3,,62 Healthcare and Social Assistance
California,"Planned Parenthood Mar Monte, Inc.",Santa Cruz County,07/24/2025,09/24/2025,2,,62 Healthcare and Social Assistance
California,Galleher LLC,Shasta County,07/29/2025,09/29/2025,2,,42 Wholesale Trade
California,"Planned Parenthood Mar Monte, Inc.",San Mateo County,07/24/2025,09/24/2025,10,,62 Healthcare and Social Assistance
California,"Planned Parenthood Mar Monte, Inc.",Sacramento County,07/24/2025,09/25/2025,1,,62 Healthcare and Social Assistance
California,"Planned Parenthood Mar Monte, Inc.",San Joaquin County,07/24/2025,09/24/2025,3,,62 Healthcare and Social Assistance
California,"Planned Parenthood Mar Monte, Inc.",Santa Clara County,07/24/2025,09/24/2025,13,,62 Healthcare and Social Assistance
California,"Planned Parenthood Mar Monte, Inc.",Santa Cruz County,07/24/2025,09/24/2025,17,,62 Healthcare and Social Assistance
California,Planned Parenthood Mar Monte,Stanislaus County,07/24/2025,09/24/2025,3,,62 Healthcare and Social Assistance
California,"Warner Bros. Discovery, Inc. (100)",Los Angeles County,07/30/2025,10/04/2025,11,,51 Information
California,"Warner Bros. Discovery, Inc. (200)",Los Angeles County,07/30/2025,10/04/2025,38,,51 Information
California,"Warner Bros. Discovery, Inc. (4000)",Los Angeles County,07/30/2025,10/04/2025,3,,51 Information
California,Recology Vallejo,Solano County,07/30/2025,09/30/2025,25,,56 Administrative and Support and Waste Management and Remediation
California,Greif Packaging LLC,Merced County,07/31/2025,09/29/2025,43,,31-33 Manufacturing
California,Children's Specialists of San Diego,San Diego County,07/31/2025,10/31/2025,55,,62 Healthcare and Social Assistance
California,Stanford University,Santa Clara County,07/31/2025,09/30/2025,363,,61 Educational Services
California,"Wildbrine, LLC",Sonoma County,07/31/2025,10/01/2025,4,,44-45 Retail Trade
California,Host International Inc.,Sacramento County,08/01/2025,10/01/2025,70,,72 Accommodation and Food Services
California,"Zeco Systems, Inc (DBA Shell Recharge Solutions)",Los Angeles County,08/04/2025,11/30/2025,4,,54 Professional Scientific and Technical Services
California,"Azoteas Mex LA, LLC",Los Angeles County,08/01/2025,10/06/2025,48,,72 Accommodation and Food Services
California,"Poseida Therapeutics, Inc.",San Diego County,07/31/2025,10/01/2025,52,,54 Professional Scientific and Technical Services
California,University of Southern California Keck Hospital,Los Angeles County,08/04/2025,10/04/2025,45,,61 Educational Services
California,University of Southern California Norris Cancer Hospital,Los Angeles County,08/04/2025,10/04/2025,10,,61 Educational Services
California,University of Southern California Soto II,Los Angeles County,08/04/2025,10/04/2025,26,,61 Educational Services
California,University of Southern California HC1,Los Angeles County,08/04/2025,10/04/2025,2,,61 Educational Services
California,University of Southern California HC2,Los Angeles County,08/04/2025,10/04/2025,1,,61 Educational Services
California,University of Southern California HC3,Los Angeles County,08/04/2025,10/04/2025,1,,61 Educational Services
California,University of Southern California (HC4),Los Angeles County,08/04/2025,10/04/2025,2,,61 Educational Services
California,University of Southern California DTLA Clinic,Los Angeles County,08/04/2025,10/04/2025,1,,61 Educational Services
California,University of Southern California,Los Angeles County,08/04/2025,10/04/2025,1,,61 Educational Services
California,"SIE Orange County Kitchen, LLC",Orange County,08/01/2025,10/01/2025,64,,72 Accommodation and Food Services
California,"Horizon Hobby, LLC",San Bernardino County,08/01/2025,10/03/2025,19,,42 Wholesale Trade
California,"Southwest Key Programs, Inc.",Contra Costa County,08/06/2025,10/05/2025,3,,62 Healthcare and Social Assistance
California,"Gilead Sciences, Inc.",San Diego County,08/06/2025,10/10/2025,5,,54 Professional Scientific and Technical Services
California,"Southwest Key Programs, Inc.",San Diego County,08/06/2025,10/05/2025,5,,62 Healthcare and Social Assistance
California,Marathon Staffing Solutions Inc,Tehama County,08/05/2025,10/07/2025,9,,56 Administrative and Support and Waste Management and Remediation
California,Marathon Staff Solutions Inc. - W. Sacramento,Yolo County,08/05/2025,10/07/2025,62,,56 Administrative and Support and Waste Management and Remediation
California,"Jabil, Inc.",Santa Clara County,08/06/2025,10/01/2025,21,,31-33 Manufacturing
California,"TriLink Biotechnologies, LLC (10770)",San Diego County,08/08/2025,10/06/2025,69,,54 Professional Scientific and Technical Services
California,"TriLink Biotechnologies, LLC (5717)",San Diego County,08/08/2025,10/06/2025,5,,54 Professional Scientific and Technical Services
California,"TriLink Biotechnologies, LLC (10240)",San Diego County,08/08/2025,10/06/2025,5,,54 Professional Scientific and Technical Services
California,"TriLink Biotechnologies, LLC (10247)",San Diego County,08/08/2025,10/06/2025,11,,54 Professional Scientific and Technical Services
California,Diamond Baseball Holdings,Stanislaus County,08/08/2025,09/30/2025,7,,71 Arts Entertainment and Recreation
California,Altera Corporation,Santa Clara County,08/07/2025,10/08/2025,82,,54 Professional Scientific and Technical Services
California,"Oracle America, Inc.",Alameda County,08/13/2025,10/13/2025,45,,54 Professional Scientific and Technical Services
California,Buck Mason,Los Angeles County,08/12/2025,08/31/2025,2,,44-45 Retail Trade
California,"Oracle America, Inc.",San Mateo County,08/13/2025,10/13/2025,143,,54 Professional Scientific and Technical Services
California,Block,Alameda County,08/12/2025,10/13/2025,5,,51 Information
California,"Bausch Health US, LLC",Sonoma County,08/13/2025,08/13/2025,49,,31-33 Manufacturing
California,"Delaware North Companies Travel Hospitality Services, Inc.",Los Angeles County,08/14/2025,10/31/2025,92,,72 Accommodation and Food Services
California,University of Southern California,Los Angeles County,08/14/2025,09/30/2025,54,,61 Educational Services
California,Warner Music Inc.,Los Angeles County,08/14/2025,10/31/2025,56,,51 Information
California,"Oracle America, Inc.",Santa Clara County,08/13/2025,10/13/2025,101,,54 Professional Scientific and Technical Services
California,Adventist Health Simi Valley,Ventura County,08/14/2025,08/01/2025,2,,62 Healthcare and Social Assistance
California,"Anaheim Arena Management, LLC",Orange County,08/14/2025,10/15/2025,91,,71 Arts Entertainment and Recreation
California,Pactiv LLC,Kern County,08/14/2025,10/14/2025,127,,31-33 Manufacturing
California,The Vons Companies Inc.,Los Angeles County,08/15/2025,10/16/2025,54,,44-45 Retail Trade
California,Adventist Health White Memorial & Montebello,Los Angeles County,08/15/2025,10/06/2025,54,,55 Management of Companies and Enterprises
California,Adventist Health Glendale,Los Angeles County,08/15/2025,10/06/2025,58,,55 Management of Companies and Enterprises
California,Adventist Health 1,Placer County,08/15/2025,10/06/2025,296,,55 Management of Companies and Enterprises
California,"Cisco Systems, Inc.",Santa Clara County,08/13/2025,10/13/2025,157,,54 Professional Scientific and Technical Services
California,"Cisco Systems, Inc.",San Francisco County,08/13/2025,10/13/2025,64,,54 Professional Scientific and Technical Services
California,Adventist Health Simi Valley,Ventura County,08/15/2025,08/15/2025,1,,62 Healthcare and Social Assistance
California,"Zeco Systems, Inc.",Los Angeles County,08/18/2025,10/04/2025,114,,54 Professional Scientific and Technical Services
California,Penney OpCo LLC,Orange County,08/18/2025,11/21/2025,76,,44-45 Retail Trade
California,Corteva Agriscience LLC,Contra Costa County,08/19/2025,10/24/2025,10,,54 Professional Scientific and Technical Services
California,Kaiser Foundation Hospitals,Alameda County,08/18/2025,08/04/2025,2,,62 Healthcare and Social Assistance
California,Kaiser Foundation Hospitals,Alameda County,08/18/2025,08/04/2025,8,,62 Healthcare and Social Assistance
California,Kaiser Foundation Hospitals,Los Angeles County,08/18/2025,08/04/2025,1,,62 Healthcare and Social Assistance
California,Kaiser Foundation Hospitals,Marin County,08/18/2025,08/04/2025,42,,62 Healthcare and Social Assistance
California,Kaiser Foundation Hospitals (1830),Riverside County,08/18/2025,08/04/2025,2,,62 Healthcare and Social Assistance
California,Kaiser Foundation Hospitals (1850),Riverside County,08/18/2025,08/04/2025,2,,62 Healthcare and Social Assistance
California,LCP Lake Tahoe EMP,El Dorado County,08/19/2025,10/30/2025,110,,72 Accommodation and Food Services
California,Sella Restaurant Holdings LP,Los Angeles County,08/13/2025,08/17/2025,72,,72 Accommodation and Food Services
California,"GSC Solutions, Inc.",Alameda County,07/10/2025,07/10/2025,32,,56 Administrative and Support and Waste Management and Remediation
California,Regional Center of the East Bay,Alameda County,08/19/2025,10/06/2025,108,,62 Healthcare and Social Assistance
California,Town Hospice & Palliative Care LLC dba Suncrest Hospice Inland Empire,Riverside County,08/20/2025,11/21/2025,23,,62 Healthcare and Social Assistance
California,Northrop Grumman,Santa Clara County,08/20/2025,10/31/2025,78,,54 Professional Scientific and Technical Services
California,"Farmers Group, Inc.",Los Angeles County,08/19/2025,10/20/2025,62,,52 Finance and Insurance
California,"Farmers Group, Inc.",Los Angeles County,08/19/2025,10/20/2025,1,,52 Finance and Insurance
California,Freedom Designs Inc.,Ventura County,08/21/2025,10/29/2025,70,,31-33 Manufacturing
California,University of Southern California,Los Angeles County,08/22/2025,10/04/2025,144,,61 Educational Services
California,Glenn Medical Center,Glenn County,08/22/2025,10/21/2025,225,,62 Healthcare and Social Assistance
California,"Intuitive Surgical, Inc.",Santa Clara County,08/21/2025,10/27/2025,331,,31-33 Manufacturing
California,"CooperVision, Inc.",Alameda County,08/22/2025,10/31/2025,6,,42 Wholesale Trade
California,Kaiser Foundation Hospitals,Alameda County,08/25/2025,08/25/2025,3,,62 Healthcare and Social Assistance
California,Kaiser Foundation Hospitals,Los Angeles County,08/25/2025,08/25/2025,2,,62 Healthcare and Social Assistance
California,Kaiser Foundation Hospitals (1830),Riverside County,08/25/2025,08/25/2025,1,,62 Healthcare and Social Assistance
California,Kaiser Foundation Hospitals (1850),Riverside County,08/25/2025,08/25/2025,2,,62 Healthcare and Social Assistance
California,Enloe Health,Butte County,08/25/2025,10/31/2025,78,,62 Healthcare and Social Assistance
California,"Exelixis, Inc.",Alameda County,08/26/2025,10/27/2025,71,,54 Professional Scientific and Technical Services
California,"Planned Parenthood Mar Monte, Inc.",San Mateo County,07/24/2025,07/24/2025,9,,62 Healthcare and Social Assistance
California,"Planned Parenthood Mar Monte, Inc. - 29",San Mateo County,07/24/2025,07/24/2025,1,,62 Healthcare and Social Assistance
California,Intel Corporation (Robert Noyce),Santa Clara County,08/25/2025,07/15/2025,46,,54 Professional Scientific and Technical Services
California,Intel Corporation (SC-9),Santa Clara County,08/25/2025,07/15/2025,2,,54 Professional Scientific and Technical Services
California,Intel Corporation (SC-12),Santa Clara County,08/25/2025,07/15/2025,50,,54 Professional Scientific and Technical Services
California,"Dandelion Payments, Inc.",Orange County,08/26/2025,10/25/2025,64,,52 Finance and Insurance
California,Intel Corporation,Sacramento County,08/25/2025,07/11/2025,83,,54 Professional Scientific and Technical Services
California,Berco Redwood Inc.,Sacramento County,08/26/2025,10/31/2025,13,,44-45 Retail Trade
California,"Southwest Key Programs, Inc. - Casa Pleasant Hill",Contra Costa County,07/31/2025,07/31/2025,47,,62 Healthcare and Social Assistance
California,"Southwest Key Programs, Inc. - Casa San Diego",San Diego County,07/31/2025,07/31/2025,116,,62 Healthcare and Social Assistance
California,"Planned Parenthood Mar Monte, Inc. 5440",Santa Clara County,07/24/2025,07/24/2025,12,,62 Healthcare and Social Assistance
California,"Planned Parenthood Mar Monte, Inc. - 3131",Santa Clara County,07/24/2025,07/24/2025,1,,62 Healthcare and Social Assistance
California,"Planned Parenthood Mar Monte,  Inc. - 1694",Santa Clara County,07/24/2025,07/24/2025,1,,62 Healthcare and Social Assistance
California,"Planned Parenthood Mar Monte, Inc. - 1691",Santa Clara County,07/24/2025,07/24/2025,1,,62 Healthcare and Social Assistance
California,Web To Door Corporation,Contra Costa County,08/26/2025,10/27/2025,67,,48-49 Transportation and Warehousing
California,Children's Hospital Los Angeles,Los Angeles County,08/27/2025,10/28/2025,439,,62 Healthcare and Social Assistance
California,Adventist Health White Memorial,Los Angeles County,07/31/2025,08/08/2025,28,,62 Healthcare and Social Assistance
California,Web To Door Corporation,Santa Clara County,08/26/2025,10/27/2025,63,,48-49 Transportation and Warehousing
California,Web To Door Corporation,Alameda County,08/26/2025,10/27/2025,62,,48-49 Transportation and Warehousing
California,"GXO Logistics Supply Chain, Inc.",San Bernardino County,08/26/2025,10/26/2025,32,,54 Professional Scientific and Technical Services
California,JPMorgan Chase,San Francisco County,08/27/2025,08/27/2025,99,,52 Finance and Insurance
California,Norman's Nursery,San Joaquin County,08/27/2025,11/03/2025,71,,11 Agriculture Forestry Fishing Hunting
California,Silgan Containers,Stanislaus County,08/14/2025,10/13/2025,78,,31-33 Manufacturing
California,Silgan Containers,Stanislaus County,08/19/2025,10/19/2025,72,,31-33 Manufacturing
California,Vistar Green Rabbit 2237,Tulare County,08/25/2025,10/31/2025,92,,48-49 Transportation and Warehousing
California,Vistar Green Rabbit,Tulare County,08/25/2025,10/31/2025,15,,48-49 Transportation and Warehousing
California,Foundation for California Community Colleges,Sacramento County,08/28/2025,10/31/2025,174,,61 Educational Services
California,"DexCom, Inc.",San Diego County,08/27/2025,11/03/2025,319,,31-33 Manufacturing
California,"Downtown Streets, Inc.",Alameda County,08/29/2025,10/31/2025,5,,81 Other Services Except Public Administration
California,"Downtown Streets, Inc.",Alameda County,08/29/2025,10/31/2025,4,,81 Other Services Except Public Administration
California,"Downtown Streets, Inc.",Monterey County,08/29/2025,08/29/2025,4,,81 Other Services Except Public Administration
California,"Downtown Streets, Inc.",Santa Clara County,08/29/2025,10/31/2025,3,,81 Other Services Except Public Administration
California,"Downtown Streets, Inc.",Santa Clara County,08/29/2025,10/31/2025,3,,81 Other Services Except Public Administration
California,"Downtown Streets, Inc.",Sacramento County,08/29/2025,10/31/2025,3,,81 Other Services Except Public Administration
California,"Downtown Streets, Inc.",Santa Clara County,08/29/2025,10/31/2025,25,,81 Other Services Except Public Administration
California,"Downtown Streets, Inc.",Santa Clara County,08/29/2025,10/31/2025,9,,81 Other Services Except Public Administration
California,"Downtown Streets, Inc.",Santa Cruz County,08/29/2025,10/31/2025,9,,81 Other Services Except Public Administration
California,"Downtown Streets, Inc.",Solano County,08/29/2025,10/31/2025,2,,81 Other Services Except Public Administration
California,"Downtown Streets, Inc.",Stanislaus County,08/29/2025,10/31/2025,17,,81 Other Services Except Public Administration
California,"Downtown Streets, Inc.",Yolo County,08/29/2025,10/31/2025,3,,81 Other Services Except Public Administration
California,"Downtown Streets, Inc.",Yolo County,08/29/2025,10/31/2025,8,,81 Other Services Except Public Administration
California,"Downtown Streets, Inc.",Marin County,08/29/2025,10/31/2025,16,,81 Other Services Except Public Administration
California,"Exelixis, Inc.",Alameda County,08/29/2025,08/29/2025,74,,54 Professional Scientific and Technical Services
California,"Oracle America, Inc.",Alameda County,09/02/2025,11/03/2025,36,,54 Professional Scientific and Technical Services
California,"Oracle America, Inc.",San Mateo County,09/02/2025,11/03/2025,187,,54 Professional Scientific and Technical Services
California,"Oracle America, Inc.",Santa Clara County,09/02/2025,11/03/2025,31,,54 Professional Scientific and Technical Services
California,"Juni Learning, Inc.",San Francisco County,09/02/2025,11/01/2025,121,,61 Educational Services
California,"Salesforce, Inc.",San Francisco County,09/02/2025,11/03/2025,262,,54 Professional Scientific and Technical Services
California,Fellers LLC,Fresno County,08/27/2025,10/24/2025,2,,44-45 Retail Trade
California,G2 Secure Staff,Los Angeles County,09/02/2025,11/01/2025,103,,48-49 Transportation and Warehousing
California,Sandpiper,San Diego County,09/03/2025,11/04/2025,25,,72 Accommodation and Food Services
California,Six Flags Entertainment Corporation,Santa Clara County,09/03/2025,11/02/2025,184,,71 Arts Entertainment and Recreation
California,Essendant,Riverside County,09/04/2025,12/31/2025,146,,42 Wholesale Trade
California,"The Brigantine, Inc.",San Diego County,09/04/2025,11/04/2025,64,,72 Accommodation and Food Services
California,Adventist Health Lodi Memorial,San Joaquin County,08/28/2025,08/28/2025,17,,62 Healthcare and Social Assistance
California,"NeueHouse, Inc. (6121)",Los Angeles County,09/04/2025,09/05/2025,108,,81 Other Services Except Public Administration
California,"NeueHouse, Inc. (73)",Los Angeles County,09/04/2025,09/05/2025,29,,81 Other Services Except Public Administration
California,"NeueHouse, Inc. (304)",Los Angeles County,09/04/2025,09/05/2025,2,,81 Other Services Except Public Administration
California,Raytheon,Los Angeles County,09/05/2025,11/07/2025,4,,54 Professional Scientific and Technical Services
California,Walmart,Alameda County,09/04/2025,12/12/2025,87,,44-45 Retail Trade
California,Walmart,Riverside County,09/04/2025,12/12/2025,106,,44-45 Retail Trade
California,"Revol Greens CA, LLC",Kern County,09/09/2025,11/08/2025,42,,11 Agriculture Forestry Fishing Hunting
California,Family YMCA of the Desert,Riverside County,09/09/2025,11/17/2025,110,,62 Healthcare and Social Assistance
California,Epic Lightning Fast Service LLC,San Diego County,09/01/2025,10/31/2025,116,,48-49 Transportation and Warehousing
California,Kaiser Foundation Hospitals-Pleasanton,Alameda County,09/08/2025,09/08/2025,14,,62 Healthcare and Social Assistance
California,Kaiser Foundation Hospitals-Antioch,Contra Costa County,09/08/2025,09/08/2025,1,,62 Healthcare and Social Assistance
California,Kaiser Foundation Hospitals - Walnut Creek,Contra Costa County,09/08/2025,09/08/2025,1,,62 Healthcare and Social Assistance
California,Kaiser Foundation Hospitals - 99 S. Pasadena,Los Angeles County,09/08/2025,09/08/2025,1,,62 Healthcare and Social Assistance
California,Kaiser Foundation Hospitals - 74 N. Pasadena,Los Angeles County,09/08/2025,09/08/2025,2,,62 Healthcare and Social Assistance
California,Woodward West,Kern County,09/03/2025,11/03/2025,24,,61 Educational Services
California,University of Southern California,Los Angeles County,09/11/2025,10/03/2025,137,,61 Educational Services
California,21st Amendment Brewery Cafe,Alameda County,09/03/2025,11/04/2025,58,,72 Accommodation and Food Services
California,21st Amendment Brewery Cafe,San Francisco County,09/03/2025,11/04/2025,18,,72 Accommodation and Food Services
California,University of Southern California (Health Sciences Campus),Los Angeles County,09/14/2025,10/03/2025,151,,62 Healthcare and Social Assistance
California,University of Southern California (HC2),Los Angeles County,09/14/2025,10/03/2025,1,,62 Healthcare and Social Assistance
California,University of Southern California (Keck),Los Angeles County,09/14/2025,10/03/2025,4,,62 Healthcare and Social Assistance
California,University of Southern California (Norris),Los Angeles County,09/14/2025,10/03/2025,1,,62 Healthcare and Social Assistance
California,University of Southern California (Soto II),Los Angeles County,09/14/2025,10/03/2025,1,,62 Healthcare and Social Assistance
California,"Thermal Structures, Inc.",Riverside County,09/02/2025,11/24/2025,447,,31-33 Manufacturing
California,"G&C Staffing, LLC (&quot;Gold Flora&quot;)",Riverside County,09/16/2025,11/15/2025,27,,56 Administrative and Support and Waste Management and Remediation
California,Foundation for California Community Colleges,Sacramento County,09/16/2025,11/14/2025,113,,62 Healthcare and Social Assistance
California,"CRC ED Treatment LLC, Montecatini, Inc. (2524)",San Diego County,09/09/2025,11/08/2025,79,,62 Healthcare and Social Assistance
California,"CRC ED Treatment LLC, Montecatini, Inc. (6183)",San Diego County,09/09/2025,11/08/2025,5,,62 Healthcare and Social Assistance
California,"CRC ED Treatment LLC, Montecatini, Inc. (Remote)",San Diego County,09/09/2025,11/08/2025,3,,62 Healthcare and Social Assistance
California,Kaiser Foundation Hospitals,Alameda County,09/15/2025,09/15/2025,5,,62 Healthcare and Social Assistance
California,"IPG DXTRA Entertainment, Inc. d/b/a Rogers & Cowan PMK (&quot;Company&quot;)",Los Angeles County,09/17/2025,11/16/2025,108,,54 Professional Scientific and Technical Services
California,"Arsenal Biosciences, Inc.",San Mateo County,09/16/2025,11/14/2025,100,,54 Professional Scientific and Technical Services
California,"Carbon, Inc.",San Mateo County,09/15/2025,11/17/2025,78,,31-33 Manufacturing
California,Azure Acres Treatment Center 1160,Sacramento County,09/16/2025,11/08/2025,1,,62 Healthcare and Social Assistance
California,Azure Acres Treatment Center - 2641,Sacramento County,09/16/2025,11/08/2025,3,,62 Healthcare and Social Assistance
California,Azure Acres Treatment Center - 2264,Sonoma County,09/16/2025,11/08/2025,61,,62 Healthcare and Social Assistance
California,Azure Acres Treatment Center - 7064,Sonoma County,09/16/2025,11/08/2025,8,,62 Healthcare and Social Assistance
California,Azure Acres Treatment Center - 5665,Sonoma County,09/16/2025,11/08/2025,1,,62 Healthcare and Social Assistance
California,Azure Acres Treatment Center - 11740,Sonoma County,09/16/2025,11/08/2025,5,,62 Healthcare and Social Assistance
California,"MMCI Acquisition, LLC dba Mortech Manufacturing Company",Los Angeles County,09/22/2025,12/01/2025,46,,31-33 Manufacturing
California,"Randstad Inhouse Services, LLC",Kern County,09/24/2025,11/23/2025,214,,42 Wholesale Trade
California,"Point Quest, Inc.",Sacramento County,09/23/2025,09/22/2025,66,,61 Educational Services
California,"Point Quest, Inc.",Sacramento County,09/23/2025,09/22/2025,100,,61 Educational Services
California,"Valyria, LLC",Solano County,09/24/2025,11/21/2025,25,,42 Wholesale Trade
California,Dreyer's Grand Ice Cream,Tulare County,09/23/2025,11/24/2025,188,,42 Wholesale Trade
California,"Randstad Inhouse Services, LLC",Tulare County,09/24/2025,11/24/2025,110,,42 Wholesale Trade
California,Palo Verde Healthcare District,Riverside County,09/24/2025,11/23/2025,94,,62 Healthcare and Social Assistance
California,"Eclipse Advantage, LLC",San Bernardino County,09/24/2025,11/23/2025,58,,56 Administrative and Support and Waste Management and Remediation
California,Jabil Inc.,Santa Clara County,09/24/2025,11/24/2025,393,,31-33 Manufacturing
California,"Avelo Airlines, Inc.",Humboldt County,09/26/2025,11/18/2025,11,,48-49 Transportation and Warehousing
California,Warner Music Inc.,Los Angeles County,09/26/2025,11/24/2025,6,,51 Information
California,Agile Physical Therapy (Sutter Health Dublin Physical & Hand Therapy),Alameda County,09/12/2025,11/14/2025,7,,62 Healthcare and Social Assistance
California,Agile Physical Therapy (Sutter Health Fremont Physical Therapy & Hand Therapy),Alameda County,09/12/2025,11/14/2025,24,,62 Healthcare and Social Assistance
California,Agile Physical Therapy (Sutter Health San Carlos Physical Therapy & Hand Therapy),San Mateo County,09/12/2025,11/14/2025,19,,62 Healthcare and Social Assistance
California,Agile Physical Therapy (Sutter Health Sunnyvale Physical Therapy 1085),Santa Clara County,09/12/2025,11/14/2025,23,,62 Healthcare and Social Assistance
California,Agile Physical Therapy (Sutter Health Sunnyvale Center 401 Physical Therapy),Santa Clara County,09/12/2025,11/14/2025,16,,62 Healthcare and Social Assistance
California,Agile Physical Therapy (Sutter Health Sunnyvale Center (301) Physical Therapy),Santa Clara County,09/12/2025,11/14/2025,4,,62 Healthcare and Social Assistance
California,Agile Physical Therapy (Sutter Health Mountain View Center),Santa Clara County,09/12/2025,11/14/2025,1,,62 Healthcare and Social Assistance
California,Agile Physical Therapy (Sutter Health Palo Alto Physical Therapy & Hand Therapy),Santa Clara County,09/12/2025,11/14/2025,30,,62 Healthcare and Social Assistance
California,"GEP Administrative Services, LLC dba Entertainment Partners",Los Angeles County,09/26/2025,12/01/2025,61,,54 Professional Scientific and Technical Services
California,City of Hope,Los Angeles County,09/25/2025,11/25/2025,56,,62 Healthcare and Social Assistance
California,University of Southern California,Los Angeles County,09/29/2025,10/04/2025,55,,61 Educational Services
California,City of Hope,Los Angeles County,09/25/2025,11/25/2025,140,,62 Healthcare and Social Assistance
California,GSK plc.,San Francisco County,09/29/2025,09/29/2025,8,,54 Professional Scientific and Technical Services
California,"Avelo Airlines, Inc.",Los Angeles County,09/17/2025,10/21/2025,38,,48-49 Transportation and Warehousing
California,Dreyer's Grand Ice Cream,Kern County,09/23/2025,11/23/2025,726,,42 Wholesale Trade
California,North State Public Radio (NSPR),Butte County,09/30/2025,11/30/2025,12,,51 Information
California,"Sutro Biopharma, Inc.",San Mateo County,09/29/2025,09/30/2025,45,,54 Professional Scientific and Technical Services
California,"Sutro Biopharma, Inc.",San Mateo County,09/29/2025,09/30/2025,8,,54 Professional Scientific and Technical Services
California,"Sutro Biopharma, Inc.",San Mateo County,09/29/2025,09/30/2025,1,,54 Professional Scientific and Technical Services
California,Google - 1265,Santa Clara County,09/29/2025,11/09/2025,9,,54 Professional Scientific and Technical Services
California,Google -1225,Santa Clara County,09/29/2025,11/09/2025,1,,54 Professional Scientific and Technical Services
California,Google - 242,Santa Clara County,09/29/2025,11/09/2025,20,,54 Professional Scientific and Technical Services
California,Google - 244,Santa Clara County,09/29/2025,11/09/2025,1,,54 Professional Scientific and Technical Services
California,Google - 1175,Santa Clara County,09/29/2025,11/09/2025,1,,54 Professional Scientific and Technical Services
California,Google - 1190,Santa Clara County,09/29/2025,11/09/2025,8,,54 Professional Scientific and Technical Services
California,Google -1160,Santa Clara County,09/29/2025,11/09/2025,4,,54 Professional Scientific and Technical Services
California,Google - 1195,Santa Clara County,09/29/2025,11/09/2025,4,,54 Professional Scientific and Technical Services
California,Google - 237,Santa Clara County,09/29/2025,11/09/2025,2,,54 Professional Scientific and Technical Services
California,"Boardwalk Property Services, LLC",Napa County,09/23/2025,11/23/2025,66,,72 Accommodation and Food Services
California,Celestica Precision Machining Ltd,Alameda County,10/01/2025,12/01/2025,72,,31-33 Manufacturing
California,Bicycle Transit Systems,Los Angeles County,09/30/2025,11/30/2025,65,,53 Real Estate and Rental Leasing
California,Caligreen Laboratory,Los Angeles County,09/30/2025,09/26/2025,22,,54 Professional Scientific and Technical Services
California,"FPI Management, Inc. (800)",Sacramento County,09/30/2025,11/30/2025,50,,53 Real Estate and Rental Leasing
California,"FPI Management, Inc. (1110)",Sacramento County,09/30/2025,11/30/2025,39,,53 Real Estate and Rental Leasing
California,"FPI Management, Inc. (Remote)",Sacramento County,09/30/2025,11/30/2025,16,,53 Real Estate and Rental Leasing
California,Cruise LLC,San Francisco County,09/30/2025,09/30/2025,12,,48-49 Transportation and Warehousing
California,"Oracle America, Inc.",Alameda County,10/01/2025,11/05/2025,1,,54 Professional Scientific and Technical Services
California,"Monroe Operations, LLC dba Newport Academy",Alameda County,09/30/2025,12/01/2025,28,,62 Healthcare and Social Assistance
California,"Oracle America, Inc.",San Mateo County,10/01/2025,11/10/2025,4,,54 Professional Scientific and Technical Services
California,"Monroe Operations, LLC dba Newport Academy",Orange County,09/30/2025,12/01/2025,27,,62 Healthcare and Social Assistance
California,Amazon,Orange County,10/02/2025,01/06/2026,149,,44-45 Retail Trade
California,Dart Container Corporation,Riverside County,10/01/2025,02/27/2026,171,,31-33 Manufacturing
California,Advanced Pressure Technology,Napa County,10/02/2025,12/01/2025,237,,31-33 Manufacturing
California,Manna Beverages MBV-CA LLC - 1226,Orange County,10/03/2025,10/07/2025,245,,42 Wholesale Trade
California,Manna Beverages MBV-CA LLC 6725,San Bernardino County,10/03/2025,10/07/2025,15,,42 Wholesale Trade
California,Manna Beverages MBV-CA LLC - 2150,Yolo County,10/03/2025,10/07/2025,25,,42 Wholesale Trade
California,Manna Beverages MBV-CA LLC 2286,Yolo County,10/03/2025,10/07/2025,237,,42 Wholesale Trade
California,Manna Beverages MBV-CA LLC 3600,Yolo County,10/03/2025,10/07/2025,98,,42 Wholesale Trade
California,Manna Beverages MBV-CA LLC 3685,Yolo County,10/03/2025,10/07/2025,18,,42 Wholesale Trade
California,University of Southern California,Los Angeles County,10/03/2025,11/30/2025,21,,61 Educational Services
California,Amazon,Los Angeles County,10/02/2025,01/06/2026,107,,44-45 Retail Trade
California,Amazon,Los Angeles County,10/02/2025,01/06/2026,126,,44-45 Retail Trade
California,Adventist Health Sonora,Tuolumne County,08/08/2025,10/10/2025,1,,62 Healthcare and Social Assistance
California,Amazon,Orange County,10/02/2025,01/06/2026,173,,44-45 Retail Trade
California,ZOLL Medical Corporation,Riverside County,10/03/2025,12/15/2025,96,,31-33 Manufacturing
California,Indian Health Center of Santa Clara Valley,Santa Clara County,10/01/2025,12/31/2025,21,,62 Healthcare and Social Assistance
California,Paramount Global (1575),Los Angeles County,10/03/2025,08/09/2025,65,,71 Arts Entertainment and Recreation
California,Paramount Global (5555),Los Angeles County,10/03/2025,08/09/2025,49,,71 Arts Entertainment and Recreation
California,"rPlanet Earth Los Angeles, LLC",Los Angeles County,09/05/2025,09/05/2025,178,,31-33 Manufacturing
California,"SAP America, Inc.",Santa Clara County,10/06/2025,11/21/2025,82,,54 Professional Scientific and Technical Services
California,Kaiser Foundation Hospitals (One),Alameda County,10/06/2025,09/17/2025,6,,62 Healthcare and Social Assistance
California,Kaiser Foundation Hospitals (3600),Alameda County,10/06/2025,09/17/2025,74,,62 Healthcare and Social Assistance
California,Kaiser Foundation Hospitals (4460),Alameda County,10/06/2025,09/17/2025,43,,62 Healthcare and Social Assistance
California,Kaiser Foundation Hospitals (2500),Alameda County,10/06/2025,09/17/2025,40,,61 Educational Services
California,Kaiser Foundation Hospitals (501),Contra Costa County,10/06/2025,09/17/2025,1,,62 Healthcare and Social Assistance
California,"The Academy of Magical Arts, Inc.",Los Angeles County,10/07/2025,12/31/2025,174,,72 Accommodation and Food Services
California,Kaiser Foundation Hospitals (4841),Los Angeles County,10/06/2025,09/17/2025,1,,62 Healthcare and Social Assistance
California,Kaiser Foundation Hospitals (12254),Los Angeles County,10/06/2025,09/17/2025,2,,62 Healthcare and Social Assistance
California,Kaiser Foundation Hospitals (9521),Los Angeles County,10/06/2025,09/17/2025,1,,62 Healthcare and Social Assistance
California,Kaiser Foundation Hospitals (99),Los Angeles County,10/06/2025,09/17/2025,7,,62 Healthcare and Social Assistance
California,Kaiser Foundation Hospitals (393),Los Angeles County,10/06/2025,09/17/2025,1,,62 Healthcare and Social Assistance
California,Kaiser Foundation Hospitals (74),Los Angeles County,10/06/2025,09/17/2025,15,,62 Healthcare and Social Assistance
California,Kaiser Foundation Hospitals (75),Los Angeles County,10/06/2025,09/17/2025,1,,62 Healthcare and Social Assistance
California,Kaiser Foundation Hospitals (1830),Riverside County,10/06/2025,09/17/2025,2,,62 Healthcare and Social Assistance
California,Kaiser Foundation Hospitals (1850),Riverside County,10/06/2025,09/17/2025,1,,62 Healthcare and Social Assistance
California,Kaiser Foundation Hospitals (8954),San Diego County,10/06/2025,09/17/2025,1,,62 Healthcare and Social Assistance
California,Kaiser Foundation Hospitals (1100),San Mateo County,10/06/2025,09/17/2025,20,,62 Healthcare and Social Assistance
California,"Polymer Technology Systems, Inc.",Santa Clara County,10/07/2025,12/05/2025,56,,31-33 Manufacturing
California,Ballast Point Brewing Company - Miramar Location,San Diego County,10/08/2025,12/15/2025,29,,31-33 Manufacturing
California,Ballast Point Brewing Company - Little Italy Location,San Diego County,10/08/2025,12/15/2025,8,,31-33 Manufacturing
California,"CRST Lincoln Sales, Inc. dba CRST Equipment Solutions, Inc.",San Joaquin County,10/08/2025,12/07/2025,21,,81 Other Services Except Public Administration
California,North State Public Radio (NSPR),Butte County,09/30/2025,11/30/2025,12,,71 Arts Entertainment and Recreation
California,Canyon Ranch Woodside,San Mateo County,09/24/2025,11/21/2025,56,,72 Accommodation and Food Services
California,GAF Energy LLC,Santa Clara County,10/09/2025,12/13/2025,138,,23 Construction
California,RGNext,Santa Barbara County,10/01/2025,11/30/2025,400,,54 Professional Scientific and Technical Services
California,RTX (2012),Los Angeles County,10/10/2025,12/19/2025,1,,61 Educational Services
California,RTX (2000),Los Angeles County,10/10/2025,12/19/2025,1,,61 Educational Services
California,Blue shield of California 601,Alameda County,10/13/2025,12/02/2025,31,,52 Finance and Insurance
California,Blue Shield of California Building C,El Dorado County,10/13/2025,12/02/2025,18,,52 Finance and Insurance
California,"Blue Shield of California, Building B",El Dorado County,10/13/2025,12/02/2025,24,,52 Finance and Insurance
California,Blue Shield of California 3840,Los Angeles County,10/13/2025,12/02/2025,26,,52 Finance and Insurance
California,Blue Shield of California 6300,Los Angeles County,10/13/2025,12/02/2025,17,,52 Finance and Insurance
California,Blue Shield of California 3300,Sacramento County,10/13/2025,12/02/2025,13,,52 Finance and Insurance
California,Blue Shield of California 3131,San Diego County,10/13/2025,12/02/2025,4,,52 Finance and Insurance
California,Blue Shield of California 3021,San Joaquin County,10/13/2025,12/02/2025,6,,52 Finance and Insurance
California,Blue Shield of California 4700,Shasta County,10/13/2025,12/02/2025,11,,52 Finance and Insurance
California,Lucile Salter Packard Children's Hospital,Santa Clara County,10/10/2025,12/12/2025,87,,62 Healthcare and Social Assistance
California,"Planned Parenthood/Orange and San Bernardino Counties, Inc. 801",Orange County,10/13/2025,12/13/2025,25,,62 Healthcare and Social Assistance
California,"Planned Parenthood/Orange and San Bernardino Counties, Inc. 303",Orange County,10/13/2025,12/13/2025,4,,62 Healthcare and Social Assistance
California,"Planned Parenthood/Orange and San Bernardino Counties, Inc. 1520",Orange County,10/13/2025,12/13/2025,6,,62 Healthcare and Social Assistance
California,"Planned Parenthood/Orange and San Bernardino Counties, Inc. 26137",Orange County,10/13/2025,12/13/2025,7,,62 Healthcare and Social Assistance
California,"Planned Parenthood/Orange and San Bernardino Counties, Inc. 700",Orange County,10/13/2025,12/13/2025,7,,62 Healthcare and Social Assistance
California,"Planned Parenthood/Orange and San Bernardino Counties, Inc.  1421",Orange County,10/13/2025,12/13/2025,8,,62 Healthcare and Social Assistance
California,"Planned Parenthood/Orange and San Bernardino Counties, Inc. 14372",Orange County,10/13/2025,12/13/2025,6,,62 Healthcare and Social Assistance
California,"Planned Parenthood/Orange and San Bernardino Counties, Inc.  325",San Bernardino County,10/13/2025,12/13/2025,6,,62 Healthcare and Social Assistance
California,Planned Parenthood/Orange and San Bernardino Inc. 1873,San Bernardino County,10/13/2025,12/13/2025,5,,62 Healthcare and Social Assistance
California,"Planned Parenthood/Orange and San Bernardino Counties, Inc. 918",San Bernardino County,10/13/2025,12/13/2025,7,,62 Healthcare and Social Assistance
California,Chevron,Contra Costa County,08/22/2025,10/23/2025,68,,31-33 Manufacturing
California,Chevron,Kern County,08/22/2025,10/23/2025,52,,31-33 Manufacturing
California,Warner Music Inc. (777),Los Angeles County,10/14/2025,12/24/2025,32,,71 Arts Entertainment and Recreation
California,Warner Music Inc. (11261),Los Angeles County,10/14/2025,12/24/2025,3,,71 Arts Entertainment and Recreation
California,Omnicare,Sacramento County,10/13/2025,12/14/2025,64,,44-45 Retail Trade
California,Hilton San Diego Bayfront,San Diego County,10/12/2025,12/13/2025,394,,72 Accommodation and Food Services
California,Jet Propulsion Laboratory (California Institute of Technology),Los Angeles County,10/14/2025,12/13/2025,543,,92 Public Administration
California,Georg Fischer Signet LLC,Los Angeles County,10/13/2025,12/22/2025,100,,31-33 Manufacturing
California,"National Distribution Centers, LLC (NDC)",San Bernardino County,10/14/2025,12/14/2025,45,,48-49 Transportation and Warehousing
California,Stryder Corp. dba Handshake,San Francisco County,10/15/2025,10/15/2025,96,,51 Information
California,"BILL Operations, LLC",Santa Clara County,10/15/2025,12/15/2025,84,,51 Information
California,Raytheon,Los Angeles County,10/15/2025,12/15/2025,2,,54 Professional Scientific and Technical Services
California,"Bumble Bee Foods, LLC",Los Angeles County,10/16/2025,12/18/2025,56,,31-33 Manufacturing
California,"Nitto Avecia Pharma Services, Inc.",Orange County,10/15/2025,12/16/2025,24,,31-33 Manufacturing
California,Kaiser Foundation Hospitals,Alameda County,10/13/2025,10/10/2025,3,,62 Healthcare and Social Assistance
California,Kaiser Foundation Hospitals,Marin County,10/13/2025,10/10/2025,2,,62 Healthcare and Social Assistance
California,Kaiser Foundation Hospitals,Sacramento County,10/13/2025,10/10/2025,2,,62 Healthcare and Social Assistance
California,Kaiser Foundation Hospitals,San Francisco County,10/13/2025,10/10/2025,2,,62 Healthcare and Social Assistance
California,Kaiser Foundation Hospitals,Solano County,10/13/2025,10/10/2025,1,,62 Healthcare and Social Assistance
California,Kaiser Foundation Hospitals,Sonoma County,10/13/2025,10/10/2025,1,,62 Healthcare and Social Assistance
California,RTX,Los Angeles County,10/16/2025,01/02/2026,1,,31-33 Manufacturing
California,"Marshalls of CA, LLC",Los Angeles County,10/17/2025,01/05/2026,62,,44-45 Retail Trade
California,"Marshalls of CA, LLC",Santa Clara County,10/17/2025,01/05/2026,64,,44-45 Retail Trade
California,University of Southern California,Los Angeles County,10/17/2025,10/08/2025,2,,61 Educational Services
California,"Judco Manufacturing, Inc.",Los Angeles County,10/17/2025,12/16/2025,53,,31-33 Manufacturing
California,"Magnesium Alloy Products Co., Inc.",Los Angeles County,10/10/2025,11/26/2025,61,,31-33 Manufacturing
California,The University Corporation at Monterey Bay,Monterey County,10/17/2025,12/16/2025,134,,62 Healthcare and Social Assistance
California,"ReCircle Solutions, Inc. (Oroville Flexible Grocery Bags LLC and Oroville Flexible Packaging LLC)",Butte County,10/17/2025,12/19/2025,24,,31-33 Manufacturing
California,Broadcom Inc.,Santa Clara County,10/17/2025,12/19/2025,247,,31-33 Manufacturing
California,"Centene Management Company, LLC",Sacramento County,10/20/2025,12/19/2025,5,,52 Finance and Insurance
California,Kinetics Equipment Solutions Group,Alameda County,10/20/2025,12/26/2025,23,,31-33 Manufacturing
California,Corteva Agriscience LLC,Contra Costa County,10/21/2025,01/02/2026,3,,54 Professional Scientific and Technical Services
California,"L3Harris Technologies, Inc.",Los Angeles County,10/20/2025,12/18/2025,32,,31-33 Manufacturing
California,Anthony International,Los Angeles County,10/21/2025,03/31/2026,398,,31-33 Manufacturing
California,Ojai Valley Inn,Ventura County,10/20/2025,01/04/2026,773,,72 Accommodation and Food Services
California,Adventist Health Glendale,Los Angeles County,08/27/2025,08/07/2025,25,,62 Healthcare and Social Assistance
California,RAND Corporation,Los Angeles County,10/21/2025,11/02/2025,73,,54 Professional Scientific and Technical Services
California,Alector LLC,San Mateo County,10/21/2025,12/22/2025,75,,54 Professional Scientific and Technical Services
California,"Science of Skincare, LLC (3333 N San Fernando Blvd)",Los Angeles County,10/22/2025,12/30/2025,37,,31-33 Manufacturing
California,"Science of Skincare, LLC (7525 N Lockheed Dr)",Los Angeles County,10/22/2025,12/30/2025,26,,31-33 Manufacturing
California,Leprino Foods Company,Kings County,10/23/2025,01/09/2026,268,,31-33 Manufacturing
California,California College of ASU,Los Angeles County,10/16/2025,12/19/2025,75,,61 Educational Services
California,"Hydro Extrusion USA, LLC",Los Angeles County,10/23/2025,12/23/2025,128,,31-33 Manufacturing
California,"Meta Platforms, Inc. (1 Hacker Way)",San Mateo County,10/22/2025,12/22/2025,22,,51 Information
California,"Meta Platforms, Inc. (1 Meta Way)",San Mateo County,10/22/2025,12/22/2025,261,,51 Information
California,"Meta Platforms, Inc. (180 Jefferson Drive)",San Mateo County,10/22/2025,12/22/2025,1,,51 Information
California,"Meta Platforms, Inc. (190 Jefferson Drive)",San Mateo County,10/22/2025,12/22/2025,21,,51 Information
California,"Meta Platforms, Inc. (305 Constitution Drive)",San Mateo County,10/22/2025,12/22/2025,3,,51 Information
California,"Applied Materials, Inc. (3050 Bowers Ave)",Santa Clara County,10/23/2025,12/23/2025,38,,31-33 Manufacturing
California,"Applied Materials, Inc. (3100 Bowers Ave)",Santa Clara County,10/23/2025,12/23/2025,21,,31-33 Manufacturing
California,"Applied Materials, Inc. (3101 Scott Blvd)",Santa Clara County,10/23/2025,12/23/2025,20,,31-33 Manufacturing
California,"Applied Materials, Inc. (3225 Oakmead Village Dr)",Santa Clara County,10/23/2025,12/23/2025,16,,31-33 Manufacturing
California,"Applied Materials, Inc. (3320 Scott Blvd)",Santa Clara County,10/23/2025,12/23/2025,36,,31-33 Manufacturing
California,"Applied Materials, Inc. (3325 Scott Blvd)",Santa Clara County,10/23/2025,12/23/2025,52,,31-33 Manufacturing
California,"Applied Materials, Inc. (3330 Scott Blvd)",Santa Clara County,10/23/2025,12/23/2025,6,,31-33 Manufacturing
California,"Applied Materials, Inc. (3333 Scott Blvd)",Santa Clara County,10/23/2025,12/23/2025,73,,31-33 Manufacturing
California,"Applied Materials, Inc. (1140 E Arques Ave)",Santa Clara County,10/23/2025,12/23/2025,26,,31-33 Manufacturing
California,"Applied Materials, Inc. (545 Oakmead Pkwy)",Santa Clara County,10/23/2025,12/23/2025,7,,31-33 Manufacturing
California,"Applied Materials, Inc. (557 E. California Ave)",Santa Clara County,10/23/2025,12/23/2025,4,,31-33 Manufacturing
California,"Applied Materials, Inc. (930 E. Arques Ave)",Santa Clara County,10/23/2025,12/23/2025,1,,31-33 Manufacturing
California,"Applied Materials, Inc. (974 E. Arques Ave)",Santa Clara County,10/23/2025,12/23/2025,41,,31-33 Manufacturing
California,"Applied Materials, Inc. (978 E. Arques Ave)",Santa Clara County,10/23/2025,12/23/2025,7,,31-33 Manufacturing
California,"Applied Materials, Inc. (Remote)",Santa Clara County,10/23/2025,12/23/2025,15,,31-33 Manufacturing
California,"Peabody Engineering & Supply, Inc.",Riverside County,10/24/2025,12/12/2025,19,,31-33 Manufacturing
California,"New Punch Bowl Sacramento, LLC",Sacramento County,10/22/2025,12/24/2025,83,,72 Accommodation and Food Services
California,Silgan Containers,Stanislaus County,08/25/2025,10/27/2025,180,,31-33 Manufacturing
California,Wellpath,Monterey County,10/27/2025,12/31/2025,72,,62 Healthcare and Social Assistance
California,"Genentech, Inc.",San Mateo County,10/24/2025,11/28/2025,118,,54 Professional Scientific and Technical Services
California,"Communications Test Design, Inc. (CTDI)",San Bernardino County,10/27/2025,12/31/2025,64,,23 Construction
California,"Communications Test Design, Inc. (CTDI)",San Bernardino County,10/27/2025,12/31/2025,15,,23 Construction
California,Disneyland Resort,Orange County,10/28/2025,12/30/2025,72,,71 Arts Entertainment and Recreation
California,University of Southern California,Los Angeles County,10/27/2025,10/31/2025,259,,61 Educational Services
California,TAO Group Hospitality,Los Angeles County,10/28/2025,12/31/2025,8,,81 Other Services Except Public Administration
California,LAVO Los Angeles,Los Angeles County,10/28/2025,12/31/2025,100,,72 Accommodation and Food Services
California,Fleur Room,Los Angeles County,10/28/2025,12/31/2025,26,,72 Accommodation and Food Services
California,"San Diego Imaging - Chula Vista, LLC",San Diego County,10/23/2025,12/29/2025,63,,54 Professional Scientific and Technical Services
California,San Diego Imaging - Kearny Mesa,San Diego County,10/23/2025,12/29/2025,32,,54 Professional Scientific and Technical Services
California,Louis Vuitton USA Inc.,San Diego County,10/28/2025,01/25/2026,9,,44-45 Retail Trade
California,Twelve Benefit Corporation (614 Bancroft Way Suite H),Alameda County,10/29/2025,10/29/2025,52,,54 Professional Scientific and Technical Services
California,Twelve Benefit Corporation (1135 Atlantic Ave),Alameda County,10/29/2025,10/29/2025,24,,54 Professional Scientific and Technical Services
California,Smurfit WestRock,Los Angeles County,10/29/2025,12/14/2025,141,,31-33 Manufacturing
California,Amazon LAX22,Los Angeles County,10/28/2025,01/26/2026,65,,44-45 Retail Trade
California,Amazon LAX18,Los Angeles County,10/28/2025,01/26/2025,7,,44-45 Retail Trade
California,Amazon LAX21,Los Angeles County,10/28/2025,01/26/2026,43,,44-45 Retail Trade
California,Amazon LAX 35,Los Angeles County,10/28/2025,01/26/2025,37,,44-45 Retail Trade
California,Amazon LAX10,Los Angeles County,10/28/2025,01/26/2026,62,,44-45 Retail Trade
California,Amazon LAX16,Los Angeles County,10/28/2025,01/26/2026,3,,44-45 Retail Trade
California,Amazon LAX78,Los Angeles County,10/28/2025,01/26/2026,65,,44-45 Retail Trade
California,Amazon (SJC10),Santa Clara County,10/28/2025,01/26/2026,138,,44-45 Retail Trade
California,Amazon (SJC11),Santa Clara County,10/28/2025,01/26/2026,28,,44-45 Retail Trade
California,Amazon (SJC13),Santa Clara County,10/28/2025,01/26/2026,33,,44-45 Retail Trade
California,Amazon (SJC14),Santa Clara County,10/28/2025,01/26/2026,80,,44-45 Retail Trade
California,Amazon (SJC31),Santa Clara County,10/28/2025,01/26/2026,27,,44-45 Retail Trade
California,Amazon (SJC32),Santa Clara County,10/28/2025,01/26/2026,85,,44-45 Retail Trade
California,Amazon SFO12,Santa Clara County,10/28/2025,01/26/2026,18,,44-45 Retail Trade
California,Amazon SFO22,Santa Clara County,10/28/2025,01/26/2026,69,,44-45 Retail Trade
California,Amazon SFO24,Santa Clara County,10/28/2025,01/26/2026,75,,44-45 Retail Trade
California,Amazon SFO36,Santa Clara County,10/28/2025,01/26/2026,12,,44-45 Retail Trade
California,Amazon SFO39,Santa Clara County,10/28/2025,01/26/2026,2,,44-45 Retail Trade
California,Amazon SJC25,Santa Clara County,10/28/2025,01/26/2026,8,,44-45 Retail Trade
California,Amazon SJC38,Santa Clara County,10/28/2025,01/26/2026,50,,44-45 Retail Trade
California,Amazon SJC44,Santa Clara County,10/28/2025,01/26/2026,18,,44-45 Retail Trade
California,Amazon SNA11,Orange County,10/28/2025,01/26/2026,178,,44-45 Retail Trade
California,Amazon SNA12,Orange County,10/28/2025,01/26/2026,17,,44-45 Retail Trade
California,Amazon SNA16,Orange County,10/28/2025,01/26/2026,64,,44-45 Retail Trade
California,Amazon SNA17,Orange County,10/28/2025,01/26/2026,12,,44-45 Retail Trade
California,Amazon SNA18,Orange County,10/28/2025,01/26/2026,1,,44-45 Retail Trade
California,Amazon SNA19,Orange County,10/28/2025,01/26/2026,16,,44-45 Retail Trade
California,Amazon SNA3,Orange County,10/28/2025,01/26/2026,45,,44-45 Retail Trade
California,Amazon (SAN 13),San Diego County,10/28/2025,01/26/2026,24,,44-45 Retail Trade
California,Amazon (SAN 15),San Diego County,10/28/2025,01/26/2026,50,,44-45 Retail Trade
California,Amazon (SAN 17),San Diego County,10/28/2025,01/26/2026,61,,44-45 Retail Trade
California,Amazon (SAN 18),San Diego County,10/28/2025,01/26/2026,3,,44-45 Retail Trade
California,Amazon (SAN 21),San Diego County,10/28/2025,01/26/2026,5,,44-45 Retail Trade
California,Amazon (SAN 3),San Diego County,10/28/2025,01/26/2026,1,,44-45 Retail Trade
California,Amazon (SAN 5),San Diego County,10/28/2025,01/26/2026,1,,44-45 Retail Trade
California,WIS International,San Diego County,10/27/2025,01/01/2026,10,,56 Administrative and Support and Waste Management and Remediation
California,Amazon (ONM212),San Francisco County,10/28/2025,01/26/2026,3,,44-45 Retail Trade
California,Amazon (ONM213),San Francisco County,10/28/2025,01/26/2026,1,,44-45 Retail Trade
California,Amazon (SFO13),San Francisco County,10/28/2025,01/26/2026,41,,44-45 Retail Trade
California,Amazon (SFO19),San Francisco County,10/28/2025,01/26/2026,18,,44-45 Retail Trade
California,Amazon (SFO28),San Francisco County,10/28/2025,01/26/2026,71,,44-45 Retail Trade
California,Amazon (SFO38),San Francisco County,10/28/2025,01/26/2026,3,,44-45 Retail Trade
California,Perikinetics Inc.,Santa Clara County,09/30/2025,02/01/2025,2,,54 Professional Scientific and Technical Services
California,Warner Music Inc.,Los Angeles County,10/30/2025,01/02/2026,2,,71 Arts Entertainment and Recreation
California,Cepheid B1,Santa Clara County,10/29/2025,12/31/2025,15,,31-33 Manufacturing
California,Cepheid B3,Santa Clara County,10/29/2025,12/31/2025,1,,31-33 Manufacturing
California,Cepheid B5,Santa Clara County,10/29/2025,12/31/2025,4,,31-33 Manufacturing
California,Cepheid B6,Santa Clara County,10/29/2025,12/31/2025,1,,31-33 Manufacturing
California,Cepheid B7,Santa Clara County,10/29/2025,12/31/2025,1,,31-33 Manufacturing
California,Cepheid B7+,Santa Clara County,10/29/2025,12/31/2025,9,,31-33 Manufacturing
California,Cepheid B8,Santa Clara County,10/29/2025,12/31/2025,2,,31-33 Manufacturing
California,Cepheid B4,Santa Cruz County,10/29/2025,12/31/2025,2,,31-33 Manufacturing
California,Educational Testing Service (ETS),Sacramento County,10/30/2025,12/31/2025,757,,61 Educational Services
California,Hewlett Packard Enterprise Company (HPE),Santa Clara County,10/30/2025,10/17/2025,52,,31-33 Manufacturing
California,Eastside Management Company,Stanislaus County,10/30/2025,12/31/2025,59,,11 Agriculture Forestry Fishing Hunting
California,SEMSA/Riggs Ambulance Service,Merced County,10/31/2025,12/31/2025,181,,62 Healthcare and Social Assistance
California,"Hitachi Vantara, LLC",Santa Clara County,10/31/2025,12/31/2025,129,,44-45 Retail Trade
California,J & J Snack Foods,San Bernardino County,10/31/2025,12/30/2025,129,,31-33 Manufacturing
California,"Fresno Economic Opportunities Commission (1101 E. Annandale, 101)",Fresno County,10/31/2025,01/01/2026,6,,92 Public Administration
California,Fresno Economic Opportunities Commission (112 - 4th St.),Fresno County,10/31/2025,01/01/2026,7,,92 Public Administration
California,Fresno Economic Opportunities Commission (115 W. Belmont Ave),Fresno County,10/31/2025,01/01/2026,3,,92 Public Administration
California,Fresno Economic Opportunities Commission (1189 Martin St),Fresno County,10/31/2025,01/01/2026,2,,92 Public Administration
California,Fresno Economic Opportunities Commission (1189 Martin St),Fresno County,10/31/2025,01/01/2026,33,,92 Public Administration
California,Fresno Economic Opportunities Commission (1240 E. Washington),Fresno County,10/31/2025,01/01/2026,14,,92 Public Administration
California,Fresno Economic Opportunities Commission (1325 Stillman St.),Fresno County,10/31/2025,01/01/2026,4,,92 Public Administration
California,Fresno Economic Opportunities Commission (1350 E. Annadale),Fresno County,10/31/2025,01/01/2026,7,,92 Public Administration
California,Fresno Economic Opportunities Commission (13660 E. Manning Ave),Fresno County,10/31/2025,01/01/2026,7,,92 Public Administration
California,Fresno Economic Opportunities Commission (1420 Second St.),Fresno County,10/31/2025,01/01/2026,4,,92 Public Administration
California,Fresno Economic Opportunities Commission (1441 Divisadero),Fresno County,10/31/2025,01/01/2026,17,,92 Public Administration
California,Fresno Economic Opportunities Commission (1504 N. Webser),Fresno County,10/31/2025,01/01/2026,9,,92 Public Administration
California,Fresno Economic Opportunities Commission (1620 W. Fairmont),Fresno County,10/31/2025,01/01/2026,19,,92 Public Administration
California,Fresno Economic Opportunities Commission (16641 Palmer St.),Fresno County,10/31/2025,01/01/2026,10,,92 Public Administration
California,Fresno Economic Opportunities Commission (1701 Alton St.),Fresno County,10/31/2025,01/01/2026,9,,92 Public Administration
California,Fresno Economic Opportunities Commission (1920 Mariposa Street),Fresno County,10/31/2025,01/01/2026,263,,92 Public Administration
California,Fresno Economic Opportunities Commission (2063 S. Cedar Ave),Fresno County,10/31/2025,01/01/2026,8,,92 Public Administration
California,Fresno Economic Opportunities Commission (2117 W. McKinley Ave),Fresno County,10/31/2025,01/01/2026,8,,92 Public Administration
California,Fresno Economic Opportunities Commission (2121 N. Van Ness Ave),Fresno County,10/31/2025,01/01/2026,9,,92 Public Administration
California,Fresno Economic Opportunities Commission (2420 W. Clemenceau Ave),Fresno County,10/31/2025,01/01/2026,5,,92 Public Administration
California,Fresno Economic Opportunities Commission (2529 Willow Ave),Fresno County,10/31/2025,01/01/2026,5,,92 Public Administration
California,Fresno Economic Opportunities Commission (2751 Fig Street),Fresno County,10/31/2025,01/01/2026,7,,92 Public Administration
California,Fresno Economic Opportunities Commission (295 W. Tuft St),Fresno County,10/31/2025,01/01/2026,9,,92 Public Administration
California,Fresno Economic Opportunities Commission (3037 S. Orchid Ave),Fresno County,10/31/2025,01/01/2026,12,,92 Public Administration
California,Fresno Economic Opportunities Commission (3110 W. Nielsen),Fresno County,10/31/2025,01/01/2026,4,,92 Public Administration
California,Fresno Economic Opportunities Commission (3257 E. Shields Ave),Fresno County,10/31/2025,01/01/2026,12,,92 Public Administration
California,Fresno Economic Opportunities Commission (388 S. Brawley Ave),Fresno County,10/31/2025,01/01/2026,8,,92 Public Administration
California,Fresno Economic Opportunities Commission (4156 E. Dakota Ave),Fresno County,10/31/2025,01/01/2026,28,,92 Public Administration
California,"Fresno Economic Opportunities Commission (4273 W. Richert, Ave, 107)",Fresno County,10/31/2025,01/01/2026,15,,92 Public Administration
California,Fresno Economic Opportunities Commission (4856 E. Cesar Chavez Blvd),Fresno County,10/31/2025,01/01/2026,15,,92 Public Administration
California,Fresno Economic Opportunities Commission (4995 E. Balch Ave),Fresno County,10/31/2025,01/01/2026,18,,92 Public Administration
California,Fresno Economic Opportunities Commission (510 Barstow Ave),Fresno County,10/31/2025,01/01/2026,4,,92 Public Administration
California,Fresno Economic Opportunities Commission (5104 N. West),Fresno County,10/31/2025,01/01/2026,11,,92 Public Administration
California,Fresno Economic Opportunities Commission (5244 E. Pine Ave),Fresno County,10/31/2025,01/01/2026,5,,92 Public Administration
California,Fresno Economic Opportunities Commission (5550 N. Fresno St),Fresno County,10/31/2025,01/01/2026,8,,92 Public Administration
California,Fresno Economic Opportunities Commission (710 N. Hughes Ave),Fresno County,10/31/2025,01/01/2026,8,,92 Public Administration
California,Fresno Economic Opportunities Commission (7171 N. Sugarpine Ave),Fresno County,10/31/2025,01/01/2026,4,,92 Public Administration
California,Fresno Economic Opportunities Commission (719 S. Madera Ave),Fresno County,10/31/2025,01/01/2026,4,,92 Public Administration
California,Fresno Economic Opportunities Commission (745 N. First St),Fresno County,10/31/2025,01/01/2026,4,,92 Public Administration
California,Fresno Economic Opportunities Commission (788 W. Shaw Ave),Fresno County,10/31/2025,01/01/2026,10,,92 Public Administration
California,Fresno Economic Opportunities Commission (8535 S 9th Street),Fresno County,10/31/2025,01/01/2026,4,,92 Public Administration
California,"Transdev Services, Inc.",San Mateo County,10/30/2025,12/31/2025,77,,48-49 Transportation and Warehousing
California,CommUnify - Chestnut Office,Santa Barbara County,11/03/2025,01/02/2026,11,,62 Healthcare and Social Assistance
California,CommUnify - Filmore Center,Santa Barbara County,11/03/2025,01/02/2026,4,,62 Healthcare and Social Assistance
California,CommUnify - I Center,Santa Barbara County,11/03/2025,01/02/2026,6,,62 Healthcare and Social Assistance
California,CommUnify - Maple Center,Santa Barbara County,11/03/2025,01/02/2026,3,,62 Healthcare and Social Assistance
California,CommUnify - Oak Valley Center,Santa Barbara County,11/03/2025,01/02/2026,1,,62 Healthcare and Social Assistance
California,CommUnify - Adam Center,Santa Barbara County,11/03/2025,01/02/2026,4,,62 Healthcare and Social Assistance
California,CommUnify - Alvin Center,Santa Barbara County,11/03/2025,01/02/2026,6,,62 Healthcare and Social Assistance
California,CommUnify - Chapel Office,Santa Barbara County,11/03/2025,01/02/2026,13,,62 Healthcare and Social Assistance
California,CommUnify - JC Washington Center,Santa Barbara County,11/03/2025,01/02/2026,3,,62 Healthcare and Social Assistance
California,CommUnify - Little Village Center,Santa Barbara County,11/03/2025,01/02/2026,8,,62 Healthcare and Social Assistance
California,CommUnify - Los Adobes Center,Santa Barbara County,11/03/2025,01/02/2026,1,,62 Healthcare and Social Assistance
California,CommUnify - Los Padres Center,Santa Barbara County,11/03/2025,01/02/2026,4,,62 Healthcare and Social Assistance
California,CommUnify - Meridian Center,Santa Barbara County,11/03/2025,01/02/2026,2,,62 Healthcare and Social Assistance
California,CommUnify - Sierra Madre Center,Santa Barbara County,11/03/2025,01/02/2026,5,,62 Healthcare and Social Assistance
California,CommUnify - Westgate Center,Santa Barbara County,11/03/2025,01/02/2026,7,,62 Healthcare and Social Assistance
California,CommUnify - Cuyama Center,Santa Barbara County,11/03/2025,01/02/2026,2,,62 Healthcare and Social Assistance
California,CommUnify - Jardin de Suenos,Santa Barbara County,11/03/2025,01/02/2026,6,,62 Healthcare and Social Assistance
California,CommUnify - Maggie Espinoza Center,Santa Barbara County,11/03/2025,01/02/2026,5,,62 Healthcare and Social Assistance
California,CommUnify - Betty Sanchez Center,Santa Barbara County,11/03/2025,01/02/2026,1,,62 Healthcare and Social Assistance
California,CommUnify - Coronel Center,Santa Barbara County,11/03/2025,01/02/2026,1,,62 Healthcare and Social Assistance
California,CommUnify - South County HS Office,Santa Barbara County,11/03/2025,01/02/2026,1,,62 Healthcare and Social Assistance
California,CommUnify - South County HS Office,Santa Barbara County,11/03/2025,01/02/2026,1,,62 Healthcare and Social Assistance
California,CommUnify - Goleta Center,Santa Barbara County,11/03/2025,01/02/2026,2,,62 Healthcare and Social Assistance
California,DJI Services LLC,Los Angeles County,11/03/2025,11/07/2025,61,,81 Other Services Except Public Administration
California,DJI Services LLC,Los Angeles County,11/03/2025,11/07/2025,37,,81 Other Services Except Public Administration
California,"Dairyland Produce, LLC",San Mateo County,10/23/2025,12/24/2025,22,,42 Wholesale Trade
California,"AFC Cable Systems, Inc.",San Bernardino County,11/04/2025,12/26/2025,54,,31-33 Manufacturing
California,"Becton, Dickinson and Company (BD) (3750 Torrey View Court)",San Diego County,10/31/2025,10/01/2025,59,,31-33 Manufacturing
California,"Becton, Dickinson and Company (BD) (10020 Pacific Mesa Boulevard)",San Diego County,10/31/2025,10/01/2025,7,,31-33 Manufacturing
California,"Retail Service WIS Corporation, DBA WIS International",San Diego County,10/27/2025,01/01/2026,10,,56 Administrative and Support and Waste Management and Remediation
California,International Business Machines Corporation,Santa Clara County,11/04/2025,01/05/2025,75,,42 Wholesale Trade
California,Infineon,Los Angeles County,10/31/2025,11/14/2025,15,,31-33 Manufacturing
California,Infineon,Orange County,10/31/2025,11/14/2025,1,,31-33 Manufacturing
California,Infineon,Riverside County,10/31/2025,11/14/2025,7,,31-33 Manufacturing
California,Infineon,San Diego County,10/31/2025,11/14/2025,3,,31-33 Manufacturing
California,Infineon,Santa Clara County,10/31/2025,11/14/2025,46,,31-33 Manufacturing
California,Safeway,Alameda County,11/05/2025,02/02/2026,76,,44-45 Retail Trade
California,University of Southern California,Los Angeles County,11/05/2025,12/31/2025,5,,61 Educational Services
California,Blue Plate Oysterette LLC,Los Angeles County,11/04/2025,01/07/2026,45,,72 Accommodation and Food Services
California,Consolidated Hospitality Supplies,San Bernardino County,11/05/2025,01/04/2026,22,,44-45 Retail Trade
California,"Dairyland Produce, LLC",Santa Clara County,10/23/2025,12/24/2025,21,,42 Wholesale Trade
California,Mojave Food Corporation,Los Angeles County,11/05/2025,05/08/2026,86,,42 Wholesale Trade
California,Clari Inc.,Santa Clara County,11/06/2025,01/05/2026,96,,54 Professional Scientific and Technical Services
California,"Illumina, Inc. Worldwide Headquarters",San Diego County,11/05/2025,01/05/2026,4,,54 Professional Scientific and Technical Services
California,Ceryx Management LLC (Blackstone),Fresno County,10/31/2025,10/03/2025,39,,56 Administrative and Support and Waste Management and Remediation
California,Ceryx Management LLC (Sepulveda),Los Angeles County,10/31/2025,10/03/2025,4,,56 Administrative and Support and Waste Management and Remediation
California,Ceryx Management LLC (Vermont),Los Angeles County,10/31/2025,10/03/2025,8,,56 Administrative and Support and Waste Management and Remediation
California,Ceryx Management LLC (Figueroa),Los Angeles County,10/31/2025,10/03/2025,8,,56 Administrative and Support and Waste Management and Remediation
California,Ceryx Management LLC (Hoover),Los Angeles County,10/31/2025,10/03/2025,3,,56 Administrative and Support and Waste Management and Remediation
California,Ceryx Management LLC (Western),Los Angeles County,10/31/2025,10/03/2025,13,,56 Administrative and Support and Waste Management and Remediation
California,Ceryx Management LLC (7226 S. Figueroa),Los Angeles County,10/31/2025,10/03/2025,12,,56 Administrative and Support and Waste Management and Remediation
California,Ceryx Management LLC (7310 S. Figueroa),Los Angeles County,10/31/2025,10/03/2025,9,,56 Administrative and Support and Waste Management and Remediation
California,Ceryx Management LLC (801 W 70th),Los Angeles County,10/31/2025,10/03/2025,9,,56 Administrative and Support and Waste Management and Remediation
California,Ceryx Management LLC (7617 S. Figueroa),Los Angeles County,10/31/2025,10/03/2025,5,,56 Administrative and Support and Waste Management and Remediation
California,Ceryx Management LLC (1540 S St. Andrews),Los Angeles County,10/31/2025,10/03/2025,18,,56 Administrative and Support and Waste Management and Remediation
California,Ceryx Management LLC (7111 S Hoover),Los Angeles County,10/31/2025,10/03/2025,1,,56 Administrative and Support and Waste Management and Remediation
California,Ceryx Management LLC (1904 E 113th),Los Angeles County,10/31/2025,10/03/2025,1,,56 Administrative and Support and Waste Management and Remediation
California,Ceryx Management LLC (8320 S. Figueroa),Los Angeles County,10/31/2025,10/03/2025,1,,56 Administrative and Support and Waste Management and Remediation
California,Ceryx Management LLC (9519 S. Figueroa),Los Angeles County,10/31/2025,10/03/2025,1,,56 Administrative and Support and Waste Management and Remediation
California,Five Guys Operations Broadstone Marketplace,Sacramento County,11/07/2025,11/25/2025,16,,72 Accommodation and Food Services
California,"Illumina, Inc.",San Diego County,11/06/2025,01/05/2026,28,,54 Professional Scientific and Technical Services
California,Coca-Cola Company,Napa County,10/29/2025,12/31/2025,45,,48-49 Transportation and Warehousing
California,Paramount Skydance Corporation (Gower),Los Angeles County,11/07/2025,10/29/2025,81,,71 Arts Entertainment and Recreation
California,Paramount Skydance Corporation (Melrose),Los Angeles County,11/07/2025,10/29/2025,116,,71 Arts Entertainment and Recreation
California,"Synopsys, Inc.",Santa Clara County,11/12/2025,01/12/2026,172,,54 Professional Scientific and Technical Services
California,"Synopsys, Inc.",Santa Clara County,11/12/2025,01/12/2026,1,,54 Professional Scientific and Technical Services
California,"Synopsys, Inc.",Santa Clara County,11/12/2025,01/12/2026,1,,54 Professional Scientific and Technical Services
California,"Synopsys, Inc.",Santa Clara County,11/12/2025,01/12/2026,1,,54 Professional Scientific and Technical Services
California,"Gilead Sciences, Inc.",San Diego County,11/12/2025,01/16/2026,17,,54 Professional Scientific and Technical Services
California,AbbVie,Alameda County,11/10/2025,01/09/2026,48,,54 Professional Scientific and Technical Services
California,AbbVie,Alameda County,11/10/2025,01/09/2026,9,,54 Professional Scientific and Technical Services
California,AbbVie,Alameda County,11/10/2025,01/09/2026,2,,54 Professional Scientific and Technical Services
California,"NBCUniversal (Bldgs. 1280, 1320, 1360, and 4250)",Los Angeles County,10/28/2025,11/28/2025,32,,51 Information
California,NBCUniversal (Bldgs. 1126 and 1440),Los Angeles County,10/28/2025,11/28/2025,101,,51 Information
California,NBCUniversal (Bldg. 2375),Los Angeles County,10/28/2025,11/28/2025,4,,51 Information
California,"National Distribution Centers, LLC (NDC)",Los Angeles County,10/24/2025,12/22/2025,17,,48-49 Transportation and Warehousing
California,"Couchbase, Inc.",Santa Clara County,11/13/2025,01/12/2026,48,,54 Professional Scientific and Technical Services
California,"Mattel, Inc.",Los Angeles County,11/13/2025,01/12/2026,89,,51 Information
California,GUESS?,Los Angeles County,10/08/2025,12/08/2025,100,,31-33 Manufacturing
California,International Paper,Los Angeles County,11/14/2025,01/14/2026,128,,31-33 Manufacturing
California,"Lakeshore Learning Materials, LLC (2161)",Los Angeles County,11/13/2025,01/12/2026,69,,61 Educational Services
California,"Lakeshore Learning Materials, LLC (2649)",Los Angeles County,11/13/2025,01/12/2026,48,,61 Educational Services
California,Middlebury Institute of International Studies at Monterey,Monterey County,11/14/2025,01/16/2026,123,,61 Educational Services
California,"Illumina, Inc. Worldwide Headquarters",San Diego County,11/13/2025,11/11/2025,8,,54 Professional Scientific and Technical Services
California,SLO Brewing Co. LLC,San Luis Obispo County,11/13/2025,01/13/2026,61,,72 Accommodation and Food Services
California,"HRL Laboratories, Malibu Campus",Los Angeles County,11/17/2025,01/16/2026,34,,54 Professional Scientific and Technical Services
California,"HRL Laboratories, Lost Hills Campus",Los Angeles County,11/17/2025,01/16/2026,4,,54 Professional Scientific and Technical Services
California,HRL Laboratories (Remote Employees),Los Angeles County,11/17/2025,01/16/2026,7,,54 Professional Scientific and Technical Services
California,"HRL Laboratories, Camarillo Campus",Ventura County,11/17/2025,01/16/2026,3,,54 Professional Scientific and Technical Services
California,"HRL Laboratories, Westlake Campus",Ventura County,11/17/2025,01/16/2026,10,,54 Professional Scientific and Technical Services
California,"Braga Fresh Foods, LLC",Monterey County,11/14/2025,01/14/2026,260,,11 Agriculture Forestry Fishing Hunting
California,"Mettler-Toledo Rainin, LLC",Alameda County,11/16/2025,01/17/2026,89,,31-33 Manufacturing
California,Corteva Agriscience LLC,Contra Costa County,11/18/2025,02/27/2026,4,,54 Professional Scientific and Technical Services
California,"R.C. Packing, LLC",Monterey County,11/18/2025,11/16/2025,161,,11 Agriculture Forestry Fishing Hunting
California,"Nationstar Mortgage, LLC d/b/a Mr. Cooper",Orange County,11/17/2025,01/16/2026,88,,52 Finance and Insurance
California,Blue Shield of California (Woodland Hills),Los Angeles County,11/18/2025,01/27/2026,1,,52 Finance and Insurance
California,Blue Shield of California (Rancho Cordova),Sacramento County,11/18/2025,01/27/2026,5,,52 Finance and Insurance
California,Blue Shield of California (San Diego),San Diego County,11/18/2025,01/27/2026,1,,52 Finance and Insurance
California,"McDonald&rsquo;s Restaurants of California, Inc.",Los Angeles County,11/19/2025,01/26/2026,80,,72 Accommodation and Food Services
California,Lumileds LLC,Santa Clara County,11/19/2025,01/30/2026,60,,31-33 Manufacturing
California,Building Materials Manufacturing LLC (a/k/a GAF),Kern County,11/20/2025,01/24/2026,69,,42 Wholesale Trade
California,"CRST Expedited, Inc.",Los Angeles County,11/20/2025,01/19/2026,12,,48-49 Transportation and Warehousing
California,Galleher LLC,Los Angeles County,11/20/2025,01/20/2026,86,,42 Wholesale Trade
California,"The French Gourmet, Inc.",San Diego County,11/07/2025,01/01/2026,102,,72 Accommodation and Food Services
California,"Zimeno, Inc. dba Monarch Tractor (Lawrence)",Alameda County,11/19/2025,11/19/2025,89,,31-33 Manufacturing
California,"Zimeno, Inc. dba Monarch Tractor",Alameda County,11/19/2025,11/19/2025,8,,31-33 Manufacturing
California,Henkel Corporation,Contra Costa County,11/20/2025,01/30/2026,13,,42 Wholesale Trade
California,Verizon,Contra Costa County,11/20/2025,01/23/2026,54,,51 Information
California,University of Southern California,Los Angeles County,11/20/2025,12/29/2025,60,,61 Educational Services
California,Verizon,Orange County,11/20/2025,01/23/2026,139,,51 Information
California,"Van Law Food Products, Inc.",Orange County,11/21/2025,01/23/2026,50,,31-33 Manufacturing
California,"Illumina, Inc.",San Diego County,11/20/2025,01/19/2026,7,,54 Professional Scientific and Technical Services
California,Henkel Corporation,Solano County,11/20/2025,04/30/2026,7,,42 Wholesale Trade
California,"Shake Shack Enterprises, LLC",San Francisco County,11/25/2025,12/18/2025,26,,72 Accommodation and Food Services
California,Panasonic Well LLC,Santa Clara County,11/24/2025,01/31/2026,46,,54 Professional Scientific and Technical Services
California,Waldorf Astoria Employer LLC dba Waldorf Astoria Beverly Hills,Los Angeles County,12/01/2025,02/02/2026,57,,72 Accommodation and Food Services
California,"Ovations FanFare, L.P. dba OVG Hospitality",Santa Clara County,12/01/2025,02/01/2026,90,,72 Accommodation and Food Services
California,Cell Margue Corporation,Placer County,12/01/2025,02/06/2026,68,,31-33 Manufacturing
California,Shell Recharge Solutions,Los Angeles County,12/02/2025,01/31/2026,2,,81 Other Services Except Public Administration
California,Roseburg Forest Product Co Weed Veneer,Siskiyou County,12/03/2025,02/01/2026,147,,31-33 Manufacturing
California,FreshRealm,Orange County,12/02/2025,01/31/2026,53,,31-33 Manufacturing
California,Palo Verde Hospital,Riverside County,11/25/2025,01/24/2026,99,,62 Healthcare and Social Assistance
California,"CRST Expedited, Inc. dba CRST The Transportation Solution",Riverside County,12/03/2025,02/02/2026,4,,48-49 Transportation and Warehousing
California,"CRST Expedited, Inc. dba CRST The Transportation Solution, Inc.",San Joaquin County,12/03/2025,02/02/2026,1,,48-49 Transportation and Warehousing
California,Swift Beef Company,Riverside County,12/03/2025,02/02/2026,374,,31-33 Manufacturing
California,"Illumina, Inc.",San Diego County,12/04/2025,02/17/2026,3,,54 Professional Scientific and Technical Services
California,Intel Corporation (Robert Noyce Building),Santa Clara County,12/03/2025,11/30/2025,45,,54 Professional Scientific and Technical Services
California,Intel Corporation (SC-1),Santa Clara County,12/03/2025,11/30/2025,1,,54 Professional Scientific and Technical Services
California,Intel Corporation (SC-2),Santa Clara County,12/03/2025,11/30/2025,2,,54 Professional Scientific and Technical Services
California,Intel Corporation (SC-9),Santa Clara County,12/03/2025,11/30/2025,1,,54 Professional Scientific and Technical Services
California,Intel Corporation (SC-12),Santa Clara County,12/03/2025,11/30/2025,10,,54 Professional Scientific and Technical Services
California,"Jabil, Inc.",Solano County,12/08/2025,02/06/2026,21,,31-33 Manufacturing
California,Terzo Enterprises Incorporated,Kern County,12/01/2025,01/30/2026,58,,31-33 Manufacturing
California,"Nationstar Mortgage, LLC dba Mr. Cooper",Orange County,12/08/2025,01/16/2026,14,,52 Finance and Insurance
California,Bluewater Grill,Santa Barbara County,12/08/2025,02/05/2026,47,,72 Accommodation and Food Services
California,Wells Fargo,Sacramento County,12/09/2025,02/06/2026,114,,52 Finance and Insurance
California,Blue Diamond Growers,Sacramento County,12/10/2025,09/01/2025,1,,31-33 Manufacturing
California,AARP,Los Angeles County,12/09/2025,01/09/2026,18,,81 Other Services Except Public Administration
California,"G&C Staffing, LLC (Gold Flora)",Riverside County,12/05/2025,02/10/2026,12,,56 Administrative and Support and Waste Management and Remediation
California,"bioMerieux, Inc.",Santa Clara County,12/09/2025,04/03/2026,121,,42 Wholesale Trade
California,"G&C Staffing, LLC (Gold Flora) (1695 S 7th Street)",Santa Clara County,12/05/2025,02/10/2026,36,,56 Administrative and Support and Waste Management and Remediation
California,"G&C Staffing, LLC (Gold Flora) (1190 Coleman Avenue)",Santa Clara County,12/05/2025,02/10/2026,6,,56 Administrative and Support and Waste Management and Remediation
California,Zebra Technologies Corporation,Santa Clara County,12/11/2025,02/09/2026,75,,31-33 Manufacturing
California,"Illumina, Inc.",San Diego County,12/11/2025,12/08/2025,7,,54 Professional Scientific and Technical Services
California,"Anheuser-Busch Commercial Strategy, LLC",Solano County,12/11/2025,02/09/2026,238,,31-33 Manufacturing
California,"Primo Brands, Inc.",Riverside County,12/15/2025,02/13/2026,2,,31-33 Manufacturing
California,"Primo Brands, Inc.",Orange County,12/15/2025,02/13/2026,1,,31-33 Manufacturing
California,Raytheon,Los Angeles County,12/15/2025,02/13/2026,1,,54 Professional Scientific and Technical Services
California,"Primo Brands, Inc.",Los Angeles County,12/15/2025,02/13/2026,1,,31-33 Manufacturing
California,Leprino Foods Company,Kings County,12/15/2025,12/30/2026,100,,31-33 Manufacturing
California,Warner Music Inc.,Los Angeles County,12/17/2025,02/16/2026,5,,71 Arts Entertainment and Recreation
California,Collins Pine Company,Plumas County,12/23/2025,02/20/2026,79,,31-33 Manufacturing
California,"Illumina, Inc.",San Diego County,12/22/2025,12/22/2025,1,,54 Professional Scientific and Technical Services
California,Fullstack Modular LLC,Los Angeles County,12/24/2025,02/23/2026,200,,31-33 Manufacturing
California,"Mare Island Dry Dock, LLC",Solano County,12/30/2025,12/29/2025,84,,31-33 Manufacturing
California,"Advanced Uniform Dust Control & Linen, LLC",Monterey County,01/05/2026,03/06/2026,4,,81 Other Services Except Public Administration
California,"FormFactor, Inc.",Los Angeles County,01/06/2026,01/30/2026,113,,31-33 Manufacturing
California,"FormFactor, Inc.",San Diego County,01/06/2026,12/18/2026,107,,31-33 Manufacturing
California,"Advanced Uniform Dust Control & Linen, LLC",Stanislaus County,01/05/2026,03/06/2026,89,,81 Other Services Except Public Administration
California,"Bonduelle Americas dba Ready Pac Foods, Inc.",Los Angeles County,12/29/2025,02/01/2026,62,,31-33 Manufacturing
California,Alameda Health System - Wilma Chan Highland Hospital,Alameda County,01/06/2026,03/09/2026,128,,62 Healthcare and Social Assistance
California,Alameda Health System - San Leandro Hospital,Alameda County,01/06/2026,03/09/2026,22,,62 Healthcare and Social Assistance
California,Alameda Health System - John George Hospital,Alameda County,01/06/2026,03/09/2026,16,,62 Healthcare and Social Assistance
California,Alameda Health System - Alameda Hospital,Alameda County,01/06/2026,03/09/2026,9,,62 Healthcare and Social Assistance
California,Alameda Health System - System Support Center,Alameda County,01/06/2026,03/09/2026,18,,62 Healthcare and Social Assistance
California,Alameda Health System - Fairmont Rehabilitation and Wellness,Alameda County,01/06/2026,03/09/2026,44,,62 Healthcare and Social Assistance
California,Alameda Health System - Park Bridge,Alameda County,01/06/2026,03/09/2026,3,,62 Healthcare and Social Assistance
California,Local Initiative Health Authority for Los Angeles County dba L.A. Care Health Plan,Los Angeles County,01/09/2026,03/13/2026,225,,52 Finance and Insurance
California,Macy's,San Diego County,01/09/2026,03/18/2026,77,,44-45 Retail Trade
California,Cucina Enoteca Del Mar,San Diego County,01/09/2026,03/11/2026,43,,72 Accommodation and Food Services
California,Pomona Hospital Medical Center (1798),Los Angeles County,01/07/2026,03/08/2026,108,,62 Healthcare and Social Assistance
California,Pomona Hospital Medical Center (1601),Los Angeles County,01/07/2026,03/08/2026,1,,62 Healthcare and Social Assistance
California,Pomona Hospital Medical Center (300),Los Angeles County,01/07/2026,03/08/2026,4,,62 Healthcare and Social Assistance
California,Hupp Draft Services,Butte County,01/11/2026,02/27/2026,75,,81 Other Services Except Public Administration
California,Informatica LLC,San Mateo County,01/12/2026,02/28/2026,35,,51 Information
California,"Nestle USA, Inc. Mira Loma Distribution Center",Riverside County,01/12/2026,03/13/2026,88,,31-33 Manufacturing
California,Wabash National LP,Riverside County,01/05/2026,03/06/2026,6,,31-33 Manufacturing
California,Wabash National LP,Riverside County,01/05/2026,03/06/2026,94,,31-33 Manufacturing
California,"Copan Diagnostics, Inc.",San Diego County,01/05/2026,03/13/2026,79,,42 Wholesale Trade
California,RR Donnelley,Alameda County,01/14/2026,03/31/2026,70,,31-33 Manufacturing
California,Valero Refining Company,Solano County,01/13/2026,03/15/2026,237,,31-33 Manufacturing
California,Amy's Drive-Thru,Sonoma County,01/14/2026,03/08/2026,55,,72 Accommodation and Food Services
California,DHL Supply Chain,Alameda County,01/15/2026,03/20/2026,74,,48-49 Transportation and Warehousing
California,Sealed Air Corporation,Los Angeles County,01/08/2026,04/30/2026,51,,31-33 Manufacturing
California,"Lakeshore Learning Materials, LLC",Los Angeles County,01/16/2026,03/16/2026,163,,62 Healthcare and Social Assistance
California,"Nationstar Mortgage, LLC d/b/a Mr. Cooper",Orange County,01/15/2026,01/16/2026,8,,52 Finance and Insurance
California,Albertsons Companies LLC,Riverside County,01/16/2026,03/19/2026,75,,44-45 Retail Trade
California,GCOM Software LLC dba Voyatek,Sacramento County,01/16/2026,03/20/2026,8,,54 Professional Scientific and Technical Services
California,James Hardie Fontana Manufacturing,San Bernardino County,01/15/2026,03/16/2026,94,,31-33 Manufacturing
California,The Vons Companies Inc.,San Bernardino County,01/16/2026,03/19/2026,70,,44-45 Retail Trade
California,Best Buy,San Diego County,01/16/2026,03/17/2026,46,,44-45 Retail Trade
California,Best Buy,Santa Clara County,01/16/2026,03/17/2026,60,,44-45 Retail Trade
California,UKG Inc.,Orange County,01/15/2026,03/16/2026,209,,51 Information
California,"Resonetics, LLC",San Mateo County,01/20/2026,04/21/2026,61,,31-33 Manufacturing
California,"Meta Platforms, Inc.",Los Angeles County,01/16/2026,03/20/2026,53,,51 Information
California,"Pioneer Custom Electrical Products, LLC",Los Angeles County,01/21/2026,03/31/2026,47,,31-33 Manufacturing
California,"Meta Platforms, Inc.",San Mateo County,01/16/2026,03/20/2026,219,,51 Information
California,McGee Air Services,Alameda County,01/05/2026,03/06/2026,32,,48-49 Transportation and Warehousing
California,"Primo Brands, Inc.",San Diego County,01/16/2026,03/17/2026,19,,31-33 Manufacturing
California,Western Digital Technologies,Santa Clara County,01/20/2026,01/20/2026,87,,31-33 Manufacturing
California,"Gilead Sciences, Inc.",San Diego County,01/21/2026,03/27/2026,34,,54 Professional Scientific and Technical Services
California,Corteva Agriscience,Contra Costa County,01/22/2026,02/27/2026,1,,54 Professional Scientific and Technical Services
California,"Illumina, Inc Worldwide Headquarters",San Diego County,01/14/2026,03/09/2026,1,,31-33 Manufacturing
California,"Illumina, Inc. Worldwide Headquarters",San Diego County,01/14/2026,03/16/2026,4,,31-33 Manufacturing
California,Autodesk,San Francisco County,01/23/2026,04/01/2026,104,,54 Professional Scientific and Technical Services
California,Phillips 66 - Wilmington,Los Angeles County,01/26/2026,12/01/2026,111,,31-33 Manufacturing
California,Phillips 66,Los Angeles County,01/26/2026,12/01/2026,44,,31-33 Manufacturing
California,"Schultz Industrial Services, Inc.",Los Angeles County,01/27/2026,03/31/2026,66,,23 Construction
California,JBT Marel Corporation,Madera County,01/27/2026,09/18/2026,59,,31-33 Manufacturing
California,Google (BRGAS1265),Santa Clara County,01/26/2026,04/12/2026,1,,54 Professional Scientific and Technical Services
California,Google (HMBLT3),Santa Clara County,01/26/2026,03/29/2026,1,,54 Professional Scientific and Technical Services
California,Google (MP1),Santa Clara County,01/26/2026,03/29/2026,2,,54 Professional Scientific and Technical Services
California,Google (MP2),Santa Clara County,01/26/2026,03/22/2026,3,,54 Professional Scientific and Technical Services
California,Google (MP3),Santa Clara County,01/26/2026,03/29/2026,27,,54 Professional Scientific and Technical Services
California,Google (MP4),Santa Clara County,01/26/2026,03/15/2026,24,,54 Professional Scientific and Technical Services
California,Google (MPD237),Santa Clara County,01/26/2026,03/15/2026,19,,54 Professional Scientific and Technical Services
California,"Catholic Charities, Diocese of San Diego - Mission Valley ASIP",San Diego County,01/27/2026,03/31/2026,45,,62 Healthcare and Social Assistance
California,"Catholic Charities, Diocese of San Diego - MG Suite A",San Diego County,01/27/2026,03/31/2026,7,,62 Healthcare and Social Assistance
California,"Catholic Charities, Diocese of San Diego - MG Suite B",San Diego County,01/27/2026,03/31/2026,11,,62 Healthcare and Social Assistance
California,"Catholic Charities, Diocese of San Diego - San Diego Migrant Shelter",San Diego County,01/27/2026,03/31/2026,7,,62 Healthcare and Social Assistance
California,"Catholic Charities, Diocese of San Diego - Pastoral Center",San Diego County,01/27/2026,03/31/2026,6,,62 Healthcare and Social Assistance
California,Thermo Fisher Scientific,San Diego County,01/27/2026,03/18/2026,173,,54 Professional Scientific and Technical Services
California,BEN Group. Inc (BENlabs),Los Angeles County,01/26/2026,03/06/2026,75,,51 Information
California,Amazon - MAB1,Los Angeles County,01/28/2026,04/28/2026,215,,44-45 Retail Trade
California,Amazon - MAB4,Los Angeles County,01/28/2026,04/28/2026,131,,44-45 Retail Trade
California,Amazon - MAB5,Los Angeles County,01/28/2026,04/28/2026,184,,44-45 Retail Trade
California,Amazon - MAC9,Los Angeles County,01/28/2026,04/28/2026,168,,44-45 Retail Trade
California,Amazon - MAF3,Los Angeles County,01/28/2026,04/28/2026,201,,44-45 Retail Trade
California,Amazon - MAF8,Los Angeles County,01/28/2026,04/28/2026,196,,44-45 Retail Trade
California,Amazon - MAF9,Los Angeles County,01/28/2026,04/28/2026,155,,44-45 Retail Trade
California,Amazon - MAG1,Los Angeles County,01/28/2026,04/28/2026,185,,44-45 Retail Trade
California,Amazon - MAK9,Los Angeles County,01/28/2026,04/28/2026,134,,44-45 Retail Trade
California,Amazon - MAB8,Orange County,01/28/2026,04/28/2026,191,,44-45 Retail Trade
California,Amazon - MAB9,Orange County,01/28/2026,04/28/2026,191,,44-45 Retail Trade
California,Amazon - MAC2,Orange County,01/28/2026,04/28/2026,175,,44-45 Retail Trade
California,Amazon - MBA6,Orange County,01/28/2026,04/28/2026,181,,44-45 Retail Trade
California,Amazon - MAQ9,Placer County,01/28/2026,04/28/2026,174,,44-45 Retail Trade
California,Amazon - MAH8,Riverside County,01/28/2026,04/28/2026,172,,44-45 Retail Trade
California,Amazon - MAI8,Riverside County,01/28/2026,04/28/2026,182,,44-45 Retail Trade
California,Amazon - MAJ8,Riverside County,01/28/2026,04/28/2026,160,,44-45 Retail Trade
California,Amazon - MAM9,Sacramento County,01/28/2026,04/28/2026,179,,44-45 Retail Trade
California,Amazon - MAQ8,Sacramento County,01/28/2026,04/28/2026,163,,44-45 Retail Trade
California,Amazon - MAF5,San Bernardino County,01/28/2026,04/28/2026,190,,44-45 Retail Trade
California,Amazon - MAO6,San Bernardino County,01/28/2026,04/28/2026,189,,44-45 Retail Trade
California,Amazon - MAM7,Ventura County,01/28/2026,04/28/2026,139,,44-45 Retail Trade
California,Pinterest Inc. (San Francisco),San Francisco County,01/27/2026,03/31/2026,98,,51 Information
California,Pinterest Inc. (CA Remote),San Francisco County,01/27/2026,03/31/2026,4,,51 Information
California,Pinterest Inc. (Palo Alto),Santa Clara County,01/27/2026,03/31/2026,16,,51 Information
California,Shell Recharge Solutions,Los Angeles County,01/29/2026,03/31/2026,29,,54 Professional Scientific and Technical Services
California,"Innovation Bakers, LLC",Orange County,01/26/2026,03/31/2026,117,,31-33 Manufacturing
California,First Foundation Inc.,Orange County,01/28/2026,03/31/2026,98,,52 Finance and Insurance
California,"Mercury Systems, Inc.",Alameda County,01/30/2026,03/31/2026,18,,54 Professional Scientific and Technical Services
California,Amazon (LAX10),Los Angeles County,01/29/2026,04/28/2026,2,,44-45 Retail Trade
California,Amazon (LAX16),Los Angeles County,01/29/2026,04/28/2026,46,,44-45 Retail Trade
California,Amazon (LAX78),Los Angeles County,01/29/2026,04/28/2026,45,,44-45 Retail Trade
California,"Chan Zuckerberg Biohub, Inc.",San Francisco County,01/29/2026,03/30/2026,1,,81 Other Services Except Public Administration
California,"Chan Zuckerberg Initiative, LLC",San Mateo County,01/29/2026,03/30/2026,38,,81 Other Services Except Public Administration
California,"Chan Zuckerberg Initiative, LLC - Remote",San Mateo County,01/29/2026,03/30/2026,32,,81 Other Services Except Public Administration
California,Amazon (SJC25),Santa Clara County,01/29/2026,04/28/2026,43,,44-45 Retail Trade
California,Amazon (SJC38),Santa Clara County,01/29/2026,04/28/2026,141,,44-45 Retail Trade
California,Amazon (SJC44),Santa Clara County,01/29/2026,04/28/2026,49,,44-45 Retail Trade
California,Amazon,Santa Clara County,01/29/2026,04/28/2026,72,,44-45 Retail Trade
California,Amazon,Santa Clara County,01/29/2026,04/28/2026,32,,44-45 Retail Trade
California,Amazon,Santa Clara County,01/29/2026,04/28/2026,3,,44-45 Retail Trade
California,Amazon,Santa Clara County,01/29/2026,04/28/2026,11,,44-45 Retail Trade
California,Amazon,Santa Clara County,01/29/2026,04/28/2026,58,,44-45 Retail Trade
California,Amazon,Santa Clara County,01/29/2026,04/28/2026,87,,44-45 Retail Trade
California,Amazon,Santa Clara County,01/29/2026,04/28/2026,81,,44-45 Retail Trade
California,Amazon,Santa Clara County,01/29/2026,04/28/2026,89,,44-45 Retail Trade
California,Amazon - SNA12,Orange County,01/29/2026,04/28/2026,5,,44-45 Retail Trade
California,Amazon - SNA 16,Orange County,01/29/2026,04/28/2026,24,,44-45 Retail Trade
California,Amazon - SNA 17,Orange County,01/29/2026,04/28/2026,1,,44-45 Retail Trade
California,Amazon - SNA 20,Orange County,01/29/2026,04/28/2026,25,,44-45 Retail Trade
California,Amazon - SNA 3,Orange County,01/29/2026,04/28/2026,34,,44-45 Retail Trade
California,Amazon - SAN 13,San Diego County,01/29/2026,04/28/2026,38,,44-45 Retail Trade
California,Amazon - SAN 15,San Diego County,01/29/2026,04/28/2026,1,,44-45 Retail Trade
California,Amazon - SAN 17,San Diego County,01/29/2026,04/28/2026,19,,44-45 Retail Trade
California,Amazon - SAN 18,San Diego County,01/29/2026,04/28/2026,13,,44-45 Retail Trade
California,Amazon - SAN 21,San Diego County,01/29/2026,04/28/2026,2,,44-45 Retail Trade
California,Amazon - SAN 3,San Diego County,01/29/2026,04/28/2026,1,,44-45 Retail Trade
California,Amazon - SFO 13,San Francisco County,01/29/2026,04/28/2026,19,,44-45 Retail Trade
California,Amazon - SFO 28,San Francisco County,01/29/2026,04/28/2026,84,,44-45 Retail Trade
California,"MINACT, Inc.",San Francisco County,01/30/2026,03/31/2026,118,,62 Healthcare and Social Assistance
California,Regal Rexnord,Fresno County,02/02/2026,04/10/2026,3,,42 Wholesale Trade
California,V2X - NASA Armstrong Flight Research Center MS 1714,Kern County,01/30/2026,03/01/2026,62,,54 Professional Scientific and Technical Services
California,Phillips 66,Los Angeles County,02/02/2026,04/03/2026,82,,31-33 Manufacturing
California,Phillips 66,Los Angeles County,02/02/2026,04/03/2026,40,,31-33 Manufacturing
California,Legacy Supply Chain,Los Angeles County,01/31/2026,04/01/2026,8,,42 Wholesale Trade
California,Legacy Supply Chain,Orange County,01/31/2026,04/01/2026,92,,42 Wholesale Trade
California,Legacy Supply Chain,Riverside County,01/31/2026,04/01/2026,4,,42 Wholesale Trade
California,Legacy Supply Chain,San Bernardino County,01/31/2026,04/01/2026,11,,42 Wholesale Trade
California,Legacy Supply Chain,San Diego County,01/31/2026,04/01/2026,14,,42 Wholesale Trade
California,"American Eagle Outfitters, Inc.",Orange County,02/02/2026,04/03/2026,108,,44-45 Retail Trade
California,Medical Device Components LLC dba Lighteum Medical,San Diego County,01/30/2026,04/03/2026,83,,42 Wholesale Trade
California,"Intrepid Studios, Inc.",San Diego County,01/31/2026,02/02/2026,123,,51 Information
California,City National Bank,Los Angeles County,01/30/2026,04/03/2026,9,,52 Finance and Insurance
California,"Constellation Brands, Inc.",Madera County,02/03/2026,04/03/2026,212,,42 Wholesale Trade
California,"Meta Platforms, Inc. - 305 Constitution",San Mateo County,02/02/2026,03/20/2026,39,,51 Information
California,"Meta Platforms, Inc. - 1 Hacker",San Mateo County,02/02/2026,03/20/2026,6,,51 Information
California,"Meta Platforms, Inc. - 180 Jefferson",San Mateo County,02/02/2026,03/20/2026,2,,51 Information
California,"Meta Platforms, Inc. - 190 Jefferson",San Mateo County,02/02/2026,03/20/2026,1,,51 Information
California,"Meta Platforms, Inc. - 220 Jefferson",San Mateo County,02/02/2026,03/20/2026,2,,51 Information
California,"Meta Platforms, Inc.",Santa Clara County,02/02/2026,03/20/2026,52,,51 Information
California,"Western Digital Technologies, Inc.",Santa Clara County,01/27/2026,01/27/2026,47,,31-33 Manufacturing
California,"First Brands Group, LLC",Stanislaus County,02/03/2026,04/04/2026,98,,44-45 Retail Trade
California,"genentech, Inc.",San Mateo County,06/26/2025,08/18/2025,141,,42 Wholesale Trade
California,San Bruno CityNet Services,San Mateo County,09/15/2025,11/15/2025,13,,92 Public Administration
California,"Small Precision Tools California, Inc.",Sonoma County,02/03/2026,04/17/2026,30,,31-33 Manufacturing
California,HRL Laboratories,Los Angeles County,02/03/2026,04/03/2026,258,,54 Professional Scientific and Technical Services
California,HRL Laboratories,Los Angeles County,02/03/2026,04/03/2026,50,,54 Professional Scientific and Technical Services
California,HRL Laboratories,Los Angeles County,02/03/2026,04/03/2026,21,,54 Professional Scientific and Technical Services
California,HRL Laboratories (Remote),Los Angeles County,02/03/2026,04/03/2026,8,,54 Professional Scientific and Technical Services
California,HRL Laboratories,Ventura County,02/03/2026,04/03/2026,4,,54 Professional Scientific and Technical Services
California,HRL Laboratories,Ventura County,02/03/2026,04/03/2026,35,,54 Professional Scientific and Technical Services
California,Workday Inc.,Alameda County,02/04/2026,04/06/2026,154,,51 Information
California,"Medtronic, Inc.",Los Angeles County,02/05/2026,04/07/2026,81,,31-33 Manufacturing
California,"Natron Energy, Inc.",Santa Clara County,08/28/2025,09/03/2025,58,,54 Professional Scientific and Technical Services
California,"Liberty Dental Plan of California, Inc.",Orange County,02/05/2026,04/06/2026,22,,52 Finance and Insurance
California,RSVC Company (3051 Myers Street),Riverside County,02/04/2026,04/06/2026,13,,23 Construction
California,RSVC Company (1825 Chicago Avenue),Riverside County,02/04/2026,04/06/2026,114,,23 Construction
California,Del Monte Foods Corporation II Inc - Modesto,Stanislaus County,01/30/2026,04/07/2026,765,,42 Wholesale Trade
California,Del Monte Foods Corporation II Inc. - Hughson,Stanislaus County,01/30/2026,04/07/2026,11,,42 Wholesale Trade
California,"Super A Foods, Inc.",Los Angeles County,01/23/2026,03/24/2026,20,,44-45 Retail Trade
California,Searles Valley Minerals,San Bernardino County,02/06/2026,04/07/2026,270,,31-33 Manufacturing
California,Fender Musical Instruments Corporation,Riverside County,02/06/2026,04/07/2026,60,,31-33 Manufacturing
California,Riot Games,Los Angeles County,02/09/2026,04/10/2026,56,,51 Information
California,Johns Manville,Glenn County,02/06/2026,04/19/2026,90,,31-33 Manufacturing
California,Clari Inc.,Santa Clara County,02/10/2026,04/11/2026,76,,54 Professional Scientific and Technical Services
California,Yanfeng International Automotive Technology US I LLC,Alameda County,02/11/2026,04/13/2026,43,,31-33 Manufacturing
California,"Molina Healthcare, Inc.",Los Angeles County,02/11/2026,04/05/2026,156,,55 Management of Companies and Enterprises
California,"Frito-Lay, Inc.",San Bernardino County,02/10/2026,06/06/2026,248,,31-33 Manufacturing
California,E.J. Gallo Winery - The Ranch Winery,Napa County,02/12/2026,04/15/2026,56,,31-33 Manufacturing
California,"Main Street Sports Group, LLC",Los Angeles County,02/13/2026,04/14/2026,97,,72 Accommodation and Food Services
California,Outdoor Research,Los Angeles County,02/13/2026,04/14/2026,50,,31-33 Manufacturing
California,LPL Financial LLC,San Diego County,02/13/2026,04/17/2026,72,,52 Finance and Insurance
California,"Harbinger Production, Inc.",Solano County,02/12/2026,04/13/2026,290,,31-33 Manufacturing
California,E.J. Gallo Winery - Louis M. Martini Winery,Napa County,02/12/2026,04/15/2026,15,,31-33 Manufacturing
California,E. J. Gallo Wineries - Orin Swift Tasting Room,Napa County,02/12/2026,04/15/2026,2,,31-33 Manufacturing
California,E. J. Gallo Wineries - J Vineyards & Winery,Sonoma County,02/12/2026,04/15/2026,11,,31-33 Manufacturing
California,E. J. Gallo Wineries - Frei Ranch,Sonoma County,02/12/2026,04/15/2026,9,,31-33 Manufacturing
California,California Resources Corporation (Ming),Kern County,02/17/2026,02/14/2026,9,,21 Mining Quarrying Oil and Gas Exraction
California,California Resources Corporation - (River Run),Kern County,02/17/2026,02/14/2026,46,,21 Mining Quarrying Oil and Gas Exraction
California,Topanga Social Manager. LLC - Topanga Social Food Hall,Los Angeles County,02/13/2026,04/14/2026,131,,72 Accommodation and Food Services
California,Renova Energy Corporation,Riverside County,02/12/2026,04/10/2026,49,,23 Construction
California,"Red O La Jolla, LCC",San Diego County,02/16/2026,04/20/2026,91,,72 Accommodation and Food Services
California,Corteva Agriscience LLC,Contra Costa County,02/18/2026,04/24/2026,3,,54 Professional Scientific and Technical Services
California,De La Pena Eye Clinic - DLP Commerce,Los Angeles County,02/13/2026,03/13/2026,38,,62 Healthcare and Social Assistance
California,De La Pena Eye Clinic - DLP El Monte,Los Angeles County,02/13/2026,03/13/2026,5,,62 Healthcare and Social Assistance
California,De La Pena Eye Clinic - DLP Huntington Park,Los Angeles County,02/13/2026,03/13/2026,15,,62 Healthcare and Social Assistance
California,De La Pena Eye Clinic - DLP Long Beach,Los Angeles County,02/13/2026,03/13/2026,3,,62 Healthcare and Social Assistance
California,De La Pena Eye Clinic - DLP Los Angeles,Los Angeles County,02/13/2026,03/13/2026,12,,62 Healthcare and Social Assistance
California,De La Pena Eye Clinic - DLP Montebello,Los Angeles County,02/13/2026,03/13/2026,38,,62 Healthcare and Social Assistance
California,De La Pena Eye Clinic - DLP Van Nuys,Los Angeles County,02/13/2026,03/13/2026,19,,62 Healthcare and Social Assistance
California,De La Pena Eye Clinic - DLP Santa Ana,Orange County,02/13/2026,03/13/2026,6,,62 Healthcare and Social Assistance
California,Med-Laser Surgical Center LLC,Los Angeles County,02/13/2026,04/14/2026,22,,62 Healthcare and Social Assistance
California,Wescom Financial,Los Angeles County,02/19/2026,04/21/2026,15,,52 Finance and Insurance
California,Wescom Financial,Los Angeles County,02/19/2026,04/21/2026,1,,52 Finance and Insurance
California,Wescom Financial,Los Angeles County,02/19/2026,04/21/2026,1,,52 Finance and Insurance
California,Wescom Financial,Los Angeles County,02/19/2026,04/21/2026,1,,52 Finance and Insurance
California,Wescom Financial,Los Angeles County,02/19/2026,04/21/2026,1,,52 Finance and Insurance
California,Wescom Financial,Monterey County,02/19/2026,04/21/2026,2,,52 Finance and Insurance
California,Wescom Financial,Monterey County,02/19/2026,04/21/2026,1,,52 Finance and Insurance
California,Wescom Financial,Orange County,02/19/2026,04/21/2026,40,,52 Finance and Insurance
California,Wescom Financial,Orange County,02/19/2026,04/21/2026,1,,52 Finance and Insurance
California,Wescom Financial,Orange County,02/19/2026,04/21/2026,1,,52 Finance and Insurance
California,Wescom Financial,Orange County,02/19/2026,04/21/2026,1,,52 Finance and Insurance
California,Wescom Financial,Orange County,02/19/2026,04/21/2026,1,,52 Finance and Insurance
California,Wescom Financial,Riverside County,02/19/2026,04/21/2026,1,,52 Finance and Insurance
California,Wescom Financial,San Bernardino County,02/19/2026,04/21/2026,1,,52 Finance and Insurance
California,Wescom Financial,San Bernardino County,02/19/2026,04/21/2026,1,,52 Finance and Insurance
California,Wescom Financial,Ventura County,02/19/2026,04/21/2026,1,,52 Finance and Insurance
California,Wescom Financial,Ventura County,02/19/2026,04/21/2026,1,,52 Finance and Insurance
California,Wescom Financial,Ventura County,02/19/2026,04/21/2026,1,,52 Finance and Insurance
California,Jackson Family Wines (Carneros Hills Winery),Sonoma County,02/12/2026,04/17/2026,13,,31-33 Manufacturing
California,"Lucid Group, Inc.",Alameda County,02/20/2026,04/21/2026,319,,44-45 Retail Trade
California,Tony's Fine Foods,Riverside County,02/20/2026,05/01/2026,24,,42 Wholesale Trade
California,Wells Fargo,San Francisco County,02/20/2026,04/21/2026,21,,52 Finance and Insurance
California,Raley's,Contra Costa County,02/20/2026,04/28/2026,43,,44-45 Retail Trade
California,"C3.ai, Inc.",San Mateo County,02/23/2026,04/26/2026,71,,54 Professional Scientific and Technical Services
California,Ferrara Candy Company (One Jelly Belly),Solano County,02/21/2026,06/01/2026,2,,31-33 Manufacturing
California,Ferrara Candy Company (2400),Solano County,02/21/2026,06/01/2026,17,,31-33 Manufacturing
California,Ferrara Candy Company (2500),Solano County,02/21/2026,06/01/2026,33,,31-33 Manufacturing
California,Ferrara Candy Company (2385),Solano County,02/21/2026,06/01/2026,16,,31-33 Manufacturing
California,Ferrara Candy Company (Courage Drive),Solano County,02/21/2026,06/01/2026,1,,31-33 Manufacturing
California,"Safari West, Inc.",Sonoma County,02/23/2026,04/21/2026,134,,71 Arts Entertainment and Recreation
California,VCA Bay Area Veterinary Specialists & Emergency Hospital,Alameda County,02/24/2026,04/25/2026,91,,54 Professional Scientific and Technical Services
California,Commute is Great Logistics LLC,Kern County,02/13/2026,02/03/2026,132,,48-49 Transportation and Warehousing
California,Lumileds LLC,Santa Clara County,02/24/2026,05/01/2026,24,,31-33 Manufacturing
California,Riot Games,Los Angeles County,02/24/2026,04/27/2026,26,,51 Information
California,Angel City Brewery,Los Angeles County,02/25/2026,04/30/2026,66,,31-33 Manufacturing
California,"Med-Pharmex, Inc.",Los Angeles County,01/06/2026,03/06/2026,130,,31-33 Manufacturing
California,eBay - San Francisco,San Francisco County,02/25/2026,02/25/2026,28,,44-45 Retail Trade
California,eBay Inc.,Santa Clara County,02/25/2026,02/25/2026,243,,44-45 Retail Trade
California,Anaheim Transportation Network,Orange County,02/26/2026,03/31/2026,132,,48-49 Transportation and Warehousing
California,Del Monte Foods Corporation II Inc.,Stanislaus County,02/26/2026,05/01/2026,21,,31-33 Manufacturing
California,"Monroe Operations, LLC dba Newport Healthcare",Alameda County,02/24/2026,04/24/2026,30,,62 Healthcare and Social Assistance
California,"Monroe Operations, LLC dba Newport Healthcare",Alameda County,02/24/2026,04/24/2026,16,,62 Healthcare and Social Assistance
California,FreshKO Produce Services LLC,Fresno County,02/27/2026,03/07/2026,58,,42 Wholesale Trade
California,"CJ Logistics America, LLC",San Bernardino County,02/27/2026,04/30/2026,71,,48-49 Transportation and Warehousing
California,Raytheon,Los Angeles County,02/27/2026,05/01/2026,55,,54 Professional Scientific and Technical Services
California,Foods Co #784,Fresno County,02/27/2026,03/14/2026,49,,44-45 Retail Trade
California,"IPIC Theaters, LLC - Westwood",Los Angeles County,02/02/2026,04/28/2026,103,,51 Information
California,"IPIC Theaters, LLC - Pasadena",Los Angeles County,02/02/2026,04/28/2026,91,,51 Information
California,"Supernal, LLC",Alameda County,02/27/2026,04/28/2026,48,,54 Professional Scientific and Technical Services
California,"Supernal, LLC",Kern County,02/27/2026,04/28/2026,13,,54 Professional Scientific and Technical Services
California,"Supernal, LLC",Kern County,02/27/2026,04/28/2026,1,,54 Professional Scientific and Technical Services
California,"Supernal, LLC (15555 Laguna Canyon Road)",Orange County,02/27/2026,04/28/2026,176,,54 Professional Scientific and Technical Services
California,"Supernal, LLC. (117 Waterworks Way)",Orange County,02/27/2026,04/28/2026,58,,54 Professional Scientific and Technical Services
California,Foods Co #371,Sacramento County,02/27/2026,03/14/2026,58,,44-45 Retail Trade
California,The Vons Companies Inc.,San Diego County,03/02/2026,05/01/2026,65,,44-45 Retail Trade
California,Food 4 Less #364,Los Angeles County,02/27/2026,03/28/2026,64,,44-45 Retail Trade
California,David & Margaret,Los Angeles County,02/26/2026,03/31/2026,83,,62 Healthcare and Social Assistance
California,"Salesforce, Inc.",San Francisco County,03/02/2026,05/01/2026,51,,54 Professional Scientific and Technical Services
California,"MedImpact Healthcare Systems, Inc.",San Diego County,03/04/2026,03/04/2026,125,,62 Healthcare and Social Assistance
California,Wells Fargo,San Francisco County,03/03/2026,05/02/2026,6,,52 Finance and Insurance
California,Foreside Home Care & Nursing,Orange County,02/26/2026,03/27/2026,300,,62 Healthcare and Social Assistance
California,Kintetsu World Express,San Diego County,03/04/2026,03/31/2026,5,,56 Administrative and Support and Waste Management and Remediation
California,Saks & Company LLC,Los Angeles County,03/06/2026,05/06/2026,97,,44-45 Retail Trade
California,Saks & Company LLC,Orange County,03/06/2026,05/06/2026,76,,44-45 Retail Trade
California,Saks & Company LLC,Riverside County,03/06/2026,05/06/2026,58,,44-45 Retail Trade
California,Liberty Dental Plan Corporation,Orange County,03/05/2026,05/04/2026,16,,52 Finance and Insurance
California,KBR Services LLC,San Bernardino County,03/06/2026,05/06/2026,758,,56 Administrative and Support and Waste Management and Remediation
California,Endologix LLC,Santa Clara County,03/05/2026,05/06/2026,23,,31-33 Manufacturing
California,Endologix LLC,Santa Clara County,03/05/2026,05/15/2026,6,,31-33 Manufacturing
California,Endologix LLC,Santa Clara County,03/05/2026,05/29/2026,2,,31-33 Manufacturing
California,Sky Chefs' Customer Service Center,San Bernardino County,03/09/2026,05/07/2026,14,,72 Accommodation and Food Services
California,Experian,Orange County,03/11/2026,12/11/2026,28,,56 Administrative and Support and Waste Management and Remediation
California,Sanitation Specialists,Alameda County,03/12/2026,05/22/2026,21,,56 Administrative and Support and Waste Management and Remediation
California,Union of Pan Asian Communities (Neighborhood Enterprise Center),San Diego County,03/11/2026,05/10/2026,16,,62 Healthcare and Social Assistance
California,"Atlassian US, Inc.",San Francisco County,03/11/2026,03/13/2026,252,,54 Professional Scientific and Technical Services
California,Sanitation Specialists,San Mateo County,03/12/2026,05/22/2026,15,,56 Administrative and Support and Waste Management and Remediation
California,American Eagle Flights (Santa Maria Airport),Santa Barbara County,03/06/2026,05/06/2026,20,,48-49 Transportation and Warehousing
California,Westside Equipment Co. (OXBO),Stanislaus County,03/11/2026,05/11/2026,2,,31-33 Manufacturing
California,Blue Shield of California,Alameda County,03/13/2026,04/08/2026,7,,52 Finance and Insurance
California,Blue Shield of California (Building C),El Dorado County,03/13/2026,04/08/2026,5,,52 Finance and Insurance
California,Blue Shield of California (Building B),El Dorado County,03/13/2026,04/08/2026,7,,52 Finance and Insurance
California,Blue Shield of California,Los Angeles County,03/13/2026,04/08/2026,14,,52 Finance and Insurance
California,Blue Shield of California,Los Angeles County,03/13/2026,04/08/2026,8,,52 Finance and Insurance
California,Blue Shield of California,Sacramento County,03/13/2026,04/08/2026,6,,52 Finance and Insurance
California,Blue Shield of California,San Diego County,03/13/2026,04/08/2026,3,,52 Finance and Insurance
California,Blue Shield of California,San Joaquin County,03/13/2026,04/08/2026,17,,52 Finance and Insurance
California,Blue Shield of California,Shasta County,03/13/2026,04/08/2026,2,,52 Finance and Insurance
California,Calvary Murrieta Christian School,Riverside County,03/16/2026,05/29/2026,74,,61 Educational Services
California,Corteva Agriscience,Contra Costa County,03/17/2026,06/05/2026,3,,54 Professional Scientific and Technical Services
California,Heritage Bank of Commerce (Livermore),Alameda County,02/27/2026,04/17/2026,1,,52 Finance and Insurance
California,Heritage Bank of Commerce (Oakland),Alameda County,02/27/2026,04/17/2026,1,,52 Finance and Insurance
California,Heritage Bank of Commerce (Danville),Contra Costa County,02/27/2026,04/17/2026,4,,52 Finance and Insurance
California,Heritage Bank of Commerce (Walnut Creek),Contra Costa County,02/27/2026,04/17/2026,4,,52 Finance and Insurance
California,Heritage Bank of Commerce (San Rafael),Marin County,02/27/2026,04/17/2026,3,,52 Finance and Insurance
California,Heritage Bank of Commerce (Hollister),San Benito County,02/27/2026,04/17/2026,1,,52 Finance and Insurance
California,Heritage Bank of Commerce (San Francisco),San Francisco County,02/27/2026,04/17/2026,3,,52 Finance and Insurance
California,Heritage Bank of Commerce (Mateo),San Mateo County,02/27/2026,04/17/2026,5,,52 Finance and Insurance
California,Heritage Bank of Commerce (San Jose),Santa Clara County,02/27/2026,04/17/2026,85,,52 Finance and Insurance
California,Heritage Bank of Commerce (Los Altos),Santa Clara County,02/27/2026,04/17/2026,1,,52 Finance and Insurance
California,Heritage Bank of Commerce (Morgan Hill),Santa Clara County,02/27/2026,04/17/2026,1,,52 Finance and Insurance
California,Heritage Bank of Commerce (Remote-San Jose),Santa Clara County,02/27/2026,04/17/2026,12,,52 Finance and Insurance
California,Experian (Experian Health and Experian Information Solutions),Orange County,03/17/2026,05/18/2026,5,,56 Administrative and Support and Waste Management and Remediation
California,Total Storage Solutions (Best RV & Self Storage),Los Angeles County,03/12/2026,05/18/2026,3,,53 Real Estate and Rental Leasing
California,Total Storage Solutions (Crenshaw Self Storage),Los Angeles County,03/12/2026,05/18/2026,2,,53 Real Estate and Rental Leasing
California,Total Storage Solutions (El Monte Stor It Now),Los Angeles County,03/12/2026,05/18/2026,3,,53 Real Estate and Rental Leasing
California,Total Storage Solutions (Studebaker Self Storage),Los Angeles County,03/12/2026,05/18/2026,3,,53 Real Estate and Rental Leasing
California,Total Storage Solutions (Arcadia 210 Self Storage),Los Angeles County,03/12/2026,05/18/2026,1,,53 Real Estate and Rental Leasing
California,Total Storage Solutions (All Size Self Storage),Orange County,03/12/2026,05/18/2026,3,,53 Real Estate and Rental Leasing
California,Total Storage Solutions (All Size Laguna Niguel),Orange County,03/12/2026,05/18/2026,3,,53 Real Estate and Rental Leasing
California,Total Storage Solutions (Garden Grove Secured Storage),Orange County,03/12/2026,05/18/2026,3,,53 Real Estate and Rental Leasing
California,Total Storage Solutions (Townsend Self Storage),Orange County,03/12/2026,05/18/2026,3,,53 Real Estate and Rental Leasing
California,Total Storage Solutions (Airport Mini Storage),Riverside County,03/12/2026,05/18/2026,3,,53 Real Estate and Rental Leasing
California,Total Storage Solutions (Aware Self Storage),Riverside County,03/12/2026,05/18/2026,2,,53 Real Estate and Rental Leasing
California,Total Storage Solutions (Beaumont RV & Self Storage),Riverside County,03/12/2026,05/18/2026,3,,53 Real Estate and Rental Leasing
California,Total Storage Solutions (Beaumont Self Storage),Riverside County,03/12/2026,05/18/2026,3,,53 Real Estate and Rental Leasing
California,Total Storage Solutions (Jefferson Self Storage),Riverside County,03/12/2026,05/18/2026,4,,53 Real Estate and Rental Leasing
California,Total Storage Solutions (Sun City Mini Storage),Riverside County,03/12/2026,05/18/2026,3,,53 Real Estate and Rental Leasing
California,Total Storage Solutions (Tri-City Self Storage),Riverside County,03/12/2026,05/18/2026,3,,53 Real Estate and Rental Leasing
California,Total Storage Solutions (Western States Self Storage),Riverside County,03/12/2026,05/18/2026,3,,53 Real Estate and Rental Leasing
California,Total Storage Solutions (Riverside Self Storage),Riverside County,03/12/2026,05/18/2026,4,,53 Real Estate and Rental Leasing
California,Total Storage Solutions (E Street Self Storage),San Bernardino County,03/12/2026,05/18/2026,2,,53 Real Estate and Rental Leasing
California,Total Storage Solutions (Citrus Plaza Self Storage),San Diego County,03/12/2026,05/18/2026,2,,53 Real Estate and Rental Leasing
California,"Lodging Dynamics Hospitality Group, LLC (Courtyard & TownePlace Suites)",Los Angeles County,03/18/2026,05/20/2026,97,,72 Accommodation and Food Services
California,"Lodging Dynamics Hospitality Group, LLC (Midici Restaurant)",Los Angeles County,03/18/2026,05/20/2026,9,,72 Accommodation and Food Services
California,"Lodging Dynamics Hospitality Group, LLC (Hilton Garden Inn)",Los Angeles County,03/18/2026,05/20/2026,36,,72 Accommodation and Food Services
California,"Lodging Dynamics Hospitality Group, LLC (Residence Inn)",Los Angeles County,03/18/2026,05/20/2026,43,,72 Accommodation and Food Services
California,"Lodging Dynamics Hospitality Group, LLC (Homewood Suites)",Los Angeles County,03/18/2026,05/20/2026,51,,72 Accommodation and Food Services
California,NSI-Lynn Electronics,Orange County,03/20/2026,05/22/2026,52,,31-33 Manufacturing
California,"ERN Services, Inc.",Los Angeles County,03/18/2026,04/24/2026,74,,56 Administrative and Support and Waste Management and Remediation
California,Waymakers,Orange County,03/19/2026,06/30/2026,67,,62 Healthcare and Social Assistance
California,Waymakers,Orange County,03/19/2026,06/30/2026,3,,62 Healthcare and Social Assistance
California,SSP America,Sacramento County,03/19/2026,05/19/2026,44,,72 Accommodation and Food Services
California,"Primo Brands, Inc.",Orange County,03/20/2026,07/01/2026,23,,31-33 Manufacturing
California,City National Bank (555 S. Flower Street),Los Angeles County,03/20/2026,05/29/2026,9,,52 Finance and Insurance
California,City National Bank (350 S. Grand Ave.),Los Angeles County,03/20/2026,05/29/2026,3,,52 Finance and Insurance
California,"Synopsys, Inc.",Santa Clara County,03/23/2026,05/26/2026,55,,54 Professional Scientific and Technical Services
California,"Summit Funding, Inc.",Sacramento County,03/19/2026,05/17/2026,163,,52 Finance and Insurance
California,Pernod Ricard Kenwood Holding LLC,Sonoma County,03/23/2026,03/31/2026,14,,31-33 Manufacturing
California,"Mattel, Inc.",Los Angeles County,03/23/2026,05/22/2026,65,,51 Information
California,"MAG Brand Group, LLC",Los Angeles County,03/25/2026,08/01/2026,53,,31-33 Manufacturing
California,Nob Hill Foods,Santa Clara County,03/23/2026,05/29/2026,50,,44-45 Retail Trade
California,Experian,Orange County,03/23/2026,05/22/2026,35,,56 Administrative and Support and Waste Management and Remediation
California,"Bedabox, LLC (dba ShipMonk)",San Bernardino County,03/24/2026,06/30/2026,145,,48-49 Transportation and Warehousing
California,Comprehensive Autism Center,Riverside County,03/25/2026,05/31/2026,27,,62 Healthcare and Social Assistance
California,Comprehensive Autism Center,San Diego County,03/25/2026,05/31/2026,35,,62 Healthcare and Social Assistance
California,"Gilead Sciences, Inc.",San Mateo County,03/25/2026,05/29/2026,51,,31-33 Manufacturing
California,DASH Industries,Sacramento County,03/26/2026,03/31/2026,80,,11 Agriculture Forestry Fishing Hunting
California,"Kay and Associates, Inc.",San Diego County,03/26/2026,04/30/2026,103,,48-49 Transportation and Warehousing
California,Welcome Palm Springs LLC dba Riviera Resort & Spa Palm Springs,Riverside County,03/26/2026,05/31/2026,233,,72 Accommodation and Food Services
California,Rb Wine Associates LLC dba Rack & Riddle,San Joaquin County,03/27/2026,05/29/2026,32,,31-33 Manufacturing
California,"Sentinel Transportation, LLC",Butte County,03/30/2026,05/31/2026,10,,48-49 Transportation and Warehousing
California,"Sentinel Transportation, LLC",Calaveras County,03/30/2026,05/31/2026,3,,48-49 Transportation and Warehousing
California,"Sentinel Transportation, LLC",Colusa County,03/30/2026,05/31/2026,3,,48-49 Transportation and Warehousing
California,"Sentinel Transportation, LLC",Contra Costa County,03/30/2026,05/31/2026,7,,48-49 Transportation and Warehousing
California,"Sentinel Transportation, LLC",El Dorado County,03/30/2026,05/31/2026,2,,48-49 Transportation and Warehousing
California,"Sentinel Transportation, LLC",Glenn County,03/30/2026,05/31/2026,3,,48-49 Transportation and Warehousing
California,"Sentinel Transportation, LLC",Los Angeles County,03/30/2026,05/31/2026,2,,48-49 Transportation and Warehousing
California,"Sentinel Transportation, LLC",Merced County,03/30/2026,05/31/2026,1,,48-49 Transportation and Warehousing
California,"Sentinel Transportation, LLC",Nevada County,03/30/2026,05/31/2026,3,,48-49 Transportation and Warehousing
California,"Sentinel Transportation, LLC",Plumas County,03/30/2026,05/31/2026,3,,48-49 Transportation and Warehousing
California,"Sentinel Transportation, LLC",Sacramento County,03/30/2026,05/31/2026,24,,48-49 Transportation and Warehousing
California,"Sentinel Transportation, LLC",Sacramento County,03/30/2026,05/31/2026,3,,48-49 Transportation and Warehousing
California,"Sentinel Transportation, LLC",San Joaquin County,03/30/2026,05/31/2026,2,,48-49 Transportation and Warehousing
California,"Sentinel Transportation, LLC",Santa Clara County,03/30/2026,05/31/2026,2,,48-49 Transportation and Warehousing
California,"Sentinel Transportation, LLC",Santa Clara County,03/30/2026,05/31/2026,2,,48-49 Transportation and Warehousing
California,"Sentinel Transportation, LLC",Shasta County,03/30/2026,05/31/2026,5,,48-49 Transportation and Warehousing
California,"Sentinel Transportation, LLC",Solano County,03/30/2026,05/31/2026,5,,48-49 Transportation and Warehousing
California,"Sentinel Transportation, LLC",Solano County,03/30/2026,05/31/2026,4,,48-49 Transportation and Warehousing
California,"Sentinel Transportation, LLC",Stanislaus County,03/30/2026,05/31/2026,24,,48-49 Transportation and Warehousing
California,"Sentinel Transportation, LLC",Stanislaus County,03/30/2026,05/31/2026,1,,48-49 Transportation and Warehousing
California,"Sentinel Transportation, LLC",Sutter County,03/30/2026,05/31/2026,1,,48-49 Transportation and Warehousing
California,"Sentinel Transportation, LLC",Tehama County,03/30/2026,05/31/2026,1,,48-49 Transportation and Warehousing
California,"Sentinel Transportation, LLC",Tuolumne County,03/30/2026,05/31/2026,3,,48-49 Transportation and Warehousing
California,"Sentinel Transportation, LLC",Yolo County,03/30/2026,05/31/2026,8,,48-49 Transportation and Warehousing
California,"Sentinel Transportation, LLC",Yuba County,03/30/2026,05/31/2026,4,,48-49 Transportation and Warehousing
California,F10 Oceanside LLC,San Diego County,03/30/2026,05/14/2026,58,,72 Accommodation and Food Services
California,John Adams Academy - El Dorado,El Dorado County,03/30/2026,06/01/2026,6,,61 Educational Services
California,John Adams Academy,Placer County,03/30/2026,06/01/2026,13,,61 Educational Services
California,John Adams academy,Placer County,03/30/2026,06/01/2026,49,,61 Educational Services
California,"Meta Platforms, Inc.",San Mateo County,03/30/2026,05/22/2026,124,,51 Information
California,"Meta Platforms, Inc.",Santa Clara County,03/30/2026,05/29/2026,74,,51 Information
California,Experian,Orange County,03/30/2026,05/22/2026,3,,44-45 Retail Trade
California,"Oracle America, Inc.",Alameda County,04/01/2026,06/01/2026,158,,54 Professional Scientific and Technical Services
California,Morgan Technical Ceramics,Alameda County,04/01/2026,06/01/2026,94,,31-33 Manufacturing
California,"Oracle America, Inc.",Los Angeles County,04/01/2026,06/01/2026,50,,54 Professional Scientific and Technical Services
California,"Oracle America, Inc.",San Mateo County,04/01/2026,06/01/2026,310,,54 Professional Scientific and Technical Services
California,"Oracle America, Inc.",Santa Clara County,04/01/2026,06/01/2026,184,,54 Professional Scientific and Technical Services
California,Crittenton (100 E. Valley View),Orange County,03/27/2026,03/31/2026,81,,62 Healthcare and Social Assistance
California,Crittenton (600 N. Harbor Blvd),Orange County,03/27/2026,03/31/2026,26,,62 Healthcare and Social Assistance
California,Crittenton (201 W. Amerige Ave),Orange County,03/27/2026,03/31/2026,37,,62 Healthcare and Social Assistance
California,Think Together,Riverside County,04/01/2026,06/12/2026,114,,61 Educational Services
California,Qualcomm Incorporated (5775 Morehouse Drive),San Diego County,04/02/2026,05/26/2026,19,,55 Management of Companies and Enterprises
California,Qualcomm Incorporated (5565 Morehouse Drive),San Diego County,04/02/2026,05/26/2026,13,,55 Management of Companies and Enterprises
California,Qualcomm Incorporated (6455 Lusk Blvd),San Diego County,04/02/2026,05/26/2026,5,,55 Management of Companies and Enterprises
California,Qualcomm Incorporated (5545 Morehouse Drive),San Diego County,04/02/2026,05/26/2026,15,,55 Management of Companies and Enterprises
California,Qualcomm Incorporated (5745 Pacific Center Blvd),San Diego County,04/02/2026,05/26/2026,2,,55 Management of Companies and Enterprises
California,Qualcomm Incorporated (10185 McKellar Court),San Diego County,04/02/2026,05/26/2026,4,,55 Management of Companies and Enterprises
California,Qualcomm Incorporated (10350 Sorrento Valley Road),San Diego County,04/02/2026,05/26/2026,3,,55 Management of Companies and Enterprises
California,Qualcomm Incorporated (5737 Pacific Center Blvd),San Diego County,04/02/2026,05/26/2026,1,,55 Management of Companies and Enterprises
California,Qualcomm Incorporated (4243 Campus Point Ct),San Diego County,04/02/2026,05/26/2026,1,,55 Management of Companies and Enterprises
California,Qualcomm Incorporated (10001 Pacific Heights Blvd),San Diego County,04/02/2026,05/26/2026,2,,55 Management of Companies and Enterprises
California,Qualcomm Incorporated (5535 Morehouse Drive),San Diego County,04/02/2026,05/26/2026,2,,55 Management of Companies and Enterprises
California,Union of Pan Asian Communities - Positive Solutions and Elder Multicultural Access & Support Service,San Diego County,04/01/2026,06/30/2026,14,,62 Healthcare and Social Assistance
California,Union of Pan Asian Communities - East Wind Clubhouse,San Diego County,04/01/2026,06/30/2026,5,,62 Healthcare and Social Assistance
California,Consolidated Entertainment LLC (Reading Cinemas,San Diego County,04/01/2026,05/31/2026,63,,51 Information
California,Victoria Nursery,Ventura County,04/01/2026,06/01/2026,62,,42 Wholesale Trade
California,"Good Sports Plus, Ltd dba ARC - Barbara Worth Junior High School",Imperial County,04/02/2026,06/04/2026,5,,62 Healthcare and Social Assistance
California,"Good Sports Plus, Ltd. dba Arc -  J.W. Oakley Elementary School",Imperial County,04/02/2026,06/04/2026,15,,62 Healthcare and Social Assistance
California,"Good Sports Plus, Ltd. dba Arc - Miguel Hidalgo Elementary School",Imperial County,04/02/2026,06/04/2026,5,,62 Healthcare and Social Assistance
California,Good Sports Plus dba Arc - Myron D. Witter Elementary School,Imperial County,04/02/2026,06/04/2026,15,,62 Healthcare and Social Assistance
California,Good Sports Plus dba Arc - Padilla-Pace Middle School,Imperial County,04/02/2026,06/04/2026,7,,62 Healthcare and Social Assistance
California,"Good Sports Plus Ltd, dba Arc Phil D. Swing Elementary School",Imperial County,04/02/2026,06/04/2026,13,,62 Healthcare and Social Assistance
California,Good Sports Plus Ltd. dba Brawley Union High School,Imperial County,04/02/2026,06/04/2026,6,,62 Healthcare and Social Assistance
California,Good Sports Plus Ltd. dba Arc - Desert Valley High School,Imperial County,04/02/2026,06/04/2026,3,,62 Healthcare and Social Assistance
California,Good Sports Plus Ltd. dba Arc - Central Union High School,Imperial County,04/02/2026,06/04/2026,3,,62 Healthcare and Social Assistance
California,Good Sports Plus Ltd. dba Arc - Phoenix Rising/Desert Oasis High School,Imperial County,04/02/2026,06/04/2026,2,,62 Healthcare and Social Assistance
California,Good Sports Plus Ltd. dba Arc - Southwest High School,Imperial County,04/02/2026,06/04/2026,4,,62 Healthcare and Social Assistance
California,Good Sports Plus Ltd. dba Arc,Imperial County,04/02/2026,06/04/2026,4,,62 Healthcare and Social Assistance
California,ProYouth,Tulare County,04/03/2026,06/05/2026,81,,61 Educational Services
California,Super 7,Napa County,04/03/2026,05/29/2026,6,,48-49 Transportation and Warehousing
California,PUC eCALS,Los Angeles County,04/03/2026,06/05/2026,22,,61 Educational Services
California,Partnerships to Uplift Communities Los Angeles,Los Angeles County,04/03/2026,06/05/2026,26,,61 Educational Services
California,Amethod Public Schools,Alameda County,04/06/2026,06/05/2026,17,,61 Educational Services
California,Wellpath and CFMG - South Placer Jail,Placer County,04/07/2026,06/30/2026,35,,62 Healthcare and Social Assistance
California,Wellpath and CFMG - Placer Jail - Auburn,Placer County,04/07/2026,06/30/2026,50,,62 Healthcare and Social Assistance
California,Wellpath and CFMG - Placer Juvi Detention,Placer County,04/07/2026,06/30/2026,4,,62 Healthcare and Social Assistance
California,Prepa Tec Los Angeles campus,Los Angeles County,04/07/2026,06/30/2026,42,,61 Educational Services
California,South Coast Behavioral Health,Orange County,03/30/2026,05/29/2026,36,,62 Healthcare and Social Assistance
California,South Coast Behavioral Health,Orange County,03/30/2026,05/29/2026,1,,62 Healthcare and Social Assistance
California,America's Finest Charter School - High School Program,San Diego County,03/12/2026,06/30/2026,10,,61 Educational Services
California,JPMorgan Chase,San Francisco County,03/23/2026,05/21/2026,53,,52 Finance and Insurance
California,"Montessori West, Inc.",Alameda County,04/08/2026,06/15/2026,35,,61 Educational Services
California,"Gossamer Bio, Inc.",San Diego County,03/16/2026,05/15/2026,65,,54 Professional Scientific and Technical Services
California,Sony Pictures Entertainment Inc.,Los Angeles County,04/08/2026,06/12/2026,111,,71 Arts Entertainment and Recreation
California,Sony Pictures Entertainment Inc.,Los Angeles County,04/08/2026,06/12/2026,6,,71 Arts Entertainment and Recreation
California,Sony Pictures Entertainment Inc.,Los Angeles County,04/08/2026,06/12/2026,7,,71 Arts Entertainment and Recreation
California,Sony Pictures Entertainment Inc.,Los Angeles County,04/08/2026,06/12/2026,9,,71 Arts Entertainment and Recreation
California,Qualcomm Incorporated (5565 Morehouse Drive),San Diego County,04/08/2026,06/08/2026,10,,55 Management of Companies and Enterprises
California,Qualcomm Incorporated (5525 Morehouse Drive),San Diego County,04/08/2026,06/08/2026,11,,55 Management of Companies and Enterprises
California,Qualcomm Incorporated (5665 Morehouse Drive),San Diego County,04/08/2026,06/08/2026,6,,55 Management of Companies and Enterprises
California,Qualcomm Incorporated (10145 Pacific Heights Blvd.),San Diego County,04/08/2026,06/08/2026,3,,55 Management of Companies and Enterprises
California,Qualcomm Incorporated (6455 Lusk Blvd.),San Diego County,04/08/2026,06/08/2026,2,,55 Management of Companies and Enterprises
California,Qualcomm Incorporated (10185 McKellar Ct.),San Diego County,04/08/2026,06/08/2026,1,,55 Management of Companies and Enterprises
California,Qualcomm Incorporated (5745 Pacific Center Blvd.),San Diego County,04/08/2026,06/08/2026,2,,55 Management of Companies and Enterprises
California,Qualcomm Incorporated (10160 Pacific Mesa Blvd.),San Diego County,04/08/2026,06/08/2026,1,,55 Management of Companies and Enterprises
California,Qualcomm Incorporated (10445 Pacific Center Court),San Diego County,04/08/2026,06/08/2026,2,,55 Management of Companies and Enterprises
California,Del Monte Foods Corporation II Inc.,Stanislaus County,04/06/2026,04/07/2026,25,,42 Wholesale Trade
California,Sumisho Air Lease Corporation,Los Angeles County,04/09/2026,06/08/2026,53,,53 Real Estate and Rental Leasing
California,Mills College Children's School at Northwestern University,Alameda County,04/10/2026,06/10/2026,21,,61 Educational Services
California,eBay Inc.,San Francisco County,04/10/2026,09/30/2026,198,,44-45 Retail Trade
California,Phillips 66,Los Angeles County,04/10/2026,06/10/2026,10,,31-33 Manufacturing
California,Phillips 66,Los Angeles County,04/10/2026,06/10/2026,6,,31-33 Manufacturing
California,Boeing Company,Los Angeles County,04/13/2026,06/12/2026,13,,31-33 Manufacturing
California,Boeing Company - Edwards AFB,Kern County,04/13/2026,06/12/2026,2,,31-33 Manufacturing
California,Boeing Company - El Segundo,Los Angeles County,04/13/2026,06/12/2026,2,,31-33 Manufacturing
California,Boeing Company - Huntington Beach,Orange County,04/13/2026,06/12/2026,1,,31-33 Manufacturing
California,Boeing Company - San Diego,San Diego County,04/13/2026,06/12/2026,1,,31-33 Manufacturing
California,The Gambrinus Company (Trumer Brewery and Taproom),Alameda County,04/13/2026,05/29/2026,6,,42 Wholesale Trade
California,"Trumer Brewery, Comeback Brewing II dba Trumer Brewery",Alameda County,04/13/2026,05/29/2026,27,,42 Wholesale Trade
California,McGee Air Services,Los Angeles County,04/14/2026,06/14/2026,29,,48-49 Transportation and Warehousing
California,Redding Cement Plant,Shasta County,04/14/2026,06/15/2026,53,,31-33 Manufacturing
California,Chen-Tech Industries LLC,Orange County,03/30/2026,04/02/2026,98,,31-33 Manufacturing
California,Blue Diamond Growers,Sacramento County,04/13/2026,06/12/2026,49,,31-33 Manufacturing
California,Ventura Coastal,Tulare County,04/14/2026,06/15/2026,69,,31-33 Manufacturing
California,Snap Inc.,Los Angeles County,04/15/2026,04/16/2026,247,,54 Professional Scientific and Technical Services
California,Block by Block,San Francisco County,04/14/2026,06/13/2026,47,,56 Administrative and Support and Waste Management and Remediation
California,The Primary School,Alameda County,04/15/2026,06/12/2026,147,,61 Educational Services
California,Paramount Skydance Corporation (1575 N. Gower Street),Los Angeles County,04/16/2026,01/02/2026,2,,51 Information
California,Paramount Skydance Corporation (5555 Melrose Avenue),Los Angeles County,04/16/2026,01/02/2026,5,,51 Information
California,Snap Inc.,Santa Clara County,04/15/2026,04/16/2026,73,,54 Professional Scientific and Technical Services
California,"Noa Technologies, Inc.",Santa Clara County,04/07/2026,06/01/2026,69,,51 Information
California,Disney Entertainment Operations LLC,Los Angeles County,04/16/2026,06/20/2026,53,,71 Arts Entertainment and Recreation
California,"FM Restaurants HQ, LLC",Orange County,04/17/2026,04/19/2026,49,,72 Accommodation and Food Services
California,"Best Formulations PC, LLC",Orange County,04/17/2026,06/15/2026,32,,31-33 Manufacturing
California,Yanfeng International Automotive Technology,Alameda County,04/20/2026,06/22/2026,17,,31-33 Manufacturing
California,YMCA Arellanes Elementary School,Santa Barbara County,04/17/2026,06/09/2026,6,,81 Other Services Except Public Administration
California,YMCA Arellanes Junior High,Santa Barbara County,04/17/2026,06/09/2026,4,,81 Other Services Except Public Administration
California,YMCA Bonita Elementary School,Santa Barbara County,04/17/2026,06/09/2026,6,,81 Other Services Except Public Administration
California,YMCA Robert Bruce Elementary School,Santa Barbara County,04/17/2026,06/09/2026,8,,81 Other Services Except Public Administration
California,YMCA El Camino Jr. High School,Santa Barbara County,04/17/2026,06/09/2026,3,,81 Other Services Except Public Administration
California,YMCA Fairlawn Elementary School,Santa Barbara County,04/17/2026,06/09/2026,6,,81 Other Services Except Public Administration
California,YMCA Fesler Jr. High School,Santa Barbara County,04/17/2026,06/09/2026,3,,81 Other Services Except Public Administration
California,YMCA Roberto & Dr. Francisco Jimenez Elementary School,Santa Barbara County,04/17/2026,06/09/2026,12,,81 Other Services Except Public Administration
California,YMCA Tommie Kunst Jr. High School,Santa Barbara County,04/17/2026,06/09/2026,3,,81 Other Services Except Public Administration
California,YMCA Bill Libbon Elementary School,Santa Barbara County,04/17/2026,06/09/2026,11,,81 Other Services Except Public Administration
California,YMCA Liberty Elementary School,Santa Barbara County,04/17/2026,06/09/2026,9,,81 Other Services Except Public Administration
California,YMCA Juan Pacifico Ontiveros Elementary School,Santa Barbara County,04/17/2026,06/09/2026,10,,81 Other Services Except Public Administration
California,YMCA Rice Elementary School,Santa Barbara County,04/17/2026,06/09/2026,11,,81 Other Services Except Public Administration
California,YMCA Sanchez Elementary School,Santa Barbara County,04/17/2026,06/09/2026,8,,81 Other Services Except Public Administration
California,YMCA Taylor Elementary School,Santa Barbara County,04/17/2026,06/09/2026,10,,81 Other Services Except Public Administration
California,YMCA Tunnel Elementary School,Santa Barbara County,04/17/2026,06/09/2026,10,,81 Other Services Except Public Administration
California,YMCA Santa Maria Valley,Santa Barbara County,04/17/2026,06/09/2026,7,,81 Other Services Except Public Administration
California,YMCA Oakley Elementary School,Santa Barbara County,04/17/2026,06/09/2026,9,,81 Other Services Except Public Administration
California,"Guayabito Farms, LLC",Ventura County,04/07/2026,06/06/2026,98,,11 Agriculture Forestry Fishing Hunting
California,"Premier Berry Farms, LLC",Ventura County,04/07/2026,06/06/2026,74,,11 Agriculture Forestry Fishing Hunting
California,Corteva Agriscience LLC,Contra Costa County,04/21/2026,07/03/2026,2,,54 Professional Scientific and Technical Services
California,City National Bank,Los Angeles County,04/21/2026,06/22/2026,1,,52 Finance and Insurance
California,"Ample Joy ABA Consulting Services, LLC",Riverside County,12/01/2025,02/02/2026,100,,62 Healthcare and Social Assistance
California,ODS Technologies LP and Betfair Interactive US LLC,Los Angeles County,04/06/2026,06/30/2026,174,,51 Information
California,Paramount Skydance Corporation - 1575 N. Gower,Los Angeles County,04/16/2026,01/02/2026,5,,71 Arts Entertainment and Recreation
California,Paramount Skydance Corporation,Los Angeles County,04/16/2026,01/02/2026,2,,71 Arts Entertainment and Recreation
California,Next Stop Logistics Inc.,Los Angeles County,04/22/2026,04/16/2026,80,,48-49 Transportation and Warehousing
California,Joe's Crab Shack,Orange County,04/22/2026,06/21/2026,44,,72 Accommodation and Food Services
California,Freudenberg Medical LLC,Santa Barbara County,04/22/2026,06/24/2026,80,,31-33 Manufacturing
California,Epic Games Inc.,Marin County,04/23/2026,03/27/2026,16,,51 Information
California,Epic Games Inc.,San Diego County,04/23/2026,03/27/2026,28,,51 Information
California,Epic Games Inc. (Remote Employees in San Francisco),San Diego County,04/23/2026,03/27/2026,28,,51 Information
California,Epic Games Inc. (Remote Employees in Los Angeles),San Diego County,04/23/2026,03/27/2026,61,,51 Information
California,Epic Games Inc. (Remote Employees in El Segundo),San Diego County,04/23/2026,03/27/2026,2,,51 Information
California,Blue Diamond Growers,Sacramento County,04/24/2026,06/26/2026,3,,31-33 Manufacturing
California,"Constellation Brands, Inc.",Sonoma County,04/24/2026,06/25/2026,7,,42 Wholesale Trade
California,"Aramark Campus, LLC",Kern County,04/10/2026,06/11/2026,49,,72 Accommodation and Food Services
California,"FM Restaurants HQ, LLC",Orange County,04/26/2026,04/30/2026,43,,72 Accommodation and Food Services
California,"Lodging Dynamics Hospitality Group, LLC",Santa Clara County,04/26/2026,06/27/2026,42,,72 Accommodation and Food Services
California,Veritiv Visual,Orange County,04/27/2026,06/24/2026,46,,42 Wholesale Trade
California,Black Tiger Medical Transportation,San Diego County,04/27/2026,06/28/2026,82,,48-49 Transportation and Warehousing
California,Apple Inc.,San Diego County,04/23/2026,06/24/2026,57,,44-45 Retail Trade
California,"FreshRealm, Inc.",San Joaquin County,04/27/2026,06/27/2026,228,,31-33 Manufacturing
California,"First Transit, Inc.",Contra Costa County,04/27/2026,06/30/2026,194,,48-49 Transportation and Warehousing
California,"Five Guys Operations, LLC",Merced County,04/28/2026,06/26/2026,13,,72 Accommodation and Food Services
California,"Satco, Inc.",Los Angeles County,04/10/2026,06/10/2026,34,,31-33 Manufacturing
California,Dudek,Butte County,04/29/2026,06/29/2026,36,,54 Professional Scientific and Technical Services
California,The Primary School (750 Fargo Ave),Alameda County,04/28/2026,06/30/2026,25,,61 Educational Services
California,The Primary School (2086 Clarke Ave),San Mateo County,04/28/2026,06/30/2026,100,,61 Educational Services
California,The Primary School (1765 East Bayshore Rd. Ste. 111),San Mateo County,04/28/2026,06/30/2026,22,,61 Educational Services
California,"Raytheon, An RTX Business",Los Angeles County,04/28/2026,07/03/2026,1,,54 Professional Scientific and Technical Services
California,Altura Management Services,Los Angeles County,04/30/2026,06/30/2026,113,,54 Professional Scientific and Technical Services
California,Five Guys Operations,Los Angeles County,04/30/2026,05/26/2026,15,,72 Accommodation and Food Services
California,Manteca District Ambulance Service - Striker Court,Tuolumne County,04/30/2026,06/30/2026,18,,62 Healthcare and Social Assistance
California,Manteca District Ambulance Service,Tuolumne County,04/30/2026,06/30/2026,6,,62 Healthcare and Social Assistance
California,Manteca District Ambulance Service - Hwy 49,Tuolumne County,04/30/2026,06/30/2026,6,,62 Healthcare and Social Assistance
California,Manteca District Ambulance Service - Powder House,Tuolumne County,04/30/2026,06/30/2026,6,,62 Healthcare and Social Assistance
California,Manteca District Ambulance Service - Jamestown,Tuolumne County,04/30/2026,06/30/2026,6,,62 Healthcare and Social Assistance
California,Propark Mobility,Riverside County,04/30/2026,06/30/2026,123,,48-49 Transportation and Warehousing
California,California Academy of Sciences,San Francisco County,04/28/2026,06/29/2026,53,,71 Arts Entertainment and Recreation
California,"C&K Market, Inc.",Lake County,04/29/2026,06/30/2026,32,,44-45 Retail Trade
California,First Student,Fresno County,05/01/2026,07/01/2026,170,,48-49 Transportation and Warehousing
California,Children's Institute Inc.,Los Angeles County,04/30/2026,06/30/2026,47,,62 Healthcare and Social Assistance
California,Quixote Studio Services - Griffith Park,Los Angeles County,04/27/2026,06/29/2026,2,,53 Real Estate and Rental Leasing
California,Quixote Studio Services - North Valley Campus A,Los Angeles County,04/27/2026,06/29/2026,9,,53 Real Estate and Rental Leasing
California,Quixote Studio Services - North Valley,Los Angeles County,04/27/2026,06/29/2026,7,,53 Real Estate and Rental Leasing
California,Quixote Studio Services - Sun valley,Los Angeles County,04/27/2026,06/29/2026,4,,53 Real Estate and Rental Leasing
California,Quixote Studio Services - Sylmar North,Los Angeles County,04/27/2026,06/29/2026,17,,53 Real Estate and Rental Leasing
California,Quixote Studio Services - Sylmar South,Los Angeles County,04/27/2026,06/29/2026,3,,53 Real Estate and Rental Leasing
California,Quixote Studio Services - West Hollywood,Los Angeles County,04/27/2026,06/29/2026,10,,53 Real Estate and Rental Leasing
California,"Gilead Sciences, Inc.",San Mateo County,04/30/2026,06/30/2026,108,,54 Professional Scientific and Technical Services
California,"Skyline Avatar House, LP",Santa Clara County,04/29/2026,06/30/2026,49,,72 Accommodation and Food Services
California,Brite Horizons Nonpublic School (Abrite),Santa Cruz County,04/30/2026,06/30/2026,59,,54 Professional Scientific and Technical Services
California,Five Guys Operations - Store No. 1795,Kings County,05/03/2026,07/02/2026,14,,72 Accommodation and Food Services
California,Five Guys Operations - Store No. 1323,Los Angeles County,05/03/2026,05/25/2026,13,,72 Accommodation and Food Services
California,Zenlen Inc. (Native),San Francisco County,05/04/2026,09/01/2026,53,,42 Wholesale Trade
California,Geodis,San Bernardino County,04/28/2026,07/03/2026,238,,48-49 Transportation and Warehousing
California,"FM Restaurants HQ, LLC",Orange County,05/06/2026,06/10/2026,56,,72 Accommodation and Food Services
California,"Eclipse Advantage, LLC",San Bernardino County,05/06/2026,05/30/2026,10,,56 Administrative and Support and Waste Management and Remediation
California,"Streamland Media Midco, LLC",Los Angeles County,05/06/2026,07/06/2026,71,,71 Arts Entertainment and Recreation
California,GladUDid LLC (Chick-fil-A),San Bernardino County,05/07/2026,07/11/2026,98,,72 Accommodation and Food Services
California,"Fresh Venture Foods, LLC",Santa Barbara County,05/07/2026,07/10/2026,185,,11 Agriculture Forestry Fishing Hunting
California,"Cloudflare, Inc.",San Francisco County,05/07/2026,05/15/2026,224,,54 Professional Scientific and Technical Services
California,"Mercedes-Benz Research & Development North America, Inc.",Los Angeles County,05/07/2026,07/06/2026,72,,54 Professional Scientific and Technical Services
California,"Reyes Coca-Cola Bottling, L.L.C.",Ventura County,05/08/2026,07/10/2026,85,,31-33 Manufacturing
California,The People Concern - Cloverfield,Los Angeles County,04/27/2026,06/30/2026,20,,62 Healthcare and Social Assistance
California,The People Concern - Arlington HQ,Los Angeles County,04/27/2026,06/30/2026,5,,62 Healthcare and Social Assistance
California,The People Concern - Nest 2,Los Angeles County,04/27/2026,06/30/2026,15,,62 Healthcare and Social Assistance
California,The People Concern - 316 W,Los Angeles County,04/27/2026,06/30/2026,5,,62 Healthcare and Social Assistance
California,The People Concern - Admin,Los Angeles County,04/27/2026,06/30/2026,3,,62 Healthcare and Social Assistance
California,Transdev,Tulare County,04/29/2026,06/30/2026,126,,48-49 Transportation and Warehousing
California,"Kidango, Inc. - Skyway Office",Alameda County,05/06/2026,07/01/2026,59,,62 Healthcare and Social Assistance
California,"Kidango, Inc. - Peixoto Center",Alameda County,05/06/2026,07/01/2026,6,,62 Healthcare and Social Assistance
California,"Kidango, Inc. - Castlemont Center",Alameda County,05/06/2026,07/01/2026,2,,62 Healthcare and Social Assistance
California,"Kidango, Inc. - CCELC Center",Santa Clara County,05/06/2026,07/01/2026,6,,62 Healthcare and Social Assistance
California,"National Distribution Centers, LLC",Los Angeles County,05/11/2026,07/05/2026,50,,48-49 Transportation and Warehousing
California,Alain LeRoyLocke College Preparatory Academy (Green Dot Public Schools),Los Angeles County,05/07/2026,06/30/2026,113,,61 Educational Services
California,PET CLUB,Placer County,05/13/2026,07/18/2026,6,,44-45 Retail Trade
California,Liberty Healthcare Corporation,San Bernardino County,05/13/2026,07/08/2026,113,,62 Healthcare and Social Assistance
California,Stepping Stone,Los Angeles County,05/01/2026,06/30/2026,8,,62 Healthcare and Social Assistance
California,Durham School Services,Los Angeles County,05/13/2026,07/31/2026,51,,48-49 Transportation and Warehousing
California,Carnegie Science Institution of Washington,Santa Clara County,04/09/2026,06/30/2026,27,,"54 Professional, Scientific, and Technical Services"
California,Boys & Girls Club of the LA Harbor - Banning High,Los Angeles County,05/13/2026,06/10/2026,5,,62 Health Care and Social Assistance
California,Boys and Girls Club of the LA Harbor - Fries Ave Elementary,Los Angeles County,05/13/2026,06/10/2026,4,,62 Health Care and Social Assistance
California,Boys & Girls Club of the LA Harbor - Gulf Ave Elementary,Los Angeles County,05/13/2026,06/10/2026,1,,62 Health Care and Social Assistance
California,Boys & Girls Club of LA Harbor - Harry Bridges Span School,Los Angeles County,05/13/2026,06/10/2026,3,,62 Health Care and Social Assistance
California,Boys & Girls Club of the LA Harbor - Harbor Teacher Prep Academy,Los Angeles County,05/13/2026,06/10/2026,7,,62 Health Care and Social Assistance
California,Boys & Girls Club of the LA Harbor - Wilmington Club,Los Angeles County,05/13/2026,06/10/2026,3,,62 Health Care and Social Assistance
California,Boys & Girls Club of LA Harbor - Wilmington Park ES,Los Angeles County,05/13/2026,06/10/2026,3,,62 Health Care and Social Assistance
California,Boys & Girls Club of the LA Harbor - Barton Hill Elementary,Los Angeles County,05/13/2026,06/10/2026,3,,62 Health Care and Social Assistance
California,Boys & Girls Club of the LA Harbor - Dana Middle School,Los Angeles County,05/13/2026,06/10/2026,3,,62 Health Care and Social Assistance
California,Boys & Girls Club of the LA Harbor - Park Western Elementary,Los Angeles County,05/13/2026,06/10/2026,8,,62 Health Care and Social Assistance
California,Boys & Girls Club of LA Harbor - Point Fermin Elementary,Los Angeles County,05/13/2026,06/10/2026,5,,62 Health Care and Social Assistance
California,Boys & Girls Club of the LA Harbor - South Shores Elementary,Los Angeles County,05/13/2026,06/10/2026,3,,62 Health Care and Social Assistance
California,Boys & Girls Club of the LA Harbor - Taper Ave. Elementary,Los Angeles County,05/13/2026,06/10/2026,8,,62 Health Care and Social Assistance
California,Boy& Girls Club of the LA Harbor - White Point Elementary,Los Angeles County,05/13/2026,06/10/2026,5,,62 Health Care and Social Assistance
California,Boys & Girls Club of the La Harbor - Cheryl Green/Torrance Club,Los Angeles County,05/13/2026,06/10/2026,1,,62 Health Care and Social Assistance
California,Boys & Girls Club of the LA Harbor - Environmental Charter MS,Los Angeles County,05/13/2026,06/10/2026,4,,62 Health Care and Social Assistance
California,Boys & Girls Club of the LA Harbor - Fleming Middle School,Los Angeles County,05/13/2026,06/10/2026,7,,62 Health Care and Social Assistance
California,Boys &Girls Club of the La Harbor - Harbor City Elementary School,Los Angeles County,05/13/2026,06/10/2026,10,,62 Health Care and Social Assistance
California,Boys & Girls Club at the LA Harbor - Narbonne High School,Los Angeles County,05/13/2026,06/10/2026,2,,62 Health Care and Social Assistance
California,City National Bank - Flower Street,Los Angeles County,04/27/2026,06/26/2026,1,,52 Finance and Insurance
California,City National Bank,Los Angeles County,04/27/2026,06/26/2026,2,,52 Finance and Insurance
California,Blue Diamond Growers,Sacramento County,05/15/2026,07/17/2026,7,,31-33 Manufacturing
California,LinkedIn Corporation,San Francisco County,05/15/2026,07/13/2026,108,,51 Information
California,LinkedIn Corporation,Santa Barbara County,05/15/2026,07/13/2026,21,,51 Information
California,LinkedIn Corporation,Santa Clara County,05/15/2026,07/13/2026,59,,51 Information
California,LinkedIn Corporation,Santa Clara County,05/15/2026,07/13/2026,352,,51 Information
California,LinkedIn Corporation (Home Office),Santa Clara County,05/15/2026,07/13/2026,66,,51 Information
California,"NBC Manteca Merchants, Inc.",San Joaquin County,05/18/2026,07/17/2026,68,,48-49 Transportation and Warehousing
California,"Eclipse Advantage, LLC",Los Angeles County,05/18/2026,07/17/2026,6,,44-45 Retail Trade
California,Canteen Vending Services,Alameda County,05/19/2026,07/19/2026,110,,72 Accommodation and Food Services
California,"Bayless Manufacturing, LLC",Los Angeles County,05/01/2026,07/15/2026,16,,31-33 Manufacturing
California,"Bayless Manufacturing, LLC",Los Angeles County,05/01/2026,07/15/2026,3,,31-33 Manufacturing
California,"Bayless Manufacturing, LLC",Los Angeles County,05/01/2026,07/15/2026,43,,31-33 Manufacturing
California,AbbVie Inc.,Orange County,05/19/2026,07/20/2026,85,,"54 Professional, Scientific, and Technical Services"
California,TeamOne,Riverside County,05/18/2026,06/13/2026,725,,56 Administrative and Support and Waste Management and Remediation Services
California,"ACT Lighting, Inc.",Los Angeles County,05/15/2026,07/31/2026,11,,42 Wholesale Trade
California,Alliance (Margaret M. Bloomfield),Los Angeles County,05/19/2026,06/30/2026,1,,61 Educational Services
California,Alliance (Collins Family College),Los Angeles County,05/19/2026,06/30/2026,2,,61 Educational Services
California,Alliance (College-Ready Middle),Los Angeles County,05/19/2026,06/30/2026,2,,61 Educational Services
California,Alliance (Piera Barbaglia Shaheen Health),Los Angeles County,05/19/2026,06/30/2026,4,,61 Educational Services
California,Alliance (Kory Hunter),Los Angeles County,05/19/2026,06/30/2026,2,,61 Educational Services
California,Alliance (Leichtman-Levine Family),Los Angeles County,05/19/2026,06/30/2026,12,,61 Educational Services
California,Alliance (Marine - Innovation),Los Angeles County,05/19/2026,06/30/2026,6,,61 Educational Services
California,Alliance (Gertz-Ressler),Los Angeles County,05/19/2026,06/30/2026,1,,61 Educational Services
California,Alliance (Dr. Olga Mohan),Los Angeles County,05/19/2026,06/30/2026,6,,61 Educational Services
California,Alliance (Patti & Peter Neuwirth),Los Angeles County,05/19/2026,06/30/2026,2,,61 Educational Services
California,Alliance (Ouchi-O Donovan),Los Angeles County,05/19/2026,06/30/2026,2,,61 Educational Services
California,Alliance (Virgil Roberts),Los Angeles County,05/19/2026,06/30/2026,1,,61 Educational Services
California,Alliance (Cindy & Bill Simon),Los Angeles County,05/19/2026,06/30/2026,5,,61 Educational Services
California,Alliance (Jack H. Skirball),Los Angeles County,05/19/2026,06/30/2026,4,,61 Educational Services
California,Alliance (Susan and Eric Smidt),Los Angeles County,05/19/2026,06/30/2026,4,,61 Educational Services
California,Alliance (Ted K. Tajima),Los Angeles County,05/19/2026,06/30/2026,3,,61 Educational Services
California,Alliance (College-Ready Public Schools),Los Angeles County,05/19/2026,06/30/2026,5,,61 Educational Services
California,Intuit Inc.,Santa Clara County,05/20/2026,07/31/2026,493,,51 Information
California,"Credit Karma, LLC",Alameda County,05/20/2026,07/31/2026,117,,56 Administrative and Support and Waste Management and Remediation Services
California,"Flagship Facilities Services, LLC",San Francisco County,05/20/2026,07/19/2026,178,,72 Accommodation and Food Services
Colorado,TIAA  ,,01/02/2026,,,,
Colorado,Tessera Therapeutics,,01/06/2026,,,,
Colorado,Alan Ritchey,,01/06/2026,,,,
Colorado,EPTAM West LLC dba Precision Metals,,01/15/2026,,,,
Colorado,Battelle,,01/15/2026,,,,
Colorado,KIRA Training,,12/29/2025,,,,
Colorado,Batelle,,02/26/2026,,,,
Colorado,Block,,02/26/2026,,,,
Colorado,PharmaCann Inc.,,03/20/2026,,,,
Colorado,"T&H/KIRA: KIRA Infrastructure, KIRA Integrated Solutions, T&H Solutions, T&H Services, KIRA Aviation",,04/01/2026,,,,
Colorado,Eagle Rock Distribution,,04/03/2026,,,,
Colorado,Battelle,,04/09/2026,,,,
Colorado,T-Mobile,,04/10/2026,,,,
Colorado,Tendit Group LLC,,04/13/2026,,,,
Colorado,PNC Bank NA,,04/17/2026,,,,
Colorado,Republic National Distributing Company LLC (RNDC),,04/22/2026,,,,
Colorado,Battelle,,04/23/2026,,,,
Colorado,Aurora Mental Health & Recovery,,04/30/2026,,,,
Colorado,TIAA - Update,,04/29/2026,,,,
Colorado,Battelle,,04/30/2026,,,,
Colorado,Accel,,04/30/2026,,,,
Colorado, Safeway Inc. Store 1792,,09/09/2025,,,,
Colorado,ACG Biologics,,09/16/2025,,,,
Colorado,Amentum,,01/28/2025,,,,
Colorado,Amentum,,03/24/2025,,,,
Colorado,Amentum,,06/05/2025,,,,
Colorado,Amentum,,06/24/2025,,,,
Colorado,Amentum,,07/30/2025,,,,
Colorado,Amentum,,08/25/2025,,,,
Colorado,Amentum,,10/01/2025,,,,
Colorado,Amentum (Update),,12/04/2025,,,,
Colorado,American Medical Response,,10/31/2025,,,,
Colorado,Banner Health,,09/04/2025,,,,
Colorado,Battelle,,01/16/2025,,,,
Colorado,Battelle,,04/21/2025,,,,
Colorado,Battelle,,07/14/2025,,,,
Colorado,Battelle,,08/11/2025,,,,
Colorado,Battelle,,08/25/2025,,,,
Colorado,Battelle,,10/30/2025,,,,
Colorado,Block Inc.,,03/25/2025,,,,
Colorado,Block Inc.,,08/12/2025,,,,
Colorado,Bowhead Mission Solutions LLC (Newport Rd),,06/27/2025,,,,
Colorado,Bowhead Missions Solutions LLC (Aviation Way),,06/27/2025,,,,
Colorado,Chevron,,05/02/2025,,,,
Colorado,ColoWyo Coal Company LP,,11/04/2025,,,,
Colorado,ColoWyo Coal Company LP (UPDATE),,11/18/2025,,,,
Colorado,Comcast,,10/15/2025,,,,
Colorado,Hallcon,,04/24/2025,,,,
Colorado,Heibar Installation Inc.,,12/02/2025,,,,
Colorado,Johnstown Heights Behavioral Health,,01/30/2025,,,,
Colorado,JVS Masonry,,04/01/2025,,,,
Colorado,Meati,,03/07/2025,,,,
Colorado,Microchip,,03/04/2025,,,,
Colorado,Newmont,,08/28/2025,,,,
Colorado,Newmont,,10/01/2025,,,,
Colorado,Newmont (Update/Phase 3),,10/15/2025,,,,
Colorado,Nordstrom,,06/26/2025,,,,
Colorado,Nordstrom ,,07/29/2025,,,,
Colorado,Nordstrom Credit Bank,,08/22/2025,,,,
Colorado,Nordstrom Credit Bank,,11/17/2025,,,,
Colorado,Nordstrom Credit Bank,,11/20/2025,,,,
Colorado,Nordstrom Credit Bank,,12/30/2025,,,,
Colorado,OneTouch,,07/10/2025,,,,
Colorado,QualityBuilt,,07/07/2025,,,,
Colorado,QuantumScape Battery,,01/28/2025,,,,
Colorado,Robert Russell Eastern Star Masonic Retirement Camps,,04/01/2025,,,,
Colorado,Safeway Inc. Store 0017  ,,09/09/2025,,,,
Colorado,Safeway Inc. Store 0137,,09/09/2025,,,,
Colorado,Safeway Inc. Store 0835,,09/09/2025,,,,
Colorado,Safeway Inc. Store 0862,,09/09/2025,,,,
Colorado,Safeway Inc. Store 0881,,09/09/2025,,,,
Colorado,Safeway Inc. Store 1038,,09/09/2025,,,,
Colorado,Safeway Inc. Store 1721,,09/09/2025,,,,
Colorado,Safeway Inc. Store 2915,,09/09/2025,,,,
Colorado,Safeway Inc. Store 3723,,09/09/2025,,,,
Colorado,Salvation Army (updated),,10/29/2025,,,,
Colorado,"Sherwood Food Distributors, Harvest Meat Company, Western Boxed Meat Company",,02/18/2025,,,,
Colorado,Smokin Bear LLC,,11/14/2025,,,,
Colorado,Sodexo,,06/11/2025,,,,
Colorado,TeKnowledge OPS USA,,08/29/2025,,,,
Colorado,Thule Inc.,,04/16/2025,,,,
Colorado,TIAA,,04/29/2025,,,,
Colorado,TIAA,,10/02/2025,,,,
Colorado,TIAA (Update),,08/01/2025,,,,
Colorado,Total Frac Solutions,,01/28/2025,,,,
Colorado,Vail Corporation,,04/02/2025,,,,
Colorado,West Pines Behavioral Health,,01/08/2025,,,,
Colorado,West Springs Hospital,,02/24/2025,,,,
Colorado,,,nan,,,,
DC,Elior North America,,"February 2, 2026","June 30, 2026",76,1,
DC,WP Company LLC,,"February 6, 2026","April 10, 2026",277,1,
DC,Albertson's/Safeway,,"March 13, 2026",TBD,87,2,
DC,"Bering Global Solutions, LLC",,"March 13, 2026","March 31, 2026",108,1,
DC,General Dynamics Information Technology,,"April 17, 2026","June 15, 2026",87,1,
DC,Noblis,,"April 22, 2026","May 19 - June 2, 2026",115,1,
DC,Republic National Distributing Company,,"April 23, 2026","June 21, 2026",125,1,
DC,Ideal US Talent Systems Worker Op Co LLC,,"May 1, 2026","July 1, 2026",307,1,
DC,"Golden Services, LLC",,"January 1, 2025","January 31, 2025",43,2,
DC,"Freedom House, Inc",,"February 14, 2025","April 15, 2025",76,1,
DC,United Medical Center,,"February 20, 2025","Various Dates through September 30, 2025",485,2,
DC,ACDI VOCA,,"March 6, 2025","April 2, 2025",109,1,
DC,Dexis Consulting Group,,"March 10, 2025","March 14, 2025 through April 30, 2025",94,1,
DC,IREX,,"March 11, 2025","March 3, 2025",130,1,
DC,Save the Children,,"March 13, 2025","February 28 and March 7 & 14, 2025",116,1,
DC,Institute of International Education,,"March 13, 2025","Various Dates through May 16, 2026",95,1,
DC,Chemonics,,"March 14, 2025","Various Dates through May 30, 2025",500,1,
DC,Cointerpart International,,"March 28, 2025","March 28 through May 31, 2025",64,1,
DC,"Freedom House, Inc.",,"March 28, 2025","May 27, 2025",30,1,
DC,American Federation of Government Employees (AFGE),,"March 31, 2025","May 30, 2025",206,1,
DC,International Republican Institute,,"April 7, 2025","June 6, 2025",246,1,
DC,Family Health International d/b/a FHI360,,"April 9, 2025","May 2, 2025 through May 16, 2026",260,1,
DC,US Conference of Catholic Bishops,,"April 14, 2025","May 30, 2025",39,1,
DC,Institue of International Education,,"April 14, 2025","Various Dates through June 29, 2025",45 (amended),1,
DC,Children's School Services,,"April 25, 2025","June 28, 2025",226,1,
DC,Institue of International Education,,"April 25, 2025","Various Dates through June 29, 2025",63 (amended),1,
DC,Radio Free Asia,,"May 2, 2025","May 9 through September 30, 2025",285,1,
DC,Pact,,"May 13, 2025","June 24,2025",72,1,
DC,"Sodexo Services East, LLC",,"May 15, 2025","August 8, 2025",228,1,
DC,ACDI/VOCA,,"June 4, 2025","August 4, 2025",19,1,
DC,Institue of International Education,,"June 4, 2025","Various Dates through September 28, 2025",54 (amended),1,
DC,"Sodexo, Inc.",,"June 6, 2025","July 31 through August 28, 2025",308,1,
DC,Institue of International Education,,"July 1, 2025","Various Dates through November2, 2025",54 (amended),1,
DC,ACDI VOGA,,"July 2, 2025","September 2, 2025",4,1,
DC,National Association of County and City Health Officials,,"July 30, 2025","September 30, 2025",43,1,
DC,ACDI VOCA,,"July 30, 2025","October 1, 2025",4,1,
DC,Corporation for Public Broadcasting,,"August 1, 2025","September 30, 2025",94,1,
DC,Institue of International Education,,"August 11, 2025","Various Dates through November 2, 2025",46 (amended),1,
DC,Chemonics,,"August 25, 2025","September 30 through September 28, 2025",59,1,
DC,Target,,"August 27, 2025","November 1, 2025",44,2,
DC,ACDI VOCA,,"August 28, 2025","November 3, 2025",5,1,
DC,Institue of International Education,,"September 10, 2025","Various Dates through September 28, 2025",46 (amended),1,
DC,Institue of International Education,,"October 20, 2025","January 4, 2026",24,1,
DC,RATP DEV and Midtown Group,,"October 29, 2025","January 3, 2026",52,2,
Delaware,Quality Built LLC,Fort Lauderdale,07/07/2025,,,WARN,1 - Statewide
Delaware,"Harrington Logistics, LLC",Harrington,03/31/2025,,,WARN,1 - Statewide
Delaware,"Atlas Hospitality Group, LLC",Baltimore,04/30/2026,,,WARN,1 - Statewide
Florida,"Group 1001 Resources, LLC",MIRAMAR,01/02/2025,,,,22 | BROWARD
Florida,Morrison Healthcare,CORAL GABLES,01/03/2025,,,,23 | MIAMI-DADE
Florida,Morrison Healthcare,LAUDERDALE LAKES,01/03/2025,,,,22 | BROWARD
Florida,Morrison Healthcare,HIALEAH,01/03/2025,,,,23 | MIAMI-DADE
Florida,Morrison Healthcare,HIALEAH,01/03/2025,,,,23 | MIAMI-DADE
Florida,Morrison Healthcare,MIAMI,01/03/2025,,,,23 | MIAMI-DADE
Florida,"CHG Healthcare Services, Inc.",BOCA RATON,01/03/2025,,,,21 | PALM BEACH
Florida,"Alico, Inc",ARCADIA,01/06/2025,,,,20 | DESOTO
Florida,Crothall Healthcare,CORAL GABLES,01/07/2025,,,,23 | MIAMI-DADE
Florida,Crothall Healthcare,LAUDERDALE LAKES,01/07/2025,,,,22 | BROWARD
Florida,Crothall Healthcare,HIALEAH,01/07/2025,,,,23 | MIAMI-DADE
Florida,Crothall Healthcare,MIAMI,01/07/2025,,,,23 | MIAMI-DADE
Florida,Crothall Healthcare,HIALEAH,01/07/2025,,,,23 | MIAMI-DADE
Florida,Crothall Healthcare,LAUDERDALE LAKES,01/09/2025,,,,22 | BROWARD
Florida,"Stryker Employment Company, LLC",LAKELAND,01/13/2025,,,,17 | POLK
Florida,NeuroBehavioral Hospitals,BOYNTON BEACH,01/15/2025,,,,21 | PALM BEACH
Florida,NeuroBehavioral Hospitals,WEST PALM BEACH,01/15/2025,,,,21 | PALM BEACH
Florida,Metropolis Company,LAKE BUENA VISTA,01/24/2025,,,,12 | ORANGE
Florida,Metropolis Company,LAKE BUENA VISTA,01/24/2025,,,,12 | ORANGE
Florida,Metropolis Company,LAKE BUENA VISTA,01/24/2025,,,,12 | ORANGE
Florida,Metropolis Company,ORLANDO,01/24/2025,,,,12 | ORANGE
Florida,Metropolis Company,LAKE BUENA VISTA,01/24/2025,,,,12 | ORANGE
Florida,"LEGOLAND Florida, Inc",WINTER HAVEN,01/28/2025,,,,17 | POLK
Florida,Bellwether Beach Resort,ST. PETE BEACH,01/30/2025,,,,28 | PINELLAS
Florida,e-TeleQuote Insurance,TAMPA,02/05/2025,,,,28 | HILLSBOROUGH
Florida,"CHG Healthcare Services, Inc.",BOCA RATON,02/06/2025,,,,21 | PALM BEACH
Florida,"Wise US, Inc",TAMPA,02/10/2025,,,,28 | HILLSBOROUGH
Florida,Sky Lease Cargo,MIAMI,02/12/2025,,,,23 | MIAMI-DADE
Florida,"Stryker Employment Company, LLC",LAKELAND,02/13/2025,,,,17 | POLK
Florida,Behavioral Health Link,ROTONDA WEST,02/19/2025,,,,24 | CHARLOTTE
Florida,Behavioral Health Link,JACKSONVILLE,02/19/2025,,,,8 | DUVAL
Florida,Behavioral Health Link,MIDDLEBURG,02/19/2025,,,,8 | CLAY
Florida,Harvest Sherwoord Food Distributors,OPA LOCKA,02/19/2025,,,,23 | MIAMI-DADE
Florida,Harvest Sherwoord Food Distributors,ORLANDO,02/19/2025,,,,12 | ORANGE
Florida,Orlando Health,ROCKLEDGE,02/21/2025,,,,27 | BREVARD
Florida,Enhance Health LLC,SUNRISE,02/24/2025,,,,22 | BROWARD
Florida,Transportation Operations & Management Solution LLC,ORLANDO,02/25/2025,,,,12 | ORANGE
Florida,The Ritz-Carlton,MIAMI,02/25/2025,,,,23 | MIAMI-DADE
Florida,FirstService Residential,DANIA,02/25/2025,,,,22 | BROWARD
Florida,"Miami Mezze LLC, d/b/a Aba Restaurant",BAL HARBOUR,02/25/2025,,,,23 | MIAMI-DADE
Florida,Sodexo,ROCKLEDGE,02/25/2025,,,,27 | BREVARD
Florida,UPS,HIALEAH,02/26/2025,,,,23 | MIAMI-DADE
Florida,Kindred Hospital East LLC d/b/aTampa Bay Area Hospital,TAMPA,02/28/2025,,,,28 | HILLSBOROUGH
Florida,"Veyer, LLC",ORLANDO,03/03/2025,,,,12 | ORANGE
Florida,Royal Palm South Beach Miami,MIAMI BEACH,03/04/2025,,,,23 | MIAMI-DADE
Florida,Wells Fargo,JACKSONVILLE,03/05/2025,,,,8 | DUVAL
Florida,"Primo Brands, Inc",LAKELAND,03/06/2025,,,,17 | POLK
Florida,"SP+, A Metropolis Company",ORLANDO,03/07/2025,,,,12 | ORANGE
Florida,AT&T,SUNRISE,03/14/2025,,,,22 | BROWARD
Florida,BOEING test,ALFORD,03/14/2025,,,,3 | JACKSON
Florida,BOEING,ALFORD,03/14/2025,,,,3 | JACKSON
Florida,BOEING,ALTAMONTE SPRINGS,03/14/2025,,,,12 | SEMINOLE
Florida,AT&T,ALTOONA,03/14/2025,,,,12 | LAKE
Florida,"SLS South Beach Employer, LLC",MIAMI BEACH,03/17/2025,,,,23 | MIAMI-DADE
Florida,SPOONFUL MANAGEMENT MIAMI LLC,MIAMI BEACH,03/17/2025,,,,23 | MIAMI-DADE
Florida,Wells Fargo,JACKSONVILLE,03/19/2025,,,,8 | DUVAL
Florida,National Distribution Centers LLC,ORLANDO,03/21/2025,,,,12 | ORANGE
Florida,"Cayuga Home for Children, dba Cayuga Centers",FORT LAUDERDALE,03/25/2025,,,,22 | BROWARD
Florida,"Cayuga Home for Children, dba Cayuga Centers",MIAMI BEACH,03/25/2025,,,,23 | MIAMI-DADE
Florida,"Cayuga Home for Children, dba Cayuga Centers",PORT SAINT LUCIE,03/25/2025,,,,20 | SAINT LUCIE
Florida,"Cayuga Home for Children, dba Cayuga Centers",BOYNTON BEACH,03/25/2025,,,,21 | PALM BEACH
Florida,"CSG Systems, Inc",CRAWFORDVILLE,03/26/2025,,,,5 | WAKULLA
Florida,"Interstate Management Company, LLC (""Aim bridge"")",SARASOTA,03/27/2025,,,,18 | SARASOTA
Florida,"HSNi, LLC and HSN, Inc",SAINT PETERSBURG,03/28/2025,,,,28 | PINELLAS
Florida,"FedEx Supply Chain, Inc.",JACKSONVILLE,03/31/2025,,,,8 | DUVAL
Florida,"Pretium Packaging, L.L.C",JACKSONVILLE,03/31/2025,,,,8 | DUVAL
Florida,Merlin Magic Shop,LAKE WALES,04/02/2025,,,,17 | POLK
Florida,"Mandarin Oriental, Miami, FL",MIAMI,04/02/2025,,,,23 | MIAMI-DADE
Florida,Jacksonville Orthopedic Institute,JACKSONVILLE,04/02/2025,,,,8 | DUVAL
Florida,Jacksonville Orthopedic Institute,FLEMING ISLAND,04/02/2025,,,,8 | CLAY
Florida,Jacksonville Orthopedic Institute,JACKSONVILLE,04/02/2025,,,,8 | DUVAL
Florida,Jacksonville Orthopedic Institute,JACKSONVILLE,04/02/2025,,,,8 | DUVAL
Florida,Jacksonville Orthopedic Institute,JACKSONVILLE,04/02/2025,,,,8 | DUVAL
Florida,Jacksonville Orthopedic Institute,JACKSONVILLE,04/02/2025,,,,8 | DUVAL
Florida,Jacksonville Orthopedic Institute,SAINT AUGUSTINE,04/02/2025,,,,8 | SAINT JOHNS
Florida,Jacksonville Orthopedic Institute,JACKSONVILLE,04/02/2025,,,,8 | DUVAL
Florida,Jacksonville Orthopedic Institute,JACKSONVILLE,04/02/2025,,,,8 | DUVAL
Florida,Jacksonville Orthopedic Institute,JACKSONVILLE,04/02/2025,,,,8 | DUVAL
Florida,Jacksonville Orthopedic Institute,JACKSONVILLE,04/02/2025,,,,8 | DUVAL
Florida,"Aramark Campus, LLC",TAMPA,04/09/2025,,,,28 | HILLSBOROUGH
Florida,"Jones Lang LaSalle Americas, Inc. (“JLL”)",ORLANDO,04/15/2025,,,,12 | ORANGE
Florida,"Davis Express, Inc.",STARKE,04/16/2025,,,,26 | BRADFORD
Florida,"Amerant Mortgage, LLC",LAKELAND,04/25/2025,,,,17 | POLK
Florida,"Tampa Sportservice, Inc.",TAMPA,04/25/2025,,,,28 | HILLSBOROUGH
Florida,Center for Family & Child Enrichment,MIAMI GARDENS,04/28/2025,,,,23 | MIAMI-DADE
Florida,Cano Health LLC,CLERMONT,04/29/2025,,,,12 | LAKE
Florida,Cano Health LLC,ORLANDO,04/29/2025,,,,12 | ORANGE
Florida,Cano Health LLC,KISSIMMEE,04/29/2025,,,,12 | OSCEOLA
Florida,Cano Health LLC,SAINT CLOUD,04/29/2025,,,,12 | OSCEOLA
Florida,Thermo Fisher Scientific,ORLANDO,04/30/2025,,,,12 | ORANGE
Florida,ERMC Aviation Services,FORT LAUDERDALE,05/01/2025,,,,22 | BROWARD
Florida,C&S Wholesale Services,BALDWIN,05/01/2025,,,,8 | DUVAL
Florida,ABM Industries,ORLANDO,05/01/2025,,,,12 | ORANGE
Florida,Northern Air Cargo LLC,MIAMI,05/02/2025,,,,23 | MIAMI-DADE
Florida,S&S Activewear,POMPANO BEACH,05/02/2025,,,,22 | BROWARD
Florida,"Institute for Intergovernmental Research, Inc",TALLAHASSEE,05/08/2025,,,,5 | LEON
Florida,"GroundGame.Health, Inc.",TAMPA,05/14/2025,,,,28 | HILLSBOROUGH
Florida,"HSNi, LLC and HSN, Inc",SAINT PETERSBURG,05/14/2025,,,,28 | PINELLAS
Florida,Technology Partner,MIAMI GARDENS,05/15/2025,,,,23 | MIAMI-DADE
Florida,"Panera, LLC",ORLANDO,05/16/2025,,,,12 | ORANGE
Florida,1 2 3 4 5 >,1 2 3 4 5 >,1 2 3 4 5 >,,,,1 2 3 4 5 > | 1 2 3 4 5 >
Georgia,AGCO Corporation,,01/07/2025,,3,,GA202400064
Georgia,Packaging Corporation of America,,01/09/2025,,103,,GA202400065
Georgia,Networx Systems Inc,,01/24/2025,,51,,GA202400067
Georgia,Rambo 1 LLC,,01/29/2025,,135,,GA202400068
Georgia,"Exel, Inc.",,02/03/2025,,614,,GA202400070
Georgia,"Radial, Inc.",,02/04/2025,,164,,GA202400071
Georgia,"Hi-Rez Studios, Inc.",,02/04/2025,,69,,GA202400072
Georgia,"Integrated Health Resources, LLC",,02/06/2025,,105,,GA202400073
Georgia,"American Anesthesiology of Georgia, LLC",,02/20/2025,,224,,GA202400077
Georgia,Rent Group Inc.,,02/24/2025,,56,,GA202400078
Georgia,Harvest Sherwood Food Distributors,,03/04/2025,,113,,GA202400076
Georgia,"Bailey Street Bakery, LLC",,03/04/2025,,176,,GA202400075
Georgia,Animal Supply Company LLC,,03/04/2025,,57,,GA202400074
Georgia,Archway Marketing Services Inc.,,03/05/2025,,60,,GA202400069
Georgia,Macy's Gwinnett Place,,03/05/2025,,62,,GA202400066
Georgia,"National Distribution Centers, LLC",,03/11/2025,,90,,GA202400079
Georgia,Greif Inc,,03/11/2025,,61,,GA202400080
Georgia,"Danimer Scientific Holdings, LLC",,03/14/2025,,82,,GA202400081
Georgia,Essendant,,03/20/2025,,64,,GA202400082
Georgia,"Block, Inc.",,03/25/2025,,49,,GA202400083
Georgia,"Piedmont Athens Regional Medical Center, Inc.",,04/02/2025,,95,,GA202400084
Georgia,Saddle Creek Logistics Services,,04/02/2025,,73,,GA202400085
Georgia,United States Cellular Corporation,,04/07/2025,,4100,,GA202400086
Georgia,"Davis Express, Inc.",,04/16/2025,,163,,GA202400087
Georgia,"CoStar Realty Information, Inc.",,04/18/2025,,84,,GA202400088
Georgia,"Atco Rubber Products, Inc.",,05/02/2025,,124,,GA202400089
Georgia,"Georgia-Pacific, LLC",,05/14/2025,,535,,GA202400090
Georgia,WIOSS Atlanta LP,,05/15/2025,,53,,GA202400091
Georgia,FedEx Supply Chain Inc's,,05/16/2025,,383,,GA202400092
Georgia,"NexTraq, LLC",,05/21/2025,,39,,GA202400094
Georgia,TransAxle LLC,,05/23/2025,,209,,GA202400093
Georgia,Target Corporation,,06/12/2025,,62,,GA202400096
Georgia,"BLST Operating Company, LLC",,06/23/2025,,160,,GA202400097
Georgia,Wellpath,,06/23/2025,,68,,GA202400098
Georgia,"IG Design Group Americas, Inc.",,06/27/2025,,53,,GA202400099
Georgia,"Kelly Services, Inc.",,06/30/2025,,973,,GA202400100
Georgia,"Pourlessoins, LLC",,07/02/2025,,8,,GA202500002
Georgia,Hyatt Corporation,,07/03/2025,,102,,GA202500001
Georgia,Americold Logistics,,07/03/2025,,110,,GA202500003
Georgia,"GSC Transport, Inc",,07/10/2025,,4,,GA202500006
Georgia,"Quality Built, LLC",,07/14/2025,,4,,GA202500004
Georgia,"Whitepath Fab Tech, Inc",,07/14/2025,,42,,GA202500005
Georgia,"Backyard PlayNation, LLC",,07/16/2025,,66,,GA202500007
Georgia,Americold Logistics,,07/18/2025,,36,,GA202500008
Georgia,Community Development Institute Head Start,,07/30/2025,,77,,GA202500011
Georgia,Yamaha Motor Manufacturing Corporation,,07/30/2025,,160,,GA202500012
Georgia,Americold Logistics,,07/31/2025,,12,,GA202500013
Georgia,"Unifi Aviation, LLC",,08/05/2025,,379,,GA202500014
Georgia,Americold Logistics,,08/07/2025,,5,,GA202500015
Georgia,Block Inc,,08/12/2025,,4,,GA202500016
Georgia,"Kinder Morgan, Inc.",,08/14/2025,,42,,GA202500017
Georgia,"United Surface Solutions, LLC",,08/14/2025,,112,,GA202500018
Georgia,FreshRealm,,08/15/2025,,75,,GA202500019
Georgia,Soli Organic Inc.,,08/15/2025,,128,,GA202500020
Georgia,International Paper,,08/21/2025,,101,,GA202500022
Georgia,International Paper Savannah Mill,,08/21/2025,,691,,GA202500023
Georgia,"Newport Timber, LLC",,08/21/2025,,13,,GA202500024
Georgia,"RB Lumber Company, LLC",,08/21/2025,,68,,GA202500026
Georgia,Interstate Paper LLC,,08/21/2025,,220,,GA202500025
Georgia,Hormel Foods Corporation,,08/25/2025,,135,,GA202500027
Georgia,J.B. Hunt Transport Inc.,,08/26/2025,,74,,GA202500028
Georgia,"APL Logistics Warehouse Management Services, Inc.",,08/27/2025,,118,,GA202500029
Georgia,"Country Home Bakers, LLC",,08/28/2025,,164,,GA202500030
Georgia,Americold Logistics,,08/28/2025,,3,,GA202500031
Georgia,Global Resource International/ Alleset INC.,,09/09/2025,,41,,GA202500032
Georgia,Spirit Airlines LLC,,09/24/2025,,334,,GA202500033
Georgia,"CoStar Realty Realty Information, Inc",,10/02/2025,,6,,GA202500034
Georgia,Americold Logistics,,10/02/2025,,4,,GA202500035
Georgia,"Augusta Sportswear, Inc",,10/07/2025,,93,,GA202500038
Georgia,"Nichiha USA, Inc",,10/09/2025,,171,,GA202500036
Georgia,Comcast,,10/15/2025,,240,,GA202500039
Georgia,RATP Dev USA Inc,,10/22/2025,,80,,GA202500040
Georgia,Saddle Creek Logistics Services,,10/27/2025,,128,,GA202500043
Georgia,"Mannington Mills, Inc.",,10/29/2025,,211,,GA202500045
Georgia,The William Carter Company,,10/30/2025,,189,,GA202500046
Georgia,"Integrated Health Resources, LLC",,10/31/2025,,107,,GA202500047
Georgia,"West Fraser, Inc.",,11/06/2025,,130,,GA202500050
Georgia,"Lehigh Technologies, Inc.",,11/10/2025,,55,,GA202500049
Georgia,Smurfit Westrock,,11/10/2025,,55,,GA202500048
Georgia,General Motors LLC,,11/10/2025,,325,,GA202500044
Georgia,"SimplyIOA, LLC",,11/10/2025,,65,,GA202500041
Georgia,"Baker & Taylor, LLC",,11/10/2025,,289,,GA202500037
Georgia,CoStar Group,,11/11/2025,,3,,GA202500051
Georgia,"SDH Service East,LLC",,11/14/2025,,67,,GA202500052
Georgia,"SDH Services EAST,LLC",,11/14/2025,,120,,GA202500053
Georgia,Urology Center of Columbus,,11/26/2025,,32,,GA202500055
Georgia,"Quad/Graphics, Inc.",,12/16/2025,,241,,GA202500057
Georgia,Comprehensive Logistics,,12/17/2025,,105,,GA202500058
Georgia,Gainesville Jaycees Vocational Rehabilitation Center,,12/22/2025,,19,,GA202500059
Georgia,"Railcrew Xpress, LLC",,12/22/2025,,55,,GA202500060
Georgia,The Coca-Cola Company,,12/30/2025,,75,,GA202500061
Georgia,Chemours,,01/05/2026,,54,,GA202500062
Georgia,"GXO Logistics Worldwide, LLC",,01/20/2026,,85,,GA202500066
Georgia,TTEC Services Corporation,,01/26/2026,,169,,GA202500067
Georgia,"TelaForce, LLC",,01/28/2026,,73,,GA202500065
Georgia,"S&S Activewear, LLC",,01/28/2026,,114,,GA202500056
Georgia,"Zeco Systems, Inc",,01/28/2026,,3,,GA202500021
Georgia,Kuehne-Nagel,,01/28/2026,,153,,GA202500068
Georgia,"Home Depot U.S.A, Inc.",,01/28/2026,,797,,GA202500069
Georgia,"Waddington North America, Inc. a Novolex entity",,01/28/2026,,49,,GA202500070
Georgia,"Continental Tire the Americas, LLC’s",,01/30/2026,,235,,GA202500071
Georgia,TLC of Georgia LLC,,01/31/2026,,78,,GA202500072
Georgia,KIPP Atlanta Schools,,02/04/2026,,122,,GA202500074
Georgia,"GMRI, Inc.",,02/05/2026,,78,,GA202500073
Georgia,Sumitomo Mitsui Banking Corporation,,02/05/2026,,3,,GA202500064
Georgia,"Tessera Therapeutics, Inc",,02/05/2026,,1,,GA202500063
Georgia,Big Tex Trailer Manufacturing LLC,,02/05/2026,,100,,GA202500054
Georgia,Aludyne Inc,,02/05/2026,,341,,GA202500010
Georgia,Liberty Dental Plan Corporation,,02/05/2026,,1,,GA202500075
Georgia,"WWL Vehicle Services Americas, Inc.",,02/09/2026,,65,,GA202500077
Georgia,Moove Cars Mobility Usa Corp,,02/10/2026,,83,,GA202500078
Georgia,"Impact Outsourcing Solutions VI, LLC",,02/13/2026,,76,,GA202500080
Georgia,Main Street Sports Group,,02/16/2026,,74,,GA202500081
Georgia,"ION Media Networks, Inc.",,02/16/2026,,53,,GA202500079
Georgia,IPIC Theaters LLC,,02/25/2026,,163,,GA202500082
Georgia,"MarketSource, Inc.",,02/26/2026,,57,,GA202500083
Georgia,"SK Battery America, Inc.",,03/06/2026,,958,,GA202500084
Georgia,C2 Technologies,,03/11/2026,,1,,GA202500086
Georgia,KPR US LLC,,03/11/2026,,213,,GA202500087
Georgia,The Hillshire Brands Company,,03/26/2026,,168,,GA202500089
Georgia,"Astemo Americas, Inc",,03/27/2026,,60,,GA202500090
Georgia,"Parsec, LLC",,03/31/2026,,179,,GA202500085
Georgia,Accenture,,03/31/2026,,54,,GA202500088
Georgia,Thrive SMP LLC,,03/31/2026,,497,,GA202500091
Georgia,Tri-Starr Management Services,,04/01/2026,,15,,GA202500092
Georgia,"SDH Education East, LLC",,04/09/2026,,74,,GA202500093
Georgia,SKF USA INC,,04/23/2026,,40,,GA202500094
Georgia,"Bridgestone Golf, Inc.",,05/01/2026,,84,,GA202500095
Georgia,Milliken & Company,,05/05/2026,,81,,GA202500098
Georgia,"MarketSource, Inc.",,05/05/2026,,51,,GA202500099
Georgia,Jacuzzi Inc.,,05/12/2026,,110,,GA202500100
Georgia,"Bitcoin Depot Operating, LLC",,05/18/2026,,109,,GA202500101
Georgia,"Inalfa Roof Systems, Inc",,05/19/2026,,127,,GA202500102
Hawaii,JINYA Hawaii. inc. (dba JINYA Ramen Bar – Honolulu),,12/15/2025,,,,
Hawaii,5 Minute Pharmacy LLC,,12/11/2025,,,,
Hawaii,Autocraft Hawaii LLC,,12/01/2025,,,,
Hawaii,Zetton Inc. (dba Camado Ramen Tavern),,11/26/2025,,,,
Hawaii,Queen’s Medical Center Pathology Operations,,11/18/2025,,,,
Hawaii,Paradise Cove Luau,,10/29/2025,,,,
Hawaii,Panda Restaurant Group (Raising Cane’s),,10/03/2025,,,,
Hawaii,Pulama Lanai (Rock & Concrete Operations),,09/22/2025,,,,
Hawaii,Monsanto Technology LLC,,09/10/2025,,,,
Hawaii,Watabe Wedding Corp (Follow-up to November 2024 WARN),,08/21/2025,,,,
Hawaii,Parts Center Hawaii,,08/18/2025,,,,
Hawaii,Polynesian Cultural Center,,08/08/2025,,,,
Hawaii,Claire’s,,08/04/2025,,,,
Hawaii,Project Vision,,07/25/2025,,,,
Hawaii,Hawaiian Airlines (Alaska Airlines),,07/16/2025,,,,
Hawaii,Hawaii Homeless Healthcare Hui,,07/08/2025,,,,
Hawaii,Zetton Inc. (Aloha Table),,06/13/2025,,,,
Hawaii,"Entertainment America, Inc. (Chuck E. Cheese – Pearl City Location)",,06/09/2025,,,,
Hawaii,Watabe Wedding Corporation (Farmer’s Market Operation),,06/09/2025,,,,
Hawaii,Management & Training Corporation (Hawaii Job Corps Center),,06/02/2025,,,,
Hawaii,Oshkosh Airport Services,,05/08/2025,,,,
Hawaii,"Ocean Investments, LLC (53 By The Sea, Terrace By The Sea, & related wedding services)",,04/24/2025,,,,
Hawaii,"C&S Family of Companies (Second WARN Notice – Hawaii Logistics LLC, Hawaiian Housewares LLC, C&S Wholesale Grocers LLC)",,03/13/2025,,,,
Hawaii,Project Vision,,02/21/2025,,,,
Hawaii,"Ginshari, Inc. – KuruKuru Sushi",,02/07/2025,,,,
Hawaii,Territorial Savings Bank,,02/07/2025,,,,
Hawaii,Aqua Hotels & Resorts – Aqua Skyline at Island Colony (Hotel),,02/05/2025,,,,
Hawaii,Hawaiian Ice,,01/23/2025,,,,
Hawaii,Alaska Airlines,,01/22/2025,,,,
Hawaii,Lahaina Petroleum,,01/02/2025,,,,
Hawaii,"C&S Family of Companies (Hawaii Logistics LLC, Hawaiian Housewares LLC, C&S Wholesale Grocers LLC)",,01/08/2025,,,,
Hawaii,Pharmerica,,05/07/2026,,,,
Hawaii,"Conditional WARN – Republic National Distributing Company, LLC (RNDC)",,04/23/2026,,,,
Hawaii,The Odom Corporation,,03/17/2026,,,,
Hawaii,Saks & Company LLC,,03/17/2026,,,,
Hawaii,Cotti Foods Pizza Hawaii Inc. (dba Pieology Pizzeria),,03/09/2026,,,,
Hawaii,"Kauai Coffee Company, LLC (Additional Notice – Supplement to January 12, 2026 WARN) – (WARN Rescinded – May 1, 2026)",,03/06/2026,,,,
Hawaii,Alaska Airlines (Hawaiian Airlines),,02/27/2026,,,,
Hawaii,"Honolulu Roofing Company, Inc.",,02/23/2026,,,,
Hawaii,"UPDATE – DFS Group L.P. (update to previous WARN – “January 8, 2026 – DFS Group L.P.”)",,01/26/2026,,,,
Hawaii,Wolfgang’s Steakhouse (Maui),,01/21/2026,,,,
Hawaii,"Kauai Coffee Company, LLC (WARN Rescinded – May 1, 2026)",,01/12/2026,,,,
Hawaii,DFS Group L.P.,,01/08/2026,,,,
Idaho,Idahoan Foods,Rupert,04/21/2026,06/26/2026,61,,received 4/21/2026
Idaho,Intermountain Packing,Idaho Falls,04/06/2026,04/03/2026,150,,received 4/6/2026
Idaho,LA Semiconductor LLC,Pocatello,02/09/2026,4/10/2026 5/1/2026 5/31/2026,342,,received 2/9/2026 revised 2/18/2026 revised 4/7/2026 revised 4/24/26
Idaho,"Hearthside Food Solutions, LLC dba Maker's Pride",Boise,01/28/2026,02/26/2026,51,,received 1/28/2026
Idaho,PacificSource,Boise,10/24/2025,12/31/2025,42,,received 10/29/2025
Idaho,N.A. Degerstrom,Soda Springs,09/05/2025,11/10/2025,113,,
Idaho,"Exyte U.S., Inc.",Boise,09/02/2025,09/02/2025,201,,received 10/2/2025
Idaho,Inspiro,Coeur d'Alene,08/01/2025,09/30/2025,100,,
Idaho,"Transit Management of Ada County, Inc.",Boise,07/31/2025,09/30/2025,111,,
Idaho,"Transit Management of Canyon County, Inc.",Caldwell,07/31/2025,09/30/2025,28,,
Idaho,"Quality Built, LLC",Fort Lauderdale,07/07/2025,07/03/2025,1,,
Idaho,"Sunshine Minting, Inc.",Coeur d'Alene,06/26/2025,07/02/2025,72,,
Idaho,Management & Training Corporation - Centennial Job Corps Center,Nampa,06/03/2025,06/30/2025,75,,
Idaho,"Accelerate360 Distribution, LLC - Dakota Merchandising Remote Work Unit",Sioux Falls,04/25/2025,06/28/2025,324 (32 in ID),,
Idaho,Saia LTL Freight,Meridian,04/08/2025,06/16/2025,78,,
Idaho,Super T Transport,Idaho Falls,04/02/2025,05/31/2025,10,,
Idaho,Blue Cross of Idaho,Meridian,03/27/2025,06/06/2025,135,,
Indiana,"Eclipse Advantage, LLC",Whitestown,05/19/2026,07/18/2026,21,CL,7/18/2026 | Other Warehousing and Storage
Indiana,CICOA Aging & In-Home Solutions,Indianapolis,04/30/2026,05/15/2026,90,LO,62 | Health Care and Social Assistance
Indiana,Cummins Inc,Whitestown,05/01/2026,07/31/2020,59,CL,333618 | Other Engine Equipment Manufacturing
Indiana,"Oakland City University, Inc",Oakland City,04/01/2026,06/01/2026,167,LO,61 | Educational Services
Indiana,RESRG Automotive,Evansville,04/14/2026,06/06/2026,266,CL,336110 | Automotive Manufacturing
Indiana,"WIT Logistics, LLC",Plainfield,03/13/2026,05/31/2026,65,CL,"541614 | Process, Physical Distribution, and Logistics Consulting Services"
Indiana,Kem Krest LLC,Carmel,03/10/2026,08/31/2026,77,CL,48-49 | Transportation and Warehousing
Indiana,"First Brands Group, LLC",Jasper,02/27/2026,04/30/2026,345,CL,31-33 | Manufacturing
Indiana,"First Brands Group, LLC",Logansport,02/27/2026,04/30/2026,38,CL,31-33 | Manufacturing
Indiana,"Grouper Acquisition Company, LLC, dba Shiloh Industries, Inc",Goshen,02/02/2026,03/31/2026,172,CL,336370 | Motor Vehicle Metal Stamping
Indiana,National Distribution Centers,Lebanon,01/30/2026,04/03/2026,53,CL,48-49 | Manufacturing and Warehousing
Indiana,"Inari Agriculture, Inc.",West Lafayette,01/20/2026,01/20/2026,64,LO,"11 | Agriculture, Forestry, Fishing, and Hunting"
Indiana,Margaret Mary Community Hospital (dba Margaret Mary Health),Batesville,01/13/2026,03/02/2026,55,TR,622 | Hospitals
Indiana,Wabash,Goshen,01/05/2026,03/06/2026,144,CL,48-49 | Transportation and Warehousing
Indiana,Dalton Corporation,Warsaw,12/29/2025,02/27/2026,257,CL,31-33 | Manufacturing
Indiana,AAR Aircraft Services,Indianapolis,12/23/2025,02/15/2026,329,CL,31-33 | Manufacturing
Indiana,Spartech LLC,Muncie,12/12/2025,12/23/2025,125,CL,325211 | Plastics Material and Resin Manufacturing
Indiana,FreshRealm,Indianapolis,12/02/2025,01/31/2026,168,CL,72 | Accommodation and Food Services
Indiana,Kloeckner Metals,Indianapolis,11/18/2025,01/20/2026,54,LO,423510 | Metal Service Centers and Other Metal Merchant Wholesalers
Indiana,MDWise,Indianapolis,11/13/2025,01/16/2026,238,CL,5241 | Insurance Carriers
Indiana,"JMS Engineered Plastics, Inc.",South Bend,10/29/2025,10/29/2025,49,LO,326199 | All Other Plastics Product Manufacturing
Indiana,"Freudenberg Residential Filtration Technologies, Inc.",LaPorte,10/06/2025,12/05/2025,173,CL,31-33 | Manufacturing
Indiana,"GT Industries, Inc.",North Vernon,09/29/2025,12/01/2025,95,LO,336370 | Motor Vehicle Metal Stamping
Indiana,Raydia Food Group,"Bloomington, Mishawaka, South Bend",09/19/2025,11/26/2025,200,CL,445 | Food and Beverage Retailers
Indiana,Perdue Foods LLC,Washington,09/03/2025,11/02/2025,293,LO,311615 | Poultry Processing
Indiana,"Thermal Structures, Inc.",Plainfield,08/25/2025,"11/24/2025 – 11/26/2025, 12/29/2025 – 12/30/2025",155,CL (Holiday),336390 | Other Motor Vehicle Parts Manufacturing
Indiana,"National Distribution Centers, LLC & NFI Interactive Logistics, LLC",Lebanon,08/13/2025,10/18/2025,79,CL,48-49 | Transportation and Warehousing
Indiana,Navient Solutions LLC,Fishers,08/04/2025,10/03/2025,128,L/O,52 | Finance and Insurance
Indiana,ASM Global/ Old National Event Plaza,Evansville,08/01/2025,09/01/2025,248,TR,"71 | Arts, Entertainment, and Recreation"
Indiana,"Shine Early Learning, Inc",Fishers,08/05/2025,10/01/2025,57,LO,624110 | Child Care Services
Indiana,Target Corp. Distribution Center,Indianapolis,08/05/2025,09/19/2025,201,CL,48-49 | Transportation and Warehousing
Indiana,Community Development Institute Head Start,Richmond,07/31/2025,09/30/2025,65,CL,624110 | Child Care Services
Indiana,Columbus Regional Health,Columbus,06/24/2025,08/23/2025,50,CL,62199900 | All Other Miscellaneous Ambulatory Health Care Services
Indiana,General Aluminum,Huntington,08/29/2025,12/14/2025,62,CL,331524 | Aluminum Foundries (except Die-Casting)
Indiana,"Hoffmaster Group, Inc",Fort Wayne,05/13/2025,11/07/2025,53,CL,322 | Paper Manufacturing
Indiana,NFI Industries,Crown Point,05/02/2025,07/25/2025,78,CL,493 | Warehousing and Storage
Indiana,SSC Services for Education dba South Bend School District,South Bend,04/23/2025,06/30/2025,203,CL,611 | Education Services
Indiana,SSC Services for Education dba Muncie Community Schools,Muncie,04/23/2025,06/30/2025,58,CL,611 | Education Services
Indiana,"DRV, LLC",Howe,04/21/2025,06/20/2025,51,CL,44121000 | Recreational Vehicle Dealers
Indiana,Cruiser RV,Howe,04/21/2025,06/20/2025,251,CL,3362 | Motor Vehicle Body and Trailer Manufacturing
Indiana,"Heartland Recreational Vehicles, LLC",Elkhart,04/21/2025,06/20/2025,147,CL,336214 | Travel Trailer and Camper Manufacturing
Indiana,Nachi Technology Inc (NTI),Greenwood,03/19/2025,12/31/2025,72,CL,33221600 | Saw Blade and Hand tool Manufacturing
Indiana,RR Donnelley,Seymour,03/04/2025,05/03/2025,96,CL,541860 | Direct Mail Advertising
Indiana,ABM,Indianapolis,02/28/2025,04/30/2025,77,CL,561720 | Janitorial Services
Indiana,Jack Cooper Transport Company,Roanoke,02/08/2025,02/08/2025,251,CL,"484230 | Specialized Freight (except Used Goods) Trucking, Long-Distance"
Indiana,US Arconic LLC Revised (3/27/25),Lafayette,02/05/2025,06/07/2025,80,CL,"331315 | Aluminum Sheet, Plate, and Foil Manufacturing"
Indiana,Phoenix Financial Services,Fishers,01/24/2025,12/31/2024,94,CL,561440 | Collection Agencies
Indiana,Resident Home,Jeffersonville,01/15/2025,03/16/2025,106,CL,337910 | Mattress Manufacturing
Indiana,"DFA Dairy Brands Ice Cream, LLC-Revised (9/15/21)",Decatur,N/A,N/A,N/A,N/A,N/A | N/A
Indiana,"Steel Parts Manufacturing, Inc.-Revised (7/22/21)",Tipton,N/A,N/A,N/A,N/A,N/A | N/A
Indiana,Bell Techlogix-Revised (11/9/20),Plainfield,N/A,N/A,N/A,N/A,N/A | N/A
Indiana,Metaldyne BSM LLC - AAM Fremont Manufacturing Facility-Revised (12/17/20),Fremont,N/A,N/A,N/A,N/A,N/A | N/A
Indiana,"Regal Beloit America, Inc.-Revised (7/27/21)",Valparaiso,N/A,N/A,N/A,N/A,N/A | N/A
Indiana,"Regal Beloit America, Inc.-Revised (9/13/21)",Valparaiso,N/A,N/A,N/A,N/A,N/A | N/A
Indiana,"United Airlines, Inc.-Revised (7/31/20)",Indianapolis,N/A,N/A,N/A,N/A,N/A | N/A
Indiana,White Lodging Services Corporation dba JW Indianapolis-Revised (8/31/20),Indianapolis,N/A,N/A,N/A,N/A,N/A | N/A
Indiana,White Lodging Services Corporation dba Marriot Indianapolis-Revised (8/31/20),Indianapolis,N/A,N/A,N/A,N/A,N/A | N/A
Indiana,Hollywood Casino Lawrenceburg-Revised (8/19/20),Lawrenceburg,N/A,N/A,N/A,N/A,N/A | N/A
Indiana,Ameristar Casino Hotel East Chicago-Revised (7/16/20),East Chicago,N/A,N/A,N/A,N/A,N/A | N/A
Indiana,Ameristar Casino Hotel East Chicago-Revised (9/15/20),East Chicago,N/A,N/A,N/A,N/A,N/A | N/A
Indiana,Vitro Automotive / Pittsburgh Glass Works-Revised (8/6/20),Evansville,N/A,N/A,N/A,N/A,N/A | N/A
Indiana,The Westin Hotel Indianapolis-Revised (9/9/20),Indianapolis,N/A,N/A,N/A,N/A,N/A | N/A
Indiana,Exide Technologies-Revised (7/29/20),Muncie,N/A,N/A,N/A,N/A,N/A | N/A
Indiana,White Lodging Services Corporation-Revised (7/8/20),Merrillville,N/A,N/A,N/A,N/A,N/A | N/A
Indiana,"Allison Transmission, Inc. Revised (5/21/20)",Indianapolis,N/A,N/A,N/A,N/A,N/A | N/A
Indiana,"Allison Transmission, Inc. Revised (6/4/20)",Indianapolis,N/A,N/A,N/A,N/A,N/A | N/A
Indiana,ArcelorMittal USA dba ArcelorMittal Indiana Harbor Revised (4/27/20),East Chicago,N/A,N/A,N/A,N/A,N/A | N/A
Indiana,ArcelorMittal USA dba ArcelorMittal Indiana Harbor Revised (5/28/20),East Chicago,N/A,N/A,N/A,N/A,N/A | N/A
Indiana,ArcelorMittal USA dba ArcelorMittal Indiana Harbor Revised (7/28/20),East Chicago,N/A,N/A,N/A,N/A,N/A | N/A
Indiana,Flex-N-Gate Corporation Revised (6/24/20),Covington,N/A,N/A,N/A,N/A,N/A | N/A
Indiana,"ArcelorMittal USA, LLC dba ArcelorMittal Burns Harbor Revised (4/21/20)",Burns Harbor,N/A,N/A,N/A,N/A,N/A | N/A
Indiana,"ArcelorMittal USA, LLC dba ArcelorMittal Burns Harbor Revised (4/29/20)",Burns Harbor,N/A,N/A,N/A,N/A,N/A | N/A
Indiana,"ArcelorMittal USA, LLC dba ArcelorMittal Burns Harbor Revised (7/29/20)",Burns Harbor,N/A,N/A,N/A,N/A,N/A | N/A
Indiana,"Jim’s Formal Wear, LLC Revised (5/27/20)",Anderson,N/A,N/A,N/A,N/A,N/A | N/A
Indiana,"Asbury Automotive Group Revised (Doc 1, Doc 2, Doc 3, Doc 4, Doc 5, & Doc 6)","Avon, Brownsburg, Indianapolis, Lebanon and Noblesville",N/A,N/A,N/A,N/A,N/A | N/A
Indiana,ZF Active Safety & Electronics US LLC Revised (4/17/20),Lafayette,N/A,N/A,N/A,N/A,N/A | N/A
Indiana,"Modex Global (Formerly Busche Performance Group, Inc.)-Revised (4/28/20)","Albion, Avilla & Franklin",N/A,N/A,N/A,N/A,N/A | N/A
Indiana,"Modex Global (Formerly Busche Performance Group, Inc.) -Revised (9/15/20)","Albion, Avilla & Franklin",N/A,N/A,N/A,N/A,N/A | N/A
Indiana,BWI Group-Revised (6/15/20),Greenfield,N/A,N/A,N/A,N/A,N/A | N/A
Indiana,"Image One, LLC-Revised (4/15/20)",McCordsville,N/A,N/A,N/A,N/A,N/A | N/A
Indiana,Hilton Garden Inn South Bend-Revised (6/15/20),South Bend,N/A,N/A,N/A,N/A,N/A | N/A
Indiana,Double Tree by Hilton South Bend-Revised (3/26/20 Notice & Positions),South Bend,N/A,N/A,N/A,N/A,N/A | N/A
Indiana,Double Tree by Hilton South Bend-Revised (5/7/20 Notice & Positions),South Bend,N/A,N/A,N/A,N/A,N/A | N/A
Indiana,Double Tree by Hilton South Bend-Revised (5/21/20),South Bend,N/A,N/A,N/A,N/A,N/A | N/A
Indiana,Indianapolis Marriott East-Revised (5/27/20),Indianapolis,N/A,N/A,N/A,N/A,N/A | N/A
Indiana,Double Tree Evansville-Revised (5/27/20),Evansville,N/A,N/A,N/A,N/A,N/A | N/A
Indiana,Le Meridien Indianapolis-Revised (6/10/20),Indianapolis,N/A,N/A,N/A,N/A,N/A | N/A
Indiana,Sheraton Indianapolis at Keystone Crossing-Revised (5/27/20),Indianapolis,N/A,N/A,N/A,N/A,N/A | N/A
Indiana,Stanley Black & Decker-Revised (2/10/20),Greenfield,N/A,N/A,N/A,N/A,N/A | N/A
Indiana,Stanley Black & Decker-Revised (8/19/20),Greenfield,N/A,N/A,N/A,N/A,N/A | N/A
Indiana,United States Steel Corporation-Revised (10/7/19),East Chicago,N/A,N/A,N/A,N/A,N/A | N/A
Indiana,"Nestle USA, Inc.-Revised (8/23/19)",Fort Wayne,N/A,N/A,N/A,N/A,N/A | N/A
Indiana,"Peabody Indiana Services, LLC-Revised (9/30/19)",Oakland City,N/A,N/A,N/A,N/A,N/A | N/A
Indiana,"Peabody Indiana Services, LLC-Revised (12/27/19)",Oakland City,N/A,N/A,N/A,N/A,N/A | N/A
Indiana,"Peabody Indiana Services, LLC-Revised (12/27/19)",Oakland City,N/A,N/A,N/A,N/A,N/A | N/A
Indiana,"Peabody Indiana Services, LLC-Revised (3/31/20: Doc 1 & Doc 2)",Oakland City,N/A,N/A,N/A,N/A,N/A | N/A
Indiana,"Peabody Indiana Services, LLC-Revised (6/24/20: Doc 1 & Doc 2)",Oakland City,N/A,N/A,N/A,N/A,N/A | N/A
Indiana,"NIBCO, Inc.-Revised (5/24/19)",Charlestown,N/A,N/A,N/A,N/A,N/A | N/A
Indiana,"NIBCO, Inc.-Revised (6/7/19)",Charlestown,N/A,N/A,N/A,N/A,N/A | N/A
Indiana,"NIBCO, Inc.-Revised (6/21/19)",Charlestown,N/A,N/A,N/A,N/A,N/A | N/A
Indiana,"NIBCO, Inc.-Revised (6/28/19)",Charlestown,N/A,N/A,N/A,N/A,N/A | N/A
Indiana,"NIBCO, Inc.-Revised (7/26/19)",Charlestown,N/A,N/A,N/A,N/A,N/A | N/A
Indiana,"NIBCO, Inc.-Revised (8/9/19)",Charlestown,N/A,N/A,N/A,N/A,N/A | N/A
Indiana,"NIBCO, Inc.-Revised (8/15/19)",Charlestown,N/A,N/A,N/A,N/A,N/A | N/A
Indiana,"NIBCO, Inc.-Revised (8/29/19)",Charlestown,N/A,N/A,N/A,N/A,N/A | N/A
Indiana,"NIBCO, Inc.-Revised (9/13/19)",Charlestown,N/A,N/A,N/A,N/A,N/A | N/A
Indiana,"NIBCO, Inc.-Revised (10/10/19)",Charlestown,N/A,N/A,N/A,N/A,N/A | N/A
Indiana,"NIBCO, Inc.-Revised (11/1/19)",Charlestown,N/A,N/A,N/A,N/A,N/A | N/A
Indiana,Schneider Electric-Revised (6/25/19),Peru,N/A,N/A,N/A,N/A,N/A | N/A
Indiana,Schneider Electric-Revised (7/31/19),Peru,N/A,N/A,N/A,N/A,N/A | N/A
Indiana,Schneider Electric-Revised (8/29/19),Peru,N/A,N/A,N/A,N/A,N/A | N/A
Indiana,Schneider Electric-Revised (9/23/19),Peru,N/A,N/A,N/A,N/A,N/A | N/A
Indiana,Schneider Electric-Revised (10/28/19),Peru,N/A,N/A,N/A,N/A,N/A | N/A
Indiana,Schneider Electric-Revised (12/27/19),Peru,N/A,N/A,N/A,N/A,N/A | N/A
Indiana,Schneider Electric-Revised (1/28/20),Peru,N/A,N/A,N/A,N/A,N/A | N/A
Indiana,Schneider Electric-Revised (2/24/20),Peru,N/A,N/A,N/A,N/A,N/A | N/A
Indiana,Matthews International Corporation-Revised (6/14/19),Richmond,N/A,N/A,N/A,N/A,N/A | N/A
Indiana,"Deufol Sunman, Inc.-Revised (5/2/19)",Sunman,N/A,N/A,N/A,N/A,N/A | N/A
Indiana,"Deufol Sunman, Inc.-Revised (6/27/19)",Sunman,N/A,N/A,N/A,N/A,N/A | N/A
Indiana,"Deufol Sunman, Inc.-Revised (8/2/19)",Sunman,N/A,N/A,N/A,N/A,N/A | N/A
Indiana,"Deufol Sunman, Inc.-Revised (8/9/19)",Sunman,N/A,N/A,N/A,N/A,N/A | N/A
Indiana,DJO Global-Revised (7/26/18),Plainfield,N/A,N/A,N/A,N/A,N/A | N/A
Indiana,DJO Global-Revised (8/23/18),Plainfield,N/A,N/A,N/A,N/A,N/A | N/A
Indiana,DJO Global-Revised (10/5/18),Plainfield,N/A,N/A,N/A,N/A,N/A | N/A
Indiana,Janesville Acoustics-Revised (2/12/18),Richmond,N/A,N/A,N/A,N/A,N/A | N/A
Indiana,Janesville Acoustics-Revised (5/30/18),Richmond,N/A,N/A,N/A,N/A,N/A | N/A
Indiana,Harman International Industries- Revised (11/22/17),Elkhart,N/A,N/A,N/A,N/A,N/A | N/A
Indiana,Harman International Industries- Revised (4/20/18),Elkhart,N/A,N/A,N/A,N/A,N/A | N/A
Indiana,"Bay Valley Foods LLC, Tree House Foods- Revised (9/19/17)",Plymouth,N/A,N/A,N/A,N/A,N/A | N/A
Indiana,"Deufol Sunman, Inc-Revised 9/29/17",Sunman,N/A,N/A,N/A,N/A,N/A | N/A
Indiana,White's Residential and Family Services-Revised (7/27/17),Wheatfield,N/A,N/A,N/A,N/A,N/A | N/A
Indiana,White's Residential and Family Services-Revised (10/24/17),Wheatfield,N/A,N/A,N/A,N/A,N/A | N/A
Indiana,White's Residential and Family Services-Revised (12/14/18),Wheatfield,N/A,N/A,N/A,N/A,N/A | N/A
Indiana,White's Residential and Family Services-Revised (2/7/19),Wheatfield,N/A,N/A,N/A,N/A,N/A | N/A
Indiana,White's Residential and Family Services-Revised (3/22/19),Wheatfield,N/A,N/A,N/A,N/A,N/A | N/A
Indiana,White's Residential and Family Services-Revised (11/19/19),Wheatfield,N/A,N/A,N/A,N/A,N/A | N/A
Indiana,St. Vincent Health-Revised (7/20/17),"Anderson, Evansville, Indianapolis, Kokomo, Salem",N/A,N/A,N/A,N/A,N/A | N/A
Indiana,Buckhorn Inc-Revised (5/26/17),Bluffton,N/A,N/A,N/A,N/A,N/A | N/A
Indiana,Buckhorn Inc-Revised (9/5/17),Bluffton,N/A,N/A,N/A,N/A,N/A | N/A
Indiana,Schneider Electric-Revised (5/25/17),Peru,N/A,N/A,N/A,N/A,N/A | N/A
Indiana,Saint Joseph's College Revised (3/6/17),Rensselaer,N/A,N/A,N/A,N/A,N/A | N/A
Indiana,Saint Joseph's College Revised (3/10/17),Rensselaer,N/A,N/A,N/A,N/A,N/A | N/A
Indiana,Saint Joseph's College Revised (4/11/17),Rensselaer,N/A,N/A,N/A,N/A,N/A | N/A
Indiana,Saint Joseph's College Revised (4/28/17),Rensselaer,N/A,N/A,N/A,N/A,N/A | N/A
Indiana,Saint Joseph's College Revised (5/10/17),Rensselaer,N/A,N/A,N/A,N/A,N/A | N/A
Indiana,Saint Joseph's College Revised (7/5/17),Rensselaer,N/A,N/A,N/A,N/A,N/A | N/A
Indiana,Saint Joseph's College Revised (7/24/17),Rensselaer,N/A,N/A,N/A,N/A,N/A | N/A
Indiana,Saint Joseph's College Revised (1/17/18),Rensselaer,N/A,N/A,N/A,N/A,N/A | N/A
Indiana,Harman International Industries Revised (5/17/17),Elkhart,N/A,N/A,N/A,N/A,N/A | N/A
Indiana,Eli Lilly and Company Revised (2/3/17),Nationwide,N/A,N/A,N/A,N/A,N/A | N/A
Indiana,Saint Meinrad Archabbey-Revised (4/28/17),Saint Meinrad,N/A,N/A,N/A,N/A,N/A | N/A
Indiana,Paoli LLC- Revised (12/6/17),Orleans,N/A,N/A,N/A,N/A,N/A | N/A
Indiana,Indianapolis Haulage- Revised (9/20/16),Indianapolis & Yorktown,N/A,N/A,N/A,N/A,N/A | N/A
Indiana,Indianapolis Haulage -Revised (9/30/16),Indianapolis & Yorktown,N/A,N/A,N/A,N/A,N/A | N/A
Indiana,Indianapolis Logistics- Revised (9/20/16),Indianapolis & Yorktown,N/A,N/A,N/A,N/A,N/A | N/A
Indiana,Indianapolis Logistics- Revised (9/30/16),Indianapolis & Yorktown,N/A,N/A,N/A,N/A,N/A | N/A
Indiana,"Applegate Livestock Equipment, Inc.- Revised (6/14/16)",Union City,N/A,N/A,N/A,N/A,N/A | N/A
Indiana,"Applegate Livestock Equipment, Inc.- Revised (7/15/16)",Union City,N/A,N/A,N/A,N/A,N/A | N/A
Indiana,Silgan Containers -Revised,LaPorte,N/A,N/A,N/A,N/A,N/A | N/A
Indiana,Silgan Containers -Revised (7/29/16),LaPorte,N/A,N/A,N/A,N/A,N/A | N/A
Indiana,Carter Fuel Systems-Revised (10/5/15),Logansport,N/A,N/A,N/A,N/A,N/A | N/A
Indiana,Carter Fuel Systems-Revised (12/11/15),Logansport,N/A,N/A,N/A,N/A,N/A | N/A
Indiana,"Pall Filter Specialists, Inc.-Revised (12/2/15)",Michigan City,N/A,N/A,N/A,N/A,N/A | N/A
Indiana,Silgan Plastics Corporation-Revised (8/24/15),Ligonier,N/A,N/A,N/A,N/A,N/A | N/A
Indiana,Goodwill Industries of Central Indiana-Revised,Indianapolis,N/A,N/A,N/A,N/A,N/A | N/A
Indiana,Tecomet - Symmetry Medical Manufacturing Inc.-Revised,Avilla,N/A,N/A,N/A,N/A,N/A | N/A
Indiana,Tecomet - Symmetry Medical Manufacturing Inc.-Revised,Avilla,N/A,N/A,N/A,N/A,N/A | N/A
Indiana,Schott Gemtron-Revised,Vincennes,N/A,N/A,N/A,N/A,N/A | N/A
Indiana,Northrop Grumman-Revised,Edinburg,N/A,N/A,N/A,N/A,N/A | N/A
Indiana,Northrop Grumman--Revised,Edinburg,N/A,N/A,N/A,N/A,N/A | N/A
Indiana,Rural Metro Corporation-Revised,"Indianapolis, Anderson, Logansport, Martinsville, and Richmond",N/A,N/A,N/A,N/A,N/A | N/A
Indiana,Chesapeake Pharmaceutical and Healthcare Packaging-Revised,Evansville,N/A,N/A,N/A,N/A,N/A | N/A
Indiana,Chesapeake Pharmaceutical and Healthcare Packaging-Revised,Evansville,N/A,N/A,N/A,N/A,N/A | N/A
Indiana,"Peabody Indiana Services, LLC -Revised",Cannelburg,N/A,N/A,N/A,N/A,N/A | N/A
Indiana,"Peabody Indiana Services, LLC -Revised",Cannelburg,N/A,N/A,N/A,N/A,N/A | N/A
Indiana,"Peabody Indiana Services, LLC -Revised",Cannelburg,N/A,N/A,N/A,N/A,N/A | N/A
Indiana,"Peabody Indiana Services, LLC -Revised",Cannelburg,N/A,N/A,N/A,N/A,N/A | N/A
Indiana,"Peabody Indiana Services, LLC -Revised",Cannelburg,N/A,N/A,N/A,N/A,N/A | N/A
Indiana,"Peabody Indiana Services, LLC -Revised",Cannelburg,N/A,N/A,N/A,N/A,N/A | N/A
Indiana,"Peabody Midwest Management Services, LLC-Revised",Cannelburg,N/A,N/A,N/A,N/A,N/A | N/A
Indiana,"Peabody Midwest Management Services, LLC-Revised",Cannelburg,N/A,N/A,N/A,N/A,N/A | N/A
Indiana,"Peabody Midwest Management Services, LLC-Revised",Cannelburg,N/A,N/A,N/A,N/A,N/A | N/A
Indiana,"Peabody Midwest Management Services, LLC-Revised",Cannelburg,N/A,N/A,N/A,N/A,N/A | N/A
Indiana,"The Arc of Northwest Indiana, Inc-Revised",Lake and Porter Counties,N/A,N/A,N/A,N/A,N/A | N/A
Indiana,CMW International Inc.-Revised,Indianapolis,N/A,N/A,N/A,N/A,N/A | N/A
Indiana,CMW International Inc.-Revised,Indianapolis,N/A,N/A,N/A,N/A,N/A | N/A
Indiana,CMW International Inc.-Revised,Indianapolis,N/A,N/A,N/A,N/A,N/A | N/A
Indiana,"Cequent Performance Products, Inc-Revised",Huntington,N/A,N/A,N/A,N/A,N/A | N/A
Indiana,Unilever Ice Cream Manufacturing-Revised,Huntington,N/A,N/A,N/A,N/A,N/A | N/A
Indiana,Warner Transitional Services-Revised,Indianapolis,N/A,N/A,N/A,N/A,N/A | N/A
Indiana,International Paper Company-Revised,Indianapolis,N/A,N/A,N/A,N/A,N/A | N/A
Indiana,International Paper Company-Revised,Indianapolis,N/A,N/A,N/A,N/A,N/A | N/A
Indiana,U.S. Cellular Corporation-Revised,"Elkhart, Fort Wayne, Merrillville, Michigan City, Mishawaka, Portage, Schererville, South Bend",N/A,N/A,N/A,N/A,N/A | N/A
Indiana,Pitney Bowes-Revised,Plainfield,N/A,N/A,N/A,N/A,N/A | N/A
Indiana,"Hologic, Inc.-Revised",Indianapolis,N/A,N/A,N/A,N/A,N/A | N/A
Indiana,Steel Parts Manufacturing Inc-Revised,Tipton,N/A,N/A,N/A,N/A,N/A | N/A
Indiana,Amsted Rail Inc-Revised,Hammond,N/A,N/A,N/A,N/A,N/A | N/A
Indiana,Whirlpool Corporation-Revised,Evansville,N/A,N/A,N/A,N/A,N/A | N/A
Indiana,Manitowoc Foodservice-Revised,Fort Wayne,N/A,N/A,N/A,N/A,N/A | N/A
Indiana,Peabody Energy-Revised,Vincennes,N/A,N/A,N/A,N/A,N/A | N/A
Indiana,Peabody Energy-Revised,Vincennes,N/A,N/A,N/A,N/A,N/A | N/A
Indiana,Peabody Energy-Revised,Vincennes,N/A,N/A,N/A,N/A,N/A | N/A
Indiana,Peabody Energy-Revised,Vincennes,N/A,N/A,N/A,N/A,N/A | N/A
Indiana,Peabody Energy-Revised,Vincennes,N/A,N/A,N/A,N/A,N/A | N/A
Indiana,Peabody Energy-Revised,Vincennes,N/A,N/A,N/A,N/A,N/A | N/A
Indiana,"JCIM, LLC-Revised",Kendallville,N/A,N/A,N/A,N/A,N/A | N/A
Indiana,"JCIM, LLC-Revised",Kendallville,N/A,N/A,N/A,N/A,N/A | N/A
Indiana,"Sunrise Publications, Inc.-Revised",Bloomington,N/A,N/A,N/A,N/A,N/A | N/A
Indiana,"Ross Sand Casting Industries, Inc. Plant 3-Revised",Winchester,N/A,N/A,N/A,N/A,N/A | N/A
Indiana,Bon L Manufacturing Co.-Revised,Kentland,N/A,N/A,N/A,N/A,N/A | N/A
Indiana,Bon L Manufacturing Co.-Revised,Kentland,N/A,N/A,N/A,N/A,N/A | N/A
Indiana,Bon L Manufacturing Co.-Revised,Kentland,N/A,N/A,N/A,N/A,N/A | N/A
Indiana,International Paper Company Shorewood Packaging-Revised,Indianapolis,N/A,N/A,N/A,N/A,N/A | N/A
Indiana,Fortis Plastics-Corporate Offices,South Bend,N/A,N/A,N/A,N/A,N/A | N/A
Indiana,Fortis Plastics-Revised Corporate,South Bend,N/A,N/A,N/A,N/A,N/A | N/A
Indiana,Fortis Plastics-Revised Corporate,South Bend,N/A,N/A,N/A,N/A,N/A | N/A
Indiana,Fortis Plastics-Manufacturing Facilities,South Bend,N/A,N/A,N/A,N/A,N/A | N/A
Indiana,Fortis Plastics-Revised Manufacturing,South Bend,N/A,N/A,N/A,N/A,N/A | N/A
Indiana,Ford Motor Company-Revised,Indianapolis,N/A,N/A,N/A,N/A,N/A | N/A
Indiana,Ford Motor Company-Revised,Indianapolis,N/A,N/A,N/A,N/A,N/A | N/A
Indiana,Ford Motor Company-Revised,Indianapolis,N/A,N/A,N/A,N/A,N/A | N/A
Indiana,Ford Motor Company-Revised,Indianapolis,N/A,N/A,N/A,N/A,N/A | N/A
Indiana,"Vantiv, LLC-Revised",Evansville,N/A,N/A,N/A,N/A,N/A | N/A
Indiana,"Vantiv, LLC-Revised",Evansville,N/A,N/A,N/A,N/A,N/A | N/A
Indiana,"Navistar, Inc-Revised",Fort Wayne,N/A,N/A,N/A,N/A,N/A | N/A
Indiana,"Navistar, Inc-Attachment",Fort Wayne,N/A,N/A,N/A,N/A,N/A | N/A
Indiana,"Navistar, Inc-Revised",Fort Wayne,N/A,N/A,N/A,N/A,N/A | N/A
Indiana,Workhorse Custom Chassis LLC-Revised,Union City,N/A,N/A,N/A,N/A,N/A | N/A
Indiana,Ficosa North America-Revised,Berne,N/A,N/A,N/A,N/A,N/A | N/A
Indiana,Ficosa North America-Exhibit A,Berne,N/A,N/A,N/A,N/A,N/A | N/A
Indiana,Ficosa North America-Revised,Berne,N/A,N/A,N/A,N/A,N/A | N/A
Indiana,General Motors Stamping Plant-Revised,Indianapolis,N/A,N/A,N/A,N/A,N/A | N/A
Indiana,General Motors Stamping Plant-Revised,Indianapolis,N/A,N/A,N/A,N/A,N/A | N/A
Indiana,General Motors Stamping Plant-Revised,Indianapolis,N/A,N/A,N/A,N/A,N/A | N/A
Indiana,General Motors Stamping Plant-Revised,Indianapolis,N/A,N/A,N/A,N/A,N/A | N/A
Indiana,Printpack Inc.-Revised,Greensburg,N/A,N/A,N/A,N/A,N/A | N/A
Indiana,Printpack Inc.-Revised,Greensburg,N/A,N/A,N/A,N/A,N/A | N/A
Indiana,"Automotive Components Holding, LLC-Revised",Indianapolis,N/A,N/A,N/A,N/A,N/A | N/A
Indiana,"Automotive Components Holding, LLC-Revised",Indianapolis,N/A,N/A,N/A,N/A,N/A | N/A
Indiana,"Automotive Components Holding, LLC-Revised",Indianapolis,N/A,N/A,N/A,N/A,N/A | N/A
Indiana,"Automotive Components Holding, LLC-Revised",Indianapolis,N/A,N/A,N/A,N/A,N/A | N/A
Indiana,Camryn Industries-Revised,Berne,N/A,N/A,N/A,N/A,N/A | N/A
Indiana,Ford Motor Company-Revised,Indianapolis,N/A,N/A,N/A,N/A,N/A | N/A
Indiana,MHP Pharmacy -dba- Freedom Pharmacy-Revised,Indianapolis,N/A,N/A,N/A,N/A,N/A | N/A
Indiana,Dawn Foods-Revised,Crown Point,N/A,N/A,N/A,N/A,N/A | N/A
Indiana,Dawn Foods-Revised,Crown Point,N/A,N/A,N/A,N/A,N/A | N/A
Indiana,Newport Chemical Depot-Revised,Newport,N/A,N/A,N/A,N/A,N/A | N/A
Indiana,Visteon Corporation-Revised,Indianapolis,N/A,N/A,N/A,N/A,N/A | N/A
Indiana,Heraeus Electro-Nite Co.-Revised,Peru,N/A,N/A,N/A,N/A,N/A | N/A
Indiana,Modine Manufacturing-Revised,Logansport,N/A,N/A,N/A,N/A,N/A | N/A
Indiana,Modine Manufacturing-Revised,Logansport,N/A,N/A,N/A,N/A,N/A | N/A
Indiana,Modine Manufacturing-Revised,Logansport,N/A,N/A,N/A,N/A,N/A | N/A
Iowa,CNH Industrial America LLC,Burlington,01/20/2026,3/32/2026,7,Closing,Des Moines | Mississippi Valley | Manufacturing
Iowa,CNH Industrial America LLC,Burlington,01/20/2026,04/01/2026,4,Closing,Des Moines | Mississippi Valley | Manufacturing
Iowa,CNH Industrial America LLC,Burlington,01/20/2026,04/02/2026,52,Closing,Des Moines | Mississippi Valley | Manufacturing
Iowa,CNH Industrial America LLC,Burlington,01/20/2026,04/08/2026,18,Closing,Des Moines | Mississippi Valley | Manufacturing
Iowa,CNH Industrial America LLC,Burlington,01/20/2026,04/09/2026,9,Closing,Des Moines | Mississippi Valley | Manufacturing
Iowa,CNH Industrial America LLC,Burlington,01/20/2026,04/10/2026,21,Closing,Des Moines | Mississippi Valley | Manufacturing
Iowa,CNH Industrial America LLC,Burlington,01/20/2026,04/13/2026,16,Closing,Des Moines | Mississippi Valley | Manufacturing
Iowa,CNH Industrial America LLC,Burlington,01/20/2026,04/30/2026,16,Closing,Des Moines | Mississippi Valley | Manufacturing
Iowa,CNH Industrial America LLC,Burlington,01/20/2026,05/01/2026,42,Closing,Des Moines | Mississippi Valley | Manufacturing
Iowa,CNH Industrial America LLC,Burlington,01/20/2026,05/29/2026,24,Closing,Des Moines | Mississippi Valley | Manufacturing
Iowa,Wells Fargo,West Des Moines,01/20/2026,03/20/2026,33,Mass Layoff,Polk | Central Iowa | Finance and Insurance
Iowa,"Collis, LLC",Clinton,01/20/2026,03/23/2026,22,Mass Layoff,Clinton | Mississippi Valley | Manufacturing
Iowa,MercyOne,Ottumwa,01/23/2026,02/27/2026,40,Closing,Wapello | South Central Iowa | Health Care and Social Assistance
Iowa,MercyOne Des Moines Medical Center,Des Moines,01/26/2026,03/17/2026,67,Mass Layoff,Polk | Central Iowa | Health Care and Social Assistance
Iowa,American Contract Systems,Grimes,01/27/2026,03/31/2026,47,Closing,Polk | Central Iowa | Administrative and Support and Waste Management and Remediation Services
Iowa,MercyOne North Iowa Medical Center,Mason City,01/26/2026,03/17/2026,34,Mass Layoff,Cerro Gordo | Northeast Iowa | Health Care and Social Assistance
Iowa,Wells Fargo,West Des Moines,02/03/2026,04/04/2026,49,Mass Layoff,Polk | Central Iowa | Finance and Insurance
Iowa,"Cedar Valley Corp, LLC",Waterloo,02/06/2026,03/17/2026,89,Closing,Black Hawk | Northeast Iowa | Construction
Iowa,Whirlpool Corporation,Amana,02/17/2026,03/09/2026,341,Mass Layoff,Iowa | East Central Iowa | Manufacturing
Iowa,Wells Fargo,West Des Moines,02/17/2026,04/18/2026,2,Mass Layoff - Additional Employees,Polk | Central Iowa | Finance and Insurance
Iowa,CNH Industrial America LLC,Burlington,02/27/2026,03/23/2026,4,Amendement - Change in Number,Des Moines | Mississippi Valley | Manufacturing
Iowa,CNH Industrial America LLC,Burlington,02/27/2026,04/02/2026,47,Amendement - Change in Number,Des Moines | Mississippi Valley | Manufacturing
Iowa,CNH Industrial America LLC,Burlington,02/27/2026,04/08/2026,16,Amendement - Change in Number,Des Moines | Mississippi Valley | Manufacturing
Iowa,CNH Industrial America LLC,Burlington,02/27/2026,04/09/2026,6,Amendement - Change in Number,Des Moines | Mississippi Valley | Manufacturing
Iowa,CNH Industrial America LLC,Burlington,02/27/2026,04/13/2026,14,Amendement - Change in Number,Des Moines | Mississippi Valley | Manufacturing
Iowa,CNH Industrial America LLC,Burlington,02/27/2026,04/17/2026,4,Amendement - Change in Number,Des Moines | Mississippi Valley | Manufacturing
Iowa,CNH Industrial America LLC,Burlington,02/27/2026,04/24/2026,4,Amendement - Change in Number,Des Moines | Mississippi Valley | Manufacturing
Iowa,CNH Industrial America LLC,Burlington,02/27/2026,04/30/2026,18,Amendement - Change in Number,Des Moines | Mississippi Valley | Manufacturing
Iowa,CNH Industrial America LLC,Burlington,02/27/2026,05/01/2026,27,Amendement - Change in Number,Des Moines | Mississippi Valley | Manufacturing
Iowa,CNH Industrial America LLC,Burlington,02/27/2026,05/22/2026,1,Amendement - Change in Number,Des Moines | Mississippi Valley | Manufacturing
Iowa,CNH Industrial America LLC,Burlington,02/27/2026,05/29/2026,7,Amendement - Change in Number,Des Moines | Mississippi Valley | Manufacturing
Iowa,CNH Industrial America LLC,Burlington,02/27/2026,06/26/2026,15,Amendement - Change in Number,Des Moines | Mississippi Valley | Manufacturing
Iowa,CNH Industrial America LLC,Burlington,02/27/2026,09/25/2026,13,Amendement - Change in Number,Des Moines | Mississippi Valley | Manufacturing
Iowa,CNH Industrial America LLC,Burlington,02/27/2026,12/31/2026,5,Amendement - Change in Number,Des Moines | Mississippi Valley | Manufacturing
Iowa,Wells Fargo,West Des Moines,03/03/2026,05/02/2026,7,Mass Layoff - Additional Employees,Polk | Central Iowa | Finance and Insurance
Iowa,"Sky Chevrolet, LLC",Newhall,03/09/2026,03/06/2026,30,Mass Layoff,Benton | East Central Iowa | Retail Trade
Iowa,"Sky Auto Mall, LLC",Center Point,03/09/2026,03/06/2026,46,Mass Layoff,Linn | East Central Iowa | Retail Trade
Iowa,Wells Fargo,West Des Moines,03/31/2026,05/30/2026,62,Mass Layoff - Additional Employees,Polk | Central Iowa | Finance and Insurance
Iowa,First Student,Waterloo,04/02/2026,06/30/2026,120,Closing,Black Hawk | Northeast Iowa | Transportation and Warehouse
Iowa,Ryder Systems Inc.,Waterloo,04/08/2026,07/24/2026,153,Mass Layoff - Additional Employees,Black Hawk | Northeast Iowa | Transportation and Warehouse
Iowa,Appliance Plus Cellular Inc,Oelwein,04/14/2026,07/31/2026,4,Closing,Fayette | Northeast Iowa | Retail Trade
Iowa,Appliance Plus Cellular Inc,Independence,04/14/2026,07/31/2026,5,Closing,Buchanan | Northeast Iowa | Retail Trade
Iowa,Appliance Plus Cellular Inc,West Union,04/14/2026,07/31/2026,4,Closing,Fayette | Northeast Iowa | Retail Trade
Iowa,Appliance Plus Cellular Inc,New Hampton,04/14/2026,07/31/2026,3,Closing,Chickasaw | Northeast Iowa | Retail Trade
Iowa,Appliance Plus Cellular Inc,Charles City,04/14/2026,07/31/2026,5,Closing,Floyd | Northeast Iowa | Retail Trade
Iowa,Appliance Plus Cellular Inc,Webster City,04/14/2026,07/31/2026,3,Closing,Hamilton | Iowa Plains | Retail Trade
Iowa,Appliance Plus Cellular Inc,Algona,04/14/2026,07/31/2026,5,Closing,Kossuth | Iowa Plains | Retail Trade
Iowa,Appliance Plus Cellular Inc,Waukon,04/14/2026,07/31/2026,1,Closing,Allamakee | Northeast Iowa | Retail Trade
Iowa,Appliance Plus Cellular Inc,Dyersville,04/14/2026,07/31/2026,5,Closing,Delaware | Northeast Iowa | Retail Trade
Iowa,Wells Fargo,West Des Moines,04/14/2026,06/13/2026,25,Mass Layoff - Additional Employees,Polk | Central Iowa | Finance and Insurance
Iowa,Transco Rail Services,Oelwein,04/16/2026,04/10/2026,40,Mass Layoff,Fayette | Northeast Iowa | Transportation and Warehouse
Iowa,UnityPoint Health,Hiawatha,04/14/2026,07/24/2026,97,Mass Layoff,Linn | East Central Iowa | Management of Companies and Enterprises
Iowa,UnityPoint Health,Des Moines,04/14/2026,07/24/2026,3,Mass Layoff,Polk | Central Iowa | Management of Companies and Enterprises
Iowa,UnityPoint Health,Grimes,04/14/2026,07/24/2026,1,Mass Layoff,Polk | Central Iowa | Management of Companies and Enterprises
Iowa,UnityPoint Health,Des Moines,04/14/2026,07/24/2026,5,Mass Layoff,Pollk | Central Iowa | Management of Companies and Enterprises
Iowa,UnityPoint Health,Waterloo,04/14/2026,07/24/2026,1,Mass Layoff,Black Hawk | Northeast Iowa | Management of Companies and Enterprises
Iowa,UnityPoint Health,Sioux City,04/14/2026,07/24/2026,1,Mass Layoff,Woodbury | Iowa Plains | Management of Companies and Enterprises
Iowa,UnityPoint Health,Dubuque,04/14/2026,07/24/2026,2,Mass Layoff,Dubuque | Northeast Iowa | Management of Companies and Enterprises
Iowa,UnityPoint Health,Marshalltown,04/14/2026,07/24/2026,1,Mass Layoff,Marshall | South Central Iowa | Management of Companies and Enterprises
Iowa,UnityPoint Health,Des Moines,04/14/2026,07/24/2026,76,Mass Layoff,Polk | Central Iowa | Management of Companies and Enterprises
Iowa,UnityPoint Health,Fort Dodge,04/14/2026,07/24/2026,1,Mass Layoff,Webster | Iowa Plains | Management of Companies and Enterprises
Iowa,UnityPoint Health,Cedar Rapids,04/14/2026,07/24/2026,1,Mass Layoff,Linn | East Central Iowa | Management of Companies and Enterprises
Iowa,Wells Fargo,West Des Moines,04/28/2026,06/27/2026,10,Mass Layoff - Additional Employees,Polk | Central Iowa | Finance and Insurance
Iowa,Wells Fargo,West Des Moines,05/12/2026,07/11/2026,29,Mass Layoff - Additional Employees,Polk | Central Iowa | Finance and Insurance
Iowa,UnityPoint Health,Des Moines,05/14/2026,07/24/2026,14,Mass Layoff - Additional Employees,Pollk | Central Iowa | Management of Companies and Enterprises
Iowa,"Rhiners' Plumbing Co, Inc",Clive,05/21/2026,05/01/2026,47,Closing,Polk | Central Iowa | Construction
Iowa,John Deere Ottumwa Works,Ottumwa,01/06/2025,02/07/2025,75,Mass Layoff,Wapello | South Central Iowa | Manufacturing
Iowa,"IES Communications, LLC",Altoona,01/10/2025,01/10/2025,28,Mass Layoff,Polk | Central Iowa | Construction
Iowa,SpartanNash,Glenwood,01/15/2025,02/14/2025,23,Closing,Mills | Iowa Plains | Wholesale Trade
Iowa,"Kinze Manufacturing, Inc",Williamsburg,01/15/2025,01/15/2025,53,Mass Layoff,Iowa | East Central Iowa | Manufacturing
Iowa,Dotdash Meredith,Des Moines,01/16/2025,02/01/2025,28,Mass Layoff,Polk | Central Iowa | Information
Iowa,JELD-WEN Inc,Grinnell,01/20/2025,03/21/2025,298,Closing,Poweshiek | South Central Iowa | Manufacturing
Iowa,NSK Americas,Clarinda,01/27/2025,02/28/2025,34,Mass Layoff,Page | Iowa Plains | Manufacturing
Iowa,Quad County Corn Processors Cooperative,Galva,01/24/2025,02/25/2025,41,Closing,Ida | Iowa Plains | Manufacturing
Iowa,"IES Communications, LLC",Altoona,02/10/2025,02/10/2025,1,Amendment - Additional Employees,Polk | Central Iowa | Construction
Iowa,Orient-Macksburg Community School District,Orient,02/11/2025,07/01/2025,36,Closing,Adair | Iowa Plains | Educational Services
Iowa,Fisher Group,Hiawatha,02/11/2025,03/12/2025,32,Closing,Linn | East Central Iowa | Manufacturing
Iowa,John Deere Des Moines Works,Ankeny,02/21/2025,03/31/2025,9,Mass Layoff,Polk | Central Iowa | Manufacturing
Iowa,John Deere Des Moines Works,Ankeny,02/21/2025,04/07/2025,38,Mass Layoff,Polk | Central Iowa | Manufacturing
Iowa,John Deere Des Moines Works,Ankeny,02/21/2025,04/28/2025,72,Mass Layoff,Polk | Central Iowa | Manufacturing
Iowa,Ascent Professional Staffing,Muscatine,02/28/2025,05/02/2025,32,Closing,Muscatine | Mississippi Valley | Administrative and Support and Waste Management and Remediation Services
Iowa,Lutheran Services in Iowa,Des Moines,03/03/2025,03/28/2025,10,Mass Layoff,Polk | Central Iowa | Health Care and Social Assistance
Iowa,Lutheran Services in Iowa,Sioux City,03/03/2025,03/28/2025,3,Mass Layoff,Woodbury | Iowa Plains | Health Care and Social Assistance
Iowa,Lutheran Services in Iowa,Waterloo,03/03/2025,03/28/2025,2,Mass Layoff,Black Hawk | Northeast Iowa | Health Care and Social Assistance
Iowa,Lutheran Services in Iowa,Des Moines,03/03/2025,04/25/2025,6,Mass Layoff,Polk | Central Iowa | Health Care and Social Assistance
Iowa,Lutheran Services in Iowa,Sioux City,03/03/2025,04/25/2025,4,Mass Layoff,Woodbury | Iowa Plains | Health Care and Social Assistance
Iowa,Lutheran Services in Iowa,Waterloo,03/03/2025,04/25/2025,2,Mass Layoff,Black Hawk | Northeast Iowa | Health Care and Social Assistance
Iowa,Lutheran Services in Iowa,Des Moines,03/03/2025,06/27/2025,1,Mass Layoff,Polk | Central Iowa | Health Care and Social Assistance
Iowa,Wells Fargo,West Des Moines,03/04/2025,04/04/2025,33,Mass Layoff,Polk | Central Iowa | Finance and Insurance
Iowa,Pitney Bowes,Urbandale,03/12/2025,05/19/2025,168,Closing,Polk | Central Iowa | Administrative and Support and Waste Management and Remediation Services
Iowa,Collins Aerospace,Cedar Rapids,03/13/2025,04/14/2025,160,Mass Layoff,Linn | East Central Iowa | Manufacturing
Iowa,Wells Fargo,West Des Moines,03/18/2025,05/18/2025,34,Amendment - Additional Employees,Polk | Central Iowa | Finance and Insurance
Iowa,"Sodexo, Inc",Decorah,03/13/2025,06/30/2025,130,Closing,Winneshiek | Northeast Iowa | Accommodation and Food Services
Iowa,Whirlpool Corporation,Amana,04/01/2025,06/01/2025,651,Mass Layoff,Iowa | East Central Iowa | Manufacturing
Iowa,ASM Global,Dubuque,04/01/2025,06/30/2025,160,Mass Layoff,Dubuque | Northeast Iowa | Accommodation and Food Services
Iowa,Wells Fargo,West Des Moines,04/01/2025,06/01/2025,14,Amendment - Additional Employees,Polk | Central Iowa | Finance and Insurance
Iowa,Durham School Services,Ames,04/02/2025,05/31/2025,62,Mass Layoff,Story | Central Iowa | Transportation and Warehousing
Iowa,Corteva Agriscience,Johnston,04/02/2025,05/09/2025,44,Mass Layoff,Polk | Central Iowa | Wholesale Trade
Iowa,United States Cellular Corporation,Cedar Rapids,04/07/2025,06/02/2025,183,Mass Layoff,Linn | East Central Iowa | Information
Iowa,United States Cellular Corporation,Johnston,04/07/2025,06/02/2025,39,Mass Layoff,Polk | Central Iowa | Information
Iowa,United States Cellular Corporation,Altoona,04/07/2025,06/02/2025,8,Mass Layoff,Polk | Central Iowa | Information
Iowa,United States Cellular Corporation,Ames,04/07/2025,06/02/2025,9,Mass Layoff,Story | Central Iowa | Information
Iowa,United States Cellular Corporation,Ankeny,04/07/2025,06/02/2025,7,Mass Layoff,Polk | Central Iowa | Information
Iowa,United States Cellular Corporation,Council Bluffs,04/07/2025,06/02/2025,6,Mass Layoff,Pottawattamie | Iowa Plains | Information
Iowa,United States Cellular Corporation,Creston,04/07/2025,06/02/2025,9,Mass Layoff,Union | Iowa Plains | Information
Iowa,United States Cellular Corporation,Des Moines,04/07/2025,06/02/2025,11,Mass Layoff,Polk | Central Iowa | Information
Iowa,United States Cellular Corporation,Fort Dodge,04/07/2025,06/02/2025,10,Mass Layoff,Webster | Iowa Plains | Information
Iowa,United States Cellular Corporation,Indianola,04/07/2025,06/02/2025,6,Mass Layoff,Warren | Central Iowa | Information
Iowa,United States Cellular Corporation,Mason City,04/07/2025,06/02/2025,9,Mass Layoff,Cerro Gordo | Northeast Iowa | Information
Iowa,United States Cellular Corporation,Sioux City,04/07/2025,06/02/2025,5,Mass Layoff,Woodbury | Iowa Plains | Information
Iowa,United States Cellular Corporation,West Des Moines,04/07/2025,06/02/2025,7,Mass Layoff,Polk | Central Iowa | Information
Iowa,United States Cellular Corporation,West Des Moines,04/07/2025,06/02/2025,7,Mass Layoff,Polk | Central Iowa | Information
Iowa,United States Cellular Corporation,Cedar Falls,04/07/2025,06/02/2025,8,Mass Layoff,Black Hawk | Northeast Iowa | Information
Iowa,United States Cellular Corporation,Cedar Rapids,04/07/2025,06/02/2025,10,Mass Layoff,Linn | East Central Iowa | Information
Iowa,United States Cellular Corporation,Cedar Rapids,04/07/2025,06/02/2025,10,Mass Layoff,Linn | East Central Iowa | Information
Iowa,United States Cellular Corporation,Cedar Rapids,04/07/2025,06/02/2025,11,Mass Layoff,Linn | East Central Iowa | Information
Iowa,United States Cellular Corporation,Clinton,04/07/2025,06/02/2025,7,Mass Layoff,Clinton | Mississippi Valley | Information
Iowa,United States Cellular Corporation,Coralville,04/07/2025,06/02/2025,10,Mass Layoff,Johnson | East Central Iowa | Information
Iowa,United States Cellular Corporation,Davenport,04/07/2025,06/02/2025,8,Mass Layoff,Scott | Mississippi Valley | Information
Iowa,United States Cellular Corporation,Davenport,04/07/2025,06/02/2025,9,Mass Layoff,Scott | Mississippi Valley | Information
Iowa,United States Cellular Corporation,Decorah,04/07/2025,06/02/2025,7,Mass Layoff,Winneshiek | Northeast Iowa | Information
Iowa,United States Cellular Corporation,Dubuque,04/07/2025,06/02/2025,18,Mass Layoff,Dubuque | Northeast Iowa | Information
Iowa,United States Cellular Corporation,Iowa City,04/07/2025,06/02/2025,8,Mass Layoff,Johnson | East Central Iowa | Information
Iowa,United States Cellular Corporation,Keokuk,04/07/2025,06/02/2025,9,Mass Layoff,Lee | Mississippi Valley | Information
Iowa,United States Cellular Corporation,Knoxville,04/07/2025,06/02/2025,6,Mass Layoff,Marion | Central Iowa | Information
Iowa,United States Cellular Corporation,Manchester,04/07/2025,06/02/2025,6,Mass Layoff,Delaware | Northeast Iowa | Information
Iowa,United States Cellular Corporation,Marshalltown,04/07/2025,06/02/2025,7,Mass Layoff,Marshall | South Central Iowa | Information
Iowa,United States Cellular Corporation,Muscatine,04/07/2025,06/02/2025,8,Mass Layoff,Muscatine | Mississippi Valley | Information
Iowa,United States Cellular Corporation,Ottumwa,04/07/2025,06/02/2025,15,Mass Layoff,Wapello | South Central Iowa | Information
Iowa,United States Cellular Corporation,Waterloo,04/07/2025,06/02/2025,11,Mass Layoff,Black Hawk | Northeast Iowa | Information
Iowa,United States Cellular Corporation,West Burlington,04/07/2025,06/02/2025,13,Mass Layoff,Des Moines | Mississippi Valley | Information
Iowa,RTX,Cedar Rapids,04/10/2025,05/15/2025,4,Mass Layoff,"Linn | East Central Iowa | Professional, Scientific, and Technical Services"
Iowa,Wells Fargo,West Des Moines,04/15/2025,06/15/2025,46,Amendment - Additional Employees,Polk | Central Iowa | Finance and Insurance
Iowa,"BHFO, Inc",Cedar Rapids,04/15/2025,05/15/2025,32,Mass Layoff,Linn | East Central Iowa | Retail Trade
Iowa,Michael's Cookies,Clear Lake,04/22/2025,05/23/2025,29,Closing,Cerro Gordo | Northeast Iowa | Manufacturing
Iowa,Main Street Manor,Swea City,04/18/2025,07/23/2025,13,Closing,Kossuth | Iowa Plains | Health Care and Social Assistance
Iowa,Hy-Vee Fresh Commissary,Ankeny,04/24/2025,06/24/2025,332,Closing,Polk | Central Iowa | Retail Trade
Iowa,Hy-Vee Chariton Short Cuts Facility,Chariton,04/24/2025,06/24/2025,129,Closing,Lucas | South Central Iowa | Retail Trade
Iowa,"Accelerate360 Distribution, LLC - Dakota Merchandising Work",Lincoln,04/25/2025,06/28/2025,35,Mass Layoff,Sioux Falls | Northeast Iowa | Administrative and Support and Waste Management and Remediation Services
Iowa,Wells Fargo,West Des Moines,04/29/2025,06/29/2025,41,Amendment - Additional Employees,Polk | Central Iowa | Finance and Insurance
Iowa,Forte Openings Solutions,Mason City,05/01/2025,06/30/2025,47,Closing,Cerro Gordo | Northeast Iowa | Manufacturing
Iowa,Forte Openings Solutions,Mason City,05/01/2025,06/30/2025,46,Closing,Cerro Gordo | Northeast Iowa | Manufacturing
Iowa,American Contract Systems,Grimes,05/13/2025,07/31/2025,62,Closing,Story | Central Iowa | Administrative and Support and Waste Management and Remediation Services
Iowa,Wells Fargo,West Des Moines,05/13/2025,07/14/2025,24,Amendment - Additional Employees,Polk | Central Iowa | Finance and Insurance
Iowa,Winnebago Industries,Forest City,05/15/2025,06/13/2025,128,Mass Layoff,Winnebago | Northeast Iowa | Manufacturing
Iowa,Winnebago Industries,Lake Mills,05/15/2025,06/13/2025,30,Mass Layoff,Winnebago | Northeast Iowa | Manufacturing
Iowa,Winnebago Industries,Charles City,05/15/2025,06/13/2025,20,Mass Layoff,Floyd | Northeast Iowa | Manufacturing
Iowa,Winnebago Industries,Waverly,05/15/2025,06/13/2025,18,Mass Layoff,Bremer | Northeast Iowa | Manufacturing
Iowa,Chevron U.S.A. Inc,Ames,05/19/2025,06/18/2025,70,Mass Layoff,Story | Central Iowa | Management of Companies and Enterprises
Iowa,"Fidelity & Guaranty Life Business Services, Inc",Des Moines,05/27/2025,06/02/2025,103,Mass Layoff,Polk | Central Iowa | Management of Companies and Enterprises
Iowa,Eckerd Connects,Denison,06/03/2025,06/13/2025,115,Closing,Crawford | Iowa Plains | Health Care and Social Assistance
Iowa,Career Systems Development Corporation,Ottumwa,06/09/2025,06/30/2025,92,Closing,Wapello | South Central Iowa | Health Care and Social Assistance
Iowa,Wells Fargo,West Des Moines,06/10/2025,08/10/2025,35,Amendment - Additional Employees,Polk | Central Iowa | Finance and Insurance
Iowa,Collins Aerospace,Cedar Rapids,06/12/2025,07/18/2025,102,Mass Layoff,Linn | East Central Iowa | Manufacturing
Iowa,Collins Aerospace,Decorah,06/12/2025,07/18/2025,29,Mass Layoff,Winneshiek | Northeast Iowa | Manufacturing
Iowa,United States Cellular Corporation,Cedar Rapids,06/11/2025,07/01/2025,0,Amendment - Change in Date,Linn | East Central Iowa | Information
Iowa,United States Cellular Corporation,Johnston,06/11/2025,07/01/2025,0,Amendment - Change in Date,Polk | Central Iowa | Information
Iowa,United States Cellular Corporation,Altoona,06/11/2025,07/01/2025,0,Amendment - Change in Date,Polk | Central Iowa | Information
Iowa,United States Cellular Corporation,Ames,06/11/2025,07/01/2025,0,Amendment - Change in Date,Story | Central Iowa | Information
Iowa,United States Cellular Corporation,Ankeny,06/11/2025,07/01/2025,0,Amendment - Change in Date,Polk | Central Iowa | Information
Iowa,United States Cellular Corporation,Council Bluffs,06/11/2025,07/01/2025,0,Amendment - Change in Date,Pottawattamie | Iowa Plains | Information
Iowa,United States Cellular Corporation,Creston,06/11/2025,07/01/2025,0,Amendment - Change in Date,Union | Iowa Plains | Information
Iowa,United States Cellular Corporation,Des Moines,06/11/2025,07/01/2025,0,Amendment - Change in Date,Polk | Central Iowa | Information
Iowa,United States Cellular Corporation,Fort Dodge,06/11/2025,07/01/2025,0,Amendment - Change in Date,Webster | Iowa Plains | Information
Iowa,United States Cellular Corporation,Indianola,06/11/2025,07/01/2025,0,Amendment - Change in Date,Warren | Central Iowa | Information
Iowa,United States Cellular Corporation,Mason City,06/11/2025,07/01/2025,0,Amendment - Change in Date,Cerro Gordo | Northeast Iowa | Information
Iowa,United States Cellular Corporation,Sioux City,06/11/2025,07/01/2025,0,Amendment - Change in Date,Woodbury | Iowa Plains | Information
Iowa,United States Cellular Corporation,West Des Moines,06/11/2025,07/01/2025,0,Amendment - Change in Date,Polk | Central Iowa | Information
Iowa,United States Cellular Corporation,West Des Moines,06/11/2025,07/01/2025,0,Amendment - Change in Date,Polk | Central Iowa | Information
Iowa,United States Cellular Corporation,Cedar Falls,06/11/2025,07/01/2025,0,Amendment - Change in Date,Black Hawk | Northeast Iowa | Information
Iowa,United States Cellular Corporation,Cedar Rapids,06/11/2025,07/01/2025,0,Amendment - Change in Date,Linn | East Central Iowa | Information
Iowa,United States Cellular Corporation,Cedar Rapids,06/11/2025,07/01/2025,0,Amendment - Change in Date,Linn | East Central Iowa | Information
Iowa,United States Cellular Corporation,Cedar Rapids,06/11/2025,07/01/2025,0,Amendment - Change in Date,Linn | East Central Iowa | Information
Iowa,United States Cellular Corporation,Clinton,06/11/2025,07/01/2025,0,Amendment - Change in Date,Clinton | Mississippi Valley | Information
Iowa,United States Cellular Corporation,Coralville,06/11/2025,07/01/2025,0,Amendment - Change in Date,Johnson | East Central Iowa | Information
Iowa,United States Cellular Corporation,Davenport,06/11/2025,07/01/2025,0,Amendment - Change in Date,Scott | Mississippi Valley | Information
Iowa,United States Cellular Corporation,Davenport,06/11/2025,07/01/2025,0,Amendment - Change in Date,Scott | Mississippi Valley | Information
Iowa,United States Cellular Corporation,Decorah,06/11/2025,07/01/2025,0,Amendment - Change in Date,Winneshiek | Northeast Iowa | Information
Iowa,United States Cellular Corporation,Dubuque,06/11/2025,07/01/2025,0,Amendment - Change in Date,Dubuque | Northeast Iowa | Information
Iowa,United States Cellular Corporation,Iowa City,06/11/2025,07/01/2025,0,Amendment - Change in Date,Johnson | East Central Iowa | Information
Iowa,United States Cellular Corporation,Keokuk,06/11/2025,07/01/2025,0,Amendment - Change in Date,Lee | Mississippi Valley | Information
Iowa,United States Cellular Corporation,Knoxville,06/11/2025,07/01/2025,0,Amendment - Change in Date,Marion | Central Iowa | Information
Iowa,United States Cellular Corporation,Manchester,06/11/2025,07/01/2025,0,Amendment - Change in Date,Delaware | Northeast Iowa | Information
Iowa,United States Cellular Corporation,Marshalltown,06/11/2025,07/01/2025,0,Amendment - Change in Date,Marshall | South Central Iowa | Information
Iowa,United States Cellular Corporation,Muscatine,06/11/2025,07/01/2025,0,Amendment - Change in Date,Muscatine | Mississippi Valley | Information
Iowa,United States Cellular Corporation,Ottumwa,06/11/2025,07/01/2025,0,Amendment - Change in Date,Wapello | South Central Iowa | Information
Iowa,United States Cellular Corporation,Waterloo,06/11/2025,07/01/2025,0,Amendment - Change in Date,Black Hawk | Northeast Iowa | Information
Iowa,United States Cellular Corporation,West Burlington,06/11/2025,07/01/2025,0,Amendment - Change in Date,Des Moines | Mississippi Valley | Information
Iowa,"Advanced Drainage Systems, Inc",Waterloo,06/18/2025,08/17/2025,71,Closing,Black Hawk | Northeast Iowa | Manufacturing
Iowa,Wells Fargo,West Des Moines,06/24/2025,08/24/2025,35,Amendment - Additional Employees,Polk | Central Iowa | Finance and Insurance
Iowa,Lennox Industries,Marshalltown,06/30/2025,08/01/2025,62,Mass Layoff,Marshall | South Central Iowa | Manufacturing
Iowa,Federal Express Corporation,Des Moines,06/30/2025,09/01/2025,84,Mass Layoff,Polk | Central Iowa | Transportation and Warehousing
Iowa,United States Cellular Corporation,Cedar Rapids,07/02/2025,08/01/2025,30,Amendment - Change in Date/Reduction in number laid off,Linn | East Central Iowa | Information
Iowa,CommUnity Crisis Services,Iowa City,07/02/2025,07/17/2025,49,Mass Layoff,Johnson | East Central Iowa | Health Care and Social Assistance
Iowa,"TreeHouse Foods, Inc",New Hampton,06/30/2025,09/12/2025,48,Closing,Chickasaw | Northeast Iowa | Manufacturing
Iowa,Whirlpool Corporation,Amana,07/08/2025,07/30/2025,250,Amendment - Change in Date/Reduction in number laid off,Iowa | East Central Iowa | Manufacturing
Iowa,Wells Fargo,West Des Moines,07/08/2025,09/08/2025,11,Amendment - Additional Employees,Polk | Central Iowa | Finance and Insurance
Iowa,Winnebago Industries,Waverly,07/09/2025,09/08/2025,77,Closing,Bremer | Northeast Iowa | Manufacturing
Iowa,Winnebago Industries,Charles City,07/09/2025,09/08/2025,18,Closing,Floyd | Northeast Iowa | Manufacturing
Iowa,Winnebago Industries,Charles City,07/09/2025,12/12/2025,26,Closing,Floyd | Northeast Iowa | Manufacturing
Iowa,The Mutual Group,West Des Moines,07/09/2025,08/08/2025,34,Mass Layoff,Polk | Central Iowa | Finance and Insurance
Iowa,Southeast Service Corporation d/b/a Services for Education,Mount Vernon,07/11/2025,08/11/2025,31,Mass Layoff,Linn | East Central Iowa | Administrative and Support and Waste Management and Remediation Services
Iowa,Wells Fargo,West Des Moines,07/22/2025,09/22/2025,44,Amendment - Additional Employees,Polk | Central Iowa | Finance and Insurance
Iowa,"Fox River Mills, LLC",Osage,07/29/2025,10/10/2025,105,Closing,Mitchell | Northeast Iowa | Manufacturing
Iowa,Federal Express Corporation,Cedar Rapids,07/30/2025,09/01/2025,57,Mass Layoff,Linn | East Central Iowa | Transportation and Warehousing
Iowa,Federal Express Corporation,Dubuque,07/30/2025,09/01/2025,27,Mass Layoff,Dubuque | Northeast Iowa | Transportation and Warehousing
Iowa,Smurfit Westrock Company,Cedar Rapids,08/05/2025,10/04/2025,100,Closing,Linn | East Central Iowa | Wholesale Trade
Iowa,Wells Fargo,West Des Moines,08/05/2025,10/04/2025,10,Amendment - Additional Employees,Polk | Central Iowa | Finance and Insurance
Iowa,"Maverik, Inc",Des Moines,08/06/2025,10/06/2025,100,Mass Layoff,Polk | Central Iowa | Retail Trade
Iowa,John Deere Waterloo Works,Waterloo,08/15/2025,09/22/2025,71,Mass Layoff,Black Hawk | Northeast Iowa | Manufacturing
Iowa,Wells Fargo,West Des Moines,08/19/2025,10/18/2025,10,Amendment - Additional Employees,Polk | Central Iowa | Finance and Insurance
Iowa,Winnebago Industries,Forest City,08/27/2025,09/29/2025,1,Amendment - Additional Employees,Winnebago | Northeast Iowa | Manufacturing
Iowa,"Fellers, LLC",Urbandale,08/27/2025,10/24/2025,1,Closing,Polk | Central Iowa | Wholesale Trade
Iowa,Quad City Times,Davenport,08/28/2025,09/29/2025,49,Mass Layoff,Scott | Mississippi Valley | Information
Iowa,Lennox Industries,Marshalltown,08/29/2025,08/01/2025,22,Amendment - Reduction in number laid off,Marshall | South Central Iowa | Manufacturing
Iowa,Lennox Industries,Marshalltown,08/29/2025,09/28/2025,49,Amendment - Additional Employees,Marshall | South Central Iowa | Manufacturing
Iowa,Winnebago Industries,Forest City,09/09/2025,10/10/2025,3,Amendment - Additional Employees,Winnebago | Northeast Iowa | Manufacturing
Iowa,Wells Fargo,West Des Moines,09/16/2025,11/14/2025,12,Amendment - Additional Employees,Polk | Central Iowa | Finance and Insurance
Iowa,John Deere Waterloo Works,Waterloo,09/17/2025,10/20/2025,101,Mass Layoff,Black Hawk | Northeast Iowa | Manufacturing
Iowa,John Deere Des Moines Works,Ankeny,09/17/2025,11/03/2025,40,Mass Layoff,Polk | Central Iowa | Manufacturing
Iowa,Burlington Trailways,West Burlington,09/18/2025,10/18/2025,47,Closing,Des Moines | Mississippi Valley | Transportation and Warehousing
Iowa,Burlington Trailways,Burlington,09/18/2025,10/18/2025,6,Closing,Des Moines | Mississippi Valley | Transportation and Warehousing
Iowa,Burlington Trailways,Davenport,09/18/2025,10/18/2025,6,Closing,Scott | Mississippi Valley | Transportation and Warehousing
Iowa,Burlington Trailways,Davenport,09/18/2025,10/18/2025,7,Closing,Scott | Mississippi Valley | Transportation and Warehousing
Iowa,Burlington Trailways,Cedar Rapids,09/18/2025,10/18/2025,5,Closing,Linn | East Central Iowa | Transportation and Warehousing
Iowa,Burlington Trailways,Des Moines,09/18/2025,10/18/2025,8,Closing,Polk | Central Iowa | Transportation and Warehousing
Iowa,RTX,Cedar Rapids,09/30/2025,10/31/2025,2,Mass Layoff,"Linn | East Central Iowa | Professional, Scientific, and Technical Services"
Iowa,Wells Fargo,West Des Moines,09/30/2025,11/28/2025,23,Amendment - Additional Employees,Polk | Central Iowa | Finance and Insurance
Iowa,UMB,Dubuque,10/01/2025,11/01/2025,38,Mass Layoff,Dubuque | Northeast Iowa | Finance and Insurance
Iowa,UMB,Dubuque,10/07/2025,11/01/2025,2,Amendment - Additional Employees,Dubuque | Northeast Iowa | Finance and Insurance
Iowa,Wells Fargo,West Des Moines,10/14/2025,12/12/2025,1,Amendment - Additional Employees,Polk | Central Iowa | Finance and Insurance
Iowa,Greystone Manufacturing,Bettendorf,10/23/2025,10/29/2025,85,Mass Layoff,Scott | Mississippi Valley | Manufacturing
Iowa,Tri-State Envelope,Wapello,10/27/2025,10/27/2025,21,Closing,Louisa | Mississippi Valley | Manufacturing
Iowa,"BHFO, Inc",Cedar Rapids,10/28/2025,11/26/2025,46,Closing,Linn | East Central Iowa | Retail Trade
Iowa,Wells Fargo,West Des Moines,10/28/2025,12/26/2025,63,Amendment - Additional Employees,Polk | Central Iowa | Finance and Insurance
Iowa,"Mason City Clinic, P.C.",Mason City,10/29/2025,12/31/2025,147,Mass Layoff,Cerro Gordo | Northeast Iowa | Health Care and Social Assistance
Iowa,RTX,Cedar Rapids,11/04/2025,12/31/2025,3,Mass Layoff,"Linn | East Central Iowa | Professional, Scientific, and Technical Services"
Iowa,Wells Fargo,West Des Moines,11/04/2025,01/02/2026,26,Amendment - Additional Employees,Polk | Central Iowa | Finance and Insurance
Iowa,Winnebago Industries,Charles City,11/06/2025,02/20/2026,0,Amendment - Change in date,Floyd | Northeast Iowa | Manufacturing
Iowa,"Ceilley Pallets, LLC",Waterloo,10/30/2025,11/27/2025,12,Closing,Black Hawk | Northeast Iowa | Manufacturing
Iowa,"RELCO, a Wabtec Company",Cedar Rapids,11/11/2025,12/31/2025,34,Closing,Linn | East Central Iowa | Manufacturing
Iowa,"Networking Imaging Solutions, LLC",North Liberty,11/14/2025,12/18/2025,70,Closing,Johnson | East Central Iowa | Manufacturing
Iowa,"Superior Tube Products, Inc",Davenport,11/18/2025,12/19/2025,28,Closing,Scott | Mississippi Valley | Manufacturing
Iowa,"Insane Impact, LLC",Des Moines,11/10/2025,12/17/2025,90,Closing,"Polk | Central Iowa | Professional, Scientific, and Technical Services"
Iowa,"Superior Tube Products, Inc",Davenport,11/25/2025,11/26/2025,2,Amendment - Change in date,Scott | Mississippi Valley | Manufacturing
Iowa,Wells Fargo,West Des Moines,11/25/2025,01/23/2026,14,Amendment - Additional Employees,Polk | Central Iowa | Finance and Insurance
Iowa,"Bauer Built Manufacturing, Inc",Paton,12/01/2025,12/31/2025,62,Closing,Greene | Iowa Plains | Manufacturing
Iowa,"DRT, LLC",Carter Lake,12/01/2025,01/30/2026,26,Closing,Pottawattamie | Iowa Plains | Administrative and Support and Waste Management and Remediation Services
Iowa,"10 Roads Express LLC, 10 Roads Service, LLC, 10 Roads Logistics, LLC",Carter Lake,12/01/2025,01/30/2026,42,Closing,Pottawattamie | Iowa Plains | Transportation and Warehousing
Iowa,"CRST Expedited, Inc d/b/a CRST The Transportation Solutions, Inc",Cedar Rapids,12/03/2025,02/01/2026,30,Mass Layoff,Linn | East Central Iowa | Transportation and Warehousing
Iowa,Wells Fargo,West Des Moines,12/09/2025,02/06/2026,25,Amendment - Additional Employees,Polk | Central Iowa | Finance and Insurance
Iowa,"Medtec, LLC DBA CQ Medical",Orange City,12/10/2025,02/06/2026,33,Closing,Sioux | Iowa Plains | Manufacturing
Iowa,Integrated DNA Technologies,Coralville,12/12/2025,12/12/2025,61,Mass Layoff,Johnson | East Central Iowa | Manufacturing
Iowa,Continental Manufacturing Chemist,Madrid,12/12/2025,12/15/2025,18,Closing,Boone | Central Iowa | Manufacturing
Iowa,"Solgen Power, LLC, d/b/a Purelight Power",Ankeny,12/23/2025,12/23/2025,29,Closing,Polk | Central Iowa | Construction
Kansas,Southern Education Council,,,,,,
Kansas,Parkview Passages Residential Treatment Center,,,,,,
Kansas,Invalco Inc.,,,,,,
Kansas,IRE International,,,,,,
Kansas,Allstate Corp,,,,,,
Kansas,TriStar,,,,,,
Kansas,Shoney's Distribution Center,,,,,,
Kansas,Boeing Commercial Airplane Group,,,,,,
Kansas,"Associated Wholesale Grocers, Inc.",,,,,,
Kansas,Boeing Co.,,,,,,
Kansas,Boeing Co.,,,,,,
Kansas,Halstead Hospital,,,,,,
Kansas,Boeing,,,,,,
Kansas,Boeing Co.,,,,,,
Kansas,Boeing,,,,,,
Kansas,Boeing Co.,,,,,,
Kansas,Boeing Co.,,,,,,
Kansas,Boeing Co.,,,,,,
Kansas,Boeing Co.,,,,,,
Kansas,Midland Credit Manaagement,,,,,,
Kansas,"KEY Industries, Inc.",,,,,,
Kansas,Stanley-Goldblatt Tools,,,,,,
Kansas,Eaton Corporation,,,,,,
Kansas,Levitz Furniture,,,,,,
Kansas,Continental Grain Co.,,,,,,
Kansas,Wolferman's,,,,,,
Kansas,Continental Grain Co.,,,,,,
Kansas,Flair Fold,,,,,,
Kansas,"Alltell Communications , Inc.",,,,,,
Kansas,IFH Deluxe Tank Manufacturing Co.,,,,,,
Kansas,Wards,,,,,,
Kansas,McNally Mfg.,,,,,,
Kansas,Sallie Mae,,,,,,
Kansas,Affiliated Foods,,,,,,
Kansas,Cessna of Independence,,,,,,
Kansas,IMC Salt,,,,,,
Kansas,Dillions Grocery,,,,,,
Kansas,Andrews McMeel Publishing,,,,,,
Kansas,Ramada Inn,,,,,,
Kansas,Convergent Label Technology,,,,,,
Kansas,"ASF-Keystone, Inc.",,,,,,
Kansas,"Heartland Wheat Growers, L.P.",,,,,,
Kansas,"Pillsbury Bakeries, Food Service",,,,,,
Kansas,Gilliland Printing,,,,,,
Kansas,Equifax,,,,,,
Kansas,SAI Automotive,,,,,,
Kansas,College Meadows Hospital,,,,,,
Kansas,Classic Cable,,,,,,
Kansas,Interactive Teleservices,,,,,,
Kansas,New World Pasta,,,,,,
Kansas,Marley Pump,,,,,,
Kansas,Osborn Group Inc.,,,,,,
Kansas,Builders Square,,,,,,
Kansas,Builders Square,,,,,,
Kansas,ABC-NACO,,,,,,
Kansas,Transamerica Finance,,,,,,
Kansas,Tyco Capital Corporation,,,,,,
Kansas,"Farmland Industries, Inc.",,,,,,
Kansas,CNA INSURANCE,,,,,,
Kansas,VECTRON INTERNATIONAL,,,,,,
Kansas,Boeing Commercial Airplane Group,,,,,,
Kansas,EFTC Midwest Facility,,,,,,
Kansas,Boeing Commercial Airplane Group,,,,,,
Kansas,The Signature Group,,,,,,
Kansas,HOBART CORPORATION,,,,,,
Kansas,"Great Bend Manufacturing Co. - Div. of Bush Hog, L",,,,,,
Kansas,Sprint Corporation,,,,,,
Kansas,Health Midwest - Menorah Medical Center,,,,,,
Kansas,Deluxe Check Corporation,,,,,,
Kansas,Modine Mfg,,,,,,
Kansas,"Genmar Manufacturing of Kansas, L.L.C.",,,,,,
Kansas,Alliant Techsystems Inc,,,,,,
Kansas,Farmland Foods,,,,,,
Kansas,EFTC Midwest Facility,,,,,,
Kansas,Montgomery Wards,,,,,,
Kansas,Farmland Industries-Lawrence,,,,,,
Kansas,Farmland Industries-Lawrence,,,,,,
Kansas,Maupintour,,,,,,
Kansas,"Hill's Pet Nutrition, Inc. and Subsidiaries",,,,,,
Kansas,National Garment Company,,,,,,
Kansas,Snorkel/OmniQuip Textron Inc.,,,,,,
Kansas,Burlington Northern Santa Fe Railway,,,,,,
Kansas,Builder's Square,,,,,,
Kansas,Boeing Company,,,,,,
Kansas,Southern Bag Corportation,,,,,,
Kansas,Thomas and Betts,,,,,,
Kansas,Boeing,,,,,,
Kansas,AMPI,,,,,,
Kansas,Household Tax Masters Inc.,,,,,,
Kansas,Spiegel Group Telemarketing Service Inc.,,,,,,
Kansas,The Menninger Clinic,,,,,,
Kansas,KMart,,,,,,
Kansas,Albertsons,,,,,,
Kansas,Snorkel,,,,,,
Kansas,Boeing Company,,,,,,
Kansas,Padgett Thompson Seminar Division,,,,,,
Kansas,International Paper,,,,,,
Kansas,The Boeing Company,,,,,,
Kansas,"Penske Logistics, Inc.",,,,,,
Kansas,"Penske Logistics, Inc.",,,,,,
Kansas,"Penske Logistics, Inc.",,,,,,
Kansas,Best Western International,,,,,,
Kansas,Dearborn Mid-West Conveyor Co.,,,,,,
Kansas,Boeing Company,,,,,,
Kansas,Bank of America,,,,,,
Kansas,Vanguard Airlines,,,,,,
Kansas,NLX Corporation,,,,,,
Kansas,"Lear Siegler Services, Inc",,,,,,
Kansas,Suntron,,,,,,
Kansas,"Jacobson's Stores, Inc.",,,,,,
Kansas,Bank of America,,,,,,
Kansas,Davol Inc.,,,,,,
Kansas,The Boeing Company,,,,,,
Kansas,Consolidated Freightways,,,,,,
Kansas,The Boeing Company,,,,,,
Kansas,"Lady Baltimore Foods, Inc.",,,,,,
Kansas,Globe Aviation Services Corp.,,,,,,
Kansas,The Boeing Company,,,,,,
Kansas,Southwestern Bell,,,,,,
Kansas,"City Publishing Company, Inc.",,,,,,
Kansas,Bombardier/Learjet,,,,,,
Kansas,Bombardier/Learjet,,,,,,
Kansas,Bombardier/Learjet,,,,,,
Kansas,Boeing,,,,,,
Kansas,Archer Daniels Midland Company,,,,,,
Kansas,Bombardier/Learjet,,,,,,
Kansas,Bombardier/Learjet,,,,,,
Kansas,Lucent Technologies,,,,,,
Kansas,Provell,,,,,,
Kansas,Bombardier/Learjet,,,,,,
Kansas,Bombardier/Learjet,,,,,,
Kansas,Lucent Technologies,,,,,,
Kansas,Bombardier/Learjet,,,,,,
Kansas,The Boeing Company,,,,,,
Kansas,Jack Cooper Transport Co. Inc.,,,,,,
Kansas,"SM&P Utility Resources, Inc.",,,,,,
Kansas,Providence Health,,,,,,
Kansas,Bombardier/Learjet,,,,,,
Kansas,Boeing Company,,,,,,
Kansas,J.C. Penney Company,,,,,,
Kansas,Sprint,,,,,,
Kansas,KMART,,,,,,
Kansas,KMART,,,,,,
Kansas,KMART,,,,,,
Kansas,Cessna,,,,,,
Kansas,Southwestern Bell,,,,,,
Kansas,K-Mart,,,,,,
Kansas,Boeing,,,,,,
Kansas,Raytheon,,,,,,
Kansas,"PCCS, Inc.",,,,,,
Kansas,Bombardier/Learjet,,,,,,
Kansas,Verizon Wireless,,,,,,
Kansas,Everest Connections,,,,,,
Kansas,Lucent Technologies,,,,,,
Kansas,Boeing Company,,,,,,
Kansas,The Menninger Clinic,,,,,,
Kansas,Emporia Rehabilitation Center,,,,,,
Kansas,Hoisington Rehabilitationl Center,,,,,,
Kansas,"Physician Resources, Inc.",,,,,,
Kansas,Lucent Technologies,,,,,,
Kansas,Fleming,,,,,,
Kansas,Transervice Lease Corp.,,,,,,
Kansas,Accenture,,,,,,
Kansas,"Innovative Marketing Strategies, Inc.",,,,,,
Kansas,Sprint,Lenexa,66219,,,,
Kansas,Lucent Technologies,,,,,,
Kansas,Famous Brands Distributors,,,,,,
Kansas,Cessna,,,,,,
Kansas,Boeing Company,,,,,,
Kansas,Lucent Technologies,,,,,,
Kansas,J M Bauersfeld's,,,,,,
Kansas,Lucent Technologies,,,,,,
Kansas,TeleTech,,,,,,
Kansas,"Lear Siegler Services, Inc.",,,,,,
Kansas,Cessna,,,,,,
Kansas,Teletech,,,,,,
Kansas,Terex Cranes,,,,,,
Kansas,Boeing,,,,,,
Kansas,Learjet,,,,,,
Kansas,Learjet,,,,,,
Kansas,Teletech,,,,,,
Kansas,Kemper Insurance Companies,,,,,,
Kansas,Boeing,,,,,,
Kansas,Learjet,,,,,,
Kansas,Precision Dynamics Corporation,,,,,,
Kansas,"Learjet, Inc.",,,,,,
Kansas,Boeing,,,,,,
Kansas,Fleming,,,,,,
Kansas,Boeing,,,,,,
Kansas,"Learjet, Inc.",,,,,,
Kansas,Innovative Marketing Strategies,,,,,,
Kansas,Kemper Auto and Home,,,,,,
Kansas,Tweco,,,,,,
Kansas,Boeing,,,,,,
Kansas,Cessna,,,,,,
Kansas,Boeing,,,,,,
Kansas,Boeing,,,,,,
Kansas,Farmland,,,,,,
Kansas,Farmland,,,,,,
Kansas,RS Staffing Services,,,,,,
Kansas,Boeing,,,,,,
Kansas,Sodexho Health Care Services,,,,,,
Kansas,Avery Dennison,,,,,,
Kansas,Tweco,,,,,,
Kansas,Tweco,,,,,,
Kansas,Tweco,,,,,,
Kansas,Tweco,,,,,,
Kansas,Tweco,,,,,,
Kansas,"Candlewood Hotel Company, Inc.",,,,,,
Kansas,American Identity,Bonner Springs,66012,,,,
Kansas,Tweco,,,,,,
Kansas,Tweco,,,,,,
Kansas,National Mills,,,,,,
Kansas,Bombardier,,,,,,
Kansas,Boeing,,,,,,
Kansas,Bombardier,,,,,,
Kansas,The Coleman Company,,,,,,
Kansas,Raytheon,,,,,,
Kansas,Bombardier,,,,,,
Kansas,"LMI Aerospace, Inc.",,,,,,
Kansas,"Amdocs, Inc.",,,,,,
Kansas,Boeing,,,,,,
Kansas,Tweco Arcair,,,,,,
Kansas,Bombardier,,,,,,
Kansas,Tweco,,,,,,
Kansas,Tweco,,,,,,
Kansas,Sykes,,,,,,
Kansas,TeleTech,,,,,,
Kansas,Schult Homes,,,,,,
Kansas,Tweco,,,,,,
Kansas,Bombardier,,,,,,
Kansas,Boeing,,,,,,
Kansas,"Laidlaw Transit, Inc.",,,,,,
Kansas,"Sykes Enterprises, Inc.",,,,,,
Kansas,Bombardier,,,,,,
Kansas,Sykes,,,,,,
Kansas,Boeing,,,,,,
Kansas,"Wittur, Inc.",,,,,,
Kansas,Boeing,,,,,,
Kansas,The Carriage House,,,,,,
Kansas,Boeing,,,,,,
Kansas,Bombardier,,,,,,
Kansas,MCI,,,,,,
Kansas,"Principal Residential Mortgage, Inc.",,,,,,
Kansas,"Risk Management Alternatives, Inc.",,,,,,
Kansas,Bombardier/Learjet,,,,,,
Kansas,Harrington-Scanlon Roofing Co. Inc.,,,,,,
Kansas,Via Christi,,,,,,
Kansas,"Ace Electrical Acquisitions, LLC",,,,,,
Kansas,Guidant Sales Corporation,,,,,,
Kansas,Pegasus Satellite Television,,,,,,
Kansas,Guidant Sales Corporation,,,,,,
Kansas,Guidant Sales Corporation,,,,,,
Kansas,Guidant Sales Corporation,,,,,,
Kansas,Guidant Sales Corporation,,,,,,
Kansas,Bombardier,,,,,,
Kansas,Pegasus,,,,,,
Kansas,Raytheon,,,,,,
Kansas,Sara Lee Bakery Group,,,,,,
Kansas,Bombardier,,,,,,
Kansas,Capgemini,,,,,,
Kansas,"CST Industries, Inc.",,,,,,
Kansas,Bombardier,,,,,,
Kansas,Bombardier,,,,,,
Kansas,The Alzheimer's Center of Kansas City,,,,,,
Kansas,Milepost Transportation,,,,,,
Kansas,"Rhodes Grocery, Inc.",,,,,,
Kansas,"Rhodes Grocery, Inc.",,,,,,
Kansas,Viking Office Products,,,,,,
Kansas,Bombardier,,,,,,
Kansas,"McLane Company, Inc.",,,,,,
Kansas,Raytheon,,,,,,
Kansas,Union Tank Car Co.,,,,,,
Kansas,Kansas Children's Service League,,,,,,
Kansas,The Boeing Company,,,,,,
Kansas,The Boeing Company,,,,,,
Kansas,Galileo International,,,,,,
Kansas,The Boeing Company,,,,,,
Kansas,Consolidated Container Company,,,,,,
Kansas,ACS Business Process Solutions',,,,,,
Kansas,The Boeing Company,,,,,,
Kansas,The Boeing Company,,,,,,
Kansas,The Boeing Company,,,,,,
Kansas,The Boeing Company,,,,,,
Kansas,Safelite Glass Corp.,,,,,,
Kansas,The Boeing Company,,,,,,
Kansas,Raytheon Aircraft Company,,,,,,
Kansas,Raytheon Aircraft Company,,,,,,
Kansas,The Boeing Company,,,,,,
Kansas,Kansas Children Service League,,,,,,
Kansas,Raytheon Aircraft Company,,,,,,
Kansas,The Boeing Company,,,,,,
Kansas,The Boeing Company,,,,,,
Kansas,Thte Boeing Company,,,,,,
Kansas,The Boeing Company,,,,,,
Kansas,The Boeing Company,,,,,,
Kansas,Raytheon Aircraft Company,,,,,,
Kansas,The Boeing Company,,,,,,
Kansas,Raytheon,,,,,,
Kansas,Proliance,,,,,,
Kansas,Raytheon,,,,,,
Kansas,"APAC Customer Services, Inc.",,,,,,
Kansas,Rubbermaid Home Products,,,,,,
Kansas,Community Solutions Inc.,,,,,,
Kansas,The Boeing Company,,,,,,
Kansas,Dillard's Inc.,,,,,,
Kansas,"Seaborn Health Care, Inc.",,,,,,
Kansas,The Boeing Company,,,,,,
Kansas,Raytheon Aircraft Company,,,,,,
Kansas,Raytheon Aircraft Company,,,,,,
Kansas,Raytheon Aircraft Company,,,,,,
Kansas,Elmore's Grocery,,,,,,
Kansas,M & M Motors,,,,,,
Kansas,"Disney Shopping, Inc.",,,,,,
Kansas,All American Homes of Kansas,,,,,,
Kansas,The Boeing Company,,,,,,
Kansas,FBD Consulting Company,,,,,,
Kansas,Alamo Group,,,,,,
Kansas,The Boeing Company,,,,,,
Kansas,Marshall and Ilsley Company,,,,,,
Kansas,The Boeing Company,,,,,,
Kansas,"King Louie International, Inc",Baxter Springs,,,,,
Kansas,VF Corporation,Lenexa,66219,,,,
Kansas,The North Face,,,,,,
Kansas,The Boeing Company,,,,,,
Kansas,APAC Customer Services,Wichita,,,,,
Kansas,Ryan International Airlines,,,,,,
Kansas,Ryan International Airlines,,,,,,
Kansas,"Sears, Roebuck and Company",Leavenworth,66048,,,,
Kansas,Blount International Inc.,Coffeyville,,,,,
Kansas,InkCycle,Lenexa,66214,,,,
Kansas,The Boeing Company,,,,,,
Kansas,The Boeing Company,,,,,,
Kansas,Cosentino's Food Stores/Price Chopper,Overland Park,,,,,
Kansas,Suntron - Midwest Operation,,,,,,
Kansas,Colgate-Palmolive,,,,,,
Kansas,Arrow Electronics,,,,,,
Kansas,CertainTeed,McPherson,,,,,
Kansas,Eaton Corporation,,,,,,
Kansas,The Boeing Company,,,,,,
Kansas,Archer Daniels Midland Company,,,,,,
Kansas,Big Sky Distributors,,,,,,
Kansas,Collins Industries,,,,,,
Kansas,CertainTeed Corporation,,,,,,
Kansas,"Armour-Eckrich Meats, LLC",,,,,,
Kansas,Yellow Book USA,,,,,,
Kansas,"Tier Technologies, Inc.",,,,,,
Kansas,PrintXcel of Cenveo Corp,,,,,,
Kansas,"Cardinal Brands, Inc.",,,,,,
Kansas,Lear Siegler Services,,,,,,
Kansas,"Optima Bus Corp., LLC",,,,,,
Kansas,NuComm International,,,,,,
Kansas,Dillon Stores,,,,,,
Kansas,"Ankmar, LLC",,,,,,
Kansas,"Windstream Communications, Inc.",,,,,,
Kansas,First Horizon,,,,,,
Kansas,LSI Corporation,,,,,,
Kansas,SAIC - From Science to Solutions,,,,,,
Kansas,BlueCross BlueShield of Kansas,,,,,,
Kansas,Great American Supplemental Benefits Group,,,,,,
Kansas,"Schult Homes and CMH Manufacturing IN.,",,,,,,
Kansas,Sprint,,,,,,
Kansas,"Tyson Fresh Meats, Inc.",,,,,,
Kansas,Dillon Stores,,,,,,
Kansas,"Tyson Fresh Meats, Inc.",,,,,,
Kansas,Sprint,,,,,,
Kansas,Pizza Hut,,,,,,
Kansas,Brooke Capital Corporation,,,,,,
Kansas,Air Midwest,,,,,,
Kansas,Brooke Capital Corporation,,,,,,
Kansas,Heartland Cement Company,,,,,,
Kansas,Embarq,,,,,,
Kansas,Meridian Automotive Systems,,,,,,
Kansas,The Woodlands,,,,,,
Kansas,"Superior Industries International, Inc.",,,,,,
Kansas,Nu Wa Industries Inc.,,,,,,
Kansas,Hawker Beechcraft,,,,,,
Kansas,YRC Worldwide's Norht American Transportation,,,,,,
Kansas,APL Logistics,,,,,,
Kansas,"CDG Management, LLC",,,,,,
Kansas,Progress Rail Services,,,,,,
Kansas,"Nu Wa Industries, Inc.",,,,,,
Kansas,BlueCross BlueShield of Kansas City,,,,,,
Kansas,Payless Shoesource,,,,,,
Kansas,"ABX Air, Inc.",,,,,,
Kansas,Cessna,,,,,,
Kansas,QTG,,,,,,
Kansas,Capital One,,,,,,
Kansas,Boeing,,,,,,
Kansas,Kongsberg Automotive,,,,,,
Kansas,Unilever Food Solutions,,,,,,
Kansas,Boeing,,,,,,
Kansas,Cessna,,,,,,
Kansas,Accenture,,,,,,
Kansas,Sprint Nextel,,,,,,
Kansas,Hawker Beechcraft,,,,,,
Kansas,Hawker Beechcraft,,,,,,
Kansas,Cessna,,,,,,
Kansas,Boeing,,,,,,
Kansas,Sears Holdings,,,,,,
Kansas,Anderson Services/Prologix,,,,,,
Kansas,Unilever Food Solutions,,,,,,
Kansas,Sportsman's Warehouse,,,,,,
Kansas,"CDG Management, LLC",,,,,,
Kansas,Sprint,,,,,,
Kansas,Boeing,,,,,,
Kansas,Durham School Services,,,,,,
Kansas,Sun Microsystems,Overland Park,66210,,,,
Kansas,"Empire Today, LLC",Northlake,60164,,,,
Kansas,CNH America LLC,,,,,,
Kansas,International Paper,,,,,,
Kansas,Snorkel International Inc.,,,,,,
Kansas,Nordam Group,,,,,,
Kansas,Nordam Group,,,,,,
Kansas,Boeing,,,,,,
Kansas,Great Southern Bank,,,,,,
Kansas,Cessna,,,,,,
Kansas,Staples,,,,,,
Kansas,"Grede Foundries, Inc.",,,,,,
Kansas,Great Bend Packing Plant,,,,,,
Kansas,Adronics/Elrob Manufacturing Inc.,,,,,,
Kansas,Hawker Beechcraft Corp,,,,,,
Kansas,Boeing,,,,,,
Kansas,Cessna,,,,,,
Kansas,InterCall,,,,,,
Kansas,Cessna,,,,,,
Kansas,St. Joseph Memorial Hospital,,,,,,
Kansas,Boeing,,,,,,
Kansas,Hawker Beechcraft,,,,,,
Kansas,Bic Graphic,,,,,,
Kansas,Labat Anderson Incorporated,,,,,,
Kansas,Hawker Beechcraft,,,,,,
Kansas,Chrysler Financial,,,,,,
Kansas,Boeing,,,,,,
Kansas,Snorkel,,,,,,
Kansas,"Coca-Cola Enterprises, Inc.",,,,,,
Kansas,Cessna,,,,,,
Kansas,Hawker Beechcraft Corp,,,,,,
Kansas,Sprint,,,,,,
Kansas,"Ritz Camera Centers, Inc.",,,,,,
Kansas,Hawker Beechcraft Corp,,,,,,
Kansas,Hawker Beechcraft Corporation,,,,,,
Kansas,"Ready Set Service, LLC",,,,,,
Kansas,Detroil Diesel,,,,,,
Kansas,Maximus,,,,,,
Kansas,Hawker Beechcraft,,,,,,
Kansas,Boeing,,,,,,
Kansas,Hawker Beechcraft,,,,,,
Kansas,Skyline Corporation,,,,,,
Kansas,Boeing,,,,,,
Kansas,Detroit Diesel,,,,,,
Kansas,Hawker Beechcraft,,,,,,
Kansas,Verizon,,,,,,
Kansas,Cessna,,,,,,
Kansas,Hawker Beechcraft,,,,,,
Kansas,Hawker Beechcraft,,,,,,
Kansas,Boeing,,,,,,
Kansas,WinterSleiger Inc.,,,,,,
Kansas,Boeing,,,,,,
Kansas,Cessna,,,,,,
Kansas,"Pfizer, Inc.",,,,,,
Kansas,Boeing,,,,,,
Kansas,"Grede Foundries, Inc.",,,,,,
Kansas,Hawker Beechcraft,,,,,,
Kansas,Boeing,,,,,,
Kansas,Hawker Beechcraft,,,,,,
Kansas,Boeing,,,,,,
Kansas,BlueCross BlueShield of Kansas City,,,,,,
Kansas,CT General Life Insurance Company,,,,,,
Kansas,Boeing,,,,,,
Kansas,Schuff Steel Midwest,,,,,,
Kansas,Cessna,,,,,,
Kansas,Durham School Services,,,,,,
Kansas,Hawker Beechcraft,,,,,,
Kansas,"NCO Customer Management, Inc.",,,,,,
Kansas,Hawker Beechcraft,,,,,,
Kansas,Boeing,,,,,,
Kansas,Hawker Beechcraft,,,,,,
Kansas,Hawker Beechcraft,,,,,,
Kansas,Boeing,,,,,,
Kansas,Boeing,,,,,,
Kansas,Hawker Beechcraft,,,,,,
Kansas,Alorica,,,,,,
Kansas,Haldex Brake Products Corporation,,,,,,
Kansas,Hawker Beechcraft,,,,,,
Kansas,Boeing,,,,,,
Kansas,Boeing,,,,,,
Kansas,Hawker Beechcraft,,,,,,
Kansas,Owens Corning,,,,,,
Kansas,Boeing,,,,,,
Kansas,"NE Opco, Inc., dba National Envelope",,,,,,
Kansas,Cargill,,,,,,
Kansas,Cessna,,,,,,
Kansas,Boeing,,,,,,
Kansas,Hawker Beechcraft Corp,,,,,,
Kansas,Hawker Beechcraft,,,,,,
Kansas,Principal Financial Group,,,,,,
Kansas,Day & Zimmerman,,,,,,
Kansas,Hawker Beechcraft,,,,,,
Kansas,Hawker Beechcraft,,,,,,
Kansas,Boehringer Ingelheim,,,,,,
Kansas,Boeing,,,,,,
Kansas,Hawker Beechcraft,,,,,,
Kansas,ManTech International,,,,,,
Kansas,"Encore Receivable Management, Inc.",,,,,,
Kansas,Bank of America,,,,,,
Kansas,Cessna,,,,,,
Kansas,Kinedyne,,,,,,
Kansas,Boeing,,,,,,
Kansas,Day & Zimmerman,,,,,,
Kansas,CGI Federal Inc.,,,,,,
Kansas,Central Kansas Medical Center,,,,,,
Kansas,Hawker Beechcraft,,,,,,
Kansas,Hawker Beechcraft,,,,,,
Kansas,Boeing,,,,,,
Kansas,Boeing,,,,,,
Kansas,"Liberty Homes, Inc.",,,,,,
Kansas,Hawker Beechcraft,,,,,,
Kansas,Hawker Beechcraft,,,,,,
Kansas,Aramark Education,,,,,,
Kansas,Hawker Beechcraft,,,,,,
Kansas,Cessna,,,,,,
Kansas,Hawker Beechcraft,,,,,,
Kansas,Durham School Services,,,,,,
Kansas,First Student,,,,,,
Kansas,Jostens,,,,,,
Kansas,Insight School,,,,,,
Kansas,CSC Applied Technology Group,,,,,,
Kansas,Boeing,,,,,,
Kansas,Food Services Inc. of Gainesville,,,,,,
Kansas,Hawker Beechcraft,,,,,,
Kansas,Boeing,,,,,,
Kansas,Hawker Beechcraft,,,,,,
Kansas,Boeing,,,,,,
Kansas,Hawker Beechcraft,,,,,,
Kansas,Lodge Works,,,,,,
Kansas,Boeing,,,,,,
Kansas,Hawker Beechcraft,,,,,,
Kansas,Asurion,,,,,,
Kansas,Boeing,,,,,,
Kansas,Boeing,,,,,,
Kansas,Hawker Beechcraft,,,,,,
Kansas,"Results Customer Solutions, LLC",,,,,,
Kansas,Boeing,,,,,,
Kansas,Hawker Beechcraft,,,,,,
Kansas,Boeing,,,,,,
Kansas,"kgb USA, Inc.",,,,,,
Kansas,Coleman Company,,,,,,
Kansas,Hawker Beechcraft,,,,,,
Kansas,Hawker Beechcraft,,,,,,
Kansas,Boeing,,,,,,
Kansas,Bosselman Travel Center,,,,,,
Kansas,"Bosselman Travel Centers, Inc.",,,,,,
Kansas,Hawker Beechcraft,,,,,,
Kansas,Boeing,,,,,,
Kansas,"kgb Deals, Inc",,,,,,
Kansas,Chef Solutions,,,,,,
Kansas,Hawker Beechcraft,,,,,,
Kansas,Boeing,,,,,,
Kansas,Macy's,,,,,,
Kansas,Boeing,,,,,,
Kansas,Hawker Beechcraft,,,,,,
Kansas,Hawker Beechcraft,,,,,,
Kansas,Hawker Beechcraft,,,,,,
Kansas,NEW,,,,,,
Kansas,Boeing,,,,,,
Kansas,Hawker Beechcraft,,,,,,
Kansas,Boeing,,,,,,
Kansas,Amcor,,,,,,
Kansas,Hawker Beechcraft,,,,,,
Kansas,Hawker Beechcraft,,,,,,
Kansas,Convergys,,,,,,
Kansas,Dilliards,,,,,,
Kansas,T-Mobile,,,,,,
Kansas,Beef Products Inc.,,,,,,
Kansas,Hawker Beechcraft,,,,,,
Kansas,Boeing,,,,,,
Kansas,Boeing,,,,,,
Kansas,Hawker Beechcraft,,,,,,
Kansas,Hawker Beechcraft,,,,,,
Kansas,Hawker Beechcraft,,,,,,
Kansas,Jostens,,,,,,
Kansas,Boeing,,,,,,
Kansas,Hawker Beechcraft,,,,,,
Kansas,"RG Steel, LLC",,,,,,
Kansas,Hawker Beechcraft,,,,,,
Kansas,Sprint,,,,,,
Kansas,Boeing,,,,,,
Kansas,Hawker Beechcraft,,,,,,
Kansas,Hawker Beechcraft,,,,,,
Kansas,Boeing,,,,,,
Kansas,Boeing,,,,,,
Kansas,Hawker Beechcraft,,,,,,
Kansas,Hawker Beechcraft,,,,,,
Kansas,Boeing,,,,,,
Kansas,"Premium Water, Inc.",,,,,,
Kansas,Walgreens,,,,,,
Kansas,"Watts Water Technologies, Inc.",,,,,,
Kansas,Boeing,,,,,,
Kansas,Siemens,,,,,,
Kansas,Hawker Beechcraft,,,,,,
Kansas,Boeing,,,,,,
Kansas,Hawker Beechcraft,,,,,,
Kansas,Hallmark,,,,,,
Kansas,Northrop Brumman,,,,,,
Kansas,K-Mart,,,,,,
Kansas,Boeing,,,,,,
Kansas,Hawker Beechcraft,,,,,,
Kansas,Boeing,,,,,,
Kansas,Boeing,,,,,,
Kansas,TriWest Healthcare Alliance Corp.,,,,,,
Kansas,Boeing,,,,,,
Kansas,Day & Zimmerman,,,,,,
Kansas,LaFarge of North America,,,,,,
Kansas,RSI Home Products,,,,,,
Kansas,Orval Kent,,,,,,
Kansas,Hostess Brands,,,,,,
Kansas,Boeing,,,,,,
Kansas,Hawker Beechcraft,,,,,,
Kansas,Boeing,,,,,,
Kansas,Boeing,,,,,,
Kansas,Boeing,,,,,,
Kansas,Beechcraft Corp,,,,,,
Kansas,Boeing,,,,,,
Kansas,Alco,,,,,,
Kansas,Boeing,,,,,,
Kansas,"ARAMARK Healthcare Support Services, LLC",,,,,,
Kansas,Boeing,,,,,,
Kansas,Beechcraft Corp,,,,,,
Kansas,Boeing,,,,,,
Kansas,Boeing,,,,,,
Kansas,K-Mart,,,,,,
Kansas,KU Medical Center,,,,,,
Kansas,Graham Packaging Plastic Products Inc.,,,,,,
Kansas,"AMG Service, Inc.",,,,,,
Kansas,Spirit Aerosystems,,,,,,
Kansas,Adjutant General,,,,,,
Kansas,Boeing,,,,,,
Kansas,Sprint,,,,,,
Kansas,Athene,,,,,,
Kansas,Boeing,,,,,,
Kansas,Boeing,,,,,,
Kansas,Boeing,,,,,,
Kansas,Boeing,,,,,,
Kansas,Bimbo Bakeries (Earthgrains Baking Company),,,,,,
Kansas,"NORDAM Group, Inc.",,,,,,
Kansas,Macys,,,,,,
Kansas,Boeing,,,,,,
Kansas,Via Christi Hospital,,,,,,
Kansas,Boeing,,,,,,
Kansas,Boeing,,,,,,
Kansas,Bechtel Power Corporation,,,,,,
Kansas,Cox Communications,,,,,,
Kansas,General Dynamics Information Technology,,,,,,
Kansas,"Medicalodges, Inc.",,,,,,
Kansas,Sprint,,,,,,
Kansas,Nation Pizza and Foods,,,,,,
Kansas,"Southwire, LLC",,,,,,
Kansas,Boeing,,,,,,
Kansas,Milestone AV Technologies / DA-LITE / Advanced Pro,,,,,,
Kansas,Harte Hanks,,,,,,
Kansas,Boeing,,,,,,
Kansas,Head Start,,,,,,
Kansas,"Aerospace Logistics Services, LLC",,,,,,
Kansas,Textron Aviation,,,,,,
Kansas,Boeing,,,,,,
Kansas,Boeing,,,,,,
Kansas,Penske,,,,,,
Kansas,Boeing,,,,,,
Kansas,United Airlines,,,,,,
Kansas,Boeing,,,,,,
Kansas,St. Rose Ambulatory & Surgery Center,,,,,,
Kansas,Boeing,,,,,,
Kansas,Sprint,,,,,,
Kansas,"Amazon.comKSDC, LLC",,,,,,
Kansas,Boeing,,,,,,
Kansas,Sprint,,,,,,
Kansas,St. Rose Ambulatory and Surgery Center,,,,,,
Kansas,Boeing,,,,,,
Kansas,"Logistics Resources, Inc.",,,,,,
Kansas,Boeing,,,,,,
Kansas,Learjet,,,,,,
Kansas,Boeing,,,,,,
Kansas,"NCO Financial Systems, Inc",,,,,,
Kansas,Boeing,,,,,,
Kansas,Select Medical Corporation,,,,,,
Kansas,Northwest Pipe Company,,,,,,
Kansas,Worthington Industries,,,,,,
Kansas,Worthington Industries,,,,,,
Kansas,Boeing,,,,,,
Kansas,Ally Servicing,,,,,,
Kansas,Convergys,Wichita,67226,,,,
Kansas,"ServiceLink NLS, LLS",,,,,,
Kansas,Armed Forces Bank,,,,,,
Kansas,"ServiceLink NLS, LLS",,,,,,
Kansas,"Herff Jones, Inc.",,,,,,
Kansas,Herff Jones,,,,,,
Kansas,Royal Oakes,,,,,,
Kansas,Boeing,,,,,,
Kansas,EC Manufacturing,,,,,,
Kansas,"Sodexo, Inc.",,,,,,
Kansas,Valassis,,,,,,
Kansas,Sprint,,,,,,
Kansas,Sprint,,,,,,
Kansas,Sprint,,,,,,
Kansas,Walmart,,,,,,
Kansas,Walmart,,,,,,
Kansas,Walmart,,,,,,
Kansas,QuadGraphics,,,,,,
Kansas,PolyOne,,,,,,
Kansas,Zumiez,,,,,,
Kansas,The Wichita Eagle,,,,,,
Kansas,Sprint,,,,,,
Kansas,Machine Laboratory,,,,,,
Kansas,Arvos Group,,,,,,
Kansas,Arvos,,,,,,
Kansas,Ray E. Dillon Living Center,,,,,,
Kansas,Ray E. Dillon Living Center,,,,,,
Kansas,"Affliated Foods Midwest Cooperative, Inc.",,,,,,
Kansas,Anadarko Petroleum Corporation,,,,,,
Kansas,LSI MidWest Lighting Inc,,,,,,
Kansas,"Impresa Aerospace, LLC",,,,,,
Kansas,NetApp,,,,,,
Kansas,Via Christi Health,,,,,,
Kansas,Amazon,,,,,,
Kansas,"Sodexo, Inc.",,,,,,
Kansas,"General Motors, LLC",,,,,,
Kansas,Sears Holding,,,,,,
Kansas,Sears Holding,,,,,,
Kansas,Cornerstones of Care,,,,,,
Kansas,Central Credit Services LLC,Overland Park,66211,,,,
Kansas,Siemens,,,,,,
Kansas,People's Inc.,,,,,,
Kansas,SKF USA Inc.,,,,,,
Kansas,Payless Shoesource,,,,,,
Kansas,"Digital Ally, Inc.",,,,,,
Kansas,CHS Inc.,,,,,,
Kansas,AT&T,,,,,,
Kansas,"Teva Pharmaceuticals USA, Inc.",,,,,,
Kansas,Payless Shoesource,,,,,,
Kansas,Sprint,,,,,,
Kansas,Kmart,,,,,,
Kansas,Sprint,,,,,,
Kansas,MB Financial Bank,,,,,,
Kansas,Durham School Services,,,,,,
Kansas,Dean & Deluca,,,,,,
Kansas,"Premiere Global Services, Inc.",,,,,,
Kansas,Sprint,,,,,,
Kansas,Toys R Us,,,,,,
Kansas,Walmart,,,,,,
Kansas,CSRA,,,,,,
Kansas,Anthem,,,,,,
Kansas,"Pacific Sunwear of California, LLC",,,,,,
Kansas,"Mercy Health Kansas Communities, Inc., d/b/a Mercy",,,,,,
Kansas,"Hooper Holmes, Inc.",,,,,,
Kansas,Brinks Home Security,,,,,,
Kansas,Beaty Brands,,,,,,
Kansas,Lee Brand,,,,,,
Kansas,"XPO Logistics Worldwide, Inc.",,,,,,
Kansas,"Payless ShoeSource, Inc.",,,,,,
Kansas,Taylor Communications,,,,,,
Kansas,Walmart,,,,,,
Kansas,NWI Kansas City LLC,,,,,,
Kansas,Concentrix CVG Corporation,,,,,,
Kansas,Waddell & Reed,,,,,,
Kansas,Nestle,,,,,,
Kansas,Honeywell Aerospace,,,,,,
Kansas,"Hy-Vee, Inc.",,,,,,
Kansas,JLL,,,,,,
Kansas,Saint Luke's Cushiing Hospital,,,,,,
Kansas,"Lippert Componenets, Inc.",Newton,67114,,,,
Kansas,"Cowley Distributing, Inc",,,,,,
Kansas,"Cowley Distributing, Inc.",,,,,,
Kansas,Cerner,,,,,,
Kansas,"Home Credit US, LLC",,,,,,
Kansas,"Spirit AeroSystems, Inc.",,,,,,
Kansas,JC Penney,,,,,,
Kansas,"Schenker, Inc.",,,,,,
Kansas,Transform LM LLC,,,,,,
Kansas,Detroit Diesel Remanufacturing,,,,,,
Kansas,Concentrix,,,,,,
Kansas,Sumner Community Hospital,,,,,,
Kansas,the Marriott Kansas City,,,,,,
Kansas,"Ahern Rentals, Inc",,,,,,
Kansas,Jones Lang LaSalle,,,,,,
Kansas,RA Sushi,,,,,,
Kansas,Paper Source,,,,,,
Kansas,Detroit Diesel Remanufacturing LLC,,,,,,
Kansas,"Mid-Kansas Investment, Inc",,,,,,
Kansas,Jim's Formal Wear,,,,,,
Kansas,"Midwest Automotive, Inc. dba Midwest Kia",,,,,,
Kansas,"Rusty Eck Ford, Inc.",,,,,,
Kansas,Greater Wichita YMCA,,,,,,
Kansas,Midwest KIA,,,,,,
Kansas,Rusty Eck Ford,,,,,,
Kansas,YMCA,,,,,,
Kansas,Cinemark USA Inc.,,,,,,
Kansas,"Leonard's Metal, Inc. dba LMI Aerospace",,,,,,
Kansas,"Valent Aerostructures LLC, dba LMI Aerospace",,,,,,
Kansas,"Leonard's Metal, Inc., dba LMI Aerospace",,,,,,
Kansas,"Pinnacle Heathcare System, Inc.",,,,,,
Kansas,Brinks Home Security,,,,,,
Kansas,"Airxcel, Inc - RV Products",,,,,,
Kansas,Visionworks,,,,,,
Kansas,Visionworks,,,,,,
Kansas,"OS Restaurant Services, LLC",,,,,,
Kansas,Enterprise Holdings,,,,,,
Kansas,Regal Cinemas,,,,,,
Kansas,Regal Cinemas,,,,,,
Kansas,Black Bear Diner,,,,,,
Kansas,"Spirit AeroSystems, Inc",,,,,,
Kansas,Topeka Capital Plaza,,,,,,
Kansas,"Kauffman Engineering, Inc.",,,,,,
Kansas,Enterprise Holdings,,,,,,
Kansas,DB Schenker Inc,,,,,,
Kansas,Exide Technoloies,,,,,,
Kansas,Exide Technologies,,,,,,
Kansas,"Kansas Star Casino, Hotel and Event Center",,,,,,
Kansas,Sheraton Overland Park Hotel,,,,,,
Kansas,Hollywood Casino,,,,,,
Kansas,Marriott International Customer Engagement Center,,,,,,
Kansas,T-Mobile,,,,,,
Kansas,"Textron Aviation, Inc",,,,,,
Kansas,Exacta Aerospace,,,,,,
Kansas,T-Mobile,,,,,,
Kansas,Compass Group (Canteen /Company Kitchen),,,,,,
Kansas,Charles River,,,,,,
Kansas,Cerner,,,,,,
Kansas,Hollywood Casino,,,,,,
Kansas,Textron Aviation Inc.,,,,,,
Kansas,Exacta,,,,,,
Kansas,"Spirit AeroSystems, Inc.",,,,,,
Kansas,Signify,,,,,,
Kansas,Exacta Aerospace,,,,,,
Kansas,Sheraton Overland Park at the Convention Center,,,,,,
Kansas,T-Mobile,,,,,,
Kansas,Maximus KanCare Clearinghouse,,,,,,
Kansas,Siemens,Hutchinson,67501,,,,
Kansas,Learjet,Wichita,67209,,,,
Kansas,"Forest River, Inc.",Salina,67401,,,,
Kansas,Medova Healthcare,Wichita,67226,,,,
Kansas,"Chewy, Inc.",Edgerton,66021,,,,
Kansas,Waddell & Reed,Mission,66202,,,,
Kansas,"Cowley Distributing, Inc.",Jefferson City,65109,,,,
Kansas,"Cowley Distributing, Inc.",Jefferson City,65109,,,,
Kansas,PAE,Falls Church,22043,,,,
Kansas,Wesley Rehabilitation Hospital,Wichita,67212,,,,
Kansas,Siemens,Hutchinson,67501,,,,
Kansas,Smithfield,Kansas City,66111,,,,
Kansas,Siemens,Hutchinson,67501,,,,
Kansas,SSB Manufacturing Company,Lenexa,66227,,,,
Kansas,Amemtum PAE,Overland Park,66213,,,,
Kansas,Masterbrand,Newton,67114,,,,
Kansas,"VVF Kansas Services, LLC",Kansas City,66105,,,,
Kansas,AGI Suretrack LLC (AGI),Leawood,66211,,,,
Kansas,John Deere,Coffeyville,67337,,,,
Kansas,HealthHelp,Houston,77060,,,,
Kansas,Sonoco Products,Hutchinson,67501,,,,
Kansas,Durham School Services,Andover,67002,,,,
Kansas,Sonoco,Hutchinson,67501,,,,
Kansas,"Husky Liners, Inc",Wichita,67219,,,,
Kansas,"Husky Liners, Inc",Winfield,67156,,,,
Kansas,Walmart,Overland Park,66212,,,,
Kansas,"Compass Group USA, Inc.",Hays,67601,,,,
Kansas,"Packers Sanitation Services, Inc.",Dodge City,67801,,,,
Kansas,"PPC Flexible Packaging, LLC",Mission,66202,,,,
Kansas,National Safety Apparel,Cleveland,44135,,,,
Kansas,PT Solutions,Atlanta,30339,,,,
Kansas,Yellow Corp,Washington,20001,,,,
Kansas,Sheridan,Lawrence,66044,,,,
Kansas,Yellow Corporation,Washington,20001,,,,
Kansas,Unidine,Wichita,67226,,,,
Kansas,Valu Merchandisers Company,Fort Scott,66701,,,,
Kansas,Timken Belts,Fort Scott,66701,,,,
Kansas,Silgan Dispensing Systems Corporation,Winfield,67156,,,,
Kansas,John Deere Coffeyville Works,Coffeyville,67337,,,,
Kansas,Saint Francis MInistries,Wichita,67218,,,,
Kansas,Convey Health Solutions,Lenexa,66219,,,,
Kansas,Walmart,Edgerton,66021,,,,
Kansas,Legacy,Kansas City,66106,,,,
Kansas,Hostess Brands,Lenexa,66215,,,,
Kansas,Penske Logistics LLC,Kansas City,66115,,,,
Kansas,OPmobility,Kansas City,66115,,,,
Kansas,"Comprehensive Logistics, Inc LLC",Kansas City,66115,,,,
Kansas,General Motors LLC,Kansas City,66115,,,,
Kansas,"Vimo, Inc. dba GetInsured",Junction City,66441,,,,
Kansas,Caterpillar,Wamego,66547,,,,
Kansas,D&A Consulting Service,Mountain View,94043,,,,
Kansas,S&S Activewear,Edwardsville,66111,,,,
Kansas,"Jack Cooper Transport Company, LLC",Kansas City,66115,,,,
Kansas,"First Brands Group, LLC (Hopkins)",Emporia,66801,,,,
Kansas,"First Brands Group, LLC (Horizon Global)",Edgerton,66021,,,,
Kansas,"First Brands Group, LLC (Hopkins)",Edgerton,66030,,,,
Kansas,"Tyson Food, Inc.",Emporia,66801,,,,
Kansas,DEMDACO,Leawood,66209,,,,
Kansas,Coperion K-Tron,Salina,67401,,,,
Kansas,"SPO Management, LLC",Manhattan,66502,,,,
Kansas,Ashley Clinic/Southeast Kansas Mental Health Center,Iola,66749,,,,
Kansas,United BioSource LLC (UBC),Overland Park,66213,,,,
Kansas,"Gates Corporation ""Gates""",Iola,66749,,,,
Kansas,"Vornado Air, LLC.",Andover,67002,,,,
Kansas,TC Transcontinental,Lenexa,66219,,,,
Kansas,Unrivaled Teamwear,Manhattan,66502,,,,
Kansas,First Student,Cincinnati,45202,,,,
Kansas,Lowe's,Charlotte,28203,,,,
Kansas,ORBIS Corporation,Osage City,66523,,,,
Kansas,"Panera, LLC",Lenexa,66215,,,,
Kansas,Federal Express Corporation (FedEx),Wichita,67209,,,,
Kansas,"Veyer, LLC",Edwardsville,66111,,,,
Kentucky,Battelle Memorial Institute E3,,,07/06/2026,,,Bluegrass | Madison | 541715
Kentucky,Stella-Jones Corporation,,,07/01/2026,,,Western Kentucky | Fulton | 321114
Kentucky,"Aramark Campus, LLC",,,06/30/2026,,,Bluegrass | Fayette | 722310
Kentucky,"University of Kentucky College of Medicine, Department of Behavioral Science",,,06/30/2026,,,Bluegrass | Fayette | 611310
Kentucky,UK HealthCare-HIV Program Operations (KIRP),,,06/30/2026,,,Bluegrass | Fayette | 611310
Kentucky,Marsden Services LLC,Louisville,,05/10/2026,,,Kentuckiana Works | Jefferson
Kentucky,Legacy Supply Chain,Louisville,,06/06/2026,,,Kentuckiana Works | Jefferson
Kentucky,Bluegrass UPS Facility,Louisville,,06/02/2026,,,Kentuckiana Works | Jefferson
Kentucky,Battelle Memorial Institute E3,,,05/06/2026,,,Bluegrass | Madison | 541715
Kentucky,"FRAM First Brands Group, LLC",,,04/30/2026,,,Northern Kentucky | Boone | 423120
Kentucky,HGS CX TECHNOLOGIES INC.,,,03/31/2026,,,Bluegrass | Franklin | 541611
Kentucky,PARSONS CORPORATION,,,04/16/2026,,,Bluegrass | Madison | 541330
Kentucky,"T-Mobile USA, Inc.",Louisville,,04/02/2026,,,Kentuckiana Works | Jefferson | 517
Kentucky,Battelle Memorial Institute E3,,,04/02/2026,,,Bluegrass | Madison | 541715
Kentucky,Battelle Memorial Institute E3,,,03/05/2026,,,Bluegrass | Madison | 541715
Kentucky,PARSONS CORPORATION,,,03/26/2026,,,Bluegrass | Madison | 541330
Kentucky,Bechtel Parsons Blue Grass,,,03/20/2026,,,Bluegrass | Madison | 541330
Kentucky,Moveret,,,12/31/2025,,,Lincoln Trail | Hardin
Kentucky,Battelle Memorial Institute E3,,,02/18/2026,,,Bluegrass | Madison | 541715
Kentucky,Blue Oval SK Group/Battery Plant,,,02/14/2026,,,Lincoln Trail | Hardin | 335911
Kentucky,PARSONS CORPORATION,,,01/16/2026,,,Bluegrass | Madison | 541330
Kentucky,Thyssenkrupp,,,02/13/2026,,,Northern Kentucky | Boone | 332991
Kentucky,International Paper,Louisville,,01/15/2026,,,Kentuckiana Works | Jefferson | 322120
Kentucky,Fritz Winter North America LP,,,03/31/2026,,,South Central | Simpson | 336390
Kentucky,ARaymond Tinnerman Manufacturing,,,12/31/2026,,,TENCO | Fleming | 336370
Kentucky,CareAtHome Medical Practice (KY) P.S.C.,,,10/15/2025,,,Bluegrass | Fayette | 62
Kentucky,PARSONS CORPORATION,,,01/08/2026,,,Bluegrass | Madison | 541330
Kentucky,Comprehensive Logistics,,,12/31/2025,,,Northern Kentucky | Boone
Kentucky,Battelle Memorial Institute E3,,,10/30/2025,,,Bluegrass | Madison | 541715
Kentucky,Wayfair LLC - Erlanger Warehouse,,,09/30/2026,,,Northern Kentucky | Boone | 454390
Kentucky,PARSONS CORPORATION,,,12/18/2025,,,Bluegrass | Madison | 541330
Kentucky,Bechtel Parsons Blue Grass,,,12/18/2025,,,Bluegrass | Madison
Kentucky,Akebono Brake Corporation,,,12/31/2026,,,Lincoln Trail | Hardin | 336340
Kentucky,HJI Supply Chain Solutions,,,12/31/2025,,,Kentuckiana Works | Jefferson
Kentucky,Martinrea Heavy Stamping,,,12/05/2025,,,Kentuckiana Works | Shelby | 336390
Kentucky,"Leggett & Platt, Inc.",,,11/10/2025,,,Bluegrass | Scott | 337215
Kentucky,Kentucky Cooperage,,,10/19/2025,,,Lincoln Trail | Marion | 321920
Kentucky,AHF Products Manufacturing,,,12/12/2025,,,Cumberlands | Pulaski | 321920
Kentucky,Russellville Engineered Casting,,,08/22/2025,,,South Central | Logan | 331523
Kentucky,CVS MED CARE PHARMACY LLC,,,10/11/2025,,,Northern Kentucky | Boone | 456110
Kentucky,Battelle Memorial Institute E3,,,09/30/2025,,,Bluegrass | Madison | 541715
Kentucky,"Omniplex World Services, Corp",,,07/31/2025,,,Northern Kentucky | Boone | 561612
Kentucky,Constellis,,,07/31/2025,,,Northern Kentucky | Boone | 561612
Kentucky,"Omniplex World Services, Corp",,,07/31/2025,,,Northern Kentucky | Boone | 561612
Kentucky,"Omniplex World Services, Corp",,,07/31/2025,,,Northern Kentucky | Boone | 561612
Kentucky,Pearl Interactive,,,09/10/2025,,,Bluegrass | Clark | 561422
Kentucky,PARSONS CORPORATION,,,09/04/2025,,,Bluegrass | Madison | 541330
Kentucky,Levi Strauss & Co,,,08/18/2025,,,Northern Kentucky | Boone | 33993
Kentucky,Civil LLC - Harlan Truck Shop,,,08/02/2025,,,Harlan | Harlan | 811111
Kentucky,Civil LLC - Pikeville Engineer Office,,,08/02/2025,,,Pike | Pike | 541330
Kentucky,Civil LLC - Jenkins Mechanic Shop,,,08/02/2025,,,Pike | Pike | 811111
Kentucky,Yum! Brands Inc,Louisville,,09/30/2025,,,Kentuckiana Works | Jefferson
Kentucky,"Dakkota Integrated Systems, LLC",,,07/01/2025,,,Kentuckiana Works | Jefferson | 49311
Kentucky,"Dakkota Integrated Systems, Inc",Louisville,,07/01/2025,,,Kentuckiana Works | Jefferson | 49311
Kentucky,"Dakkota Related Systems, Inc",Louisville,,07/01/2025,,,Kentuckiana Works | Jefferson | 49311
Kentucky,"Dakkota Integrated Systems, Inc",Louisville,,08/01/2025,,,Kentuckiana Works | Jefferson | 49311
Kentucky,"Lockheed Martin, Rotary Mission Systems Business Area",Louisville,,06/30/2025,,,Kentuckiana Works | Jefferson | 336411
Kentucky,PARSONS CORPORATION,,,06/30/2025,,,Bluegrass | Madison | 541330
Kentucky,Laurel Grocery Company LLC,,,04/15/2025,,,Cumberlands | Laurel | 424410
Kentucky,Kentucky BioProcessing Inc,,,07/02/2025,,,Green River | Daviess | 3254
Kentucky,"IV Media, LLC",,,05/23/2025,,,South Central | Warren | 51
Kentucky,Danimer Scientific - Main,,,03/21/2025,,,Bluegrass | Clark | 541715
Kentucky,Danimer Scientific - Extrusion,,,03/21/2025,,,Bluegrass | Clark | 325211
Kentucky,Parsons Corporation,,,05/15/2025,,,Bluegrass | Madison | 541330
Kentucky,Battelle Memorial Institute E3,,,05/08/2025,,,Bluegrass | Madison | 541715
Kentucky,Diageo North America Stitzel-Weller Distillery,Louisville,,04/30/2025,,,Kentuckiana Works | Jefferson | 312140
Kentucky,"IV Media, LLC",,,03/31/2025,,,South Central | Warren | 51
Kentucky,Amentum,,,03/27/2025,,,Bluegrass | Madison | 562910
Kentucky,BANDO USA INC,,,03/28/2025,,,South Central | Warren | 326220
Kentucky,Parsons Corporation,,,03/27/2025,,,Bluegrass | Madison | 541330
Kentucky,Brown-Forman Cooperage,Louisville,,04/25/2025,,,Kentuckiana Works | Jefferson | 312140
Kentucky,Get Insured,,,02/19/2025,,,Out of State | 524210
Kentucky,Jack Cooper Transport,Louisville,,01/31/2025,,,Kentuckiana Works | Jefferson | 484220
Kentucky,Jack Cooper Transport (Grade Lane Facility),Louisville,,01/31/2025,,,Kentuckiana Works | Jefferson | 484220
Kentucky,Federal Express Corporation,,,03/03/2025,,,Bluegrass | Fayette | 492110
Kentucky,"Whitney M. Young, Jr. Job Corps Center",,,01/31/2025,,,Kentuckiana Works | Shelby | 611519
Kentucky,"IV Media, LLC",,,02/24/2025,,,South Central | Warren | 51
Kentucky,"Bel USA, Inc",,,02/10/2025,,,Lincoln Trail | Hardin | 311513
Kentucky,Bechtel National Inc,,,01/16/2025,,,Bluegrass | Madison | 237990
Kentucky,Excel Mining LLC - MC Mining Preparation Plant,,,01/15/2025,,,EKCEP | Pike | 2121
Kentucky,MC Mining Complex - Excel Mining,,,01/15/2025,,,EKCEP | Pike | 2121
Kentucky,Amentum,,,01/15/2025,,,Bluegrass | Madison | 562920
Kentucky,Parsons Corporation,,,01/16/2025,,,Bluegrass | Madison | 541330
Kentucky,"Avante Health, Inc",Louisville,,11/25/2024,,,Kentuckiana Works | Jefferson | 423450
Kentucky,"Wayfair LLC, Florence Outlet",Florence,,12/31/2024,,,Northern Kentucky | Boone | 449110
Kentucky,Venminder,,,12/15/2024,,,Lincoln Trail | Hardin | 513210
Kentucky,Kodi Collective LLC,,,11/30/2024,,,Bluegrass | Boyle | 323120
Kentucky,"Midwest Transport, Inc.",,,09/09/2024,,,4841
Kentucky,Jabil Inc,,,12/06/2024,,,Northern Kentucky | Boone | 336390
Kentucky,"Cygnus Home Service, LLC/Schwans Home Services/Yelloh",Louisville,,11/22/2024,,,Kentuckiana Works | Jefferson | 722330
Kentucky,White Castle Distributing LLC,Covington,,11/22/2024,,,Northern Kentucky | Kenton | 424420
Kentucky,Newgistics (Pitney Bowes),Hebron,,09/17/2024,,,Northern Kentucky | Boone | 541614
Kentucky,TechStyle Fashion Group - Fabletics Inc,Louisville,,07/10/2024,,,Kentuckiana Works | Jefferson | 493110
Kentucky,"Daramic, LLC",,,07/08/2024,,,Green River | Daviess | 335991
Kentucky,ARC Automotive Inc,,,06/21/2024,,,South Central | Butler | 336390
Kentucky,"Furhaven Pet Products, Inc.",,,08/07/2024,,,Northern Kentucky | Boone | 45459
Kentucky,HDT Global,,,12/31/2024,,,Northern Kentucky | Boone | 332999
Kentucky,Hunter Defense Technologies Inc.,,,07/31/2024,,,Northern Kentucky | Boone | 314999
Kentucky,Schwans Home Service - Burlington / Cygnus/ Yelloh,,,07/27/2024,,,Northern Kentucky | Boone | 722330
Kentucky,"Cygnus Home Service, LLC / Schwans Home Service / Yelloh - Winchester",,,07/27/2024,,,Bluegrass | Clark | 722330
Kentucky,"Cygnus Home Service, LLC / Schwans Home Services / Yelloh",,,07/27/2024,,,EKCEP | Floyd | 722330
Kentucky,"Cygnus Home Service, LLC / Schwans Shared Service / Yelloh - London",,,07/27/2024,,,Cumberlands | Laurel | 722330
Kentucky,SCHWANS HOME SERVICE/ Cygnus Home Service/ Yelloh,,,07/27/2024,,,South Central | Warren | 722330
Kentucky,Wheels Up,,,06/16/2024,,,Northern Kentucky | Kenton | 336411
Kentucky,Quanex Building Products,,,06/07/2024,,,Bluegrass | Madison | 326199
Kentucky,Packers Sanitation Services Inc. (PSSI),,,03/31/2024,,,Green River | Daviess | 561720
Kentucky,"PACKERS SANITATION SERVICES, INC",,,03/15/2024,,,Western Kentucky | Graves | 541620
Kentucky,Guess Inc,Louisville,,05/06/2024,,,Kentuckiana Works | Jefferson | 493110
Kentucky,Pride Mine (formerly Survant Mine),,,04/29/2024,,,Western Kentucky | Muhlenberg | 21211
Kentucky,Wolverine Worldwide 502,Louisville,,05/03/2024,,,Kentuckiana Works | Jefferson | 316200
Kentucky,"Computer World Services, Corp (CWS)",,,03/29/2024,,,EKCEP | Knox | 561611
Kentucky,Michael's College of Hair Design,,,01/24/2024,,,Northern Kentucky | Boone | 611511
Kentucky,"TF-Metal USA, LLC",,,03/14/2024,,,Northern Kentucky | Boone | 336110
Kentucky,Piston Automotive,,,04/19/2024,,,Bluegrass | Scott | 336350
Kentucky,GDI Integrated Facility Services,,,01/08/2024,,,Kentuckiana Works | Bullitt | 561720
Kentucky,GDI Integrated Facility Services,,,01/08/2024,,,Kentuckiana Works | Bullitt | 561720
Kentucky,GDI Integrated Facility Services,,,01/08/2024,,,Kentuckiana Works | Bullitt | 561720
Kentucky,GDI Integrated Facility Services,,,01/08/2024,,,Kentuckiana Works | Bullitt | 561720
Kentucky,GDI Integrated Facility Services,,,03/05/2024,,,Bluegrass | Fayette | 561720
Kentucky,GDI Integrated Facility Services,,,03/05/2024,,,Cumberlands | Taylor | 561720
Kentucky,GDI Integrated Facility Services,,,03/05/2024,,,Bluegrass | Fayette | 561720
Kentucky,"Electro Cycle, Inc.",,,01/04/2024,,,Western Kentucky | Hopkins | 331400
Kentucky,Radial Fulfillment Center,,,02/29/2024,,,Kentuckiana Works | Jefferson | 541714
Kentucky,OIA Global,,,01/12/2024,,,Northern Kentucky | Boone | 423840
Kentucky,Charter Communications,,,01/05/2024,,,Northern Kentucky | Boone | 561422
Kentucky,Cyngus Home Services LLC dba Yelloh,,,01/27/2024,,,Bluegrass | Franklin | 424420
Kentucky,"CEVA Logistics, LLC",,,10/23/2023,,,Kentuckiana Works | Jefferson | 488510
Kentucky,Just Save,,,09/27/2023,,,Northern Kentucky | Carroll | 445110
Kentucky,Toyo Automotive,,,10/31/2023,,,South Central | Simpson | 326291
Kentucky,Encore of Bowling Green ADHC,,,09/30/2023,,,South Central | Barren | 624120
Kentucky,YRC Freight - Yellow Corporation,,,07/30/2023,,,Bluegrass | Fayette | 484110
Kentucky,YRC Freight - Yellow Corporation,,,07/30/2023,,,Western Kentucky | McCracken | 484110
Kentucky,YRC Freight - Yellow Corporation,,,07/30/2023,,,South Central | Warren | 484110
Kentucky,Ficosa North American Corporation,,,12/30/2023,,,Kentuckiana Works | Shelby | 336390
Kentucky,Wellmore Energy Company LLC - Elk Creek,,,09/10/2023,,,EKCEP | Out of State | 2121
Kentucky,Wellmore Energy Company LLC - Paw Paw 2 South,,,09/10/2023,,,EKCEP | Out of State | 2121
Kentucky,Wellmore Energy Company LLC - Paw Paw 2 North,,,09/10/2023,,,EKCEP | Out of State | 2121
Kentucky,Wellmore Energy Company LLC - Surface Minerals #1,,,09/10/2023,,,EKCEP | Out of State | 2121
Kentucky,United Coal - Wellmore Energy Company LLC,,,09/10/2023,,,EKCEP | Out of State | 2121
Kentucky,Wellmore Energy Company LLC - Black Watch Shop and Central Warehouse Departments,,,09/10/2023,,,EKCEP | Out of State | 2121
Kentucky,Wellmore Energy Company LLC - Laboratory Department,,,07/25/2023,,,EKCEP | Out of State | 2121
Kentucky,Wellmore Energy Company LLC - Black Watch #8 Prep Plant,,,07/25/2023,,,EKCEP | Out of State | 2121
Kentucky,PBS Radiology Experts,,,09/06/2023,,,Bluegrass | Fayette | 561440
Kentucky,Multi Color Corporation,,,12/31/2023,,,Bluegrass | Clark | 323111
Kentucky,KINGSFORD MANUFACTURING COMPANY,,,08/25/2023,,,South Central | Metcalfe | 324199
Kentucky,Daicel Safety Systems America LLC,,,08/15/2023,,,Green River | Ohio | 336390
Kentucky,Inmet Mining LLC,,,06/17/2023,,,"EKCEP | Harlan, Letcher | 2121"
Kentucky,"Kentucky Medical Services Foundation, Inc.",,,07/31/2023,,,Bluegrass | Fayette | 541219
Kentucky,"American Medical Response, Inc.",,,07/31/2023,,,Kentuckiana Works | Jefferson County - Louisville | 621910
Kentucky,Mercy Ambulance Services Inc,,,07/31/2023,,,Bluegrass | Fayette | 621910
Kentucky,Emerson Electric Company,,,09/30/2023,,,South Central | Logan | 334514
Kentucky,Pikeville Medical Center,,,07/31/2023,,,EKCEP | Pike | 722310
Kentucky,Encore ADHC,,,05/06/2023,,,Bluegrass | Fayette | 624120
Kentucky,"CEVA Logistics, LLC",,,07/06/2023,,,Kentuckiana Works | Jefferson | 488510
Kentucky,DHL Supply Chain (Formerly Exel),,,07/31/2023,,,Western Kentucky | Lyon | 541614
Kentucky,Talaris Therapeutics,,,04/28/2023,,,Kentuckiana Works | Jefferson | 541714
Kentucky,MHS Global Inc.,,,06/09/2023,,,Kentuckiana Works | Bullitt | 33392
Kentucky,Visible Supply Chain Management,,,06/06/2023,,,Bluegrass | Woodford | 541614
Kentucky,Coral Graphic Services Inc,,,05/20/2023,,,Kentuckiana Works | Jefferson County - Louisville | 323111
Kentucky,WestRock,,,04/17/2023,,,South Central | Warren | 322130
Kentucky,Napoleon (formally Wolf Steel USA),,,01/23/2023,,,Northern Kentucky | Grant | 332999
Kentucky,Gamestop Kentucky Fulfillment Center Shepherdsville,,,06/30/2023,,,Kentuckiana Works | Bullitt | 493110
Kentucky,TCO LLC,,,04/01/2023,,,EKCEP | Knox | 336323
Kentucky,RCS TRANSPORTATION LLC,,,03/31/2023,,,Kentuckiana Works | Shelby | 488210
Kentucky,BRINK'S COMPANY (THE),,,03/05/2023,,,Kentuckiana Works | Jefferson County - Louisville | 321199
Kentucky,Rail Crew Xpress,,,02/20/2023,,,Out of State | Out of the State County | 485320
Kentucky,Camping World East Coast Distribution Center,,,02/11/2023,,,South Central | Simpson | 44121
Kentucky,Peraton,,,03/26/2023,,,Lincoln Trail | Hardin
Kentucky,Pikeville Medical Center,,,12/31/2022,,,EKCEP | Pike | 621112
Kentucky,HelpWare Inc. - Mt. Sterling,,,09/23/2022,,,TENCO | Montgomery | 5614
Kentucky,ECLIPSE ADVANTAGE LLC,,,09/21/2022,,,Northern Kentucky | Boone | 48821
Kentucky,Pregis Corporation,,,12/31/2022,,,TENCO | Greenup | 313320
Kentucky,ECLIPSE ADVANTAGE LLC,,,09/30/2022,,,Northern Kentucky | Boone | 48821
Kentucky,American Red Cross,,,09/30/2022,,,Bluegrass | Fayette | 621610
Kentucky,Century Aluminum of Kentucky Hawesville,,,08/05/2022,,,Green River | Hancock | 331318
Kentucky,AMAZON IVSB - 3521 Point Pleasant,,,11/01/2022,,,Northern Kentucky | Boone | 454110
Kentucky,Elite Staffing Inc.,,,03/25/2022,,,Kentuckiana Works | Bullitt | 561331
Kentucky,WAL-MART #3610,,,04/22/2022,,,Kentuckiana Works | Jefferson | 452210
Kentucky,Castellini Group of Companies,,,03/19/2022,,,Northern Kentucky | Campbell | 424480
Kentucky,Scentsy Inc,,,04/01/2022,,,Bluegrass | Fayette | 454390
Kentucky,Mayfield Consumer Products,,,12/10/2021,,,Western Kentucky | Graves | 339999
Kentucky,Emerson - Greenlee (Greenlee Professional Tools),,,10/31/2022,,,Kentuckiana Works | Jefferson | 333517
Kentucky,Ryder Distribution Center at FRAM Group - Worldwide Blvd,,,12/31/2021,,,Northern Kentucky | Boone | 532120
Kentucky,Bluegrass Cellular-Elizabethtown,,,11/30/2021,,,Lincoln Trail | Hardin | 561110
Kentucky,Vitech Manufacturing LP,,,07/15/2022,,,Western Kentucky | Christian | 339999
Kentucky,Regis Woods Care and Rehab Center,,,10/16/2021,,,Kentuckianaworks | Jefferson | 62331
Kentucky,TRANE U.S. Inc.,,,09/30/2021,,,Bluegrass | Fayette | 333415
Kentucky,P-K Tool & Manufacturing Company,,,07/31/2021,,,Bluegrass | Madison | 336370
Kentucky,UPS Supply Chain Solutions,,,07/30/2021,,,Kentuckianaworks | Jefferson | 488510
Kentucky,Novitex Government Solutions,,,06/30/2021,,,Cumberlands | Laurel | 518210
Kentucky,PULAU Corporation,,,07/01/2021,,,Kentuckianaworks | Jefferson | 541330
Kentucky,The Forum At Brookside,,,05/01/2021,,,Kentuckianaworks | Jefferson | 623110
Kentucky,"Sodexo, Inc.",,,05/29/2021,,,Kentuckianaworks | Jefferson | 453998
Kentucky,Quickway Transportation Inc.,,,12/09/2020,,,Kentuckianaworks | Jefferson | 484121
Kentucky,Arroweye Solutions,,,04/23/2021,,,Kentuckianaworks | Jefferson | 454110
Kentucky,International Automotive Components,,,06/27/2021,,,Western Kentucky | Hopkins | 336360
Kentucky,Bluegrass Supply Chain and Services,,,04/03/2021,,,Kentuckianaworks | Bullitt | 541614
Kentucky,Courier-Journal,,,03/07/2021,,,Kentuckianaworks | Jefferson | 511110
Kentucky,McKesson Rx Technology Solutions,,,02/15/2021,,,Kentuckiana Works | Jefferson | 423450
Kentucky,Universal Protection Services,,,02/01/2021,,,South Central | Warren | 561612
Kentucky,"Delta Air Lines, Inc.",,,11/01/2020,,,Northern Kentucky | Boone | 30354
Kentucky,Campbell Hausfeld,,,01/15/2021,,,Lincoln Trail | Grayson | 333912
Kentucky,Central Bank Center/Lexington Center Corporation/Rupp Arena,,,03/13/2020,,,Bluegrass | Fayette | 72172
Kentucky,Meggitt Polymers and Composites - Erlanger,,,05/22/2020,,,Northern Kentucky | Kenton | 325211
Kentucky,Omni Hotels & Resorts,,,03/17/2020,,,Kentuckiana Works | Jefferson | 721110
Kentucky,ABM c/o The Hertz Corporation - CVG,,,10/04/2020,,,Northern Kentucky | Boone | 53211
Kentucky,"Eagle Manufacturing, LLC",,,10/31/2020,,,Northern Kentucky | Boone | 336370
Kentucky,SP+/Standard Parking/Central Parking-CVG,,,03/18/2020,,,Northern Kentucky | Kenton | 81293
Kentucky,"P.F. CHANG'S CHINA BISTRO, INC.",,,03/15/2020,,,Bluegrass | Fayette | 722511
Kentucky,"P.F. CHANG'S CHINA BISTRO, INC.",,,03/15/2020,,,Kentuckianaworks | Jefferson | 722511
Kentucky,AJS/Galt House Hotel & Suites,,,09/14/2020,,,Kentuckianaworks | Jefferson | 721110
Kentucky,STEEL CITY POPS LKY LLC,,,10/04/2020,,,Kentuckianaworks | Jefferson | 722511
Kentucky,Lexington Hyatt,,,03/15/2020,,,Bluegrass | Fayette | 721110
Kentucky,leadec Industrial Services,,,10/31/2020,,,Kentuckianaworks | Jefferson | 561720
Kentucky,WestRock Company,,,09/30/2020,,,Cumberlands | Pulaski | 3221
Kentucky,Vino Volo,,,04/05/2020,,,Northern Kentucky | Boone | 72251
Kentucky,Republic Airline Inc.,,,10/01/2020,,,Kentuckianaworks | Jefferson | 541618
Kentucky,P.L. Marketing,,,08/15/2020,,,Northern Kentucky | Campbell | 541613
Kentucky,Paradies Lagardere Travel Retail - CVG,,,03/29/2020,,,Northern Kentucky | Kenton | 453220
Kentucky,American Queen Steamboat Company,,,09/24/2020,,,Kentuckianaworks | Jefferson | 561510
Kentucky,CAM Mining LLC,,,09/20/2020,,,EKCEP | Pike | 213113
Kentucky,Rhino Energy LLC,,,09/20/2020,,,Bluegrass | Fayette | 213113
Kentucky,Rhino Group LLC,,,09/20/2020,,,Bluegrass | Fayette | 213113
Kentucky,"Kenco Logistic Services, LLC",,,09/27/2020,,,Kentuckianaworks | Jefferson | 541614
Kentucky,Valassis,,,09/30/2020,,,Northern Kentucky | Boone | 541800
Kentucky,White Lodging Services Corporation-Marriott Louisville,,,07/02/2020,,,Kentuckianaworks | Jefferson | 722110
Kentucky,White Lodging Services Corporation-Hotel Distil,,,07/02/2020,,,Kentuckianaworks | Jefferson | 722110
Kentucky,CC Metals and Alloys,,,07/01/2020,,,Western Kentucky | Marshall | 33111
Kentucky,Stemco Products Inc,,,08/28/2020,,,Bluegrass | Madison | 336340
Kentucky,T-Mobile,,,06/16/2020,,,Kentuckianaworks | Jefferson | 517210
Kentucky,RYDER TRUCK-Burlington KY,,,08/12/2020,,,Northern Kentucky | Boone | 493110
Kentucky,Jacobsen|Daniel’s Enterprise Inc.-SDF,,,06/12/2020,,,Kentuckianaworks | Jefferson | 488190
Kentucky,Jacobsen|Daniels Enterprise Inc. - CVG,,,06/12/2020,,,Northern Kentucky | Boone | 488190
Kentucky,Arandell,,,06/19/2020,,,Northern Kentucky | Boone | 54130
Kentucky,AMERICAN WOODMARK CORPORATION,,,05/29/2020,,,Cumberlands | Wayne | 337110
Kentucky,Global Experience Specialists Exposition Services Inc,,,03/15/2020,,,Northern Kentucky | Boone | 561990
Kentucky,21c Museum Hotel Louisville - MGallery,,,05/15/2020,,,Kentuckianaworks | Jefferson | 721110
Kentucky,MSSC,,,09/30/2020,,,Western Kentucky | Christian | 332613
Kentucky,21c Museum Hotel Lexington,,,05/28/2020,,,Bluegrass | Fayette | 721110
Kentucky,Enterprise Holdings,,,03/23/2020,,,Northern Kentucky | Boone | 532111
Kentucky,Dal-Tile Corporation,,,07/17/2020,,,Green River | Hancock | 23840
Kentucky,Redhawk Mining LLC,,,05/14/2020,,,EKCEP | Floyd | 213113
Kentucky,Atrium Hospitality-Holiday Inn Bowling Green,,,03/12/2020,,,South Central | Warren | 151026
Kentucky,Fruit of The Loom,,,05/03/2020,,,South Central | Warren | 315190
Kentucky,Domtar Paper Company LLC,,,05/04/2020,,,Green River | Hancock | 322121
Kentucky,Hendrickson USA,,,04/27/2020,,,Cumberlands | Pulaski | 336390
Kentucky,Copart,,,04/27/2020,,,Bluegrass | Fayette | 423110
Kentucky,Bloomin' Brands Inc.,,,03/15/2020,,,Statewide | Statewide | 722511
Kentucky,Enterprise Rent-A-Car,,,04/30/2020,,,Kentuckianaworks | Jefferson | 532111
Kentucky,"Leggett & Platt, Inc",,,04/14/2020,,,Lincoln Trail | Grayson | 423210
Kentucky,Enterprise Rent-A-Car,,,03/20/2020,,,Kentuckianaworks | Jefferson | 532111
Kentucky,"EAN Holdings, LLC dba/Enterprise Rent-A-Car/Alamo/National",,,03/20/2020,,,Bluegrass | Fayette | 532111
Kentucky,"Visionworks, Inc.",,,04/04/2020,,,Statewide | Statewide | 446130
Kentucky,BOGE Rubber & Plastics USA LLC,,,03/30/2020,,,Northern Kentucky | Boone | 326220
Kentucky,CLARK Material Handling Company,,,04/15/2020,,,Bluegrass | Fayette | 33392
Kentucky,AVIS BUDGET CAR RENTAL LLC - CVG,,,03/13/2020,,,Northern Kentucky | Boone | 532111
Kentucky,AVIS BUDGET CAR RENTAL LLC-Louisville,,,03/13/2020,,,Kentuckianaworks | Jefferson | 532111
Kentucky,"Leggett & Platt, Inc.",,,03/27/2020,,,Bluegrass | Clark | 33791
Kentucky,"Leggett & Platt, Inc.",,,03/27/2020,,,Bluegrass | Scott | 337215
Kentucky,Jacobsen|Daniels - CVG,,,03/27/2020,,,Northern Kentucky | Boone | 488190
Kentucky,Newport Aquarium LLC,,,04/20/2020,,,Northern Kentucky | Campbell | 712130
Kentucky,Bedding Acquisition LLC-Hollander Sleep Products,,,04/03/2020,,,Kentuckianaworks | Jefferson | 337910
Kentucky,GUESS Distribution Center,,,04/02/2020,,,Kentuckianaworks | Jefferson | 423990
Kentucky,Glidewell Laboratories-Crown World Dental Lab,,,03/27/2020,,,Kentuckianaworks | Jefferson | 339116
Kentucky,Vitro Automotive/Pittsburgh Glass Works,,,03/23/2020,,,Bluegrass | Madison | 561311
Kentucky,Ephraim McDowell Health,,,04/10/2020,,,Bluegrass | Boyle | 62111
Kentucky,Groupon Goods KY Fulfillment Center,,,06/07/2020,,,Northern Kentucky | Boone | 488510
Kentucky,Jennie Stuart Medical Center,,,04/07/2020,,,Western Kentucky | Christian | 62211
Kentucky,Safran Landing Systems Kentucky,,,04/12/2020,,,Northern Kentucky | Boone | 336413
Kentucky,HMS Host - CVG Airport,,,03/17/2020,,,Northern Kentucky | Boone | 72251
Kentucky,Hendrickson,,,04/13/2020,,,Lincoln Trail | Marion | 423110
Kentucky,Communicare and Communicare Services - Elizabethtown,,,03/20/2020,,,Lincoln Trail | Hardin | 623110
Kentucky,Communicare and Communicare Services - Bardstown,,,03/20/2020,,,Lincoln Trail | Nelson | 623110
Kentucky,Communicare and Communicare Services - Radcliff,,,03/20/2020,,,Lincoln Trail | Hardin | 623110
Kentucky,Communicare and Communicare Clinic - Radcliff,,,03/20/2020,,,Lincoln Trail | Hardin | 623110
Kentucky,Communicare and Communicare Services - Springfield,,,03/20/2020,,,Lincoln Trail | Washington | 623110
Kentucky,Communicare and Communicare Clinic - Lebanon,,,03/20/2020,,,Lincoln Trail | Marion | 623110
Kentucky,Communicare and Communicare Services - Lebanon,,,03/20/2020,,,Lincoln Trail | Marion | 623110
Kentucky,Communicare Services - Leitchfield,,,03/20/2020,,,Lincoln Trail | Hardin | 623110
Kentucky,Communicare and Communicare Services - Brandenburg,,,03/20/2020,,,Lincoln Trail | Hardin | 623110
Kentucky,Communicare and Communicare Clinic LLC - Hardinsburg,,,03/20/2020,,,Lincoln Trail | Breckinridge | 623110
Kentucky,HOOTERS of America LLC,,,03/16/2020,,,Statewide | Statewide | 722511
Kentucky,Jackson Warewashing Systems,,,04/06/2020,,,EKCEP | Knox | 423440
Kentucky,HUHTAMAKI INC,,,04/05/2020,,,Western Kentucky | Christian | 333999
Kentucky,IHG Army Hotels & Holiday Inn Express,,,03/20/2020,,,Lincoln Trail | Hardin | 721110
Kentucky,SCHULTE COMPANIES,,,03/16/2020,,,Kentuckianaworks | Jefferson | 721110
Kentucky,THE MUHLENBERG COUNTY COAL COMPANY,,,06/02/2020,,,Western Kentucky | Muhlenberg | 21211
Kentucky,The Western Kentucky Coal Company,,,06/02/2020,,,Green River | Ohio | 212111
Kentucky,MURRAY EQUIPMENT & MACHINE INC,,,06/02/2020,,,Bluegrass | Bourbon | 333131
Kentucky,Galt House Hotel & Suites,,,03/30/2020,,,Kentuckianaworks | Jefferson | 721110
Kentucky,Crowne Plaza Hotel,,,03/30/2020,,,Kentuckianaworks | Jefferson | 721110
Kentucky,Embassy Suites Jefferson Co - Louisville,,,03/30/2020,,,Kentuckianaworks | Jefferson | 541611
Kentucky,ALJSCO,,,03/30/2020,,,Kentuckianaworks | Jefferson | 541611
Kentucky,AJS Hotels,,,03/30/2020,,,Kentuckianaworks | Jefferson | 721110
Kentucky,Paper Source,,,03/29/2020,,,Kentuckianaworks | Jefferson | 424110
Kentucky,Cinemark USA Inc.,,,03/26/2020,,,Statewide | Statewide | 512131
Kentucky,CONIFER REVENUE CYCLE SOLUTIONS LLC,,,05/29/2020,,,Kentuckianaworks | Jefferson | 621999
Kentucky,Dean Dairy Holding LLC,,,04/16/2020,,,Kentuckianaworks | Jefferson | 112990
Kentucky,Lakeshore Learning Materials,,,04/07/2020,,,Bluegrass | Woodford | 493110
Kentucky,Sumitomo Electric Wiring Systems Edmonton Plant 4,,,03/23/2020,,,South Central | Metcalfe | 238210
Kentucky,Beacon Orthopaedics and Sports Medicine,,,03/28/2020,,,Northern Kentucky | Kenton County | 621112
Kentucky,AMERICAS AUTO AUCTION BOWLING GREEN,,,03/17/2020,,,South Central | Warren | 425120
Kentucky,Driven Brands Take 5 Oil Change (5 Locations),,,03/22/2020,,,Northern Kentucky | Boone | 811118
Kentucky,STEEL CITY POPS LKY LLC,,,03/23/2020,,,Kentuckianaworks | Jefferson | 722511
Kentucky,HILTON LEXINGTON DOWNTOWN HOTEL,,,03/20/2020,,,Bluegrass | Fayette | 561110
Kentucky,"Trans States Airlines, LLC",,,04/02/2020,,,Kentuckianaworks | Jefferson | 488190
Kentucky,Simpler Postage Inc.,,,05/10/2020,,,Kentuckianaworks | Jefferson | 561431
Kentucky,International Automotive Components,,,04/18/2020,,,Western Kentucky | Hopkins | 336360
Kentucky,"Conduent Federal Solutions, LLC.",,,04/25/2020,,,Cumberlands | Laurel | 58121
Kentucky,DeliveryForce,,,04/16/2020,,,Northern Kentucky | Boone | 492110
Kentucky,"IPSCO Tubulars (KY), L.L.C.",,,04/05/2020,,,Northern Kentucky | Campbell | 425120
Kentucky,"Oour Lady of Bellefonte Hospital, L.L.C.",,,03/31/2020,,,TENCO | Boyd | 622000
Kentucky,Murray State University,,,04/10/2020,,,Western Kentucky | Calloway | 611310
Kentucky,First America/First Transit,,,03/31/2020,,,Kentuckianaworks | Jefferson | 485999
Kentucky,LSC Communications US,,,03/16/2020,,,South Central | Barren | 323117
Kentucky,Grant County Foods LLC,,,03/09/2020,,,Northern Kentucky | Grant | 424480
Kentucky,Crosset Company LLC,,,03/09/2020,,,Northern Kentucky | Kenton | 424990
Kentucky,Ficosa North American Corporation,,,04/01/2020,,,Kentuckianaworks | Shelby | 336390
Kentucky,"The Western Kentucky Coal Company, LLC Genesis Mine",,,02/24/2020,,,Green River | Ohio | 212111
Kentucky,PAE Visa Support Services (VSS),,,02/28/2020,,,Cumberlands | Whitley | 561210
Kentucky,Webster County Coal Dotiki Mine,,,02/07/2020,,,Green River | Webster | 212112
Kentucky,MTD Products Inc,,,01/17/2020,,,Lincoln Trail | Grayson | 444220
Kentucky,"Ebonite International, Inc.",,,01/14/2020,,,Western Kentucky | Christian | 453998
Kentucky,Bekaert Corporation,,,01/13/2020,,,Kentuckianaworks | Shelby | 331222
Kentucky,Nally & Hamilton Enterprises Inc Balkan area Mines and Facilities,,,01/01/2020,,,EKCEP | Bell | 212111
Kentucky,"Nally & Hamilton Enterprises Inc Bailey's Creek, Cranks Creek & Day Branch Mines",,,01/01/2020,,,EKCEP | Harlan | 212111
Kentucky,Nally & Hamilton Enterprise Inc Stinnett Mine,,,01/01/2020,,,EKCEP | Leslie | 212111
Kentucky,Nally & Hamilton Enterprises Inc Stinnett Mine -London,,,01/01/2020,,,Cumberlands | Laurel | 212111
Kentucky,Nally & Hamilton Enterprise Inc,,,01/01/2020,,,EKCEP | Harlan | 212111
Kentucky,AECOM,,,12/29/2019,,,Western Kentucky | Christian | 541310
Kentucky,INOAC PACKAGING GROUP INC,,,11/12/2019,,,Lincoln Trail | Nelson | 326160
Kentucky,Pennyrile Energy LLC- RiverEdge Mine,,,11/01/2019,,,Green River | McLean | 212112
Kentucky,AK Steel -Ashland Works,,,11/04/2019,,,TENCO | Boyd | 331222
Kentucky,BRIGGS & STRATTON CORPORATION,,,09/27/2019,,,Western Kentucky | Calloway | 333112
Kentucky,FFO Home,,,10/01/2019,,,Kentuckianaworks | Jefferson | 442110
Kentucky,TMK IPSCO Tubulars (KY),,,09/24/2019,,,Northern Kentucky | Campbell | 425120
Kentucky,Red Ventures,,,10/31/2019,,,Bluegrass | Fayette | 524210
Kentucky,"Sykes Enterprises, Inc.",,,09/03/2019,,,EKCEP | Perry | 541910
Kentucky,"HOLLANDER SLEEP PRODUCTS, LLC",,,08/21/2019,,,South Central | Hart | 337910
Kentucky,CEVA LOGISTICS US INC,,,08/18/2019,,,Kentuckianaworks | Jefferson | 484121
Kentucky,Harman International,,,08/02/2019,,,South Central | Simpson | 334310
Kentucky,Union Underwear Company/ Fruit of The Loom,,,07/22/2019,,,South Central | Warren | 315190
Kentucky,Concentrix CVG Corp.- formally Convergys,,,09/30/2019,,,Northern Kentucky | Kenton | 518210
Kentucky,"New Vista Behavioral Healthcare, Inc",,,06/01/2019,,,Cumberlands | Pulaski | 621999
Kentucky,Continuum Global Solutions,,,06/21/2019,,,Bluegrass | Fayette | 488320
Kentucky,CSXT-Russell Locomotive Shop,,,04/05/2019,,,TENCO | Greenup | 336510
Kentucky,FLINT GROUP,,,06/30/2019,,,Lincoln Trail | Hardin | 325130
Kentucky,"CONDUENT State & Local Solutions, Inc",,,04/21/2019,,,Cumberlands | Laurel | 58121
Kentucky,BrightSpring Health Services\ CAKY of Somerset,,,04/19/2019,,,Cumberlands | Pulaski | 624120
Kentucky,BrightSpring Health Services\ Bingham Gardens,,,03/31/2019,,,Kentuckianaworks | Jefferson | 561110
Kentucky,Performance Team,,,02/20/2019,,,Kentuckianaworks | Jefferson | 541614
Kentucky,Jack Cooper Transport Co. Inc,,,04/21/2019,,,Kentuckianaworks | Jefferson | 484121
Kentucky,LED VANCE LLC,,,09/27/2019,,,Bluegrass | Woodford | 335110
Kentucky,"Leggett & Platt, Inc.",,,02/14/2019,,,Bluegrass | Scott County | 337215
Kentucky,IQOR Global Service LLC,,,02/11/2019,,,Kentuckiana Works | Jefferson County - Louisville | 54168
Kentucky,Piramal Pharma Solutions,,,01/29/2019,,,Bluegrass | Fayette County | 325412
Kentucky,Graham Packaging Company-Florence,,,01/25/2019,,,Northern Kentucky | Boone | 326199
Kentucky,Pomeroy Solutions Sales dba Getronics,,,06/30/2019,,,Northern Kentucky | Boone | 541511
Kentucky,Mondi Industrial Bags,,,12/31/2018,,,Kentuckiana Works | Jefferson County - Louisville | 322220
Kentucky,Concentrix CVG Corp.- formally Convergys,,,12/28/2018,,,Northern Kentucky | Kenton County | 518210
Kentucky,K&T SWITCHING SERVICE -Fern Valley Road,,,12/24/2018,,,Kentuckiana Works | Jefferson County - Louisville | 484121
Kentucky,K&T SWITCHING SERVICE -Chamberlain Lane,,,12/24/2018,,,Kentuckiana Works | Jefferson County - Louisville | 484121
Kentucky,Murray State University,,,12/14/2018,,,Western Kentucky | Calloway County | 611310
Kentucky,Kentucky River Foothills Development Council,,,12/31/2018,,,Bluegrass | Madison County | 813319
Kentucky,Gannett Satellite Information Network,,,12/31/2018,,,Kentuckiana Works | Jefferson County - Louisville | 511110
Kentucky,dormakaba USA Inc.,,,12/03/2018,,,Bluegrass | Fayette County | 332510
Kentucky,Oxford Government Consulting,,,11/23/2018,,,Cumberlands | Rockcastle County | 541611
Kentucky,Werner Co.,,,10/09/2019,,,Kentuckiana Works | Jefferson County - Louisville | 331318
Kentucky,US BANK -Bowling Green,,,09/28/2018,,,South Central | Warren County | 522110
Kentucky,Taylor & Francis Group LLC,,,09/28/2018,,,Northern Kentucky | Boone | 511199
Kentucky,WAL-MART Store #1269,,,09/14/2018,,,Kentuckiana Works | Jefferson County - Louisville | 452111
Kentucky,WAL-MART Store #2060,,,09/14/2018,,,Bluegrass | Fayette County | 452111
Kentucky,WAL-MART Store #4523,,,09/14/2018,,,Kentuckiana Works | Jefferson County - Louisville | 452111
Kentucky,WAL-MART Store #3841,,,09/14/2018,,,Kentuckiana Works | Jefferson County - Louisville | 452111
Kentucky,Dean Milk Co,,,09/07/2018,,,Kentuckiana Works | Jefferson County - Louisville | 112990
Kentucky,American Greetings Corp-Bardstown,,,09/07/2018,,,Lincoln Trail | Nelson County | 511191
Kentucky,Magic Mart Store #650,,,10/01/2018,,,EKCEP | Perry County | 452210
Kentucky,Magic Mart Store #960,,,10/01/2018,,,EKCEP | Pike County | 452210
Kentucky,Savers,,,08/12/2018,,,Kentuckiana Works | Jefferson County - Louisville | 453310
Kentucky,DNR Group LLC-Innovairre,,,08/02/2018,,,Kentuckiana Works | Jefferson County - Louisville | 323114
Kentucky,ALBAAD USA INC,,,08/31/2018,,,Bluegrass | Jessamine County | 423450
Kentucky,THE BOEING COMPANY-Lexington,,,07/13/2018,,,Bluegrass | Fayette County
Kentucky,Prairie Farms-Fulton,,,06/30/2018,,,Western Kentucky | Fulton County | 311500
Kentucky,CONIFER REVENUE CYCLE SOLUTIONS LLC,,,04/30/2018,,,Kentuckiana Works | Jefferson County - Louisville | 523930
Kentucky,Flextronics Americas LLC,,,09/01/2018,,,Kentuckiana Works | Jefferson County - Louisville | 493110
Kentucky,GILT Distribution Center,,,09/28/2018,,,Kentuckiana Works | Bullitt County | 454111
Kentucky,Abm Industries Inc./ABM Aviation,,,03/07/2018,,,Northern Kentucky | Kenton County | 488119
Kentucky,American Greetings Corp-Bardstown,,,03/16/2018,,,Lincoln Trail | Nelson County | 511191
Kentucky,KES Kentucky Electric Steel,,,03/10/2018,,,TENCO | Boyd County | 331513
Kentucky,Hopkins County Coal Madisonville Office,,,02/14/2018,,,Western Kentucky | Hopkins County | 213113
Kentucky,THOROUGHFARE MINING LLC,,,02/14/2018,,,Western Kentucky | Hopkins County | 21
Kentucky,Clarcor Air Filtration-Campbellsville,,,02/12/2018,,,Cumberlands | Taylor County | 333413
Kentucky,Scott Archery,,,01/10/2018,,,Bluegrass | Powell County | 339920
Kentucky,Arriva Medical LLC,,,12/31/2017,,,Northern Kentucky | Boone | 423450
Kentucky,Baptist Health Plan Inc-Lexington,,,12/29/2017,,,Bluegrass | Fayette County | 621999
Kentucky,Equality Boot Surface Mine,,,12/08/2017,,,Green River | Ohio County | 212111
Kentucky,Armstrong Coal Prep & Dock Facility,,,12/08/2017,,,Green River | Ohio County | 311612
Kentucky,LATA SHARP REMEDIATION SERVICES LLC,,,10/19/2017,,,Western Kentucky | McCracken County | 562112
Kentucky,Booth Energy,,,09/30/2017,,,EKCEP | Martin County | 1
Kentucky,"Engineered Plastic Components, Inc.",,,10/18/2017,,,Green River | Daviess County | 333249
Kentucky,Kmart 04232-Lexington,,,09/24/2017,,,Bluegrass | Fayette County | 45211
Kentucky,BIMBO BAKERIES USA INC,,,09/08/2017,,,Green River | Daviess County | 311811
Kentucky,LEDVANCE LLC-Winchester,,,09/01/2017,,,Bluegrass | Clark County | 33511
Kentucky,Charter Commuications -Lexington,,,07/17/2017,,,Bluegrass | Fayette County | 517911
Kentucky,Itron Inc.,,,12/31/2017,,,Northern Kentucky | Owen County | 238220
Kentucky,General Electric Company- Lexington Lamp Plant,,,06/23/2017,,,Bluegrass | Fayette County | 335110
Kentucky,AmerisourceBergen Drug Corporation,,,06/30/2017,,,Western Kentucky | McCracken County | 325412
Kentucky,Ann Taylor Distribution Services,,,06/09/2017,,,Kentuckiana Works | Jefferson County - Louisville | 44812
Kentucky,"Benore Logistic Systems, Inc.",,,04/23/2017,,,EKCEP | Knox County | 493110
Kentucky,Dollar Express-Covington,,,06/30/2017,,,Northern Kentucky | Kenton County | 45231
Kentucky,Dollar Express Louisville(2),,,06/30/2017,,,Kentuckiana Works | Jefferson County - Louisville | 45231
Kentucky,Dollar Express Louisville(1),,,06/30/2017,,,Kentuckiana Works | Jefferson County - Louisville | 45231
Kentucky,Kelly Services-Kenton Co,,,06/02/2017,,,Northern Kentucky | Kenton County | 561320
Kentucky,General Electric Company Somerset Glass Plant Lighting,,,05/26/2017,,,Cumberlands | Pulaski County | 335110
Kentucky,Sypris Technologies,,,05/10/2017,,,Kentuckiana Works | Jefferson County - Louisville | 336390
Kentucky,Conduent Incorporated,,,04/12/2017,,,EKCEP | Knox County | 518210
Kentucky,Nasty Gal Inc,,,04/10/2017,,,Kentuckiana Works | Bullitt County | 493110
Kentucky,Penske Vehicle Services Inc.,,,04/01/2017,,,South Central | Warren County | 532120
Kentucky,ZOO PRINTING,,,06/30/2017,,,Kentuckiana Works | Jefferson County - Louisville | 323111
Kentucky,Toyota Motor Engineering & Manufacturing,,,01/03/2017,,,Northern Kentucky | Boone | 336111
Kentucky,Vantiv,,,03/31/2017,,,KentuckianaWorks | Jefferson | 522390
Kentucky,Experience Works,,,01/30/2017,,,EKCEP | Lee | 624310
Kentucky,Harman International Industries,,,01/09/2017,,,South Central | Simpson | 333430
Kentucky,Meadowview Rehab & Wellness,,,11/27/2016,,,Kentuckianaworks | Jefferson | 6231
Kentucky,Glenview Healthcare & Rehabilitation Center,,,11/27/2016,,,Kentuckianaworks | Jefferson | 6231
Kentucky,Gerdau Ameristeel US Inc.-Calvert City Mill,,,11/15/2016,,,Western Kentucky | Marshall | 33111
Kentucky,Alpha Natural Resources - Sidney Coal Company LLC,,,12/16/2016,,,EKCEP | Pike | 21
Kentucky,St. Catherine College,,,07/31/2016,,,Lincoln Trail | Washington | 611310
Kentucky,Spurlock Mining LLC,,,08/07/2016,,,EKCEP | Floyd | 212112
Kentucky,Federal-Mogul Motorparts,,,08/01/2016,,,TENCO | Mason | 423130
Kentucky,General Product's,,,07/01/2016,,,South Central | Logan | 441310
Kentucky,Kindred Nursing and Rehabilitation,,,08/01/2016,,,Kentuckianaworks | Jefferson | 6231
Kentucky,Tantus Tobacco LLC,,,08/01/2016,,,Cumberlands | Russell | 312230
Kentucky,Affinity Apparel,,,07/25/2016,,,TENCO | Montgomery | 448190
Kentucky,"ADP Benefits KY, Inc.",,,07/22/2016,,,Kentuckianaworks | Jefferson
Kentucky,Whayne Supply Company,,,07/15/2016,,,Cumberlands | Whitley | 423810
Kentucky,Remington Outdoor Company,,,07/29/2016,,,Western Kentucky | Graves | 332994
Kentucky,Armstrong Coal- Parkway underground mine,,,06/22/2016,,,Western Kentucky | Muhlenberg | 212
Kentucky,Armstrong Coal- Parkway Preparation Plant,,,06/22/2016,,,Western Kentucky | Muhlenberg | 212
Kentucky,KeyTronicEMS,,,06/22/2016,,,Bluegrass | Mercer | 334419
Kentucky,IPSCO Tubluars (KY) Inc.,,,06/22/2016,,,Northern Kentucky | Campbell | 425120
Kentucky,Johnson Controls Inc.,,,06/30/2016,,,Kentuckianaworks | Shelby | 336390
Kentucky,Dana Commercial Vehicle Manufacturing LLC,,,06/30/2016,,,South Central | Barren | 336350
Kentucky,"Verso Corporation Wickliffe Mill , Beaver Dam Woodyard & Eddyville Woodyard",,,06/04/2016,,,Western Kentucky | Ballard | 322121
Kentucky,IPSCO Tubluars (KY) Inc.,,,05/31/2016,,,Northern Kentucky | Campbell | 425120
Kentucky,"Sodexo,Inc.",,,05/27/2016,,,Kentuckianaworks | Jefferson | 722310
Kentucky,Lexmark International Inc,,,05/25/2016,,,Bluegrass | Fayette | 33318
Kentucky,Firstsource Group USA-REVISED,,,05/19/2016,,,Kentuckianaworks | Jefferson | 561110
Kentucky,Innotrac L.P.'s Facility,,,05/11/2016,,,Northern Kentucky | Boone | 541614
Kentucky,Carmeuse Lime & Stone -Maysville Operation,,,03/11/2016,,,TENCO | Mason | 212312
Kentucky,Convergys Corporation,,,04/30/2016,,,Northern Kentucky | Kenton | 541613
Kentucky,IPSCO Tubulars (KY) Inc.,,,04/29/2016,,,Northern Kentucky | Campbell | 425120
Kentucky,Delta Air Lines,,,05/01/2016,,,Northern Kentucky | Boone | 488119
Kentucky,Hearth & Home Technologies,,,05/15/2016,,,Bluegrass | Bourbon | 333414
Kentucky,Hopkins County Coal LLC,,,04/05/2016,,,Western Kentucky | Hopkins | 212112
Kentucky,Warrior Coal LLC,,,04/05/2016,,,Western Kentucky | Hopkins | 212112
Kentucky,Pine Branch Mining LLC,,,04/01/2016,,,EKCEP | Perry | 212399
Kentucky,Novitex Government Solutions London,,,03/11/2016,,,Cumberlands | Laurel | 518210
Kentucky,Belden Monticello,,,08/01/2016,,,Cumberlands | Wayne | 33142
Kentucky,"IPSCO Tubulars, (KY) Inc.",,,03/09/2016,,,Northern Kentucky | Campbell | 425120
Kentucky,SKF USA Inc. Automotive Vehicle Service Market,,,05/01/2016,,,Northern Kentucky | Boone | 332991
Kentucky,"Kentucky Association of Electric Cooperatives, Inc. (KAEC)",,,02/28/2016,,,Kentuckianaworks | Jefferson | 335311
Kentucky,Century Aluminum of Kentucky  (EXTENSION OF CONDITIONAL WARN),,,12/02/2015,,,Green River | Hancock | 331313
Kentucky,Blue Diamond Mining Buckeye Mine Complex,,,01/19/2016,,,EKCEP | Perry/Leslie | 212111
Kentucky,Sebree Mining LLC,,,01/06/2016,,,Green River | Webster | 212111
Kentucky,Adair County Hospital District- Westlake Regional Hospital,,,01/04/2016,,,"Cumberlands | Adair,Metcalf, Russell | 622110"
Kentucky,Armstrong Coal-Midway Mine,,,12/31/2015,,,Green River | Ohio | 212111
Kentucky,Armstrong Coal-Parkway Mine- Central City,,,12/31/2015,,,Western Kentucky | Muhlenberg | 212111
Kentucky,Armstrong Coal-Midway Preparation Plant,,,12/31/2015,,,Green River | Ohio | 212111
Kentucky,Armstrong Coal-Parkway Preparation Plant- Central City,,,12/31/2015,,,Western Kentucky | Muhlenberg | 212111
Kentucky,Joy Global - Salyersville Operations,,,12/28/2015,,,EKCEP | Magoffin | 333131
Kentucky,"Arch Coal, Inc./Cumberland River Coal Company",,,12/30/2015,,,EKCEP | Letcher | 212111
Kentucky,Century Aluminum Sebree LLC,,,12/29/2015,,,Green River | Henderson | 331313
Kentucky,STEIN INC. -Ashland KY Facility,,,12/20/2015,,,TENCO | Boyd | 327992
Kentucky,CSX Transportation Inc.,,,10/20/2015,,,Cumberlands | Whitley | 488510
Kentucky,"Lexington Metal Systems, LLC",,,12/19/2015,,,TENCO | Montgomery | 336370
Kentucky,AK Steel Corporation -Ashland Works,,,12/18/2015,,,TENCO | Boyd | 331110
Kentucky,Envoy Air,,,11/16/2015,,,Kentuckianaworks | Jefferson | 48111
Kentucky,Wickliffe Paper Company LLC-Verso Corp,,,11/01/2015,,,Western Kentucky | Ballard | 322121
Kentucky,RHINO CAM Mining LLC,,,10/30/2015,,,"EKCEP | Letcher , Pike | 212112"
Kentucky,Century Aluminum of Kentucky -Hawesville,,,10/24/2015,,,Green River | Hancock | 331313
Kentucky,Coyne Textile Services,,,10/31/2015,,,Cumberlands | Laurel | 812332
Kentucky,HAECO Airframe Services,,,09/30/2015,,,Northern Kentucky | Kenton | 488190
Kentucky,United Recovery Systems,,,09/13/2015,,,Northern Kentucky | Kenton | 561440
Kentucky,"CareCall, Inc",,,09/13/2015,,,Northern Kentucky | Kenton | 561422
Kentucky,"IPSCO Tubulars, (KY) Inc.",,,07/06/2015,,,Northern Kentucky | Campbell | 425120
Kentucky,MillBranch Coal Corporation-North Fork Coal Corporation -Pigeon Creek Processing- Maxxim Shared Services -Panther Mine No. 1-Stillhouse No. 1 Mine,,,09/06/2015,,,"EKCEP | Harlan,Letcher, (Appalachia VA) | 21211"
Kentucky,RR Donnelley,,,09/05/2015,,,Bluegrass | Scott | 32311
Kentucky,"IPSCO Tubulars, (KY) Inc.",,,07/10/2015,,,Northern Kentucky | Campbell | 332312
Kentucky,Anthem Inc.,,,07/25/2015,,,Kentuckianaworks | Jefferson | 524114
Kentucky,Discover Home Loans or Discover,,,08/15/2015,,,Kentuckianaworks | Jefferson | 522310
Kentucky,"IPSCO Tubulars, (KY) Inc.",,,06/21/2015,,,Northern Kentucky | Campbell | 332312
Kentucky,"Straight Creek Coal Mining, Inc",,,08/12/2015,,,EKCEP | Bell | 211111
Kentucky,Chegg,,,11/01/2015,,,Kentuckianaworks | Bullitt | 564614
Kentucky,"Aramark Healthcare Support Services (""Aramark"") at Kentucky One Health",,,08/09/2015,,,"Kentuckianaworks | Jefferson, Bullitt, Shelby | 561720"
Kentucky,Bechtel Parsons Blue Grass Project,,,07/31/2015-10/30/2015,,,Bluegrass | Madison | 541330
Kentucky,RHINO CAM Mining LLC,,,08/01/2015,,,"EKCEP | Letcher , Pike | 212112"
Kentucky,ResCare,,,07/31/2015,,,Kentuckianaworks | Jefferson | 623210
Kentucky,"Brake Parts Inc., LLC",,,07/31/2015,,,Bluegrass | Lincoln | 336340
Kentucky,Joy Global - Salyersville Operations,,,07/24/2015,,,EKCEP | Magoffin | 333131
Kentucky,"LATA Environmental Services of Kentucky, LLC",,,07/25/2015,,,"Western Kentucky | Ballard, McCracken | 334512"
Kentucky,Gourmet Express LLC,,,06/26/2015,,,Western Kentucky | Muhlenberg | 454390
Kentucky,Lee Adjustment Center,,,07/13/2015,,,EKCEP | Lee | 921190
Kentucky,"IPSCO Tubulars, (KY) Inc.",,,07/08/2015,,,Northern Kentucky | Campbell | 332312
Kentucky,"IPSCO Tubulars, (KY) Inc.",,,07/07/2015,,,Northern Kentucky | Campbell | 332312
Kentucky,"Highland Mining Company, LLC",,,05/15/2015,,,Green River | Union | 212112
Kentucky,"Heritage Coal Company, LLC",,,04/04/2015,,,Green River | Union | 213113
Kentucky,"IPSCO Tubulars, (KY) Inc.",,,06/07/2015,,,Northern Kentucky | Campbell | 332312
Kentucky,"Quality Manufacturing, Inc.",,,06/29/2015,,,Bluegrass | Clark | 334118
Kentucky,"Quality Manufacturing, Inc.",,,06/29/2015,,,Bluegrass | Clark | 334118
Kentucky,DAL Global Services,,,04/30/2015,,,Northern Kentucky | Boone | 481111
Kentucky,Gourmet Express LLC,,,05/30/2015,,,Western Kentucky | Muhlenberg | 454390
Kentucky,"Universal Well Services, Inc.",,,03/25/2015,,,EKCEP | Floyd | 213112
Kentucky,Fort Dearborn Company,,,05/15/2015,,,Barren River | Warren | 322220
Kentucky,"Heritage Coal Company, LLC",,,04/04/2015,,,Green River | Union | 213113
Kentucky,"Licking River Mining, LLC",,,03/13/2015,,,EKCEP | Morgan | 212112
Kentucky,"Licking River Resources, Inc.",,,03/13/2015,,,EKCEP | Morgan | 212111
Kentucky,"S. M. & J., Inc.",,,03/13/2015,,,TENCO | Boyd | 122102
Kentucky,"Highland Mining Company, LLC",,,04/05/2015,,,Western Kentucky | Union | 212112
Kentucky,"DynCorp International LLC, U.S. Air Force's 160th SOAR",,,03/31/2015,,,Western Kentucky | Christian | 928110
Kentucky,"Dodge Hill Mining Company, LLC (""Dodge Hill"")",,,,,,Green River | Union | 21211
Kentucky,"Hospital of Fulton, Inc. d/b/a Parkway Regional Hospital",,,03/31/2015,,,Western Kentucky | Fulton | 622110
Kentucky,"Hospital of Fulton, Inc., Hillview Medical Clinic",,,03/31/2015,,,Western Kentucky | Fulton | 621111
Kentucky,"Fox Knob Coal Company, Inc.",,,02/13/2015,,,EKCEP | Harlan | 212111
Kentucky,"JAD Coal Company, Inc.",,,02/13/2015,,,EKCEP | Harlan | 212399
Kentucky,"Morgan, Lewis & Bockius LLP",,,04/03/2015-06/30/2015,,,Bluegrass | Fayette | 541110
Kentucky,"Avantor Performance Materials, Inc.",,,03/01/2015,,,Bluegrass | Bourbon | 325411
Kentucky,ShopKo Hometown #718,,,04/15/2015,,,Cumberlands | Casey | 452990
Kentucky,ShopKo Hometown #730,,,04/15/2015,,,Lincoln Trail | Larue | 452990
Kentucky,ShopKo Hometown #721,,,04/15/2015,,,Barren River | Hart | 452990
Kentucky,Market Day LLC,,,03/07/2015,,,Kentuckianaworks | Jefferson | 561499
Kentucky,Your Community Bank,,,03/13/2015,,,Lincoln Trail | Hardin | 522110
Kentucky,"Morgan, Lewis & Bockius LLP",,,03/06/2015,,,Bluegrass | Fayette | 541110
Kentucky,"Fox Knob Coal Company, Inc.",,,01/23/2015,,,EKCEP | Harlan | 212111
Kentucky,"JAD Coal Company, Inc.",,,01/23/2015,,,EKCEP | Harlan | 212399
Kentucky,"TECO Coal Coal LLC, & Subsidiaries",,,02/12/2015,,,"EKCEP | Pike, Perry, Whitley, Knox | 212112"
Kentucky,Kentucky Fuel Corporation (KFC),,,02/09/2015,,,EKCEP | Pike | 325199
Kentucky,"Sykes Enterprise, Incorporated",,,02/27/2015,,,Lincoln Trail | Nelson | 561422
Kentucky,"Akima Support Operations (ASO) 407th FSB, ASC, Logistics Readiness Center (LRC)",,,02/14/2015,,,Lincoln Trail | Hardin | 561210
Kentucky,"Highland Mining Company, LLC (""Highland"")",,,,,,Green River | Union | 21211
Kentucky,"Heritage Coal Company, LLC (""Heritage"")",,,,,,Green River | Union | 21211
Kentucky,"KentuckyOne Health - Jewish Hospital Aramark Healthcare Support Services (""Aramark"")",,,01/31/2015,,,KentuckianaWorks | Jefferson | 561720
Kentucky,Lexington Fayette County Health Dept. (LFCHD) HealthFirst Bluegrass Unit,,,01/31/2015,,,Bluegrass | Fayette | 624190
Kentucky,"Cumberland River Coal Company Complex ""CRCC Complex""",,,,,,EKCEP | Letcher | 212111
Kentucky,"TECO Coal Corporations (TECO Diversified, Inc.)",,,,,,"EKCEP / Cumberlands | Pike, Perry, Whitley, Knox | 212112"
Kentucky,"Creation Technologies Kentucky, Inc. (""the Company"")",,,01/31/2015,,,Bluegrass | Fayette | 333242
Kentucky,"Wolverine Services, LLC (an Akima Company)",,,11/30/2014,,,Lincoln Trail | Hardin | 561210
Kentucky,"Cumberland River Coal Company Complex ""CRCC Complex""",,,09/19/2014,,,EKCEP | Letcher | 212111
Kentucky,"Bluegrass Family Health, Inc., (""BFH"")",,,12/31/2014,,,Bluegrass | Fayette | 621491
Kentucky,United States Enrichment Corporation (USEC),,,9/29/2014-10/12/2014,,,Western Kentucky | Ballard | 325199
Kentucky,Federal - Mogul Corporation,,,,,,Tenco | Mason | 541614
Kentucky,Joy Global - Salyersville Operations,,,09/22/2014,,,EKCEP | Magoffin | 423810
Kentucky,"Cumberland River Coal Company Complex ""CRCC Complex""",,,09/19/2014,,,EKCEP | Letcher | 212111
Kentucky,BAE Systems,,,6/30/2014-7/11/2014,,,EKCEP | Jackson | 315210
Kentucky,"Harlan-Cumberland Coal Company, LLC",,,08/18/2014,,,EKCEP | Harlan | 213113
Kentucky,"Sodexo, Inc.",,,06/30/2014,,,Bluegrass | Fayette | 722310
Kentucky,Regal Beloit,,,08/22/2014,,,Bluegrass | Clark / Montgomery | 336320
Kentucky,"Aphena Pharma Solutions, LLC",,,07/29/2014-09/30/2014,,,Barren River | Barren | 325412
Kentucky,"Carl Zeiss Vision, Inc.",,,07/28/2024,,,Northern Kentucky | Boone | 333314
Kentucky,"Nielsen Company (US), LLC",,,07/31/2014,,,Lincoln Trail | Hardin | 561422
Kentucky,United States Enrichment Corporation (USEC),,,06/27/2014,,,Western Kentucky | Ballard | 325199
Kentucky,Big Rivers Electric Corp. Coleman Station,,,05/01/2014,,,Green River | Hancock | 221121
Kentucky,"Union Underwear Co., Inc. d/b/a Fruit of the Loom",,,06/08/2014,,,Cumberlands | Russell | 315220/315240
Kentucky,Cenveo,,,06/04/2014,,,Greater Louisville | Shelby | 322230
Kentucky,"General Dynamics Information Technology, Inc.",,,05/09/2014,,,Cumberlands | Laurel | 541611
Kentucky,"Brake Parts, Inc., LLC.",,,04/18/2014,,,Bluegrass | Lincoln | 336340
Kentucky,United States Enrichment Corporation (USEC),,,04/11/2014,,,Western Kentucky | Ballard | 325199
Kentucky,"HDA, Inc. and N-Store Merchandising, Inc.",,,02/03/2014,,,Statewide | Statewide | 425120
Kentucky,Time Warner Cable (TWC),,,03/18/2014,,,Greater Louisville | Jefferson | 561422
Kentucky,"Motorola Solutions, Inc.",,,03/28/2014,,,Greater Louisville | Jefferson | 811211
Kentucky,"Arch Coal, Inc., Flint Ridge",,,,,,EKCEP | Breathitt | 322221
Kentucky,Boeing,,,03/04/2014,,,Statewide | Statewide | 561110
Kentucky,Unilever Owensboro Plant,,,03/01/2014,,,Green River | Daviess | 311412
Kentucky,North American Stainless (NAS) Facility HARSCO Metals & Minerals Plant #4 and #68,,,02/25/2014,,,"Northern Kentucky | Gallatin | 423510, 423830, 331111"
Kentucky,United State Enrichment Corporation (USEC),,,2/14/2014-2/28/2014,,,Western Kentucky | Ballard | 325199
Kentucky,"Centrury Aluminum of Kentucky ""CAC"" ""Owensboro Facility""",,,03/31/2014-04/14/2014,,,Green River | Daviess/ Hancock | 560000
Kentucky,"Century Aluminum of Kentucky GP ""Hawesville Smelter""",,,03/31/2014-04/14/2014,,,Green River | Hancock | 331319
Kentucky,"American Ambulette & Ambulance Swervice, Inc. (""AAA"")",,,12/06/2013,,,Bluegrass | Nicholas | 621910
Kentucky,Big Rivers Electric Corporation,,,02/01/2014,,,Green River | Henderson | 221121
Kentucky,United State Enrichment Corporation (USEC),,,01/21/2014-01/31/2014,,,Western Kentucky | Ballard | 325199
Kentucky,"DynCorp International, LLC ""DI""",,,12/13/2013,,,Western Kentucky | Christian
Kentucky,"Pacific Pulmonary Services ""PPS""",,,01/03/2014,,,Bluegrass | Fayette | 561422
Kentucky,"Century Aluminum Sebree, LLC ""Sebree Smelter""",,,01/31/2014,,,Green River | Henderson | 331319
Kentucky,Bank of America Consumer Banking - Legacy Asset Servicing Unit,,,12/22/2013,,,Greater Louisville | Jefferson
Kentucky,"Laboratory Partners, Inc. Kilbourne Medical Laboratories",,,12/23/2013,,,Greater Louisville | Jefferson | 621511
Kentucky,"Laboratory Partners, Inc. Kilbourne Medical Laboratories",,,12/23/2013,,,Bluegrass | Fayette | 621511
Kentucky,"Century Aluminum of Kentucky GP ""Hawesville Smelter""",,,12/20/2013-01/03/2014,,,Green River | Hancock | 331319
Kentucky,"Century Aluminum Company ""Owensboro Facility""",,,12/20/2013-01/03/2014,,,Green River | Daviess | 560000
Kentucky,McCoy Elkhorn Coal Corporation,,,10/16/2013,,,EKCEP | Pike | 212112
Kentucky,Bledsoe Coal Corporation,,,12/16/2013,,,EKCEP | Harlan/Leslie | 212112
Kentucky,Discover Home Loans,,,12/12/2013,,,Greater Louisville | Jefferson | 522310
Kentucky,"Motorola Solutions, Inc.",,,12/01/2013,,,Greater Louisville | Jefferson | 811211
Kentucky,GECOM Corporation,,,03/31/2014,,,Bluegrass | Franklin | 336370
Kentucky,"Borden Dairy Company of Madisonville, LLC d/b/a Goldenrod Dairy",,,11/29/2013-12/12/2013,,,Western Kentucky | Hopkins | 424430
Kentucky,"Excel Mining, LLC Van Lear Mine and Pontiki Preparation Plant",,,12/02/2013,,,EKCEP | Martin | 212112
Kentucky,Marion Adjustment Center,,,08/31/2013-10/31/2013,,,Lincoln Trail | Marion | 624310
Kentucky,"Corizon, Inc.",,,09/30/2013,,,Greater Louisville | Jefferson | 561210
Kentucky,"Arch Coal, Inc. ICG Hazard, LLC Flint Ridge Complex",,,,,,EKCEP | Breathitt | 322221
Kentucky,"Century Aluminum of Kentucky GP ""Hawesville Smelter""",,,10/18/2013,,,Green River | Hancock | 331319
Kentucky,"Century Aluminum Company ""Owensboro Facility""",,,10/18/2013,,,Green River | Daviess | 560000
Kentucky,"Aramark Healthcare Support Services, LLC",,,10/17/2013,,,Greater Louisville | Jefferson | 722310
Kentucky,United State Enrichment Corporation (USEC),,,10/14/2013-10/25/2013,,,Western Kentucky | Ballard | 325199
Kentucky,"JCIM US, LLC",,,08/13/2013,,,Greater Louisville | Jefferson | 326199
Kentucky,"Motorola Solutions, Inc.",,,09/27/2013-12/27/2013,,,Greater Louisville | Jefferson | 811211
Kentucky,"NE Opco, Inc. d/b/a National Envelope Corporation",,,8/1/2013-9/30/2013,,,Greater Louisville | Shelby | 322230
Kentucky,"Lightyear Network Solutions, LLC",,,09/13/2013,,,"Greater Louisville | Jefferson | 517210, 517911, 517919"
Kentucky,"Centene Management Corporation, dba Kentucky Spirit Health Plan",,,08/08/2013-12/31/2013,,,Bluegrass | Fayette | 621999
Kentucky,"Motorola Solutions, Inc.",,,08/23/2013-10/25/2013,,,Greater Louisville | Jefferson | 811211
Kentucky,Marion Adjustment Center,,,08/31/2013,,,Lincoln Trail | Marion | 624310
Kentucky,"NE Opco, Inc. d/b/a National Envelope Corporation",,,08/06/2013-08/20/2013,,,Greater Louisville | Shelby | 322230
Kentucky,United State Enrichment Corporation (USEC),,,08/05/2013-08/13/2013,,,Western Kentucky | Ballard | 325199
Kentucky,"Motorola Solutions, Inc.",,,07/26/2013,,,Greater Louisville | Jefferson | 811211
Kentucky,"Motorola Solutions, Inc.",,,06/30/2013,,,"Northern Kentucky | Boone | 334118, 334220, 425110, 541511, 551114, 811212"
Kentucky,"LATA Environmental Services of Kentucky, LLC",,,07/03/2013-07/02/2014,,,Western Kentucky | Ballard | 334512
Kentucky,"Centene Management Corporation, dba Kentucky Spirit Health Plan",,,07/05/2013-12/31/2013,,,Bluegrass | Fayette | 621999
Kentucky,"JCIM US, LLC",,,02/04/2013-07/05/2013,,,Greater Louisville | Jefferson | 326199
Kentucky,"Motorola Solutions, Inc. Repair and Order Management",,,06/30/2013,,,"Northern Kentucky | Boone | 334118, 334220, 425110, 541511, 551114, 811212"
Kentucky,"Century Aluminum of Kentucky GP ""Hawesville Smelter""",,,08/06/2013-08/20/2013,,,Green River | Hancock | 331313
Kentucky,"Century Aluminum Company ""Owensboro Facility""",,,08/06/2013-08/20/2013,,,Green River | Daviess | 561110
Kentucky,"Xerox Business Solutions CS DHS I-94 Unit, Xerox Federal Solutions, LLC",,,06/14/2013,,,Cumberlands | Laurel | 518210
Kentucky,GECOM Corporation,,,07/01/2013-09/01/2013,,,Bluegrass | Franklin | 336370
Kentucky,"Gannett Driect Marketing Services, Inc.",,,06/12/2013,,,Greater Louisville | Jefferson | 541613
Kentucky,"3M, dba Ceradyne ACO (Ceradyne, Inc.)",,,06/10/2013,,,Bluegrass | Fayette | 327420
Kentucky,"Serco, Inc.",,,,,,Cumberlands | Whitley | 332992
Kentucky,Joy Global,,,10/5/2013-10/25/2013,,,Bluegrass | Bourbon | 333131
Kentucky,"Fetter Printing Company, Fettergroup",,,05/03/2013-06/15/2013,,,"Greater Louisville | Jefferson | 551112, 323110"
Kentucky,"Gunderson Rail Service LLC, dba Greenbrair Rail Services",,,04/30/2013,,,Lincoln Trail | Hardin | 336510
Kentucky,"JCIM US, LLC",,,02/04/2013-05/05/2013,,,Greater Louisville | Jefferson | 326199
Kentucky,Conifer Health Solutions,,,04/01/2013,,,Barren River | Warren | 621610
Kentucky,Community Alternatives KY Madisonville,,,03/31/2013,,,Western Kentucky | Hopkins | 624190
Kentucky,The Boeing Company,,,03/22/2013,,,Statewide
Kentucky,"Gap, Inc.",,,04/15/2013,,,Northern Kentucky | 493110
Kentucky,"Leggett & Platt, Incorporated",,,03/08/2013,,,Green River | 332618
Kentucky,Alpha Natural Resources North Fork Coal Corporation,,,03/05/2013-03/19/2013,,,EKCEP | 212111
Kentucky,The Boeing Company,,,03/04/2013,,,Statewide | 561110
Kentucky,"Arch Coal, Inc. Knott County and Raven Complexes",,,,,,EKCEP | 322221
Kentucky,Caterpillar Global Minning LLC Caterpillar Global Mining Field Services LLC,,,02/09/2013,,,TENCO | 551114
Kentucky,"Johnson Controls Interior Mfg., US, LLC",,,02/04/2013,,,Greater Louisville | 326199
Kentucky,"Oxford Resource Partners - Kentucky, LLC",,,02/04/2013,,,Western Kentucky | 212111
Kentucky,"Oxford Resource Partners - Kentucky, LLC",,,02/04/2012,,,Western Kentucky | 212111
Kentucky,Masonite Corporation,,,12/14/2012-01/28/2013,,,Greater Louisville | 321911
Kentucky,"Patriot Coal Company, L.P.",,,12/31/2012-01/14/2013,,,Green River | 212111
Kentucky,Redwing Shoe Company,,,12/31/2012,,,Bluegrass | 316219
Kentucky,Stillhouse Mining LLC Mine No. 2 aka Perkins Branch Mine Mine No. 1,,,12/28/2012,,,EKCEP | 212111
Kentucky,"Brake Parts Inc., LLC",,,12/28/2012,,,Bluegrass | 336340
Kentucky,"Solae, LLC dba Dupont Soy Polymer",,,12/31/2012,,,Greater Louisville | 325520
Kentucky,Hostess Brands,,,,,,Statewide | 424490
Kentucky,Comair,,,,,,Northern Kentucky | 481111
Kentucky,Pemco World Air Services,,,10/31/2012,,,Northern Kentucky | 336413
Kentucky,"Arch Coal, Inc. Knott County and Raven Complexes",,,,,,EKCEP | 322221
Kentucky,Regional Elite Airline Services Blue Grass Airport,,,11/12/2012,,,Bluegrass | 633413
Kentucky,CSC,,,,,,Cumberlands | 561320
Kentucky,Lexmark International Inc.,,,10/31/2012-11/13/2012,,,Bluegrass | 333313
Kentucky,Joy Global,,,10/26/2012,,,Lincoln Trail | 333131
Kentucky,"Arch Coal, Inc. ICG Hazard, LLC Rowdy Gap Mine",,,08/31/2012-12/31/2012,,,EKCEP | 322221
Kentucky,"Arch Coal, Inc. Knott County and Raven Complexes",,,,,,EKCEP | 322221
Kentucky,"Arch Coal, Inc. Flint Ridge Complex",,,,,,EKCEP | 322221
Kentucky,"Trim Masters, Inc.",,,10/22/2012,,,Bluegrass | 423120
Kentucky,Comair,,,,,,Northern Kentucky | 481111
Kentucky,Pemco World Air Services,,,10/09/2012,,,Northern Kentucky | 336413
Kentucky,"Arch Coal, Inc. Knott County and Raven Complexes",,,,,,EKCEP | 322221
Kentucky,Comair,,,,,,Northern Kentucky | 481111
Kentucky,"MV Transportation, Inc.",,,09/30/2012,,,Greater Louisville | 485210
Kentucky,Kentucky Fuel Corp.,,,09/15/2012,,,EKCEP | 212111
Kentucky,Lipari Foods - IK LLC,,,09/15/2012,,,Statewide | 425120
Kentucky,Sapphire Coal Company - Advantage Mine Site,,,07/20/2012,,,EKCEP | 212111
Kentucky,"Xanodyne Pharmaceuticals, Inc.",,,08/20/2012-3/31/2013,,,Northern Kentucky | 424210
Kentucky,"Arch Coal, Inc. ICG Hazard, LLC Rowdy Gap Mine",,,08/20/2012-08/31/2012,,,EKCEP | 322221
Kentucky,Intertape Polymer Corporation,,,12/31/2012,,,Bluegrass | 322221
Kentucky,Emerson Power Transmission Solutions,,,8/15/2013-12/31/2013,,,TENCO | 332111
Kentucky,"Arch Coal, Inc. ICG Knott, LLC Knott County and Raven Complexes",,,08/20/2012-12/31/2013,,,EKCEP | 213113
Kentucky,"Arch Coal, Inc. ICG Hazard, LLC Flint Ridge Complex",,,08/20/2012-12/31/2013,,,EKCEP | 213113
Kentucky,"Arch Coal, Inc. ICG Hazard, LLC Rowdy Gap Mine",,,08/20/2012,,,EKCEP | 213113
Kentucky,"Arch Coal, Inc. Prestonsburg Office",,,08/20/2012,,,EKCEP | 213113
Kentucky,Sapphire Coal Company - Advantage Mine Site,,,06/16/2012-07/13/2012,,,EKCEP | 212111
Kentucky,First Data Technologies First Data Merchant Service,,,07/20/2012-12/31/2013,,,Greater Louisville | 522320
Kentucky,Joy Global,,,07/20/2012,,,Lincoln Trail | 333131
Kentucky,Alpha Natural Resources,,,08/07/2012,,,EKCEP | 212111
Kentucky,Long Fork Coap Company,,,08/07/2012,,,EKCEP | 212111
Kentucky,Multi Packaging Solutions,,,06/08/2012-06/29/2012,,,Greater Louisville | 323110
Kentucky,Sapphire Coal Company - Advantage Mine Site,,,06/20/2012,,,EKCEP | 212111
Kentucky,ASTAR Air Cargo,,,08/04/2012-08/18/2012,,,Northern Kentucky | 481112
Kentucky,Ferry-Morse Seed Company,,,05/18/2012-12/31/2012,,,Western Kentucky | 424910
Kentucky,"RG Steel, LLC Wheeling Corrugating",,,06/04/2012,,,Greater Louisville | 331221
Kentucky,"Wolverine Services, LLC",,,06/30/2012,,,Lincoln Trail | 561210
Kentucky,Lipari Foods,,,06/05/2012-07/15/2012,,,Statewide | 425120
Kentucky,Hostess Brands,,,,,,Cumberlands | 424490
Kentucky,Corrections Corporation of America Otter Creek Correctional Facility,,,07/01/2012-08/15/2012,,,EKCEP | 922140
Kentucky,US Foods,,,,,,Western Kentucky | 424410
Kentucky,Baker Hughes Incorporated,,,06/29/2012,,,EKCEP | 333132
Kentucky,Ohio County Coal Company & Bluegrass Office Grand Eagle Mining Preparation Plant,,,06/19/2012-07/03/2012,,,Green River | 212111
Kentucky,Ohio County Coal Company & Bluegrass Office Grand Eagle Mining Preparation Plant,,,06/19/2012-07/03/2012,,,Green River | 212111
Kentucky,AAR Precision Systems,,,06/19/2012,,,Lincoln Trail | 333500
Kentucky,Sapphire Coal Company - Advantage Mine Site,,,06/16/2012,,,EKCEP | 212111
Kentucky,"PPG Industries, Inc.",,,06/29/2012,,,Greater Louisville | 424950
Kentucky,Light House Home Products,,,03/30/2012-04/27/2012,,,Bluegrass | 453998
Kentucky,Multi Packaging Solutions,,,06/08/2012,,,Greater Louisville | 323110
Kentucky,"Xerox Commerical Services, LLC",,,06/04/2012,,,EKCEP | 423420
Kentucky,Tru Seal Technologies,,,05/01/2012,,,EKCEP | 444190
Kentucky,Oxford Resource Partners,,,04/05/2012,,,Western Kentucky | 212111
Kentucky,UPS SCS Hebron Building K Facility,,,03/14/2012,,,"Northern Kentucky | 493110, 541614"
Kentucky,"Sykes Enterprises, Incorporated",,,04/30/2012,,,Greater Louisville | 561422
Kentucky,"QuadGraphics, Incorporated",,,04/20/2012,,,BRADD
Kentucky,Tru Seal Technologies,,,05/07/2012,,,EKCEP | 332321
Kentucky,Xinergy Corporation - Straight Creek Mine Facility,,,02/16/2012,,,EKCEP | 213113
Kentucky,HK Logistics A Dematic Company HK Logistics Kentucky Sortation Center (KYSC),,,07/23/2012,,,Northern Kentucky | 333922
Kentucky,American Woodmark Corporation,,,04/30/2012,,,EKCEP | 337110
Kentucky,Stillhouse Mining LLC Mine No. 2 aka Perkins Branch Mine Mine No. 1,,,04/03/2012,,,EKCEP | 212111
Kentucky,"Alpha Natural Resources d/b/a Enterprise Mining Company, LLC",,,04/03/2012,,,EKCEP | 212111
Kentucky,CSC,,,03/22/2012,,,Cumberlands | 561320
Kentucky,UPS SCS Hebron Building K Facility,,,03/19/2012-04/01/2012,,,Northern Kentucky
Kentucky,Clarcor Air Filtration Products,,,03/12/2012-03/19/2012,,,Cumberlands | 333999
Kentucky,CSC,,,02/29/2012,,,EKCEP | 561320
Kentucky,American Woodmark Corporation,,,04/30/2012,,,EKCEP | 337110
Kentucky,"US Foods, Inc.",,,02/03/2012 - 07/13/2012,,,Western Kentucky
Kentucky,"LATA Evironmental Services of Kentucky, LLC",,,01/20/2012-06/30/2012,,,Western Kentucky | 562910
Kentucky,Berry Plastics Corporation,,,12/23/2011-01/31/2012,,,Western Kentucky | 326199
Kentucky,Leggett & Platt,,,12/19/2011,,,"Bluegrass | 331222, 332618"
Kentucky,Emerson Power Transmission Solutions,,,,,,TENCO | 332111
Kentucky,"Skyes Enterprises, Incorporated",,,10/31/2011,,,561422
Kentucky,"Flextronics Americas, LLC",,,,,,Greater Louisville | 334418
Kentucky,"Kentucky Easter Seal Society, Inc., dba Cardinal Hill Specialty Hospital",,,10/29/2011,,,Northern Kentucky | 623110
Kentucky,"Video Monitoring Services of America, LP",,,08/29/2011,,,Greater Louisville | 561621
Kentucky,Sykes Enterprises,,,10/01/2011-12/31/2011,,,EKCEP | 561422
Kentucky,CSC Applied Technology Group Contract Field Teams,,,08/31/2011,,,Western Kentucky
Kentucky,"Suiza Dairy Group, LLC d/b/a Louis Trauth Dairy",,,08/26/2011,,,Northern Kentucky
Kentucky,"Trim Masters, Inc.",,,08/26/2011,,,Bluegrass | 336399
Kentucky,"Flextronics Americas, LLC",,,08/31/2011,,,Statewide | 517911
Kentucky,Sykes Enterprises,,,07/31/2011,,,Green River | 561422
Kentucky,Kmart Store #4830,,,08/14/2011,,,Northern Kentucky | 452112
Kentucky,Dematic Corporation,,,05/20/2011-07/15/2011,,,Northern Kentucky | 33392
Kentucky,Sykes Enterprises,,,06/30/2011,,,Green River | 561422
Kentucky,"Skyes Enterprises, Incorporated",,,06/10/2011,,,Green River | 561422
Kentucky,First Data Technologies/First Data Merchant Service,,,05/02/2011-12/31/2011,,,Greater Louisville | 522320
Kentucky,Sumitomo Electric Wiring Systems Edmonton Plant 4,,,04/25/2011,,,Barren River | 336322
Kentucky,"LATA Evironmental Services of Kentucky, LLC",,,06/10/2011-09/30/2011,,,Western Kentucky | 562910
Kentucky,Sykes Enterprises,,,05/31/2011,,,Green River | 561422
Kentucky,Multi Packaging Solutions,,,04/26/2011,,,Greater Louisville | 323110
Kentucky,"Mahle Engine Components USA, Inc.",,,09/30/2011,,,Barren River | 336311
Kentucky,"Sykes Enterprises, Inc.",,,04/16/2011,,,Greater Louisville | 561422
Kentucky,Dematic Corporation,,,04/19/2011,,,Northern Kentucky | 33392
Kentucky,Hewlett-Packard,,,01/31/2011,,,Bluegrass
Kentucky,Fosbel Ceramic Technologies,,,04/01/2011,,,TENCO | 238140
Kentucky,AK Steel Corporation,,,02/28/2011,,,TENCO | 331111
Kentucky,Aegon Insurance Group,,,01/31/2011,,,Greater Louisville
Kentucky,"Martin-Brower, LLC",,,02/26/2011,,,Greater Louisville | 484122
Kentucky,CSC Applied Technology Group,,,01/29/2011,,,Western Kentucky
Kentucky,"Sumitomo Electric Wiring Systems, Inc.",,,01/14/2011-04/01/2011,,,Barren River
Kentucky,Philips Electronic North America Corp.,,,02/18/2011,,,Bluegrass | 336321
Kentucky,Teleservices Direct,,,12/31/2010,,,Barren River | 561422
Kentucky,Practice Therapeutics,,,12/31/2010,,,Lincoln Trail | 621492
Kentucky,"Sumitomo Electric Wiring Systems, Inc.",,,01/14/2011-04/01/2011,,,Barren River
Kentucky,"Jack Cooper Transport Co., Inc.",,,12/16/2010,,,Greater Louisville | 484230
Kentucky,"Xanodyne Pharmaceuticals, Inc.",,,11/21/2010-03/15/2011,,,Statewide | 424210
Kentucky,"Elan Home Systems, LLC",,,11/12/2010-05/15/2011,,,Bluegrass | 811211
Kentucky,United Coal Company dba Sapphire Coal Company,,,11/15/2010,,,EKCEP | 2121
Kentucky,Fortis Plastics,,,11/16/2010,,,Green River | 326199
Kentucky,PROCARENT,,,08/06/2010,,,Western Kentucky | 621910
Kentucky,ACS Government Solutions,,,09/06/2010,,,Statewide | 514513
Kentucky,National Tobacco Co.,,,09/17/2010,,,Greater Louisville | 312229
Kentucky,"Butler America, LLC",,,08/29/2013,,,Statewide | 811198
Kentucky,GE Energy Motors and Controls,,,10/30/2010,,,Green River | 333518
Kentucky,Red Wing Shoes,,,09/20/2010,,,Bluegrass | 316219
Kentucky,Overhead Door Corporation,,,07/02/2010-12/17/2010,,,Northern Kentucky | 332321
Kentucky,ABB,,,06/30/2010,,,Bluegrass | 334416
Kentucky,CSC,,,07/02/2010,,,Cumberlands | 928120
Kentucky,ACS Government Solutions,,,06/22/2010,,,Cumberlands Bluegrass | 514513
Kentucky,"Mitsuba Bardstown, Inc.",,,05/28/2010,,,"Lincoln Trail | 335312, 336399"
Kentucky,CSX Transportation,,,04/13/2010,,,TENCO | 551114
Kentucky,Biggs,,,,,,Northern Kentucky | 445110
Kentucky,Regional Elite Airline Services,,,05/18/2010,,,Northern Kentucky
Kentucky,Jackson Plastics,,,04/30/2010,,,Bluegrass | 326199
Kentucky,Sonoco Corrflex,,,03/29/2010,,,Northern Kentucky | 322211
Kentucky,TFE Logistics Group,,,04/01/2010,,,Northern Kentucky | 561320
Kentucky,"Patriot Industries, Inc.",,,02/03/2010-02/17/2010,,,Cumberlands | 314912
Kentucky,ArvinMeritor,,,04/01/2010,,,Northern Kentucky
Kentucky,Kuhlman Electric Corporation,,,05/31/2010,,,Bluegrass | 334416
Kentucky,Kuhlman Electric Corporation,,,05/03/2010,,,Bluegrass | 334416
Kentucky,"Verizon North, Inc.",,,03/27/2010-04/16/2010,,,Bluegrass | 517212
Kentucky,Modine Manufacturing Company,,,02/05/2010-03/12/2010,,,Bluegrass | 423730
Kentucky,Modine Manufacturing Company,,,01/08/2010,,,Bluegrass | 423730
Kentucky,ArvinMeritor,,,03/12/2010 - 04/15/2010,,,Northern Kentucky
Kentucky,ASTAR Air Cargo,,,03/06/2010-07/01/2010,,,Northern Kentucky | 481112
Kentucky,"Western Kentucky Navigation, Inc.",,,03/06/2010,,,Western Kentucky | 483211
Kentucky,FKI Logistex,,,01/01/2010-09/30/2010,,,Bluegrass | 333922
Kentucky,TRANE Climate Solutions,,,03/31/2010,,,Bluegrass | 333415
Kentucky,Carhartt,,,03/12/2010,,,Barren River
Kentucky,Carhartt,,,03/12/2010,,,Barren River
Kentucky,Exel,,,01/31/2010,,,Greater Louisville | 493111
Kentucky,ArvinMeritor,,,07/31/2009,,,Northern Kentucky | 3363
Kentucky,Red Wing Shoes,,,02/28/2010,,,Bluegrass | 316219
Kentucky,"CDG Management, LLC and Civic Development Group, LLC - Pikeville Call Center",,,11/22/2009,,,EKCEP | 561422
Kentucky,Modine Manufacturing Company,,,01/08/2010,,,Bluegrass | 423730
Kentucky,"Daramic, LLC",,,01/03/2010,,,GRADD | 325211
Kentucky,ArvinMeritor,,,12/31/2009,,,Northern Kentucky | 3363
Kentucky,National Tobacco,,,12/31/2009,,,Greater Louisville | 312229
Kentucky,GECOM Corporation,,,12/15/2009,,,Bluegrass | 332510
Kentucky,"Miller Bros. Coal, LLC",,,12/26/2009-01/08/2010,,,EKCEP | 212112
Kentucky,Kuhlman Elctric Corporation,,,06/01/2010,,,Bluegrass | 334416
Kentucky,Kuhlman Elctric Corporation,,,05/03/2010,,,Bluegrass | 334416
Kentucky,Kuhlman Elctric Corporation,,,04/01/2010,,,Bluegrass | 334416
Kentucky,Kuhlman Elctric Corporation,,,01/01/2010,,,Bluegrass | 334416
Kentucky,"Faurecia Automotive Seating, Inc. International Industrial Park",,,06/21/2010-07/04/2010,,,Northern Kentucky | 336360
Kentucky,GECOM Corporation,,,03/30/2009,,,Bluegrass | 332510
Kentucky,The HON Company,,,12/11/2009,,,Green River | 33721
Kentucky,Mestek Inc.,,,11/16/2009,,,Northern Kentucky | 332322
Kentucky,Kuhlman Elctric Corporation,,,04/01/2010,,,Bluegrass | 334416
Kentucky,Kuhlman Elctric Corporation,,,03/01/2010,,,Bluegrass | 334416
Kentucky,Kuhlman Elctric Corporation,,,01/18/2010,,,Bluegrass | 334416
Kentucky,Kuhlman Elctric Corporation,,,01/01/2010,,,Bluegrass | 334416
Kentucky,ArvinMeritor,,,07/31/2009,,,Northern Kentucky | 3363
Kentucky,ArvinMeritor,,,07/31/2009,,,Northern Kentucky | 3363
Kentucky,Progress Rail Raceland Corp.,,,11/20/2009,,,TENCO | 336510
Kentucky,ArvinMeritor,,,11/20/2009-11/27/2009,,,Northern Kentucky | 3363
Kentucky,Buckhorn Inc.,,,11/30/2009-12/14/2009,,,Greater Louisville
Kentucky,Kuhlman Elctric Corporation,,,01/01/2010,,,Bluegrass | 334416
Kentucky,Kuhlman Elctric Corporation,,,11/02/2009,,,Bluegrass | 334416
Kentucky,Kuhlman Elctric Corporation,,,11/02/2009,,,Bluegrass | 334416
Kentucky,ArvinMeritor,,,07/31/2009,,,Northern Kentucky | 3363
Kentucky,ArvinMeritor,,,07/31/2009-09/04/2009,,,Northern Kentucky | 3363
Kentucky,"Roller Coater, Inc.",,,10/09/2024,,,GRADD | 33261
Kentucky,"Hitachi Cable Indiana, Inc.",,,08/28/2009,,,Cumberlands
Kentucky,"Gardiner Point Innkeepers, Inc.",,,09/30/2009,,,Greater Louisville | 721110
Kentucky,Exel,,,09/30/2009,,,Northern Kentucky | 493111
Kentucky,Clarcor Air Filtration Products,,,08/14/2009-10/10/2009,,,Cumberlands | 333999
Kentucky,ArvinMeritor,,,10/02/2009,,,Northern Kentucky | 3363
Kentucky,ArvinMeritor,,,07/31/2009-09/04/2009,,,Northern Kentucky | 3363
Kentucky,Kuhlman Elctric Corporation,,,09/22/2009,,,Bluegrass | 334416
Kentucky,Kuhlman Elctric Corporation,,,09/07/2009,,,Bluegrass | 334416
Kentucky,National Tobacco,,,09/17/2009,,,Greater Louisville | 312229
Kentucky,ArvinMeritor,,,07/31/2009-09/04/2009,,,Northern Kentucky | 3363
Kentucky,ArvinMeritor,,,09/18/2009,,,Northern Kentucky | 3363
Kentucky,ArvinMeritor,,,09/11/2009,,,Northern Kentucky | 3363
Kentucky,ArvinMeritor,,,09/11/2009,,,Northern Kentucky | 3363
Kentucky,ArvinMeritor,,,05/15/2009,,,Northern Kentucky | 3363
Kentucky,Occidental Chemical Corporation (OxyChem),,,08/17/2009,,,Greater Louisville | 3261
Kentucky,ArvinMeritor,,,08/07/2009,,,Northern Kentucky | 3363
Kentucky,ArvinMeritor,,,08/07/2009,,,Northern Kentucky | 3363
Kentucky,Kuhlman Elctric Corporation,,,08/03/2009,,,Bluegrass | 334416
Kentucky,Martinrea International Inc.,,,07/31/2009,,,Greater Louisville | 336399
Kentucky,Komatsu Renam North America,,,09/30/2009,,,Bluegrass | 333120
Kentucky,"Appalachian Fuels, LLC",,,05/19/2009,,,TENCO | 213113
Kentucky,"Appalachian Fuels, LLC",,,05/19/2009,,,TENCO/EKCEP | 213113
Kentucky,ArvinMeritor,,,07/31/2009,,,Northern Kentucky | 3363
Kentucky,CDG Management,,,05/29/2009,,,West Kentucky | 561422
Kentucky,Carmeuse Lime and Stone,,,05/08/2009,,,Northern Kentucky | 212312
Kentucky,AK Steel Corporation,,,07/28/2009-08/11/2009,,,TENCO | 331111
Kentucky,Premier Elkhorn Coal Company,,,,,,EKCEP | 21211
Kentucky,"CONSOL of Kentucky, Inc.",,,07/01/2009,,,EKCEP | 212112
Kentucky,"Trace Die Cast, Inc.",,,05/11/2009,,,Barren River | 336399
Kentucky,Wintech,,,07/01/2009-09/14/2009,,,Bluegrass | 3261
Kentucky,"S-R of Kentucky, Inc.",,,05/25/2009-06/30/2009,,,Barren River
Kentucky,Toyota Boshoku,,,07/03/2009,,,Lincoln Trail | 551114
Kentucky,Trim Masters Incorporated,,,06/05/2009,,,Bluegrass | 336399
Kentucky,ACS Business Process Solutions',,,06/01/2009,,,Bluegrass | 541511
Kentucky,Betts USA,,,04/01/2009-09/30/2009,,,Northern Kentucky | 326199
Kentucky,"Noble International, LTD.",,,05/29/2009,,,Greater Louisville | 336399
Kentucky,"Sun Microsystems, Inc.",,,05/30/2009-06/13/2009,,,Greater Louisville | 334111
Kentucky,Ilevel by Weyerhaeuser,,,05/09/2024,,,EKCEP | 321113
Kentucky,Jones Plastics & Engineering,,,03/29/2009,,,Greater Louisville | 326199
Kentucky,Kuhlman Elctric Corporation,,,05/04/2009,,,Bluegrass | 541330
Kentucky,"Ainak, Inc.",,,05/31/2009-10/31/2009,,,Bluegrass | 326220
Kentucky,Ayrshire Electronics,,,05/01/2009,,,EKCEP | 339999
Kentucky,"Webasto Roof Systems, Inc.",,,04/20/2009-07/15/2009,,,West Kentucky
Kentucky,AGC,,,02/26/2009,,,Lincoln Trail | 327215
Kentucky,"Specialty Vehicle Acquasition Corporation, dba ASC, Inc.",,,02/05/2009,,,Bluegrass
Kentucky,SKF,,,03/31/2009,,,Barren River | 561990
Kentucky,Occidental Chemical Corporation (OxyChem),,,03/30/2009,,,Greater Louisville | 424690
Kentucky,GECOM Corporation,,,03/30/2009,,,Bluegrass
Kentucky,"JL French Automotive Casting, Inc.",,,01/30/2009-02/13/2009,,,Barren River | 331521
Kentucky,Circuit City,,,03/21/2009,,,Statewide | 443112
Kentucky,"Martinrea Heavy Stamping, Inc.",,,03/09/2009,,,Greater Louisville
Kentucky,Flextronics - Global Services,,,02/18/2009,,,Greater Louisville | 811213
Kentucky,Progress Rail Services,,,12/18/2008,,,TENCO
Kentucky,Martinrea Heavy Stamping,,,02/16/2009,,,Greater Louisville | 336399
Kentucky,DHL Express,,,01/23/2009,,,Northern Kentucky
Kentucky,"Sunspring America, Inc.",,,02/01/2009,,,Green River
Kentucky,Cintas (Perry Manufacturing),,,01/31/2009,,,EKCEP | 31525
Kentucky,Cintas,,,01/31/2009,,,TENCO | 31252
Kentucky,"Leggett & Platt, Incorporated",,,01/15/2009,,,Greater Louisville | 332510
Kentucky,"GSI Commerce Solutions, Inc.",,,01/17/2009-01/18/2009,,,Greater Louisville | 49311
Kentucky,"Holley Performance Products, Inc.",,,01/09/2009-01/23/2009,,,Barren River | 336322
Kentucky,"Holley Performance Products, Inc.",,,11/1/2008-12/31/2008,,,Barren River | 336322
Kentucky,Martinrea Heavy Stamping,,,01/05/2009,,,Greater Louisville | 336399
Kentucky,"GSI Commerce Solutions, Inc.",,,01/01/2009 - 01/03/2009,,,Greater Louisville | 454111
Kentucky,"Worthington Industries, Inc.",,,05/31/2009,,,Greater Louisville | 331111
Kentucky,Target,,,02/07/2008,,,Greater Louisville | 452111
Kentucky,Jones Plastics & Engineering,,,01/01/2009,,,Greater Louisville | 326199
Kentucky,Intertec,,,01/02/2009-05/01/2009,,,Lincoln Trail | 336399
Kentucky,Greif Corrugated Containers,,,12/27/2008,,,Greater Louisville | 322211
Kentucky,Stock Building Supply,,,12/25/2008,,,Greater Louisville | 444190
Kentucky,"Clayton Homes and CMH Manufacturing, Inc.",,,10/16/2008-12/14/2008,,,Lincoln Trail
Kentucky,American Standard,,,10/17/2008-10/31/2008,,,EKCEP
Kentucky,"Leggett & Platt, Incorporated",,,12/14/2008,,,Greater Louisville
Kentucky,IAP World Services,,,09/30/2008,,,Northern Kentucky | 561499
Kentucky,American Beverage Corporation,,,11/10/2008,,,Western Kentucky | 311421
Kentucky,"Johnson Controls, Inc.",,,07/27/2009,,,Western Kentucky | 331521
Kentucky,"Miartinrea Heavy Stamping, Inc.",,,11/10/2008,,,Greater Louisville | 336399
Kentucky,TFE Logistics Group,,,11/01/2008,,,Northern Kentucky | 561320
Kentucky,"CDG Management, LLC",,,10/26/2008,,,EKCEP
Kentucky,"Atlantis Plastics, Inc.",,,10/31/2008,,,Green River | 325211
Kentucky,"Atlantis Plastics, Inc.",,,10/31/2008,,,Green River | 326199
Kentucky,Martinrea,,,10/01/2008,,,Greater Louisville | 336399
Kentucky,Rayloc,,,10/13/2008-10/31/2008,,,Green River
Kentucky,American Standard Brands,,,10/01/2008-10/15/2008,,,EKCEP | 332913
Kentucky,Martinrea,,,10/01/2008,,,Greater Louisville
Kentucky,Walgreens OptionCare Home Care,,,10/06/2008-12/03/2008,,,Greater Louisville | 621610
Kentucky,Panasonic Motor Company,,,09/30/2008-03/31/2009,,,Bluegrass | 339999
Kentucky,"Dakkota Integrated Systems, LLC",,,07/14/2008-07/27/2008,,,Greater Louisville | 336399
Kentucky,Panasonic Motor Company,,,09/30/2008,,,Bluegrass | 339999
Kentucky,Dana Holding Corporation,,,07/21/2008,,,Lincoln Trail | 423120
Kentucky,Republic Airways Holdings,,,09/10/2008,,,Greater Louisville & Northern Kentucky | 481111
Kentucky,"Johnson Controls, Inc.",,,07/07/2008,,,Greater Louisville | 336399
Kentucky,"Dawahare's of Lexington, LLC",,,,,,Statewide | 44814
Kentucky,"Akebono Brake Springfield Plant (AMTEC Brake, LLC dba Akebone Brake)",,,08/31/2008,,,Lincoln Trail | 326299
Kentucky,RCS Transportation LLC,,,08/01/2008,,,Greater Louisville | 488210
Kentucky,"Allied Automotive Group (Allied Systems, LTD.)",,,08/25/2008,,,Greater Louisville | 4842
Kentucky,"Benson International, LLC",,,08/07/2008,,,West Kentucky | 336212
Kentucky,"Minnesota/Owensboro Executive Inn, LLC",,,06/09/2008,,,Green River
Kentucky,CA Gardiner Veneer,,,,,,Greater Louisville
Kentucky,The Home Depot,,,08/05/2008,,,Bluegrass | 444110
Kentucky,Fort Knox National Company,,,08/01/2008,,,Lincoln Trail | 522320
Kentucky,"D-J, Inc. dba Nypro Kentucky",,,07/28/2008-09/30/2008,,,Greater Louisville
Kentucky,Ford Motor Company Louisville Assembly Plant,,,07/21/2008,,,Greater Louisville | 336112
Kentucky,Home Depot,,,,,,Bluegrass | 444110
Kentucky,Lear Corporation,,,06/19/2008,,,Greater Louisville
Kentucky,Johnson Controls @ AK Steel,,,06/18/2008,,,TENCO | 331111
Kentucky,A.O. Smith,,,06/14/2008-06/28/2008,,,Barren River
Kentucky,Sumitomo Electric Wiring System,,,06/08/2024,,,Barren River | 334419
Kentucky,RCS Transportation LLC,,,05/31/2008,,,Greater Louisville | 488210
Kentucky,Novelis Corp.,,,06/08/2024,,,Greater Louisville | 331319
Kentucky,DANA,,,05/31/2008,,,Barren River | 336399
Kentucky,"Dillard's, Inc.",,,05/02/2008,,,Greater Louisville
Kentucky,"SkyWest Airlines, Inc.",,,06/08/2024,,,Bluegrass
Kentucky,The Apparel Group LTD,,,05/02/2008,,,Greater Louisville | 315223
Kentucky,Bendix,,,03/31/2008,,,Bluegrass | 336211
Kentucky,DuPont Performance Elastomer,,,12/31/2007-02/1/2008,,,Greater Louisville | 325998
Kentucky,"Senior Care, Inc. & Gateway at Norton Healthcare Pavillion",,,03/16/2008,,,Greater Louisville | 62139
Kentucky,"Dillard's, Inc.",,,03/16/2008,,,Bluegrass
Kentucky,"CDG Management, LLC",,,01/19/2008,,,Western Kentucky
Kentucky,"KMMC, LLC dba Vision No. 9 Mine",,,01/11/2008,,,Green River
Kentucky,MultiServ - A HARSCO Company,,,03/14/2008,,,Northern Kentucky | 327992
Kentucky,Jones Plastic & Engineering,,,11/18/2007-12/16/2007,,,Lincoln Trail | 326199
Kentucky,Bendix,,,01/18/2008,,,Bluegrass
Kentucky,"Caterpillar Logistics Services, Inc.",,,01/01/2008,,,Greater Louisville
Kentucky,"Nyloncraft, Inc.",,,12/23/2007-02/29/2008,,,Barren River
Kentucky,"ATS Light Alloy Wheels Kentucky, LLC",,,12/18/2007,,,Northern Kentucky
Kentucky,"Oarsman Sportswear Parent - Paramount Apparel International, Inc.",,,12/18/2007,,,Northern Kentucky
Kentucky,"Sun Microsystems, Inc.",,,11/26/2007-12/01/2007,,,Greater Louisville
Kentucky,Logan's Roadhouse,,,,,,Barren River
Kentucky,Transcraft Corporation,,,10/31/2007,,,TENCO
Kentucky,"Flynn Enterprises, LLC",,,10/01/2007,,,Western Kentucky
Kentucky,"TT Acquisition Company, LLC dba Clover Technologies Group",,,06/29/2007,,,Greater Louisville | 325910
Kentucky,D-J Inc.,,,12/31/2006,,,EKCEP | Perry | 3089
Kentucky,Macy's Central,,,03/21/2006,,,Green River | Daviess | 5311
Kentucky,Enterprise Management Services Corporation,,,03/31/2006,,,Greater Louisville | Jefferson | 7382
Kentucky,Central Parking Corporation,,,03/31/2006,,,Greater Louisville | Jefferson | 7521
Kentucky,Carhartt,,,03/31/2006,,,Green River | Webster
Kentucky,Carhartt,,,03/31/2006,,,Barren River | Barren
Kentucky,Carhartt,,,03/31/2006,,,TENCO | Rowan
Kentucky,D&K Healthcare,,,03/03/2006,,,Bluegrass | Fayette | 5122
Kentucky,Fruit of the Loom - Jamestown Sewing Department,,,01/27/2006,,,Cumberlands | Russell | 2254
Kentucky,Kellwood Company,,,02/10/2006,,,Barren River | Butler | 2339
Kentucky,Crane Plumbing,,,02/14/2005,,,Cumberlands | Pulaski | 3431
Kentucky,American National Rubber,,,02/05/2006,,,EKCEP | Lawrence | 3053
Kentucky,LeSportsac,,,01/30/2006,,,Cumberlands | McCreary | 3161
Kentucky,Michael's Cooperage Company of Kentucky,,,12/23/2005,,,Northern Kentucky | Boone | 3412
Kentucky,"Comair, Inc.",,,01/02/2006,,,Northern Kentucky | Kenton | 4512
Kentucky,Financial Service Solutions,,,,,,Greater Louisville | Jefferson | 7311
Kentucky,CDG Management Corbin call Center,,,,,,Cumberlands | Whitley | 7371
Kentucky,CDG Management Providence Call Center,,,,,,Barren River | Simpson | 7371
Kentucky,"Flynn Enterprises, Inc.",,,,,,Western KY | Muhlenberg | 2339
Kentucky,Saint Gobain Ceramics Corhart Refractories,,,,,,Greater Louisville | Jefferson | 3297
Kentucky,Shire US Inc.,,,,,,Northern KY | Campbell | 2834
Kentucky,Charter Communications Video Call Center,,,,,,Greater Louisville | Jefferson | 4899
Kentucky,"Nexans Magnet Wire USA, Inc.",,,,,,Greater Louisville | Oldham | 3496
Kentucky,"Flynn Enterprises, LLC (Allegre, Kentucky Plant Closing)",,,,,,Western KY | Todd | 2339
Kentucky,Crittenden Health Systems Crittenden County Convalescent Center,,,,,,Northern KY | Crittenden | 8051
Kentucky,Crittenden Health Systems Salem Springlake Care Center,,,,,,Western KY | Livingston | 8051
Kentucky,"Chelsea Industries, Inc.",,,,,,Western KY | Trigg | 3496
Kentucky,Pegasus Satellite Television,,,,,,Greater Louisville | Jefferson | 4841
Kentucky,L'Oreal USA,,,,,,Northern KY | Boone | 9999
Kentucky,The Federal Reserve Bank of St. Louis,,,,,,Greater Louisville | Jefferson | 6011
Kentucky,CS International Somerset Division,,,,,,Cumberlands | Pulaski | 2392
Kentucky,Star Fire Mining,,,,,,EKCEP | Perry | 1241
Kentucky,Continental Tire North America Incorporated Mayfield Plant,,,,,,Western KY | Graves | 5099
Kentucky,Brown & Williamson Tobacco Corporation,,,,,,Greater Louisville | Jefferson | 2111
Kentucky,Brown & Williamson Tobacco Corporation,,,,,,Nationwide | 2111
Kentucky,Brown & Williamson Tobacco Corporation Sales and Marketing Office,,,,,,Northern KY | Kenton | 2111
Kentucky,Brown & Williamson Tobacco Corporation Sales and Marketing Office,,,,,,Greater Louisville | Jefferson | 2111
Kentucky,Venture Industries Corp.,,,,,,Western KY | Christian | 3714
Kentucky,Robert Bosch Tool,,,,,,Lincoln Trail | Grayson | 3425
Kentucky,Walker Paducah Corp.,,,,,,Western KY | McCraken | 4492
Kentucky,Temple InLand Louisville West Box Plant,,,,,,Greater Louisville | Jefferson | 2653
Kentucky,Continental Tire North America,,,,,,Western KY | Graves | 5099
Kentucky,Winn Dixie Logistics,,,,,,Greater Louisville | Jefferson | 4226
Kentucky,American Bag,,,,,,McCreary | 3714
Kentucky,Michaels Stores Inc.,,,,,,Bluegrass | Fayette | 5099
Kentucky,"Dana Corporation Torque Traction Intergration Technologies, Inc.",,,,,,Northern KY | Grant | 3999
Kentucky,Osram Sylvania Lexington Distribution Center,,,,,,Bluegrass | Fayette | 5063
Kentucky,"Jockey International, Inc.",,,,,,Mason | 5999
Kentucky,"Auburn Hosiery Mills, Inc.",,,,,,Logan | 2251
Kentucky,Jockey International,,,,,,Nicholas | 5999
Kentucky,Jockey International,,,,,,Montgomery | 5999
Kentucky,Sears Roebuck and Company National Support and Inquiry Center,,,,,,Greater Louisville | Jefferson | 7389
Kentucky,Sanmina - SCI,,,,,,Bluegrass | Madison | 3999
Kentucky,"Mayfield Cap Company, Inc.",,,,,,Graves | 2353
Kentucky,"Sykes Enterprises, Inc.",,,,,,Pike | 7389
Kentucky,Bank of America,,,,,,Greater Louisville | Jefferson | 6162
Kentucky,Louisville/Saydah Home Fashions,,,,,,Henry | 2392
Kentucky,Sears Roebuck and Company Customer Network Center,,,,,,Greater Louisville | Jefferson | 7389
Kentucky,King Provision,,,,,,Greater Louisville | Jefferson | 5141
Kentucky,"WNA Hopple Plastics, Inc.",,,,,,Northern KY | Boone | 2295
Kentucky,Providian Financial Corporation,,,,,,Greater Louisville | Jefferson | 6141
Kentucky,Amerisourcebergen Corp. Louisville Distribution Center,,,,,,Greater Louisville | Jefferson | 4225
Kentucky,Humana Inc. and Humana Insurance Company Louisville Telemarketing Unit,,,,,,Greater Louisville | Jefferson | 6321
Kentucky,Hoover Wire Products A Legget & Platt Division,,,,,,Bluegrass | Scott | 2515
Kentucky,Plaid Clothing Company,,,,,,Northern KY | Kenton | 2329
Kentucky,Appalachian Regional Healthcare,,,01/07/2003,,,EKCEP
Kentucky,"Kentucky Electrical Steel, Inc.",,,12/29/2002-01/26/2003,,,TENCO | Boyd
Kentucky,International Paper Company,,,03/31/2003,,,Western Kentucky | Christian
Kentucky,"Collis, Inc. Subsidiary of SSW Holding Company",,,,,,Lincoln Trail | Hardin
Kentucky,"GE Financial Assurance Holdings, Inc.",,,,,,Greater Louisville | Jefferson
Kentucky,HMX Tailored (Plaid Cloth),,,,,,Cumberlands | Pulaski County
Kentucky,Tyco Electronics (AMP Inc.),,,,,,Bluegrass | Scott
Kentucky,Accuride Corporation,,,,,,Green River | Henderson
Kentucky,"Donaldson Company, Inc",,,,,,Bluegrass | Jessamine
Kentucky,Providian Financial Corporation,,,,,,Greater Louisville | Jefferson
Kentucky,Woodwork of Mid-America,,,,,,Barren River | Warren
Kentucky,Inoac Packaging Group,,,,,,Lincoln Trail | Grayson
Kentucky,Woodwork Mid-America,,,02/25/2002,,,"Barren River | Warren | 2431, 2434, 3993"
Kentucky,Inoac Packaging Group,,,10/01/2001,,,Lincoln Trail | Grayson | 3089
Kentucky,A.O. Smith Electrical Products Co.,,,,,,Barren River | Allen
Kentucky,A. O. Smith,,,02/04/2002,,,Barren River | Allen | 3621
Kentucky,Donnelly Corporation,,,,,,TENCO | Montgomery
Kentucky,Donnelly Corporation,,,01/03/2002-04/15/2002,,,TENCO | Montgomery | 3231
Kentucky,"Sumitomo Electric Wiring Systems, Inc.",,,,,,Barren River | Butler & Metcalfe
Kentucky,"Carlton Cards Retail, Inc.",,,,,,Greater Louisville | Shelby
Kentucky,"Sumitomo Electric Wiring Systems, Inc.",,,02/01/2002-09/01/2002,,,"Barren River | Warren, Butler, Metcalfe | 3679"
Kentucky,"BSC Acquisition Sub, LLC",,,01/26/2001,,,Greater Louisville | Jefferson | 2677
Kentucky,"BSC Acquisition Sub, LLC",,,01/26/2001,,,Greater Louisville | Jefferson
Kentucky,Carlton Cards - American Greetings,,,01/30/2002,,,Greater Louisville | Shelby | 2771
Kentucky,"Hayes Lemmerz International, Inc.",,,,,,Barren River | Warren | 3714
Kentucky,Health Associates of Kentucky Inc.,,,,,,Bluegrass | Fayette | 8099
Kentucky,OshKosh B' Gosh,,,,,,Bluegrass | Clinton | 2361
Kentucky,"Spherion Atlantic Enterprises, LLC",,,,,,Green River | Henderson | 7363
Kentucky,New World Pasta Company,,,,,,Greater Louisville | Jefferson | 2098
Kentucky,Hayes Lemmerz - Somerset,,,,,,Cumberlands | Pulaski | 3714
Kentucky,American Racing Equipment,,,,,,Gallatin | 3714
Kentucky,Spherion Atlantic,,,,,,Green River | Henderson
Kentucky,Dana Corporation - Elizabethtown,,,,,,Lincoln Trail | Hardin | 3714
Kentucky,Peabody Coal Company Camp No. 11 Mine,,,,,,Union | 1222
Kentucky,Whitehall Furniture,,,,,,Green River | Daviess | 2521
Kentucky,CPS Plus Mark - American Greetings,,,,,,Green River | Henderson | 2621
Kentucky,"KEY Industries, Inc.",,,,,,Barren River | Monroe | 2325
Kentucky,"Ca One Services, Inc. Covington/Cincinnati Airport",,,,,,Northern KY | Kenton | 5811
Kentucky,New World Pasta Company,,,,,,Greater Louisville | Jefferson | 2098
Kentucky,EAS Mine of Aero Energy,,,,,,EKCEP | Perry | 1222
Kentucky,Landis Gardner,,,,,,Northern KY | Boone | 3541
Kentucky,"Interlake Material Handling, Inc.",,,,,,"Greater Louisville | Bullitt, Jefferson | 3535"
Kentucky,Cingular Wireless,,,,,,Greater Louisville | Jefferson | 4812
Kentucky,"Collis, Inc.",,,,,,Lincoln Trail | Hardin | 3496
Kentucky,"Techno Trim, Inc.",,,,,,TENCO | Mason | 3714
Kentucky,American Greetings,,,08/20/2001-02/28/2002,,,"Cumberlands | Whitley, Knox"
Kentucky,American Greetings,,,08/20/2001-02/28/2002,,,Cumberlands
Kentucky,Waukesha Cherry-Burrell,,,,,,Greater Louisville | Jefferson | 3556
Kentucky,SPX/Marley Cooling Tower Co.,,,,,,Greater Louisville | Jefferson | 1711
Kentucky,Garan Manufacturing Corp.,,,,,,Hickman
Kentucky,"Comair, Inc.",,,,,,Northern KY | Kenton
Kentucky,Parker-Hannifin Corporation,,,,,,Northern KY | Madison
Kentucky,"Perm Cast Foundry, Subsidiary of Grede Foundries, Inc.",,,,,,Northern KY | Harrison | 3321
Kentucky,Brown and Williamson Tobacco,,,,,,Greater Louisville | Jefferson
Kentucky,CCL Container Corporation,,,,,,Northern KY | Carroll | 3499
Kentucky,Mattel Inc. Distribution Center,,,,,,Northern KY | Boone | 3944
Kentucky,American Greetings,,,,,,Cumberlands | Statewide
Kentucky,Mattel-Murray,,,,,,Western KY | Calloway
Kentucky,Newport Steel Corporation,,,,,,Northern KY | Campbell
Kentucky,"Quebecor World Metroweb, LP",,,,,,Northern KY | Kenton
Kentucky,Alcoa Automotive Castings,,,03/01/2024,,,
Kentucky,Ingersoll-Rand Company,,,,,,Western KY | Graves
Kentucky,Supervalu Distribution Center,,,,,,"Western KY | Muhlenberg, Hopkins | 5141"
Kentucky,Washington Mutual,,,,,,Greater Louisville | Jefferson
Kentucky,CMS Hartzell,,,,,,Bluegrass | Madison
Kentucky,Darwin Networks,,,,,,Greater Louisville | Jefferson | 5734
Kentucky,Department of the Army Headquarters,,,,,,"Meade, Hardin, Bullitt"
Kentucky,"Lexmark International, Inc.",,,,,,Bluegrass | Fayette
Kentucky,"ATC Distribution Group, Inc.",,,,,,Greater Louisville | Jefferson | 3714
Kentucky,"Hill's Pet Nutrition, Inc.",,,,,,Barren River | Warren | 2047
Kentucky,Intertec Systems,,,,,,Lincoln Trail | Nelson | 3714
Kentucky,"Fatbrain.com, LLC",,,,,,Northern KY | Kenton | 2731
Kentucky,Createc Corporation,,,,,,Bluegrass | Mercer
Kentucky,"ShopKo Stores, Inc.",,,,,,Western KY | McCracken | 5311
Kentucky,Heilig-Meyers Mt. Sterling Distribution Center,,,,,,TENCO | Montgomery | 5311
Kentucky,"Donaldson Company, Inc.",,,,,,Greater Louisville | Jefferson | 3564
Kentucky,"Kerry, Inc.",,,,,,Lincoln Trail | Washington | 2023
Kentucky,JC Penny Store,,,,,,Campbell
Kentucky,"Collis, Inc.",,,,,,Lincoln Trail | Hardin
Kentucky,"V.F. Workwear, Inc. Russellville, KY Facility",,,,,,Cumberlands | Logan | 7389
Kentucky,"Montgomory Ward Harrodsburg Park, Lexington, KY Facility",,,,,,Bluegrass | Fayette
Kentucky,"Baskin Robbins Owensboro, KY - Facility",,,,,,Green River | Daviess | 2024
Kentucky,OshKosh B' Gosh,,,,,,Cumberlands | Casey | 2361
Kentucky,Accuride,,,02/02/2001,,,Green River | Henderson
Kentucky,Hewlett-Packard (VeriFone),,,,,,Greater Louisville | Jefferson
Kentucky,"VF Workwear, Inc. (VF Imagewear)",,,,,,Logan
Kentucky,The Earthgrains Company,,,,,,Greater Louisville | Jefferson
Kentucky,Stearns Technical Textiles Co.,,,,,,Laurel
Kentucky,Darwin Networks,,,,,,Greater Louisville | Jefferson
Kentucky,"Arch Chemicals, Inc.",,,,,,Meade
Kentucky,Parker Chapin LLP (Burruss Co.),,,,,,Wayne
Kentucky,American Greetings,,,,,,Kenton
Kentucky,WaxWorks Video Works,,,,,,Daviess
Kentucky,Kentucky/West Virginia Gas,,,,,,Floyd
Kentucky,"United Plastics Group, Inc.",,,,,,Graves
Kentucky,Matsushita Home Appliance Co.,,,,,,Bluegrass | Boyle
Kentucky,AFL Truck & Industrial Group,,,,,,Shelby
Kentucky,Perry County Coal Corporation,,,,,,Perry & Leslie
Kentucky,Grocery Supply Co. of Paducah,,,,,,McCracken
Kentucky,Peabody Coal Company,,,,,,Union
Kentucky,Dana - Spicer Heavy Axle & Brake,,,,,,Barren River | Barren
Kentucky,Bird Vinyl Products,,,,,,Lincoln Trail | Nelson
Kentucky,Kmart Corporation,,,,,,Taylor
Kentucky,CSX Transportation,,,,,,Greenup
Kentucky,Genlyte Thomas,,,,,,Western Kentucky | Christian
Kentucky,APAC Customer Services,,,,,,Northern Kentucky | Kenton
Kentucky,"Dillard's, Inc.",,,,,,Greater Louisville | Jefferson
Kentucky,"Circuit City Stores, Inc.",,,,,,Jefferson
Kentucky,Fontaine Trailer Company,,,,,,Caldwell
Kentucky,Heckett MultiServ,,,,,,Boyd
Kentucky,United States Enrichment Corp.,,,,,,McCracken
Kentucky,Johns Manville Corp.,,,,,,Boone
Kentucky,Clark Material Handling Co.,,,,,,Fayette
Kentucky,"Crothall Healthcare, Inc.",,,,,,Jefferson
Kentucky,"Gibson Greetings, Inc.",,,,,,Kenton
Kentucky,Celestica Corporation,,,,,,Wolfe
Kentucky,Green River Steel,,,,,,Daviess
Kentucky,Landstar,,,,,,Hopkins
Kentucky,"Parsons Telecom, Inc.",,,,,,Statewide
Kentucky,"Star-Kist Foods, Inc.",,,,,,Campbell
Kentucky,Fruit of the Loom,,,,,,Franklin
Kentucky,"Conco, Inc.",,,,,,Jefferson
Kentucky,US Airways Louisville,,,,,,Jefferson
Kentucky,Wallace,,,,,,Marion
Kentucky,US Airways Lexington,,,,,,Fayette
Kentucky,Tyco Electronics Corporation,,,,,,Crittenden
Kentucky,Genicom Corporation,,,,,,Jefferson
Kentucky,United States Enrichment Corp.,,,,,,McCracken
Kentucky,Qwik Tool & Manufacturing Co.,,,,,,Fayette
Kentucky,"Millstone Coffee, Inc.",,,,,,Henderson
Kentucky,Clarion Manufacturing Corporation,,,,,,Boone
Kentucky,ABTCO,,,,,,Christian
Kentucky,Tecumseh Products Company,,,,,,Pulaski
Kentucky,"MHI Machine Tool U.S.A., Inc.",,,,,,Christian
Kentucky,CertainTeed Corporation,,,,,,Hardin
Kentucky,Philip Morris,,,,,,Jefferson
Kentucky,"Ardco, Inc.",,,,,,Todd
Kentucky,"Collis, Incl.",,,,,,Hardin
Kentucky,Phelps Dodge,,,,,,Christian
Kentucky,ILSCO,,,,,,Montgomery
Kentucky,"Moen, Hoov-R-Line",,,,,,Webster
Kentucky,Samuels,,,,,,Fayette
Kentucky,Jockey International Inc.,,,,,,Nicholas
Kentucky,Tecumseh Products Co.,,,,,,Pulaski
Kentucky,White Swan Meta,,,,,,Hopkins
Kentucky,Levi Strauss & Co.,,,,,,Boone
Kentucky,Bird Vinyl Products - rescinded,,,,,,Nelson
Kentucky,Pike County Coal Corp.,,,,,,Pike
Kentucky,Ikerd-Bandy Co./CC Coal Co.,,,,,,Bell
Kentucky,"Hechinger Inv. Company, Inc.",,,,,,Jefferson/Boone
Kentucky,"Kentucky Apparel, LLP",,,,,,Warren
Kentucky,"Kentucky Apparel, LLP",,,,,,Monroe
Kentucky,Accuride Corp.,,,,,,Henderson
Kentucky,IXC Communications,,,,,,Jefferson
Kentucky,"Addington Mining, Inc.",,,,,,Breathitt
Kentucky,Island Creek Coal Company,,,,,,Union
Kentucky,CompuCom Systems,,,,,,Kenton
Kentucky,Nine West (Vanceburg and Hebron),,,,,,Lewis/Boone
Kentucky,"Kentucky Sportsservice, Inc.",,,,,,Jefferson
Kentucky,"Preston Trucking Co., Inc.","Lexington, Louisville",,,,,
Kentucky,Copeland Mine and Haz4West Mine,,,,,,Leslie
Kentucky,Field Packing Co.,,,,,,Daviess
Kentucky,Hechinger Co.,,,,,,Jefferson
Kentucky,"Moen, Inc.",,,,,,Webster
Kentucky,SuperValu,,,,,,Muhlenberg
Kentucky,United Magazine Company,,,,,,Adair/Jefferson
Kentucky,Union Underwear Co.,,,,,,Taylor
Kentucky,Green River Steel,,,,,,Daviess
Kentucky,"Equitable Bag Co., Inc.",,,,,,Boone
Kentucky,Brake Parts,,,,,,Boone/Kenton
Kentucky,Batesville Casket Company,,,,,,Taylor
Kentucky,"TechnoTrim, Inc.",,,,,,Barren
Kentucky,Genlyte Thomas,,,,,,Christian
Kentucky,The J. Peterman Company,,,,,,Fayette
Kentucky,"The Apparel Group, Ltd.",,,,,,Jefferson
Kentucky,Intertec Systems,,,,,,Nelson
Kentucky,Cooper Bussmann,,,,,,Hardin
Kentucky,Paducah Gaseous Diffusion Plant,,,,,,McCraken
Kentucky,Trinity Fitting & Flange Group,,,,,,Harrison
Kentucky,Taylor Farms,Louisville,,,,,Jefferson
Kentucky,Kentucky Apparel/Gamaliel,,,,,,Monroe
Kentucky,Matsushita,,,,,,Clark
Kentucky,Union Underwear/Jamestown,,,,,,Russell
Kentucky,Mountain Coals Corporation Star Fire Mine Buckhorn Processing Plant,,,,,,Perry
Kentucky,"Kentucky Apparel, L.L.P.",,,,,,Warren
Kentucky,Armour Rood Ingredients Co.,Springfield,,,,,
Kentucky,National-Standard Company,Corbin,,,,,Knox
Kentucky,Red Kap Industries,Tompkinsville,,,,,Monroe
Kentucky,"Bizwill, Inc. (Martiki Coal)",,,,,,Martin
Kentucky,"Nine West Group, Inc.",Vanceburg,,,,,
Kentucky,"Harley Hotels, Inc.",Lexington,,,,,Fayette
Kentucky,Kentucky Apparel Summer Shade Plant Fountain Run Plant,,,,,,"Metcalfe, Monroe"
Kentucky,OshKosh B'Gosh,Liberty,,,,,Casey
Kentucky,Gamble Brothers (Burruss Co.),Louisville,,,,,
Kentucky,PIMA,Louisville,,,,,Jefferson
Kentucky,Tecumseh Products,Somerset,,,,,Pilaski
Kentucky,Speedway SuperAmerica LLC (SSA) and Ashland INC,Ashland,,,,,Boyd
Kentucky,Commonwealth General Corp..,Louisville,,,,,Jefferson
Louisiana,Einstein Charter Schools,New Orleans,,05/30/2026,,,Education
Louisiana,Stockhausen Superabsorber LLC,Garyville,,04/03/2026,,,Chemical Manufacturing
Louisiana,Denka Performance Elastomer LLC,LaPlace,,04/01/2026,,,Chemical Manufacturing
Louisiana,McGlinchey Stafford PLLC,New Orleans,,03/16/2026,,,Legal Services
Louisiana,Westlake Corporation,Lake Charles,,12/14/2026,,,Petrochemical Manufacturing
Louisiana,"Premier Health Consultants, LLC (Premier Health Urgent Care)",,,12/31/2025,,,Healthcare / Urgent Care Services
Louisiana,"SafeSource Direct, L.L.C. – MMF PPE Manufacturing Facility",,,10/21/2025,,,PPE Manufacturing (Man-Made Fiber)
Louisiana,"SafeSource Direct, L.L.C. – MMF Facility (Second WARN)",,,11/25/2025,,,PPE Manufacturing (Man-Made Fiber)
Louisiana,"SafeSource Direct, L.L.C. – Nitrile Plant Facility",,,10/21/2025,,,PPE / Chemical Manufacturing
Louisiana,Ensco Offshore LLC – DS-18 Drilling Rig,,,02/10/2026,,,Offshore Oil & Gas Drilling
Louisiana,"The Service Companies, Inc. (Full Service Systems Corp.) – Horseshoe",Bossier City,,02/01/2026,,,Hospitality / Facilities Services
Louisiana,General Dynamics Information Technology (GDIT),,,11/14/2025,,,IT Services / Federal Contracting
Louisiana,"SafeSource Direct, LLC",Broussard,,10/21/2025,,,Manufacturing
Louisiana,Smitty's Supply Inc,Roseland,,08/22/2025,,,Manufacturing
Louisiana,PosiGen Developer LLC,St. Rose,,08/25/2025,,,Renewable Energy
Louisiana,UPS (rescinded 09/05/2025),New Orleans,,09/08/2025,,,Transportation and Logistics
Louisiana,Albertsons Baton Rouge #0709,Baton Rouge,,08/16/2025,,,Food and Beverage
Louisiana,Roux 61,Baton Rouge,,05/31/2025,,,Food and Beverage
Louisiana,Sodexo,New Orleans,,07/14/2025,,,Food and Beverage
Louisiana,Syncom Space Services,New Orleans,,06/30/2025,,,Manufacturing
Louisiana,Cornerstone Chemical Company,Waggaman,,07/31/2025-12/31/2025,,,Petrochemical Manufacturing
Louisiana,Federal Express Corporation (BTRA Facility),Baton Rouge,,06/30/2025,,,Couriers and Express Delivery Services
Louisiana,"IDEA Southern Louisiana (IDEA Innovation, IDEA Bridge)",Baton Rouge,,05/24/2025,,,Education
Louisiana,Southern Glazer's Wine and Spirits of Louisiana,Lafayette,,05/16/2025,,,Sales and Distribution
Louisiana,General Dynamics Information Technology,New Orleans,,05/14/2025,,,Information Technology
Louisiana,Boeing Company,New Orleans,,04/18/2025,,,Manufacturing
Louisiana,International Paper Company,Campti,,04/13/2025,,,Manufacturing
Louisiana,Dr. Eddy’s Laboratories,Shreveport,,03/14/2025,,,Manufacturing
Louisiana,Brown Eagle Contractors,St. Gabriel,,01/16/2025,,,Service
Louisiana,Kaleo,"Richmond, VA",,11/30/2024,,,Retail Sales - Medical
Louisiana,"Lost Boys Interactive, LLC",Remote,,09/09/2024,,,Software Publisher/Video Game Developer
Louisiana,Young Williams,Bossier City,,10/31/2024,,,Call Center - Telemarketing Bureaus and Other Contact Centers
Louisiana,"Sodexo, Inc and Affiliates - St. Francis ES",Monroe,,09/30/2024,,,Facilities Management
Louisiana,Amentum,New Orleans,,09/02/2024,,,Other Support Activities/Air Transportation
Louisiana,First Guaranty Bank,Hammond,,09/20/2024,,,Banking and Financial Institutions
Louisiana,Flowers Baking Co,Baton Rouge,,09/16/2024,,,Manufacturing
Louisiana,Plymouth Tube Company USA,West Monroe,,09/20/2024,,,Manufacturing – Other Fabricated Metal Products
Louisiana,Winn Dixie Store No. 1411,Metairie,,07/07/2024,,,Retail-Supermarkets & Grocery Stores
Louisiana,Diamond Offshore West Vela Rig,Houma,,8/5/2024-9/15/2024,,,Oil & Gas
Louisiana,WellPath - Orleans Justice Center,New Orleans,,05/31/2024-06/14/2024,,,Healthcare
Louisiana,Restorix,Metairie,,06/28/2024,,,Healthcare
Louisiana,The Boeing Company,New Orleans,,06/28/2024,,,Aerospace Manufacturer
Louisiana,Franciscan Missionaries of Our Lady,Baton Rouge,,06/30/2024,,,Healthcare
Louisiana,Savista@Lane Regional,Zachary,,07/01/2024,,,Healthcare Support Services
Louisiana,"Sodexo, Inc. and Affiliates Tulane University",New Orleans,,06/30/2024,,,Restaurant/Cafeteria
Louisiana,ABM Healthcare Support SVS Inc.,Shreveport,,05/02/2024,,,Environmental/Janitorial Services
Louisiana,ADT Solar,Mandeville,,2/23/2024-12/31/2024,,,Contractor/Special Trade Contractor
Louisiana,American Queen Steamboat Operating Company LLC,New Orleans,,2/23/2024-12/31/2024,,,"Travel, Recreation, & Leisure (Cruise Line)"
Louisiana,Diamond Offshore Auriga Rig,Houma,,3/1/2024-4/30/2024,,,Oil & Gas
Louisiana,"Lost Boys Interactive, LLC","Madison, WI",,03/15/2024,,,Video Game Developer
Louisiana,ABM Healthcare Support SVS Inc. *Update*,"Jefferson, Algiers, Belle Chase, Kenner, Metairie, New Orleans, Lacomb",,01/31/2024,,,Food Services
Louisiana,ABM Healthcare Support SVS Inc.,"Shreveport, Monroe",,01/31/2024,,,Food Services
Louisiana,GEO Secure Services LLC ICE Processing Center,Pine Prairie,,01/02/2024,,,Facility Support Services/Immigrations and Customs Support
Louisiana,Ingevity Corporation,DeRidder,,2/5/2024-12/31/2025,,,Chemical Plant
Louisiana,Teijin Automotive Technologies *Update*,Sarepta,,10/16/2023,,,Automotive Technology Mfg.
Louisiana,Teijin Automotive Technologies *Update*,Sarepta,,10/02/2023,,,Automotive Technology Mfg.
Louisiana,Teijin Automotive Technologies,Sarepta,,09/19/2023,,,Automotive Technology Mfg.
Louisiana,Teijin Automotive Technologies,Sarepta,,09/21/2023,,,Automotive Technology Mfg.
Louisiana,Aramark Services Inc @ Christus Highland Medical Center,Shreveport,,10/31/2023,,,Food Services
Louisiana,Aramark Services Inc @ Christus St. Patrick Hospital,Lake Charles,,10/31/2023,,,Food Services
Louisiana,Aramark Services Inc @ Christus St. Frances Cabrini,Alexandria,,10/31/2023,,,Food Services
Louisiana,Custom Printed Products,Bossier City,,10/06/2023,,,Printing
Louisiana,Ardagh Glass Inc,Simsboro,,07/17/2023,,,Glass Industry
Louisiana,Ampacet Corporation,DeRidder,,08/21/2023,,,Plastic Fabrication
Louisiana,Coastal Cargo Company,New Orleans,,07/07/2023,,,Unload Ships at the Port of New Orleans
Louisiana,Amentum/NAS JRB,New Orleans,,07/30/2023,,,Aviation Support Equipment Maintenance
Louisiana,AMETEK/Orion Instruments,Baton Rouge,,09/15/2023,,,Manufacture innovative level controls for process industries
Louisiana,AMETEK/Orion Instruments,Baton Rouge,,11/15/2023,,,Manufacture innovative level controls for process industries
Louisiana,AMETEK/Orion Instruments,Baton Rouge,,12/15/2023,,,Manufacture innovative level controls for process industries
Louisiana,Morrison Healthcare,Baton Rouge,,03/31/2023,,,Food Services
Louisiana,Magnit Corporation,Baton Rouge,,04/29/2023,,,Business Support Services
Louisiana,"Chipper - Critical Ideas, Inc.",CA,,02/17/2023,,,Software Development
Louisiana,"BCH, Inc. dba Wellness Work",Lafayette,,05/11/2023,,,Healthcare
Louisiana,"ASAP, Inc.",Lafayette,,01/10/2023,,,Delivery Services
Louisiana,Prime Time Inc. (Head Start),Ouachita Parish,,11/30/2022,,,Child Care Services
Louisiana,QuarterNorth Energy,Lafayette,,11/30/2022,,,Oil & Gas
Louisiana,Amentum,New Orleans,,10/15/2022,,,Support Services
Louisiana,City Park Improvement Association,New Orleans,,10/31/2022,,,Local Government
Louisiana,Odle Management Group,New Orleans,,08/31/2022,,,Vocational Rehabilitation Services
Louisiana,Utz Quality Foods,Gramercy,,05/20/2022,,,Healthcare
Louisiana,Baton Rouge International School,Baton Rouge,,07/31/2022,,,Education
Louisiana,Crothall Healthcare,Kenner,,06/07/2022,,,Janitorial Services
Louisiana,Morrison Healthcare Food Services,Monroe,,05/31/2022,,,Food Service Contractors
Louisiana,"Ready Responders, Inc",New Orleans,,02/18/2022,,,Healthcare
Louisiana,Watsonville Community Hospital,Watsonville,,01/28/2022,,,Hospital
Louisiana,Phillips 66 Company - Alliance Refinery,Belle Chasse,,01/07/2022,,,Petroleum Refineries
Louisiana,Odle Management Group,New Orleans,,12/25/2021,,,Vocational Rehabilitation Services
Louisiana,Cleco Dolet Hills Power Station,Mansfield,,12/31/2021,,,Utilities
Louisiana,Maison DeVille Nursing Home in Houma,Houma,,09/10/2021,,,Nursing Care Facilities
Louisiana,Maison DeVille Nursing Home in Harvey,Harvey,,09/10/2021,,,Nursing Care Facilities
Louisiana,St. Elizabeth's Caring,Harvey,,09/10/2021,,,Nursing Care Facilities
Louisiana,Park Place Healthcare,Gretna,,09/10/2021,,,Nursing Care Facilities
Louisiana,River Palms Nursing and Rehab,New Orleans,,09/10/2021,,,Nursing Care Facilities
Louisiana,Maison Orleans Health Care Center,New Orleans,,09/10/2021,,,Nursing Care Facilities
Louisiana,South Lafourche Nursing and Rehab,Cut Off,,09/10/2021,,,Nursing Care Facilities
Louisiana,Stupp Corp,Baton Rouge,,11/06/2021,,,Manufacturing
Louisiana,Railserve,Hahnville,,11/01/2021,,,Support Activities for Rail Transportation
Louisiana,Centerra Group LLC,"Plaquemine, New Orleans, Hackberry",,07/31/2021,,,Security Services
Louisiana,Lawrence D. Crocker College Prep,New Orleans,,05/28/2021,,,Education
Louisiana,Arcosa Marine Products,Madisonville,,05/04/2021,,,Manufacturing
Louisiana,University View Academy at Tallulah Charter School,Tallulah,,06/09/2021,,,Education
Louisiana,Shell Convent Refinery,Convent,,03/01/2021,,,Petroleum Refineries
Louisiana,Libbey Inc.,Shreveport,,12/31/2020,,,Manufacturing
Louisiana,Isle of Capri Casino,Westlake,,02/01/2021,,,Casino
Louisiana,Bristow U.S. LLC,Galliano,,01/17/2021,,,Nonscheduled Air Transportation
Louisiana,Bristow U.S. LLC,New Iberia,,01/17/2021,,,Nonscheduled Air Transportation
Louisiana,Community Development Institute Head Start,St. Martinville,,12/31/2020,,,Child Day Care Services
Louisiana,Sodexo - Nicholls State,Thibodaux,,03/17/2020,,,Support Services
Louisiana,Aviation Exteriors Louisiana,New Iberia,,11/06/2020,,,Support Activities for Air Transportation
Louisiana,Oceans Behavioral Hospital,Lake Charles,,10/05/2020,,,Healthcare
Louisiana,Calcasieu Refining Company,Lake Charles,,12/01/2020,,,Petroleum Refineries
Louisiana,Omni Riverfront Hotel,New Orleans,,03/30/2020,,,Hospitality
Louisiana,Lake Charles Memorial Health System,Lake Charles,,09/28/2020,,,Healthcare
Louisiana,Calcasieu Refining Company,Lakes,,09/28/2020,,,Petroleum Refineries
Louisiana,Menzies Aviation - MSY,Kenner,,11/23/2020,,,Scheduled Air Transportation
Louisiana,Audubon Nature Institute,New Orleans,,09/24/2020,,,Zoos and Botanical Gardens
Louisiana,ABM Inc,Kenner,,10/04/2020,,,Support Services
Louisiana,Freeman Audio Visual,New Orleans,,09/23/2020,,,Support Services
Louisiana,Freeman Expositions,New Orleans,,09/23/2020,,,Support Services
Louisiana,The Freeman Company,New Orleans,,09/23/2020,,,Support Services
Louisiana,P.F. Chang's China Bistro,Metairie,,03/17/2020,,,Hospitality
Louisiana,P.F. Chang's China Bistro,Baton Rouge,,03/17/2020,,,Hospitality
Louisiana,Omni Royal Orleans,New Orleans,,03/19/2020,,,Hospitality
Louisiana,Royal Sonesta New Orleans,New Orleans,,11/10/2020,,,Hospitality
Louisiana,Pat O'Brien's,New Orleans,,09/30/2020,,,Hospitality
Louisiana,Emeril's Restaurant,New Orleans,,03/17/2020,,,Hospitality
Louisiana,Dave & Buster's,New Orleans,,11/08/2020,,,Entertainment
Louisiana,Sheraton Hotel,New Orleans,,11/06/2020,,,Hospitality
Louisiana,Ace Hotel New Orleans,New Orleans,,09/15/2020,,,Hospitality
Louisiana,Live Nation Entertainment,New Orleans,,04/24/2020,,,Entertainment
Louisiana,"Avis Budget Group BTR, MSY, LFT, LCH",Multiple,,04/01/2020,,,Rental Services
Louisiana,H.N. Fernandez Inc.,New Orleans,,03/16/2020,,,Hospitality
Louisiana,Stupp Coatings,Baton Rouge,,10/01/2020,,,Manufacturing
Louisiana,Stupp Corporation,Baton Rouge,,10/24/2020,,,Manufacturing
Louisiana,Stellar HLL MSY Venture,Elmwood,,10/15/2020,,,Retail
Louisiana,Arcosa Marine Products,Madisonville,,10/13/2020,,,Manufacturing
Louisiana,HMS Host,Kenner,,10/16/2020,,,Hospitality
Louisiana,Hotel Monteleone,New Orleans,,10/25/2020,,,Hospitality
Louisiana,Hyatt Regency,New Orleans,,03/22/2020,,,Hospitality
Louisiana,The Roosevelt Hotel,New Orleans,,03/22/2020,,,Hospitality
Louisiana,Hilton New Orleans Riverside,New Orleans,,03/23/2020,,,Hospitality
Louisiana,Wyndham Vacation Ownership,New Orleans,,07/03/2020,,,Hospitality
Louisiana,Transdev Inc.,New Orleans,,09/28/2020,,,Transportation
Louisiana,Commander's Palace,New Orleans,,03/17/2020,,,Hospitality
Louisiana,American Queen Steamboat Company,New Albany,,09/24/2020,,,Hospitality/Tourism
Louisiana,Arnaud's/Remoulades,New Orleans,,03/17/2020,,,Hospitality
Louisiana,BJ Services,Shreveport,,08/02/2020,,,Oil & Gas
Louisiana,Archdiocese of New Orleans,New Orleans,,09/15/2020,,,Religious Organization
Louisiana,Hilton Capital Center,Baton Rouge,,09/20/2020,,,Hospitality
Louisiana,Boomtown New Orleans,Harvey,,09/15/2020,,,Casino
Louisiana,Sodexo - UNO,New Orleans,,08/31/2020,,,Support Services
Louisiana,United Airlines - MSY,Kenner,,10/01/2020,,,Airline
Louisiana,Delaware North Companies,Kenner,,03/17/2020,,,Hospitality
Louisiana,Hilton Shreveport,Shreveport,,06/05/2020,,,Hospitality
Louisiana,Cypress Bayou Casino Hotel,Charenton,,07/01/2020,,,Casino
Louisiana,The Freeman Company,New Orleans,,06/30/2020,,,Support Services
Louisiana,"Xanitos, Inc",Metairie,,08/18/2020,,,Support Services
Louisiana,Link Restaurant Group,New Orleans,,03/17/2020,,,Hospitality
Louisiana,L'Auberge Casino Resort,Lake Charles,,08/15/2020,,,Casino
Louisiana,Boomtown New Orleans,Harvey,,08/15/2020,,,Casino
Louisiana,Margaritaville Resort Casino,Bossier City,,08/15/2020,,,Casino
Louisiana,L'Auberge Casino Hotel,Baton Rouge,,08/15/2020,,,Casino
Louisiana,The Higgins Hotel & Conference Center,New Orleans,,06/09/2020,,,Hospitality
Louisiana,The Ritz-Carlton Hotel,New Orleans,,03/14/2020,,,Hospitality
Louisiana,JW Marriot Hotel,New Orleans,,03/21/2020,,,Hospitality
Louisiana,Hyatt Regency,New Orleans,,03/22/2020,,,Hospitality
Louisiana,Georgia-Pacific Wood,Dequincy,,07/13/2020,,,Sawmills
Louisiana,Sheraton Hotel,New Orleans,,03/13/2020,,,Hospitality
Louisiana,New Orleans Marriot Hotel,New Orleans,,03/21/2020,,,Hospitality
Louisiana,W French Quarter,New Orleans,,03/18/2020,,,Hospitality
Louisiana,Downtown Marriot at the Convention Center,New Orleans,,03/21/2020,,,Hospitality
Louisiana,NAPA Auto Parts Distribution Center,New Orleans,,07/31/2020,,,Automotive Parts & Accessories
Louisiana,Hilton New Orleans Airport,Kenner,,05/22/2020,,,Hospitality
Louisiana,NOPSI Hotel,New Orleans,,05/26/2020,,,Hospitality
Louisiana,Loews Hotel,New Orleans,,05/27/2020,,,Hospitality
Louisiana,Blake International Rings,Houma,,06/03/2020,,,Oil & Gas
Louisiana,Le Meridian Hotel,New Orleans,,07/28/2020,,,Hospitality
Louisiana,Crowne Plaza New Orleans,New Orleans,,05/18/2020,,,Hospitality
Louisiana,Sam's Town Hotel & Casino,Shreveport,,07/01/2020,,,Casino
Louisiana,Treasure Chest Casino,Kenner,,07/01/2020,,,Casino
Louisiana,Amelia Belle Casino,Amelia,,07/01/2020,,,Casino
Louisiana,Delta Downs Racetrack Casino and Hotel,Vinton,,07/01/2020,,,Casino
Louisiana,Evangeline Downs Racetrack Casino,Opelousas,,07/01/2020,,,Casino
Louisiana,Renaissance New Orleans,New Orleans,,07/21/2020,,,Hospitality
Louisiana,Renaissance New Orleans,New Orleans,,07/21/2020,,,Hospitality
Louisiana,Louisiana Riverboat Gaming Partnership dba Diamond Jacks Casino & Hotel,Bossier City,,05/22/2020,,,Casino
Louisiana,Enterprise Rent-A-Car,Metairie,,04/30/2020,,,Rental Services
Louisiana,Benteler Steel/Tube Manufacturing Corp.,Shreveport,,07/01/2020,,,Manufacturing
Louisiana,Graphic Packaging,West Monroe,,06/13/2020,,,Paper Mill
Louisiana,GE Gas Power,New Orleans,,06/29/2020,,,Technology
Louisiana,GE Aviation,New Orleans,,06/29/2020,,,Technology
Louisiana,Enterprise Rent-A-Car,Kenner,,04/30/2020,,,Rental Services
Louisiana,Enterprise Rent-A-Car,Kenner,,04/30/2020,,,Rental Services
Louisiana,Enterprise Rent-A-Car,Baton Rouge,,04/30/2020,,,Rental Services
Louisiana,Ensco Offshore Company,Offshore Gulf of Mexico,,05/30/2020,,,Oil & Gas
Louisiana,Aptim Maintenance (Cheniere Energy),Cameron,,04/27/2020,,,Support Services
Louisiana,Harrah's Louisiana Downs,Bossier City,,03/31/2020,,,Casino
Louisiana,Cactus Wellhead,Bossier City,,04/01/2020,,,Oil & Gas
Louisiana,Horseshow Entertainment,Bossier City,,03/31/2020,,,Casino
Louisiana,Turner Industries - Pipe Fabrication,Port Allen,,06/26/2020,,,Construction
Louisiana,ASRC Energy Services Omega,Iberia,,06/05/2020,,,Oil & Gas
Louisiana,Halliburton Energy Services,Broussard,,04/14/2020,,,Oil & Gas
Louisiana,Cypress Grove Behvavioral Health,Monroe,,05/01/2020,,,Individual & Family Services
Louisiana,"Coast Professional, Inc.",Monroe,,04/03/2020,,,Call Center
Louisiana,Alsco Inc.,Shreveport,,03/18/2020,,,Linen & Laundry Service
Louisiana,Cinemark,Stateiwde,,03/26/2020,,,Entertainment
Louisiana,Dolet Hills Lignite,Pelican,,06/05/2020,,,Mining
Louisiana,Lalumina,Burnside,,05/24/2020,,,Manufacturing
Louisiana,"Coast Professional, Inc.",West Monroe,,03/20/2020,,,Call Center
Louisiana,"Coast Professional, Inc.",West Monroe,,03/20/2020,,,Call Center
Louisiana,Wemco,St. Rose,,03/23/2020,,,Wholesale
Louisiana,Aptim Maintenance (Placid Refining),Port Allen,,03/22/2020,,,Support Services
Louisiana,Waitr,Statewide,,04/06/2020,,,Food Service Delivery
Louisiana,Fort Dearborn Company,Harahan,,02/06/2020,,,Commercial Printing (Except Screen & Books)
Louisiana,Wyndham Garden Hotel,Baton Rouge,,01/30/2020,,,Hotel
Louisiana,Jotun Paints Inc.,Belle Chase,,12/31/2019,,,Manufacturing
Louisiana,Bayou Steel,LaPlace,,11/30/2019,,,Manufacturing
Louisiana,New Orleans Air Ventures II,Kenner,,10/28/2019,,,Retail
Louisiana,Aramark Services - Ochsner LSU Health,"Shreveport, Monroe",,10/31/2019,,,Facilities Support Services
Louisiana,Epic Companies,Houma,,11/21/2019,,,Oil & Gas Support
Louisiana,Epic Companies,Belle Chase,,11/21/2019,,,Oil & Gas Support
Louisiana,MidSouth Bank,Lafayette,,09/20/2019,,,Banking
Louisiana,CenturyLink,Shreveport,,10/18/2019,,,Telecommunications
Louisiana,Aramark Campus Services - Grambling State University,Grambling,,06/30/2019,,,Food Services
Louisiana,Aptim Maintenance,Westlake,,05/23/2019,,,Construction
Louisiana,Compass Health dba Pathways,"Pineville, Lake Charles",,06/30/2019,,,Healthcare
Louisiana,Advance Local Media,Metairie,,07/02/2019,,,Newspaper
Louisiana,WestRock,Monroe,,06/24/2019,,,Manufacturing
Louisiana,Aramark Educational Services - UNO,New Orleans,,06/30/2019,,,Food Services
Louisiana,Entergy LA Station,Baton Rouge,,05/31/2019,,,Utilities
Louisiana,National General Management Corp,Baton Rouge,,05/28/2019,,,Insurance
Louisiana,New Orleans Air Ventures II,Kenner,,05/14/2019,,,Retail
Louisiana,Wal-Mart Store #534,Lafayette,,05/10/2019,,,Retail
Louisiana,Thompson Pipe Group - Flowtite,Zachary,,03/31/2019,,,Manufacturing
Louisiana,Dolet Hills Lignite Co.,Pelican,,03/31/2019,,,Mining
Louisiana,Georgia Pacific,Zachary,,03/12/2019,,,Paper Mill
Louisiana,Sears Roebuck and Co,Metairie,,03/24/2019,,,Retail
Louisiana,Saint-Gobain CertainTeed,Westlake,,03/02/2019,,,Manufacturing
Louisiana,Raytheon Company,Leesville,,12/31/2018,,,Specialized Training
Louisiana,K Mart Store #07223,Metairie,,12/31/2018,,,Retail
Louisiana,State Farm Insurance,Baton Rouge,,11/30/2018,,,Insurance
Louisiana,FTS International,Shreveport,,08/08/2018,,,Oil & Gas
Louisiana,Community Development Institute - Head Start,Opelousas,,08/31/2018,,,Child Care
Louisiana,CB&I Paint Dep't Shintech Project,Plaquemine,,06/08/2018,,,Construction
Louisiana,CB&I Civil and Dirt Dep't Shintech Project,Plaquemine,,06/14/2018,,,Construction
Louisiana,ReNEW Cultural Arts Academy,New Orleans,,07/01/2018,,,Education
Louisiana,ReNEW McDonough City Park Academy #28,New Orleans,,07/01/2018,,,Education
Louisiana,Ardagh Glass Inc.,Simsboro,,07/23/2018,,,Manufacturing
Louisiana,Sodexo,Marrero,,05/25/2018,,,Business Support Services
Louisiana,"ABM Aviation, Inc.",Kenner,,03/31/2018,,,Facilities Support Services
Louisiana,Schenker Inc.,Pineville,,04/29/2018,,,Transportation & Warehousing
Louisiana,Sam's Club #8204,Baton Rouge,,03/16/2018,,,Retail
Louisiana,PAM Specialty Hospital,Lafayette,,03/08/2018,,,Healthcare
Louisiana,Crescent Bank & Trust,Baton Rouge,,03/16/2018,,,Banking
Louisiana,CB&I,Walker,,02/19/2018,,,Manufacturing
Louisiana,Aptim Services LLC (Entergy Operations-Riverbend Station),St. Francisville,,01/12/2018,,,Support Services
Louisiana,Aptim Services LLC (Entergy Operations-Waterford 3),Killona,,01/12/2018,,,Support Services
Louisiana,Mondi Bags LLC,Arcadia,,12/29/2017,,,Manufacturing
Louisiana,Albertson's #4220,Bossier City,,09/09/2017,,,Grocery
Louisiana,Albertson's #4038,Denham Springs,,09/09/2017,,,Grocery
Louisiana,CB&I,Delacambre,,10/15/2017,,,Construction
Louisiana,Aviation Exteriors Louisiana,New Iberia,,06/28/2017,,,Air Transportation
Louisiana,ExpressJet Airlines,Shreveport,,08/23/2017,,,Air Transportation
Louisiana,Sears - Acadiana Mall,Lafayette,,09/17/2017,,,Retail
Louisiana,Sears Auto Center,Lafayette,,09/17/2017,,,Auto Repair
Louisiana,"The Geo Group, Inc.",Kinder,,08/20/2017,,,Corrections
Louisiana,Rowan Companies,"Houston, TX",,08/21/2017,,,Oil & Gas
Louisiana,J.C. Penney,Baton Rouge,,07/31/2017,,,Retail
Louisiana,Kellogg Distribution Ctr.,Gonzales,,07/08/2017,,,Merchant Wholesale
Louisiana,"ABB, Inc.",Baton Rouge,,06/06/2017,,,Manufacturing
Louisiana,Dollar Express #3324,New Orleans,,06/30/2017,,,Retail
Louisiana,Dollar Express #5489,Baton Rouge,,06/30/2017,,,Retail
Louisiana,Dollar Express #8237,Lafayette,,06/30/2017,,,Retail
Louisiana,LifeCare Specialty Hospital of North L.A.,Ruston,,04/05/2017,,,Healthcare
Louisiana,Blue Cliff College,Shreveport,,02/01/2017,,,Education
Louisiana,Freeport McMoran Oil & Gas (GoM Operations),Lafayette,,03/31/2017,,,Oil & Gas
Louisiana,Macy's Espianade Mall,Kenner,,03/20/2017,,,Retail
Louisiana,Freeport-McMoran Oil & Gas,Lafayette,,02/28/2017,,,Oilfield
Louisiana,"ARKLATEX Energy Services, LLC",Shreveport,,12/20/2016,,,Oilfield
Louisiana,"Deep Cor Marine, Inc.",Broussard,,01/03/2017,,,Oilfield
Louisiana,Union Tank Car Co,Alexandria,,02/03/2017,,,Manufacturing
Louisiana,Martin Mills,Vidalia,,03/31/2017,,,Warehousing/Distribution
Louisiana,Housing Authority of New Orleans,New Orleans,,01/31/2017,,,Government
Louisiana,"ExpressJet Airlines, Inc. (Aircraft Hanger)",Shreveport,,02/01/2017,,,Air Transportation
Louisiana,"ExpressJet Airlines, Inc. (Aircraft Hanger)",Shreveport,,09/01/2017,,,AIr Transportation
Louisiana,Rowan Companies (Offshore Rig),"Houston, TX",,01/14/2017,,,Oilfield
Louisiana,Brand Direct Health LLC,Mandeville,,01/06/2017,,,Pharmacy
Louisiana,Ryder Integrated Logistics,"Erlanger, KY",,12/16/2016,,,Trucking
Louisiana,Stupp Corporation,Baton Rouge,,12/19/2016,,,Oilfield/Manufacturing
Louisiana,"Aramark Healthcare Services, LLC Lafayette General Medical Center - EVS",Lafayette,,12/12/2016,,,Janitorial Services
Louisiana,ATCO Structures & Logistics,Sulphur,,09/19/2016,,,Pre-fabricated Buildings
Louisiana,Freeport-McMoran Oil & Gas,New Orleans,,11/12/2016,,,Oilfield
Louisiana,Proactive Technologies,Barksdale,,10/31/2016,,,Educational Support Services
Louisiana,Trinity Marine Products,Brusley,,10/31/2016,,,Shipbuilding and Repair
Louisiana,Chevron Gulf of Mexico,Covington,,04/07/2016,,,Oilfield
Louisiana,Bradken Inc.,Amite,,10/26/2016,,,Manufacturing
Louisiana,Louis Dreyfus Company,Gramercy,,09/30/2016,,,Farm Product Warehousing/Distribution
Louisiana,Gulf Island LLC,Houma,,08/30/2016,,,Oilfield/Manufacturing
Louisiana,GE Oil & Gas,Pineville,,09/02/2016,,,Manufacturing
Louisiana,Blue Sky Innovations,Lafayette,,07/30/2016,,,Aviation (Oil & Gas Support Services)
Louisiana,AAR Aircraft Maintenance,Lake Charles,,07/30/2016,,,Aviation
Louisiana,Danos & Curole Marine Contractors,Morgan City,,07/13/2016,,,Oilfield
Louisiana,Hexion,Norco,,07/01/2016,,,Manufacturing
Louisiana,Union Tank Car Co,Alexandria,,06/24/2016,,,Manufacturing
Louisiana,Southern Foods Group LLC dba Brown's Dairy,New Orleans,,07/29/2016,,,Milk Products
Louisiana,"Helmerich & Payne, Inc H&P Rig 100","Tulsa, OK",,05/01/2016,,,Oilfield
Louisiana,Carbo Ceramics,New Iberia,,06/17/2016,,,Oilfield/Manufacturing
Louisiana,GE Drilling LLC,Broussard,,04/11/2016,,,Oilfield
Louisiana,Maslow Media Group LLC dba Al Jazeera America LLC,New Orleans,,04/30/2016,,,Media
Louisiana,Stupp Corporation,Baton Rouge,,03/18/2016,,,Oilfield/Manufacturing
Louisiana,"Xerox State & Local Soltuions, Inc.",Baton Rouge,,05/06/2016,,,Data Processing and Related Services
Louisiana,"Helmerich & Payne, Inc H&P Rig 105","Tulsa, OK",,02/15/2016,,,Oilfield
Louisiana,Alcoa Calcined Coke Operations,Lake Charles,,01/20/2016,,,Manufacturing
Louisiana,Garden City Group,Hammond,,03/31/2016,,,Legal
Louisiana,Noble Drilling,"Sugarland, TX",,03/14/2016,,,Oilfield
Louisiana,Trinity Marine Products *2015 Update*,Madisonville,,03/11/2016,,,Shipbuilding and Repair
Louisiana,National Oilwell Varco,Houma,,03/07/2016,,,Oilfield/Manufacturing
Louisiana,Macy's,Baton Rouge,,03/14/2016,,,Department Store
Louisiana,Advance Central Services Louisiana,New Orleans,,,,,Periodical Publishers
Louisiana,Cameron Valve,Hammond,,01/29/2016,,,Oilfield/Manufacturing
Louisiana,"Noble Drilling, LLC","Sugarland, TX",,01/26/2016,,,Oilfield
Louisiana,Flint Energy Services,Haynesville,,01/15/2016,,,Energy
Louisiana,"Jacobs MSFOC Group, Jacobs Technology Michoud Assembly Facility",New Orleans,,01/31/2016,,,Aerospace and Transportation
Louisiana,CHI,"Howell, MI",,10/8/2015-12/8/2015,,,Transportation/Oilfield
Louisiana,Trinity Marine,Madisonville,,12/04/2015,,,Transportation-Construction and Energy
Louisiana,Tango Transport,Shreveport,,10/14/2015,,,Transportation
Louisiana,Magellan Health,Baton Rouge,,11/30/2015-2/28/2016,,,Healthcare
Louisiana,Alcoa,Lake Charles,,11/30/2015,,,Manufacturing
Louisiana,Hercules Offshore,"Houston, TX",,11/21/2015,,,Oilfield
Louisiana,Baton Rouge General Medical Center,Baton Rouge,,9/10/2015-1/8/2016,,,Healthcare
Louisiana,"Garden City Group, LLC",Hammond,,11/23/2015,,,Legal
Louisiana,Baker Hughes,Shreveport,,08/27/2015,,,Oilfield
Louisiana,Northrop Grumman Fort Polk,Fort Polk,,08/07/2015,,,Transportation
Louisiana,Systems Integration and Management,,,7/31/2015-12/31/2015,,,Information Technology
Louisiana,Exterran,Broussard,,8/28/2015-12/31/2015,,,Oilfield/Manufacturing
Louisiana,Discover Home Loans Inc.,,,08/15/2015,,,Banking
Louisiana,Total Community Action Inc.,New Orleans,,06/30/2015,,,Community Action Advocacy Organization
Louisiana,CCA - Winn Correctional Center,Winnfield,,07/03/2015,,,Corrections
Louisiana,First Student,Port Allen,,06/30/2015,,,Transportation
Louisiana,BP Biofuels,Jennings,,07/03/2015,,,Oilfield
Louisiana,Tenaris Hydril,Westwego,,06/05/2015,,,Oilfield
Louisiana,Bollinger Marine and Fabrication,Amelia,,4/17/2015-7/22/2015,,,Oilfield/Fabrication
Louisiana,Enable Midstream,Shreveport,,5/11/2015-12/31/2015,,,Oilfield
Louisiana,"Coast Professional, Inc.",West Monroe,,3/5/2015-4/22/2015,,,Telephone Solicitation Services
Louisiana,"Wingspan Portfolio Advisors, Inc.","Carrollton, TX",,04/30/2015,,,Telephone Solicitation Services
Louisiana,Greif Packaging LLC,New Orleans,,05/15/2015,,,Manufacturing
Louisiana,Helmerich & Payne International Drilling,,,03/15/2015,,,Oilfield
Louisiana,Parker Drilling,New Iberia,,3/4/2015-3/18/2015,,,Oilfield
Louisiana,McDermott Inc.,Morgan City,,4/21/2015-5/4/2015,,,Shipbuilding
Louisiana,Baton Rouge General Medical Center,Baton Rouge,,04/30/2015,,,Healthcare
Louisiana,Baker Hughes,Houma,,02/04/2015,,,Oilfield
Louisiana,Advance Central Services Louisiana,New Orleans,,03/31/2015,,,Periodical Publishers
Louisiana,Albertson's Store #2814,Mandeville,,2/77/15,,,Supermarkets and Other Grocery (except Convenience) Stores
Louisiana,"St. James Stevedoring Partners, LLC",Convent,,02/03/2015,,,Marine Cargo Handling
Louisiana,Community Development Institute Head Start - Rapides Parish,Alexandria,,01/31/2015,,,Child Day Care Services
Louisiana,Hercules Offshore,"Houston, TX",,12/31/2014,,,Drilling Oil & Gas Wells
Louisiana,"Chemtrusion-LA, Inc",Baton Rouge,,12/05/2014,,,All Other Plastics Product Manufacturing
Louisiana,Northrop Grumman Technical Services Inc.,Fort Polk,,12/30/2014,,,Aircraft Engine and Engine Parts Manufacturing
Louisiana,Printpack,Shreveport,,12/15/2014,,,Plastics Packaging Film and Sheet (including Laminated) Manufacturing
Louisiana,Leidos,New Orleans,,11/14/2014,,,Commercial and Institutional Building Construction
Louisiana,River Parishes Hospital,LaPlace,,10/31/2014,,,General Medical and Surgical Hospitals
Louisiana,Textron Systems Marine and Land Systems,Slidell,,11/03/2014,,,"Military Armored Vehicle, Tank, and Tank Component Manufacturing"
Louisiana,Systems Integration and Management,New Orleans,,09/30/2014,,,Custom Computer Programming Services
Louisiana,Northrop Grumman Technical Services Inc.,Fort Polk,,10/16/2014,,,Aircraft Engine and Engine Parts Manufacturing
Louisiana,McDermott Inc.,Morgan City,,09/22/2014,,,Support Activities for Oil and Gas Operations
Louisiana,St. Rose Nursery,St. Rose,,09/30/2014,,,"Flower, Nursey Stock, and Florists' Supplies Merchant Wholesalers"
Louisiana,"Professional Transportation, Inc",Livonia,,10/01/2014,,,Charter Bus
Louisiana,CB&I Addis Shop,Addis,,09/22/2014,,,Industrial Building Construction
Louisiana,K Mart Store #3347,Gretna,,09/07/2014,,,Discount Department Stores
Louisiana,Northrop Grumman Technical Services Inc.,Fort Polk,,07/25/2014,,,Aircraft Engine and Engine Parts Manufacturing
Louisiana,Community Development Institute Head Start - Iberville Parish,Plaquemine,,06/30/2014,,,Child Day Care Services
Louisiana,Community Development Institute Head Start - Avoyelles Parish,Moreauville,,07/31/2014,,,Child Day Care Services
Louisiana,Dr. Pepper Snapple Group,Gonzales,,07/03/2014,,,All Other Specialty Food Stores
Louisiana,Cox Communications,Metairie,,06/01/2014,,,Wired Telecommunications Carriers
Louisiana,Printpack,Shreveport,,05/31/2014,,,Plastics Packaging Film and Sheet (including Laminated) Manufacturing
Louisiana,Teche Federal Bank,New Iberia,,06/01/2014,,,Commercial Banking
Louisiana,McDermott Inc.,Morgan City,,05/16/2014,,,Support Activities for Oil and Gas Operations
Louisiana,Northrop Grumman Technical Services Inc.,Fort Polk,,05/09/2014,,,Aircraft Engine and Engine Parts Manufacturing
Louisiana,Cox Communications,Baton Rouge,,05/04/2014,,,Cable and Other Subscription Programming
Louisiana,Cox Communications,Lafayette,,05/04/2014,,,Wired Telecommunications Carriers
Louisiana,General Dynamics Information Technology,Bogalusa,,04/25/2014,,,Telephone Answering Services
Louisiana,Stewart Enterprises Inc.,Jefferson,,04/01/2014,,,Funeral Homes and Funeral Services
Louisiana,Printpack,Shreveport,,03/10/2014,,,Plastics Packaging Film and Sheet (including Laminated) Manufacturing
Louisiana,Northrop Grumman Technical Services Inc.,Fort Polk,,03/09/2014,,,Aircraft Engine and Engine Parts Manufacturing
Louisiana,Martin Mills,Vidalia,,03/10/2014,,,Other Apparel Accesories and Other Apparel Manufacturing
Louisiana,CB&I (Lion Copolymer),Baton Rouge,,02/04/2014,,,Industrial Building Construction
Louisiana,Louisiana Hardwood Products,Morrow,,12/31/2013,,,Forestry Support Activities
Louisiana,McDermott International,Morgan City,,12/22/2013,,,Ship Building and Repairing
Louisiana,McDermott International,Morgan City,,11/30/2013,,,Ship Building and Repairing
Louisiana,McDermott International,Morgan City,,11/15/2013,,,Ship Building and Repairing
Louisiana,Northrop Grumman,Fort Polk,,11/09/2013,,,Aircraft Manufacturing
Louisiana,McDermott International,Morgan City,,11/01/2013,,,Ship Building and Repairing
Louisiana,McDermott International,Morgan City,,10/21/2013,,,Ship Building and Repairing
Louisiana,Accent Marketing,Monroe,,10/19/2013,,,Telemarketing Bureaus
Louisiana,Blazer Construction,Sibley,,10/14/2013,,,Construction
Louisiana,McDermott International,Morgan City,,10/07/2013,,,Ship Building and Repairing
Louisiana,Lockheed Martin Corp.,New Orleans,,09/30/2013,,,Space Vehicle Propulsion Units and Parts Manufacturing
Louisiana,"Alternative Home Care Specialists, Inc.",Lafayette,,09/15/2013,,,Home Health Care Services
Louisiana,Christus Schumpert Medical Center,Shreveport,,07/27/2013,,,General Medical and Surgical Hospitals
Louisiana,Trinity Marine Products,Brusly,,09/05/2013,,,Ship Building and Repairing
Louisiana,Lockheed Martin Corp.,New Orleans,,08/29/2013,,,Space Vehicle Propulsion Units and Parts Manufacturing
Louisiana,Durham School Services,New Orleans,,06/30/2013,,,School Bus Transportation
Louisiana,Bradken Steel,Amite,,04/16/2013,,,"Steel Foundries, Steel Castings"
Louisiana,"Libbey, Inc.",Shreveport,,05/29/2013,,,Other Pressed and Blown Glass and Glassware Manufacturing
Louisiana,"Southern Foods Group, LLC",Shreveport,,05/14/2013,,,Fluid Milk Manufacturing
Louisiana,Lockheed Martin Corp.,New Orleans,,04/25/2013,,,Space Vehicle Propulsion Units and Parts Manufacturing
Louisiana,"Schenker Logistics, Inc.","Virginia Beach, VA",,04/21/2013,,,"Process, Physical Distribution, and Logistics Consulting"
Louisiana,Lockheed Martin Corp.,New Orleans,,03/28/2013,,,Space Vehicle Propulsion Units and Parts Manufacturing
Louisiana,Lockheed Martin Corp.,New Orleans,,02/28/2013,,,Space Vehicle Propulsion Units and Parts Manufacturing
Louisiana,Lockheed Martin Corp.,New Orleans,,01/31/2013,,,Space Vehicle Propulsion Units and Parts Manufacturing
Louisiana,Lockheed Martin Corp.,New Orleans,,01/11/2013,,,Space Vehicle Propulsion Units and Parts Manufacturing
Louisiana,Lockheed Martin Corp.,New Orleans,,12/31/2012,,,Space Vehicle Propulsion Units and Parts Manufacturing
Louisiana,Pepsi Beverages Co.,Reserve,,11/09/2012,,,Soft Drink Manufacturing
Louisiana,Staples,Baton Rouge,,11/30/2012,,,Other Services Related to Advertising
Louisiana,Kindred Hospital,Marrero,,11/09/2012,,,Nursing Care Facilities
Louisiana,Lockheed Martin Corp.,New Orleans,,09/13/2012,,,Space Vehicle Propulsion Units and Parts Manufacturing
Louisiana,The Home Depot,Baton Rouge,,09/21/2012,,,Call Center
Louisiana,Durham School Services,New Orleans,,08/06/2012,,,School Bus Transportation
Louisiana,"Johnson Controls, Inc.",Shreveport,,08/30/2012,,,All Other Motor Vehicle Parts Manufacturing
Louisiana,Xanodyne,"Newport, KY",,08/20/2012,,,Wholesale Trade Agent and Brokers
Louisiana,Times Picayune,New Orleans,,09/30/2012,,,Newspaper Publisher
Louisiana,General Motors,Shreveport,,08/16/2012,,,Automobile and Truck Manufacturing
Louisiana,Lockheed Martin Corp.,New Orleans,,07/27/2012,,,Space Vehicle Propulsion Units and Parts Manufacturing
Louisiana,International Paper,Minden,,07/07/2012,,,Paper Mill
Louisiana,Pinnacle Business Solutions,Baton Rouge,,08/10/2012,,,All Other Business Support Services
Louisiana,Android,Shreveport,,08/30/2012,,,Automobile Manufacturing
Louisiana,Hostess Brands,Opelousas,,07/04/2012,,,Retail Bakeries
Louisiana,Hostess Brands,Natchitoches,,07/04/2012,,,Retail Bakeries
Louisiana,Hostess Brands,Monroe,,07/04/2012,,,Retail Bakeries
Louisiana,Hostess Brands,Monroe,,07/04/2012,,,Retail Bakeries
Louisiana,Hostess Brands,Lake Charles,,07/04/2012,,,Retail Bakeries
Louisiana,Hostess Brands,Lafayette,,07/04/2012,,,Retail Bakeries
Louisiana,Hostess Brands,Kenner,,07/04/2012,,,Retail Bakeries
Louisiana,Hostess Brands,Houma,,07/04/2012,,,Retail Bakeries
Louisiana,Hostess Brands,Hammond,,07/04/2012,,,Retail Bakeries
Louisiana,Hostess Brands,Deridder,,07/04/2012,,,Retail Bakeries
Louisiana,Hostess Brands,Bossier City,,07/04/2012,,,Retail Bakeries
Louisiana,Hostess Brands,Bogalusa,,07/04/2012,,,Retail Bakeries
Louisiana,Hostess Brands,Shreveport,,07/04/2012,,,Retail Bakeries
Louisiana,Hostess Brands,West Monroe,,07/04/2012,,,Retail Bakeries
Louisiana,Hostess Brands,Alexandria,,07/04/2012,,,Retail Bakeries
Louisiana,Hostess Brands,Baton Rouge,,07/04/2012,,,Retail Bakeries
Louisiana,Hostess Brands,Alexandria,,07/04/2012,,,Retail Bakeries
Louisiana,Hostess Brands,Alexandria,,07/04/2012,,,Retail Bakeries
Louisiana,Hostess Brands,Alexandria,,07/04/2012,,,Retail Bakeries
Louisiana,Lockheed Martin Corp.,New Orleans,,06/29/2012,,,Space Vehicle Propulsion Units and Parts Manufacturing
Louisiana,Advance Baton Rouge,Baton Rouge,,07/31/2012,,,Elementary and Secondary Schools
Louisiana,Lockheed Martin Corp.,New Orleans,,05/31/2012,,,Space Vehicle Propulsion Units and Parts Manufacturing
Louisiana,Rockwell Collins,Bossier City,,06/20/2012,,,Commercial Machinery Repair and Maintenance
Louisiana,Lockheed Martin Corp.,New Orleans,,04/16/2012,,,Space Vehicle Propulsion Units and Parts Manufacturing
Louisiana,Lockheed Martin Corp.,New Orleans,,03/07/2012,,,Space Vehicle Propulsion Units and Parts Manufacturing
Louisiana,"Sodexo, Inc.",New Orleans,,02/29/2012,,,Cafeterias
Louisiana,Rockwell Collins,Bossier City,,03/27/2012,,,Commercial Machinery Repair and Maintenance
Louisiana,Lockheed Martin Corp.,New Orleans,,01/27/2012,,,Space Vehicle Propulsion Units and Parts Manufacturing
Louisiana,Transcom Inc.,Lafayette,,01/21/2012,,,Telemarketing Bureaus
Louisiana,"KBR, Inc.",Deridder,,12/04/2011,,,New Single Family General Contractor
Louisiana,Lockheed Martin Corp.,New Orleans,,12/30/2011,,,Space Vehicle Propulsion Units and Parts Manufacturing
Louisiana,Lowe's Home Center,Chalmette,,12/16/2011,,,Home Centers
Louisiana,Lockheed Martin Corp.,New Orleans,,11/30/2011,,,Space Vehicle Propulsion Units and Parts Manufacturing
Louisiana,Louisiana Binding Service,Deridder,,09/27/2011,,,Tradebinding and Related Work
Louisiana,Lockheed Martin Corp.,New Orleans,,10/28/2011,,,Space Vehicle Propulsion Units and Parts Manufacturing
Louisiana,Lockheed Martin Corp.,New Orleans,,09/30/2011,,,Space Vehicle Propulsion Units and Parts Manufacturing
Louisiana,Lockheed Martin Corp.,New Orleans,,09/30/2011,,,Space Vehicle Propulsion Units and Parts Manufacturing
Louisiana,Rockwell Collins,Bossier City,,09/27/2011,,,Commercial Machinery Repair and Maintenance
Louisiana,Lockheed Martin Corp.,New Orleans,,08/26/2011,,,Space Vehicle Propulsion Units and Parts Manufacturing
Louisiana,Flextronics Americas,Shreveport,,07/25/2011,,,Printed Circuit Assembly Manufacturing
Louisiana,Sitel Operating Corp,Bogalusa,,07/18/2011,,,All Other Professional and Technical Services
Louisiana,Lockheed Martin Corp.,New Orleans,,06/24/2011,,,Space Vehicle Propulsion Units and Parts Manufacturing
Louisiana,Areva NP Inc.,"Lynchburg, VA",,06/14/2011,,,Engineering Services
Louisiana,Lockheed Martin Corp.,New Orleans,,05/27/2011,,,Space Vehicle Propulsion Units and Parts Manufacturing
Louisiana,Lockheed Martin Corp.,New Orleans,,04/29/2011,,,Space Vehicle Propulsion Units and Parts Manufacturing
Louisiana,Home Depot,New Orleans,,04/14/2011,,,Home Centers
Louisiana,Jacobs Field Services,Baton Rouge,,02/18/2011,,,General Contractors
Louisiana,Sonoco Products,Bastrop,,12/17/2010,,,Miscellaneous Wood Product Manufacturing
Louisiana,StarTek,Alexandria,,01/29/2011,,,Telemarketing Bureaus
Louisiana,CNC Applied Technology,Fort Polk,,01/29/2011,,,Security Guards and Patrol Services
Louisiana,Lockheed Martin Corp.,New Orleans,,12/31/2010,,,Space Vehicle Propulsion Units and Parts Manufacturing
Louisiana,Imperial Sugar,Gramercy,,12/31/2010,,,Sugar Cane Refinery
Louisiana,Union Underwear Co.,Jeanerette,,12/31/2010,,,Men's and Boy's Clothing Merchant Wholesalers
Louisiana,Xanodyne Pharmaceuticals,"Newport, KY",,11/21/2010,,,Wholesale Trade Agent and Brokers
Louisiana,Northrop Grumman,Avondale,,10/04/2010,,,Shipbuilding
Louisiana,Northrop Grumman,Tallulah,,09/29/2010,,,Shipbuilding
Louisiana,Northrop Grumman,Belle Chase,,09/30/2010,,,Shipbuilding
Louisiana,Lockheed Martin Corp.,New Orleans,,09/30/2010,,,Space Vehicle Propulsion Units and Parts Manufacturing
Louisiana,Rockwell Collins,Barksdale AFB,,09/28/2010,,,Commercial Machinery Repair and Maintenance
Louisiana,Devon Energy Corporation,Lafayette,,09/27/2010,,,Support Activities for Oil and Gas Operations
Louisiana,Coca Cola Enterprises Inc.,Monroe,,09/10/2010,,,Soft Drink Manufacturing
Louisiana,Butler America,"Shelton, CT",,08/29/2010,,,Engineering Services
Louisiana,Devon Energy Corporation,Lafayette,,09/01/2010,,,Support Activities for Oil and Gas Operations
Louisiana,Lockheed Martin Corp.,New Orleans,,08/13/2010,,,Space Vehicle Propulsion Units and Parts Manufacturing
Louisiana,Devon Energy Corporation,Lafayette,,07/25/2010,,,Support Activities for Oil and Gas Operations
Louisiana,Wells Fargo & Co.,Baton Rouge,,07/26/2010,,,Commercial Banking
Louisiana,Lockheed Martin Corp.,New Orleans,,07/30/2010,,,Space Vehicle Propulsion Units and Parts Manufacturing
Louisiana,Coca Cola Enterprises Inc.,Thibodaux,,07/16/2010,,,Soft Drink Manufacturing
Louisiana,"Sodexo, Inc.",New Orleans,,08/29/2010,,,Food Service Contractors
Louisiana,"Sodexo, Inc",New Orleans,,05/20/2010,,,Food Service Contractors
Louisiana,Allen Canning Company,Hessmer,,04/26/2010,,,Fruit and Vegetable Canning
Louisiana,Devon Energy Corporation,Lafayette,,06/12/2010,,,Support Activities for Oil and Gas Operations
Louisiana,Steel Fabricators,Monroe,,04/26/2010,,,Fabricated Structural Metal Manufacturing
Louisiana,ENI US Operating Co.,New Orleans,,06/10/2010,,,Oil and Gas Extraction
Louisiana,Lockheed Martin Corp.,New Orleans,,05/28/2010,,,Space Vehicle Propulsion Units and Parts Manufacturing
Louisiana,JP Morgan Chase,Baton Rouge,,04/25/2010,,,Commercial Banking
Louisiana,Trane Inc,Cullen,,04/30/2010,,,Air Purification and Equipment Manufacturing
Louisiana,Lockheed Martin Corp.,New Orleans,,04/30/2010,,,Space Vehicle Propulsion Units and Parts Manufacturing
Louisiana,Devon Energy Corporation,Lafayette,,04/22/2010,,,Support Activities for Oil and Gas Operations
Louisiana,Morgan Research Corp.,Fort Polk,,02/25/2010,,,Engineering Services
Louisiana,Steel Fabricators,Monroe,,03/08/2010,,,Fabricated Structural Metal Manufacturing
Louisiana,Lockheed Martin Corp.,New Orleans,,03/26/2010,,,Space Vehicle Propulsion Units and Parts Manufacturing
Louisiana,"Accent Marketing Services, LLC",Monroe,,03/07/2010,,,Telecommunications
Louisiana,Morgan Research Co.,Huntsville,,01/20/2010,,,Engineering Services
Louisiana,Lockheed Martin Corp.,New Orleans,,02/26/2010,,,Space Vehicle Propulsion Units and Parts Manufacturing
Louisiana,"Dresser, Inc.",Alexandria,,01/15/2010,,,Industrial Valve Manufacturing
Louisiana,Steel Fabricators,Monroe,,12/18/2009,,,Fabricated Structural Metal Manufacturing
Louisiana,Verizon Wireless,Shreveport,,04/03/2010,,,Wireless Telecommunications Carrier
Louisiana,LAFOP Fundraising Ctr,Alexandria,,11/27/2009,,,Telemarketing Bureaus
Louisiana,Bollinger Marine Fabricators,Amelia,,01/19/2010,,,Shipbuilding and Repairing
Louisiana,Lockheed Martin,New Orleans,,01/29/2010,,,Space Vehicle Propulsion Units and Parts Manufacturing
Louisiana,Shaw,Addis,,01/04/2010,,,Industrial Building Construction
Louisiana,Allstate,Shreveport,,12/31/2009,,,Insurance Agencies and Brokerages
Louisiana,"Chart Energy & Chemical, Inc.",New Iberia,,12/31/2009,,,Power Boiler and Heat Exchanger Manufacturing
Louisiana,International Paper,Pineville,,12/26/2009,,,Paper Mill
Louisiana,Steel Fabricators,Monroe,,10/16/2009,,,Fabricated Structural Metal Manufacturing
Louisiana,Blake International,Houma,,10/07/2009,,,Drilling Oil & Gas Wells
Louisiana,Boise Cascade LLC,Florien,,11/30/2009,,,Softwood Veneer & Plywood Manufacturing
Louisiana,Crossmark Home Improvement Services,"Plano, TX",,10/31/2009,,,Wholesale Trade Agent and Brokers
Louisiana,"Brown-Eagle, Inc.",Baton Rouge,,10/04/2009,,,Packaging and Labeling Services
Louisiana,Lockheed Martin Corp.,New Orleans,,10/02/2009,,,Space Vehicle Propulsion Units and Parts Manufacturing
Louisiana,"Trinity Marine Products, Inc.",Madisonville,,09/19/2009,,,Ship Building and Repairing
Louisiana,"Chart Energy & Chemical, Inc.",New Iberia,,09/25/2009,,,Power Boiler and Heat Exchanger Manufacturing
Louisiana,United Retail Service,"Kennesaw, GA",,09/08/2009,,,Home Centers
Louisiana,"Offshore Specialty Fabricator, Inc.",Houma,,08/07/2009,,,Ship Building and Repairing
Louisiana,"Equistar Chemicals, LP",Sulphur,,07/27/2009,,,Petrochemical Manufacturing
Louisiana,First Student,"Kennesaw, GA",,06/30/2009,,,School and Employee Bus Transportation
Louisiana,"Trinity Marine Products, Inc.",Brusly,,07/18/2009,,,Ship Building and Repairing
Louisiana,The Wackenhut Corp.,Hahnville,,06/01/2009,,,Security Guards and Patrol Services
Louisiana,UTLX Manufacturing,Alexandria,,07/10/2009,,,Plant and System Operators
Louisiana,Saturn of Metairie,Metairie,,05/13/2009,,,New Car Dealers
Louisiana,Saturn of Slidell,Slidell,,05/13/2009,,,New Car Dealers
Louisiana,Saturn of New Orleans,Harvey,,05/13/2009,,,New Car Dealers
Louisiana,Waste Management of St. Tammany,Slidell,,07/01/2009,,,Solid Waste Landfill
Louisiana,Lyondell Chemical Co.,Westlake,,06/29/2009,,,Urethane & Other Foam Product Manufacturing
Louisiana,Continental Structural Plastics,Sarepta,,06/15/2009,,,Plastics Material and Resin Manufacturing
Louisiana,"Boise Paper Holdings, LLC",Deridder,,08/09/2009,,,Softwood Veneer & Plywood Manufacturing
Louisiana,Shaw,Baton Rouge,,06/27/2009,,,Industrial Building Construction
Louisiana,Lockheed Martin,New Orleans,,06/26/2009,,,Data Processing and Related Services
Louisiana,"National Service Co. of Iowa, Inc.",Farmerville,,06/30/2009,,,Animal Slaughtering and Processing
Louisiana,Doctors' Hospital,Opelousas,,04/30/2009,,,Medical
Louisiana,UST,Baton Rouge,,06/05/2009,,,All Other Professional and Technical Services
Louisiana,ICF International,Baton Rouge,,05/29/2009,,,All Other Professional and Technical Services
Louisiana,Exide Technologies,Baton Rouge,,04/17/2009,,,Primary Batter Manufacturer
Louisiana,Northrop Grumman,New Orleans,,04/08/2009,,,Shipbuilding
Louisiana,Weyerhaeuser,Dodson,,03/11/2009,,,Softwood Veneer & Plywood Manufacturing
Louisiana,Hunt Forest Products Inc.,Natalbany,,05/10/2009,,,Plywood and Engineered Wood Product Manufacturing
Louisiana,Quadel Housing,Baton Rouge,,05/01/2009,,,All Other Professional and Technical Services
Louisiana,ICF International,Baton Rouge,,05/01/2009,,,All Other Professional and Technical Services
Louisiana,Pilgrim's Pride,Farmerville,,04/28/2009,,,Animal Slaughtering and Processing
Louisiana,Equistar,Sulphur,,04/28/2009,,,Petrochemical Manufacturing
Louisiana,Pride Offshore Inc.,"Houston, TX",,03/01/2009,,,Drilling Oil & Gas Wells
Louisiana,Lockheed Martin,New Orleans,,04/30/2009,,,Plant and System Operators
Louisiana,Louisiana Hardwood Products,LeMoyen,,01/30/2009,,,Wood Product Manufacturing
Louisiana,Capital One,Shreveport,,04/03/2009,,,Sales Financing
Louisiana,ICF International,Baton Rouge,,03/27/2009,,,All Other Professional and Technical Services
Louisiana,Quadel Housing Services,Baton Rouge,,03/27/2009,,,All Other Professional and Technical Services
Louisiana,CITGO Petroleum,Lake Charles,,08/12/2008,,,Petroleum Refineries
Louisiana,Lockheed Martin Space Systems Company,New Orleans,,10/03/2008,,,Space Vehicle Propulsion Units and Parts Manufacturing
Louisiana,Magna Decoma International,Shreveport,,09/29/2008,,,Automobile Manufacturing
Louisiana,AI –Shreveport LLC,Shreveport,,09/29/2008,,,Automatic Environmental Control Manufacturing
Louisiana,"Tango Transport, Inc.",Shreveport,,09/29/2008,,,"General Freight Trucking, Long Distance"
Louisiana,General Motors,Shreveport,,09/26/2008,,,Motor Vehicle Manufacturing
Louisiana,Quadel Housing Services,Baton Rouge,,09/13/2008,,,All Other Professional and Technical Services
Louisiana,ICF International,Baton Rouge,,09/13/2008,,,All Other Professional and Technical Services
Louisiana,American Airlines,Kenner,,09/05/2008,,,Scheduled Passenger Air Transportation
Louisiana,"ABB, Inc.",Mansfield,,08/31/2008,,,Computer Systems Design Services
Louisiana,The Home Depot,Opelousas,,08/05/2008,,,Home Centers
Louisiana,IFCO Systems,Hammond,,05/31/2008,,,Wood Container and Pallet Manufacturing
Louisiana,Blake International,Houma,,05/23/2008,,,Drilling Oil & Gas Wells
Louisiana,Plastech,Shreveport,,06/30/2008,,,Motor Vehicle Manufacturing
Louisiana,Skyline Corporation,Bossier City,,07/05/2008,,,"Manufactured Home, Mobile Home, Manufacturing"
Louisiana,"Kenneth Gordon, USA",Harahan,,06/08/2008,,,"Men's Shirt, Except Work Shirt, Manufacturing"
Louisiana,ICF International,Baton Rouge,,05/31/2008,,,All Other Professional and Technical Services
Louisiana,Georgia Pacific,Springhill,,03/28/2008,,,Softwood Veneer & Plywood Manufacturing
Louisiana,"Hood Industries, Inc.",Coushatta,,05/16/2008,,,Sawmills
Louisiana,Capital One Bank,New Orleans,,05/19/2008,,,Sales Financing
Louisiana,Raytheon Technical Services Company Ft. Polk US Army Base,Fort Polk,,04/30/2008,,,Engineering Services
Louisiana,Gerdau Ameristeel,Harahan,,03/31/2008,,,Other Fabricated Wire Product Manufacturing
Louisiana,Macy's,Lake Charles,,03/18/2008,,,Department Stores
Louisiana,"WinCup Holdings, Inc.",Shreveport,,02/12/2008,,,Polystyrene Foam Product Manufacturing
Louisiana,Ideal Merchandising,"Apollo Beach, FL",,01/20/2008,,,Durable Goods Merchant Wholesaler
Louisiana,"FloorServe, Inc.","Dalton, GA",,01/31/2008,,,All Other Support Services
Louisiana,"Pinnacle Business Solutions, Inc.",Shreveport,,02/29/2008,,,Direct Health and Medical Insurance Carriers
Louisiana,Georgia Pacific Corporation,Logansport,,10/30/2007,,,Paper Mill
Louisiana,Valentine Paper,Lockport,,12/28/2007,,,Paper Mill
Louisiana,United States Gypsum Company,New Orleans,,12/31/2007,,,Gypsym Product Manufacturing
Louisiana,AT&T,Metairie,,12/29/2007,,,Wired Telecommunications Carrier
Louisiana,East Jordan Iron Works,"East Jordan, MI",,12/28/2007,,,Iron Foundries
Louisiana,Aegis Mortgage Corporation,"Houston, TX",,10/31/2007,,,Sales Financing
Louisiana,Wells Fargo Home Mortgage,Baton Rouge,,09/25/2007,,,Real Estate Credit
Louisiana,Capital One Mortgage,Baton Rouge,,09/14/2007,,,Sales Financing
Louisiana,Albertson's LLC,Monroe,,08/05/2007,,,Supermarket and other Grocery Stores
Louisiana,Abita Springs Water Company,Metairie,,08/29/2007,,,Bottled Water Manufacturing
Louisiana,Capital One-Indirect Collections,Denham Springs,,08/15/2007,,,Sales Financing
Louisiana,"Tembec USA, LLC",St. Francisville,,07/31/2007,,,Paper Mill
Louisiana,Lockheed Martin Government Services Inc.,New Orleans,,07/31/2007,,,Data Processing and Related Services
Louisiana,McKesson Specialty Pharmacy,Harahan,,03/30/2007,,,Pharmarcy Products Distribution
Louisiana,Murphy Exploration & Production Company,New Orleans,,06/01/2007,,,Crude Oil Exploration and Petroleum Production
Louisiana,Marsulex Refinery Environmental Services,Baton Rouge,,03/31/2007,,,Refinery Environmental Services
Louisiana,Martco Limited Partnership,LeMoyen,,01/30/2007,,,Manufacturing of Reconstituted Wood Products
Louisiana,McKesson Specialty Pharmacy,Harahan,,03/29/2007,,,Pharmarcy Products Distribution
Louisiana,Bellsouth Telecommunications,Hammond,,03/10/2007,,,Call Center
Louisiana,Morton International,New Iberia,,04/06/2007,,,Salt Mining
Louisiana,Sewell Cadillac Incorporated,New Orleans,,03/06/2007,,,Automotive Dealership
Louisiana,International Shipholding,New Orleans,,03/31/2007,,,"Sea, Coastal, and Great Lakes Transportation"
Maine,Sonoco,Scarborough,03/13/2025,,,WARN,4 - Coastal Counties Local Area 4
Maine,SMBC-Sumitomo Mitsui Banking Corporation,New York,01/13/2026,,,WARN,3 - Central Western Local Area 3
Maine,US Cellular,Washington,04/07/2025,,,WARN,3 - Central Western Local Area 3
Maine,Pride Manufacturing -gathr Outdoors,Burnham,01/13/2026,,,WARN,4 - Coastal Counties Local Area 4
Maine,Northern Light - Inland Hospital,Waterville,03/25/2025,,,WARN,3 - Central Western Local Area 3
Maine,Charter Communications,Portland,12/10/2025,,,WARN,4 - Coastal Counties Local Area 4
Maine,Bon Appetit,Waterville,04/10/2025,,,WARN,3 - Central Western Local Area 3
Maine,Trans Axle,Westbrook,05/16/2025,,,WARN,3 - Central Western Local Area 3
Maine,Loring Job Corps Center,Limestone,06/03/2025,,,WARN,1 - Northeastern Workforce Board
Maryland,U.S. Bank,"4527 Metropolitan Ct Frederick, MD 21704",05/20/2026,,,Mass Layoff,
Maryland,"DRB Systems, Inc.","7125 Troy Hill Dr, Elkridge, MD 21075",05/20/2026,,,Plant Closure,
Maryland,"Diamond Transportation Services, Inc.","3201 Hubbard Road Landover, MD 20785",05/13/2026,,,Plant Closure,
Maryland,"Sibley- Suburban Home Health Agency, Inc. d/b/a Potomac Home Health Care and Potomac Home Support, Inc.","6700A Rockledge Drive, Suite 200 Bethesda, Maryland 20817",05/06/2026,,,Plant Closure,
Maryland,Tishcon Corp.,"2410 Zion Road & 818 Brown Street Salisbury, MD 21801",05/04/2026,,,Plant Closure,
Maryland,Spirit Airlines,"Baltimore Washington International Thurgood Marshall Airport (BWI) 7050 Friendship Rd., Baltimore, MD 21240",05/04/2026,,,Plant Closure,
Maryland,"Gilead Sciences, Inc.","800 King Farm Blvd, Suite 600 Rockville, MD 20850",04/30/2026,,,Mass Layoff - No Recall,
Maryland,CBRE Government & Defense Services,"9000 Rockville Pike, Building 10, Room B D19 Bethesda, MD 20892",04/29/2026,,,Mass Layoff - No Recall,
Maryland,"Tuerk House, Inc.","2700 Rayner Avenue Baltimore, MD 21216",04/29/2026,,,Plant Closure,
Maryland,Crothall Healthcare,"100 E. Carroll St Salisbury, MD 21801",04/29/2026,,,"Mass Layoff - No Recall Note: Work performed at the clientâs facility, TidalHealth Peninsula Regional",
Maryland,Apple Inc.,"825 Dulaney Valley Road Towson, Maryland 21204",04/23/2026,,,Plant Closure 	Note: Store located in Towson Town Center Mall,
Maryland,"Republic National Distributing Company, LLC","8201 Stayton Drive Jessup, MD 20794",04/23/2026,,,Mass Layoff - No Recall,
Maryland,"Trulite Glass & Aluminum Services, LLC","2190 Urbana Pike Ijamsville, MD 21754",04/21/2026,,,Plant Closure,
Maryland,Stoney River Steakhouse & Grill,"825 Dulaney Valley Road Towson, MD 21204",04/20/2026,,,Plant Closure,
Maryland,Hendall Inc.,"1803 Research Blvd, Suite 300 Rockville, MD 20850",04/14/2026,,,"Mass Layoff - No RecallNote: Temporary, may become permanent",
Maryland,Leidos,"3300 Lord Baltimore Drive Windsor Mill, MD 21244",04/06/2026,,,Mass Layoff - No Recall,
Maryland,"Cox Automotive Corp Svc., LLC","4805 Philadelphia Road Belcamp, MD 21014",04/03/2026,,,Mass Layoff - No Recall,
Maryland,Leidos,"6910 Cooper Ave Fort Meade, MD 20755",04/02/2026,,,Mass Layoff - No Recall,
Maryland,"Tyto Athene, LLC","6910 Cooper Ave Fort Meade, MD 20755",04/02/2026,,,Mass Layoff - No Recall,
Maryland,Legacy Supply Chain,"238 Belvidere Road Perryville, MD 21903",04/01/2026,,,Mass Layoff - No Recall,
Maryland,General Dynamics Information Technology,"5601 Fishers Lane Rockville, MD 20852",04/01/2026,,,Mass Layoff - No Recall,
Maryland,"*RESCINDED* Advanced Packaging, Inc.","4818 Seton Drive Baltimore, MD 21215",03/31/2026,,,Plant Closure,
Maryland,Carnegie Institution for Science,"3520 San Martin Drive Baltimore, MD 21218",03/30/2026,,,Mass Layoff - No Recall,
Maryland,General Dynamics Information Technology,"4600 Sangamore Road Bethesda, MD 20816",03/27/2026,,,Mass Layoff - No Recall,
Maryland,"Maryland and Virginia Milk Producers Cooperative Association, Inc. d/b/a Maola","8321 Leishear Road Laurel, Maryland 20723",03/26/2026,,,Plant Closure,
Maryland,Evonik Corporation,"701 Fountain Street Havre De Grace, MD 21078",03/25/2026,,,Plant Closure,
Maryland,"PedalPoint EvTerra Recycling, LLC","7118 Geoffrey Way, Unit E Frederick, MD 21704",03/19/2026,,,Plant Closure,
Maryland,"Panera, LLC","7801 Dorsey Run Jessup, MD 20794",03/17/2026,,,Plant Closure,
Maryland,"Bering Global Solutions, LLC (BGS) - CBD","5813 Bayside Rd Chesapeake Beach, MD 20732",03/13/2026,,,Mass Layoff - No Recall,
Maryland,"Bering Global Solutions, LLC (BGS) - Carderock","9500 Macarthur Blvd. Bethesda, MD 20817",03/13/2026,,,Mass Layoff - No Recall,
Maryland,"Bering Global Solutions, LLC (BGS) - Bethesda","8901 Rockville Pike Bethesda, MD 20889",03/13/2026,,,Mass Layoff - No Recall,
Maryland,United Source One,"4610 Mercedes Drive, Suite 110  Belcamp, MD 21017",03/11/2026,,,Mass Layoff - No Recall,
Maryland,Amentum,"10530 Riverview Road  Fort Washington, MD 20744",03/09/2026,,,Mass Layoff - No Recall,
Maryland,Amentum,"4251 Suitland Road  Suitland, MD 20746",03/09/2026,,,Mass Layoff - No Recall,
Maryland,"Horizon Therapeutics USA, Inc.","9605 Medical Center Drive, Suite 325  Rockville, MD 20850",03/09/2026,,,Mass Layoff - No Recall,
Maryland,Saks & Company LLC,"5555 Wisconsin Avenue  Chevy Chase, MD 20815",03/06/2026,,,Plant Closure,
Maryland,C2 Technologies,"7601 Lewinsville Road, Suite 200  McLean, Virginia 22102",03/06/2026,,,Mass Layoff - No Recall,
Maryland,Excelitas,"910 Clopper Road  Gaithersburg, MD 20878",03/03/2026,,,Mass Layoff - No Recall,
Maryland,"IPIC Theaters, LLC","11830 Grand Park Avenue  North Bethesda, MD 20852",03/02/2026,,,Plant Closure,
Maryland,Viskon-Aire Corporation,"410 Winfield Avenue  Salisbury, MD 21801",2/24/2026,,,Plant Closure,
Maryland,Duality Ventures LLC,"16604 Industrial Lane  Williamsport, MD 21795",2/23/2026,,,Plant Closure,
Maryland,"Hornblower Cruises and Events, LLC","575 S. Charles Street, Suite 506, Baltimore, MD 21201",02/19/2026,,,Mass Layoff - No Recall,
Maryland,"Catalent  Maryland, Inc.","7555 Harmans  Road  Harmans, MD  21077",02/19/2026,,,Mass Layoff - No Recall,
Maryland,"Catalent  Maryland, Inc.","801 West  Baltimore Street  Suite 302  Baltimore, MD  21201",02/19/2026,,,Mass Layoff - No Recall,
Maryland,Breakthru Beverage Group,"525 Progress Drive, Suite K, Linthicum Heights, MD 21090",02/17/2026,,,Mass Layoff - No Recall,
Maryland,"Loweâs Companies, Inc.","1000 Loweâs Blvd.  Mooresville, NC  28117",02/17/2026,,,Mass Layoff - No Recall,
Maryland,T. Rowe Price,"1307 Point Street  Baltimore, MD 21231",02/12/2026,,,Mass Layoff - No Recall,
Maryland,Savage  Infrastructure  LLC,"354 Table Rock  Road  Oakland, MD  21550",02/09/2026,,,Plant Closure,
Maryland,"LifeBridge Suburban Staffing, LLC","2850 N. Ridge Road  Ellicott City, MD",02/06/2026,,,"Plant Closure  Note: Work performed at Ellicott City Ambulatory Surgery Center, L.L.L.P)",
Maryland,"NFI Interactive Technologies, LLC (NFI)","81 Belvedere Road Perryville, MD 21903",02/04/2026,,,Plant Closure,
Maryland,"HGS CX Technologies, Inc. f/k/a HGS USA","12120 Rojas Drive El Paso, Texas",02/04/2026,,,Mass Layoff - No Recall,
Maryland,"Charles River  Laboratories,  Inc.",3600 Cabover  Drive  Hanover MD  21076,02/02/2026,,,Plant Closure,
Maryland,"MUFG Investor  Services (US),  LLC (MUIS)","805 King Farm  Boulevard, Suite  600  Rockville,MD  20850",01/30/2026,,,Mass Layoff - No  Recall,
Maryland,Saks & Company LLC,"22705 Clarksburg Road  Clarksburg, MD 20871",01/29/2026,,,Plant Closure,
Maryland,Saks & Company LLC,"7000 Arundel Mills Circle  Hanover, MD 21076",01/29/2026,,,Plant Closure,
Maryland,Amazon - MAF1 facility,"5463 Wisconsin Ave.  Chevy Chase, MD 20815",01/28/2026,,,Plant Closure,
Maryland,Amazon - MAG5 facility,"8525 Chevy Chase Lake Terrace  Chevy Chase, MD 20815",01/28/2026,,,Plant Closure,
Maryland,Amazon - MAH5 facility,"15790 Shady Grove Road  Gaithersburg, MD  20877",01/28/2026,,,Plant Closure,
Maryland,Amazon - MAT8 facility,"6711 Ritchie Highway  Glen Burnie, MD  21061",01/28/2026,,,Plant Closure,
Maryland,Amazon - MAV2 facility,"12263 Prosperity Drive  Silver Spring, MD 20904",01/28/2026,,,Plant Closure,
Maryland,Weis Store #291,"15300 McMullen  Highway  Cumberland, MD  21502",01/15/2026,,,Plant Closure,
Maryland,Home Depot  Design Center,"12087 Rockville  Pike  Rockville, MD  20852",01/14/2026,,,Plant Closure,
Maryland,Peraton,"6201 Security  Blvd  Woodlawn, MD  21207",01/14/2026,,,Mass Layoff - No Recall,
Maryland,"BAE Systems,  Inc.","306 Sentinel  Drive, Suite 500,  Annapolis  Junction, MD  20701",1/2/2026,,,Mass Layoff - No Recall,
