state,company,city,notice_date,layoff_date,employees_affected,closure_type,notes
Alabama,Biocryst Pharmaceuticals Inc,Hoover,08/04/2026,10/07/2026,47,closure,
Alabama,Alabama Cooperage,Trinity,07/16/2026,09/14/2026,71,closure,
Alabama,Legacy Cabinets,Eastaboga,06/11/2026,06/06/2026,397,closure,
Alabama,LineQuest LLC,Pelham,04/23/2026,08/01/2026,113,closure,
Alabama,Serta Mattress Company,Cullman,04/15/2026,04/17/2026,102,closure,
Alabama,Legacy Supply Chain Operations,Decatur,04/09/2026,06/06/2026,6,closure,
Alabama,Resolute Forest Products,Alpine,03/31/2026,05/24/2026,20,closure,
Alabama,Resolute Forest Products,Coosa Pines,03/31/2026,05/24/2026,255,closure,
Alabama,Louis Vuitton,Birmingham,02/19/2026,02/17/2026,10,closure,
Alabama,Tiffin Motorhomes Incorporated,Winfield,02/05/2026,05/12/2026,139,closure,
Alabama,Southern Parallel Forest Products Corp,Albertville,02/12/2026,04/08/2026,62,closure,
Alabama,Saks Fifth Avenue,Birmingham,02/10/2026,04/11/2026,44,closure,
Alabama,Salon Centric Inc,Mc Calla,01/13/2026,06/30/2026,79,closure,
Alabama,Oerlikon Balzers Coating USA,Pell City,10/30/2025,03/31/2026,8,closure,
Alabama,Renfro Brands,Fort Payne,10/28/2025,12/27/2025,455,closure,
Alabama,Quest Diagnostics/Pack Health,Birmingham,09/29/2025,11/28/2025,98,closure,
Alabama,Magnolia Ridge Center/SunBridge Gardendale Health Care Center LLC,Gardendale,09/15/2025,09/10/2025,103,closure,
Alabama,Russell Brands LLC Distribution Center,Alexander City,08/01/2025,09/29/2025,80,closure,
Alabama,Federal-Mogul Motorparts LLC,Boaz,07/30/2025,09/25/2025,82,closure,
Alabama,Berry Global Inc,Lanett,05/02/2025,07/01/2025,112,closure,
Alabama,Grede LLC,Brewton,04/01/2025,05/22/2025,160,closure,
Alabama,VT Mobile Aerospace Engineering Inc,Mobile,03/13/2025,05/13/2025,300,closure,
Alabama,Output Services Group Inc,Birmingham,03/11/2025,05/10/2025,135,closure,
Alabama,Vanity Fair Distribution Center,Monroeville,02/26/2025,04/28/2025,156,closure,
Alabama,Nucor Buildings Group,Eufaula,02/21/2025,04/21/2025,79,closure,
Alabama,Alabama Orthopedic Clinic PC,Mobile,02/11/2025,04/11/2025,153,closure,
Alabama,Joann’s Distribution Center,Opelika,01/27/2025,03/31/2025,244,closure,
Alabama,Nitto Inc.,Jasper,01/08/2025,03/07/2025,56,closure,
Alaska,RNDC Shared Services LLC,Juneau,07/06/26,09/04/26,160,,
Alaska,"Chugach Training & Educational Solutions, LLC (CTESL)",Palmer,6/2/25,6/30/25,110,,Loss of Contract
Alaska,"Vigor Alaska, LLC",Ketchikan,5/7/25,Begins 7/7/25 and will be staggered until official closure on 11/30/25,72,,Closure
Alaska,"RavnAir Group, Corvus Airlines, Hageland Aviation Services and Peninsula Aviation Services","Anchorage and 20 smaller Alaska communities, plus Boston, Mass.",9/30/20*,8/7/20,"1,234",,COVID-19; permanent
Alaska,,,,,,,
DC,Elior North America,,"February 2, 2026","June 30, 2026",76,1,
DC,WP Company LLC,,"February 6, 2026","April 10, 2026",277,1,
DC,Albertson's/Safeway,,"March 13, 2026",TBD,87,2,
DC,"Bering Global Solutions, LLC",,"March 13, 2026","March 31, 2026",108,1,
DC,General Dynamics Information Technology,,"April 17, 2026","June 15, 2026",87,1,
DC,Noblis,,"April 22, 2026","May 19 - June 2, 2026",115,1,
DC,Republic National Distributing Company,,"April 23, 2026","June 21, 2026",125,1,
DC,Ideal US Talent Systems Worker Op Co LLC,,"May 1, 2026","July 1, 2026",307,1,
DC,Medical Facility Associates,,"July 8, 2026","September 6, 2026","1,270",1,
DC,General Dynamic Information Technology,,"July 13, 2026","September 11 - 23, 2026",64,1,
DC,Elevance Health,,"July 27, 2026","October 2, 2026 - July 31, 2027",85,1,
DC,"Golden Services, LLC",,"January 1, 2025","January 31, 2025",43,2,
DC,"Freedom House, Inc",,"February 14, 2025","April 15, 2025",76,1,
DC,United Medical Center,,"February 20, 2025","Various Dates through September 30, 2025",485,2,
DC,ACDI VOCA,,"March 6, 2025","April 2, 2025",109,1,
DC,Dexis Consulting Group,,"March 10, 2025","March 14, 2025 through April 30, 2025",94,1,
DC,IREX,,"March 11, 2025","March 3, 2025",130,1,
DC,Save the Children,,"March 13, 2025","February 28 and March 7 & 14, 2025",116,1,
DC,Institute of International Education,,"March 13, 2025","Various Dates through May 16, 2026",95,1,
DC,Chemonics,,"March 14, 2025","Various Dates through May 30, 2025",500,1,
DC,Cointerpart International,,"March 28, 2025","March 28 through May 31, 2025",64,1,
DC,"Freedom House, Inc.",,"March 28, 2025","May 27, 2025",30,1,
DC,American Federation of Government Employees (AFGE),,"March 31, 2025","May 30, 2025",206,1,
DC,International Republican Institute,,"April 7, 2025","June 6, 2025",246,1,
DC,Family Health International d/b/a FHI360,,"April 9, 2025","May 2, 2025 through May 16, 2026",260,1,
DC,US Conference of Catholic Bishops,,"April 14, 2025","May 30, 2025",39,1,
DC,Institue of International Education,,"April 14, 2025","Various Dates through June 29, 2025",45 (amended),1,
DC,Children's School Services,,"April 25, 2025","June 28, 2025",226,1,
DC,Institue of International Education,,"April 25, 2025","Various Dates through June 29, 2025",63 (amended),1,
DC,Radio Free Asia,,"May 2, 2025","May 9 through September 30, 2025",285,1,
DC,Pact,,"May 13, 2025","June 24,2025",72,1,
DC,"Sodexo Services East, LLC",,"May 15, 2025","August 8, 2025",228,1,
DC,ACDI/VOCA,,"June 4, 2025","August 4, 2025",19,1,
DC,Institue of International Education,,"June 4, 2025","Various Dates through September 28, 2025",54 (amended),1,
DC,"Sodexo, Inc.",,"June 6, 2025","July 31 through August 28, 2025",308,1,
DC,Institue of International Education,,"July 1, 2025","Various Dates through November2, 2025",54 (amended),1,
DC,ACDI VOGA,,"July 2, 2025","September 2, 2025",4,1,
DC,National Association of County and City Health Officials,,"July 30, 2025","September 30, 2025",43,1,
DC,ACDI VOCA,,"July 30, 2025","October 1, 2025",4,1,
DC,Corporation for Public Broadcasting,,"August 1, 2025","September 30, 2025",94,1,
DC,Institue of International Education,,"August 11, 2025","Various Dates through November 2, 2025",46 (amended),1,
DC,Chemonics,,"August 25, 2025","September 30 through September 28, 2025",59,1,
DC,Target,,"August 27, 2025","November 1, 2025",44,2,
DC,ACDI VOCA,,"August 28, 2025","November 3, 2025",5,1,
DC,Institue of International Education,,"September 10, 2025","Various Dates through September 28, 2025",46 (amended),1,
DC,Institue of International Education,,"October 20, 2025","January 4, 2026",24,1,
DC,RATP DEV and Midtown Group,,"October 29, 2025","January 3, 2026",52,2,
Maryland,Crosby Marketing Communications,"705 Melvin Avenue Annapolis, MD 21401",08/25/2026,,,Mass Layoff- No Recall,
Maryland,Amentum,"7710 Milestone Parkway Hanover, MD 21076",08/18/2026,,,Mass Layoff- No Recall,
Maryland,Amentum,"7710 Milestone Parkway Hanover, MD 21076",08/18/2026,,,Mass Layoff- No Recall,
Maryland,Stanley Black & Decker,"625 Hanover Pike Hampstead, MD 21074",08/19/2026,,,Plant Closure,
Maryland,"Mulford Construction Co., Inc.","PO Box 60 Barstow, MD 20610",08/14/2026,,,Plant Closure,
Maryland,"Kolon TissueGene, Inc.","9713 Key West Avenue, Rockville Maryland 20850",08/14/2026,,,Mass Layoff - No Recall,
Maryland,"Savista, LLC","4920 Elm Street Bethesda, MD 20814",08/14/2026,,,Mass Layoff- No Recall,
Maryland,SMBC Manubank,"277 Park Avenue New York, NY 10172",08/10/2026,,,Mass Layoff - No Recall,
Maryland,Grassroots Crisis Intervention Center,"8990 Old Annapolis Road, Ste. A, Columbia, MD 21045",08/06/2026,,,Mass-Layoff - No Recall,
Maryland,"Karna, LLC","6404 Ivy Lane, Suite 620, Greenbelt, MD 20770",08/06/2026,,,Plant Closure,
Maryland,"Emergent Biosolutions, Inc.","300 Professional Drive, Gaithersburg, MD 20879",08/05/2026,,,Mass Layoff - No Recall,
Maryland,EchoStar Corporation (Lakewood facility),"100 Lakeforest Blvd. Gaithersburg, MD 20877",07/24/2026,,,Mass Layoff - No Recall,
Maryland,EchoStar Corporation (Germantown EXM facility),"11717 Exploration Lane Germantown, MD 20876",07/24/2026,,,Mass Layoff - No Recall,
Maryland,EchoStar Corporation (Germantown EXP facility),"19710 Observation Drive Germantown, MD 20876",07/24/2026,,,Mass Layoff - No Recall,
Maryland,RP Professional Services LLC,"44927 George Washington Blvd. Ashburn, VA 20147",07/24/2026,,,Mass Layoff - No Recall,
Maryland,"Taft Broadcasting, LLC",6700 Taylor Avenue,07/20/2026,,,Mass Layoff - No Recall,
Maryland,Dejana Truck and Utility Equipment,"6901 Rolling Mill Road Baltimore, MD 21224",07/07/2026,,,Temporary Furlough,
Maryland,ZeniMax Online Studios,"200 International Circle Cockeysville, MD 21030",07/06/2026,,,Mass Layoff - No Recall,
Maryland,ZeniMax Media Inc.,"1370 Piccard Drive Rockville, MD 21030",07/06/2026,,,Mass Layoff - No Recall,
Maryland,"Pioneer Cladding & Glazing Systems, Inc.","1407 Parker Road Halethorpe, MD 21227",07/06/2026,,,Mass Layoff - Temporary,
Maryland,General Dynamics Information Technology,"19901 Germantown Road Germantown, MD 20874",07/02/2026,,,Mass Layoff - No Recall,
Maryland,Kirson Medical LLC,"8801 Kelso Drive Essex, MD 21221",07/01/2026,,,Plant Closure,
Maryland,"Conduent Commercial Solutions, LLC","100 Campus Drive Florham Park, NJ 07932",06/29/2026,,,Mass Layoff - No Recall,
Maryland,The Banner School Inc,"217 Dill Avenue Frederick, MD 21702",06/26/2026,,,Plant Closure,
Maryland,"Vestis Services, LLC","1035 Alpharetta Street, Suite 2100 Roswell, Georgia 30075",06/15/2026,,,Mass Layoff - No Recall,
Maryland,"F4L TRANS, LLC","5801 Columbia Park Road Hyattsville, MD 20785",06/12/2026,,,Mass Layoff - No Recall,
Maryland,"AGI Ground, Inc.","7050 Friendship Rd Baltimore, MD 21240",06/08/2026,,,Plant Closure,
Maryland,Kennedy Krieger Institute,"3901 Greenspring Drive Baltimore, MD 21211",06/4/2026,,,"Mass Layoff - No Recall Note: Performing work at the Center for Autism Services, Science and Innovation- Classrooms",
Maryland,Kennedy Krieger Institute,"7000 Tudsbury Road Baltimore, MD 21244",06/4/2026,,,Mass Layoff - No Recall Note: Performing work the Early Childhood Development and Education Center,
Maryland,Federal Express Corporation,"5255 Falcon Drive Salisbury, MD 21804",06/3/2026,,,Mass Layoff - No Recall: Note: Performing work at SBYA facility,
Maryland,General Dynamics Information Technology,"6555 Rock Spring Drive, Bethesda, MD 20817",05/22/2026,,,Mass Layoff - No Recall,
Maryland,ChristianaCare,"106 Bow Street Elkton, MD 21921",05/18/2026,,,"Mass Layoff - No Recall Note: Performing work at Family Birth Center located in Union Hospital of Cecil County, Inc.",
Maryland,U.S. Bank,"4527 Metropolitan Ct Frederick, MD 21704",05/20/2026,,,Mass Layoff,
Maryland,"DRB Systems, Inc.","7125 Troy Hill Dr, Elkridge, MD 21075",05/20/2026,,,Plant Closure,
Maryland,"Diamond Transportation Services, Inc.","3201 Hubbard Road Landover, MD 20785",05/13/2026,,,Plant Closure,
Maryland,"Sibley- Suburban Home Health Agency, Inc. d/b/a Potomac Home Health Care and Potomac Home Support, Inc.","6700A Rockledge Drive, Suite 200 Bethesda, Maryland 20817",05/06/2026,,,Plant Closure,
Maryland,Tishcon Corp.,"2410 Zion Road & 818 Brown Street Salisbury, MD 21801",05/04/2026,,,Plant Closure,
Maryland,Spirit Airlines,"Baltimore Washington International Thurgood Marshall Airport (BWI) 7050 Friendship Rd., Baltimore, MD 21240",05/04/2026,,,Plant Closure,
Maryland,"Gilead Sciences, Inc.","800 King Farm Blvd, Suite 600 Rockville, MD 20850",04/30/2026,,,Mass Layoff - No Recall,
Maryland,CBRE Government & Defense Services,"9000 Rockville Pike, Building 10, Room B D19 Bethesda, MD 20892",04/29/2026,,,Mass Layoff - No Recall,
Maryland,"Tuerk House, Inc.","2700 Rayner Avenue Baltimore, MD 21216",04/29/2026,,,Plant Closure,
Maryland,Crothall Healthcare,"100 E. Carroll St Salisbury, MD 21801",04/29/2026,,,"Mass Layoff - No Recall Note: Work performed at the clientâs facility, TidalHealth Peninsula Regional",
Maryland,Apple Inc.,"825 Dulaney Valley Road Towson, Maryland 21204",04/23/2026,,,Plant Closure 	Note: Store located in Towson Town Center Mall,
Maryland,"Republic National Distributing Company, LLC","8201 Stayton Drive Jessup, MD 20794",04/23/2026,,,Mass Layoff - No Recall,
Maryland,"Trulite Glass & Aluminum Services, LLC","2190 Urbana Pike Ijamsville, MD 21754",04/21/2026,,,Plant Closure,
Maryland,Stoney River Steakhouse & Grill,"825 Dulaney Valley Road Towson, MD 21204",04/20/2026,,,Plant Closure,
Maryland,Hendall Inc.,"1803 Research Blvd, Suite 300 Rockville, MD 20850",04/14/2026,,,"Mass Layoff - No RecallNote: Temporary, may become permanent",
Maryland,Leidos,"3300 Lord Baltimore Drive Windsor Mill, MD 21244",04/06/2026,,,Mass Layoff - No Recall,
Maryland,"Cox Automotive Corp Svc., LLC","4805 Philadelphia Road Belcamp, MD 21014",04/03/2026,,,Mass Layoff - No Recall,
Maryland,Leidos,"6910 Cooper Ave Fort Meade, MD 20755",04/02/2026,,,Mass Layoff - No Recall,
Maryland,"Tyto Athene, LLC","6910 Cooper Ave Fort Meade, MD 20755",04/02/2026,,,Mass Layoff - No Recall,
Maryland,Legacy Supply Chain,"238 Belvidere Road Perryville, MD 21903",04/01/2026,,,Mass Layoff - No Recall,
Maryland,General Dynamics Information Technology,"5601 Fishers Lane Rockville, MD 20852",04/01/2026,,,Mass Layoff - No Recall,
Maryland,"*RESCINDED* Advanced Packaging, Inc.","4818 Seton Drive Baltimore, MD 21215",03/31/2026,,,Plant Closure,
Maryland,Carnegie Institution for Science,"3520 San Martin Drive Baltimore, MD 21218",03/30/2026,,,Mass Layoff - No Recall,
Maryland,General Dynamics Information Technology,"4600 Sangamore Road Bethesda, MD 20816",03/27/2026,,,Mass Layoff - No Recall,
Maryland,"Maryland and Virginia Milk Producers Cooperative Association, Inc. d/b/a Maola","8321 Leishear Road Laurel, Maryland 20723",03/26/2026,,,Plant Closure,
Maryland,Evonik Corporation,"701 Fountain Street Havre De Grace, MD 21078",03/25/2026,,,Plant Closure,
Maryland,"PedalPoint EvTerra Recycling, LLC","7118 Geoffrey Way, Unit E Frederick, MD 21704",03/19/2026,,,Plant Closure,
Maryland,"Panera, LLC","7801 Dorsey Run Jessup, MD 20794",03/17/2026,,,Plant Closure,
Maryland,"Bering Global Solutions, LLC (BGS) - CBD","5813 Bayside Rd Chesapeake Beach, MD 20732",03/13/2026,,,Mass Layoff - No Recall,
Maryland,"Bering Global Solutions, LLC (BGS) - Carderock","9500 Macarthur Blvd. Bethesda, MD 20817",03/13/2026,,,Mass Layoff - No Recall,
Maryland,"Bering Global Solutions, LLC (BGS) - Bethesda","8901 Rockville Pike Bethesda, MD 20889",03/13/2026,,,Mass Layoff - No Recall,
Maryland,United Source One,"4610 Mercedes Drive, Suite 110  Belcamp, MD 21017",03/11/2026,,,Mass Layoff - No Recall,
Maryland,Amentum,"10530 Riverview Road  Fort Washington, MD 20744",03/09/2026,,,Mass Layoff - No Recall,
Maryland,Amentum,"4251 Suitland Road  Suitland, MD 20746",03/09/2026,,,Mass Layoff - No Recall,
Maryland,"Horizon Therapeutics USA, Inc.","9605 Medical Center Drive, Suite 325  Rockville, MD 20850",03/09/2026,,,Mass Layoff - No Recall,
Maryland,Saks & Company LLC,"5555 Wisconsin Avenue  Chevy Chase, MD 20815",03/06/2026,,,Plant Closure,
Maryland,C2 Technologies,"7601 Lewinsville Road, Suite 200  McLean, Virginia 22102",03/06/2026,,,Mass Layoff - No Recall,
Maryland,Excelitas,"910 Clopper Road  Gaithersburg, MD 20878",03/03/2026,,,Mass Layoff - No Recall,
Maryland,"IPIC Theaters, LLC","11830 Grand Park Avenue  North Bethesda, MD 20852",03/02/2026,,,Plant Closure,
Maryland,Viskon-Aire Corporation,"410 Winfield Avenue  Salisbury, MD 21801",2/24/2026,,,Plant Closure,
Maryland,Duality Ventures LLC,"16604 Industrial Lane  Williamsport, MD 21795",2/23/2026,,,Plant Closure,
Maryland,"Hornblower Cruises and Events, LLC","575 S. Charles Street, Suite 506, Baltimore, MD 21201",02/19/2026,,,Mass Layoff - No Recall,
Maryland,"Catalent  Maryland, Inc.","7555 Harmans  Road  Harmans, MD  21077",02/19/2026,,,Mass Layoff - No Recall,
Maryland,"Catalent  Maryland, Inc.","801 West  Baltimore Street  Suite 302  Baltimore, MD  21201",02/19/2026,,,Mass Layoff - No Recall,
Maryland,Breakthru Beverage Group,"525 Progress Drive, Suite K, Linthicum Heights, MD 21090",02/17/2026,,,Mass Layoff - No Recall,
Maryland,"Loweâs Companies, Inc.","1000 Loweâs Blvd.  Mooresville, NC  28117",02/17/2026,,,Mass Layoff - No Recall,
Maryland,T. Rowe Price,"1307 Point Street  Baltimore, MD 21231",02/12/2026,,,Mass Layoff - No Recall,
Maryland,Savage  Infrastructure  LLC,"354 Table Rock  Road  Oakland, MD  21550",02/09/2026,,,Plant Closure,
Maryland,"LifeBridge Suburban Staffing, LLC","2850 N. Ridge Road  Ellicott City, MD",02/06/2026,,,"Plant Closure  Note: Work performed at Ellicott City Ambulatory Surgery Center, L.L.L.P)",
Maryland,"NFI Interactive Technologies, LLC (NFI)","81 Belvedere Road Perryville, MD 21903",02/04/2026,,,Plant Closure,
Maryland,"HGS CX Technologies, Inc. f/k/a HGS USA","12120 Rojas Drive El Paso, Texas",02/04/2026,,,Mass Layoff - No Recall,
Maryland,"Charles River  Laboratories,  Inc.",3600 Cabover  Drive  Hanover MD  21076,02/02/2026,,,Plant Closure,
Maryland,"MUFG Investor  Services (US),  LLC (MUIS)","805 King Farm  Boulevard, Suite  600  Rockville,MD  20850",01/30/2026,,,Mass Layoff - No  Recall,
Maryland,Saks & Company LLC,"22705 Clarksburg Road  Clarksburg, MD 20871",01/29/2026,,,Plant Closure,
Maryland,Saks & Company LLC,"7000 Arundel Mills Circle  Hanover, MD 21076",01/29/2026,,,Plant Closure,
Maryland,Amazon - MAF1 facility,"5463 Wisconsin Ave.  Chevy Chase, MD 20815",01/28/2026,,,Plant Closure,
Maryland,Amazon - MAG5 facility,"8525 Chevy Chase Lake Terrace  Chevy Chase, MD 20815",01/28/2026,,,Plant Closure,
Maryland,Amazon - MAH5 facility,"15790 Shady Grove Road  Gaithersburg, MD  20877",01/28/2026,,,Plant Closure,
Maryland,Amazon - MAT8 facility,"6711 Ritchie Highway  Glen Burnie, MD  21061",01/28/2026,,,Plant Closure,
Maryland,Amazon - MAV2 facility,"12263 Prosperity Drive  Silver Spring, MD 20904",01/28/2026,,,Plant Closure,
Maryland,Weis Store #291,"15300 McMullen  Highway  Cumberland, MD  21502",01/15/2026,,,Plant Closure,
Maryland,Home Depot  Design Center,"12087 Rockville  Pike  Rockville, MD  20852",01/14/2026,,,Plant Closure,
Maryland,Peraton,"6201 Security  Blvd  Woodlawn, MD  21207",01/14/2026,,,Mass Layoff - No Recall,
Maryland,"BAE Systems,  Inc.","306 Sentinel  Drive, Suite 500,  Annapolis  Junction, MD  20701",1/2/2026,,,Mass Layoff - No Recall,
Oklahoma,LarKen Logistics LLC,St. Peters,9/3/2025,,,Plant Closing,Central
Oklahoma,Novo Logistics,,1/30/2025,,,Plant Closing,Southern
Oklahoma,Fellers,,9/26/2025,,,Other,Green Country
Oklahoma,Jindal Films Americas LLC,Shawnee,9/25/2025,,,Plant Closing,Central
Oklahoma,Paycom,Oklahoma City,10/1/2025,,,Mass Layoff,Central
Oklahoma,Kroger,Oklahoma City,12/3/2025,,,Plant Closing,Central
Oklahoma,Carrus Lakeside Hospital,Sherman,12/15/2025,,,Plant Closing,Green Country
Oklahoma,Macy's Distribution,Owasso,1/15/2026,,,Plant Closing,Green Country
Oklahoma,Bright Horizons,Watertown,1/30/2026,,,Plant Closing,Central
Oklahoma,Hopkins Mfg- Miami,Miami,2/23/2026,,,Plant Closing,Green Country
Oklahoma,TTEC,,1/26/2026,,,Plant Closing,Central
Oklahoma,CAE USA Inc,Altus AFB,3/25/2026,,,Plant Closing,Green Country
Oklahoma,VITAL ENERGY INC,TULSA,3/13/2026,,,Plant Closing,Green Country
Oklahoma,Arvest Bank,Lowell,5/4/2026,,,Mass Layoff,Central
Oklahoma,CONDUENT PATIENT ACCESS SOLUTIONS,FLORHAM PARK,6/26/2026,,,Mass Layoff,Central
Oklahoma,PepsiCo,Purchase,7/14/2026,,,Mass Layoff,Green Country
Oklahoma,"T-Mobile USA, Inc.",Oklahoma City,8/17/2026,,,Other,Green Country
Oregon,,,,,,,
Oregon,,,,,,,
Oregon,,,,,,,
Oregon,,,,,,,
Oregon,,,,,,,
Oregon,,,,,,,
Oregon,,,,,,,
Oregon,,,,,,,
Oregon,,,,,,,
Oregon,,,,,,,
Oregon,,,,,,,
Oregon,,,,,,,
Oregon,,,,,,,
Oregon,,,,,,,
Oregon,,,,,,,
Oregon,,,,,,,
Oregon,,,,,,,
Oregon,,,,,,,
Oregon,,,,,,,
Oregon,,,,,,,
Oregon,,,,,,,
Oregon,,,,,,,
Oregon,,,,,,,
Oregon,,,,,,,
Oregon,,,,,,,
Oregon,,,,,,,
Oregon,,,,,,,
Oregon,,,,,,,
Oregon,,,,,,,
Oregon,,,,,,,
Oregon,,,,,,,
Oregon,,,,,,,
Oregon,,,,,,,
Oregon,,,,,,,
Oregon,,,,,,,
Oregon,,,,,,,
Oregon,,,,,,,
Oregon,,,,,,,
Oregon,,,,,,,
Oregon,,,,,,,
Oregon,,,,,,,
Oregon,,,,,,,
Oregon,,,,,,,
Oregon,,,,,,,
Oregon,,,,,,,
Oregon,,,,,,,
Oregon,,,,,,,
Oregon,,,,,,,
Oregon,,,,,,,
Oregon,,,,,,,
Oregon,,,,,,,
Oregon,,,,,,,
Oregon,,,,,,,
Oregon,,,,,,,
Oregon,,,,,,,
Oregon,,,,,,,
Oregon,,,,,,,
Oregon,,,,,,,
Oregon,,,,,,,
Oregon,,,,,,,
Oregon,,,,,,,
Oregon,,,,,,,
Oregon,,,,,,,
Oregon,,,,,,,
Oregon,,,,,,,
Oregon,,,,,,,
Oregon,,,,,,,
Oregon,,,,,,,
Oregon,,,,,,,
Oregon,,,,,,,
Oregon,,,,,,,
Oregon,,,,,,,
Oregon,,,,,,,
Oregon,,,,,,,
Oregon,,,,,,,
Oregon,,,,,,,
Oregon,,,,,,,
Oregon,,,,,,,
Oregon,,,,,,,
Oregon,,,,,,,
Oregon,,,,,,,
Oregon,,,,,,,
Oregon,,,,,,,
Oregon,,,,,,,
Oregon,,,,,,,
Oregon,,,,,,,
Oregon,,,,,,,
Oregon,,,,,,,
Oregon,,,,,,,
Oregon,,,,,,,
Oregon,,,,,,,
Oregon,,,,,,,
Oregon,,,,,,,
Oregon,,,,,,,
Oregon,,,,,,,
Oregon,,,,,,,
Oregon,,,,,,,
Oregon,,,,,,,
Oregon,,,,,,,
Oregon,,,,,,,
Oregon,,,,,,,
Oregon,,,,,,,
Oregon,,,,,,,
Oregon,,,,,,,
Oregon,,,,,,,
Oregon,,,,,,,
Oregon,,,,,,,
Oregon,,,,,,,
Oregon,,,,,,,
Oregon,,,,,,,
Oregon,,,,,,,
Oregon,,,,,,,
Oregon,,,,,,,
Oregon,,,,,,,
Oregon,,,,,,,
Oregon,,,,,,,
Oregon,,,,,,,
Oregon,,,,,,,
Oregon,,,,,,,
Oregon,,,,,,,
Oregon,,,,,,,
Oregon,,,,,,,
Oregon,,,,,,,
Oregon,,,,,,,
Oregon,,,,,,,
Oregon,,,,,,,
Oregon,,,,,,,
Oregon,,,,,,,
Oregon,,,,,,,
Oregon,,,,,,,
Oregon,,,,,,,
Oregon,,,,,,,
Oregon,,,,,,,
Oregon,,,,,,,
Oregon,,,,,,,
Oregon,,,,,,,
Oregon,,,,,,,
Oregon,,,,,,,
Oregon,,,,,,,
Oregon,,,,,,,
Oregon,,,,,,,
Oregon,,,,,,,
Oregon,,,,,,,
Oregon,,,,,,,
Oregon,,,,,,,
Oregon,,,,,,,
Oregon,,,,,,,
Oregon,,,,,,,
Oregon,,,,,,,
Oregon,,,,,,,
Oregon,,,,,,,
Oregon,,,,,,,
Oregon,,,,,,,
Oregon,,,,,,,
Oregon,,,,,,,
Oregon,,,,,,,
Oregon,,,,,,,
Oregon,,,,,,,
Oregon,,,,,,,
Oregon,,,,,,,
Oregon,,,,,,,
Oregon,,,,,,,
Oregon,,,,,,,
Oregon,,,,,,,
Oregon,,,,,,,
Oregon,,,,,,,
Oregon,,,,,,,
Oregon,,,,,,,
Oregon,,,,,,,
Oregon,,,,,,,
Oregon,,,,,,,
Oregon,,,,,,,
Oregon,,,,,,,
Oregon,,,,,,,
Oregon,,,,,,,
Oregon,,,,,,,
Oregon,,,,,,,
Oregon,,,,,,,
Oregon,,,,,,,
Oregon,,,,,,,
Oregon,,,,,,,
Oregon,,,,,,,
Oregon,,,,,,,
Oregon,,,,,,,
Oregon,,,,,,,
Oregon,,,,,,,
Oregon,,,,,,,
Oregon,,,,,,,
Oregon,,,,,,,
Oregon,,,,,,,
Oregon,,,,,,,
Oregon,,,,,,,
Oregon,,,,,,,
Oregon,,,,,,,
Oregon,,,,,,,
Oregon,,,,,,,
Oregon,,,,,,,
Oregon,,,,,,,
Oregon,,,,,,,
Oregon,,,,,,,
Oregon,,,,,,,
Oregon,,,,,,,
Oregon,,,,,,,
Oregon,,,,,,,
Oregon,,,,,,,
Oregon,,,,,,,
Oregon,,,,,,,
Oregon,,,,,,,
Oregon,,,,,,,
Oregon,,,,,,,
Oregon,,,,,,,
Oregon,,,,,,,
Oregon,,,,,,,
Oregon,,,,,,,
Oregon,,,,,,,
Oregon,,,,,,,
Oregon,,,,,,,
Oregon,,,,,,,
Oregon,,,,,,,
Oregon,,,,,,,
Oregon,,,,,,,
Oregon,,,,,,,
Oregon,,,,,,,
Oregon,,,,,,,
Oregon,,,,,,,
Oregon,,,,,,,
Oregon,,,,,,,
Oregon,,,,,,,
Oregon,,,,,,,
Oregon,,,,,,,
Oregon,,,,,,,
Oregon,,,,,,,
Oregon,,,,,,,
Oregon,,,,,,,
Oregon,,,,,,,
Oregon,,,,,,,
Oregon,,,,,,,
Oregon,,,,,,,
Oregon,,,,,,,
Oregon,,,,,,,
Oregon,,,,,,,
Oregon,,,,,,,
Oregon,,,,,,,
Oregon,,,,,,,
Oregon,,,,,,,
Oregon,,,,,,,
Oregon,,,,,,,
Oregon,,,,,,,
Oregon,,,,,,,
Oregon,,,,,,,
Oregon,,,,,,,
Oregon,,,,,,,
Oregon,,,,,,,
Oregon,,,,,,,
Oregon,,,,,,,
Oregon,,,,,,,
Oregon,,,,,,,
Oregon,,,,,,,
Oregon,,,,,,,
Oregon,,,,,,,
Oregon,,,,,,,
Oregon,,,,,,,
Oregon,,,,,,,
Oregon,,,,,,,
Oregon,,,,,,,
Oregon,,,,,,,
Oregon,,,,,,,
Oregon,,,,,,,
Oregon,,,,,,,
Oregon,,,,,,,
Oregon,,,,,,,
Oregon,,,,,,,
Oregon,,,,,,,
Oregon,,,,,,,
Oregon,,,,,,,
Oregon,,,,,,,
Oregon,,,,,,,
Oregon,,,,,,,
Oregon,,,,,,,
Oregon,,,,,,,
Oregon,,,,,,,
Oregon,,,,,,,
Oregon,,,,,,,
Oregon,,,,,,,
Oregon,,,,,,,
Oregon,,,,,,,
Oregon,,,,,,,
Oregon,,,,,,,
Oregon,,,,,,,
Oregon,,,,,,,
Oregon,,,,,,,
Oregon,,,,,,,
Oregon,,,,,,,
Oregon,,,,,,,
Oregon,,,,,,,
Oregon,,,,,,,
Oregon,,,,,,,
Oregon,,,,,,,
Oregon,,,,,,,
Oregon,,,,,,,
Oregon,,,,,,,
Oregon,,,,,,,
Oregon,,,,,,,
Oregon,,,,,,,
Oregon,,,,,,,
Oregon,,,,,,,
Oregon,,,,,,,
Oregon,,,,,,,
Oregon,,,,,,,
Oregon,,,,,,,
Oregon,,,,,,,
Oregon,,,,,,,
Oregon,,,,,,,
Oregon,,,,,,,
Oregon,,,,,,,
Oregon,,,,,,,
Oregon,,,,,,,
Oregon,,,,,,,
Oregon,,,,,,,
Oregon,,,,,,,
Oregon,,,,,,,
Oregon,,,,,,,
Oregon,,,,,,,
Oregon,,,,,,,
Oregon,,,,,,,
Oregon,,,,,,,
Pennsylvania,"First Brands Group, LLC, d/b/a Eagle Castings","447 East Middle Street, Hanover, PA  17331",beginning 2/27/2026; ending 3/31/2026,beginning 2/27/2026; ending 3/31/2026,73,Closing,County: York
Pennsylvania,"GIANT Company, LLC","235 North Reservoir Street, Lancaster, PA  17602",2/27/2026,2/27/2026,76,Closing,County: Lancaster
Pennsylvania,"GIANT Company, LLC","3501 Island Avenue, Philadelphia, PA  19153",2/13/2026,2/13/2026,128,Closing,County: Philadelphia
Pennsylvania,"Great Dane, LLC","207 Progress Road, Elysburg, PA  17824",2/2/2026,2/2/2026,164,Layoff,County: Northumberland
Pennsylvania,Engineered Materials Solutions,"600 Valley Road, Hamburg, PA  19526",beginning 1/2/2026; ending 10/31/2026,beginning 1/2/2026; ending 10/31/2026,58,Closing,County: Berks
Pennsylvania,"Adare Pharmaceuticals, Inc.","1100 Orthodox Street, Philadelphia, PA  19124",beginning 3/1/2026; ending 6/30/2026,beginning 3/1/2026; ending 6/30/2026,137,Closing,County: Philadelphia
Pennsylvania,S&S Activewear,"600 Industrial Drive, Lewisberry, PA  17339",beginning 12/4/2025; ending 4/1/2026,beginning 12/4/2025; ending 4/1/2026,128,Closing,County: York
Pennsylvania,PA Potato Chip Manufacturing LLC,"1313 Stadium Street, Berlin, PA  15530",beginning 2/13/2026; ending 12/31/2026,beginning 2/13/2026; ending 12/31/2026,96,Closing,County: Somerset
Pennsylvania,Crothall and Morrison Healthcare,"3400 Spruce Street, Philadelphia, PA  19104 (Penn Medicine)",2/1/2026,2/1/2026,795,Layoff,County: Philadelphia
Pennsylvania,"GXO Logistics Worldwide, LLC","100 Carolina Way, Carlisle, PA  17015",Beginning 1/12/2026; Ending 5/30/2026,Beginning 1/12/2026; Ending 5/30/2026,69,Layoff,County: Cumberland
Pennsylvania,BIOLYST Scientific,"1560 Industry Road, Hatfield, PA  19440",Beginning 1/12/2026; Ending 1/26/2026,Beginning 1/12/2026; Ending 1/26/2026,76,Closure,County: Montgomery
Pennsylvania,"DuBois Logistics, LLC","891 Beaver Drive, DuBois, PA  15801",Beginning 1/31/2026; Ending 2/28/2026,Beginning 1/31/2026; Ending 2/28/2026,110,Closure,County: Clearfield
Pennsylvania,Pottstown Hospital,"1600 East High Street, Pottstown, PA  19464",1/1/2026,1/1/2026,131,Layoff,County: Montgomery
Pennsylvania,"Prysmian Cables and Systems, USA","1 Tamaqua Boulevard, Schuylkill Haven, PA  17972",1/1/2026-12/31/2027,1/1/2026-12/31/2027,150,Closure,County: Schuylkill
Pennsylvania,"Taste, Inc.","8500 Essington Avenue, Philadelphia, PA  19153 (Philadelphia International Airport)",2/5/2026,2/5/2026,10,Closure,County: Philadelphia
Pennsylvania,"Keen Transport, Inc.","1951 Harrisburg Pike, Carlisle, PA  17015",1/20/2026,1/20/2026,52,Layoff,County: Cumberland
Pennsylvania,Chick-fil-A,"8500 Essington Avenue, Philadelphia, PA  19153",12/30/2025,12/30/2025,49,Closure,County: Philadelphia
Pennsylvania,"Respironics, Inc.","174 Tech Center Drive, Mount Pleasant, PA 312 Alvin Drive, New Kensington, PA 1001 Murry Ridge Lane, Murrysville, PA",Beginning:  12/31/2025; Ending:  6/30/2026,Beginning:  12/31/2025; Ending:  6/30/2026,196,Layoff,County: Westmoreland
Pennsylvania,Oak View Group,"150 Rouse Boulevard, Philadelphia, PA  19112",12/31/25,12/31/25,TBD,Layoff,County: Philadelphia
Pennsylvania,Allen Distribution,"7058 Snowdrift Road, Allentown, PA  18106",12/26/2025,12/26/2025,70,Closing,County: Lehigh
Pennsylvania,"Peraton, Inc.","1250 Camp Hill Bypass, Camp Hill, PA  17011",12/13/2025,12/13/2025,153,Layoff,County: Cumberland
Pennsylvania,"Travel + Leisure Resort Development, Inc.","5255 Buttermilk Falls Road, Shawnee-on-Delaware, PA  18301",12/31/2025,12/31/2025,124,Closing,County: Monroe
Pennsylvania,"Morgan Truck Body, LLC","485 Wenger Drive, Ephrata, PA  17522",12/15/2025,12/15/2025,92,Closing,County: Lancaster
Pennsylvania,"Fourth Street Barbecue, Inc.","3 Arentzen Boulevard, Charleroi, PA  15022",beginning 10/9/25; ending 10/31/25,beginning 10/9/25; ending 10/31/25,252,Closing,County: Washington
Pennsylvania,Starbucks,"1500 Market Street, Philadelphia, PA  19102 1900 Market Street, Philadelphia, PA  19103 1128 Walnut Street, Philadelphia, PA  19107 1801 Spruce Street, Philadelphia, PA  19107 490 North Broad Street, Philadelphia, PA  19107 1709 Chestnut Street, Philadelphia, PA  19103",12/5/2025,12/5/2025,Unknown,Closing,County: Philadelphia
Pennsylvania,"Vifor Pharma, Inc.","1000 First Avenue, Suite 300, King of Prussia, PA  19406",12/1/2025,12/1/2025,55,Layoff,County: Montgomery
Pennsylvania,Packaging Corporation of America,"7451 Cetronia Road, Allentown, PA  18106 7620 Cetronia Road, Allentown, PA  18106",12/1/2025,12/1/2025,60 total,Closure,County: Lehigh
Pennsylvania,"Owens and Minor Halyard, Inc.","500 Independence Avenue, Mechanicsburg, PA  17055",11/28/25,11/28/25,75,Layoff,County: Cumberland
Pennsylvania,DHL Supply Chain,"3893 Courtney Street, Bethlehem, PA  18017",2/28/26,2/28/26,66,Closing,County: Northampton
Pennsylvania,"National Fulfillment Services, LLC","105 Commerce Drive, Aston, PA  19014",11/15/2025,11/15/2025,45,Closing,County: Delaware
Pennsylvania,"Air Products and Chemicals, Inc.","7331 William Avenue, Suite 300, Allentown, PA  18106",11/17/2025,11/17/2025,14,Layoff,County: Lehigh
Pennsylvania,CJB Logistics,"6901 Elmwood Avenue, Philadelphia, PA  19102",11/16/2025,11/16/2025,101,Closure,County: Philadelphia
Pennsylvania,Trujacodi Delivery Express,"2900 Grant Avenue, Philadelphia, PA  19114",9/12/2025,9/12/2025,42,Closure,County: Philadelphia
Pennsylvania,HMS Host (located within the Philadelphia International Airport),"Starbucks, 8500 Essington Avenue, Philadelphia, PA  19153 Balducci’s, 8500 Essington Avenue, Philadelphia, PA  19153",10/27/2025,10/27/2025,13,Layoff,County: Philadelphia
Pennsylvania,"PosiGen Developer, LLC","400 Davis Drive, Suite 400, Plymouth Meeting, PA  19462 241 East Elm Street, Conshohocken, PA  19428",8/24/2025,8/24/2025,49,Layoff,County: Montgomery
Pennsylvania,"PrimeCare Medical, Inc.",COUNTIES: York,9/30/2025,9/30/2025,50,Layoff,
Pennsylvania,"Inmar Supply Chain Solutions, LLC","8150 Industrial Boulevard, Breinigsville, PA  18031 COUNTIES: Lehigh",10/10/2025,10/10/2025,101,Closing,
Pennsylvania,"Comprehensive Logistics, Inc.","609 Memory Lane, York, PA  17402 COUNTIES: York",9/25/2025,9/25/2025,365,Layoff,
Pennsylvania,"Weaber, Inc.","25 Keystone Drive, Lebanon, PA  17042 COUNTIES: Lebanon",beginning 8/26/2025; ending 9/9/2025,beginning 8/26/2025; ending 9/9/2025,145,Layoff,
Pennsylvania,"Century Therapeutics, LLC","25 North 38th Street, Philadelphia, PA 19104 COUNTIES: Philadelphia",7/11/2025,7/11/2025,72 (54 PA residents impacted),Layoff,
Pennsylvania,Carson Valley Children’s Aid,"15 &71 West Wissahickon Avenue, Flourtown, PA 19031 (51 employees impacted) 2300 West Allegheny Avenue, Philadelphia, PA 19132 (33 employees impacted) 800 West Olney Avenue, Philadelphia, PA 19120 (10 employees impacted) 1314 DeKalb Street, Norristown, PA 19401 (2 employees impacted) COUNTIES: Montgomery and Philadelphia",EFFECTIVE DATES: beginning 9/1/2025; ending 9/15/2025,EFFECTIVE DATES: beginning 9/1/2025; ending 9/15/2025,96,Closure,
Pennsylvania,"Alloy Surfaces Company, Inc.","121 North Commerce Drive Chester Township, PA  19014",8/30/2025 - 12/31/2025,8/30/2025 - 12/31/2025,52,Closing,County: Delaware
Pennsylvania,ACC Premiere,"948 Plaza Drive, Suite 1 Montoursville, PA  17754",9/19/2025,9/19/2025,67,Layoff,County: Lycoming
Pennsylvania,"PPG Industries, Inc.","47 Park Avenue Elverson, PA  19520",beginning 8/18/2025; ending 12/31/2026,beginning 8/18/2025; ending 12/31/2026,82,Closing,County: Chester
Pennsylvania,"Tyson Warehousing Services, LLC","110 Keystone Boulevard East Pottsville, PA  17901",8/15/2025,8/15/2025,314,Layoff,County: Schuylkill
Pennsylvania,"Natural Foods, Inc.","4255 East Independence Drive Schnecksville, PA  18078",beginning 8/12/25; ending 10/18/25,beginning 8/12/25; ending 10/18/25,716,Layoff,County: Lehigh
Pennsylvania,Pittsburgh Job Corps Center,"7175 Highland Drive, Pittsburgh, PA  15206",beginning 6/13/25; ending 6/30/25,beginning 6/13/25; ending 6/30/25,180,Closing,County: Allegheny
Pennsylvania,Tmunity Therapeutics,"3020 Market Street, Suite 535, Philadelphia, PA  19104 2929 Arch Street, Suite 1800, Philadelphia, PA  19104",beginning 1/17/25; ending 6/30/25,beginning 1/17/25; ending 6/30/25,14,Closing,County: Philadelphia
Pennsylvania,Del Frisco’s Grille,"225 South Broad Street Philadelphia, PA  19107",beginning 7/31/25; ending 8/3/25,beginning 7/31/25; ending 8/3/25,51,Closing,County: Philadelphia
Pennsylvania,"Internation Timber and Veneer, L.C.","75 McQuiston Drive Jackson Center, PA  16133",8/18/2025,8/18/2025,81,Closing,County: Mercer
Pennsylvania,"Compass Group USA, Inc.","125 Walnut Street Philadelphia, PA  19103",8/9/2025,8/9/2025,110,Closing,County: Philadelphia
Pennsylvania,"IG Design Group Americas, Inc.","Locations: 2015 West Front Street, Berwick, PA 18603 9th Street and Bomboy Lane, Berwick, PA 18603 3rd and Oak Street, Berwick, PA 18603",8/26/2025,8/26/2025,380,Closure,County: Columbia
Pennsylvania,"Weaber, Inc.","11117 Skyline Drive Titusville, PA  16354",8/25/2025 - 9/8/2025,8/25/2025 - 9/8/2025,46,Closing,County: Crawford
Pennsylvania,SpiriTrust Lutheran,"2700 Luther Drive Chambersburg, PA  17202",7/18/25,7/18/25,Unknown,Closing,County: Franklin
Pennsylvania,"Cleveland Cliffs Plate, LLC","900 Conshohocken Road Conshohocken, PA  19428",6/30/25,6/30/25,107,Layoff,County: Montgomery
Pennsylvania,"TransAxle, LLC","22073 Perry Highway Zelienople, PA  16063",Beginning: 7/15/25; Ending: 7/29/25,Beginning: 7/15/25; Ending: 7/29/25,9 Pennsylvania workers (209 total),Layoff,County: Butler
Pennsylvania,Rite-Aid,"200 Newberry Commons, Etters, PA  17319 1200 Intrepid Avenue, Suite 2, Philadelphia, PA  19112",5/5/2025 @ Etters location; 6/4/2025 @ Philadelphia location,5/5/2025 @ Etters location; 6/4/2025 @ Philadelphia location,501 @ Etters location; 595 @ Philadelphia location,Layoff,County: York and Philadelphia
Pennsylvania,"Cleveland-Cliffs, Inc.","215 South Front Street Steelton, PA  17113",6/30/2025,6/30/2025,559,Layoff,County: Dauphin
Pennsylvania,Suburban Community Hospital,"2701 Dekalb Pike East Norristown, PA  19401",7/5/2025,7/5/2025,109,Layoff,County: Montgomery
Pennsylvania,"Leviathan Energy, L.P.","501 Technology Drive, Suite 1200, Canonsburg, PA  15317 2660 Monroeville Boulevard, Monroeville, PA  15146",7/1/2025 - 7/15/2025,7/1/2025 - 7/15/2025,105,Closing,County: Washington and Allegheny
Pennsylvania,"Law Practice of Lavin, Cedrone, Graver, Boyd & Disipio","190 North Independence Mall West, Suite 500 Philadelphia, PA  19106",6/30/2025,6/30/2025,49,Closing,County: Philadelphia
Pennsylvania,First Student Lewisberry,"531 Fishing Creek Road Lewisberry, PA  17339",6/30/2025,6/30/2025,81,Layoff,County: York
Pennsylvania,"Ryder Integrated Logistics, Inc.","30 Ludwig Court Shoemakersville, PA  19555",8/1/2025 - 12/31/2025,8/1/2025 - 12/31/2025,76,Closing,County: Berks
Pennsylvania,"Bakery Barn, LLC","111 Terence Drive Pittsburgh, PA  15236",8/1/2025,8/1/2025,82,Closing,County: Allegheny
Pennsylvania,"Krise Transportation, Inc.",,6/30/2025,6/30/2025,70,Layoff,County: Mifflin
Pennsylvania,"Med-Metrix, LLC","1 Medical Center Boulevard Upland, PA  19013",6/20/2025,6/20/2025,142,Closing,County: Delaware
Pennsylvania,Crozer Health,Eight various locations,beginning 4/25/25; ending 5/2/25,beginning 4/25/25; ending 5/2/25,"2,651",Closing,County: Delaware and Chester
Pennsylvania,"Corelle Brands, LLC","12000 Molly Pritcher Highway Greencastle, PA  17225",first wave - 6/9/2025 impacting 192 workers,first wave - 6/9/2025 impacting 192 workers,323,Closing,County: Franklin
Pennsylvania,Wawa,"6506 Frankford Avenue, Philadelphia, PA  19149 6919 Castor Avenue, Philadelphia, PA  19149",4/22/2025 for Frankford Avenue location,4/22/2025 for Frankford Avenue location,unknown,Closing,County: Philadelphia
Pennsylvania,"Spark Therapeutics, Inc.","2929 Arch Street, Philadelphia, PA  19104 3025 Market Street, Philadelphia, PA  19104 3737 Market Street, Philadelphia, PA  19104",first wave - 5/9/2025 impacting 124 workers,first wave - 5/9/2025 impacting 124 workers,298,Layoff,County: Philadelphia
Pennsylvania,Chartwells,"1000 Indian Rock Dam Road York, PA  17403",6/6/2025,6/6/2025,6,Layoff,County: York
Pennsylvania,"Instant Web, LLC","100 Industrial Drive Hamburg, PA  19526",6/27/2025 - 12/31/2025,6/27/2025 - 12/31/2025,298,Closure,County: Berks
Pennsylvania,Statewide Automotive,"1844 West Sedgley Avenue Philadelphia, PA  19132",beginning:  3/24/2025; ending:  4/12/2025,beginning:  3/24/2025; ending:  4/12/2025,5,Closing,County: Philadelphia
Pennsylvania,Hart to Heart Transportation,"2502 Wheatsheaf Lane Philadelphia, PA  19137",beginning:  3/24/2025; ending:  4/12/2025,beginning:  3/24/2025; ending:  4/12/2025,124,Closing,County: Philadelphia
Pennsylvania,"Torrid, LLC","1001 Market Street Space 2030 Philadelphia, PA  19107",5/19/2025,5/19/2025,8,Layoff,County: Philadelphia
Pennsylvania,"Universal Protection Service, LLC","161 Washington Street Suite 600 Conshohocken, PA  19428","May 19, 23, 30","May 19, 23, 30",72,Layoff,County: Montgomery
Pennsylvania,"BH Security, LLC (d/b/a Brinks Home)",Various locations throughout the Commonwealth,6/30/25,6/30/25,42,Layoff,County: Various counties
Pennsylvania,"SPS Technologies, LLC","301 Highland Avenue Jenkintown, PA  19046",5/18/25,5/18/25,251,Layoff,County: Montgomery
Pennsylvania,"Merck & Co., Inc.","100 Avenue C Riverside, PA  17868",first round – 5/16 through 5/30; second round – 6/23 through 7/7; final round – sometime in 2026,first round – 5/16 through 5/30; second round – 6/23 through 7/7; final round – sometime in 2026,163,Closing,County: Montour
Pennsylvania,"Wilson Creek Energy, LLC",,3/28/25,3/28/25,332,Closing,"County: Somerset County, PA; Garrett County, MD"
Pennsylvania,"Philips Respironics, Inc.","174 Tech Center Drive Mount Pleasant, PA  15666",5/23/2025,5/23/2025,14,Layoff,County: Westmoreland
Pennsylvania,"Forever 21 OpCo, LLC","1706 Franklin Mills Circle, Philadelphia, PA  19102 907-937A Market Street, Philadelphia, PA  19102",4/23/25; ending:  5/7/25,4/23/25; ending:  5/7/25,36,Closing,County: Philadelphia
Pennsylvania,Arway Uniform and Linen Rentals,"1696 Foulkrod Street Philadelphia, PA  19102",2/2/25,2/2/25,85,Closing,County: Philadelphia
Pennsylvania,"GXO Logistics Supply Chain, Inc.","200 Capital Lane Middletown, PA  17507",4/15/25,4/15/25,91,Closing,County: Dauphin
Pennsylvania,International Paper,"533 Forest Road Hazelton, PA  18202",4/14/25,4/14/25,107,Closing,County: Luzerne
Pennsylvania,S&S Activewear,"600 Industrial Drive Lewisberry, PA  17339",4/9/25-10/15/25,4/9/25-10/15/25,218,Closing,County: York
Pennsylvania,"Cargill Cocoa & Chocolate, Inc.","400 Stony Creek Road Hazle Township, PA  18202",5/26/25-5/30/25,5/26/25-5/30/25,102,Closing,County: Luzerne
Pennsylvania,"Church World Service (CWS), Inc.","308 East King Street Lancaster, PA  17602",1/31/25-3/31/25,1/31/25-3/31/25,65,Layoff,County: Lancaster
Pennsylvania,Mulherin’s Pizzeria,"1175 Ludlow Street Philadelphia, PA  19102",4/16/25,4/16/25,39,Closing,County: Philadelphia
Pennsylvania,"Household Metals, Inc.","645 East Erie Avenue Philadelphia, PA  19134",4/28/25,4/28/25,71,Closing,County: Philadelphia
Pennsylvania,"pladis North America, Inc.","11 Main Street Mohnton, PA  19540",5/29/25,5/29/25,55,Closing,County: Berks
Pennsylvania,Custom Glass Solutions,"2175 Kumry Road Trumbauersville, PA  18970",4/30/25,4/30/25,105,Closing,County: Bucks
Pennsylvania,Alpha & Omega Logistics Corporation,"516 North Bethlehem Pike Ambler, PA  19002",1/10/25,1/10/25,110,Closing,County: Montgomery
Pennsylvania,"GXO Warehouse Company, Inc.","336 Heinz Street Mechanicsburg, PA  17055",3/12/25,3/12/25,85,Closing,County: Cumberland
Pennsylvania,"National Distribution Centers, LLC","3419 Ritner Highway Newville, PA  17241",3/8/25,3/8/25,385,Layoff,County: Cumberland
Pennsylvania,Thomas Jefferson University Hospital,"1101 Market Street 23rd Floor Philadelphia, PA  19107",3/10/25,3/10/25,171,Layoff,County: Philadelphia
Pennsylvania,Macy’s Inc.,"1300 Market Street Philadelphia, PA  19107",beginning: 3/18/25; ending: 3/31/25,beginning: 3/18/25; ending: 3/31/25,128,Closing,County: Philadelphia
Pennsylvania,Amazon,"17 William Drive Imperial, PA  15126",3/12/25,3/12/25,432,Layoff,County: Allegheny
Pennsylvania,"Eos Energy Storage, LLC","700 Braddock Avenue, Building 700, East Pittsburgh, PA  15112",10/26/26,10/26/26,251,Layoff,County: Allegheny
Pennsylvania,SMBC MANUBANK,Various remote locations throughout the United States,10/9/26,10/9/26,7 – PA Remote Employees,Closure,County: Various
Pennsylvania,"Grede, LLC","18771 Mill Street, Meadville, PA  16335",10/10/26,10/10/26,170,Closure,County: Crawford
Pennsylvania,"Essendant Management Services, LLC","125 Green Tree Road, Phoenixville, PA 19460",10/3/26,10/3/26,150,Closure,County: Chester
Pennsylvania,"Xanitos, Inc.","160 East Erie Avenue, Philadelphia, PA 19134",10/1/26,10/1/26,80,Layoff,County: Philadelphia
Pennsylvania,"Technica, LLC","2001 Mission Drive, New Cumberland, PA  17070",9/30/26,9/30/26,100,Layoff,County: Cumberland
Pennsylvania,"United Natural Foods, Inc. (NFI)","2722 Commerce Way, Philadelphia, PA  19154",10/16/26,10/16/26,48,Closure,County: Philadelphia
Pennsylvania,"CJ Logistics America, LLC","400 Nestle Way, Breinigsville, PA  18031",10/16/26 - 11/20/26,10/16/26 - 11/20/26,57,Closure,County: Lehigh
Pennsylvania,"Transform Warehouse Operations, LLC","1 Kresge Road, Fairless Hills, PA 19030",9/16/26,9/16/26,147,Closing,County: Bucks
Pennsylvania,"Pottstown Hospital, LLC.","1600 East High Street, Pottstown, PA  19464",9/28/26,9/28/26,160,Layoff,County: Montgomery
Pennsylvania,"Vestis Services, LLC","1035 Alpharetta Street, Suite 2100, Roswell, GA  30075 (HEADQUARTERS)",6/15/26,6/15/26,5 (within PA),Layoff,County: Various
Pennsylvania,JBS Souderton,"249 Allentown Road, Souderton, PA  18964 741 Souder Road, Souderton, PA 18964",8/14/26,8/14/26,"1,485",Closure,County: Montgomery
Pennsylvania,"WILX Logistics, LLC","1156 Four Star Drive, Mount Joy, PA  17552",8/9/26,8/9/26,70,Closure,County: Lancaster
Pennsylvania,"American Expediting Logistics, LLC","1400 North Providence Road, Suite 410, Media, PA  19063",beginning 6/4/2026; ending 6/30/26,beginning 6/4/2026; ending 6/30/26,86,Closure,County: Delaware
Pennsylvania,Chandler Hall Health Services,"99 Barclay Street, Newtown, PA 18940",8/1/2026,8/1/2026,220,Closure,County: Bucks
Pennsylvania,"Central Admixture Pharmacy Services, Inc.","6580 Snowdrift Road, Allentown, PA  18106 6845 Snowdrift Road, Allentown, PA  18106",9/30/26 - 12/31/26,9/30/26 - 12/31/26,173,Closure,County: Lehigh
Pennsylvania,"Conduent Commercial Solutions, LLC.","100 Campus Drive, Florham Park, NJ  07932 (Corporate Office)",8/28/2026,8/28/2026,9,Permanent Layoff,County: Various (All workers telework from home)
Pennsylvania,Calfrac Well Services Corp.,"2001 Summit View Drive, Smithfield, PA  15478",beginning 7/20/2026; ending 9/30/2027,beginning 7/20/2026; ending 9/30/2027,75,Closure,County: Fayette
Pennsylvania,"GEODIS Logistics, LLC","80 South Middlesex Road, Carlisle, PA  17013",8/31/2026,8/31/2026,185,Closure,County: Cumberland
Pennsylvania,"Bush Industries, Inc.","2455 Robison Road West, Erie, PA  16509",4/30/2026,4/30/2026,51,Closure,County: Erie
Pennsylvania,Dometic,"640 North Lewis Road, Limerick, PA  19468",beginning 9/21/2026; ending 3/31/2027,beginning 9/21/2026; ending 3/31/2027,89,Closure,County: Montgomery
Pennsylvania,"Quality Packaging Specialists International, LLC","355 Independence Avenue, Mechanicsburg, PA  17055",7/6/26,7/6/26,83,Closure,County: Cumberland
Pennsylvania,"Knouse Foods Cooperative, Inc.","421 Grant Street, Chambersburg, PA 17201","beginning 7/6/26, ending 12/31/26","beginning 7/6/26, ending 12/31/26",148,Closure,County: Franklin
Pennsylvania,Juvenile Justice Center of Philadelphia,"100 West Coulter Street, Philadelphia, PA 19144","beginning 4/30/26, ending 6/30/26","beginning 4/30/26, ending 6/30/26",17,Layoff,County: Philadelphia
Pennsylvania,Durham School Services,"4101 North Delaware Avenue, Philadelphia, PA  19137",6/29/26,6/29/26,299,Layoff,County: Philadelphia
Pennsylvania,"Advantest, Inc.","1660 East Race Street, Allentown, PA 18109",6/30/26,6/30/26,55,Layoff,County: Lehigh
Pennsylvania,"Church & Dwight Company, Inc.","5197 Commerce Drive, York, PA  17408",6/30/26,6/30/26,195,Layoff,County: York
Pennsylvania,LNS Chipblaster,"13605 South Mosiertown Road, Meadville, PA  16335",9/30/26,9/30/26,67,Closing,County: Crawford
Pennsylvania,"Bowhead Logistics Management, LLC","1350 Superior Avenue, Building 57, Chambersburg, PA  17201",5/10/26,5/10/26,307,Layoff,County: Franklin
Pennsylvania,Lineage Logistics,"110 Keystone Boulevard, East Pottsville, PA 17901",5/27/26,5/27/26,208,Layoff,County: Schuylkill
Pennsylvania,"Saks & Company, LLC","25 Keystone Boulevard, Pottsville, PA 17901","beginning 5/3/26, ending 5/31/26","beginning 5/3/26, ending 5/31/26",435,Closing,County: Schuylkill
Pennsylvania,Federal Express Corporation,"1000 Sathers Drive, Pittston, PA  18640",5/2/26,5/2/26,63,Closing,County: Luzerne
Pennsylvania,Pittsburgh Post-Gazette,"300 Corliss Street, Pittsburgh, PA  15220",5/4/26,5/4/26,171,Closing,County: Allegheny
Pennsylvania,Liberty Home Choices,"112 North 8th Street, Suite 600, Philadelphia, PA  19107",5/24/26,5/24/26,615,Closing,County: Philadelphia
Pennsylvania,"PharmaCann, Inc.","111 Life Science Drive, Olyphant, PA 18447",5/20/26,5/20/26,60,Closing,County: Lackawanna
Pennsylvania,Bradford Regional Medical Center,"116 Interstate Parkway, Bradford, PA  16701",beginning 5/2/26; ending 5/17/26,beginning 5/2/26; ending 5/17/26,238,Closing,County: McKean
Pennsylvania,"Post Consumer Brands, LLC","6650 Low Street, Bloomsburg, PA  17815",5/1/2026,5/1/2026,11,Layoff,County: Columbia
Pennsylvania,"Green Leaf Medicals, LLC","1100 Horton Drive Saxton, PA  16678",4/18/2026,4/18/2026,52,Closure,County: Bedford
Pennsylvania,"Everett Foodliner, Inc. and Saxton Market, Inc.","Everett Foodliner, Inc.  - 64 Employees 250 W. Main Street Everett, PA  15537",,,,,County: Bedford
Pennsylvania,Saks Fifth Avenue,"250 Highland Park Boulevard, Wilkes Barre, PA  18702",beginning 4/11/2026; ending 4/30/2026,beginning 4/11/2026; ending 4/30/2026,155,Closure,County: Luzerne
Pennsylvania,Saks Fifth Avenue,"2 Bala Plaza, Bala Cynwyd, PA  19004",4/11/2026,4/11/2026,50,Closure,County: Montgomery
Pennsylvania,White Deer Run Allenwood,"360 White Deer Run Road, Allenwood, PA  17810",4/5/2026,4/5/2026,31,Layoff,County: Union
Pennsylvania,BPM Limited,"1300 Morris Drive, Chesterbrook, PA  19087",beginning 3/29/26; ending 9/30/26,beginning 3/29/26; ending 9/30/26,248,Layoff,County: Chester
Pennsylvania,Amazon Fresh,,4/28/26,4/28/26,983,Layoff,"County: Bucks, Delaware, Montgomery and Philadelphia"
Pennsylvania,BPM Limited,"1300 Morris Drive, Chesterbrook, PA 19087","Beginning 3/29/26, ending 9/30/26","Beginning 3/29/26, ending 9/30/26",148,Layoff,County: Chester
Pennsylvania,"ALPEK Polyester USA, LLC","4030 Pottsville Pike, Reading, PA 19605",3/15/26,3/15/26,100,Closing,County: Berks
Pennsylvania,French Creek Recovery Center,"535 Williamson Road, Meadville, PA  16335",3/15/26,3/15/26,59,Closing,County: Crawford
Pennsylvania,"PrimeFlight Aviation Services, Inc.","8500 Essington Avenue, Philadelphia, PA  19153 (Philadelphia International Airport)",3/9/26,3/9/26,68,Layoff,County: Philadelphia
Pennsylvania,"The GIANT Company, LLC.","216 East Fairmont Street Coopersburg, PA 18036",4/3/26,4/3/26,105,Closing,County: Montgomery
Pennsylvania,"AVI Foodsystems, Inc.","2400 Spruce Street & 1 Convention Avenue Philadelphia, PA 19104",2/1/26,2/1/26,297,Closing,County: Philadelphia
Pennsylvania,Miller’s Ale House,"9495 East Roosevelt Boulevard Philadelphia, PA 19114",3/30/26,3/30/26,49,Closing,County: Philadelphia
South Dakota,JeniusBank (digital unit of SMBC Manubank),Nationwide,08/10/2026,,2 (South Dakota),,https://dlr.sd.gov/workforce_services/businesses/warn_notices/manubank-jeniusbank-nationwide-2.pdf
South Dakota,Conduent,n/a,06/29/2026,,1,,https://dlr.sd.gov/workforce_services/businesses/warn_notices/conduent.pdf
South Dakota,Republic National Distributing Company,"Rapid City, Sioux Falls",05/19/2026,,53,,https://dlr.sd.gov/workforce_services/businesses/warn_notices/republic-national-dist-co-rc-sf.pdf
South Dakota,Christ The King School,Sioux Falls,02/24/2026,,31,,https://dlr.sd.gov/workforce_services/businesses/warn_notices/christ-the-king-school-sioux-falls.pdf
South Dakota,JeniusBank (digital unit of SMBC Manubank),Nationwide,01/08/2025,,173 (nationwide),,https://dlr.sd.gov/workforce_services/businesses/warn_notices/manubank-jeniusbank-nationwide.pdf
South Dakota,"Select Medical Corporation, dba Select Specialty Hospital - South Dakota",Sioux Falls,10/09/2025,,90,,https://dlr.sd.gov/workforce_services/businesses/warn_notices/select-specialty-hospital-sioux-falls.pdf
South Dakota,KBR [Earth Resources Observation & Science (EROS) Data Center],Sioux Falls,10/01/2025,,,,https://dlr.sd.gov/workforce_services/businesses/warn_notices/kbr-eros-sioux-falls.pdf
South Dakota,Cimpl's LLC,Yankton,05/30/2025,,36,,https://dlr.sd.gov/workforce_services/businesses/warn_notices/cimpls-yankton-2.pdf
South Dakota,"Accelerate360 Distribution, LLC – Dakota Merchandising Remote Work",Sioux Falls,04/25/2025,,324 (11  reside in South Dakota),,https://dlr.sd.gov/workforce_services/businesses/warn_notices/accelerate360-distribution-sioux-falls.pdf
South Dakota,Cimpl's LLC,Yankton,03/17/2025,,277,,https://dlr.sd.gov/workforce_services/businesses/warn_notices/cimpls-yankton.pdf
Tennessee,Identity Group,Putnam,8/24/2026,10-20-2026,63,#202600008,https://www.tn.gov/content/dam/tn/workforce/documents/warn/Identity-Group.pdf
Tennessee,Wise Company LLC,Hardin,8/14/2026,Company did not disclose,129,#202600007,https://www.tn.gov/content/dam/tn/workforce/documents/warn/Wise-Company-LLC.pdf
Tennessee,Resource Label,Williamson,8/6/2026,10-3-2026,68,#202600006,https://www.tn.gov/content/dam/tn/workforce/documents/warn/Resource-Label.pdf
Tennessee,TikTok USDS JV,Davidson,8/5/2026,10-5-2026,250,#202600005,https://www.tn.gov/content/dam/tn/workforce/documents/warn/TikTok-USDS-JV.pdf
Tennessee,Wellpath,Shelby,8/4/2026,9-30-2026,119,#202600004,https://www.tn.gov/content/dam/tn/workforce/documents/warn/Wellpath.pdf
Tennessee,Carlex,Monroe,7/13/2026,9-7-2026,325,#202600003,https://www.tn.gov/content/dam/tn/workforce/documents/warn/Carlex.pdf
Tennessee,Regional One Extended Care Hospital,Shelby,7/7/2026,9-1-2026,103,#202600001,https://www.tn.gov/content/dam/tn/workforce/documents/warn/Regional-One-Health.pdf
Tennessee,Stanley Black & Decker,Sumner,6/24/2026,8-28-2026/ 10-30-2026/ 12/31-2026,116,#202500067,https://www.tn.gov/content/dam/tn/workforce/documents/warn/Stanley-Black-Decker.pdf
Tennessee,Hard Rock Cafe,Sevier,6/22/2026,8-23-2026,61,#202500065,https://www.tn.gov/content/dam/tn/workforce/documents/warn/Hard-Rock-Cafe.pdf
Tennessee,YesCare Corp.,Williamson,6/17/2026,"6-22-2026 to 7-6-2026, 7-15-2026 / 8-31-2026",150,#202500064,https://www.tn.gov/content/dam/tn/workforce/documents/warn/YesCare-Corp.pdf
Tennessee,Smurfit Westrock,Wilson,6/17/2026,8-14-2026,52,#202500063,https://www.tn.gov/content/dam/tn/workforce/documents/warn/Smurfit-Westrock.pdf
Tennessee,JBS USA Food Company,Shelby,6/17/2026,8-14-2026,208,#202500061,https://www.tn.gov/content/dam/tn/workforce/documents/warn/JBS-USA-Food.pdf
Tennessee,Pilgrim's Pride Corporation,Hamilton,6/16/2026,9-25-2026,315,#202500060,https://www.tn.gov/content/dam/tn/workforce/documents/warn/PilgrimsPrideCorporationTDLWDWARNLETTER.pdf
Tennessee,"CACI, Inc.",Shelby,6/15/2026,8-1-2026,75,#202500059,https://www.tn.gov/content/dam/tn/workforce/documents/warn/CACI.pdf
Tennessee,WK Kellogg Co,Shelby,6/8/2026,8-7-2026 to 8-21-2026 / 9-18-2026 to 10-2-2026,117,#202500058,https://www.tn.gov/content/dam/tn/workforce/documents/warn/WK-Kellogg-Co.pdf
Tennessee,"Shimmick Construction Company, Inc.",Hamilton,5/26/2026,5-12-2026 to 6-5-2026,183,#202500057,https://www.tn.gov/content/dam/tn/workforce/documents/warn/Shimmick-Construction.pdf
Tennessee,Dura-Shiloh,Dickson,5/26/2026,7-18-2026,69,#202500056,https://www.tn.gov/content/dam/tn/workforce/documents/warn/Dura-Shiloh.pdf
Tennessee,Tsubaki Nakashima,Unicoi,5/14/2026,7-31-2026 through 12-18-2026,110,#202500055,https://www.tn.gov/content/dam/tn/workforce/documents/warn/Tsubaki-Nakashima.pdf
Tennessee,"Greenbean Ventures, LLC",Washington,5/14/2026,7-13-2026,121,#202500054,https://www.tn.gov/content/dam/tn/workforce/documents/warn/Greenbean-Ventures.pdf
Tennessee,"The Brand House Collective, Inc.",Williamson,5/5/2026,7-4-2026 / 9-30-2026,88,#202500053,https://www.tn.gov/content/dam/tn/workforce/documents/warn/Brand-House-Collective.pdf
Tennessee,Fayette County Public Schools,Fayette,5/4/2026,6-30-2026,75,#202500052,https://www.tn.gov/content/dam/tn/workforce/documents/warn/Fayette-County-Public-Schools.pdf
Tennessee,Yanfeng International Automotive Technology US I LLC,Hamilton,4/29/2026,6-29-2026,153,#202500051,https://www.tn.gov/content/dam/tn/workforce/documents/warn/Yanfeng-International-Automotive-Technology.pdf
Tennessee,Adient,McMinn,4/21/2026,6-30-2026,210,#202500050,https://www.tn.gov/content/dam/tn/workforce/documents/warn/Adient.pdf
Tennessee,"T-Mobile USA, Inc.",Hamilton,4/16/2026,6-8-2026,200,#202500049,https://www.tn.gov/content/dam/tn/workforce/documents/warn/T-Mobile-USA-Inc.pdf
Tennessee,Pave It Forward Logistics,Rutherford,4/15/2026,3-31-2026,100,#202500048,https://www.tn.gov/content/dam/tn/workforce/documents/warn/Pave-It-Forward-Logistics.pdf
Tennessee,Legacy Supply Chain,McNairy,4/10/2026,6-6-2026,4,#202500047,https://www.tn.gov/content/dam/tn/workforce/documents/warn/Legacy-Supply-Chain.pdf
Tennessee,Durham School Services,Warren,4/10/2026,6-6-2026,79,#202500046,https://www.tn.gov/content/dam/tn/workforce/documents/warn/Durham-School-Services.pdf
Tennessee,Titan International,Madison,3/24/2026,5-18-2026,153,#202500043,https://www.tn.gov/content/dam/tn/workforce/documents/warn/Titan-International.pdf
Tennessee,Blount Memorial Hospital,Blount,3/24/2026,5-1-2026,85,#202500042,https://www.tn.gov/content/dam/tn/workforce/documents/warn/Blount-Memorial-Hospital.pdf
Tennessee,BlueOval SK,Haywood,3/23/2026,5-6-2026,150,#202500041,https://www.tn.gov/content/dam/tn/workforce/documents/warn/BlueOval-SK.pdf
Tennessee,All Heart Pediatric Cardiology,Hamilton,3/5/2026,3-6-2026,1,#202500040,https://www.tn.gov/content/dam/tn/workforce/documents/warn/All-Heart-Pediatric-Cardiology.pdf
Tennessee,IKEA Memphis,Shelby,3/5/2026,5-9-2026 / 8-8-2026 to 8-31-2026,114,#202500039,https://www.tn.gov/content/dam/tn/workforce/documents/warn/IKEA-Memphis.pdf
Tennessee,"First Brands Group, LLC",Lincoln,3/4/2026,4-30-2026,333,#202500038,https://www.tn.gov/content/dam/tn/workforce/documents/warn/First-Brands-Group.pdf
Tennessee,"PMC Biogenix, Inc.",Shelby,3/3/2026,4-26-2026,172,#202500037,https://www.tn.gov/content/dam/tn/workforce/documents/warn/PMC-Biogenix.pdf
Tennessee,"McKay Books, Inc.",Knox,3/2/2026,5-3-2026,54,#202500036,https://www.tn.gov/content/dam/tn/workforce/documents/warn/McKay-Books.pdf
Tennessee,Pace Industries,Madison,2/26/2026,4-26-2026,59,#202500035,https://www.tn.gov/content/dam/tn/workforce/documents/warn/Pace-Industries.pdf
Tennessee,GXO,Shelby,2/19/2026,4/3/2026 - 5/31/2026,185,#202500034,https://www.tn.gov/content/dam/tn/workforce/documents/warn/GXO.pdf
Tennessee,Liberty Dental Plan,Bradley,2/19/2026,4/6/2026,1,#202500033,https://www.tn.gov/content/dam/tn/workforce/documents/warn/Liberty-Dental-Plan.pdf
Tennessee,Premiere Building Maintenance Corporation,Knox,2/3/2026,3/31/2026,154,#202500032,https://www.tn.gov/content/dam/tn/workforce/documents/warn/Premiere-Building-Maintenance.pdf
Tennessee,DLH Solutions,Rutherford,1/30/2026,3/31/2026,209,#202500031,https://www.tn.gov/content/dam/tn/workforce/documents/warn/DLH-Solutions.pdf
Tennessee,Danfoss Power Solutions,Bradley,1/30/2026,4-1-2026 through October 2026,100,#202500030,https://www.tn.gov/content/dam/tn/workforce/documents/warn/Danfoss-Power-Solutions.pdf
Tennessee,"NIKE Retail Services, Inc.",Shelby,1/27/2026,4-3-2026,583,#202500029,https://www.tn.gov/content/dam/tn/workforce/documents/warn/NIKE-Retail-Services.pdf
Tennessee,"Music City Delivery, LLC",Williamson,1/26/2026,4-2-2026,98,#202500028,https://www.tn.gov/content/dam/tn/workforce/documents/warn/Music-City-Delivery.pdf
Tennessee,"Smoky Mountain Logistics, LLC",Wilson,1/26/2026,3-24-2026,100,#202500026,https://www.tn.gov/content/dam/tn/workforce/documents/warn/Smoky-Mountain-Logistics-LLC.pdf
Tennessee,Linamar Shelbyville,Bedford,1/13/2026,3-20-2026 / 7-24-2026 to 7-31-2026,80,#202500027,https://www.tn.gov/content/dam/tn/workforce/documents/warn/Linamar-Shelbyville.pdf
Tennessee,"US Endodontics, LLC",Washington,12/30/2025,2/27/2026,70,#202500025,https://www.tn.gov/content/dam/tn/workforce/archive/documents/warn/US-Endodontics%20LLC-WARN-Letter.pdf
Tennessee,Archer Daniels Midland Company,Shelby,12/19/2025,1/30/2026,95,#202500024,https://www.tn.gov/content/dam/tn/workforce/archive/documents/warn/Archer-Daniels-Midland-TDLWD-WARN-Letter.pdf
Tennessee,JTEKT North America Corporation,Washington,12/4/2025,8/31/2026,136,#202500023,https://www.tn.gov/content/dam/tn/workforce/archive/documents/warn/JTEKT-North-America-WARN-Letter.pdf
Tennessee,Kroger Fulfillment Network LLC,Davidson,12/3/2025,2/1/2026,132,#202500022,https://www.tn.gov/content/dam/tn/workforce/archive/documents/warn/Kroger-Fulfillment-Network-WARN-Letter.pdf
Tennessee,ABC Technologies,Sumner,11/17/2025,11/24/2025,85,#202500021,https://www.tn.gov/content/dam/tn/workforce/archive/documents/warn/ABC-Technologies-WARN-Letter.pdf
Tennessee,Edgewell Personal Care,Knox,11/14/2025,6/1/2026,132,#202500020,https://www.tn.gov/content/dam/tn/workforce/archive/documents/warn/Edgewell-Personal-Care-WARN-Letter.pdf
Tennessee,Renova Health LLC,Sullivan,11/7/2025,10/24/2025,80,#202500019,https://www.tn.gov/content/dam/tn/workforce/archive/documents/majorpublications/reports-02/Renova-Health-TDLWD-WARN-Letter.pdf
Tennessee,"Creative Dining Services, Inc.",Chester,11/7/2025,12/13/2025,100,#202500018,https://www.tn.gov/content/dam/tn/workforce/archive/documents/majorpublications/reports-02/Creative-Dining-Services-TDLWD-WARN-Letter.pdf
Tennessee,GM - Ultium Cells Facility,Maury,10/30/2025,1/5/2026,710,#202500017,https://www.tn.gov/content/dam/tn/workforce/archive/documents/majorpublications/reports-02/GM-Ultium-Cells-Facility-TDLWD-WARN-Letter.pdf
Tennessee,NTT Data,Davidson,10/30/2025,12/31/2025,108,#202500015,https://www.tn.gov/content/dam/tn/workforce/archive/documents/majorpublications/reports-02/NTT-Data-TDLWD-WARN-Letter.pdf
Tennessee,"Dexter Stamping Company, LLC",Rutherford,10/30/2025,10/28/2025,114,#202500016,https://www.tn.gov/content/dam/tn/workforce/archive/documents/majorpublications/reports-02/Dexter-Stamping-TDLWD-WARN-Letter.pdf
Tennessee,HD Supply,Rutherford,10/27/2025,1/9/2026,108,#202500014,https://www.tn.gov/content/dam/tn/workforce/archive/documents/majorpublications/reports-02/HD-Supply-TDLWD-WARN-Letter.pdf
Tennessee,"Georgia-Pacific, LLC",Shelby,10/17/2025,12/16/2025,151,#202500012,https://www.tn.gov/content/dam/tn/workforce/archive/documents/majorpublications/reports-02/Georgia-Pacific-WARN-Letter.pdf
Tennessee,Crescent Park Corporation,Shelby,10/17/2025,12/19/2025,76,#202500011,https://www.tn.gov/content/dam/tn/workforce/archive/documents/majorpublications/reports-02/Crescent-Park-Corporation-TDLWD-WARN-Letter.pdf
Tennessee,Club Wyndham Resort at Fairfield Glade,Cumberland,10/13/2025,12/31/2025,88,#202500010,https://www.tn.gov/content/dam/tn/workforce/archive/documents/majorpublications/reports-02/Club-Wyndham-Resort-TDWLD-WARN-Letter.pdf
Tennessee,OP Mobility,Maury,10/7/2025,11/21/2025,82,#202500009,https://www.tn.gov/content/dam/tn/workforce/archive/documents/majorpublications/reports/OPMobilityTDLWDWARNLETTER.pdf
Tennessee,Wellpath,Davidson,10/6/2025,11/7/2025,91,#202500008,https://www.tn.gov/content/dam/tn/workforce/archive/documents/majorpublications/reports/WellpathTDLWDWARNLETTER.pdf
Tennessee,DoubleTree by Memphis,Shelby,9/30/2025,11/30/2025,88,#202500007,https://www.tn.gov/content/dam/tn/workforce/archive/documents/majorpublications/reports-02/DoubleTree-by-Hilton-Memphis-TDLWD-WARN-Letter.pdf
Tennessee,Tenneco,Williamson,9/5/2025,12/2/2024,82,# 202500006,https://www.tn.gov/content/dam/tn/workforce/archive/documents/majorpublications/reports-02/Tenneco-TDLWD-WARN-Letter.pdf
Tennessee,FedEx Supply Chain,Shelby,8/27/2025,10/11/2025,611,#202500005,https://www.tn.gov/content/dam/tn/workforce/archive/documents/majorpublications/reports-02/FedEx-Supply-Chain-TDLWD-WARN-Letter.pdf
Tennessee,BSH Home Appliances Corporation,Campbell,8/19/2025,12/31/2025,24,#20250004,https://www.tn.gov/content/dam/tn/workforce/archive/documents/majorpublications/reports-02/BSH-TDLWD-WARN-Letter.pdf
Tennessee,"GEODIS Logistics, LLC",Wilson,7/24/2025,9/30/2025,57,#202500003,https://www.tn.gov/content/dam/tn/workforce/archive/documents/majorpublications/reports-02/GEODIS-Logistics-TDLWD-WARN-Letter.pdf
Tennessee,CAM Industrial Solutions,Sullivan,7/15/2025,8/3/2025,413,#202500002,https://www.tn.gov/content/dam/tn/workforce/archive/documents/majorpublications/reports-02/CAM-Industrial-Solutions-TDLWD-WARN-Letter.pdf
Tennessee,"BlueCross BlueShield of Tennessee, Inc.",Hamilton,7/2/2025,9/1/2025,150,#202500001,https://www.tn.gov/content/dam/tn/workforce/archive/documents/majorpublications/reports-02/BlueCross-BlueShield-TDLWD-WARN-Letter.pdf
Tennessee,"DeRoyal Industries, Inc.",Campbell,6/24/2025,12/31/2025,153,#202400078,https://www.tn.gov/content/dam/tn/workforce/archive/documents/majorpublications/reports-02/DeRoyal-Industries-Inc-TDLWD-WARN-Letter.pdf
Tennessee,Vanderbilt University Medical Center,Davidson,6/20/2025,4/8/2025 to 6/27/2025,615,#202400077,https://www.tn.gov/content/dam/tn/workforce/archive/documents/majorpublications/reports-02/Vanderbilt-University-Medical-Center-TDLWD-WARN-Letter.pdf
Tennessee,The Public Building Authority for the City of Manchester TN dba The Manchester Coffee County Conference Center,Coffee,6/11/2025,7/1/2025,27,#202400076,https://www.tn.gov/content/dam/tn/workforce/archive/documents/majorpublications/reports-02/MCCCC-TDLWD-WARN-Letter.pdf
Tennessee,"GEODIS Logistics, LLC",Wilson,6/10/2025,7/31/2025,40,#202400075,https://www.tn.gov/content/dam/tn/workforce/archive/documents/majorpublications/reports-02/GEODIS-Logistics-LLC-TDLWD-WARN-Letter.pdf
Tennessee,"Bridgestone Americas Tire Operations, LLC",Rutherford,5/30/2025,7/31/2025 to 12/31/2025,658,#202400074,https://www.tn.gov/content/dam/tn/workforce/archive/documents/majorpublications/reports-02/Bridgestone-Americas-TDLWD-WARN-Letter.pdf
Tennessee,"GMRI, Inc. dba Bahama Breeze",Shelby,5/29/2025,5/15/2025,97,#202400072,https://www.tn.gov/content/dam/tn/workforce/archive/documents/majorpublications/reports-02/GMRI-dba-Bahama-Breeze-TDLWD-WARN-Letter.pdf
Tennessee,Saddle Creek Corporation,Shelby,5/28/2025,7/31/2025,88,#202400073,https://www.tn.gov/content/dam/tn/workforce/archive/documents/majorpublications/reports-02/Saddle-Creek-Corp-TDLWD-WARN-Letter.pdf
Tennessee,Tenneco Automotive Operating Company Inc.,DeKalb,5/21/2025,6/27/2025 to 9/30/2025,25,#202400071,https://www.tn.gov/content/dam/tn/workforce/archive/documents/majorpublications/reports-02/Tenneco-Automotive-Operating-Company-Inc-TDLWD-WARN-Letter.pdf
Tennessee,Quickway Transportation Inc.,Rutherford,4/24/2025,6/15/2025,45,#202400070,https://www.tn.gov/content/dam/tn/workforce/archive/documents/majorpublications/reports-02/Quickway-Transportation-Inc-TDLWD-WARN-LETTER.pdf
Tennessee,Adient,Henderson,4/23/2025,6/27/2025,320,#202400069,https://www.tn.gov/content/dam/tn/workforce/archive/documents/majorpublications/reports-02/Adient-2-TDLWD-WARN-Letter.pdf
Tennessee,Adient plc,Maury,4/22/2025,6/27/2025,95,#202400068,https://www.tn.gov/content/dam/tn/workforce/archive/documents/majorpublications/reports-02/Adient-TDLWD-WARN-LETTER.pdf
Tennessee,Saks Global Tennessee Fulfillment Center,Rutherford,4/17/2025,6/4/2025,446,#202400067,https://www.tn.gov/content/dam/tn/workforce/archive/documents/majorpublications/reports-02/Saks-Global-Fulfillment-Center-TDLWD-WARN-LETTER.pdf
Tennessee,United States Cellular Corporation,"Blount, Knox, Monroe, and Sevier",4/17/2025,6/2/2025,286,#202400066,https://www.tn.gov/content/dam/tn/workforce/archive/documents/majorpublications/reports-02/United-States-Cellular-TDLWD-WARN-LETTER.pdf
Tennessee,Corsicana Mattress Company,Bedford,4/16/2025,6/13/2025,47,#202400065,https://www.tn.gov/content/dam/tn/workforce/archive/documents/majorpublications/reports-02/Corsicana-Mattress-Company-TDLWD-WARN-LETTER.pdf
Tennessee,Bunzl Distribution USA Inc.,Shelby,4/4/2025,6/30/2025,106,#202400064,https://www.tn.gov/content/dam/tn/workforce/archive/documents/majorpublications/reports-02/Bunzl-Distribution-USA-Inc-TDLWD-WARN-LETTER.pdf
Tennessee,Wellpath Healthcare,Davidson,3/31/2025,4/30/2025,64,#202400063,https://www.tn.gov/content/dam/tn/workforce/archive/documents/majorpublications/reports-02/Wellpath-Healthcare-TDLWD-WARN-LETTER.pdf
Tennessee,SHG Inc,Davidson,3/31/2025,5/5/2025,100,#202400062,https://www.tn.gov/content/dam/tn/workforce/archive/documents/majorpublications/reports-02/SHG-Inc-TDLWD-WARN-LETTER.pdf
Tennessee,SSC Services,Hamilton,3/31/2025,5/31/2025,296,#202400061,https://www.tn.gov/content/dam/tn/workforce/archive/documents/majorpublications/reports-02/SSC-Services-TDLWD-WARN-LETTER.pdf
Tennessee,FedEx,Wilson,3/31/2025,5/9/2025,217,#202400060,https://www.tn.gov/content/dam/tn/workforce/archive/documents/majorpublications/reports-02/FedEx-TDLWD-WARN-LETTER.pdf
Tennessee,"WWL Vehicle Services Americas, Inc.",Rutherford,2/27/2025,4/15/2025,40,#202400059,https://www.tn.gov/content/dam/tn/workforce/archive/documents/majorpublications/reports-02/WWL-Vehicle-Services-Americas-Inc-TDLWD-WARN-LETTER.pdf
Tennessee,"Rambo 1, LLC","Paulding and Polk counties, Georgia",2/7/2025,1/31/2025,135 (7 in Tennessee),#202400058,https://www.tn.gov/content/dam/tn/workforce/archive/documents/majorpublications/reports-02/Rambo-1-LLC-TDLWD-WARN-LETTER.pdf
Tennessee,UPS Athens Facility,McMinn,2/5/2025,1/10/2025,150,#202400057,https://www.tn.gov/content/dam/tn/workforce/documents/contact-02/UPS-Athens-Facility-TDLWD-WARN-LETTER.pdf
Tennessee,Orchid Orthopedic Solutions,Shelby,2/5/2025,6/30/2025,62,#202400056,https://www.tn.gov/content/dam/tn/workforce/documents/contact-02/Orchid-Orthopedic-Solutions-TDLWD-WARN-LETTER.pdf
Tennessee,Federal Express Corporation,Sullivan,2/5/2025,3/31/2025,88,#202400055,https://www.tn.gov/content/dam/tn/workforce/documents/contact-02/Federal-Express-Corporation-TDLWD-WARN-LETTER.pdf
Tennessee,"S&B Engineers and Constructors, Ltd.",Sullivan,2/5/2025,3/28/2025,112,#202400049,https://www.tn.gov/content/dam/tn/workforce/documents/contact-02/S-B-Engineers-and-Constructors-TDLWD-WARN-LETTER.pdf
Tennessee,Modine Manufacturing,Lawrence,2/5/2025,4/1/2025 to 7/31/2025,162,#202400054,https://www.tn.gov/content/dam/tn/workforce/documents/contact-02/Modine-TDLWD-WARN-LETTER.pdf
Tennessee,"Essex Technology Group, LLC dba Bargain Hunt Stores",Davidson,1/23/2025,1/22/2025 to 3/14/2025,294,#202400052,https://www.tn.gov/content/dam/tn/workforce/archive/documents/majorpublications/reports-02/Essex-Technology-Group-LLC-dba-Bargain-Hunt-Stores-TDLWD-WARN-LETTER.pdf
Tennessee,Perdue Farms,Putnam,1/21/2025,3/28/2025,433,#202400051,https://www.tn.gov/content/dam/tn/workforce/archive/documents/majorpublications/reports-02/Perdue-Farms-TDLWD-WARN-Letter.pdf
Texas,Macy's - Houston (Almeda),Houston,01/15/2025,03/18/2025,72.0,,
Texas,RR Donnelley,Nacogdoches,01/14/2025,03/15/2025,88.0,,
Texas,"COSMAX NBT USA, INC #1",Garland,01/14/2025,02/28/2025,80.0,,
Texas,"Scentsy, Inc.",Coppell,01/09/2025,03/01/2025,94.0,,
Texas,Commanche Peak Nuclear Power Plant,Glen Rose,01/08/2025,01/31/2025,86.0,,
Texas,Crothall Healthcare-Houston,Houston,01/08/2025,12/15/2024,69.0,,
Texas,"ICON Technology, Inc.",Austin,01/07/2025,03/08/2025,114.0,,
Texas,Animal Supply Co. LLC,Grand Prairie,02/11/2025,02/21/2025,145.0,,
Texas,Catholic Charities of Dallas (Refuge Resettlement Program),Dallas,02/11/2025,02/11/2025,63.0,,
Texas,Propio Language Services,San Antonio,02/11/2025,02/11/2025,40.0,,
Texas,Catholic Charities Archdiocese Of Galveston-Houston (Louisiana Street),Houston,02/10/2025,02/07/2025,11.0,,
Texas,Catholic Charities Archdiocese Of Galveston-Houston (Smith Street),Houston,02/10/2025,02/07/2025,43.0,,
Texas,Catholic Charities Archdiocese Of Galveston-Houston (Bering Drive),Houston,02/10/2025,02/07/2025,58.0,,
Texas,Catholic Charities Archdiocese Of Galveston-Houston (San Felipe),Houston,02/10/2025,02/07/2025,8.0,,
Texas,Syzygy Plasmonics,Houston,02/05/2025,03/31/2025,58.0,,
Texas,Syzygy Plasmonics (Kirby),Houston,02/05/2025,03/31/2025,10.0,,
Texas,"LX Pantos America, Inc.",Fort Worth,02/05/2025,04/04/2025,131.0,,
Texas,Pathlight Property Management (OPVHHJV LLC),Plano,02/05/2025,03/31/2025,192.0,,
Texas,Hll Mission Technologies(Administrative Office of the US Courts (AOUSC),San Antonio,02/05/2025,03/31/2025,56.0,,
Texas,One TouchPoint,Austin,01/30/2025,01/31/2025,43.0,,
Texas,S & B Engineers and Constructors (Eastman),Longview,01/29/2025,03/28/2025,43.0,,
Texas,Allied Aviation-Southlake,Southlake,01/29/2025,03/31/2025,362.0,,
Texas,Manpower Group (Irving),Irving,01/29/2025,03/28/2025,173.0,,
Texas,"Construction Specialties Platforn Holdings, LLC",Denton,01/27/2025,03/31/2025,89.0,,
Texas,"Chalk Mountain Services of Texas of Texas, LLC (Pleasanton)",Pleasanton,01/21/2025,02/02/2025,1.0,,
Texas,Grocery Delivery E Services USA DBA Hello Fresh (Tarrant),Grand Prairie,03/12/2025,05/13/2025,273.0,,
Texas,Constellis LLC (Laredo Border Station),Laredo,03/12/2025,03/07/2025,121.0,,
Texas,Constellis LLC (Laredo #2),Laredo,03/12/2025,03/07/2025,30.0,,
Texas,Chewy Inc. Fullfillment Center,Dallas,03/12/2025,05/10/2025,674.0,,
Texas,"De La Paz Cleaning and Rental Services, LLC (Laredo)",Laredo,03/12/2025,03/07/2025,142.0,,
Texas,Country Pure Foods,Houston,03/12/2025,05/09/2025,60.0,,
Texas,Interfaith Ministries Of Greater Houston (Refugee Services Program),Houston,03/11/2025,03/14/2025,101.0,,
Texas,"De La Paz Cleaning and Rental Services, LLC (North Eagle Pass)",Eagle Pass,03/11/2025,03/03/2025,60.0,,
Texas,"De La Paz Cleaning and Rental Services, LLC (Donna)",Donna,03/11/2025,03/07/2025,125.0,,
Texas,"Centerra (Constellis, LLC)",McAllen,03/11/2025,03/07/2025,23.0,,
Texas,"Catholic Charities, Diocese of Fort Worth, INC",Fort Worth,03/10/2025,03/14/2025,169.0,,
Texas,Ryder -Hutchins,Hutchins,03/06/2025,05/10/2025,110.0,,
Texas,"Hatco, Inc",Longview,03/06/2025,02/27/2025,68.0,,
Texas,Pure Safety Group Inc. DBA Guardian Fall,Houston,03/05/2025,03/20/2025,59.0,,
Texas,"LUKE Holdings, Inc. (Del Rio)",Del Rio,03/05/2025,02/28/2025,36.0,,
Texas,"LUKE Holdings, Inc. (Donna)",Donna,03/05/2025,02/28/2025,201.0,,
Texas,"LUKE Holdings, Inc (Eagle Pass)",Eagle Pass,03/05/2025,02/28/2025,129.0,,
Texas,JELD -WEN -Coppell,Coppell,03/03/2025,04/28/2025,56.0,,
Texas,"LUKE Holdings, Inc.(Laredo)",Laredo,03/03/2025,02/28/2025,73.0,,
Texas,"LUKE Holdings, Inc. (El Paso)",El Paso,03/03/2025,02/28/2025,227.0,,
Texas,MVM,El Paso,02/26/2025,03/18/2025,247.0,,
Texas,"MVM, Inc. (McAllen)",McAllen,02/26/2025,03/18/2025,132.0,,
Texas,Houston Refining LP (2025),Houston,02/25/2025,04/17/2025,345.0,,
Texas,Christus Health Santa Rosa Medical Center,San Antonio,02/24/2025,04/25/2025,479.0,,
Texas,L3Harris Technologies (JAVA MAN Program),Rockwall,02/24/2025,04/22/2025,179.0,,
Texas,Southwest - Dallas Lovefield Airport,Dallas,02/19/2025,04/22/2025,626.0,,
Texas,Neiman Marcus-One Marcus Square,Dallas,02/19/2025,03/31/2025,1.0,,
Texas,Raices,San Antonio,02/18/2025,02/12/2025,61.0,,
Texas,"Graphic Solutions, Inc. (Spring Valley)",Dallas,04/23/2025,06/13/2025,64.0,,
Texas,"Graphic Solutions, Inc (Welch Rd)",Dallas,04/23/2025,06/13/2025,2.0,,
Texas,Graphic Solutuions Inc. (Farmers Branch),Farmers Branch,04/23/2025,06/13/2025,5.0,,
Texas,MedStar Mobile Healthcare,Fort Worth,04/16/2025,07/01/2025,589.0,,
Texas,Virtex Enterprises LP,Austin,04/16/2025,06/14/2025,84.0,,
Texas,Catholic Charities Archdiocese Of Galveston-Houston (Cabrini CFLA)San Felipe,Houston,04/08/2025,03/31/2025,36.0,,
Texas,Catholic Charities Archdiocese Of Galveston-Houston (Cabrini CFLA)Louisiana Street,Houston,04/08/2025,,6.0,,
Texas,Catholic Charities Archdiocese Of Galveston-Houston (Cabrini CFLA)Collins Road,Richmond,04/08/2025,03/31/2025,2.0,,
Texas,Catholic Charities Archdiocese Of Galveston-Houston (Cabrini CFLA)South Loop West,Houston,04/08/2025,03/31/2025,1.0,,
Texas,US Cellular Corporation,Wichita Falls,04/08/2025,06/02/2025,1.0,,
Texas,"Movate, Inc.",Temple,04/08/2025,05/31/2025,51.0,,
Texas,Raices (April 2025),San Antonio,04/08/2025,04/02/2025,159.0,,
Texas,Southeast Service Corporation Services for Education (Georgetown ISD),Georgetown,04/02/2025,05/31/2025,60.0,,
Texas,Envision Physician Services LLC,San Antonio,04/02/2025,05/31/2025,120.0,,
Texas,Denali,Plano,04/02/2025,06/02/2025,28.0,,
Texas,VF's Dickies Headquarters,Fort Worth,03/26/2025,05/30/2025,125.0,,
Texas,American Bar Association (ProBAR),Harlingen,03/26/2025,05/19/2025,191.0,,
Texas,Waco Family Medicine (Meyer Center),Waco,03/26/2025,03/21/2025,52.0,,
Texas,SouthState Bank,McKinney,03/26/2025,05/31/2025,141.0,,
Texas,Durhan School Services-Wichita Falls,Wichita Falls,03/26/2025,06/30/2025,1.0,,
Texas,Waco Family Medicine (Bell's Hill),Waco,03/26/2025,03/21/2025,52.0,,
Texas,Waco Familly Medicine (MCC),Waco,03/26/2025,03/21/2025,52.0,,
Texas,"BH Security, LLC DBA Brinks Home",Dallas,03/19/2025,06/30/2025,61.0,,
Texas,"Church World Service, Inc.",Houston,03/18/2025,02/03/2025,63.0,,
Texas,"C&S Family of Companies (GSC Wholesale, LLC)",Houston,03/17/2025,03/14/2025,21.0,,
Texas,Texana Center (Building A) Airport Service Center,Rosenberg,05/28/2025,05/21/2025,27.0,,
Texas,Texana Center (Building B) Airport Service Center,Rosenberg,05/28/2025,05/21/2025,25.0,,
Texas,Texana Center El Campo Learning Center,El Campo,05/28/2025,05/21/2025,9.0,,
Texas,Texana Center Glenn Lakes Group Home,Missouri City,05/28/2025,05/21/2025,7.0,,
Texas,Texana Center North Street Group Home,Rosenberg,05/28/2025,05/21/2025,7.0,,
Texas,Texana Center Aqua Vista Group,Rosenberg,05/28/2025,05/21/2025,4.0,,
Texas,Texana Center Russeff Filed  Home,Rosenberg,05/28/2025,05/21/2025,5.0,,
Texas,Texana Center Dovecoft Group Home,Rosenberg,05/28/2025,05/21/2025,6.0,,
Texas,Texana Center Camden Landing Group Home,Rosenberg,05/28/2025,05/21/2025,5.0,,
Texas,Texana Center Sunset Group Home,Wharton,05/28/2025,05/21/2025,8.0,,
Texas,Texana Center Willowbend Group Home,Wharton,05/28/2025,05/21/2025,6.0,,
Texas,Texana Center University Group Home,Wharton,05/28/2025,05/21/2025,5.0,,
Texas,Texana Center Maude Group Home,Wharton,05/28/2025,05/21/2025,4.0,,
Texas,LACROIX,El Paso,05/27/2025,07/01/2025,7.0,,
Texas,Child Care Associates,Ft. Worth,05/21/2025,06/30/2025,93.0,,
Texas,Child Care Associates (Tucker),Arlington,05/21/2025,06/30/2025,7.0,,
Texas,Child Care Associates (Linda Kay),Hurst,05/21/2025,06/30/2025,15.0,,
Texas,Child Care Associates (Mansfield),Mansfield,05/21/2025,06/30/2025,15.0,,
Texas,Child Care Associates (Carson),Fort Worth,05/21/2025,05/21/2025,14.0,,
Texas,Child Care Associates (Meachum),Fort Worth,05/21/2025,06/30/2025,15.0,,
Texas,Child Care Associates (Reagan),Fort Worth,05/21/2025,06/30/2025,14.0,,
Texas,Child Care Associates (Rosedale V),Fort Worth,05/21/2025,06/30/2025,16.0,,
Texas,Child Care Associates (Diamond Road),Fort Worth,05/21/2025,06/30/2025,13.0,,
Texas,Child Care Associates (Morris Foundation),Fort Worth,05/21/2025,06/30/2025,17.0,,
Texas,Child Care Associates(North Fort Worth),Fort Worth,05/21/2025,06/30/2025,16.0,,
Texas,Child Care Associates (Blanche),Fort Worth,05/21/2025,06/30/2025,17.0,,
Texas,Child Care Associates (Arlington 2),Arlington,05/21/2025,06/30/2025,22.0,,
Texas,Child Care Associates (JA Hargrave),Fort Worth,05/21/2025,06/30/2025,19.0,,
Texas,Child Care Associates (Everman),Fort Worth,05/21/2025,06/30/2025,9.0,,
Texas,Sodexo (International Leadership TX),Irving,05/21/2025,06/30/2025,165.0,,
Texas,F&S Produce West LLC,Houston,05/21/2025,07/20/2025,225.0,,
Texas,FedEx Supply Chain Logistics & Electronics (Ft. Worth),Fort Worth,05/20/2025,07/06/2025,305.0,,
Texas,Chevron (Deauville Blvd),Midland,05/16/2025,07/15/2025,185.0,,
Texas,Chevron (S. County Rd.),Midland,05/16/2025,07/15/2025,1.0,,
Texas,Chevron (N. FM 1788),Midland,05/16/2025,07/15/2025,14.0,,
Texas,International Paper Company(Edinburg),Edinburg,05/14/2025,05/09/2025,63.0,,
Texas,International Paper Company (Edinburg W. Chapin),Edinburg,05/14/2025,05/09/2025,64.0,,
Texas,International Paper Company (McAllen),McAllen,05/14/2025,05/09/2025,5.0,,
Texas,Atria Wealth Solutions,Houston,05/14/2025,07/04/2025,55.0,,
Texas,Museum of Ice Cream,Austin,05/08/2025,07/10/2025,38.0,,
Texas,WSS (Foot Locker),Houston,05/08/2025,07/07/2025,57.0,,
Texas,TRIGO (Tesla),Austin,05/07/2025,04/28/2025,50.0,,
Texas,Smurfikt Westrock Facility (ForneyTexas),Forney,05/06/2025,06/30/2025,200.0,,
Texas,Tom Thumb Store #3579,Allen,05/06/2025,,75.0,,
Texas,Chick-Fil-A (N. Collins St. Plant),Arlington,05/01/2025,06/07/2025,10.0,,
Texas,PULAU Corporation,Killeen,04/30/2025,06/30/2025,64.0,,
Texas,Texas Central School Bus (Purnell),Lewisville,04/30/2025,07/17/2025,174.0,,
Texas,Texas Central School Bus (Mill),Lewisville,04/30/2025,07/15/2025,131.0,,
Texas,Texas Central School Bus (Cougar Alley),The Colony,04/30/2025,07/15/2025,155.0,,
Texas,"Compass Group, Inc.d.b.a.Chartwells (Lancaster ISD)",Lancaster,06/24/2025,06/30/2025,83.0,,
Texas,Management & Training Corporation (Willacy County State Jail),Raymondville,06/24/2025,08/31/2025,166.0,,
Texas,Management & Training Corporation (Lindsey State Jail),Jacksboro,06/24/2025,08/31/2025,117.0,,
Texas,Management & Training Corporation (Kyle Correctional Center),Kyle,06/24/2025,08/31/2025,98.0,,
Texas,Management & Training Corporation (Gregory S. Coleman Unit),Lockhart,06/24/2025,08/31/2025,135.0,,
Texas,Management & Training Corporation (Bridgeport Correctional Facility),Bridgeport,06/24/2025,08/31/2025,103.0,,
Texas,Management & Training Corp. (Billy Moore Correctional Center),Overton,06/20/2025,08/31/2025,109.0,,
Texas,Management & Training Corp. (Bradshaw State Jail),Henderson,06/20/2025,08/31/2025,172.0,,
Texas,"Encino Energy, LLC",Houston,06/18/2025,08/17/2025,121.0,,
Texas,Tyson Foods (Fort Worth Distribution Center),Fort Worth,06/18/2025,08/15/2025,275.0,,
Texas,"Khoros, LLC.",Austin,06/18/2025,08/19/2025,116.0,,
Texas,Lockheed Martin Corp. -Fort Bliss ATMP,Fort Bliss,06/17/2025,06/30/2025,17.0,,
Texas,Tom Thumb Store #3645 Plano,Plano,06/11/2025,07/26/2025,75.0,,
Texas,Randalls Store #1041,Houston,06/11/2025,08/16/2025,102.0,,
Texas,Movate Inc. (The Genesis Project),Temple,06/11/2025,08/08/2025,26.0,,
Texas,XiFin,Austin,06/04/2025,05/29/2025,87.0,,
Texas,Eckerd Connects (David Carrasco Job Corps),El Paso,06/04/2025,06/13/2025,77.0,,
Texas,Sunnova Energy Corporation,Houston,06/03/2025,05/30/2025,,,
Texas,JC Penney (Allaince Supply Chain),Haslet,06/03/2025,08/01/2025,296.0,,
Texas,Trinity Rail-Trinity Tank Car-Jordan Valley,Longview,07/30/2025,09/30/2025,170.0,,
Texas,"Equus Workforce Solutions Arlington (Arbor E&T, LLC)",Arlington,07/30/2025,09/30/2025,4.0,,
Texas,"Equus Workforce Solutions Denton (Arbor E&T, LLC)",Denton,07/30/2025,09/30/2025,27.0,,
Texas,Peraton Balloon Operations (NASA),Palestine,07/23/2025,09/30/2025,81.0,,
Texas,SM Cargo,Houston,07/21/2025,09/21/2025,194.0,,
Texas,Chevron Corporation (HESS Corporation),Houston,07/21/2025,09/26/2025,575.0,,
Texas,"AMERICA, INC., d/b/a LIXIL",Grand Prairie,07/16/2025,09/08/2025,65.0,,
Texas,"Sodexo, Inc.and Affiliates (Texas Southern University)",Houston,07/10/2025,07/31/2025,81.0,,
Texas,International Paper Company(N. Closner Blvd.),Edinburg,07/10/2025,09/01/2025,66.0,,
Texas,International Paper Company(W. Chaplin),Edinburg,07/10/2025,09/01/2025,66.0,,
Texas,International Paper Company(N. 26th),Edinburg,07/10/2025,09/01/2025,5.0,,
Texas,"GI Alliance Management, LLC",Southlake,07/09/2025,09/01/2025,25.0,,
Texas,Intel Corporation,Austin,07/09/2025,07/15/2025,110.0,,
Texas,Management & Training Corporation (Dominguez State Jail),San Antonio,07/09/2025,08/31/2025,8.0,,
Texas,Management & Training Corporation (Gist State Jail),Beaumont,07/09/2025,08/31/2025,6.0,,
Texas,Management & Training Corporation (Hutchins State Jail),Dallas,07/09/2025,08/31/2025,8.0,,
Texas,Management & Training Corporation (Lychner State Jail),Humble,07/09/2025,08/31/2025,17.0,,
Texas,Management & Training Corporation (Plane State Jail),Dayton,07/09/2025,08/31/2025,8.0,,
Texas,Management & Training Corporation (Travis County State Jail),Austin,07/09/2025,08/31/2025,4.0,,
Texas,"Movate, Inc. (AT&T Project)",Temple,07/08/2025,07/01/2025,71.0,,
Texas,International Business Machines-Coppell,Coppell,07/02/2025,08/29/2025,59.0,,
Texas,Fed Ex Corporation (Garland),Garland,07/02/2025,09/01/2025,81.0,,
Texas,Santa Maria Hostel,Houston,07/02/2025,08/31/2025,41.0,,
Texas,FedEx Corporation (Plano),Plano,07/02/2025,09/01/2025,50.0,,
Texas,Memorial Herman Health System Skilled Nursing Facility,Houston,07/02/2025,09/01/2025,83.0,,
Texas,TT Electronics Facility IRC (Plano),Plano,07/02/2025,08/31/2025,75.0,,
Texas,MPW Services,Austin,08/27/2025,09/01/2025,82.0,,
Texas,"Tech Werks, LLC (San Antonio)",San Antonio,08/20/2025,09/15/2025,87.0,,
Texas,"Promises Behavioral Health, LLC",Wimberley,08/18/2025,10/17/2025,58.0,,
Texas,"CarOffer, LLC",Addison,08/13/2025,10/06/2025,101.0,,
Texas,UPS (Dallas Facility),Dallas,08/06/2025,08/05/2025,62.0,,
Texas,"Solarcycle, Inc.",Odessa,08/06/2025,10/06/2025,70.0,,
Texas,"Southwest Key Programs, Inc. (SWK National Headquarters)",Austin,08/06/2025,10/06/2025,45.0,,
Texas,"Southwest Key Programs, Inc. La Esperanza)",Brownsville,08/06/2025,10/05/2025,4.0,,
Texas,"Southwest Key Programs, Inc.(Casa Nueva Esperanza)",Brownsville,08/06/2025,10/05/2025,9.0,,
Texas,"Southwest Key Programs, Inc.(South Texas HQ)",Brownsville,08/06/2025,10/05/2025,13.0,,
Texas,"Southwest Key Programs, Inc. (Casa Franklin)",El Paso,08/06/2025,10/05/2025,1.0,,
Texas,"Southwest Key Programs, Inc. (Casa Norma Linda)",Los Fresnos,08/06/2025,10/05/2025,3.0,,
Texas,"Southwest Key Programs, Inc. (Casa Rio Grande)",San Benito,08/06/2025,10/05/2025,3.0,,
Texas,"Southwest Key Programs, Inc. (Casa Canutillo)",Canutillo,08/06/2025,10/05/2025,3.0,,
Texas,"Equus Workforce Solutions Houston Opertions- Acres Home (Arbor E&T, LLC)",Houston,08/01/2025,09/30/2025,12.0,,
Texas,"Equus Workforce Solutions Houston Opertions- Pearland (Arbor E&T, LLC)",Pearland,08/01/2025,09/30/2025,13.0,,
Texas,"Equus Workforce Solutions Houston Opertions- Westheimer Rd. (Arbor E&T, LLC)",Houston,08/01/2025,09/30/2025,28.0,,
Texas,"Equus Workforce Solutions-Camp Wisdom (Arbor E&T, LLC)",Dallas,07/31/2025,09/30/2025,1.0,,
Texas,"Equus Workforce Solutions-N.Tenth St. (Arbor E&T, LLC)",Garland,07/31/2025,09/30/2025,10.0,,
Texas,"Equus Workforce Solutions-Highway 161. (Arbor E&T, LLC)",Grand Prairie,07/31/2025,09/30/2025,71.0,,
Texas,"Equus Workforce Solutions-Greenville Ave. (Arbor E&T, LLC)",Dallas,07/31/2025,09/30/2025,10.0,,
Texas,"Equus Workforce Solutions-Irving Blvd. (Arbor E&T, LLC)",Irving,07/31/2025,09/30/2025,13.0,,
Texas,"Equus Workforce Solutions-Alpha Rd.(Arbor E&T, LLC)",Dallas,07/31/2025,09/30/2025,17.0,,
Texas,"Equus Workforce Solutions-Malcolm X Blvd.(Arbor E&T, LLC)",Dallas,07/31/2025,09/30/2025,16.0,,
Texas,"Equus Workforce Solutions-Buckner Blvd.(Arbor E&T, LLC)",Dallas,07/31/2025,09/30/2025,16.0,,
Texas,"Turner Industries (Paris, Texas September 2025)",Paris,07/31/2025,09/30/2025,211.0,,
Texas,Planned Parenthood Gulf Coast (Prevention Park Facility),Houston,07/31/2025,09/30/2025,114.0,,
Texas,"Southwest Key Programs, Inc. (Casa Houston Reliant)",Houston,07/31/2025,10/05/2025,211.0,,
Texas,"Southwest Key Programs, Inc. (Houston HQ)",Houston,07/31/2025,10/05/2025,11.0,,
Texas,"Southwest Key Programs, Inc. (Casa Quetzal)",Houston,07/31/2025,10/05/2025,309.0,,
Texas,"Southwest Key Programs, Inc. (Casa Sunzal)",Houston,07/31/2025,10/05/2025,223.0,,
Texas,"Southwest Key Programs, Inc. (Casa Oasis)",McAllen,07/31/2025,10/05/2025,128.0,,
Texas,"Southwest Key Programs, Inc. (Casa Sueno)",Weslaco,07/31/2025,10/05/2025,93.0,,
Texas,"Southwest Key Programs, Inc. (Casa Montezuma)",Channelview,07/31/2025,10/05/2025,238.0,,
Texas,"Equus Workforce Solutions Greenville (Arbor E&T, LLC)",Greenville,07/30/2025,09/30/2025,9.0,,
Texas,"Equus Workforce Solutions McKinney (Arbor E&T, LLC)",McKinney,07/30/2025,09/30/2025,15.0,,
Texas,"Equus Workforce Solutions Stephenville (Arbor E&T, LLC)",Stephenville,07/30/2025,09/30/2025,2.0,,
Texas,"Equus Workforce Solutions Terrell  (Arbor E&T, LLC)",Terrell,07/30/2025,09/30/2025,8.0,,
Texas,"Equus Workforce Solutions Weatherford (Arbor E&T, LLC)",Weatherford,07/30/2025,09/30/2025,16.0,,
Texas,Cottonwood Creek Healthcare Community,Richardson,09/24/2025,12/01/2025,70.0,,
Texas,Sunny Glen Children's Home,Raymondville,09/18/2025,11/17/2025,424.0,,
Texas,Accelore Group-Amazon Logistics (DDA9- Fort Worth),Fort Worth,09/17/2025,11/01/2025,107.0,,
Texas,Accelore Group-Amazon Logistics (DDF2-Balch Springs),Mesquite,09/17/2025,11/01/2025,107.0,,
Texas,"Hill & Smith, Inc.",Garland,09/10/2025,11/01/2025,46.0,,
Texas,"Essendant Management Services, LLC",Houston,09/04/2025,11/07/2025,92.0,,
Texas,CyraCom International Inc.,Houston,09/04/2025,12/01/2025,327.0,,
Texas,"Condair Operations, LLC",Center,09/03/2025,11/03/2025,51.0,,
Texas,Tekni-Plex (Dallas Facility),Dallas,10/29/2025,12/26/2025,64.0,,
Texas,"Colonial Savings, F.A.",Fort Worth,10/29/2025,01/01/2026,130.0,,
Texas,Wells Fargo & Co. (Lubbock),Lubbock,10/29/2025,10/28/2025,225.0,,
Texas,"Cherokee Nation System Solutions, L.L.C.",Austin,10/29/2025,12/19/2025,87.0,,
Texas,Job1 USA (Arlington),Arlington,10/28/2025,11/15/2025,31.0,,
Texas,Job1 USA (Fort Worth),Fort Worth,10/28/2025,11/15/2025,25.0,,
Texas,Job1 USA (Haslet),Haslet,10/28/2025,11/15/2025,25.0,,
Texas,"Congo, LLC",Lewisville,10/28/2025,12/31/2025,155.0,,
Texas,Job1 USA (San Antonio),San Antonio,10/23/2025,11/15/2025,18.0,,
Texas,Job1 USA (Houston),Houston,10/23/2025,11/15/2025,13.0,,
Texas,"Flagstone Foods, LLC (El Paso Plant)",El Paso,10/22/2025,12/19/2025,225.0,,
Texas,Texas Instruments - Sherman,Sherman,10/15/2025,12/12/2025,19.0,,
Texas,Eden Green Technology,Cleburne,10/15/2025,12/13/2025,102.0,,
Texas,"M & M Manufacturing, Inc.",Houston,10/13/2025,12/15/2025,75.0,,
Texas,Creative Testing Solutions,Austin,10/09/2025,12/12/2025,91.0,,
Texas,"Meadow Burke, LLC d/b/a Leviat",Fort Worth,10/08/2025,12/02/2025,75.0,,
Texas,"Lion Elastomers Orange, LLC (Orange Plant)",Orange,10/08/2025,12/08/2025,113.0,,
Texas,J & J Maintenance,San Antonio,10/02/2025,11/30/2025,279.0,,
Texas,Southwest Key Programs-Casa Canutillo,Canutillo,10/02/2025,11/05/2025,2.0,,
Texas,Southwest Key Programs-Casita Del Valle,Clint,10/02/2025,11/05/2025,5.0,,
Texas,Southwest Key Programs-Casa Houston Reliant,Houston,10/02/2025,11/05/2025,1.0,,
Texas,Southwest Key Programs-Casa Montezuma,Channelview,10/02/2025,11/05/2025,1.0,,
Texas,Southwest Key Programs-Casa Norma Linda,Los Fresnos,10/02/2025,11/05/2025,3.0,,
Texas,Southwest Key Programs-Casa Nueva Esperanza,Brownsville,10/02/2025,11/05/2025,8.0,,
Texas,Southwest Key Programs-Casa Rio Grande,San Benito,10/02/2025,11/05/2025,3.0,,
Texas,Southwest Key Programs-National Headquarters (Austin),Austin,10/02/2025,11/05/2025,3.0,,
Texas,Southwest Key Programs-STX Regional Headquarters,Brownsville,10/02/2025,11/05/2025,12.0,,
Texas,Southwest Key Programs-Houston Headquarters,Houston,10/02/2025,11/05/2025,10.0,,
Texas,Memorial Hermann Health System Senior Living Facility,Houston,10/01/2025,10/01/2025,26.0,,
Texas,Yang Ming (America) Corporation,Houston,10/01/2025,10/01/2025,118.0,,
Texas,"DTSV, Inc. (ITC Federal)",Irving,09/30/2025,11/30/2025,169.0,,
Texas,"Seatrium AmFELS, Inc.",Brownsville,09/30/2025,11/28/2025,91.0,,
Texas,Urban Alchemy (Arch Shelter),Austin,09/30/2025,09/30/2025,55.0,,
Texas,Holiday Inn Club Vacations Incorporated-The Villages Resort,Flint,09/30/2025,11/28/2025,82.0,,
Texas,Urban Alchemy (8th Street Shelter),Austin,09/30/2025,09/30/2025,54.0,,
Texas,Texas Instruments  (DFAB),Dallas,09/29/2025,12/12/2025,163.0,,
Texas,"Kira Aerospace, LLC. (NBOC)",Palestine,09/25/2025,09/30/2025,6.0,,
Texas,Spirit Airlines (W PGL Warehouse),Irving,09/25/2025,12/01/2025,51.0,,
Texas,Spirit Airlines (IAH),Houston,09/24/2025,12/01/2025,173.0,,
Texas,United Supermarkets,Lubbock,11/19/2025,01/19/2026,126.0,,
Texas,"Couchbase, Inc.",Austin,11/17/2025,01/12/2026,11.0,,
Texas,Dometic Corporation,Grand Prairie,11/14/2025,01/12/2026,54.0,,
Texas,DLH Solutions (Dallas CMOP),Lancaster,11/12/2025,11/29/2025,298.0,,
Texas,"Dillard's Inc.(Dillard's Texas Central, LLC)",Plano,11/08/2025,01/12/2026,93.0,,
Texas,AI Fleet,Austin,11/06/2025,11/04/2025,56.0,,
Texas,Apogee Architectural Metals,Mesquite,11/05/2025,01/03/2026,58.0,,
Texas,"Firebird Bulk Carriers, Inc. (Victoria)",Victoria,11/04/2025,12/30/2025,3.0,,
Texas,"Firebird Bulk Carriers, Inc. (George West)",George West,11/04/2025,12/31/2025,21.0,,
Texas,"Firebird Bulk Carriers, Inc.(Tarzan)",Tarzan,11/04/2025,12/31/2025,1.0,,
Texas,"Firebird Bulk Carriers, Inc.(Dilley)",Dilley,10/31/2025,12/31/2025,6.0,,
Texas,"Firebird Bulk Carriers, Inc (Dayton)",Dayton,10/31/2025,12/31/2025,2.0,,
Texas,"Natura PCR, LLC",Waller,10/31/2025,10/15/2025,88.0,,
Texas,"Firebird Bulk Carriers, Inc. (Carrizo Springs)",Carrizo Springs,10/30/2025,12/31/2025,31.0,,
Texas,"Firebird Bulk Carriers, Inc. (Bryan)",Bryan,10/30/2025,12/31/2025,10.0,,
Texas,Pure Hothouse Foods LLC,San Antonio,10/30/2025,12/31/2025,80.0,,
Texas,FedEx Corporation Facility (Ft. Worth),Ft. Worth,12/29/2025,03/02/2026,89.0,,
Texas,"Telvista, Inc.",Dallas,12/26/2025,02/28/2026,110.0,,
Texas,ABM Texas General Services (SMU),Dallas,12/22/2025,03/12/2025,211.0,,
Texas,LeeMAH Electronics. Inc.,Richardson,12/10/2025,12/08/2025,84.0,,
Texas,S&S Activewear,Irving,12/10/2025,12/04/2025,146.0,,
Texas,"CRST Expedited, Inc. d/b/a CRST The Transportation Solution, Inc.",Mansfield,12/03/2025,02/26/2026,1.0,,
Texas,Grand Lux Café LLC,Houston,12/03/2025,01/24/2026,83.0,,
Texas,Yang Ming (America) Corporation Updated,Houston,12/02/2025,11/30/2025,105.0,,
Texas,The Sheraton Arlington Hotel (Urbana Varro Hospitality Management),Arlington,12/02/2025,02/15/2026,110.0,,
Texas,"Tyson Foods, Inc. (Amarillo B-Shift Operations",Amarillo,11/26/2025,01/20/2026,1761.0,,
Texas,"FedEx Supply Chain Logistics & Electrronics, Inc. (Coppell)",Coppell,11/25/2025,01/29/2026,856.0,,
Texas,Huntington National Bank,Dallas,11/21/2025,01/19/2026,63.0,,
Texas,Wood Group USA Inc.,Freeport,11/18/2025,01/05/2025,180.0,,
Texas,Cardone Industries-Harlingen,Harlingen,01/28/2026,01/26/2026,41.0,,
Texas,Cardone Industries-Arlington,Arlington,01/28/2026,01/26/2026,87.0,,
Texas,Fresenius USA Manufacturing,Coppell,01/28/2026,04/10/2026,67.0,,
Texas,Power Plug Inc. (Houston Manufacturing Company),Houston,01/23/2026,01/23/2026,74.0,,
Texas,Future Proof Brands LLC (Austin),Austin,01/21/2026,02/21/2026,158.0,,
Texas,"Tyson Foods, Inc (Amarillo B-Shift Operations) Updated",Amarillo,01/20/2026,02/24/2026,1761.0,,
Texas,Francesca's (Houston),Houston,01/14/2026,01/08/2026,202.0,,
Texas,"Congo, LLC (Updated March 2026)",Lewisville,01/09/2026,03/13/2026,31.0,,
Texas,ComericA Frisco Star Tower Facility,Frisco,01/07/2026,03/13/2026,184.0,,
Texas,Tessera Therapeutics,Friendswood,01/07/2026,03/08/2026,2.0,,
Texas,"First Brands Group, LLC(Billy Mitchell)",Brownsville,03/04/2026,04/30/2026,345.0,,
Texas,"First Brands Group, LLC. (Titan Dist. Center)",Brownsville,03/04/2026,04/30/2026,183.0,,
Texas,First Brands Group LLC. (ASC Facility),Brownsville,03/04/2026,04/30/2026,43.0,,
Texas,"Campbell Soup Supply Company, LLC",Paris,03/03/2026,05/01/2026,205.0,,
Texas,Stockyards Hotel and H3 Ranch,Fort Worth,02/19/2026,04/06/2026,120.0,,
Texas,Bluum USA Inc.,Irving,02/19/2026,04/20/2026,60.0,,
Texas,"Main Street Sports Group, LLC.",The Woodlands,02/19/2026,04/14/2026,18.0,,
Texas,Walgreens (Greens Rd.),Houston,02/18/2026,06/01/2026,159.0,,
Texas,Comerica Bank(Frisco Star Tower Facility),Frisco,02/11/2026,04/24/2026,54.0,,
Texas,Randalls #3067,Houston,02/09/2026,04/18/2026,94.0,,
Texas,HGS Solutions,El Paso,02/04/2026,03/31/2026,92.0,,
Texas,"First Brands Group, LLC",Arlington,02/04/2026,01/26/2026,87.0,,
Texas,"Empower Clinic Services, LLC",Houston,02/04/2026,02/04/2026,57.0,,
Texas,Expedia Group Inc. (Austin),Austin,02/03/2026,04/01/2026,100.0,,
Texas,Janus International Group,Houston,02/02/2026,04/03/2026,113.0,,
Texas,Helpful Hands Inc. Joint Base San Antonio-Lackland,San Antonio,02/02/2026,03/31/2026,96.0,,
Texas,Compass Connections,Harlingen,01/29/2026,03/29/2026,148.0,,
Texas,"Sodexo (SDH Services East, LLC) HCA Kingwood",Kingwood,04/06/2026,06/13/2026,81.0,,
Texas,"Sodexo (SDH Services East, LLC) HCA Clear Lake",Webster,04/06/2026,06/13/2026,86.0,,
Texas,"Sodexo (SDH Services East, LLC) HCA Women's Hospital of Texas",Houston,04/06/2026,06/13/2026,66.0,,
Texas,"Sodexo (SDH Services East, LLC) HCA Southeast Texas Medical Center",Pasadena,04/06/2026,06/13/2026,63.0,,
Texas,DSV Contract Logistics (3PL Logistics Facility),Wilmer,04/02/2026,04/30/2026,391.0,,
Texas,"Compass Group USA, Inc. (d/b/a Chartwell's Higher Education (Texas State University)",San Marcos,03/31/2026,05/31/2026,183.0,,
Texas,Hyatt Regency (South Congress Hotel),Austin,03/31/2026,05/31/2026,126.0,,
Texas,Tempus Holding INC. d/b/a The Lodge Card Club,Round Rock,03/26/2026,03/24/2026,144.0,,
Texas,Endeavors Eagle Lake Children's Center (Eagle Lake),Eagle Lake,03/26/2026,03/24/2026,88.0,,
Texas,"CPLC Texas, Inc. (Magnolia ORR Site)",Los Fresnos,03/26/2026,03/31/2026,56.0,,
Texas,Albertsons #106 (Euless),Euless,03/25/2026,04/25/2026,82.0,,
Texas,Albertsons #4286 (W. Freeway),Fort Worth,03/25/2026,04/25/2026,56.0,,
Texas,Saks & Company LLC (Saks Fifth Avenue - San Antonio),San Antonio,03/06/2026,05/06/2026,71.0,,
Texas,Ashley Furniture Industries (Mesquite),Mesquite,03/05/2026,05/07/2026,266.0,,
Texas,"FreshRealm, Inc.",Lancaster,04/27/2026,06/27/2026,176.0,,
Texas,Laurel Ridge Treatment Center (Laurel Ridge),San Antonio,04/27/2026,06/26/2026,648.0,,
Texas,"Republic National Distributing Company, LLC (Reyes Holdings, L.L.C) Austin",Austin,04/23/2026,06/21/2026,164.0,,
Texas,"Republic National Distributing Company, LLC (Reyes Holdings, L.L.C) Corpus Christie",Corpus Ch,04/23/2026,06/21/2026,90.0,,
Texas,"Republic National Distributing Company, LLC (Reyes Holdings, L.L.C) Grand Prairie",Grand Prairie,04/23/2026,06/21/2026,689.0,,
Texas,"Republic National Distributing Company, LLC (Reyes Holdings, L.L.C) Houston",Houston,04/23/2026,06/21/2026,588.0,,
Texas,"Republic National Distributing Company, LLC (Reyes Holdings, L.L.C) San Antonio",Schertz,04/23/2026,06/21/2026,372.0,,
Texas,"National Safety Apparel, LLC",San Antonio,04/23/2026,06/30/2026,50.0,,
Texas,"Southern Mail Service, Inc.",Houston,04/21/2026,05/15/2026,50.0,,
Texas,Saddle Creek Corporation,New Caney,04/15/2026,06/11/2026,168.0,,
Texas,"T-Mobile USA, Inc.",Austin,04/14/2026,06/08/2026,74.0,,
Texas,"Ampac Mobile Holdings, LLC (ProAmpac)",Grand Prairie,04/08/2026,06/07/2026,52.0,,
Texas,"Remington Lodging and Hospitality, LLC (Hilton Houston NASA Clear Lake)",Houston,06/09/2026,07/31/2026,65.0,,
Texas,El Paso Independent School District,El Paso,06/08/2026,06/19/2026,250.0,,
Texas,Alan Ritchey Incorporated,Irving,06/08/2026,09/14/2026,232.0,,
Texas,MW Components (Matthew Warren Inc's USA Fastner Facility),Houston,06/04/2026,08/10/2026,53.0,,
Texas,Toshiba International Corporation,Houston,05/29/2026,09/30/2026,67.0,,
Texas,"Auzmet Architectural, LLC",Dallas,05/19/2026,05/19/2026,152.0,,
Texas,"Compass Group USA, Inc. (d/b/a Chartwell's Higher Education (Texas Southern Univ.)",Houston,05/14/2026,06/12/2026,88.0,,
Texas,Spirit Airlines (IAH) May 2026,Houston,05/02/2026,05/02/2026,515.0,,
Texas,Spirit Airlines (DFW) May 2026,Dallas,05/02/2026,05/02/2026,444.0,,
Texas,"Amcor Rigid Packaging USA, LLC",Fort Worth,05/01/2026,07/02/2026,56.0,,
Texas,"Sodexo (SDH Services East, LLC) Fort Worth Independent School District",Fort Worth,04/30/2026,06/30/2026,291.0,,
Texas,JPMorgan Chase & Co.,Plano,06/23/2026,08/21/2026,244.0,,
Texas,KUEHNE + NAGEL (KN) 2026,Lewisville,06/16/2026,06/29/2026,90.0,,
Texas,SAKS GLOBAL (Neiman Marcus),Dallas,06/12/2026,09/30/2026,67.0,,
Texas,First Student (DeSoto I.S.D.),De Soto,06/12/2026,06/30/2026,74.0,,
Texas,"Fortrex (John Soules Foods, Inc.)",Tyler,06/12/2026,06/26/2026,85.0,,
Vermont,The Orvis Company,Arlington,"Jun 18, 2025",,,WARN,
Vermont,Fed Ex Corporation,Williston,"Apr 30, 2025",,,WARN,
Vermont,"America's Gardening Resouces inc, dba Gardeners supply",Burlington,"Jul 24, 2025",,,WARN,
Vermont,University of Vermont Health Network,Burlington,"Jul 29, 2025",,,WARN,
Vermont,ITC Federal,Essex Junction,"Sep 30, 2025",,,WARN,
Vermont,HP Hood,Barre,"Sep 24, 2025",,,WARN,
Vermont,Calmont Beverage,Barre,"Jan 22, 2026",,,WARN,
Vermont,Maple Ridge Memory Care and Lodge,Essex Junction,"Jan 30, 2026",,,WARN,
Vermont,Perrigo Company,Georgia,"Apr 28, 2026",,,WARN,
Vermont,Franklin Foods,Enosburg Falls,"May 28, 2026",,,WARN,
Vermont,University of Vermont Health,Burlington,"Jun 09, 2026",,,WARN,
Vermont,"St. Albans Creamery, LLC",Saint Albans,"Jun 17, 2026",,,WARN,
Virginia,Crothall Healthcare,"Richmond, VA",08/28/2026,10/31/2026,545,Closure,
Virginia,TekSynap Corporation,"Statewide, VA",08/17/2026,10/14/2026,9,Layoff,
Virginia,SMBC Manubank,"Aldie, Arlington, Reston, Maidens & Henrico , VA",08/10/2026,10/09/2026,5,Closure,
Virginia,"Eurofins Professional Scientific Services, LLC","Richmond, VA",08/10/2026,10/09/2026,68,Closure,
Virginia,Emerson,"Charlottesville , VA",07/09/2026,09/30/2026,139,Closure,
Virginia,"Medical Faculty Associates, Inc. (MFA)","Alexandria, Arlington, Ashburn & Reston, VA",07/08/2026,09/06/2026,2,Layoff,
Virginia,T&H Services LLC,"Blackstone, VA",07/01/2026,08/31/2026,76,Closure,
Virginia,"Conduent Commercial Solutions, LLC","VA-Statewide, VA",06/29/2026,07/31/2026,24,Layoff,
Virginia,Times Fiber Communications (TFC),"Pittsylvania County, VA",06/29/2026,08/31/2026,78,Closure,
Virginia,"Vestis Services, LLC","Statewide, VA",06/15/2026,08/14/2026,19,Layoff,
Virginia,M1 Support Services LP,"Norfolk , VA",06/01/2026,07/31/2026,168,Closure,
Virginia,SMBC Manubank,"Statewide, VA",06/04/2026,08/03/2026,6,Closure,
Virginia,General Dynamics Information Technology,"Washington, DC, DC",06/09/2026,08/08/2026,174,Layoff,
Virginia,"Parkhurst Dining, LLC (Randolph Macon College Site)","Ashland, VA",06/05/2026,08/07/2026,80,Closure,
Virginia,General Dynamics Information Technology,"Arlington, VA",06/01/2026,07/31/2026,102,Layoff,
Virginia,General Dynamics Information Technology,"Falls Church, VA",06/01/2026,07/28/2026,133,Layoff,
Virginia,80 Acres Farms,"Harrisonburg, VA",05/22/2026,07/21/2026,80,Closure,
Virginia,Bingham & Taylor,"Culpeper, VA",05/21/2026,11/30/2026,92,Closure,
Virginia,"Parkhurst Dining, LLC","Bridgewater, VA",05/18/2026,07/21/2026,65,Closure,
Virginia,Hilex Poly Co. LLC,"Henrico, VA",05/11/2026,07/14/2026,117,Closure,
Virginia,Ideal US Talent Worker OpCo LLC,"Statewide, VA",05/01/2026,07/01/2026,776,Layoff,
Virginia,"Diamond Transportation Services, Inc.","Fairfax County, VA",05/12/2026,05/12/2026,144,Closure,
Virginia,"KBR Wyle Services, LLC","Accomack, VA",05/01/2026,06/30/2026,118,Layoff,
Virginia,"LumLiq2, LLC, d/b/a Lumber Liquidators","Henrico, VA",05/04/2026,06/30/2026,64,Closure,
Virginia,Milestone Technologies Inc,"Henrico, VA",04/29/2026,06/28/2026,50,Closure,
Virginia,GXO,"Henrico, VA",04/27/2026,06/30/2026,66,Closure,
Virginia,"Republic National Distributing Company, LLC","Ashland, VA",04/23/2026,06/21/2026,428,Closure,
Virginia,Oliver Inc.,"North Chesterfield, VA",04/21/2026,07/26/2026,72,Closure,
Virginia,Central Garden & Pet,"Richmond, VA",04/14/2026,04/14/2026,94,Closure,
Virginia,Voyant Beauty,"Roanoke, VA",04/10/2026,07/31/2026,95,Closure,
Virginia,PCA (Packaging Corporation of America),"Richmond, VA",03/31/2026,06/01/2026,109,Closure,
Virginia,BAE Systems,"Vienna, VA",03/19/2026,03/18/2026,119,Layoff,
Virginia,Bering Global Solutions (BGS),"Arlington, VA",03/18/2026,06/30/2026,108,Layoff,
Virginia,C2 Technologies,"McLean, VA",03/02/2026,03/06/2026,2,Layoff,
Virginia,Saks & Company LLC (Saks Fifth Avenue Store),"McLean, VA",03/06/2026,05/06/2026,70,Closure,
Virginia,"Speyside Bourbon Cooperage in Virginia, Inc.","Atkins, VA",02/23/2026,04/23/2026,52,Layoff,
Virginia,AOL,"Reston, VA",02/17/2026,03/01/2026,108,Layoff,
Virginia,Huntington Ingall Industries (HII) Mission Technologies,"Virginia Beach, VA",02/17/2026,04/17/2026,74,Layoff,
Virginia,JC Penney,"Springfield, VA",02/18/2026,05/29/2026,74,Closure,
Virginia,Saks & Company LLC (Saks Fifth Avenue Store),"Richmond, VA",02/10/2026,04/11/2026,40,Closure,
Virginia,Liberty Dental Plan Corporation,"Staunton, VA",02/05/2026,04/06/2026,0,Layoff,
Virginia,Bahama Breeze,"Woodbridge, VA",02/03/2026,04/05/2026,62,Closure,
Virginia,Bear Express LLC,"Norfolk & Virginia Beach, VA",01/27/2026,04/01/2026,168,Closure,
Virginia,PMI-U.S. Corporate Services (Phillip Morris),"Richmond, VA",01/28/2026,04/17/2026,135,Closure,
Virginia,Amazon,"Fairfax, Franconia, Lorton, Alexandria & Falls church, VA",01/28/2026,04/27/2026,691,Layoff,
Virginia,Leidos,"Ashburn, VA",01/21/2026,03/23/2026,93,Layoff,
Virginia,"Yokohama Tire Manufacturing Virginia, LLC","Salem, VA",01/16/2026,03/18/2026,533,Closure,
Virginia,SMBC Manubank,"Various, VA",01/08/2026,03/10/2026,6,Closure,
Virginia,Railcrew Xpress (RCX),"Richmond, VA",12/22/2025,02/27/2026,26,Closure,
Virginia,"AeroFarms, Inc. - Rescinded","Ringgold, VA",04/29/2026,08/31/2026,133,Closure,
Virginia,Giant Delivers,"Manassas, VA",12/12/2025,02/10/2026,90,Closure,
Virginia,Richmond Print Group,"Richmond, VA",12/09/2025,02/08/2026,76,Layoff,
Virginia,Fortrex,"Martinsville, VA",12/02/2025,12/05/2025,68,Layoff,
Virginia,"10 Roads Express, LLC","Harrisonburg, VA",12/01/2025,01/30/2026,70,Closure,
Virginia,Harris Teeter,"Franconia, VA",11/18/2025,02/01/2026,91,Closure,
Virginia,Amazon-BWI1,"Sterling, VA",11/14/2025,01/30/2026,247,Closure,
Virginia,"Diamond Transportation Services, Inc.","Springfield, VA",11/07/2025,11/30/2025,61,Closure,
Virginia,"Wellmore Energy Compny, LLC","Big Rock, VA",10/31/2025,12/31/2025,9,Layoff,
Virginia,Qbase LLC,"Reston, VA",10/31/2025,12/30/2025,60,Closure,
Virginia,Top Guard Security,"Richmond, VA",10/23/2025,10/31/2025,79,Closure,
Virginia,"Wellmore Energy Company, LLC","Grundy, VA",10/06/2025,12/06/2025,2,Layoff,
Virginia,"Wellmore Energy, LLC (Paw Paw 2 South)","Big Rock, VA",10/06/2025,12/06/2025,95,Layoff,
Virginia,United States Patent and Trademark Office (USPTO),"Alexandria, VA",10/14/2025,12/09/2025,126,Closure,
Virginia,Merrifield Garden Center Corp,"Manassas, VA",10/17/2025,12/31/2025,97,Closure,
Virginia,SimplyIOA LLC,"Spotsylvania, VA",10/03/2025,12/02/2025,1,Closure,
Virginia,"Home Care Delivered, Inc.","Glen Allen, VA",10/06/2025,12/10/2025,73,Layoff,
Virginia,Peraton,"Reston, VA",10/03/2025,12/05/2025,92,Layoff,
Virginia,Sentara Health,"Virginia Beach, VA",10/03/2025,12/05/2025,127,Layoff,
Virginia,"ImmunityBio, Inc.","Halifax Co. , VA",09/18/2025,11/17/2025,1,Layoff,
Virginia,Parkdale,"Hillsville, VA",08/26/2025,10/24/2025,68,Closure,
Virginia,Paradies Lagardere,"Arlington, VA",08/28/2025,09/26/2025,55,Closure,
Virginia,Butler Human Services a Sauder Manufacturing Co. Brand,"Chase City , VA",08/25/2025,10/24/2025,51,Closure,
Virginia,Lutheran Social Services National Capital Area (LSSNA),"Fairfax & Woodbridge, VA",08/11/2025,09/30/2025,52,Layoff,
Virginia,"Wellmore Energy Company, LLC","Big Rock, VA",08/04/2025,10/04/2025,17,Layoff,
Virginia,"Wellmore Energy Company, LLC","Hurley, VA",07/07/2025,09/06/2025,27,Layoff,
Virginia,Atlantic Dominion Distributors,"Williamsburg & Virginia Beach, VA 23462, VA",07/30/2025,09/26/2025,104,Closure,
Virginia,Rochambeau Logistics Inc.,"Hampton, VA",07/22/2025,07/25/2025,63,Closure,
Virginia,KIRA Services and KIRA Training Services (TLINGIT HAIDA Tribal Business Corporation),"Virginia Beach, VA",07/15/2025,08/11/2025,46,Layoff,
Virginia,Omniplex World Services Corp.,"Chantilly, VA",07/14/2025,07/31/2025,199,Closure,
Virginia,"Amentum, Operations and Maintenance Services","Richmond, VA",07/02/2025,08/31/2025,56,Layoff,
Virginia,"Emerson Automation Solutions (Intelligent Platforms, LLC)","Charlottesville, VA",06/26/2025,12/31/2025,87,Layoff,
Virginia,CarParts.com,"Chesapeake, VA",06/09/2025,08/08/2025,104,Closure,
Virginia,Kroger,"Charlottesville, VA",06/20/2025,08/22/2025,81,Closure,
Virginia,Nakupuna,"Arlington, VA",06/09/2025,06/30/2025,103,Layoff,
Virginia,"TransAxle, LLC","Richmond and Springfield, VA",05/16/2025,07/15/2025,10,Layoff,
Virginia,Leidos QTC,"Reston, VA",06/13/2025,08/15/2025,77,Layoff,
Virginia,"Molina Healthcare of Virginia, Inc.","Richmond, VA",05/13/2025,06/30/2025,268,Closure,
Virginia,Old Dominion Job Corps Center,"Monroe, VA",06/03/2025,06/30/2025,130,Closure,
Virginia,The Kenific Group LLC dba Pantheon Data,"Arlington, VA",05/13/2025,05/12/2025,155,Closure,
Virginia,Saddle Creek Logistics Services,"Richmond, VA",05/09/2025,07/01/2025,54,Layoff,
Virginia,Georgia-Pacific LLC,"Emporia, VA",05/02/2025,07/01/2025,554,Closure,
Virginia,"Goldschmitt and Associates, LLC","Sterling, VA",04/24/2025,05/01/2025,217,Layoff,
Virginia,"United States Cellular (""USCC"")","Various, VA",03/26/2025,06/02/2025,95,Layoff,
Virginia,American Institutes of Research (AIR),"Arlington, VA",04/02/2025,06/01/2025,84,Layoff,
Virginia,MITRE Corporation,"McLean, VA",04/02/2025,06/03/2025,442,Layoff,
Virginia,Novelis Inc.,"Richmond, VA",03/31/2025,05/30/2025,72,Closure,
Virginia,King Abdullah,"Herndon, VA",03/31/2025,07/31/2025,162,Closure,
Virginia,Leidos,"Alexandria, VA",03/31/2025,05/30/2025,29,Layoff,
Virginia,Goodyear,"Danville, VA",01/31/2025,04/02/2025,815,Layoff,
Virginia,International Foundation for Electoral Systems,"Arlington, VA",03/11/2025,03/02/2025,48,Layoff,
Virginia,Amazon MAK7 Facility,"Manassas, VA",03/12/2025,05/13/2025,88,Closure,
Virginia,"Speyside Bourbon Cooperage, INC.","Atkins, VA",02/28/2025,04/30/2025,75,Layoff,
Virginia,American Institutes of Research (AIR),"Arlington, VA",03/11/2025,05/09/2025,149,Layoff,
Virginia,Management Science for Health (MSH),"Arlington, VA",02/07/2025,02/04/2025,182,,
Virginia,"D&A Consulting Service, LLC dba GetInsured","Virginia, VA",01/21/2025,02/19/2025,35,Permanent Reduction,
Virginia,American Woodmark Corporation,"Orange, VA",01/07/2025,03/24/2025,131,Closure,
Virginia,"Nitto, Inc","Chesapeake, VA",01/08/2025,03/07/2025,86,Closure,
Washington,12345678910...,1,6,2,3,4,
Washington,"Columbia Hospitality, Inc",Kenmore,8/28/2026,10/30/2026,86,Layoff,
Washington,"T-Mobile USA, Inc.","Seattle, Bellingham, Bothell, Vancouver, Bellevue, Kennewick, Tacoma, and Yakima",8/26/2026,9/21/2026,77,Layoff,
Washington,"Twin City Foods, Inc.",Ellensburg,8/21/2026,11/2/2026,109,Layoff,
Washington,"Borton & Sons, Inc.","Yakima, Zillah, Pasco, Burbank, Prescott, Soap Lake, Othello, Mesa",8/21/2026,11/8/2026,928,Layoff,
Washington,Starbucks,Seattle,8/20/2026,10/19/2026,224,Layoff,
Washington,TT Commerce & Global Services,Bellevue,8/18/2026,10/19/2026,75,Layoff,
Washington,Norwesco,Fife,8/14/2026,10/16/2026,54,Closure,
Washington,Jack in the Box,Everett,8/12/2026,10/10/2026,24,Closure,
Washington,Google,Various locations in Washington,8/5/2026,9/6/2026,52,Layoff,
Washington,"Salesforce, Inc.","Seattle, Bellevue",8/5/2026,10/5/2026,59,Layoff,
Washington,Zillow Group,Seattle,8/4/2026,10/5/2026,91,Layoff,
Washington,"80 Acres Urban Agriculture, Inc.",Marysville,8/3/2026,8/3/2026,55,Closure,
Washington,Visa,Bellevue,7/31/2026,10/1/2026,70,Layoff,
Washington,"I.Q. Data International, Inc.",Bothell,7/31/2026,10/1/2026,101,Layoff,
Washington,No Meat Factory USA Inc,Stanwood,7/28/2026,7/27/2026,113,Closure,
Washington,12345678910...,1,6,2,3,4,
Washington,12345678910...,1,6,2,3,4,
Washington,Verizon,Various locations in Washington,7/16/2026,9/18/2026,54,Layoff,
Washington,"Expeditors International of Washington, Inc.",Various locations in Washington,7/8/2026,8/7/2026,3,Layoff,
Washington,Microsoft,Redmond,7/6/2026,9/4/2026,605,Layoff,
Washington,"INDUS Technology, Inc.","Keyport, Silverdale",7/2/2026,9/14/2026,120,Layoff,
Washington,Amazon,"Seattle, Bellevue",7/2/2026,8/3/2026,57,Layoff,
Washington,"Alpha Technologies Services, Inc.",Bellingham,7/1/2026,8/31/2026,75,Closure,
Washington,"Conduent Commercial Solutions, LLC",Remote in Washington,6/29/2026,8/28/2026,4,Layoff,
Washington,PetVet Care Centers,Vancouver,6/29/2026,9/4/2026,50,Closure,
Washington,"Flagship Facilities Services, LLC",Seattle,6/26/2026,7/19/2026,4,Layoff,
Washington,"Transdev Services, Inc",Everett,6/26/2026,8/29/2026,108,Layoff,
Washington,"Bungie, Inc/Sony Interactive Entertainment",Bellevue,6/25/2026,7/9/2026,292,Layoff,
Washington,"First Student, Inc.",Seattle,6/17/2026,8/17/2026,111,Layoff,
Washington,"Expeditors International of Washington, Inc.",Various locations in Washington,6/8/2026,8/8/2026,230,Layoff,
Washington,"Lavish Roots, Inc.","Seattle, Bellevue, Redmond",6/8/2026,8/9/2026,263,Layoff,
Washington,SMBC Manubank,Remote in Washington,6/4/2026,8/3/2026,3,Layoff,
Washington,12345678910...,1,6,2,3,4,
Washington,12345678910...,1,6,2,3,4,
Washington,Maverick Washington LLC Silver Dollar Mill Creek Casino,Bothell,5/29/2026,7/31/2026,41,Closure,
Washington,Maverick Washington LLC Crazy Moose Mountlake Casino,Mountlake Terrace,5/29/2026,7/31/2026,82,Closure,
Washington,"Servatron, Inc.",Spokane Valley,5/26/2026,12/31/2026,124,Closure,
Washington,"Meta Platforms, Inc",King County,5/22/2026,7/22/2026,1395,Layoff,
Washington,"Republic National Distributing Company, LLC",4 sites,5/21/2026,7/17/2026,267,Closure,
Washington,"Genie Industries, Inc. / Terex USA, LLC",North Bend,5/21/2026,7/20/2026,117,Closure,
Washington,"Flagship Facilities Services, LLC",Seattle,5/20/2026,7/19/2026,67,Layoff,
Washington,Starbucks,Seattle,5/15/2026,7/17/2026,252,Layoff,
Washington,Starbucks,Seattle,5/8/2026,6/20/2026,61,Layoff,
Washington,Novanta Corporation,Mukilteo,5/7/2026,7/7/2026,83,Closure,
Washington,Maersk,Lakewood,5/1/2026,6/30/2026,44,Closure,
Washington,Maersk,Sumner,5/1/2026,6/30/2026,5,Layoff,
Washington,Jack in the Box,Anacortes,4/27/2026,6/23/2026,14,Closure,
Washington,Maverick Washington LLC / Silver Dollar SeaTac Casino,Seattle,4/21/2026,6/30/2026,65,Closure,
Washington,ZoomCare,Bellevue & Remote,4/16/2026,6/15/2026,36,Layoff,
Washington,12345678910...,1,6,2,3,4,
Washington,12345678910...,1,6,2,3,4,
Washington,Snap Inc.,"Bellevue, Seattle, Vancouver",4/15/2026,4/16/2026,95,Layoff,
Washington,"Astellas US Holding, Inc.",Seattle,4/10/2026,7/1/2026,50,Closure,
Washington,"Meta Platforms, Inc","Seattle, Bellevue, Redmond",3/31/2026,5/8/2026,168,Layoff,
Washington,"Oracle America, Inc.",Seattle and Remote,3/31/2026,6/1/2026,475,Layoff,
Washington,Starbucks,Seattle,3/27/2026,3/29/2026,69,Closure,
Washington,"Epic Games, Inc.",Bellevue,3/24/2026,3/27/2026,82,Layoff,
Washington,"Blue Star Growers, Inc.",Cashmere,3/20/2026,5/19/2026,143,Layoff,
Washington,"Blue Bird, Inc.",Wenatchee,3/17/2026,5/16/2026,82,Layoff,
Washington,"John I. Haas, Inc.",Yakima,3/13/2026,5/15/2026,12,Layoff,
Washington,"Rise Baking Company, LLC",Kent,3/12/2026,8/7/2026,120,Closure,
Washington,"Atlassian US, Inc.",Bellevue,3/11/2026,3/13/2026,63,Layoff,
Washington,"Agrimacs, Inc.",Chelan,3/9/2026,5/8/2026,145,Closure,
Washington,CHS Northwest,"Whatcom, County",3/5/2026,5/5/2026,57,Closure,
Washington,C2 Technologies,Virtual,3/5/2026,3/6/2026,1,Layoff,
Washington,Refresco Beverages US Inc,Walla Walla,3/3/2026,5/2/2026,58,Closure,
Washington,12345678910...,1,6,2,3,4,
Washington,12345678910...,1,6,2,3,4,
Washington,Northwest Hardwoods,Centralia,3/3/2026,3/5/2026,70,Closure,
Washington,"MicroVision, Inc.",Redmond,3/2/2026,4/30/2026,49,Layoff,
Washington,Doosan GridTech,Bellevue,3/2/2026,5/1/2026,18,Layoff,
Washington,"IPIC Theaters, LLC",Redmond,2/27/2026,4/28/2026,64,Closure,
Washington,CHS Northwest,Various locations in Washington,2/19/2026,4/19/2026,38,Layoff,
Washington,"Peshastin Pear Packers, LLC.",Peshastin,2/16/2026,4/23/2026,31,Layoff,
Washington,PeaceHealth,Various locations in Washington,2/11/2026,4/12/2026,94,Layoff,
Washington,Eddie Bauer LLC,Seattle,2/9/2026,4/15/2026,60,Closure,
Washington,Congdon Packing Company,Yakima,2/9/2026,4/15/2026,102,Layoff,
Washington,"GMRI, Inc. dba Bahama Breeze",Tukwila,2/3/2026,4/5/2026,93,Closure,
Washington,T-Mobile,Various locations in Washington,2/2/2026,4/2/2026,637,Layoff,
Washington,Amazon,Various locations in Washington,1/30/2026,4/28/2026,2198,Layoff,
Washington,International Paper Company,Union Gap,1/30/2026,4/3/2026,102,Closure,
Washington,"Expedia, Inc.",Seattle,1/28/2026,4/1/2026,162,Layoff,
Washington,Amazon,Various locations in Washington,1/28/2026,4/28/2026,401,Closure,
Washington,12345678910...,1,6,2,3,4,
Washington,12345678910...,1,6,2,3,4,
Washington,CHS Northwest,Lynden,1/28/2026,4/1/2026,11,Layoff,
Washington,"Meta Platforms, Inc",King County,1/19/2026,3/20/2026,331,Layoff,
Washington,Food Service Slicing LLC dba Crunch Pak,Selah,1/15/2026,3/31/2026,101,Closure,
Washington,SMBC Manubank,Various locations in Washington,1/8/2026,3/10/2026,5,Layoff,
Washington,Tessera,King County,1/6/2026,3/8/2026,1,Layoff,
Washington,Swedish Health Services,King and Snohomish Counties,1/6/2026,3/7/2026,50,Layoff,
Washington,Doosan GridTech,Bellevue,12/29/2025,2/27/2026,24,Layoff,
Washington,Amazon,Seattle & Bellevue,12/13/2025,2/2/2026,84,Layoff,
Washington,Packaging Corporation of America,Wallula,12/11/2025,2/9/2026,200,Closure,
Washington,Verizon,Various locations in Washington,11/21/2025,1/23/2026,165,Layoff,
Washington,Providence Health & Services,Various locations in Washington,11/21/2025,1/20/2026,57,Layoff,
Washington,Nordstrom Credit Bank,Remote in Washington,11/20/2025,3/1/2026,6,Layoff,
Washington,Nordstrom Credit Bank,Remote in Washington,11/20/2025,2/1/2026,2,Layoff,
Washington,Meteorcomm LLC,Renton,11/18/2025,1/17/2026,49,Layoff,
Washington,Battelle Memorial Institute / Pacific Northwest National Laboratory,Various locations in Washington,11/18/2025,11/18/2025,68,Layoff,
Washington,12345678910...,1,6,2,3,4,
Washington,12345678910...,1,6,2,3,4,
Washington,Nordstrom Credit Bank,Remote in Washington,11/17/2025,2/21/2026,1,Layoff,
Washington,"The Skillet Group / Skillet SA, LLC",Seattle,11/14/2025,12/12/2025,9,Closure,
Washington,"The Skillet Group / Skillet Diner, LLC",Seattle,11/14/2025,11/12/2025,18,Closure,
Washington,"The Skillet Group / Skillet Street Food, Inc. DBA Skillet Diner Harbor Steps",Seattle,11/14/2025,11/12/2025,20,Closure,
Washington,Great Floors (Artisan Designer Group),Various locations in Washington,11/13/2025,1/12/2026,58,Closure,
Washington,"Solgen Power, LLC, d/b/a Purelight Power",Various locations in Washington,11/13/2025,12/23/2025,71,Closure,
Washington,"Rad Power Bikes, Inc.",Seattle,11/7/2025,3/6/2026,64,Closure,
Washington,"Adams County Public Hospital District #2, DBA East Adams Rural Healthcare",Ritzville,11/7/2025,1/7/2026,108,Layoff,
Washington,Infineon Technologies Americas Corp.,Lynnwood,11/4/2025,11/14/2025,61,Layoff,
Washington,"Phillips Ultrasound, Inc",Bothell,10/31/2025,12/31/2025,33,Layoff,
Washington,Tessera,Joint Base Lewis McChord,10/31/2025,11/1/2025,85,Layoff,
Washington,Inventprise Inc.,Redmond,10/30/2025,12/31/2025,150,Layoff,
Washington,Green Diamond Resource Company,"Seattle, Shelton",10/30/2025,12/31/2025,42,Layoff,
Washington,TransAlta,Centralia,10/30/2025,1/5/2026,72,Layoff,
Washington,Amazon,Various locations in Washington,10/28/2025,1/26/2026,2303,Layoff,
Washington,12345678910...,1,6,2,3,4,
Washington,12345678910...,1,6,2,3,4,
Washington,PeaceHealth,Various locations in Washington,10/28/2025,12/27/2025,241,Layoff,
Washington,PacificSource,Tacoma,10/28/2025,12/31/2025,4,Layoff,
Washington,JARDE LLC,Bremerton,10/24/2025,10/31/2025,110,Closure,
Washington,"Meta Platforms, Inc","Seattle, Bellevue, Redmond",10/23/2025,12/22/2025,101,Layoff,
Washington,Virginia Mason Franciscan Health Virtual Health Services,Tacoma,10/17/2025,1/2/2026,5,Layoff,
Washington,"FirstFruits, LLC",Prescott,10/16/2025,11/30/2025,1200,Layoff,
Washington,Above The Dirt LLC,Quincy,10/16/2025,12/15/2025,392,Layoff,
Washington,Double M Orchards,Quincy,10/10/2025,12/5/2025,197,Layoff,
Washington,"Gebbers Farms, Etal",Brewster,10/10/2025,11/25/2025,3465,Layoff,
Washington,"King Fuji Ranch, Inc.",Mattawa,10/10/2025,11/28/2025,334,Layoff,
Washington,Starbucks,"Seattle, Kent",10/9/2025,12/5/2025,974,Layoff,
Washington,"SimplyIOA, LLC",Olympia,10/6/2025,12/2/2025,1,Closure,
Washington,Stemilt Ag Services LLC,Wenatchee,10/6/2025,11/21/2025,1561,Layoff,
Washington,Starbucks,Various locations in Washington,10/3/2025,12/5/2025,338,Closure,
Washington,Farmers New World Life Insurance Company,Bellevue,10/1/2025,10/1/2025,65,Layoff,
Washington,12345678910...,1,6,2,3,4,
Washington,12345678910...,1,6,2,3,4,
Washington,"Oracle America, Inc.",Seattle,10/1/2025,11/3/2025,4,Layoff,
Washington,Manson Growers Orchard Services,Manson,10/1/2025,11/30/2025,257,Layoff,
Washington,AgriNorthwest,Kennewick,10/1/2025,11/30/2025,62,Layoff,
Washington,BM Administrative Services,Various locations in Washington,9/30/2025,11/30/2025,268,Layoff,
Washington,Walmart,Federal Way,9/29/2025,10/31/2025,253,Closure,
Washington,"Agrimacs, Inc.",Chelan,9/29/2025,11/14/2025,1368,Layoff,
Washington,Kershaw Farm Labor Management,Yakima,9/26/2025,11/25/2025,539,Layoff,
Washington,"Gilbert Orchards, Inc.",Yakima,9/23/2025,11/22/2025,599,Layoff,
Washington,"Darigold, Inc.",Chehalis,9/23/2025,11/23/2025,55,Closure,
Washington,Overlake Medical Center & Clinics,Bellevue,9/22/2025,11/23/2025,55,Layoff,
Washington,"Sundquist Fruit, LLC",Yakima and Franklin Counties,9/19/2025,11/20/2025,424,Layoff,
Washington,"Monson Ranches Snake River Orchards, LLC DBA Goose Ridge Vineyards",Benton City,9/19/2025,11/7/2025,310,Layoff,
Washington,Seattle Children's Hospital,"Seattle, Bellevue, Everett, Federal Way, Kennewick",9/17/2025,11/15/2025,154,Layoff,
Washington,"AG Management Group, LLC",Yakima,9/17/2025,11/19/2025,1276,Layoff,
Washington,"Borton & Sons, Inc.",Various locations in Washington,9/17/2025,11/9/2025,1025,Layoff,
Washington,12345678910...,1,6,2,3,4,
Washington,12345678910...,1,6,2,3,4,
Washington,"Cascade View Fruit & Cold Storage, LLC",Selah,9/15/2025,11/16/2025,263,Layoff,
Washington,Columbia Orchard Management,Wenatchee,9/15/2025,11/14/2025,898,Layoff,
Washington,NWFM,Various locations in Washington,9/12/2025,11/15/2025,283,Layoff,
Washington,Washington Orchard Management,Various locations in Washington,9/11/2025,11/7/2025,336,Layoff,
Washington,Microsoft,Redmond,9/8/2025,11/7/2025,42,Layoff,
Washington,Virginia Mason Franciscan Health Virtual Health Services,Tacoma,9/8/2025,11/10/2025,24,Layoff,
Washington,Virginia Mason Franciscan Health Insurance Verification,Tacoma,9/8/2025,11/7/2025,6,Layoff,
Washington,"Oracle America, Inc.",Seattle,9/2/2025,11/3/2025,101,Layoff,
Washington,"Salesforce, Inc.","Seattle, Bellevue",9/2/2025,11/3/2025,93,Layoff,
Washington,Providence Health & Services,Seattle,8/28/2025,10/25/2025,5,Layoff,
Washington,"Rec Room, Inc.",Seattle,8/25/2025,10/26/2025,141,Layoff,
Washington,Pfizer,Bothell,8/25/2025,8/25/2025,100,Layoff,
Washington,Fred Meyer,Kent,8/22/2025,10/17/2025,172,Closure,
Washington,Fred Meyer,Everett,8/22/2025,10/17/2025,189,Closure,
Washington,Fred Meyer,Redmond,8/22/2025,10/18/2025,194,Closure,
Washington,12345678910...,1,6,2,3,4,
California,McDonald's Corporation,Los Angeles County,06/30/2026,09/01/2026,2,,72 Accommodation and Food Services
California,"Genentech, Inc.",San Mateo County,06/26/2026,07/29/2026,103,,54 Professional Scientific and Technical Services
California,Athwal FDS Corporation,San Bernardino County,06/30/2026,08/30/2026,35,,56 Administrative and Support and Waste Management and Remediation
California,Blue Diamond Growers,Sacramento County,07/02/2026,09/04/2026,31,,31-33 Manufacturing
California,"Kingdom Animalia, LLC (Hourglass Cosmetics)",Los Angeles County,07/02/2026,09/15/2026,7,,42 Wholesale Trade
California,DHL Supply Chain,Orange County,07/02/2026,09/03/2026,33,,48-49 Transportation and Warehousing
California,Obsidian,Orange County,07/06/2026,09/04/2026,52,,71 Arts Entertainment and Recreation
California,Chevron,Contra Costa County,07/01/2026,09/01/2026,180,,21 Mining Quarrying Oil and Gas Exraction
California,LeeMAH Electronics,San Mateo County,07/07/2026,09/08/2026,212,,31-33 Manufacturing
California,Xpress Delivery LLC (DSJ9),Alameda County,07/09/2026,09/09/2026,80,,48-49 Transportation and Warehousing
California,OnPoint Logistics LLC,San Francisco County,07/09/2026,09/07/2026,96,,48-49 Transportation and Warehousing
California,6th Street Center for Youth (Youth for Change),Butte County,07/10/2026,08/31/2026,6,,62 Healthcare and Social Assistance
California,Sentinel Restaurant & Hospitality Group LLC,Orange County,07/08/2026,09/08/2026,113,,72 Accommodation and Food Services
California,The Vons Companies Inc.,Los Angeles County,07/07/2026,09/05/2026,55,,44-45 Retail Trade
California,GEODIS,San Bernardino County,07/06/2026,09/03/2026,81,,48-49 Transportation and Warehousing
California,Conduent,Orange County,06/26/2026,08/28/2026,51,,54 Professional Scientific and Technical Services
California,"GMRI, Inc. dba Yard House",Orange County,07/14/2026,09/14/2026,78,,72 Accommodation and Food Services
California,"GXO Logistics Worldwide, LLC",San Bernardino County,07/10/2026,09/18/2026,46,,48-49 Transportation and Warehousing
California,"Udemy, Inc.",San Francisco County,07/14/2026,09/11/2026,28,,61 Educational Services
California,"AWCS, LLC (Cottonwood Post-Acute Rehab",Yolo County,07/13/2026,09/11/2026,158,,62 Healthcare and Social Assistance
California,"Coursera, Inc.",Santa Clara County,07/14/2026,09/11/2026,31,,54 Professional Scientific and Technical Services
California,"ELC Beauty LLC (Too Faced Cosmetics, LLC)",Orange County,07/14/2026,09/30/2026,67,,44-45 Retail Trade
California,"Eargo, Inc.",Santa Clara County,07/15/2026,09/14/2026,57,,31-33 Manufacturing
California,Red Lobster Restaurants LLC,Santa Barbara County,07/14/2026,08/31/2026,37,,72 Accommodation and Food Services
California,Phillips 66,Los Angeles County,07/16/2026,09/16/2026,5,,31-33 Manufacturing
California,"NBCUniversal Media, LLC - 1320",Los Angeles County,07/17/2026,08/28/2026,3,,71 Arts Entertainment and Recreation
California,"NBCUniversal Media, LLC - 1360",Los Angeles County,07/17/2026,08/28/2026,5,,71 Arts Entertainment and Recreation
California,"NBCUniversal Media, LLC -1440",Los Angeles County,07/17/2026,08/28/2026,87,,71 Arts Entertainment and Recreation
California,"NBCUniversal Media, LLC - 1460",Los Angeles County,07/17/2026,08/28/2026,55,,71 Arts Entertainment and Recreation
California,"Aramark Campus, LLC",San Bernardino County,07/16/2026,07/31/2026,94,,72 Accommodation and Food Services
California,"Monterey Mushrooms, LLC",Santa Clara County,07/17/2026,09/20/2026,253,,11 Agriculture Forestry Fishing Hunting
California,Ventura Coastal,Tulare County,07/15/2026,09/18/2026,71,,31-33 Manufacturing
California,"Magic Leap, Inc.",Santa Clara County,07/17/2026,10/01/2026,76,,54 Professional Scientific and Technical Services
California,Wind & Sea Restaurant,Orange County,07/14/2026,09/15/2026,198,,72 Accommodation and Food Services
California,"DesigneRX Pharmaceuticals, Inc.",Solano County,07/20/2026,09/21/2026,25,,54 Professional Scientific and Technical Services
California,Queen City Staffing,Sonoma County,07/14/2026,09/13/2026,49,,56 Administrative and Support and Waste Management and Remediation
California,"New Leaf Community Markets, Inc.",Santa Clara County,07/21/2026,09/20/2026,61,,44-45 Retail Trade
California,Pixar,Alameda County,07/21/2026,09/26/2026,108,,71 Arts Entertainment and Recreation
California,"CraftForce Services, Inc. (2330 Circadian Way)",Sonoma County,07/22/2026,09/20/2026,51,,56 Administrative and Support and Waste Management and Remediation
California,"CraftForce Services, Inc. (2753 Giffen Avenue)",Sonoma County,07/22/2026,09/20/2026,7,,56 Administrative and Support and Waste Management and Remediation
California,Fortrex,Imperial County,07/23/2026,08/21/2026,91,,56 Administrative and Support and Waste Management and Remediation
California,"Uber Technologies, Inc. (1655 3rd Street)",San Francisco County,07/22/2026,09/21/2026,26,,48-49 Transportation and Warehousing
California,"Uber Technologies, Inc. (1725 3rd St.)",San Francisco County,07/22/2026,09/21/2026,1,,48-49 Transportation and Warehousing
California,"Uber Technologies, Inc. (Remote)",San Francisco County,07/22/2026,09/21/2026,14,,48-49 Transportation and Warehousing
California,Chick-fil-A & Fig,Los Angeles County,07/24/2026,09/27/2026,77,,72 Accommodation and Food Services
California,PD Systems,Monterey County,07/27/2026,08/28/2026,81,,54 Professional Scientific and Technical Services
California,Intel Corporation - Robert Noyce Building,Santa Clara County,07/24/2026,08/15/2026,24,,54 Professional Scientific and Technical Services
California,Intel Corporation - SC-9,Santa Clara County,07/24/2026,08/15/2026,10,,54 Professional Scientific and Technical Services
California,Intel Corporation - SC11,Santa Clara County,07/24/2026,08/15/2026,2,,54 Professional Scientific and Technical Services
California,Intel Corporation - SC-12,Santa Clara County,07/24/2026,08/15/2026,67,,54 Professional Scientific and Technical Services
California,O'Brien's Market Inc.,Stanislaus County,07/27/2026,09/26/2026,50,,44-45 Retail Trade
California,O'Briens Market Inc.,Stanislaus County,07/27/2026,09/27/2026,67,,44-45 Retail Trade
California,Sodexo,Orange County,07/24/2026,09/30/2026,164,,72 Accommodation and Food Services
California,"Yerba Mate Co., LLC - San Leandro",Alameda County,07/27/2026,09/01/2026,4,,42 Wholesale Trade
California,"Yerba Mate Co., LLC - Bakersfield/Fresno",Kern County,07/27/2026,09/01/2026,1,,42 Wholesale Trade
California,"Yerba Mate Co., LLC",Los Angeles County,07/27/2026,09/01/2026,6,,42 Wholesale Trade
California,"Yerba Mate Co., LLC - San Fernando Valley",Los Angeles County,07/27/2026,09/01/2026,2,,42 Wholesale Trade
California,"Yerba Mate Co., LLC - Santa Ana",Orange County,07/27/2026,09/01/2026,1,,42 Wholesale Trade
California,"Yerba Mate Co., LLC - Riverside",Riverside County,07/27/2026,09/01/2026,2,,42 Wholesale Trade
California,"Yerba Mate Co., LLC - Sacramento",Sacramento County,07/27/2026,09/01/2026,3,,42 Wholesale Trade
California,"Yerba Mate Co., LLC - South San Francisco",San Mateo County,07/27/2026,09/01/2026,1,,42 Wholesale Trade
California,"Yerba Mate Co., LLC - Santa Barbara",Santa Barbara County,07/27/2026,09/01/2026,1,,42 Wholesale Trade
California,"Yerba Mate Co., LLC - Santa Maria",Santa Barbara County,07/27/2026,09/01/2026,1,,42 Wholesale Trade
California,"Yerba Mate Co., LLC - Santa Cruz",Santa Cruz County,07/27/2026,09/01/2026,1,,42 Wholesale Trade
California,"Yerba Mate Co., LLC - Petaluma",Sonoma County,07/27/2026,09/01/2026,1,,42 Wholesale Trade
California,"Yerba Mate Co., LLC - Santa Rosa",Sonoma County,07/27/2026,09/01/2026,1,,42 Wholesale Trade
California,"ServiceNow, Inc.",Santa Clara County,07/28/2026,09/28/2026,154,,54 Professional Scientific and Technical Services
California,"ServiceNow, Inc.",San Diego County,07/28/2026,09/28/2026,133,,54 Professional Scientific and Technical Services
California,Silgan Containers,Stanislaus County,07/21/2026,09/21/2026,55,,56 Administrative and Support and Waste Management and Remediation
California,Tencent America LLC,Orange County,07/29/2026,09/28/2026,68,,51 Information
California,Federal Express Corporation,Riverside County,07/29/2026,09/29/2026,62,,48-49 Transportation and Warehousing
California,Federal Express Corporation,San Bernardino County,07/28/2026,09/28/2026,54,,48-49 Transportation and Warehousing
California,Sunnyside Restaurant and Lodge,Placer County,07/28/2026,10/04/2026,47,,72 Accommodation and Food Services
California,"International Rescue Committee, Inc.",Sacramento County,07/28/2026,09/30/2026,41,,62 Healthcare and Social Assistance
California,"International Rescue Committee, Inc.",Stanislaus County,07/28/2026,09/30/2026,15,,62 Healthcare and Social Assistance
California,"WeDriveU, Inc.",Kern County,07/31/2026,10/01/2026,34,,48-49 Transportation and Warehousing
California,"WeDriveU, Inc.",Kern County,07/31/2026,10/01/2026,12,,48-49 Transportation and Warehousing
California,"WeDriveU, Inc.",Kern County,07/31/2026,10/01/2026,15,,48-49 Transportation and Warehousing
California,"WeDriveU, Inc.",Kern County,07/31/2026,10/01/2026,1,,48-49 Transportation and Warehousing
California,"WeDriveU, Inc.",Kern County,07/31/2026,10/01/2026,1,,48-49 Transportation and Warehousing
California,Visa,San Mateo County,07/31/2026,10/01/2026,320,,52 Finance and Insurance
California,"Veritone, Inc.",Orange County,07/30/2026,09/28/2026,10,,54 Professional Scientific and Technical Services
California,Yamaha Motor Finance Corporation U.S.A.,Orange County,07/31/2026,10/01/2026,61,,52 Finance and Insurance
California,"TPE Acquisition, LLC - 5116",San Bernardino County,07/31/2026,09/30/2026,3,,48-49 Transportation and Warehousing
California,"TPE Acquisition, LLC - 5026",San Bernardino County,07/31/2026,09/30/2026,12,,48-49 Transportation and Warehousing
California,"Chime Financial, Inc.",San Francisco County,07/31/2026,09/30/2026,135,,52 Finance and Insurance
California,"San Francisco Pretrial Diversion Project, Inc.",San Francisco County,07/30/2026,11/13/2026,82,,62 Healthcare and Social Assistance
California,"Nutanix, Inc.",Santa Clara County,08/04/2026,10/05/2026,65,,51 Information
California,"Eclipse Advantage, LLC",San Bernardino County,08/05/2026,10/05/2026,18,,56 Administrative and Support and Waste Management and Remediation
California,"Salesforce, Inc.",San Francisco County,08/05/2026,10/05/2026,74,,51 Information
California,LAZ Parking California (9610 Sky Way),Los Angeles County,08/06/2026,10/06/2026,139,,81 Other Services Except Public Administration
California,LAZ Parking California (5455 West 111th Street),Los Angeles County,08/06/2026,10/06/2026,58,,81 Other Services Except Public Administration
California,LAZ Parking California (5251 West 98th Street),Los Angeles County,08/06/2026,10/06/2026,50,,81 Other Services Except Public Administration
California,Staples Fulfillment Center,Los Angeles County,08/05/2026,10/09/2026,109,,44-45 Retail Trade
California,Essendant Co.,Riverside County,08/03/2026,10/03/2026,4,,42 Wholesale Trade
California,Essendant Co.,Sacramento County,08/03/2026,10/03/2026,99,,42 Wholesale Trade
California,Silgan Containers,Stanislaus County,07/21/2026,07/21/2026,60,,56 Administrative and Support and Waste Management and Remediation
California,Renteria Vineyard Management,Napa County,08/07/2026,10/15/2026,91,,11 Agriculture Forestry Fishing Hunting
California,G3 Enterprises,Stanislaus County,08/07/2026,10/06/2026,66,,31-33 Manufacturing
California,"Bumble Bee Foods, LLC",Los Angeles County,08/11/2026,11/19/2026,197,,31-33 Manufacturing
California,ZOLL Medical Corporation,Riverside County,08/11/2026,02/01/2027,78,,81 Other Services Except Public Administration
California,Sharp Metropolitan Medical Campus  - Sharp Memorial Hospital,San Diego County,08/11/2026,10/10/2026,20,,62 Healthcare and Social Assistance
California,Sharp Metropolitan Medical Campus - Sharp Mesa Vista,San Diego County,08/11/2026,10/10/2026,134,,62 Healthcare and Social Assistance
California,Sharp Metropolitan Medical Group - Sharp McDonald Center,San Diego County,08/11/2026,10/10/2026,2,,62 Healthcare and Social Assistance
California,Sharp Metropolitan Medical Campus - Sharp Mary Birch Hospital,San Diego County,08/11/2026,10/10/2026,7,,62 Healthcare and Social Assistance
California,Sharp Metropolitan Medical Campus - Sharp Outpatient Pavilion,San Diego County,08/11/2026,10/10/2026,5,,62 Healthcare and Social Assistance
California,Adventist Health Glendale,Los Angeles County,08/11/2026,09/01/2026,7,,62 Healthcare and Social Assistance
California,EBALDC (100 9th Street),Alameda County,08/11/2026,10/10/2026,4,,92 Public Administration
California,EBALDC (121 E 12th Street),Alameda County,08/11/2026,10/10/2026,2,,92 Public Administration
California,EBALDC (1448 10th Street),Alameda County,08/11/2026,10/10/2026,2,,92 Public Administration
California,"EBALDC (1825 San Pablo Ave., Suite 200)",Alameda County,08/11/2026,10/10/2026,20,,92 Public Administration
California,EBALDC (188 11th Street),Alameda County,08/11/2026,10/10/2026,4,,92 Public Administration
California,EBALDC (1935 Seminary Ave),Alameda County,08/11/2026,10/10/2026,2,,92 Public Administration
California,EBALDC (1955 San Pablo Ave),Alameda County,08/11/2026,10/10/2026,9,,92 Public Administration
California,EBALDC (2201 Brush St.),Alameda County,08/11/2026,10/10/2026,5,,92 Public Administration
California,EBALDC (2555 International BLVD),Alameda County,08/11/2026,10/10/2026,5,,92 Public Administration
California,EBALDC (283 13th Street),Alameda County,08/11/2026,10/10/2026,4,,92 Public Administration
California,EBALDC (2946 International BLVD),Alameda County,08/11/2026,10/10/2026,2,,92 Public Administration
California,EBALDC (3501 San Pablo Ave),Alameda County,08/11/2026,10/10/2026,9,,92 Public Administration
California,EBALDC (3850 San Pablo Ave),Alameda County,08/11/2026,10/10/2026,1,,92 Public Administration
California,EBALDC (700 Willow Street),Alameda County,08/11/2026,10/10/2026,2,,92 Public Administration
California,EBALDC (801 Pine Street),Alameda County,08/11/2026,10/10/2026,4,,92 Public Administration
California,EBALDC (918 Clay Street),Alameda County,08/11/2026,10/10/2026,2,,92 Public Administration
California,EBALDC (989 Brush Street),Alameda County,08/11/2026,10/10/2026,2,,92 Public Administration
California,EBALDC (120 Macdonald Ave),Contra Costa County,08/11/2026,10/10/2026,1,,92 Public Administration
California,EBALDC (907 Lake Street),Contra Costa County,08/11/2026,10/10/2026,2,,92 Public Administration
California,Universal City Studios Productions LLLP,Los Angeles County,08/13/2026,10/13/2026,14,,51 Information
California,"Netflix, Inc.",Los Angeles County,08/13/2026,07/14/2026,59,,51 Information
California,Roskam Baking Company dba Organic Milling,Los Angeles County,08/17/2026,10/02/2026,115,,31-33 Manufacturing
California,LeeMAH Electronics,San Mateo County,08/17/2026,10/16/2026,205,,31-33 Manufacturing
California,Corteva Agriscience LLC,Contra Costa County,08/18/2026,10/30/2026,2,,31-33 Manufacturing
California,Stockton Truss LLC,San Joaquin County,08/18/2026,10/18/2026,65,,31-33 Manufacturing
California,"Volume Services, Inc. (Sodexo)",Ventura County,08/17/2026,10/16/2026,93,,72 Accommodation and Food Services
California,"Stone Brewing Co., LLC - Executive Place",San Diego County,08/19/2026,10/19/2026,6,,31-33 Manufacturing
California,"Stone Brewing Co., LLC - Harmony Grove",San Diego County,08/19/2026,10/19/2026,2,,31-33 Manufacturing
California,"Stone Brewing CO., LLC - Citracado Parkway",San Diego County,08/19/2026,10/19/2026,50,,31-33 Manufacturing
California,"Flying Food Group, LLC",San Mateo County,08/14/2026,10/13/2026,72,,72 Accommodation and Food Services
California,Silgan Containers,Stanislaus County,08/12/2026,10/12/2026,120,,31-33 Manufacturing
California,"Haas Automation, Inc.",Ventura County,08/19/2026,11/02/2026,73,,31-33 Manufacturing
California,Blue Shield of California,Alameda County,08/21/2026,10/20/2026,25,,52 Finance and Insurance
California,Blue Shield of California (Building C),El Dorado County,08/21/2026,10/20/2026,1,,52 Finance and Insurance
California,Blue Shield of California (Building B),El Dorado County,08/21/2026,10/20/2026,12,,52 Finance and Insurance
California,Blue Shield of California,Los Angeles County,08/21/2026,10/20/2026,8,,52 Finance and Insurance
California,Blue Shield of California,Los Angeles County,08/21/2026,10/20/2026,3,,52 Finance and Insurance
California,Blue Shield of California,Sacramento County,08/21/2026,10/20/2026,5,,52 Finance and Insurance
California,Blue Shield of California,San Diego County,08/21/2026,10/20/2026,4,,52 Finance and Insurance
California,Blue Shield of California,San Joaquin County,08/21/2026,10/20/2026,2,,52 Finance and Insurance
California,Cellares Corporation,San Mateo County,08/21/2026,10/20/2026,100,,54 Professional Scientific and Technical Services
California,"Apple, Inc. - Cupertino",Santa Clara County,08/20/2026,10/19/2026,79,,31-33 Manufacturing
California,"Apple, Inc. - Sunnyvale",Santa Clara County,08/20/2026,10/19/2026,28,,31-33 Manufacturing
California,"Apple, Inc. - Maude Ave.",Santa Clara County,08/20/2026,10/19/2026,40,,31-33 Manufacturing
California,Jabil Inc.,Santa Clara County,08/20/2026,11/23/2026,382,,31-33 Manufacturing
California,"BFG Supply Co., LLC",San Bernardino County,08/24/2026,10/25/2026,37,,42 Wholesale Trade
California,"BFG Supply Co., LLC",Yolo County,08/24/2026,10/25/2026,2,,42 Wholesale Trade
California,"Levine Management Group, Inc.",Los Angeles County,08/18/2026,08/17/2026,72,,56 Administrative and Support and Waste Management and Remediation
Colorado,TIAA  ,,01/02/2026,,,,
Colorado,Tessera Therapeutics,,01/06/2026,,,,
Colorado,Alan Ritchey,,01/06/2026,,,,
Colorado,EPTAM West LLC dba Precision Metals,,01/15/2026,,,,
Colorado,Battelle,,01/15/2026,,,,
Colorado,KIRA Training,,12/29/2025,,,,
Colorado,Batelle,,02/26/2026,,,,
Colorado,Block,,02/26/2026,,,,
Colorado,PharmaCann Inc.,,03/20/2026,,,,
Colorado,"T&H/KIRA: KIRA Infrastructure, KIRA Integrated Solutions, T&H Solutions, T&H Services, KIRA Aviation",,04/01/2026,,,,
Colorado,Eagle Rock Distribution,,04/03/2026,,,,
Colorado,Battelle,,04/09/2026,,,,
Colorado,T-Mobile,,04/10/2026,,,,
Colorado,Tendit Group LLC,,04/13/2026,,,,
Colorado,PNC Bank NA,,04/17/2026,,,,
Colorado,Republic National Distributing Company LLC (RNDC),,04/22/2026,,,,
Colorado,Battelle,,04/23/2026,,,,
Colorado,Aurora Mental Health & Recovery,,04/30/2026,,,,
Colorado,TIAA - Update,,04/29/2026,,,,
Colorado,Battelle,,04/30/2026,,,,
Colorado,Accel,,04/30/2026,,,,
Colorado,CAE,,06/01/2026,,,,
Colorado,Paragon Space Development Corp,,06/11/2026,,,,
Colorado,Battelle,,6/11//26,,,,
Colorado,Conduent,,06/26/2026,,,,
Colorado,Battelle,,07/09/2026,,,,
Colorado,The Cannabist Company,,07/14/2026,,,,
Colorado,EPTAM West LLC dba EPTAM Metals,,07/20/2026,,,,
Colorado,Travelport LP,,07/21/2026,,,,
Colorado,Public Storage,,07/22/2026,,,,
Colorado,PetVet Operating,,07/10/2026,,,,
Colorado,Public Storage Correction to 7/22/26 WARN,,07/24/2026,,,,
Colorado,Tlingt Haida ,,07/29/2026,,,,
Colorado,TIAA,,07/31/2026,,,,
Colorado,80 Acres Urban Agriculture dba 80 Acres Farms,,08/03/2026,,,,
Colorado,NR ParentCO dba Native Roots,,08/03/2026,,,,
Colorado,Battelle,,08/06/2026,,,,
Colorado,Battelle,,08/13/2026,,,,
Colorado,Mission Foods,,08/14/2026,,,,
Colorado, ,,,,,,
Colorado, ,,,,,,
Colorado,,,2026 YTD,,,,
Colorado,,,Total CO WARNs,,,,
Colorado,,,Total CO Notified,,,,
Colorado,,,,,,,
Colorado, Safeway Inc. Store 1792,,09/09/2025,,,,
Colorado,ACG Biologics,,09/16/2025,,,,
Colorado,Amentum,,01/28/2025,,,,
Colorado,Amentum,,03/24/2025,,,,
Colorado,Amentum,,06/05/2025,,,,
Colorado,Amentum,,06/24/2025,,,,
Colorado,Amentum,,07/30/2025,,,,
Colorado,Amentum,,08/25/2025,,,,
Colorado,Amentum,,10/01/2025,,,,
Colorado,Amentum (Update),,12/04/2025,,,,
Colorado,American Medical Response,,10/31/2025,,,,
Colorado,Banner Health,,09/04/2025,,,,
Colorado,Battelle,,01/16/2025,,,,
Colorado,Battelle,,04/21/2025,,,,
Colorado,Battelle,,07/14/2025,,,,
Colorado,Battelle,,08/11/2025,,,,
Colorado,Battelle,,08/25/2025,,,,
Colorado,Battelle,,10/30/2025,,,,
Colorado,Block Inc.,,03/25/2025,,,,
Colorado,Block Inc.,,08/12/2025,,,,
Colorado,Bowhead Mission Solutions LLC (Newport Rd),,06/27/2025,,,,
Colorado,Bowhead Missions Solutions LLC (Aviation Way),,06/27/2025,,,,
Colorado,Chevron,,05/02/2025,,,,
Colorado,ColoWyo Coal Company LP,,11/04/2025,,,,
Colorado,ColoWyo Coal Company LP (UPDATE),,11/18/2025,,,,
Colorado,Comcast,,10/15/2025,,,,
Colorado,Hallcon,,04/24/2025,,,,
Colorado,Heibar Installation Inc.,,12/02/2025,,,,
Colorado,Johnstown Heights Behavioral Health,,01/30/2025,,,,
Colorado,JVS Masonry,,04/01/2025,,,,
Colorado,Meati,,03/07/2025,,,,
Colorado,Microchip,,03/04/2025,,,,
Colorado,Newmont,,08/28/2025,,,,
Colorado,Newmont,,10/01/2025,,,,
Colorado,Newmont (Update/Phase 3),,10/15/2025,,,,
Colorado,Nordstrom,,06/26/2025,,,,
Colorado,Nordstrom ,,07/29/2025,,,,
Colorado,Nordstrom Credit Bank,,08/22/2025,,,,
Colorado,Nordstrom Credit Bank,,11/17/2025,,,,
Colorado,Nordstrom Credit Bank,,11/20/2025,,,,
Colorado,Nordstrom Credit Bank,,12/30/2025,,,,
Colorado,OneTouch,,07/10/2025,,,,
Colorado,QualityBuilt,,07/07/2025,,,,
Colorado,QuantumScape Battery,,01/28/2025,,,,
Colorado,Robert Russell Eastern Star Masonic Retirement Camps,,04/01/2025,,,,
Colorado,Safeway Inc. Store 0017  ,,09/09/2025,,,,
Colorado,Safeway Inc. Store 0137,,09/09/2025,,,,
Colorado,Safeway Inc. Store 0835,,09/09/2025,,,,
Colorado,Safeway Inc. Store 0862,,09/09/2025,,,,
Colorado,Safeway Inc. Store 0881,,09/09/2025,,,,
Colorado,Safeway Inc. Store 1038,,09/09/2025,,,,
Colorado,Safeway Inc. Store 1721,,09/09/2025,,,,
Colorado,Safeway Inc. Store 2915,,09/09/2025,,,,
Colorado,Safeway Inc. Store 3723,,09/09/2025,,,,
Colorado,Salvation Army (updated),,10/29/2025,,,,
Colorado,"Sherwood Food Distributors, Harvest Meat Company, Western Boxed Meat Company",,02/18/2025,,,,
Colorado,Smokin Bear LLC,,11/14/2025,,,,
Colorado,Sodexo,,06/11/2025,,,,
Colorado,TeKnowledge OPS USA,,08/29/2025,,,,
Colorado,Thule Inc.,,04/16/2025,,,,
Colorado,TIAA,,04/29/2025,,,,
Colorado,TIAA,,10/02/2025,,,,
Colorado,TIAA (Update),,08/01/2025,,,,
Colorado,Total Frac Solutions,,01/28/2025,,,,
Colorado,Vail Corporation,,04/02/2025,,,,
Colorado,West Pines Behavioral Health,,01/08/2025,,,,
Colorado,West Springs Hospital,,02/24/2025,,,,
Colorado,,,,,,,
Connecticut,"Conduent Commercial Solutions, LLC",Remote,2026-06-26 00:00:00,2026-08-28 00:00:00,2,Layoff,
Connecticut,"G2 Secure Staffing, LLC",Windsor Locks,2026-06-19 00:00:00,2026-08-19 00:00:00,100,Layoff - Permanent,ground handling support to Delta at Bradley International Airport
Connecticut,Guida-Seibert Dairy Company,New Britain,2026-05-21 00:00:00,07/20/2026-08/31/2026,205,Closure - Permanent,
Connecticut,IDEX Health and Science LLC,Bristol,2026-05-05 00:00:00,07/15/2026-10/30/2026,73,Closure - Permanent,
Connecticut,CVS Health Aetnas Clinical Solutions/Aetna Business Operations,Remote,2026-05-04 00:00:00,2026-07-03 00:00:00,6,Layoff - Permanent,
Connecticut,Stanley Black and Decker,New Britain,2026-03-04 00:00:00,05/04/2026-04/14/2027,300,Closure - Permanent,
Connecticut,"Talcott Resolution Life, Inc.",Hartford,2026-02-18 00:00:00,2026-04-24 00:00:00,101,Closure - Permanent,
Connecticut,"Main Street Sports Group, LLC",Southport,2026-02-13 00:00:00,2026-04-14 00:00:00,44,Closure - Permanent,
Connecticut,CVS Heath - Aetna,"Hartford, Remote",2026-02-04 00:00:00,04/03/2026-07/31/2026,313,Layoff - Permanent,
Connecticut,Macys Cheshire Fulfillment Center,Cheshire,2026-01-13 00:00:00,03/14/2026-04/30/2027,993,Closure - Permanent,
Connecticut,Macys Store Delivery Center (SDS) and Customer Returns Center (CRD) Operations,South Windsor,2026-01-12 00:00:00,2026-03-14 00:00:00,57,Closure - Permanent,
Connecticut,JeniusBank,Remote,2026-01-08 00:00:00,2026-03-10 00:00:00,161,Layoff - Permanent,
Connecticut,"Tessera Therapeutics, Inc",Remote,2026-01-06 00:00:00,2026-03-08 00:00:00,1,Layoff - Permanent,
Connecticut,Connecticut Custom Car,Enfield,2025-12-08 00:00:00,2025-11-26 00:00:00,5,Closure,
Connecticut,PosiGen Developer LLC,Shelton,2025-11-14 00:00:00,11/23/2025-12/06/2025,,Closure - Permanent,
Connecticut,Edgewell Personal Care/Schick,Milford,2025-11-13 00:00:00,03/02/2026-12/31/2027        ,293,Closure - Permanent,
Connecticut,"NSI Industries, LLC; Metallics, Inc",Bristol,2025-11-07 00:00:00,05/01/2026-09/30/2026        ,33,Closure - Permanent,
Connecticut,"ELG Utica Alloys (Harford), Inc.",Hartford,2025-10-31 00:00:00,2025-12-31 00:00:00,51,Layoff,
Connecticut,Macys South Windsor Distribution Center,South Windsor,2025-10-28 00:00:00,2025-12-28 00:00:00,106,Closure,
Connecticut,CVS Health,Remote,2025-10-17 00:00:00,2025-12-31 00:00:00,72,Layoff,
Connecticut,PosiGen Developer LLC,Shelton,2025-10-24 00:00:00,2025-11-02 00:00:00,,Layoff,
Connecticut,Balducci’s Store 3610,Westport,2025-10-24 00:00:00,2026-02-28 00:00:00,59,Closure,
Connecticut,"ImageFIRST Healthcare Laundry Specialists, LLC",Farmington,2025-10-09 00:00:00,2025-12-08 00:00:00,69,Layoff,
Connecticut,PosiGen Developer LLC,"Shelton, Danbury, Wethersfield",2025-10-03 00:00:00,10/12/2025-10/25/2025,,Closure,
Connecticut,"SimplyIOA, LLC",Remote,2025-10-07 00:00:00,2025-12-02 00:00:00,66,Closure - Permanent,
Connecticut,PerkinElmer U.S. LLC,Shelton,2025-09-23 00:00:00,11/24/2025-04/01/2026,68,Closure - Permanent,
Connecticut,PosiGen Developer LLC,"Shelton, Danbury, Wethersfield",2025-09-12 00:00:00,09/21/2025-10/04/2025,,Closure,
Connecticut,PosiGen Developer LLC,"Shelton, Danbury, Wethersfield",2025-08-25 00:00:00,2025-08-24 00:00:00,78,Layoff - Permanent,
Connecticut,ACME Market,Greenwich,2025-08-04 00:00:00,2025-10-09 00:00:00,56,Closure,
Connecticut,First Student,Stamford,2025-06-20 00:00:00,2025-07-01 00:00:00,140,Closure,
Connecticut,"HDR Trumbull, LLC dba St. Joseph's Center",Trumbull,2025-06-10 00:00:00,06/10/2025-08/09/2025,179,Closure,
Connecticut,"Feeney Brothers Excavation, LLC (Second Update)",Waterbury,2025-05-16 00:00:00,2025-05-16 00:00:00,6,Layoff,
Connecticut,"TransAxle, LLC",Killingly,2025-05-16 00:00:00,07/15/2025-07/29/2025,4,Closure,4 of 82 affected workers are CT residents
Connecticut,"Feeney Brothers Excavation, LLC (Update)",Waterbury,2025-05-02 00:00:00,2025-05-02 00:00:00,9,Layoff,
Connecticut,"Arvinas, Inc.",New Haven,2025-04-30 00:00:00,2025-06-29 00:00:00,92,Layoff,92 of 131 affected workers are CT residents
Connecticut,CVS Health,Hartford,2025-04-24 00:00:00,08/03/2025-12/28/2025,1,Layoff,1 of 55 affected workers are CT residents
Connecticut,"Feeney Brothers Excavation, LLC",Waterbury,2025-04-16 00:00:00,04/15/2025-07/31/2025,37,Layoff,
Connecticut,"Block, Inc.",Remote,2025-03-25 00:00:00,2025-05-24 00:00:00,2,Layoff,
Connecticut,Barnes Group Inc.,Bristol,2025-03-10 00:00:00,03/31/2025-09/30/2025,28,Closure,
Connecticut,Rheem Manufacturing Company Eemax Division,Waterbury,2025-02-24 00:00:00,04/30/2025-07/30/2025,76,Closure,
Connecticut,CVS Health,Hartford,2025-02-11 00:00:00,2025-04-12 00:00:00,4,Layoff,0 of 4 affected workers are CT residents
Connecticut,HyAxiom (Update),"South Windsor, East Hartford",2025-02-10 00:00:00,2025-04-11 00:00:00,3,Layoff,
Connecticut,CVS Health,Hartford,2025-02-04 00:00:00,2025-06-07 00:00:00,22,Layoff,10 of 22 affected workers are CT residents
Connecticut,J.J. Ryan Corporation dba Rex Forge,Plantsville,2025-02-03 00:00:00,02/10/2025-02/24/2025,103,Closure,
Connecticut,CVS Health,Hartford,2025-01-17 00:00:00,03/09/2025-03/23/2025,13,Layoff,2 of 13 affected workers are CT residents
Delaware,Quality Built LLC,Fort Lauderdale,07/07/2025,,,WARN,1 - Statewide
Delaware,"Harrington Logistics, LLC",Harrington,03/31/2025,,,WARN,1 - Statewide
Delaware,"Atlas Hospitality Group, LLC",Baltimore,04/30/2026,,,WARN,1 - Statewide
Delaware,Conduent,Florham Park,06/29/2026,,,WARN,1 - Statewide
Delaware,JeniusBank,New York,08/10/2026,,,WARN,1 - Statewide
Florida,"Group 1001 Resources, LLC",MIRAMAR,01/02/2025,,,,22 | BROWARD
Florida,Morrison Healthcare,CORAL GABLES,01/03/2025,,,,23 | MIAMI-DADE
Florida,Morrison Healthcare,LAUDERDALE LAKES,01/03/2025,,,,22 | BROWARD
Florida,Morrison Healthcare,HIALEAH,01/03/2025,,,,23 | MIAMI-DADE
Florida,Morrison Healthcare,HIALEAH,01/03/2025,,,,23 | MIAMI-DADE
Florida,Morrison Healthcare,MIAMI,01/03/2025,,,,23 | MIAMI-DADE
Florida,"CHG Healthcare Services, Inc.",BOCA RATON,01/03/2025,,,,21 | PALM BEACH
Florida,"Alico, Inc",ARCADIA,01/06/2025,,,,20 | DESOTO
Florida,Crothall Healthcare,CORAL GABLES,01/07/2025,,,,23 | MIAMI-DADE
Florida,Crothall Healthcare,LAUDERDALE LAKES,01/07/2025,,,,22 | BROWARD
Florida,Crothall Healthcare,HIALEAH,01/07/2025,,,,23 | MIAMI-DADE
Florida,Crothall Healthcare,MIAMI,01/07/2025,,,,23 | MIAMI-DADE
Florida,Crothall Healthcare,HIALEAH,01/07/2025,,,,23 | MIAMI-DADE
Florida,Crothall Healthcare,LAUDERDALE LAKES,01/09/2025,,,,22 | BROWARD
Florida,"Stryker Employment Company, LLC",LAKELAND,01/13/2025,,,,17 | POLK
Florida,NeuroBehavioral Hospitals,BOYNTON BEACH,01/15/2025,,,,21 | PALM BEACH
Florida,NeuroBehavioral Hospitals,WEST PALM BEACH,01/15/2025,,,,21 | PALM BEACH
Florida,Metropolis Company,LAKE BUENA VISTA,01/24/2025,,,,12 | ORANGE
Florida,Metropolis Company,LAKE BUENA VISTA,01/24/2025,,,,12 | ORANGE
Florida,Metropolis Company,LAKE BUENA VISTA,01/24/2025,,,,12 | ORANGE
Florida,Metropolis Company,ORLANDO,01/24/2025,,,,12 | ORANGE
Florida,Metropolis Company,LAKE BUENA VISTA,01/24/2025,,,,12 | ORANGE
Florida,"LEGOLAND Florida, Inc",WINTER HAVEN,01/28/2025,,,,17 | POLK
Florida,Bellwether Beach Resort,ST. PETE BEACH,01/30/2025,,,,28 | PINELLAS
Florida,e-TeleQuote Insurance,TAMPA,02/05/2025,,,,28 | HILLSBOROUGH
Florida,"CHG Healthcare Services, Inc.",BOCA RATON,02/06/2025,,,,21 | PALM BEACH
Florida,"Wise US, Inc",TAMPA,02/10/2025,,,,28 | HILLSBOROUGH
Florida,Sky Lease Cargo,MIAMI,02/12/2025,,,,23 | MIAMI-DADE
Florida,"Stryker Employment Company, LLC",LAKELAND,02/13/2025,,,,17 | POLK
Florida,Behavioral Health Link,ROTONDA WEST,02/19/2025,,,,24 | CHARLOTTE
Florida,Behavioral Health Link,JACKSONVILLE,02/19/2025,,,,8 | DUVAL
Florida,Behavioral Health Link,MIDDLEBURG,02/19/2025,,,,8 | CLAY
Florida,Harvest Sherwoord Food Distributors,OPA LOCKA,02/19/2025,,,,23 | MIAMI-DADE
Florida,Harvest Sherwoord Food Distributors,ORLANDO,02/19/2025,,,,12 | ORANGE
Florida,Orlando Health,ROCKLEDGE,02/21/2025,,,,27 | BREVARD
Florida,Enhance Health LLC,SUNRISE,02/24/2025,,,,22 | BROWARD
Florida,Transportation Operations & Management Solution LLC,ORLANDO,02/25/2025,,,,12 | ORANGE
Florida,The Ritz-Carlton,MIAMI,02/25/2025,,,,23 | MIAMI-DADE
Florida,FirstService Residential,DANIA,02/25/2025,,,,22 | BROWARD
Florida,"Miami Mezze LLC, d/b/a Aba Restaurant",BAL HARBOUR,02/25/2025,,,,23 | MIAMI-DADE
Florida,Sodexo,ROCKLEDGE,02/25/2025,,,,27 | BREVARD
Florida,UPS,HIALEAH,02/26/2025,,,,23 | MIAMI-DADE
Florida,Kindred Hospital East LLC d/b/aTampa Bay Area Hospital,TAMPA,02/28/2025,,,,28 | HILLSBOROUGH
Florida,"Veyer, LLC",ORLANDO,03/03/2025,,,,12 | ORANGE
Florida,Royal Palm South Beach Miami,MIAMI BEACH,03/04/2025,,,,23 | MIAMI-DADE
Florida,Wells Fargo,JACKSONVILLE,03/05/2025,,,,8 | DUVAL
Florida,"Primo Brands, Inc",LAKELAND,03/06/2025,,,,17 | POLK
Florida,"SP+, A Metropolis Company",ORLANDO,03/07/2025,,,,12 | ORANGE
Florida,AT&T,SUNRISE,03/14/2025,,,,22 | BROWARD
Florida,BOEING test,ALFORD,03/14/2025,,,,3 | JACKSON
Florida,BOEING,ALFORD,03/14/2025,,,,3 | JACKSON
Florida,BOEING,ALTAMONTE SPRINGS,03/14/2025,,,,12 | SEMINOLE
Florida,AT&T,ALTOONA,03/14/2025,,,,12 | LAKE
Florida,"SLS South Beach Employer, LLC",MIAMI BEACH,03/17/2025,,,,23 | MIAMI-DADE
Florida,SPOONFUL MANAGEMENT MIAMI LLC,MIAMI BEACH,03/17/2025,,,,23 | MIAMI-DADE
Florida,Wells Fargo,JACKSONVILLE,03/19/2025,,,,8 | DUVAL
Florida,National Distribution Centers LLC,ORLANDO,03/21/2025,,,,12 | ORANGE
Florida,"Cayuga Home for Children, dba Cayuga Centers",FORT LAUDERDALE,03/25/2025,,,,22 | BROWARD
Florida,"Cayuga Home for Children, dba Cayuga Centers",MIAMI BEACH,03/25/2025,,,,23 | MIAMI-DADE
Florida,"Cayuga Home for Children, dba Cayuga Centers",PORT SAINT LUCIE,03/25/2025,,,,20 | SAINT LUCIE
Florida,"Cayuga Home for Children, dba Cayuga Centers",BOYNTON BEACH,03/25/2025,,,,21 | PALM BEACH
Florida,"CSG Systems, Inc",CRAWFORDVILLE,03/26/2025,,,,5 | WAKULLA
Florida,"Interstate Management Company, LLC (""Aim bridge"")",SARASOTA,03/27/2025,,,,18 | SARASOTA
Florida,"HSNi, LLC and HSN, Inc",SAINT PETERSBURG,03/28/2025,,,,28 | PINELLAS
Florida,"FedEx Supply Chain, Inc.",JACKSONVILLE,03/31/2025,,,,8 | DUVAL
Florida,"Pretium Packaging, L.L.C",JACKSONVILLE,03/31/2025,,,,8 | DUVAL
Florida,Merlin Magic Shop,LAKE WALES,04/02/2025,,,,17 | POLK
Florida,"Mandarin Oriental, Miami, FL",MIAMI,04/02/2025,,,,23 | MIAMI-DADE
Florida,Jacksonville Orthopedic Institute,JACKSONVILLE,04/02/2025,,,,8 | DUVAL
Florida,Jacksonville Orthopedic Institute,FLEMING ISLAND,04/02/2025,,,,8 | CLAY
Florida,Jacksonville Orthopedic Institute,JACKSONVILLE,04/02/2025,,,,8 | DUVAL
Florida,Jacksonville Orthopedic Institute,JACKSONVILLE,04/02/2025,,,,8 | DUVAL
Florida,Jacksonville Orthopedic Institute,JACKSONVILLE,04/02/2025,,,,8 | DUVAL
Florida,Jacksonville Orthopedic Institute,JACKSONVILLE,04/02/2025,,,,8 | DUVAL
Florida,Jacksonville Orthopedic Institute,SAINT AUGUSTINE,04/02/2025,,,,8 | SAINT JOHNS
Florida,Jacksonville Orthopedic Institute,JACKSONVILLE,04/02/2025,,,,8 | DUVAL
Florida,Jacksonville Orthopedic Institute,JACKSONVILLE,04/02/2025,,,,8 | DUVAL
Florida,Jacksonville Orthopedic Institute,JACKSONVILLE,04/02/2025,,,,8 | DUVAL
Florida,Jacksonville Orthopedic Institute,JACKSONVILLE,04/02/2025,,,,8 | DUVAL
Florida,"Aramark Campus, LLC",TAMPA,04/09/2025,,,,28 | HILLSBOROUGH
Florida,"Jones Lang LaSalle Americas, Inc. (“JLL”)",ORLANDO,04/15/2025,,,,12 | ORANGE
Florida,"Davis Express, Inc.",STARKE,04/16/2025,,,,26 | BRADFORD
Florida,"Amerant Mortgage, LLC",LAKELAND,04/25/2025,,,,17 | POLK
Florida,"Tampa Sportservice, Inc.",TAMPA,04/25/2025,,,,28 | HILLSBOROUGH
Florida,Center for Family & Child Enrichment,MIAMI GARDENS,04/28/2025,,,,23 | MIAMI-DADE
Florida,Cano Health LLC,CLERMONT,04/29/2025,,,,12 | LAKE
Florida,Cano Health LLC,ORLANDO,04/29/2025,,,,12 | ORANGE
Florida,Cano Health LLC,KISSIMMEE,04/29/2025,,,,12 | OSCEOLA
Florida,Cano Health LLC,SAINT CLOUD,04/29/2025,,,,12 | OSCEOLA
Florida,Thermo Fisher Scientific,ORLANDO,04/30/2025,,,,12 | ORANGE
Florida,ERMC Aviation Services,FORT LAUDERDALE,05/01/2025,,,,22 | BROWARD
Florida,C&S Wholesale Services,BALDWIN,05/01/2025,,,,8 | DUVAL
Florida,ABM Industries,ORLANDO,05/01/2025,,,,12 | ORANGE
Florida,Northern Air Cargo LLC,MIAMI,05/02/2025,,,,23 | MIAMI-DADE
Florida,S&S Activewear,POMPANO BEACH,05/02/2025,,,,22 | BROWARD
Florida,"Institute for Intergovernmental Research, Inc",TALLAHASSEE,05/08/2025,,,,5 | LEON
Florida,"GroundGame.Health, Inc.",TAMPA,05/14/2025,,,,28 | HILLSBOROUGH
Florida,"HSNi, LLC and HSN, Inc",SAINT PETERSBURG,05/14/2025,,,,28 | PINELLAS
Florida,Technology Partner,MIAMI GARDENS,05/15/2025,,,,23 | MIAMI-DADE
Florida,"Panera, LLC",ORLANDO,05/16/2025,,,,12 | ORANGE
Florida,1 2 3 4 5 >,1 2 3 4 5 >,1 2 3 4 5 >,,,,1 2 3 4 5 > | 1 2 3 4 5 >
Georgia,AGCO Corporation,,01/07/2025,,3,,GA202400064
Georgia,Packaging Corporation of America,,01/09/2025,,103,,GA202400065
Georgia,Networx Systems Inc,,01/24/2025,,51,,GA202400067
Georgia,Rambo 1 LLC,,01/29/2025,,135,,GA202400068
Georgia,"Exel, Inc.",,02/03/2025,,614,,GA202400070
Georgia,"Radial, Inc.",,02/04/2025,,164,,GA202400071
Georgia,"Hi-Rez Studios, Inc.",,02/04/2025,,69,,GA202400072
Georgia,"Integrated Health Resources, LLC",,02/06/2025,,105,,GA202400073
Georgia,"American Anesthesiology of Georgia, LLC",,02/20/2025,,224,,GA202400077
Georgia,Rent Group Inc.,,02/24/2025,,56,,GA202400078
Georgia,Harvest Sherwood Food Distributors,,03/04/2025,,113,,GA202400076
Georgia,"Bailey Street Bakery, LLC",,03/04/2025,,176,,GA202400075
Georgia,Animal Supply Company LLC,,03/04/2025,,57,,GA202400074
Georgia,Archway Marketing Services Inc.,,03/05/2025,,60,,GA202400069
Georgia,Macy's Gwinnett Place,,03/05/2025,,62,,GA202400066
Georgia,"National Distribution Centers, LLC",,03/11/2025,,90,,GA202400079
Georgia,Greif Inc,,03/11/2025,,61,,GA202400080
Georgia,"Danimer Scientific Holdings, LLC",,03/14/2025,,82,,GA202400081
Georgia,Essendant,,03/20/2025,,64,,GA202400082
Georgia,"Block, Inc.",,03/25/2025,,49,,GA202400083
Georgia,"Piedmont Athens Regional Medical Center, Inc.",,04/02/2025,,95,,GA202400084
Georgia,Saddle Creek Logistics Services,,04/02/2025,,73,,GA202400085
Georgia,United States Cellular Corporation,,04/07/2025,,4100,,GA202400086
Georgia,"Davis Express, Inc.",,04/16/2025,,163,,GA202400087
Georgia,"CoStar Realty Information, Inc.",,04/18/2025,,84,,GA202400088
Georgia,"Atco Rubber Products, Inc.",,05/02/2025,,124,,GA202400089
Georgia,"Georgia-Pacific, LLC",,05/14/2025,,535,,GA202400090
Georgia,WIOSS Atlanta LP,,05/15/2025,,53,,GA202400091
Georgia,FedEx Supply Chain Inc's,,05/16/2025,,383,,GA202400092
Georgia,"NexTraq, LLC",,05/21/2025,,39,,GA202400094
Georgia,TransAxle LLC,,05/23/2025,,209,,GA202400093
Georgia,Target Corporation,,06/12/2025,,62,,GA202400096
Georgia,"BLST Operating Company, LLC",,06/23/2025,,160,,GA202400097
Georgia,Wellpath,,06/23/2025,,68,,GA202400098
Georgia,"IG Design Group Americas, Inc.",,06/27/2025,,53,,GA202400099
Georgia,"Kelly Services, Inc.",,06/30/2025,,973,,GA202400100
Georgia,"Pourlessoins, LLC",,07/02/2025,,8,,GA202500002
Georgia,Hyatt Corporation,,07/03/2025,,102,,GA202500001
Georgia,Americold Logistics,,07/03/2025,,110,,GA202500003
Georgia,"GSC Transport, Inc",,07/10/2025,,4,,GA202500006
Georgia,"Quality Built, LLC",,07/14/2025,,4,,GA202500004
Georgia,"Whitepath Fab Tech, Inc",,07/14/2025,,42,,GA202500005
Georgia,"Backyard PlayNation, LLC",,07/16/2025,,66,,GA202500007
Georgia,Americold Logistics,,07/18/2025,,36,,GA202500008
Georgia,Community Development Institute Head Start,,07/30/2025,,77,,GA202500011
Georgia,Yamaha Motor Manufacturing Corporation,,07/30/2025,,160,,GA202500012
Georgia,Americold Logistics,,07/31/2025,,12,,GA202500013
Georgia,"Unifi Aviation, LLC",,08/05/2025,,379,,GA202500014
Georgia,Americold Logistics,,08/07/2025,,5,,GA202500015
Georgia,Block Inc,,08/12/2025,,4,,GA202500016
Georgia,"Kinder Morgan, Inc.",,08/14/2025,,42,,GA202500017
Georgia,"United Surface Solutions, LLC",,08/14/2025,,112,,GA202500018
Georgia,FreshRealm,,08/15/2025,,75,,GA202500019
Georgia,Soli Organic Inc.,,08/15/2025,,128,,GA202500020
Georgia,International Paper,,08/21/2025,,101,,GA202500022
Georgia,International Paper Savannah Mill,,08/21/2025,,691,,GA202500023
Georgia,"Newport Timber, LLC",,08/21/2025,,13,,GA202500024
Georgia,"RB Lumber Company, LLC",,08/21/2025,,68,,GA202500026
Georgia,Interstate Paper LLC,,08/21/2025,,220,,GA202500025
Georgia,Hormel Foods Corporation,,08/25/2025,,135,,GA202500027
Georgia,J.B. Hunt Transport Inc.,,08/26/2025,,74,,GA202500028
Georgia,"APL Logistics Warehouse Management Services, Inc.",,08/27/2025,,118,,GA202500029
Georgia,"Country Home Bakers, LLC",,08/28/2025,,164,,GA202500030
Georgia,Americold Logistics,,08/28/2025,,3,,GA202500031
Georgia,Global Resource International/ Alleset INC.,,09/09/2025,,41,,GA202500032
Georgia,Spirit Airlines LLC,,09/24/2025,,334,,GA202500033
Georgia,"CoStar Realty Realty Information, Inc",,10/02/2025,,6,,GA202500034
Georgia,Americold Logistics,,10/02/2025,,4,,GA202500035
Georgia,"Augusta Sportswear, Inc",,10/07/2025,,93,,GA202500038
Georgia,"Nichiha USA, Inc",,10/09/2025,,171,,GA202500036
Georgia,Comcast,,10/15/2025,,240,,GA202500039
Georgia,RATP Dev USA Inc,,10/22/2025,,80,,GA202500040
Georgia,Saddle Creek Logistics Services,,10/27/2025,,128,,GA202500043
Georgia,"Mannington Mills, Inc.",,10/29/2025,,211,,GA202500045
Georgia,The William Carter Company,,10/30/2025,,189,,GA202500046
Georgia,"Integrated Health Resources, LLC",,10/31/2025,,107,,GA202500047
Georgia,"West Fraser, Inc.",,11/06/2025,,130,,GA202500050
Georgia,"Lehigh Technologies, Inc.",,11/10/2025,,55,,GA202500049
Georgia,Smurfit Westrock,,11/10/2025,,55,,GA202500048
Georgia,General Motors LLC,,11/10/2025,,325,,GA202500044
Georgia,"SimplyIOA, LLC",,11/10/2025,,65,,GA202500041
Georgia,"Baker & Taylor, LLC",,11/10/2025,,289,,GA202500037
Georgia,CoStar Group,,11/11/2025,,3,,GA202500051
Georgia,"SDH Service East,LLC",,11/14/2025,,67,,GA202500052
Georgia,"SDH Services EAST,LLC",,11/14/2025,,120,,GA202500053
Georgia,Urology Center of Columbus,,11/26/2025,,32,,GA202500055
Georgia,"Quad/Graphics, Inc.",,12/16/2025,,241,,GA202500057
Georgia,Comprehensive Logistics,,12/17/2025,,105,,GA202500058
Georgia,Gainesville Jaycees Vocational Rehabilitation Center,,12/22/2025,,19,,GA202500059
Georgia,"Railcrew Xpress, LLC",,12/22/2025,,55,,GA202500060
Georgia,The Coca-Cola Company,,12/30/2025,,75,,GA202500061
Georgia,Chemours,,01/05/2026,,54,,GA202500062
Georgia,"GXO Logistics Worldwide, LLC",,01/20/2026,,85,,GA202500066
Georgia,TTEC Services Corporation,,01/26/2026,,169,,GA202500067
Georgia,"TelaForce, LLC",,01/28/2026,,73,,GA202500065
Georgia,"S&S Activewear, LLC",,01/28/2026,,114,,GA202500056
Georgia,"Zeco Systems, Inc",,01/28/2026,,3,,GA202500021
Georgia,Kuehne-Nagel,,01/28/2026,,153,,GA202500068
Georgia,"Home Depot U.S.A, Inc.",,01/28/2026,,797,,GA202500069
Georgia,"Waddington North America, Inc. a Novolex entity",,01/28/2026,,49,,GA202500070
Georgia,"Continental Tire the Americas, LLC’s",,01/30/2026,,235,,GA202500071
Georgia,TLC of Georgia LLC,,01/31/2026,,78,,GA202500072
Georgia,KIPP Atlanta Schools,,02/04/2026,,122,,GA202500074
Georgia,"GMRI, Inc.",,02/05/2026,,78,,GA202500073
Georgia,Sumitomo Mitsui Banking Corporation,,02/05/2026,,3,,GA202500064
Georgia,"Tessera Therapeutics, Inc",,02/05/2026,,1,,GA202500063
Georgia,Big Tex Trailer Manufacturing LLC,,02/05/2026,,100,,GA202500054
Georgia,Aludyne Inc,,02/05/2026,,341,,GA202500010
Georgia,Liberty Dental Plan Corporation,,02/05/2026,,1,,GA202500075
Georgia,"WWL Vehicle Services Americas, Inc.",,02/09/2026,,65,,GA202500077
Georgia,Moove Cars Mobility Usa Corp,,02/10/2026,,83,,GA202500078
Georgia,"Impact Outsourcing Solutions VI, LLC",,02/13/2026,,76,,GA202500080
Georgia,Main Street Sports Group,,02/16/2026,,74,,GA202500081
Georgia,"ION Media Networks, Inc.",,02/16/2026,,53,,GA202500079
Georgia,IPIC Theaters LLC,,02/25/2026,,163,,GA202500082
Georgia,"MarketSource, Inc.",,02/26/2026,,57,,GA202500083
Georgia,"SK Battery America, Inc.",,03/06/2026,,958,,GA202500084
Georgia,C2 Technologies,,03/11/2026,,1,,GA202500086
Georgia,KPR US LLC,,03/11/2026,,213,,GA202500087
Georgia,The Hillshire Brands Company,,03/26/2026,,168,,GA202500089
Georgia,"Astemo Americas, Inc",,03/27/2026,,60,,GA202500090
Georgia,"Parsec, LLC",,03/31/2026,,179,,GA202500085
Georgia,Accenture,,03/31/2026,,54,,GA202500088
Georgia,Thrive SMP LLC,,03/31/2026,,497,,GA202500091
Georgia,Tri-Starr Management Services,,04/01/2026,,15,,GA202500092
Georgia,"SDH Education East, LLC",,04/09/2026,,74,,GA202500093
Georgia,SKF USA INC,,04/23/2026,,40,,GA202500094
Georgia,"Bridgestone Golf, Inc.",,05/01/2026,,84,,GA202500095
Georgia,Milliken & Company,,05/05/2026,,81,,GA202500098
Georgia,"MarketSource, Inc.",,05/05/2026,,51,,GA202500099
Georgia,Jacuzzi Inc.,,05/12/2026,,110,,GA202500100
Georgia,"Bitcoin Depot Operating, LLC",,05/18/2026,,109,,GA202500101
Georgia,"Inalfa Roof Systems, Inc",,05/19/2026,,127,,GA202500102
Georgia,Spirit Airlines,,05/29/2026,,653,,GA202500096
Georgia,Americold Logistics LLC,,05/29/2026,,69,,GA202500104
Georgia,Ideal US Talent Systems Worker OpCo LLC,,05/29/2026,,687,,GA202500097
Georgia,"SDH Services East, LLC",,06/01/2026,,70,,GA202500103
Georgia,Constellium Automotive USA LLC,,06/01/2026,,57,,GA202500105
Georgia,SMBC MANUBANK,,06/05/2026,,3,,GA202500106
Georgia,"Americold Logistics, LLC",,06/23/2026,,69,,GA202500107
Georgia,Conduent,,06/29/2026,,70,,GA202500108
Georgia,Asama Coldwater Manufacturing Georgia LLC,,07/09/2026,,107,,GA202600001
Georgia,"Home Express Delivery Service, LLC",,07/14/2026,,92,,GA202600002
Georgia,"TEKsystems Global Services, LLC",,07/15/2026,,126,,GA202600003
Georgia,Elite Comfort Solutions,,07/20/2026,,102,,GA202600004
Georgia,"Wellstar Health System, Inc.",,08/03/2026,,761,,GA202600005
Georgia,Essendant,,08/04/2026,,192,,GA202600007
Georgia,"80 Acres Urban Agriculture, Inc",,08/05/2026,,110,,GA202600006
Georgia,SMBC Manubank,,08/12/2026,,5,,GA202600008
Georgia,Meyn Americas,,08/18/2026,,150,,GA202600010
Georgia,Anchor Glass Container Corporation,,08/18/2026,,168,,GA202600009
Georgia,Asama Coldwater Manufacturing Georgia,,08/19/2026,,102,,GA202600011
Georgia,KidsPeace National Centers of Georgia,,08/25/2026,,95,,GA202600016
Georgia,"Republic National Distributing Company of Texas, LLC",,08/26/2026,,157,,GA202600012
Georgia,"Republic National Distributing Company, LLC",,08/26/2026,,321,,GA202600013
Georgia,"Young's Market Company of Arizona, LLC",,08/26/2026,,2,,GA202600014
Georgia,"Young's Market Company, LLC",,08/26/2026,,78,,GA202600015
Hawaii,JINYA Hawaii. inc. (dba JINYA Ramen Bar – Honolulu),,12/15/2025,,,,
Hawaii,5 Minute Pharmacy LLC,,12/11/2025,,,,
Hawaii,Autocraft Hawaii LLC,,12/01/2025,,,,
Hawaii,Zetton Inc. (dba Camado Ramen Tavern),,11/26/2025,,,,
Hawaii,Queen’s Medical Center Pathology Operations,,11/18/2025,,,,
Hawaii,Paradise Cove Luau,,10/29/2025,,,,
Hawaii,Panda Restaurant Group (Raising Cane’s),,10/03/2025,,,,
Hawaii,Pulama Lanai (Rock & Concrete Operations),,09/22/2025,,,,
Hawaii,Monsanto Technology LLC,,09/10/2025,,,,
Hawaii,Watabe Wedding Corp (Follow-up to November 2024 WARN),,08/21/2025,,,,
Hawaii,Parts Center Hawaii,,08/18/2025,,,,
Hawaii,Polynesian Cultural Center,,08/08/2025,,,,
Hawaii,Claire’s,,08/04/2025,,,,
Hawaii,Project Vision,,07/25/2025,,,,
Hawaii,Hawaiian Airlines (Alaska Airlines),,07/16/2025,,,,
Hawaii,Hawaii Homeless Healthcare Hui,,07/08/2025,,,,
Hawaii,Zetton Inc. (Aloha Table),,06/13/2025,,,,
Hawaii,"Entertainment America, Inc. (Chuck E. Cheese – Pearl City Location)",,06/09/2025,,,,
Hawaii,Watabe Wedding Corporation (Farmer’s Market Operation),,06/09/2025,,,,
Hawaii,Management & Training Corporation (Hawaii Job Corps Center),,06/02/2025,,,,
Hawaii,Oshkosh Airport Services,,05/08/2025,,,,
Hawaii,"Ocean Investments, LLC (53 By The Sea, Terrace By The Sea, & related wedding services)",,04/24/2025,,,,
Hawaii,"C&S Family of Companies (Second WARN Notice – Hawaii Logistics LLC, Hawaiian Housewares LLC, C&S Wholesale Grocers LLC)",,03/13/2025,,,,
Hawaii,Project Vision,,02/21/2025,,,,
Hawaii,"Ginshari, Inc. – KuruKuru Sushi",,02/07/2025,,,,
Hawaii,Territorial Savings Bank,,02/07/2025,,,,
Hawaii,Aqua Hotels & Resorts – Aqua Skyline at Island Colony (Hotel),,02/05/2025,,,,
Hawaii,Hawaiian Ice,,01/23/2025,,,,
Hawaii,Alaska Airlines,,01/22/2025,,,,
Hawaii,Lahaina Petroleum,,01/02/2025,,,,
Hawaii,"C&S Family of Companies (Hawaii Logistics LLC, Hawaiian Housewares LLC, C&S Wholesale Grocers LLC)",,01/08/2025,,,,
Idaho,JeniusBank (digital banking unit of SMBC Manubank),New York,08/10/2026,10/09/2026,106 (1 in ID),,
Idaho,Fortrex,Kuna,07/01/2026,07/30/2026,53,,received 7/2/2026 revised 7/8/2026
Idaho,Conduent,Florham Park,06/26/2026,08/26/2026,(1 in ID),,received 6/29/2026
Idaho,Idahoan Foods,Rupert,04/21/2026,06/26/2026,61,,
Idaho,Intermountain Packing,Idaho Falls,04/06/2026,04/03/2026,150,,
Idaho,LA Semiconductor LLC,Pocatello,02/09/2026,4/10/2026 5/1/2026 5/31/2026,342,,revised 2/18/2026 revised 4/7/2026 revised 4/24/26
Idaho,"Hearthside Food Solutions, LLC dba Maker's Pride",Boise,01/28/2026,02/26/2026,51,,
Idaho,PacificSource,Boise,10/24/2025,12/31/2025,42,,received 10/29/2025
Idaho,N.A. Degerstrom,Soda Springs,09/05/2025,11/10/2025,113,,
Idaho,"Exyte U.S., Inc.",Boise,09/02/2025,09/02/2025,201,,received 10/2/2025
Idaho,Inspiro,Coeur d'Alene,08/01/2025,09/30/2025,100,,
Idaho,"Transit Management of Ada County, Inc.",Boise,07/31/2025,09/30/2025,111,,
Idaho,"Transit Management of Canyon County, Inc.",Caldwell,07/31/2025,09/30/2025,28,,
Idaho,"Quality Built, LLC",Fort Lauderdale,07/07/2025,07/03/2025,1,,
Idaho,"Sunshine Minting, Inc.",Coeur d'Alene,06/26/2025,07/02/2025,72,,
Idaho,Management & Training Corporation - Centennial Job Corps Center,Nampa,06/03/2025,06/30/2025,75,,
Idaho,"Accelerate360 Distribution, LLC - Dakota Merchandising Remote Work Unit",Sioux Falls,04/25/2025,06/28/2025,324 (32 in ID),,
Idaho,Saia LTL Freight,Meridian,04/08/2025,06/16/2025,78,,
Idaho,Super T Transport,Idaho Falls,04/02/2025,05/31/2025,10,,
Idaho,Blue Cross of Idaho,Meridian,03/27/2025,06/06/2025,135,,
Indiana,Postal Center International Inc,Brownsburg,08/13/2026,08/13/2026,151,CL,48-49 | Transportation and Warehousing
Indiana,"Forest River, Inc.",Bristol,07/17/2026,09/17/2026,105,CL,721211 | RV (Recreational Vehicle) Parks and Campgrounds
Indiana,Owens Corning,Walkerton,07/21/2026,09/19/2026,130,CL,321911 | Wood Window and Door Manufacturing
Indiana,Thyssenkrupp Presta North America,Terre Haute,06/30/2026,03/31/2027,207,CL,31-33 | Manufacturing
Indiana,"Conduent Commercial Solutions, LLC",Statewide,06/26/2026,08/28/2026,7,LO,541219-01 | Billing Services
Indiana,"Snyder’s-Lance, Inc d/b/a Campbell Snacks",Jeffersonville,06/18/2026,09/15/2026,111,CL,311919 | Other Snack Food Manufacturing
Indiana,humano LLC,Avon,06/17/2026,08/17/2026,586,CL,488510 | Freight Transportation Arrangement
Indiana,"SIMOS Insourcing Solutions, LLC",Avon,06/17/2026,08/17/2026,572,LO,48-49 | Transportation and Warehousing
Indiana,Ryder Integrated Logistics,Plainfield,06/08/2026,07/31/2026,76,LO,48-49 | Transportation and Warehousing
Indiana,Noble Inc,Indianapolis,06/02/2026,06/02/2026,85,LO,624120 | Services for the Elderly and Persons with Disabilities
Indiana,"Eclipse Advantage, LLC",Whitestown,05/19/2026,07/18/2026,21,CL,493190 | Other Warehousing and Storage
Indiana,CICOA Aging & In-Home Solutions,Indianapolis,04/30/2026,05/15/2026,90,LO,62 | Health Care and Social Assistance
Indiana,Cummins Inc,Whitestown,05/01/2026,07/31/2020,59,CL,333618 | Other Engine Equipment Manufacturing
Indiana,"Oakland City University, Inc",Oakland City,04/01/2026,06/01/2026,167,LO,61 | Educational Services
Indiana,RESRG Automotive,Evansville,04/14/2026,06/06/2026,266,CL,336110 | Automotive Manufacturing
Indiana,"WIT Logistics, LLC",Plainfield,03/13/2026,05/31/2026,65,CL,"541614 | Process, Physical Distribution, and Logistics Consulting Services"
Indiana,Kem Krest LLC,Carmel,03/10/2026,08/31/2026,77,CL,48-49 | Transportation and Warehousing
Indiana,"First Brands Group, LLC",Jasper,02/27/2026,04/30/2026,345,CL,31-33 | Manufacturing
Indiana,"First Brands Group, LLC",Logansport,02/27/2026,04/30/2026,38,CL,31-33 | Manufacturing
Indiana,"Grouper Acquisition Company, LLC, dba Shiloh Industries, Inc",Goshen,02/02/2026,03/31/2026,172,CL,336370 | Motor Vehicle Metal Stamping
Indiana,National Distribution Centers,Lebanon,01/30/2026,04/03/2026,53,CL,48-49 | Manufacturing and Warehousing
Indiana,"Inari Agriculture, Inc.",West Lafayette,01/20/2026,01/20/2026,64,LO,"11 | Agriculture, Forestry, Fishing, and Hunting"
Indiana,Margaret Mary Community Hospital (dba Margaret Mary Health),Batesville,01/13/2026,03/02/2026,55,TR,622 | Hospitals
Indiana,Wabash,Goshen,01/05/2026,03/06/2026,144,CL,48-49 | Transportation and Warehousing
Indiana,Dalton Corporation,Warsaw,12/29/2025,02/27/2026,257,CL,31-33 | Manufacturing
Indiana,AAR Aircraft Services,Indianapolis,12/23/2025,02/15/2026,329,CL,31-33 | Manufacturing
Indiana,Spartech LLC,Muncie,12/12/2025,12/23/2025,125,CL,325211 | Plastics Material and Resin Manufacturing
Indiana,FreshRealm,Indianapolis,12/02/2025,01/31/2026,168,CL,72 | Accommodation and Food Services
Indiana,Kloeckner Metals,Indianapolis,11/18/2025,01/20/2026,54,LO,423510 | Metal Service Centers and Other Metal Merchant Wholesalers
Indiana,MDWise,Indianapolis,11/13/2025,01/16/2026,238,CL,5241 | Insurance Carriers
Indiana,"JMS Engineered Plastics, Inc.",South Bend,10/29/2025,10/29/2025,49,LO,326199 | All Other Plastics Product Manufacturing
Indiana,"Freudenberg Residential Filtration Technologies, Inc.",LaPorte,10/06/2025,12/05/2025,173,CL,31-33 | Manufacturing
Indiana,"GT Industries, Inc.",North Vernon,09/29/2025,12/01/2025,95,LO,336370 | Motor Vehicle Metal Stamping
Indiana,Raydia Food Group,"Bloomington, Mishawaka, South Bend",09/19/2025,11/26/2025,200,CL,445 | Food and Beverage Retailers
Indiana,Perdue Foods LLC,Washington,09/03/2025,11/02/2025,293,LO,311615 | Poultry Processing
Indiana,"Thermal Structures, Inc.",Plainfield,08/25/2025,"11/24/2025 – 11/26/2025, 12/29/2025 – 12/30/2025",155,CL (Holiday),336390 | Other Motor Vehicle Parts Manufacturing
Indiana,"National Distribution Centers, LLC & NFI Interactive Logistics, LLC",Lebanon,08/13/2025,10/18/2025,79,CL,48-49 | Transportation and Warehousing
Indiana,Navient Solutions LLC,Fishers,08/04/2025,10/03/2025,128,L/O,52 | Finance and Insurance
Indiana,ASM Global/ Old National Event Plaza,Evansville,08/01/2025,09/01/2025,248,TR,"71 | Arts, Entertainment, and Recreation"
Indiana,"Shine Early Learning, Inc",Fishers,08/05/2025,10/01/2025,57,LO,624110 | Child Care Services
Indiana,Target Corp. Distribution Center,Indianapolis,08/05/2025,09/19/2025,201,CL,48-49 | Transportation and Warehousing
Indiana,Community Development Institute Head Start,Richmond,07/31/2025,09/30/2025,65,CL,624110 | Child Care Services
Indiana,Columbus Regional Health,Columbus,06/24/2025,08/23/2025,50,CL,62199900 | All Other Miscellaneous Ambulatory Health Care Services
Indiana,General Aluminum,Huntington,08/29/2025,12/14/2025,62,CL,331524 | Aluminum Foundries (except Die-Casting)
Indiana,"Hoffmaster Group, Inc",Fort Wayne,05/13/2025,11/07/2025,53,CL,322 | Paper Manufacturing
Indiana,NFI Industries,Crown Point,05/02/2025,07/25/2025,78,CL,493 | Warehousing and Storage
Indiana,SSC Services for Education dba South Bend School District,South Bend,04/23/2025,06/30/2025,203,CL,611 | Education Services
Indiana,SSC Services for Education dba Muncie Community Schools,Muncie,04/23/2025,06/30/2025,58,CL,611 | Education Services
Indiana,"DRV, LLC",Howe,04/21/2025,06/20/2025,51,CL,44121000 | Recreational Vehicle Dealers
Indiana,Cruiser RV,Howe,04/21/2025,06/20/2025,251,CL,3362 | Motor Vehicle Body and Trailer Manufacturing
Indiana,"Heartland Recreational Vehicles, LLC",Elkhart,04/21/2025,06/20/2025,147,CL,336214 | Travel Trailer and Camper Manufacturing
Indiana,Nachi Technology Inc (NTI),Greenwood,03/19/2025,12/31/2025,72,CL,33221600 | Saw Blade and Hand tool Manufacturing
Indiana,RR Donnelley,Seymour,03/04/2025,05/03/2025,96,CL,541860 | Direct Mail Advertising
Indiana,ABM,Indianapolis,02/28/2025,04/30/2025,77,CL,561720 | Janitorial Services
Indiana,Jack Cooper Transport Company,Roanoke,02/08/2025,02/08/2025,251,CL,"484230 | Specialized Freight (except Used Goods) Trucking, Long-Distance"
Indiana,US Arconic LLC Revised (3/27/25),Lafayette,02/05/2025,06/07/2025,80,CL,"331315 | Aluminum Sheet, Plate, and Foil Manufacturing"
Indiana,Phoenix Financial Services,Fishers,01/24/2025,12/31/2024,94,CL,561440 | Collection Agencies
Indiana,Resident Home,Jeffersonville,01/15/2025,03/16/2025,106,CL,337910 | Mattress Manufacturing
Indiana,"DFA Dairy Brands Ice Cream, LLC-Revised (9/15/21)",Decatur,N/A,N/A,N/A,N/A,N/A | N/A
Indiana,"Steel Parts Manufacturing, Inc.-Revised (7/22/21)",Tipton,N/A,N/A,N/A,N/A,N/A | N/A
Indiana,Bell Techlogix-Revised (11/9/20),Plainfield,N/A,N/A,N/A,N/A,N/A | N/A
Indiana,Metaldyne BSM LLC - AAM Fremont Manufacturing Facility-Revised (12/17/20),Fremont,N/A,N/A,N/A,N/A,N/A | N/A
Indiana,"Regal Beloit America, Inc.-Revised (7/27/21)",Valparaiso,N/A,N/A,N/A,N/A,N/A | N/A
Indiana,"Regal Beloit America, Inc.-Revised (9/13/21)",Valparaiso,N/A,N/A,N/A,N/A,N/A | N/A
Indiana,"United Airlines, Inc.-Revised (7/31/20)",Indianapolis,N/A,N/A,N/A,N/A,N/A | N/A
Indiana,White Lodging Services Corporation dba JW Indianapolis-Revised (8/31/20),Indianapolis,N/A,N/A,N/A,N/A,N/A | N/A
Indiana,White Lodging Services Corporation dba Marriot Indianapolis-Revised (8/31/20),Indianapolis,N/A,N/A,N/A,N/A,N/A | N/A
Indiana,Hollywood Casino Lawrenceburg-Revised (8/19/20),Lawrenceburg,N/A,N/A,N/A,N/A,N/A | N/A
Indiana,Ameristar Casino Hotel East Chicago-Revised (7/16/20),East Chicago,N/A,N/A,N/A,N/A,N/A | N/A
Indiana,Ameristar Casino Hotel East Chicago-Revised (9/15/20),East Chicago,N/A,N/A,N/A,N/A,N/A | N/A
Indiana,Vitro Automotive / Pittsburgh Glass Works-Revised (8/6/20),Evansville,N/A,N/A,N/A,N/A,N/A | N/A
Indiana,The Westin Hotel Indianapolis-Revised (9/9/20),Indianapolis,N/A,N/A,N/A,N/A,N/A | N/A
Indiana,Exide Technologies-Revised (7/29/20),Muncie,N/A,N/A,N/A,N/A,N/A | N/A
Indiana,White Lodging Services Corporation-Revised (7/8/20),Merrillville,N/A,N/A,N/A,N/A,N/A | N/A
Indiana,"Allison Transmission, Inc. Revised (5/21/20)",Indianapolis,N/A,N/A,N/A,N/A,N/A | N/A
Indiana,"Allison Transmission, Inc. Revised (6/4/20)",Indianapolis,N/A,N/A,N/A,N/A,N/A | N/A
Indiana,ArcelorMittal USA dba ArcelorMittal Indiana Harbor Revised (4/27/20),East Chicago,N/A,N/A,N/A,N/A,N/A | N/A
Indiana,ArcelorMittal USA dba ArcelorMittal Indiana Harbor Revised (5/28/20),East Chicago,N/A,N/A,N/A,N/A,N/A | N/A
Indiana,ArcelorMittal USA dba ArcelorMittal Indiana Harbor Revised (7/28/20),East Chicago,N/A,N/A,N/A,N/A,N/A | N/A
Indiana,Flex-N-Gate Corporation Revised (6/24/20),Covington,N/A,N/A,N/A,N/A,N/A | N/A
Indiana,"ArcelorMittal USA, LLC dba ArcelorMittal Burns Harbor Revised (4/21/20)",Burns Harbor,N/A,N/A,N/A,N/A,N/A | N/A
Indiana,"ArcelorMittal USA, LLC dba ArcelorMittal Burns Harbor Revised (4/29/20)",Burns Harbor,N/A,N/A,N/A,N/A,N/A | N/A
Indiana,"ArcelorMittal USA, LLC dba ArcelorMittal Burns Harbor Revised (7/29/20)",Burns Harbor,N/A,N/A,N/A,N/A,N/A | N/A
Indiana,"Jim’s Formal Wear, LLC Revised (5/27/20)",Anderson,N/A,N/A,N/A,N/A,N/A | N/A
Indiana,"Asbury Automotive Group Revised (Doc 1, Doc 2, Doc 3, Doc 4, Doc 5, & Doc 6)","Avon, Brownsburg, Indianapolis, Lebanon and Noblesville",N/A,N/A,N/A,N/A,N/A | N/A
Indiana,ZF Active Safety & Electronics US LLC Revised (4/17/20),Lafayette,N/A,N/A,N/A,N/A,N/A | N/A
Indiana,"Modex Global (Formerly Busche Performance Group, Inc.)-Revised (4/28/20)","Albion, Avilla & Franklin",N/A,N/A,N/A,N/A,N/A | N/A
Indiana,"Modex Global (Formerly Busche Performance Group, Inc.) -Revised (9/15/20)","Albion, Avilla & Franklin",N/A,N/A,N/A,N/A,N/A | N/A
Indiana,BWI Group-Revised (6/15/20),Greenfield,N/A,N/A,N/A,N/A,N/A | N/A
Indiana,"Image One, LLC-Revised (4/15/20)",McCordsville,N/A,N/A,N/A,N/A,N/A | N/A
Indiana,Hilton Garden Inn South Bend-Revised (6/15/20),South Bend,N/A,N/A,N/A,N/A,N/A | N/A
Indiana,Double Tree by Hilton South Bend-Revised (3/26/20 Notice & Positions),South Bend,N/A,N/A,N/A,N/A,N/A | N/A
Indiana,Double Tree by Hilton South Bend-Revised (5/7/20 Notice & Positions),South Bend,N/A,N/A,N/A,N/A,N/A | N/A
Indiana,Double Tree by Hilton South Bend-Revised (5/21/20),South Bend,N/A,N/A,N/A,N/A,N/A | N/A
Indiana,Indianapolis Marriott East-Revised (5/27/20),Indianapolis,N/A,N/A,N/A,N/A,N/A | N/A
Indiana,Double Tree Evansville-Revised (5/27/20),Evansville,N/A,N/A,N/A,N/A,N/A | N/A
Indiana,Le Meridien Indianapolis-Revised (6/10/20),Indianapolis,N/A,N/A,N/A,N/A,N/A | N/A
Indiana,Sheraton Indianapolis at Keystone Crossing-Revised (5/27/20),Indianapolis,N/A,N/A,N/A,N/A,N/A | N/A
Indiana,Stanley Black & Decker-Revised (2/10/20),Greenfield,N/A,N/A,N/A,N/A,N/A | N/A
Indiana,Stanley Black & Decker-Revised (8/19/20),Greenfield,N/A,N/A,N/A,N/A,N/A | N/A
Indiana,United States Steel Corporation-Revised (10/7/19),East Chicago,N/A,N/A,N/A,N/A,N/A | N/A
Indiana,"Nestle USA, Inc.-Revised (8/23/19)",Fort Wayne,N/A,N/A,N/A,N/A,N/A | N/A
Indiana,"Peabody Indiana Services, LLC-Revised (9/30/19)",Oakland City,N/A,N/A,N/A,N/A,N/A | N/A
Indiana,"Peabody Indiana Services, LLC-Revised (12/27/19)",Oakland City,N/A,N/A,N/A,N/A,N/A | N/A
Indiana,"Peabody Indiana Services, LLC-Revised (12/27/19)",Oakland City,N/A,N/A,N/A,N/A,N/A | N/A
Indiana,"Peabody Indiana Services, LLC-Revised (3/31/20: Doc 1 & Doc 2)",Oakland City,N/A,N/A,N/A,N/A,N/A | N/A
Indiana,"Peabody Indiana Services, LLC-Revised (6/24/20: Doc 1 & Doc 2)",Oakland City,N/A,N/A,N/A,N/A,N/A | N/A
Indiana,"NIBCO, Inc.-Revised (5/24/19)",Charlestown,N/A,N/A,N/A,N/A,N/A | N/A
Indiana,"NIBCO, Inc.-Revised (6/7/19)",Charlestown,N/A,N/A,N/A,N/A,N/A | N/A
Indiana,"NIBCO, Inc.-Revised (6/21/19)",Charlestown,N/A,N/A,N/A,N/A,N/A | N/A
Indiana,"NIBCO, Inc.-Revised (6/28/19)",Charlestown,N/A,N/A,N/A,N/A,N/A | N/A
Indiana,"NIBCO, Inc.-Revised (7/26/19)",Charlestown,N/A,N/A,N/A,N/A,N/A | N/A
Indiana,"NIBCO, Inc.-Revised (8/9/19)",Charlestown,N/A,N/A,N/A,N/A,N/A | N/A
Indiana,"NIBCO, Inc.-Revised (8/15/19)",Charlestown,N/A,N/A,N/A,N/A,N/A | N/A
Indiana,"NIBCO, Inc.-Revised (8/29/19)",Charlestown,N/A,N/A,N/A,N/A,N/A | N/A
Indiana,"NIBCO, Inc.-Revised (9/13/19)",Charlestown,N/A,N/A,N/A,N/A,N/A | N/A
Indiana,"NIBCO, Inc.-Revised (10/10/19)",Charlestown,N/A,N/A,N/A,N/A,N/A | N/A
Indiana,"NIBCO, Inc.-Revised (11/1/19)",Charlestown,N/A,N/A,N/A,N/A,N/A | N/A
Indiana,Schneider Electric-Revised (6/25/19),Peru,N/A,N/A,N/A,N/A,N/A | N/A
Indiana,Schneider Electric-Revised (7/31/19),Peru,N/A,N/A,N/A,N/A,N/A | N/A
Indiana,Schneider Electric-Revised (8/29/19),Peru,N/A,N/A,N/A,N/A,N/A | N/A
Indiana,Schneider Electric-Revised (9/23/19),Peru,N/A,N/A,N/A,N/A,N/A | N/A
Indiana,Schneider Electric-Revised (10/28/19),Peru,N/A,N/A,N/A,N/A,N/A | N/A
Indiana,Schneider Electric-Revised (12/27/19),Peru,N/A,N/A,N/A,N/A,N/A | N/A
Indiana,Schneider Electric-Revised (1/28/20),Peru,N/A,N/A,N/A,N/A,N/A | N/A
Indiana,Schneider Electric-Revised (2/24/20),Peru,N/A,N/A,N/A,N/A,N/A | N/A
Indiana,Matthews International Corporation-Revised (6/14/19),Richmond,N/A,N/A,N/A,N/A,N/A | N/A
Indiana,"Deufol Sunman, Inc.-Revised (5/2/19)",Sunman,N/A,N/A,N/A,N/A,N/A | N/A
Indiana,"Deufol Sunman, Inc.-Revised (6/27/19)",Sunman,N/A,N/A,N/A,N/A,N/A | N/A
Indiana,"Deufol Sunman, Inc.-Revised (8/2/19)",Sunman,N/A,N/A,N/A,N/A,N/A | N/A
Indiana,"Deufol Sunman, Inc.-Revised (8/9/19)",Sunman,N/A,N/A,N/A,N/A,N/A | N/A
Indiana,DJO Global-Revised (7/26/18),Plainfield,N/A,N/A,N/A,N/A,N/A | N/A
Indiana,DJO Global-Revised (8/23/18),Plainfield,N/A,N/A,N/A,N/A,N/A | N/A
Indiana,DJO Global-Revised (10/5/18),Plainfield,N/A,N/A,N/A,N/A,N/A | N/A
Indiana,Janesville Acoustics-Revised (2/12/18),Richmond,N/A,N/A,N/A,N/A,N/A | N/A
Indiana,Janesville Acoustics-Revised (5/30/18),Richmond,N/A,N/A,N/A,N/A,N/A | N/A
Indiana,Harman International Industries- Revised (11/22/17),Elkhart,N/A,N/A,N/A,N/A,N/A | N/A
Indiana,Harman International Industries- Revised (4/20/18),Elkhart,N/A,N/A,N/A,N/A,N/A | N/A
Indiana,"Bay Valley Foods LLC, Tree House Foods- Revised (9/19/17)",Plymouth,N/A,N/A,N/A,N/A,N/A | N/A
Indiana,"Deufol Sunman, Inc-Revised 9/29/17",Sunman,N/A,N/A,N/A,N/A,N/A | N/A
Indiana,White's Residential and Family Services-Revised (7/27/17),Wheatfield,N/A,N/A,N/A,N/A,N/A | N/A
Indiana,White's Residential and Family Services-Revised (10/24/17),Wheatfield,N/A,N/A,N/A,N/A,N/A | N/A
Indiana,White's Residential and Family Services-Revised (12/14/18),Wheatfield,N/A,N/A,N/A,N/A,N/A | N/A
Indiana,White's Residential and Family Services-Revised (2/7/19),Wheatfield,N/A,N/A,N/A,N/A,N/A | N/A
Indiana,White's Residential and Family Services-Revised (3/22/19),Wheatfield,N/A,N/A,N/A,N/A,N/A | N/A
Indiana,White's Residential and Family Services-Revised (11/19/19),Wheatfield,N/A,N/A,N/A,N/A,N/A | N/A
Indiana,St. Vincent Health-Revised (7/20/17),"Anderson, Evansville, Indianapolis, Kokomo, Salem",N/A,N/A,N/A,N/A,N/A | N/A
Indiana,Buckhorn Inc-Revised (5/26/17),Bluffton,N/A,N/A,N/A,N/A,N/A | N/A
Indiana,Buckhorn Inc-Revised (9/5/17),Bluffton,N/A,N/A,N/A,N/A,N/A | N/A
Indiana,Schneider Electric-Revised (5/25/17),Peru,N/A,N/A,N/A,N/A,N/A | N/A
Indiana,Saint Joseph's College Revised (3/6/17),Rensselaer,N/A,N/A,N/A,N/A,N/A | N/A
Indiana,Saint Joseph's College Revised (3/10/17),Rensselaer,N/A,N/A,N/A,N/A,N/A | N/A
Indiana,Saint Joseph's College Revised (4/11/17),Rensselaer,N/A,N/A,N/A,N/A,N/A | N/A
Indiana,Saint Joseph's College Revised (4/28/17),Rensselaer,N/A,N/A,N/A,N/A,N/A | N/A
Indiana,Saint Joseph's College Revised (5/10/17),Rensselaer,N/A,N/A,N/A,N/A,N/A | N/A
Indiana,Saint Joseph's College Revised (7/5/17),Rensselaer,N/A,N/A,N/A,N/A,N/A | N/A
Indiana,Saint Joseph's College Revised (7/24/17),Rensselaer,N/A,N/A,N/A,N/A,N/A | N/A
Indiana,Saint Joseph's College Revised (1/17/18),Rensselaer,N/A,N/A,N/A,N/A,N/A | N/A
Indiana,Harman International Industries Revised (5/17/17),Elkhart,N/A,N/A,N/A,N/A,N/A | N/A
Indiana,Eli Lilly and Company Revised (2/3/17),Nationwide,N/A,N/A,N/A,N/A,N/A | N/A
Indiana,Saint Meinrad Archabbey-Revised (4/28/17),Saint Meinrad,N/A,N/A,N/A,N/A,N/A | N/A
Indiana,Paoli LLC- Revised (12/6/17),Orleans,N/A,N/A,N/A,N/A,N/A | N/A
Indiana,Indianapolis Haulage- Revised (9/20/16),Indianapolis & Yorktown,N/A,N/A,N/A,N/A,N/A | N/A
Indiana,Indianapolis Haulage -Revised (9/30/16),Indianapolis & Yorktown,N/A,N/A,N/A,N/A,N/A | N/A
Indiana,Indianapolis Logistics- Revised (9/20/16),Indianapolis & Yorktown,N/A,N/A,N/A,N/A,N/A | N/A
Indiana,Indianapolis Logistics- Revised (9/30/16),Indianapolis & Yorktown,N/A,N/A,N/A,N/A,N/A | N/A
Indiana,"Applegate Livestock Equipment, Inc.- Revised (6/14/16)",Union City,N/A,N/A,N/A,N/A,N/A | N/A
Indiana,"Applegate Livestock Equipment, Inc.- Revised (7/15/16)",Union City,N/A,N/A,N/A,N/A,N/A | N/A
Indiana,Silgan Containers -Revised,LaPorte,N/A,N/A,N/A,N/A,N/A | N/A
Indiana,Silgan Containers -Revised (7/29/16),LaPorte,N/A,N/A,N/A,N/A,N/A | N/A
Indiana,Carter Fuel Systems-Revised (10/5/15),Logansport,N/A,N/A,N/A,N/A,N/A | N/A
Indiana,Carter Fuel Systems-Revised (12/11/15),Logansport,N/A,N/A,N/A,N/A,N/A | N/A
Indiana,"Pall Filter Specialists, Inc.-Revised (12/2/15)",Michigan City,N/A,N/A,N/A,N/A,N/A | N/A
Indiana,Silgan Plastics Corporation-Revised (8/24/15),Ligonier,N/A,N/A,N/A,N/A,N/A | N/A
Indiana,Goodwill Industries of Central Indiana-Revised,Indianapolis,N/A,N/A,N/A,N/A,N/A | N/A
Indiana,Tecomet - Symmetry Medical Manufacturing Inc.-Revised,Avilla,N/A,N/A,N/A,N/A,N/A | N/A
Indiana,Tecomet - Symmetry Medical Manufacturing Inc.-Revised,Avilla,N/A,N/A,N/A,N/A,N/A | N/A
Indiana,Schott Gemtron-Revised,Vincennes,N/A,N/A,N/A,N/A,N/A | N/A
Indiana,Northrop Grumman-Revised,Edinburg,N/A,N/A,N/A,N/A,N/A | N/A
Indiana,Northrop Grumman--Revised,Edinburg,N/A,N/A,N/A,N/A,N/A | N/A
Indiana,Rural Metro Corporation-Revised,"Indianapolis, Anderson, Logansport, Martinsville, and Richmond",N/A,N/A,N/A,N/A,N/A | N/A
Indiana,Chesapeake Pharmaceutical and Healthcare Packaging-Revised,Evansville,N/A,N/A,N/A,N/A,N/A | N/A
Indiana,Chesapeake Pharmaceutical and Healthcare Packaging-Revised,Evansville,N/A,N/A,N/A,N/A,N/A | N/A
Indiana,"Peabody Indiana Services, LLC -Revised",Cannelburg,N/A,N/A,N/A,N/A,N/A | N/A
Indiana,"Peabody Indiana Services, LLC -Revised",Cannelburg,N/A,N/A,N/A,N/A,N/A | N/A
Indiana,"Peabody Indiana Services, LLC -Revised",Cannelburg,N/A,N/A,N/A,N/A,N/A | N/A
Indiana,"Peabody Indiana Services, LLC -Revised",Cannelburg,N/A,N/A,N/A,N/A,N/A | N/A
Indiana,"Peabody Indiana Services, LLC -Revised",Cannelburg,N/A,N/A,N/A,N/A,N/A | N/A
Indiana,"Peabody Indiana Services, LLC -Revised",Cannelburg,N/A,N/A,N/A,N/A,N/A | N/A
Indiana,"Peabody Midwest Management Services, LLC-Revised",Cannelburg,N/A,N/A,N/A,N/A,N/A | N/A
Indiana,"Peabody Midwest Management Services, LLC-Revised",Cannelburg,N/A,N/A,N/A,N/A,N/A | N/A
Indiana,"Peabody Midwest Management Services, LLC-Revised",Cannelburg,N/A,N/A,N/A,N/A,N/A | N/A
Indiana,"Peabody Midwest Management Services, LLC-Revised",Cannelburg,N/A,N/A,N/A,N/A,N/A | N/A
Indiana,"The Arc of Northwest Indiana, Inc-Revised",Lake and Porter Counties,N/A,N/A,N/A,N/A,N/A | N/A
Indiana,CMW International Inc.-Revised,Indianapolis,N/A,N/A,N/A,N/A,N/A | N/A
Indiana,CMW International Inc.-Revised,Indianapolis,N/A,N/A,N/A,N/A,N/A | N/A
Indiana,CMW International Inc.-Revised,Indianapolis,N/A,N/A,N/A,N/A,N/A | N/A
Indiana,"Cequent Performance Products, Inc-Revised",Huntington,N/A,N/A,N/A,N/A,N/A | N/A
Indiana,Unilever Ice Cream Manufacturing-Revised,Huntington,N/A,N/A,N/A,N/A,N/A | N/A
Indiana,Warner Transitional Services-Revised,Indianapolis,N/A,N/A,N/A,N/A,N/A | N/A
Indiana,International Paper Company-Revised,Indianapolis,N/A,N/A,N/A,N/A,N/A | N/A
Indiana,International Paper Company-Revised,Indianapolis,N/A,N/A,N/A,N/A,N/A | N/A
Indiana,U.S. Cellular Corporation-Revised,"Elkhart, Fort Wayne, Merrillville, Michigan City, Mishawaka, Portage, Schererville, South Bend",N/A,N/A,N/A,N/A,N/A | N/A
Indiana,Pitney Bowes-Revised,Plainfield,N/A,N/A,N/A,N/A,N/A | N/A
Indiana,"Hologic, Inc.-Revised",Indianapolis,N/A,N/A,N/A,N/A,N/A | N/A
Indiana,Steel Parts Manufacturing Inc-Revised,Tipton,N/A,N/A,N/A,N/A,N/A | N/A
Indiana,Amsted Rail Inc-Revised,Hammond,N/A,N/A,N/A,N/A,N/A | N/A
Indiana,Whirlpool Corporation-Revised,Evansville,N/A,N/A,N/A,N/A,N/A | N/A
Indiana,Manitowoc Foodservice-Revised,Fort Wayne,N/A,N/A,N/A,N/A,N/A | N/A
Indiana,Peabody Energy-Revised,Vincennes,N/A,N/A,N/A,N/A,N/A | N/A
Indiana,Peabody Energy-Revised,Vincennes,N/A,N/A,N/A,N/A,N/A | N/A
Indiana,Peabody Energy-Revised,Vincennes,N/A,N/A,N/A,N/A,N/A | N/A
Indiana,Peabody Energy-Revised,Vincennes,N/A,N/A,N/A,N/A,N/A | N/A
Indiana,Peabody Energy-Revised,Vincennes,N/A,N/A,N/A,N/A,N/A | N/A
Indiana,Peabody Energy-Revised,Vincennes,N/A,N/A,N/A,N/A,N/A | N/A
Indiana,"JCIM, LLC-Revised",Kendallville,N/A,N/A,N/A,N/A,N/A | N/A
Indiana,"JCIM, LLC-Revised",Kendallville,N/A,N/A,N/A,N/A,N/A | N/A
Indiana,"Sunrise Publications, Inc.-Revised",Bloomington,N/A,N/A,N/A,N/A,N/A | N/A
Indiana,"Ross Sand Casting Industries, Inc. Plant 3-Revised",Winchester,N/A,N/A,N/A,N/A,N/A | N/A
Indiana,Bon L Manufacturing Co.-Revised,Kentland,N/A,N/A,N/A,N/A,N/A | N/A
Indiana,Bon L Manufacturing Co.-Revised,Kentland,N/A,N/A,N/A,N/A,N/A | N/A
Indiana,Bon L Manufacturing Co.-Revised,Kentland,N/A,N/A,N/A,N/A,N/A | N/A
Indiana,International Paper Company Shorewood Packaging-Revised,Indianapolis,N/A,N/A,N/A,N/A,N/A | N/A
Indiana,Fortis Plastics-Corporate Offices,South Bend,N/A,N/A,N/A,N/A,N/A | N/A
Indiana,Fortis Plastics-Revised Corporate,South Bend,N/A,N/A,N/A,N/A,N/A | N/A
Indiana,Fortis Plastics-Revised Corporate,South Bend,N/A,N/A,N/A,N/A,N/A | N/A
Indiana,Fortis Plastics-Manufacturing Facilities,South Bend,N/A,N/A,N/A,N/A,N/A | N/A
Indiana,Fortis Plastics-Revised Manufacturing,South Bend,N/A,N/A,N/A,N/A,N/A | N/A
Indiana,Ford Motor Company-Revised,Indianapolis,N/A,N/A,N/A,N/A,N/A | N/A
Indiana,Ford Motor Company-Revised,Indianapolis,N/A,N/A,N/A,N/A,N/A | N/A
Indiana,Ford Motor Company-Revised,Indianapolis,N/A,N/A,N/A,N/A,N/A | N/A
Indiana,Ford Motor Company-Revised,Indianapolis,N/A,N/A,N/A,N/A,N/A | N/A
Indiana,"Vantiv, LLC-Revised",Evansville,N/A,N/A,N/A,N/A,N/A | N/A
Indiana,"Vantiv, LLC-Revised",Evansville,N/A,N/A,N/A,N/A,N/A | N/A
Indiana,"Navistar, Inc-Revised",Fort Wayne,N/A,N/A,N/A,N/A,N/A | N/A
Indiana,"Navistar, Inc-Attachment",Fort Wayne,N/A,N/A,N/A,N/A,N/A | N/A
Indiana,"Navistar, Inc-Revised",Fort Wayne,N/A,N/A,N/A,N/A,N/A | N/A
Indiana,Workhorse Custom Chassis LLC-Revised,Union City,N/A,N/A,N/A,N/A,N/A | N/A
Indiana,Ficosa North America-Revised,Berne,N/A,N/A,N/A,N/A,N/A | N/A
Indiana,Ficosa North America-Exhibit A,Berne,N/A,N/A,N/A,N/A,N/A | N/A
Indiana,Ficosa North America-Revised,Berne,N/A,N/A,N/A,N/A,N/A | N/A
Indiana,General Motors Stamping Plant-Revised,Indianapolis,N/A,N/A,N/A,N/A,N/A | N/A
Indiana,General Motors Stamping Plant-Revised,Indianapolis,N/A,N/A,N/A,N/A,N/A | N/A
Indiana,General Motors Stamping Plant-Revised,Indianapolis,N/A,N/A,N/A,N/A,N/A | N/A
Indiana,General Motors Stamping Plant-Revised,Indianapolis,N/A,N/A,N/A,N/A,N/A | N/A
Indiana,Printpack Inc.-Revised,Greensburg,N/A,N/A,N/A,N/A,N/A | N/A
Indiana,Printpack Inc.-Revised,Greensburg,N/A,N/A,N/A,N/A,N/A | N/A
Indiana,"Automotive Components Holding, LLC-Revised",Indianapolis,N/A,N/A,N/A,N/A,N/A | N/A
Indiana,"Automotive Components Holding, LLC-Revised",Indianapolis,N/A,N/A,N/A,N/A,N/A | N/A
Indiana,"Automotive Components Holding, LLC-Revised",Indianapolis,N/A,N/A,N/A,N/A,N/A | N/A
Indiana,"Automotive Components Holding, LLC-Revised",Indianapolis,N/A,N/A,N/A,N/A,N/A | N/A
Indiana,Camryn Industries-Revised,Berne,N/A,N/A,N/A,N/A,N/A | N/A
Indiana,Ford Motor Company-Revised,Indianapolis,N/A,N/A,N/A,N/A,N/A | N/A
Indiana,MHP Pharmacy -dba- Freedom Pharmacy-Revised,Indianapolis,N/A,N/A,N/A,N/A,N/A | N/A
Indiana,Dawn Foods-Revised,Crown Point,N/A,N/A,N/A,N/A,N/A | N/A
Indiana,Dawn Foods-Revised,Crown Point,N/A,N/A,N/A,N/A,N/A | N/A
Indiana,Newport Chemical Depot-Revised,Newport,N/A,N/A,N/A,N/A,N/A | N/A
Indiana,Visteon Corporation-Revised,Indianapolis,N/A,N/A,N/A,N/A,N/A | N/A
Indiana,Heraeus Electro-Nite Co.-Revised,Peru,N/A,N/A,N/A,N/A,N/A | N/A
Indiana,Modine Manufacturing-Revised,Logansport,N/A,N/A,N/A,N/A,N/A | N/A
Indiana,Modine Manufacturing-Revised,Logansport,N/A,N/A,N/A,N/A,N/A | N/A
Indiana,Modine Manufacturing-Revised,Logansport,N/A,N/A,N/A,N/A,N/A | N/A
Iowa,CNH Industrial America LLC,Burlington,01/20/2026,03/02/2026,7,Closing,Des Moines | Mississippi Valley | Manufacturing
Iowa,CNH Industrial America LLC,Burlington,01/20/2026,04/01/2026,4,Closing,Des Moines | Mississippi Valley | Manufacturing
Iowa,CNH Industrial America LLC,Burlington,01/20/2026,04/02/2026,52,Closing,Des Moines | Mississippi Valley | Manufacturing
Iowa,CNH Industrial America LLC,Burlington,01/20/2026,04/08/2026,18,Closing,Des Moines | Mississippi Valley | Manufacturing
Iowa,CNH Industrial America LLC,Burlington,01/20/2026,04/09/2026,9,Closing,Des Moines | Mississippi Valley | Manufacturing
Iowa,CNH Industrial America LLC,Burlington,01/20/2026,04/10/2026,21,Closing,Des Moines | Mississippi Valley | Manufacturing
Iowa,CNH Industrial America LLC,Burlington,01/20/2026,04/13/2026,16,Closing,Des Moines | Mississippi Valley | Manufacturing
Iowa,CNH Industrial America LLC,Burlington,01/20/2026,04/30/2026,16,Closing,Des Moines | Mississippi Valley | Manufacturing
Iowa,CNH Industrial America LLC,Burlington,01/20/2026,05/01/2026,42,Closing,Des Moines | Mississippi Valley | Manufacturing
Iowa,CNH Industrial America LLC,Burlington,01/20/2026,05/29/2026,24,Closing,Des Moines | Mississippi Valley | Manufacturing
Iowa,Wells Fargo,West Des Moines,01/20/2026,03/20/2026,33,Mass Layoff,Polk | Central Iowa | Finance and Insurance
Iowa,"Collis, LLC",Clinton,01/20/2026,03/23/2026,22,Mass Layoff,Clinton | Mississippi Valley | Manufacturing
Iowa,MercyOne,Ottumwa,01/23/2026,02/27/2026,40,Closing,Wapello | South Central Iowa | Health Care and Social Assistance
Iowa,MercyOne Des Moines Medical Center,Des Moines,01/26/2026,03/17/2026,67,Mass Layoff,Polk | Central Iowa | Health Care and Social Assistance
Iowa,American Contract Systems,Grimes,01/27/2026,03/31/2026,47,Closing,Polk | Central Iowa | Administrative and Support and Waste Management and Remediation Services
Iowa,MercyOne North Iowa Medical Center,Mason City,01/26/2026,03/17/2026,34,Mass Layoff,Cerro Gordo | Northeast Iowa | Health Care and Social Assistance
Iowa,Wells Fargo,West Des Moines,02/03/2026,04/04/2026,49,Mass Layoff,Polk | Central Iowa | Finance and Insurance
Iowa,"Cedar Valley Corp, LLC",Waterloo,02/06/2026,03/17/2026,89,Closing,Black Hawk | Northeast Iowa | Construction
Iowa,Whirlpool Corporation,Amana,02/17/2026,03/09/2026,341,Mass Layoff,Iowa | East Central Iowa | Manufacturing
Iowa,Wells Fargo,West Des Moines,02/17/2026,04/18/2026,2,Mass Layoff - Additional Employees,Polk | Central Iowa | Finance and Insurance
Iowa,CNH Industrial America LLC,Burlington,02/27/2026,03/23/2026,4,Amendment - Change in Number,Des Moines | Mississippi Valley | Manufacturing
Iowa,CNH Industrial America LLC,Burlington,02/27/2026,04/02/2026,47,Amendment - Change in Number,Des Moines | Mississippi Valley | Manufacturing
Iowa,CNH Industrial America LLC,Burlington,02/27/2026,04/08/2026,16,Amendment - Change in Number,Des Moines | Mississippi Valley | Manufacturing
Iowa,CNH Industrial America LLC,Burlington,02/27/2026,04/09/2026,6,Amendment - Change in Number,Des Moines | Mississippi Valley | Manufacturing
Iowa,CNH Industrial America LLC,Burlington,02/27/2026,04/13/2026,14,Amendment - Change in Number,Des Moines | Mississippi Valley | Manufacturing
Iowa,CNH Industrial America LLC,Burlington,02/27/2026,04/17/2026,4,Amendment - Change in Number,Des Moines | Mississippi Valley | Manufacturing
Iowa,CNH Industrial America LLC,Burlington,02/27/2026,04/24/2026,4,Amendment - Change in Number,Des Moines | Mississippi Valley | Manufacturing
Iowa,CNH Industrial America LLC,Burlington,02/27/2026,04/30/2026,18,Amendment - Change in Number,Des Moines | Mississippi Valley | Manufacturing
Iowa,CNH Industrial America LLC,Burlington,02/27/2026,05/01/2026,27,Amendment - Change in Number,Des Moines | Mississippi Valley | Manufacturing
Iowa,CNH Industrial America LLC,Burlington,02/27/2026,05/22/2026,1,Amendment - Change in Number,Des Moines | Mississippi Valley | Manufacturing
Iowa,CNH Industrial America LLC,Burlington,02/27/2026,05/29/2026,7,Amendment - Change in Number,Des Moines | Mississippi Valley | Manufacturing
Iowa,CNH Industrial America LLC,Burlington,02/27/2026,06/26/2026,15,Amendment - Change in Number,Des Moines | Mississippi Valley | Manufacturing
Iowa,CNH Industrial America LLC,Burlington,02/27/2026,09/25/2026,13,Amendment - Change in Number,Des Moines | Mississippi Valley | Manufacturing
Iowa,CNH Industrial America LLC,Burlington,02/27/2026,12/31/2026,5,Amendment - Change in Number,Des Moines | Mississippi Valley | Manufacturing
Iowa,Wells Fargo,West Des Moines,03/03/2026,05/02/2026,7,Amendment - Additional Employees,Polk | Central Iowa | Finance and Insurance
Iowa,"Sky Chevrolet, LLC",Newhall,03/09/2026,03/06/2026,30,Mass Layoff,Benton | East Central Iowa | Retail Trade
Iowa,"Sky Auto Mall, LLC",Center Point,03/09/2026,03/06/2026,46,Mass Layoff,Linn | East Central Iowa | Retail Trade
Iowa,Wells Fargo,West Des Moines,03/31/2026,05/30/2026,62,Amendment - Additional Employees,Polk | Central Iowa | Finance and Insurance
Iowa,First Student,Waterloo,04/02/2026,06/30/2026,120,Closing,Black Hawk | Northeast Iowa | Transportation and Warehouse
Iowa,Ryder Systems Inc.,Waterloo,04/08/2026,07/24/2026,153,Amendment - Additional Employees,Black Hawk | Northeast Iowa | Transportation and Warehouse
Iowa,Appliance Plus Cellular Inc,Oelwein,04/14/2026,07/31/2026,4,Closing,Fayette | Northeast Iowa | Retail Trade
Iowa,Appliance Plus Cellular Inc,Independence,04/14/2026,07/31/2026,5,Closing,Buchanan | Northeast Iowa | Retail Trade
Iowa,Appliance Plus Cellular Inc,West Union,04/14/2026,07/31/2026,4,Closing,Fayette | Northeast Iowa | Retail Trade
Iowa,Appliance Plus Cellular Inc,New Hampton,04/14/2026,07/31/2026,3,Closing,Chickasaw | Northeast Iowa | Retail Trade
Iowa,Appliance Plus Cellular Inc,Charles City,04/14/2026,07/31/2026,5,Closing,Floyd | Northeast Iowa | Retail Trade
Iowa,Appliance Plus Cellular Inc,Webster City,04/14/2026,07/31/2026,3,Closing,Hamilton | Iowa Plains | Retail Trade
Iowa,Appliance Plus Cellular Inc,Algona,04/14/2026,07/31/2026,5,Closing,Kossuth | Iowa Plains | Retail Trade
Iowa,Appliance Plus Cellular Inc,Waukon,04/14/2026,07/31/2026,1,Closing,Allamakee | Northeast Iowa | Retail Trade
Iowa,Appliance Plus Cellular Inc,Dyersville,04/14/2026,07/31/2026,5,Closing,Delaware | Northeast Iowa | Retail Trade
Iowa,Wells Fargo,West Des Moines,04/14/2026,06/13/2026,25,Amendment- Additional Employees,Polk | Central Iowa | Finance and Insurance
Iowa,Transco Rail Services,Oelwein,04/16/2026,04/10/2026,40,Mass Layoff,Fayette | Northeast Iowa | Transportation and Warehouse
Iowa,UnityPoint Health,Hiawatha,04/14/2026,07/24/2026,97,Mass Layoff,Linn | East Central Iowa | Management of Companies and Enterprises
Iowa,UnityPoint Health,Des Moines,04/14/2026,07/24/2026,3,Mass Layoff,Polk | Central Iowa | Management of Companies and Enterprises
Iowa,UnityPoint Health,Grimes,04/14/2026,07/24/2026,1,Mass Layoff,Polk | Central Iowa | Management of Companies and Enterprises
Iowa,UnityPoint Health,Des Moines,04/14/2026,07/24/2026,5,Mass Layoff,Pollk | Central Iowa | Management of Companies and Enterprises
Iowa,UnityPoint Health,Waterloo,04/14/2026,07/24/2026,1,Mass Layoff,Black Hawk | Northeast Iowa | Management of Companies and Enterprises
Iowa,UnityPoint Health,Sioux City,04/14/2026,07/24/2026,1,Mass Layoff,Woodbury | Iowa Plains | Management of Companies and Enterprises
Iowa,UnityPoint Health,Dubuque,04/14/2026,07/24/2026,2,Mass Layoff,Dubuque | Northeast Iowa | Management of Companies and Enterprises
Iowa,UnityPoint Health,Marshalltown,04/14/2026,07/24/2026,1,Mass Layoff,Marshall | South Central Iowa | Management of Companies and Enterprises
Iowa,UnityPoint Health,Des Moines,04/14/2026,07/24/2026,76,Mass Layoff,Polk | Central Iowa | Management of Companies and Enterprises
Iowa,UnityPoint Health,Fort Dodge,04/14/2026,07/24/2026,1,Mass Layoff,Webster | Iowa Plains | Management of Companies and Enterprises
Iowa,UnityPoint Health,Cedar Rapids,04/14/2026,07/24/2026,1,Mass Layoff,Linn | East Central Iowa | Management of Companies and Enterprises
Iowa,Wells Fargo,West Des Moines,04/28/2026,06/27/2026,10,Amendment - Additional Employees,Polk | Central Iowa | Finance and Insurance
Iowa,Wells Fargo,West Des Moines,05/12/2026,07/11/2026,29,Amendment - Additional Employees,Polk | Central Iowa | Finance and Insurance
Iowa,UnityPoint Health,Des Moines,05/14/2026,07/24/2026,14,Amendment - Additional Employees,Pollk | Central Iowa | Management of Companies and Enterprises
Iowa,"Rhiners' Plumbing Co, Inc",Clive,05/21/2026,05/01/2026,47,Closing,Polk | Central Iowa | Construction
Iowa,Wells Fargo,West Des Moines,05/26/2026,07/25/2026,1,Amendment - Additional Employees,Polk | Central Iowa | Finance and Insurance
Iowa,Whirlpool Corporation,Amana,06/04/2026,07/05/2026,288,Mass Layoff,Iowa | East Central Iowa | Manufacturing
Iowa,Iowa Department of Management,Des Moines,06/09/2026,08/03/2026,192,Mass Layoff,Polk | Central Iowa | Public Administration
Iowa,"Plastic Products Co., Inc.",West Branch,06/15/2026,08/14/2026,77,Closing,Cedar | East Central Iowa | Manufacturing
Iowa,Wells Fargo,West Des Moines,06/23/2026,08/22/2026,43,Amendment - Additional Employees,Polk | Central Iowa | Finance and Insurance
Iowa,BrandFX,Swea City,06/30/2026,08/31/2026,56,Closing,Kossuth | Iowa Plains | Manufacturing
Iowa,Great Souther Bank,Ankeny,06/30/2026,10/01/2026,5,Closing,Polk | Central Iowa | Finance and Insurance
Iowa,Great Souther Bank,Pleasant Hill,06/30/2026,10/01/2026,4,Closing,Polk | Central Iowa | Finance and Insurance
Iowa,Wells Fargo,West Des Moines,07/07/2026,09/05/2026,20,Amendment - Additional Employees,Polk | Central Iowa | Finance and Insurance
Iowa,Independence Premium Foods,Independence,07/10/2026,08/09/2026,42,Mass Layoff,Buchanan | Northeast Iowa | Manufacturing
Iowa,River Hills Community Center,Richland,07/17/2026,07/31/2026,5,Closing,Keokuk | Eastern Iowa | Health Care and Social Assistance
Iowa,River Hills Community Center,Centerville,07/17/2026,07/31/2026,19,Closing,Appanoose | Eastern Iowa | Health Care and Social Assistance
Iowa,Wells Fargo,West Des Moines,07/22/2026,09/19/2026,20,Amendment - Additional Employees,Polk | Central Iowa | Finance and Insurance
Iowa,"NFI Interactive Logistics, LLC",Cedar Rapids,07/28/2026,09/30/2026,49,Closing,Linn | East Central Iowa | Transportation and Warehouse
Iowa,UnityPoint Health,West Des Moines,07/28/2026,02/28/2027,229,Mass Layoff,Polk | Central Iowa | Management of Companies and Enterprises
Iowa,UnityPoint Health,Dubuque,07/28/2026,02/28/2027,1,Mass Layoff,Dubuque | Northeast Iowa | Management of Companies and Enterprises
Iowa,"Lund Foods Holdings, Inc",Lake Mills,08/03/2026,10/09/2026,23,Closing,Winnebago | Northeast Iowa | Manufacturing
Iowa,Wells Fargo,West Des Moines,08/04/2026,10/03/2026,7,Amendment - Additional Employees,Polk | Central Iowa | Finance and Insurance
Iowa,Winnebago Industries,Forest City,08/13/2026,11/30/2026,27,Mass Layoff,Winnebago | Northeast Iowa | Manufacturing
Iowa,RTX,Cedar Rapids,08/18/2026,09/30/2026,1,Mass Layoff,"Linn | East Central Iowa | Professional, Scientific, and Technical Services"
Iowa,Wells Fargo,West Des Moines,08/18/2026,10/17/2026,14,Amendment - Additional Employees,Polk | Central Iowa | Finance and Insurance
Iowa,"Verschoor Meats, Inc",Sioux City,08/21/2026,08/21/2026,42,Closing,Woodbury | Iowa Plains | Wholesale Trade
Iowa,RTX,Cedar Rapids,08/25/2026,09/30/2026,1,Amendment - Additional Employees,"Linn | East Central Iowa | Professional, Scientific, and Technical Services"
Iowa,People First Sanitation,Sioux City,08/28/2026,09/25/2026,54,Mass Layoff,Woodbury | Iowa Plains | Administrative and Support and Waste Management and Remediation Services
Iowa,John Deere Ottumwa Works,Ottumwa,01/06/2025,02/07/2025,75,Mass Layoff,Wapello | South Central Iowa | Manufacturing
Iowa,"IES Communications, LLC",Altoona,01/10/2025,01/10/2025,28,Mass Layoff,Polk | Central Iowa | Construction
Iowa,SpartanNash,Glenwood,01/15/2025,02/14/2025,23,Closing,Mills | Iowa Plains | Wholesale Trade
Iowa,"Kinze Manufacturing, Inc",Williamsburg,01/15/2025,01/15/2025,53,Mass Layoff,Iowa | East Central Iowa | Manufacturing
Iowa,Dotdash Meredith,Des Moines,01/16/2025,02/01/2025,28,Mass Layoff,Polk | Central Iowa | Information
Iowa,JELD-WEN Inc,Grinnell,01/20/2025,03/21/2025,298,Closing,Poweshiek | South Central Iowa | Manufacturing
Iowa,NSK Americas,Clarinda,01/27/2025,02/28/2025,34,Mass Layoff,Page | Iowa Plains | Manufacturing
Iowa,Quad County Corn Processors Cooperative,Galva,01/24/2025,02/25/2025,41,Closing,Ida | Iowa Plains | Manufacturing
Iowa,"IES Communications, LLC",Altoona,02/10/2025,02/10/2025,1,Amendment - Additional Employees,Polk | Central Iowa | Construction
Iowa,Orient-Macksburg Community School District,Orient,02/11/2025,07/01/2025,36,Closing,Adair | Iowa Plains | Educational Services
Iowa,Fisher Group,Hiawatha,02/11/2025,03/12/2025,32,Closing,Linn | East Central Iowa | Manufacturing
Iowa,John Deere Des Moines Works,Ankeny,02/21/2025,03/31/2025,9,Mass Layoff,Polk | Central Iowa | Manufacturing
Iowa,John Deere Des Moines Works,Ankeny,02/21/2025,04/07/2025,38,Mass Layoff,Polk | Central Iowa | Manufacturing
Iowa,John Deere Des Moines Works,Ankeny,02/21/2025,04/28/2025,72,Mass Layoff,Polk | Central Iowa | Manufacturing
Iowa,Ascent Professional Staffing,Muscatine,02/28/2025,05/02/2025,32,Closing,Muscatine | Mississippi Valley | Administrative and Support and Waste Management and Remediation Services
Iowa,Lutheran Services in Iowa,Des Moines,03/03/2025,03/28/2025,10,Mass Layoff,Polk | Central Iowa | Health Care and Social Assistance
Iowa,Lutheran Services in Iowa,Sioux City,03/03/2025,03/28/2025,3,Mass Layoff,Woodbury | Iowa Plains | Health Care and Social Assistance
Iowa,Lutheran Services in Iowa,Waterloo,03/03/2025,03/28/2025,2,Mass Layoff,Black Hawk | Northeast Iowa | Health Care and Social Assistance
Iowa,Lutheran Services in Iowa,Des Moines,03/03/2025,04/25/2025,6,Mass Layoff,Polk | Central Iowa | Health Care and Social Assistance
Iowa,Lutheran Services in Iowa,Sioux City,03/03/2025,04/25/2025,4,Mass Layoff,Woodbury | Iowa Plains | Health Care and Social Assistance
Iowa,Lutheran Services in Iowa,Waterloo,03/03/2025,04/25/2025,2,Mass Layoff,Black Hawk | Northeast Iowa | Health Care and Social Assistance
Iowa,Lutheran Services in Iowa,Des Moines,03/03/2025,06/27/2025,1,Mass Layoff,Polk | Central Iowa | Health Care and Social Assistance
Iowa,Wells Fargo,West Des Moines,03/04/2025,04/04/2025,33,Mass Layoff,Polk | Central Iowa | Finance and Insurance
Iowa,Pitney Bowes,Urbandale,03/12/2025,05/19/2025,168,Closing,Polk | Central Iowa | Administrative and Support and Waste Management and Remediation Services
Iowa,Collins Aerospace,Cedar Rapids,03/13/2025,04/14/2025,160,Mass Layoff,Linn | East Central Iowa | Manufacturing
Iowa,Wells Fargo,West Des Moines,03/18/2025,05/18/2025,34,Amendment - Additional Employees,Polk | Central Iowa | Finance and Insurance
Iowa,"Sodexo, Inc",Decorah,03/13/2025,06/30/2025,130,Closing,Winneshiek | Northeast Iowa | Accommodation and Food Services
Iowa,Whirlpool Corporation,Amana,04/01/2025,06/01/2025,651,Mass Layoff,Iowa | East Central Iowa | Manufacturing
Iowa,ASM Global,Dubuque,04/01/2025,06/30/2025,160,Mass Layoff,Dubuque | Northeast Iowa | Accommodation and Food Services
Iowa,Wells Fargo,West Des Moines,04/01/2025,06/01/2025,14,Amendment - Additional Employees,Polk | Central Iowa | Finance and Insurance
Iowa,Durham School Services,Ames,04/02/2025,05/31/2025,62,Mass Layoff,Story | Central Iowa | Transportation and Warehousing
Iowa,Corteva Agriscience,Johnston,04/02/2025,05/09/2025,44,Mass Layoff,Polk | Central Iowa | Wholesale Trade
Iowa,United States Cellular Corporation,Cedar Rapids,04/07/2025,06/02/2025,183,Mass Layoff,Linn | East Central Iowa | Information
Iowa,United States Cellular Corporation,Johnston,04/07/2025,06/02/2025,39,Mass Layoff,Polk | Central Iowa | Information
Iowa,United States Cellular Corporation,Altoona,04/07/2025,06/02/2025,8,Mass Layoff,Polk | Central Iowa | Information
Iowa,United States Cellular Corporation,Ames,04/07/2025,06/02/2025,9,Mass Layoff,Story | Central Iowa | Information
Iowa,United States Cellular Corporation,Ankeny,04/07/2025,06/02/2025,7,Mass Layoff,Polk | Central Iowa | Information
Iowa,United States Cellular Corporation,Council Bluffs,04/07/2025,06/02/2025,6,Mass Layoff,Pottawattamie | Iowa Plains | Information
Iowa,United States Cellular Corporation,Creston,04/07/2025,06/02/2025,9,Mass Layoff,Union | Iowa Plains | Information
Iowa,United States Cellular Corporation,Des Moines,04/07/2025,06/02/2025,11,Mass Layoff,Polk | Central Iowa | Information
Iowa,United States Cellular Corporation,Fort Dodge,04/07/2025,06/02/2025,10,Mass Layoff,Webster | Iowa Plains | Information
Iowa,United States Cellular Corporation,Indianola,04/07/2025,06/02/2025,6,Mass Layoff,Warren | Central Iowa | Information
Iowa,United States Cellular Corporation,Mason City,04/07/2025,06/02/2025,9,Mass Layoff,Cerro Gordo | Northeast Iowa | Information
Iowa,United States Cellular Corporation,Sioux City,04/07/2025,06/02/2025,5,Mass Layoff,Woodbury | Iowa Plains | Information
Iowa,United States Cellular Corporation,West Des Moines,04/07/2025,06/02/2025,7,Mass Layoff,Polk | Central Iowa | Information
Iowa,United States Cellular Corporation,West Des Moines,04/07/2025,06/02/2025,7,Mass Layoff,Polk | Central Iowa | Information
Iowa,United States Cellular Corporation,Cedar Falls,04/07/2025,06/02/2025,8,Mass Layoff,Black Hawk | Northeast Iowa | Information
Iowa,United States Cellular Corporation,Cedar Rapids,04/07/2025,06/02/2025,10,Mass Layoff,Linn | East Central Iowa | Information
Iowa,United States Cellular Corporation,Cedar Rapids,04/07/2025,06/02/2025,10,Mass Layoff,Linn | East Central Iowa | Information
Iowa,United States Cellular Corporation,Cedar Rapids,04/07/2025,06/02/2025,11,Mass Layoff,Linn | East Central Iowa | Information
Iowa,United States Cellular Corporation,Clinton,04/07/2025,06/02/2025,7,Mass Layoff,Clinton | Mississippi Valley | Information
Iowa,United States Cellular Corporation,Coralville,04/07/2025,06/02/2025,10,Mass Layoff,Johnson | East Central Iowa | Information
Iowa,United States Cellular Corporation,Davenport,04/07/2025,06/02/2025,8,Mass Layoff,Scott | Mississippi Valley | Information
Iowa,United States Cellular Corporation,Davenport,04/07/2025,06/02/2025,9,Mass Layoff,Scott | Mississippi Valley | Information
Iowa,United States Cellular Corporation,Decorah,04/07/2025,06/02/2025,7,Mass Layoff,Winneshiek | Northeast Iowa | Information
Iowa,United States Cellular Corporation,Dubuque,04/07/2025,06/02/2025,18,Mass Layoff,Dubuque | Northeast Iowa | Information
Iowa,United States Cellular Corporation,Iowa City,04/07/2025,06/02/2025,8,Mass Layoff,Johnson | East Central Iowa | Information
Iowa,United States Cellular Corporation,Keokuk,04/07/2025,06/02/2025,9,Mass Layoff,Lee | Mississippi Valley | Information
Iowa,United States Cellular Corporation,Knoxville,04/07/2025,06/02/2025,6,Mass Layoff,Marion | Central Iowa | Information
Iowa,United States Cellular Corporation,Manchester,04/07/2025,06/02/2025,6,Mass Layoff,Delaware | Northeast Iowa | Information
Iowa,United States Cellular Corporation,Marshalltown,04/07/2025,06/02/2025,7,Mass Layoff,Marshall | South Central Iowa | Information
Iowa,United States Cellular Corporation,Muscatine,04/07/2025,06/02/2025,8,Mass Layoff,Muscatine | Mississippi Valley | Information
Iowa,United States Cellular Corporation,Ottumwa,04/07/2025,06/02/2025,15,Mass Layoff,Wapello | South Central Iowa | Information
Iowa,United States Cellular Corporation,Waterloo,04/07/2025,06/02/2025,11,Mass Layoff,Black Hawk | Northeast Iowa | Information
Iowa,United States Cellular Corporation,West Burlington,04/07/2025,06/02/2025,13,Mass Layoff,Des Moines | Mississippi Valley | Information
Iowa,RTX,Cedar Rapids,04/10/2025,05/15/2025,4,Mass Layoff,"Linn | East Central Iowa | Professional, Scientific, and Technical Services"
Iowa,Wells Fargo,West Des Moines,04/15/2025,06/15/2025,46,Amendment - Additional Employees,Polk | Central Iowa | Finance and Insurance
Iowa,"BHFO, Inc",Cedar Rapids,04/15/2025,05/15/2025,32,Mass Layoff,Linn | East Central Iowa | Retail Trade
Iowa,Michael's Cookies,Clear Lake,04/22/2025,05/23/2025,29,Closing,Cerro Gordo | Northeast Iowa | Manufacturing
Iowa,Main Street Manor,Swea City,04/18/2025,07/23/2025,13,Closing,Kossuth | Iowa Plains | Health Care and Social Assistance
Iowa,Hy-Vee Fresh Commissary,Ankeny,04/24/2025,06/24/2025,332,Closing,Polk | Central Iowa | Retail Trade
Iowa,Hy-Vee Chariton Short Cuts Facility,Chariton,04/24/2025,06/24/2025,129,Closing,Lucas | South Central Iowa | Retail Trade
Iowa,"Accelerate360 Distribution, LLC - Dakota Merchandising Work",Lincoln,04/25/2025,06/28/2025,35,Mass Layoff,Sioux Falls | Northeast Iowa | Administrative and Support and Waste Management and Remediation Services
Iowa,Wells Fargo,West Des Moines,04/29/2025,06/29/2025,41,Amendment - Additional Employees,Polk | Central Iowa | Finance and Insurance
Iowa,Forte Openings Solutions,Mason City,05/01/2025,06/30/2025,47,Closing,Cerro Gordo | Northeast Iowa | Manufacturing
Iowa,Forte Openings Solutions,Mason City,05/01/2025,06/30/2025,46,Closing,Cerro Gordo | Northeast Iowa | Manufacturing
Iowa,American Contract Systems,Grimes,05/13/2025,07/31/2025,62,Closing,Story | Central Iowa | Administrative and Support and Waste Management and Remediation Services
Iowa,Wells Fargo,West Des Moines,05/13/2025,07/14/2025,24,Amendment - Additional Employees,Polk | Central Iowa | Finance and Insurance
Iowa,Winnebago Industries,Forest City,05/15/2025,06/13/2025,128,Mass Layoff,Winnebago | Northeast Iowa | Manufacturing
Iowa,Winnebago Industries,Lake Mills,05/15/2025,06/13/2025,30,Mass Layoff,Winnebago | Northeast Iowa | Manufacturing
Iowa,Winnebago Industries,Charles City,05/15/2025,06/13/2025,20,Mass Layoff,Floyd | Northeast Iowa | Manufacturing
Iowa,Winnebago Industries,Waverly,05/15/2025,06/13/2025,18,Mass Layoff,Bremer | Northeast Iowa | Manufacturing
Iowa,Chevron U.S.A. Inc,Ames,05/19/2025,06/18/2025,70,Mass Layoff,Story | Central Iowa | Management of Companies and Enterprises
Iowa,"Fidelity & Guaranty Life Business Services, Inc",Des Moines,05/27/2025,06/02/2025,103,Mass Layoff,Polk | Central Iowa | Management of Companies and Enterprises
Iowa,Eckerd Connects,Denison,06/03/2025,06/13/2025,115,Closing,Crawford | Iowa Plains | Health Care and Social Assistance
Iowa,Career Systems Development Corporation,Ottumwa,06/09/2025,06/30/2025,92,Closing,Wapello | South Central Iowa | Health Care and Social Assistance
Iowa,Wells Fargo,West Des Moines,06/10/2025,08/10/2025,35,Amendment - Additional Employees,Polk | Central Iowa | Finance and Insurance
Iowa,Collins Aerospace,Cedar Rapids,06/12/2025,07/18/2025,102,Mass Layoff,Linn | East Central Iowa | Manufacturing
Iowa,Collins Aerospace,Decorah,06/12/2025,07/18/2025,29,Mass Layoff,Winneshiek | Northeast Iowa | Manufacturing
Iowa,United States Cellular Corporation,Cedar Rapids,06/11/2025,07/01/2025,0,Amendment - Change in Date,Linn | East Central Iowa | Information
Iowa,United States Cellular Corporation,Johnston,06/11/2025,07/01/2025,0,Amendment - Change in Date,Polk | Central Iowa | Information
Iowa,United States Cellular Corporation,Altoona,06/11/2025,07/01/2025,0,Amendment - Change in Date,Polk | Central Iowa | Information
Iowa,United States Cellular Corporation,Ames,06/11/2025,07/01/2025,0,Amendment - Change in Date,Story | Central Iowa | Information
Iowa,United States Cellular Corporation,Ankeny,06/11/2025,07/01/2025,0,Amendment - Change in Date,Polk | Central Iowa | Information
Iowa,United States Cellular Corporation,Council Bluffs,06/11/2025,07/01/2025,0,Amendment - Change in Date,Pottawattamie | Iowa Plains | Information
Iowa,United States Cellular Corporation,Creston,06/11/2025,07/01/2025,0,Amendment - Change in Date,Union | Iowa Plains | Information
Iowa,United States Cellular Corporation,Des Moines,06/11/2025,07/01/2025,0,Amendment - Change in Date,Polk | Central Iowa | Information
Iowa,United States Cellular Corporation,Fort Dodge,06/11/2025,07/01/2025,0,Amendment - Change in Date,Webster | Iowa Plains | Information
Iowa,United States Cellular Corporation,Indianola,06/11/2025,07/01/2025,0,Amendment - Change in Date,Warren | Central Iowa | Information
Iowa,United States Cellular Corporation,Mason City,06/11/2025,07/01/2025,0,Amendment - Change in Date,Cerro Gordo | Northeast Iowa | Information
Iowa,United States Cellular Corporation,Sioux City,06/11/2025,07/01/2025,0,Amendment - Change in Date,Woodbury | Iowa Plains | Information
Iowa,United States Cellular Corporation,West Des Moines,06/11/2025,07/01/2025,0,Amendment - Change in Date,Polk | Central Iowa | Information
Iowa,United States Cellular Corporation,West Des Moines,06/11/2025,07/01/2025,0,Amendment - Change in Date,Polk | Central Iowa | Information
Iowa,United States Cellular Corporation,Cedar Falls,06/11/2025,07/01/2025,0,Amendment - Change in Date,Black Hawk | Northeast Iowa | Information
Iowa,United States Cellular Corporation,Cedar Rapids,06/11/2025,07/01/2025,0,Amendment - Change in Date,Linn | East Central Iowa | Information
Iowa,United States Cellular Corporation,Cedar Rapids,06/11/2025,07/01/2025,0,Amendment - Change in Date,Linn | East Central Iowa | Information
Iowa,United States Cellular Corporation,Cedar Rapids,06/11/2025,07/01/2025,0,Amendment - Change in Date,Linn | East Central Iowa | Information
Iowa,United States Cellular Corporation,Clinton,06/11/2025,07/01/2025,0,Amendment - Change in Date,Clinton | Mississippi Valley | Information
Iowa,United States Cellular Corporation,Coralville,06/11/2025,07/01/2025,0,Amendment - Change in Date,Johnson | East Central Iowa | Information
Iowa,United States Cellular Corporation,Davenport,06/11/2025,07/01/2025,0,Amendment - Change in Date,Scott | Mississippi Valley | Information
Iowa,United States Cellular Corporation,Davenport,06/11/2025,07/01/2025,0,Amendment - Change in Date,Scott | Mississippi Valley | Information
Iowa,United States Cellular Corporation,Decorah,06/11/2025,07/01/2025,0,Amendment - Change in Date,Winneshiek | Northeast Iowa | Information
Iowa,United States Cellular Corporation,Dubuque,06/11/2025,07/01/2025,0,Amendment - Change in Date,Dubuque | Northeast Iowa | Information
Iowa,United States Cellular Corporation,Iowa City,06/11/2025,07/01/2025,0,Amendment - Change in Date,Johnson | East Central Iowa | Information
Iowa,United States Cellular Corporation,Keokuk,06/11/2025,07/01/2025,0,Amendment - Change in Date,Lee | Mississippi Valley | Information
Iowa,United States Cellular Corporation,Knoxville,06/11/2025,07/01/2025,0,Amendment - Change in Date,Marion | Central Iowa | Information
Iowa,United States Cellular Corporation,Manchester,06/11/2025,07/01/2025,0,Amendment - Change in Date,Delaware | Northeast Iowa | Information
Iowa,United States Cellular Corporation,Marshalltown,06/11/2025,07/01/2025,0,Amendment - Change in Date,Marshall | South Central Iowa | Information
Iowa,United States Cellular Corporation,Muscatine,06/11/2025,07/01/2025,0,Amendment - Change in Date,Muscatine | Mississippi Valley | Information
Iowa,United States Cellular Corporation,Ottumwa,06/11/2025,07/01/2025,0,Amendment - Change in Date,Wapello | South Central Iowa | Information
Iowa,United States Cellular Corporation,Waterloo,06/11/2025,07/01/2025,0,Amendment - Change in Date,Black Hawk | Northeast Iowa | Information
Iowa,United States Cellular Corporation,West Burlington,06/11/2025,07/01/2025,0,Amendment - Change in Date,Des Moines | Mississippi Valley | Information
Iowa,"Advanced Drainage Systems, Inc",Waterloo,06/18/2025,08/17/2025,71,Closing,Black Hawk | Northeast Iowa | Manufacturing
Iowa,Wells Fargo,West Des Moines,06/24/2025,08/24/2025,35,Amendment - Additional Employees,Polk | Central Iowa | Finance and Insurance
Iowa,Lennox Industries,Marshalltown,06/30/2025,08/01/2025,62,Mass Layoff,Marshall | South Central Iowa | Manufacturing
Iowa,Federal Express Corporation,Des Moines,06/30/2025,09/01/2025,84,Mass Layoff,Polk | Central Iowa | Transportation and Warehousing
Iowa,United States Cellular Corporation,Cedar Rapids,07/02/2025,08/01/2025,30,Amendment - Change in Date/Reduction in number laid off,Linn | East Central Iowa | Information
Iowa,CommUnity Crisis Services,Iowa City,07/02/2025,07/17/2025,49,Mass Layoff,Johnson | East Central Iowa | Health Care and Social Assistance
Iowa,"TreeHouse Foods, Inc",New Hampton,06/30/2025,09/12/2025,48,Closing,Chickasaw | Northeast Iowa | Manufacturing
Iowa,Whirlpool Corporation,Amana,07/08/2025,07/30/2025,250,Amendment - Change in Date/Reduction in number laid off,Iowa | East Central Iowa | Manufacturing
Iowa,Wells Fargo,West Des Moines,07/08/2025,09/08/2025,11,Amendment - Additional Employees,Polk | Central Iowa | Finance and Insurance
Iowa,Winnebago Industries,Waverly,07/09/2025,09/08/2025,77,Closing,Bremer | Northeast Iowa | Manufacturing
Iowa,Winnebago Industries,Charles City,07/09/2025,09/08/2025,18,Closing,Floyd | Northeast Iowa | Manufacturing
Iowa,Winnebago Industries,Charles City,07/09/2025,12/12/2025,26,Closing,Floyd | Northeast Iowa | Manufacturing
Iowa,The Mutual Group,West Des Moines,07/09/2025,08/08/2025,34,Mass Layoff,Polk | Central Iowa | Finance and Insurance
Iowa,Southeast Service Corporation d/b/a Services for Education,Mount Vernon,07/11/2025,08/11/2025,31,Mass Layoff,Linn | East Central Iowa | Administrative and Support and Waste Management and Remediation Services
Iowa,Wells Fargo,West Des Moines,07/22/2025,09/22/2025,44,Amendment - Additional Employees,Polk | Central Iowa | Finance and Insurance
Iowa,"Fox River Mills, LLC",Osage,07/29/2025,10/10/2025,105,Closing,Mitchell | Northeast Iowa | Manufacturing
Iowa,Federal Express Corporation,Cedar Rapids,07/30/2025,09/01/2025,57,Mass Layoff,Linn | East Central Iowa | Transportation and Warehousing
Iowa,Federal Express Corporation,Dubuque,07/30/2025,09/01/2025,27,Mass Layoff,Dubuque | Northeast Iowa | Transportation and Warehousing
Iowa,Smurfit Westrock Company,Cedar Rapids,08/05/2025,10/04/2025,100,Closing,Linn | East Central Iowa | Wholesale Trade
Iowa,Wells Fargo,West Des Moines,08/05/2025,10/04/2025,10,Amendment - Additional Employees,Polk | Central Iowa | Finance and Insurance
Iowa,"Maverik, Inc",Des Moines,08/06/2025,10/06/2025,100,Mass Layoff,Polk | Central Iowa | Retail Trade
Iowa,John Deere Waterloo Works,Waterloo,08/15/2025,09/22/2025,71,Mass Layoff,Black Hawk | Northeast Iowa | Manufacturing
Iowa,Wells Fargo,West Des Moines,08/19/2025,10/18/2025,10,Amendment - Additional Employees,Polk | Central Iowa | Finance and Insurance
Iowa,Winnebago Industries,Forest City,08/27/2025,09/29/2025,1,Amendment - Additional Employees,Winnebago | Northeast Iowa | Manufacturing
Iowa,"Fellers, LLC",Urbandale,08/27/2025,10/24/2025,1,Closing,Polk | Central Iowa | Wholesale Trade
Iowa,Quad City Times,Davenport,08/28/2025,09/29/2025,49,Mass Layoff,Scott | Mississippi Valley | Information
Iowa,Lennox Industries,Marshalltown,08/29/2025,08/01/2025,22,Amendment - Reduction in number laid off,Marshall | South Central Iowa | Manufacturing
Iowa,Lennox Industries,Marshalltown,08/29/2025,09/28/2025,49,Amendment - Additional Employees,Marshall | South Central Iowa | Manufacturing
Iowa,Winnebago Industries,Forest City,09/09/2025,10/10/2025,3,Amendment - Additional Employees,Winnebago | Northeast Iowa | Manufacturing
Iowa,Wells Fargo,West Des Moines,09/16/2025,11/14/2025,12,Amendment - Additional Employees,Polk | Central Iowa | Finance and Insurance
Iowa,John Deere Waterloo Works,Waterloo,09/17/2025,10/20/2025,101,Mass Layoff,Black Hawk | Northeast Iowa | Manufacturing
Iowa,John Deere Des Moines Works,Ankeny,09/17/2025,11/03/2025,40,Mass Layoff,Polk | Central Iowa | Manufacturing
Iowa,Burlington Trailways,West Burlington,09/18/2025,10/18/2025,47,Closing,Des Moines | Mississippi Valley | Transportation and Warehousing
Iowa,Burlington Trailways,Burlington,09/18/2025,10/18/2025,6,Closing,Des Moines | Mississippi Valley | Transportation and Warehousing
Iowa,Burlington Trailways,Davenport,09/18/2025,10/18/2025,6,Closing,Scott | Mississippi Valley | Transportation and Warehousing
Iowa,Burlington Trailways,Davenport,09/18/2025,10/18/2025,7,Closing,Scott | Mississippi Valley | Transportation and Warehousing
Iowa,Burlington Trailways,Cedar Rapids,09/18/2025,10/18/2025,5,Closing,Linn | East Central Iowa | Transportation and Warehousing
Iowa,Burlington Trailways,Des Moines,09/18/2025,10/18/2025,8,Closing,Polk | Central Iowa | Transportation and Warehousing
Iowa,RTX,Cedar Rapids,09/30/2025,10/31/2025,2,Mass Layoff,"Linn | East Central Iowa | Professional, Scientific, and Technical Services"
Iowa,Wells Fargo,West Des Moines,09/30/2025,11/28/2025,23,Amendment - Additional Employees,Polk | Central Iowa | Finance and Insurance
Iowa,UMB,Dubuque,10/01/2025,11/01/2025,38,Mass Layoff,Dubuque | Northeast Iowa | Finance and Insurance
Iowa,UMB,Dubuque,10/07/2025,11/01/2025,2,Amendment - Additional Employees,Dubuque | Northeast Iowa | Finance and Insurance
Iowa,Wells Fargo,West Des Moines,10/14/2025,12/12/2025,1,Amendment - Additional Employees,Polk | Central Iowa | Finance and Insurance
Iowa,Greystone Manufacturing,Bettendorf,10/23/2025,10/29/2025,85,Mass Layoff,Scott | Mississippi Valley | Manufacturing
Iowa,Tri-State Envelope,Wapello,10/27/2025,10/27/2025,21,Closing,Louisa | Mississippi Valley | Manufacturing
Iowa,"BHFO, Inc",Cedar Rapids,10/28/2025,11/26/2025,46,Closing,Linn | East Central Iowa | Retail Trade
Iowa,Wells Fargo,West Des Moines,10/28/2025,12/26/2025,63,Amendment - Additional Employees,Polk | Central Iowa | Finance and Insurance
Iowa,"Mason City Clinic, P.C.",Mason City,10/29/2025,12/31/2025,147,Mass Layoff,Cerro Gordo | Northeast Iowa | Health Care and Social Assistance
Iowa,RTX,Cedar Rapids,11/04/2025,12/31/2025,3,Mass Layoff,"Linn | East Central Iowa | Professional, Scientific, and Technical Services"
Iowa,Wells Fargo,West Des Moines,11/04/2025,01/02/2026,26,Amendment - Additional Employees,Polk | Central Iowa | Finance and Insurance
Iowa,Winnebago Industries,Charles City,11/06/2025,02/20/2026,0,Amendment - Change in date,Floyd | Northeast Iowa | Manufacturing
Iowa,"Ceilley Pallets, LLC",Waterloo,10/30/2025,11/27/2025,12,Closing,Black Hawk | Northeast Iowa | Manufacturing
Iowa,"RELCO, a Wabtec Company",Cedar Rapids,11/11/2025,12/31/2025,34,Closing,Linn | East Central Iowa | Manufacturing
Iowa,"Networking Imaging Solutions, LLC",North Liberty,11/14/2025,12/18/2025,70,Closing,Johnson | East Central Iowa | Manufacturing
Iowa,"Superior Tube Products, Inc",Davenport,11/18/2025,12/19/2025,28,Closing,Scott | Mississippi Valley | Manufacturing
Iowa,"Insane Impact, LLC",Des Moines,11/10/2025,12/17/2025,90,Closing,"Polk | Central Iowa | Professional, Scientific, and Technical Services"
Iowa,"Superior Tube Products, Inc",Davenport,11/25/2025,11/26/2025,2,Amendment - Change in date,Scott | Mississippi Valley | Manufacturing
Iowa,Wells Fargo,West Des Moines,11/25/2025,01/23/2026,14,Amendment - Additional Employees,Polk | Central Iowa | Finance and Insurance
Iowa,"Bauer Built Manufacturing, Inc",Paton,12/01/2025,12/31/2025,62,Closing,Greene | Iowa Plains | Manufacturing
Iowa,"DRT, LLC",Carter Lake,12/01/2025,01/30/2026,26,Closing,Pottawattamie | Iowa Plains | Administrative and Support and Waste Management and Remediation Services
Iowa,"10 Roads Express LLC, 10 Roads Service, LLC, 10 Roads Logistics, LLC",Carter Lake,12/01/2025,01/30/2026,42,Closing,Pottawattamie | Iowa Plains | Transportation and Warehousing
Iowa,"CRST Expedited, Inc d/b/a CRST The Transportation Solutions, Inc",Cedar Rapids,12/03/2025,02/01/2026,30,Mass Layoff,Linn | East Central Iowa | Transportation and Warehousing
Iowa,Wells Fargo,West Des Moines,12/09/2025,02/06/2026,25,Amendment - Additional Employees,Polk | Central Iowa | Finance and Insurance
Iowa,"Medtec, LLC DBA CQ Medical",Orange City,12/10/2025,02/06/2026,33,Closing,Sioux | Iowa Plains | Manufacturing
Iowa,Integrated DNA Technologies,Coralville,12/12/2025,12/12/2025,61,Mass Layoff,Johnson | East Central Iowa | Manufacturing
Iowa,Continental Manufacturing Chemist,Madrid,12/12/2025,12/15/2025,18,Closing,Boone | Central Iowa | Manufacturing
Iowa,"Solgen Power, LLC, d/b/a Purelight Power",Ankeny,12/23/2025,12/23/2025,29,Closing,Polk | Central Iowa | Construction
Iowa,,Sioux City,,,50,Closing,Woodbury
Iowa,RTX,Cedar Rapids,08/25/2026,09/30/2026,1,Amendment - Additional Employees,"Linn | East Central Iowa | Professional, Scientific, and Technical Services"
Kentucky,SMBC Manubank,,,10/09/2026,,,522110
Kentucky,80 Acres Farm,,,08/03/2026,,,Northern Kentucky | Boone | 11141
Kentucky,Battelle Memorial Institute E3,,,09/24/2026,,,Bluegrass | Madison | 541715
Kentucky,Geodis,,,09/08/2026,,,Northern Kentucky | Boone | 493110
Kentucky,Levi Strauss & Co,,,08/30/2026,,,Northern Kentucky | Boone | 315250
Kentucky,"Conduent Commercial Solutions, LLC",Louisville,,08/28/2026,,,Kentuckiana Works | Jefferson | 561110
Kentucky,"Congo Brands (Alani, Prime, 3D Energy)",,,08/26/2026,,,Kentuckiana Works | Jefferson | 312111
Kentucky,"RNDC of Kentucky, LLC",Louisville,,08/17/2026,,,Kentuckiana Works | Jefferson | 424820
Kentucky,Vestis,,,08/15/2026,,,Bluegrass | Fayette | 812332
Kentucky,Carrier Corporation (Franklin Operation),,,08/30/2026,,,South Central | Simpson | 333415
Kentucky,Battelle Memorial Institute E3,,,07/06/2026,,,Bluegrass | Madison | 541715
Kentucky,"University of Kentucky College of Medicine, Department of Behavioral Science",,,06/30/2026,,,Bluegrass | Fayette | 611310
Kentucky,UK HealthCare-HIV Program Operations (KIRP),,,06/30/2026,,,Bluegrass | Fayette | 611310
Kentucky,Stella-Jones Corporation,,,07/01/2026,,,Western Kentucky | Fulton | 321114
Kentucky,"Aramark Campus, LLC",,,06/30/2026,,,Bluegrass | Fayette | 722310
Kentucky,Marsden Services LLC,Louisville,,05/10/2026,,,Kentuckiana Works | Jefferson
Kentucky,Legacy Supply Chain,Louisville,,06/06/2026,,,Kentuckiana Works | Jefferson
Kentucky,Bluegrass UPS Facility,Louisville,,06/02/2026,,,Kentuckiana Works | Jefferson
Kentucky,Battelle Memorial Institute E3,,,05/06/2026,,,Bluegrass | Madison | 541715
Kentucky,"FRAM First Brands Group, LLC",,,04/30/2026,,,Northern Kentucky | Boone | 423120
Kentucky,HGS CX TECHNOLOGIES INC.,,,03/31/2026,,,Bluegrass | Franklin | 541611
Kentucky,PARSONS CORPORATION,,,04/16/2026,,,Bluegrass | Madison | 541330
Kentucky,"T-Mobile USA, Inc.",Louisville,,04/02/2026,,,Kentuckiana Works | Jefferson | 517
Kentucky,Battelle Memorial Institute E3,,,04/02/2026,,,Bluegrass | Madison | 541715
Kentucky,Bechtel Parsons Blue Grass,,,03/20/2026,,,Bluegrass | Madison | 541330
Kentucky,PARSONS CORPORATION,,,03/26/2026,,,Bluegrass | Madison | 541330
Kentucky,Battelle Memorial Institute E3,,,03/05/2026,,,Bluegrass | Madison | 541715
Kentucky,Moveret,,,12/31/2025,,,Lincoln Trail | Hardin
Kentucky,Battelle Memorial Institute E3,,,02/18/2026,,,Bluegrass | Madison | 541715
Kentucky,Blue Oval SK Group/Battery Plant,,,02/14/2026,,,Lincoln Trail | Hardin | 335911
Kentucky,PARSONS CORPORATION,,,01/16/2026,,,Bluegrass | Madison | 541330
Kentucky,Thyssenkrupp,,,02/13/2026,,,Northern Kentucky | Boone | 332991
Kentucky,International Paper,Louisville,,01/15/2026,,,Kentuckiana Works | Jefferson | 322120
Kentucky,Fritz Winter North America LP,,,03/31/2026,,,South Central | Simpson | 336390
Kentucky,ARaymond Tinnerman Manufacturing,,,12/31/2026,,,TENCO | Fleming | 336370
Kentucky,CareAtHome Medical Practice (KY) P.S.C.,,,10/15/2025,,,Bluegrass | Fayette | 62
Kentucky,PARSONS CORPORATION,,,01/08/2026,,,Bluegrass | Madison | 541330
Kentucky,Comprehensive Logistics,,,12/31/2025,,,Northern Kentucky | Boone
Kentucky,Battelle Memorial Institute E3,,,10/30/2025,,,Bluegrass | Madison | 541715
Kentucky,Wayfair LLC - Erlanger Warehouse,,,09/30/2026,,,Northern Kentucky | Boone | 454390
Kentucky,PARSONS CORPORATION,,,12/18/2025,,,Bluegrass | Madison | 541330
Kentucky,Bechtel Parsons Blue Grass,,,12/18/2025,,,Bluegrass | Madison
Kentucky,Akebono Brake Corporation,,,12/31/2026,,,Lincoln Trail | Hardin | 336340
Kentucky,HJI Supply Chain Solutions,,,12/31/2025,,,Kentuckiana Works | Jefferson
Kentucky,Martinrea Heavy Stamping,,,12/05/2025,,,Kentuckiana Works | Shelby | 336390
Kentucky,"Leggett & Platt, Inc.",,,11/10/2025,,,Bluegrass | Scott | 337215
Kentucky,Kentucky Cooperage,,,10/19/2025,,,Lincoln Trail | Marion | 321920
Kentucky,AHF Products Manufacturing,,,12/12/2025,,,Cumberlands | Pulaski | 321920
Kentucky,Russellville Engineered Casting,,,08/22/2025,,,South Central | Logan | 331523
Kentucky,CVS MED CARE PHARMACY LLC,,,10/11/2025,,,Northern Kentucky | Boone | 456110
Kentucky,Battelle Memorial Institute E3,,,09/30/2025,,,Bluegrass | Madison | 541715
Kentucky,"Omniplex World Services, Corp",,,07/31/2025,,,Northern Kentucky | Boone | 561612
Kentucky,Constellis,,,07/31/2025,,,Northern Kentucky | Boone | 561612
Kentucky,"Omniplex World Services, Corp",,,07/31/2025,,,Northern Kentucky | Boone | 561612
Kentucky,"Omniplex World Services, Corp",,,07/31/2025,,,Northern Kentucky | Boone | 561612
Kentucky,Pearl Interactive,,,09/10/2025,,,Bluegrass | Clark | 561422
Kentucky,PARSONS CORPORATION,,,09/04/2025,,,Bluegrass | Madison | 541330
Kentucky,Levi Strauss & Co,,,08/18/2025,,,Northern Kentucky | Boone | 33993
Kentucky,Civil LLC - Harlan Truck Shop,,,08/02/2025,,,Harlan | Harlan | 811111
Kentucky,Civil LLC - Pikeville Engineer Office,,,08/02/2025,,,Pike | Pike | 541330
Kentucky,Civil LLC - Jenkins Mechanic Shop,,,08/02/2025,,,Pike | Pike | 811111
Kentucky,Yum! Brands Inc,Louisville,,09/30/2025,,,Kentuckiana Works | Jefferson
Kentucky,"Dakkota Integrated Systems, LLC",,,07/01/2025,,,Kentuckiana Works | Jefferson | 49311
Kentucky,"Dakkota Integrated Systems, Inc",Louisville,,07/01/2025,,,Kentuckiana Works | Jefferson | 49311
Kentucky,"Dakkota Related Systems, Inc",Louisville,,07/01/2025,,,Kentuckiana Works | Jefferson | 49311
Kentucky,"Dakkota Integrated Systems, Inc",Louisville,,08/01/2025,,,Kentuckiana Works | Jefferson | 49311
Kentucky,"Lockheed Martin, Rotary Mission Systems Business Area",Louisville,,06/30/2025,,,Kentuckiana Works | Jefferson | 336411
Kentucky,PARSONS CORPORATION,,,06/30/2025,,,Bluegrass | Madison | 541330
Kentucky,Laurel Grocery Company LLC,,,04/15/2025,,,Cumberlands | Laurel | 424410
Kentucky,Kentucky BioProcessing Inc,,,07/02/2025,,,Green River | Daviess | 3254
Kentucky,"IV Media, LLC",,,05/23/2025,,,South Central | Warren | 51
Kentucky,Danimer Scientific - Main,,,03/21/2025,,,Bluegrass | Clark | 541715
Kentucky,Danimer Scientific - Extrusion,,,03/21/2025,,,Bluegrass | Clark | 325211
Kentucky,Parsons Corporation,,,05/15/2025,,,Bluegrass | Madison | 541330
Kentucky,Battelle Memorial Institute E3,,,05/08/2025,,,Bluegrass | Madison | 541715
Kentucky,Diageo North America Stitzel-Weller Distillery,Louisville,,04/30/2025,,,Kentuckiana Works | Jefferson | 312140
Kentucky,"IV Media, LLC",,,03/31/2025,,,South Central | Warren | 51
Kentucky,Amentum,,,03/27/2025,,,Bluegrass | Madison | 562910
Kentucky,Parsons Corporation,,,03/27/2025,,,Bluegrass | Madison | 541330
Kentucky,Brown-Forman Cooperage,Louisville,,04/25/2025,,,Kentuckiana Works | Jefferson | 312140
Kentucky,BANDO USA INC,,,03/28/2025,,,South Central | Warren | 326220
Kentucky,Get Insured,,,02/19/2025,,,Out of State | 524210
Kentucky,Jack Cooper Transport,Louisville,,01/31/2025,,,Kentuckiana Works | Jefferson | 484220
Kentucky,Jack Cooper Transport (Grade Lane Facility),Louisville,,01/31/2025,,,Kentuckiana Works | Jefferson | 484220
Kentucky,Federal Express Corporation,,,03/03/2025,,,Bluegrass | Fayette | 492110
Kentucky,"Whitney M. Young, Jr. Job Corps Center",,,01/31/2025,,,Kentuckiana Works | Shelby | 611519
Kentucky,"IV Media, LLC",,,02/24/2025,,,South Central | Warren | 51
Kentucky,"Bel USA, Inc",,,02/10/2025,,,Lincoln Trail | Hardin | 311513
Kentucky,Bechtel National Inc,,,01/16/2025,,,Bluegrass | Madison | 237990
Kentucky,Excel Mining LLC - MC Mining Preparation Plant,,,01/15/2025,,,EKCEP | Pike | 2121
Kentucky,MC Mining Complex - Excel Mining,,,01/15/2025,,,EKCEP | Pike | 2121
Kentucky,Amentum,,,01/15/2025,,,Bluegrass | Madison | 562920
Kentucky,Parsons Corporation,,,01/16/2025,,,Bluegrass | Madison | 541330
Kentucky,"Avante Health, Inc",Louisville,,11/25/2024,,,Kentuckiana Works | Jefferson | 423450
Kentucky,"Wayfair LLC, Florence Outlet",Florence,,12/31/2024,,,Northern Kentucky | Boone | 449110
Kentucky,Venminder,,,12/15/2024,,,Lincoln Trail | Hardin | 513210
Kentucky,Kodi Collective LLC,,,11/30/2024,,,Bluegrass | Boyle | 323120
Kentucky,"Midwest Transport, Inc.",,,09/09/2024,,,4841
Kentucky,Jabil Inc,,,12/06/2024,,,Northern Kentucky | Boone | 336390
Kentucky,"Cygnus Home Service, LLC/Schwans Home Services/Yelloh",Louisville,,11/22/2024,,,Kentuckiana Works | Jefferson | 722330
Kentucky,White Castle Distributing LLC,Covington,,11/22/2024,,,Northern Kentucky | Kenton | 424420
Kentucky,Newgistics (Pitney Bowes),Hebron,,09/17/2024,,,Northern Kentucky | Boone | 541614
Kentucky,TechStyle Fashion Group - Fabletics Inc,Louisville,,07/10/2024,,,Kentuckiana Works | Jefferson | 493110
Kentucky,"Daramic, LLC",,,07/08/2024,,,Green River | Daviess | 335991
Kentucky,ARC Automotive Inc,,,06/21/2024,,,South Central | Butler | 336390
Kentucky,"Furhaven Pet Products, Inc.",,,08/07/2024,,,Northern Kentucky | Boone | 45459
Kentucky,HDT Global,,,12/31/2024,,,Northern Kentucky | Boone | 332999
Kentucky,Hunter Defense Technologies Inc.,,,07/31/2024,,,Northern Kentucky | Boone | 314999
Kentucky,Schwans Home Service - Burlington / Cygnus/ Yelloh,,,07/27/2024,,,Northern Kentucky | Boone | 722330
Kentucky,"Cygnus Home Service, LLC / Schwans Home Service / Yelloh - Winchester",,,07/27/2024,,,Bluegrass | Clark | 722330
Kentucky,"Cygnus Home Service, LLC / Schwans Home Services / Yelloh",,,07/27/2024,,,EKCEP | Floyd | 722330
Kentucky,"Cygnus Home Service, LLC / Schwans Shared Service / Yelloh - London",,,07/27/2024,,,Cumberlands | Laurel | 722330
Kentucky,SCHWANS HOME SERVICE/ Cygnus Home Service/ Yelloh,,,07/27/2024,,,South Central | Warren | 722330
Kentucky,Wheels Up,,,06/16/2024,,,Northern Kentucky | Kenton | 336411
Kentucky,Quanex Building Products,,,06/07/2024,,,Bluegrass | Madison | 326199
Kentucky,Packers Sanitation Services Inc. (PSSI),,,03/31/2024,,,Green River | Daviess | 561720
Kentucky,"PACKERS SANITATION SERVICES, INC",,,03/15/2024,,,Western Kentucky | Graves | 541620
Kentucky,Guess Inc,Louisville,,05/06/2024,,,Kentuckiana Works | Jefferson | 493110
Kentucky,Pride Mine (formerly Survant Mine),,,04/29/2024,,,Western Kentucky | Muhlenberg | 21211
Kentucky,Wolverine Worldwide 502,Louisville,,05/03/2024,,,Kentuckiana Works | Jefferson | 316200
Kentucky,"Computer World Services, Corp (CWS)",,,03/29/2024,,,EKCEP | Knox | 561611
Kentucky,Michael's College of Hair Design,,,01/24/2024,,,Northern Kentucky | Boone | 611511
Kentucky,"TF-Metal USA, LLC",,,03/14/2024,,,Northern Kentucky | Boone | 336110
Kentucky,Piston Automotive,,,04/19/2024,,,Bluegrass | Scott | 336350
Kentucky,GDI Integrated Facility Services,,,01/08/2024,,,Kentuckiana Works | Bullitt | 561720
Kentucky,GDI Integrated Facility Services,,,01/08/2024,,,Kentuckiana Works | Bullitt | 561720
Kentucky,GDI Integrated Facility Services,,,01/08/2024,,,Kentuckiana Works | Bullitt | 561720
Kentucky,GDI Integrated Facility Services,,,01/08/2024,,,Kentuckiana Works | Bullitt | 561720
Kentucky,GDI Integrated Facility Services,,,03/05/2024,,,Bluegrass | Fayette | 561720
Kentucky,GDI Integrated Facility Services,,,03/05/2024,,,Cumberlands | Taylor | 561720
Kentucky,GDI Integrated Facility Services,,,03/05/2024,,,Bluegrass | Fayette | 561720
Kentucky,"Electro Cycle, Inc.",,,01/04/2024,,,Western Kentucky | Hopkins | 331400
Kentucky,Radial Fulfillment Center,,,02/29/2024,,,Kentuckiana Works | Jefferson | 541714
Kentucky,OIA Global,,,01/12/2024,,,Northern Kentucky | Boone | 423840
Kentucky,Charter Communications,,,01/05/2024,,,Northern Kentucky | Boone | 561422
Kentucky,Cyngus Home Services LLC dba Yelloh,,,01/27/2024,,,Bluegrass | Franklin | 424420
Kentucky,"CEVA Logistics, LLC",,,10/23/2023,,,Kentuckiana Works | Jefferson | 488510
Kentucky,Just Save,,,09/27/2023,,,Northern Kentucky | Carroll | 445110
Kentucky,Toyo Automotive,,,10/31/2023,,,South Central | Simpson | 326291
Kentucky,Encore of Bowling Green ADHC,,,09/30/2023,,,South Central | Barren | 624120
Kentucky,YRC Freight - Yellow Corporation,,,07/30/2023,,,Bluegrass | Fayette | 484110
Kentucky,YRC Freight - Yellow Corporation,,,07/30/2023,,,Western Kentucky | McCracken | 484110
Kentucky,YRC Freight - Yellow Corporation,,,07/30/2023,,,South Central | Warren | 484110
Kentucky,Ficosa North American Corporation,,,12/30/2023,,,Kentuckiana Works | Shelby | 336390
Kentucky,Wellmore Energy Company LLC - Elk Creek,,,09/10/2023,,,EKCEP | Out of State | 2121
Kentucky,Wellmore Energy Company LLC - Paw Paw 2 South,,,09/10/2023,,,EKCEP | Out of State | 2121
Kentucky,Wellmore Energy Company LLC - Paw Paw 2 North,,,09/10/2023,,,EKCEP | Out of State | 2121
Kentucky,Wellmore Energy Company LLC - Surface Minerals #1,,,09/10/2023,,,EKCEP | Out of State | 2121
Kentucky,United Coal - Wellmore Energy Company LLC,,,09/10/2023,,,EKCEP | Out of State | 2121
Kentucky,Wellmore Energy Company LLC - Black Watch Shop and Central Warehouse Departments,,,09/10/2023,,,EKCEP | Out of State | 2121
Kentucky,Wellmore Energy Company LLC - Laboratory Department,,,07/25/2023,,,EKCEP | Out of State | 2121
Kentucky,Wellmore Energy Company LLC - Black Watch #8 Prep Plant,,,07/25/2023,,,EKCEP | Out of State | 2121
Kentucky,PBS Radiology Experts,,,09/06/2023,,,Bluegrass | Fayette | 561440
Kentucky,Multi Color Corporation,,,12/31/2023,,,Bluegrass | Clark | 323111
Kentucky,KINGSFORD MANUFACTURING COMPANY,,,08/25/2023,,,South Central | Metcalfe | 324199
Kentucky,Daicel Safety Systems America LLC,,,08/15/2023,,,Green River | Ohio | 336390
Kentucky,Inmet Mining LLC,,,06/17/2023,,,"EKCEP | Harlan, Letcher | 2121"
Kentucky,"Kentucky Medical Services Foundation, Inc.",,,07/31/2023,,,Bluegrass | Fayette | 541219
Kentucky,"American Medical Response, Inc.",,,07/31/2023,,,Kentuckiana Works | Jefferson County - Louisville | 621910
Kentucky,Mercy Ambulance Services Inc,,,07/31/2023,,,Bluegrass | Fayette | 621910
Kentucky,Emerson Electric Company,,,09/30/2023,,,South Central | Logan | 334514
Kentucky,Pikeville Medical Center,,,07/31/2023,,,EKCEP | Pike | 722310
Kentucky,Encore ADHC,,,05/06/2023,,,Bluegrass | Fayette | 624120
Kentucky,"CEVA Logistics, LLC",,,07/06/2023,,,Kentuckiana Works | Jefferson | 488510
Kentucky,DHL Supply Chain (Formerly Exel),,,07/31/2023,,,Western Kentucky | Lyon | 541614
Kentucky,Talaris Therapeutics,,,04/28/2023,,,Kentuckiana Works | Jefferson | 541714
Kentucky,MHS Global Inc.,,,06/09/2023,,,Kentuckiana Works | Bullitt | 33392
Kentucky,Visible Supply Chain Management,,,06/06/2023,,,Bluegrass | Woodford | 541614
Kentucky,Coral Graphic Services Inc,,,05/20/2023,,,Kentuckiana Works | Jefferson County - Louisville | 323111
Kentucky,WestRock,,,04/17/2023,,,South Central | Warren | 322130
Kentucky,Napoleon (formally Wolf Steel USA),,,01/23/2023,,,Northern Kentucky | Grant | 332999
Kentucky,Gamestop Kentucky Fulfillment Center Shepherdsville,,,06/30/2023,,,Kentuckiana Works | Bullitt | 493110
Kentucky,TCO LLC,,,04/01/2023,,,EKCEP | Knox | 336323
Kentucky,RCS TRANSPORTATION LLC,,,03/31/2023,,,Kentuckiana Works | Shelby | 488210
Kentucky,BRINK'S COMPANY (THE),,,03/05/2023,,,Kentuckiana Works | Jefferson County - Louisville | 321199
Kentucky,Rail Crew Xpress,,,02/20/2023,,,Out of State | Out of the State County | 485320
Kentucky,Camping World East Coast Distribution Center,,,02/11/2023,,,South Central | Simpson | 44121
Kentucky,Peraton,,,03/26/2023,,,Lincoln Trail | Hardin
Kentucky,Pikeville Medical Center,,,12/31/2022,,,EKCEP | Pike | 621112
Kentucky,HelpWare Inc. - Mt. Sterling,,,09/23/2022,,,TENCO | Montgomery | 5614
Kentucky,ECLIPSE ADVANTAGE LLC,,,09/21/2022,,,Northern Kentucky | Boone | 48821
Kentucky,Pregis Corporation,,,12/31/2022,,,TENCO | Greenup | 313320
Kentucky,ECLIPSE ADVANTAGE LLC,,,09/30/2022,,,Northern Kentucky | Boone | 48821
Kentucky,American Red Cross,,,09/30/2022,,,Bluegrass | Fayette | 621610
Kentucky,Century Aluminum of Kentucky Hawesville,,,08/05/2022,,,Green River | Hancock | 331318
Kentucky,AMAZON IVSB - 3521 Point Pleasant,,,11/01/2022,,,Northern Kentucky | Boone | 454110
Kentucky,Elite Staffing Inc.,,,03/25/2022,,,Kentuckiana Works | Bullitt | 561331
Kentucky,WAL-MART #3610,,,04/22/2022,,,Kentuckiana Works | Jefferson | 452210
Kentucky,Castellini Group of Companies,,,03/19/2022,,,Northern Kentucky | Campbell | 424480
Kentucky,Scentsy Inc,,,04/01/2022,,,Bluegrass | Fayette | 454390
Kentucky,Mayfield Consumer Products,,,12/10/2021,,,Western Kentucky | Graves | 339999
Kentucky,Emerson - Greenlee (Greenlee Professional Tools),,,10/31/2022,,,Kentuckiana Works | Jefferson | 333517
Kentucky,Ryder Distribution Center at FRAM Group - Worldwide Blvd,,,12/31/2021,,,Northern Kentucky | Boone | 532120
Kentucky,Bluegrass Cellular-Elizabethtown,,,11/30/2021,,,Lincoln Trail | Hardin | 561110
Kentucky,Vitech Manufacturing LP,,,07/15/2022,,,Western Kentucky | Christian | 339999
Kentucky,Regis Woods Care and Rehab Center,,,10/16/2021,,,Kentuckianaworks | Jefferson | 62331
Kentucky,TRANE U.S. Inc.,,,09/30/2021,,,Bluegrass | Fayette | 333415
Kentucky,P-K Tool & Manufacturing Company,,,07/31/2021,,,Bluegrass | Madison | 336370
Kentucky,UPS Supply Chain Solutions,,,07/30/2021,,,Kentuckianaworks | Jefferson | 488510
Kentucky,Novitex Government Solutions,,,06/30/2021,,,Cumberlands | Laurel | 518210
Kentucky,PULAU Corporation,,,07/01/2021,,,Kentuckianaworks | Jefferson | 541330
Kentucky,The Forum At Brookside,,,05/01/2021,,,Kentuckianaworks | Jefferson | 623110
Kentucky,"Sodexo, Inc.",,,05/29/2021,,,Kentuckianaworks | Jefferson | 453998
Kentucky,Quickway Transportation Inc.,,,12/09/2020,,,Kentuckianaworks | Jefferson | 484121
Kentucky,Arroweye Solutions,,,04/23/2021,,,Kentuckianaworks | Jefferson | 454110
Kentucky,International Automotive Components,,,06/27/2021,,,Western Kentucky | Hopkins | 336360
Kentucky,Bluegrass Supply Chain and Services,,,04/03/2021,,,Kentuckianaworks | Bullitt | 541614
Kentucky,Courier-Journal,,,03/07/2021,,,Kentuckianaworks | Jefferson | 511110
Kentucky,McKesson Rx Technology Solutions,,,02/15/2021,,,Kentuckiana Works | Jefferson | 423450
Kentucky,Universal Protection Services,,,02/01/2021,,,South Central | Warren | 561612
Kentucky,"Delta Air Lines, Inc.",,,11/01/2020,,,Northern Kentucky | Boone | 30354
Kentucky,Campbell Hausfeld,,,01/15/2021,,,Lincoln Trail | Grayson | 333912
Kentucky,Central Bank Center/Lexington Center Corporation/Rupp Arena,,,03/13/2020,,,Bluegrass | Fayette | 72172
Kentucky,Meggitt Polymers and Composites - Erlanger,,,05/22/2020,,,Northern Kentucky | Kenton | 325211
Kentucky,Omni Hotels & Resorts,,,03/17/2020,,,Kentuckiana Works | Jefferson | 721110
Kentucky,ABM c/o The Hertz Corporation - CVG,,,10/04/2020,,,Northern Kentucky | Boone | 53211
Kentucky,"Eagle Manufacturing, LLC",,,10/31/2020,,,Northern Kentucky | Boone | 336370
Kentucky,SP+/Standard Parking/Central Parking-CVG,,,03/18/2020,,,Northern Kentucky | Kenton | 81293
Kentucky,"P.F. CHANG'S CHINA BISTRO, INC.",,,03/15/2020,,,Bluegrass | Fayette | 722511
Kentucky,"P.F. CHANG'S CHINA BISTRO, INC.",,,03/15/2020,,,Kentuckianaworks | Jefferson | 722511
Kentucky,AJS/Galt House Hotel & Suites,,,09/14/2020,,,Kentuckianaworks | Jefferson | 721110
Kentucky,STEEL CITY POPS LKY LLC,,,10/04/2020,,,Kentuckianaworks | Jefferson | 722511
Kentucky,Lexington Hyatt,,,03/15/2020,,,Bluegrass | Fayette | 721110
Kentucky,leadec Industrial Services,,,10/31/2020,,,Kentuckianaworks | Jefferson | 561720
Kentucky,WestRock Company,,,09/30/2020,,,Cumberlands | Pulaski | 3221
Kentucky,Vino Volo,,,04/05/2020,,,Northern Kentucky | Boone | 72251
Kentucky,Republic Airline Inc.,,,10/01/2020,,,Kentuckianaworks | Jefferson | 541618
Kentucky,P.L. Marketing,,,08/15/2020,,,Northern Kentucky | Campbell | 541613
Kentucky,Paradies Lagardere Travel Retail - CVG,,,03/29/2020,,,Northern Kentucky | Kenton | 453220
Kentucky,American Queen Steamboat Company,,,09/24/2020,,,Kentuckianaworks | Jefferson | 561510
Kentucky,CAM Mining LLC,,,09/20/2020,,,EKCEP | Pike | 213113
Kentucky,Rhino Energy LLC,,,09/20/2020,,,Bluegrass | Fayette | 213113
Kentucky,Rhino Group LLC,,,09/20/2020,,,Bluegrass | Fayette | 213113
Kentucky,"Kenco Logistic Services, LLC",,,09/27/2020,,,Kentuckianaworks | Jefferson | 541614
Kentucky,Valassis,,,09/30/2020,,,Northern Kentucky | Boone | 541800
Kentucky,White Lodging Services Corporation-Marriott Louisville,,,07/02/2020,,,Kentuckianaworks | Jefferson | 722110
Kentucky,White Lodging Services Corporation-Hotel Distil,,,07/02/2020,,,Kentuckianaworks | Jefferson | 722110
Kentucky,CC Metals and Alloys,,,07/01/2020,,,Western Kentucky | Marshall | 33111
Kentucky,Stemco Products Inc,,,08/28/2020,,,Bluegrass | Madison | 336340
Kentucky,T-Mobile,,,06/16/2020,,,Kentuckianaworks | Jefferson | 517210
Kentucky,RYDER TRUCK-Burlington KY,,,08/12/2020,,,Northern Kentucky | Boone | 493110
Kentucky,Jacobsen|Daniel’s Enterprise Inc.-SDF,,,06/12/2020,,,Kentuckianaworks | Jefferson | 488190
Kentucky,Jacobsen|Daniels Enterprise Inc. - CVG,,,06/12/2020,,,Northern Kentucky | Boone | 488190
Kentucky,Arandell,,,06/19/2020,,,Northern Kentucky | Boone | 54130
Kentucky,AMERICAN WOODMARK CORPORATION,,,05/29/2020,,,Cumberlands | Wayne | 337110
Kentucky,Global Experience Specialists Exposition Services Inc,,,03/15/2020,,,Northern Kentucky | Boone | 561990
Kentucky,21c Museum Hotel Louisville - MGallery,,,05/15/2020,,,Kentuckianaworks | Jefferson | 721110
Kentucky,MSSC,,,09/30/2020,,,Western Kentucky | Christian | 332613
Kentucky,21c Museum Hotel Lexington,,,05/28/2020,,,Bluegrass | Fayette | 721110
Kentucky,Enterprise Holdings,,,03/23/2020,,,Northern Kentucky | Boone | 532111
Kentucky,Dal-Tile Corporation,,,07/17/2020,,,Green River | Hancock | 23840
Kentucky,Redhawk Mining LLC,,,05/14/2020,,,EKCEP | Floyd | 213113
Kentucky,Atrium Hospitality-Holiday Inn Bowling Green,,,03/12/2020,,,South Central | Warren | 151026
Kentucky,Fruit of The Loom,,,05/03/2020,,,South Central | Warren | 315190
Kentucky,Domtar Paper Company LLC,,,05/04/2020,,,Green River | Hancock | 322121
Kentucky,Hendrickson USA,,,04/27/2020,,,Cumberlands | Pulaski | 336390
Kentucky,Copart,,,04/27/2020,,,Bluegrass | Fayette | 423110
Kentucky,Bloomin' Brands Inc.,,,03/15/2020,,,Statewide | Statewide | 722511
Kentucky,Enterprise Rent-A-Car,,,04/30/2020,,,Kentuckianaworks | Jefferson | 532111
Kentucky,"Leggett & Platt, Inc",,,04/14/2020,,,Lincoln Trail | Grayson | 423210
Kentucky,Enterprise Rent-A-Car,,,03/20/2020,,,Kentuckianaworks | Jefferson | 532111
Kentucky,"EAN Holdings, LLC dba/Enterprise Rent-A-Car/Alamo/National",,,03/20/2020,,,Bluegrass | Fayette | 532111
Kentucky,"Visionworks, Inc.",,,04/04/2020,,,Statewide | Statewide | 446130
Kentucky,BOGE Rubber & Plastics USA LLC,,,03/30/2020,,,Northern Kentucky | Boone | 326220
Kentucky,CLARK Material Handling Company,,,04/15/2020,,,Bluegrass | Fayette | 33392
Kentucky,AVIS BUDGET CAR RENTAL LLC - CVG,,,03/13/2020,,,Northern Kentucky | Boone | 532111
Kentucky,AVIS BUDGET CAR RENTAL LLC-Louisville,,,03/13/2020,,,Kentuckianaworks | Jefferson | 532111
Kentucky,"Leggett & Platt, Inc.",,,03/27/2020,,,Bluegrass | Clark | 33791
Kentucky,"Leggett & Platt, Inc.",,,03/27/2020,,,Bluegrass | Scott | 337215
Kentucky,Jacobsen|Daniels - CVG,,,03/27/2020,,,Northern Kentucky | Boone | 488190
Kentucky,Newport Aquarium LLC,,,04/20/2020,,,Northern Kentucky | Campbell | 712130
Kentucky,Bedding Acquisition LLC-Hollander Sleep Products,,,04/03/2020,,,Kentuckianaworks | Jefferson | 337910
Kentucky,GUESS Distribution Center,,,04/02/2020,,,Kentuckianaworks | Jefferson | 423990
Kentucky,Glidewell Laboratories-Crown World Dental Lab,,,03/27/2020,,,Kentuckianaworks | Jefferson | 339116
Kentucky,Vitro Automotive/Pittsburgh Glass Works,,,03/23/2020,,,Bluegrass | Madison | 561311
Kentucky,Ephraim McDowell Health,,,04/10/2020,,,Bluegrass | Boyle | 62111
Kentucky,Groupon Goods KY Fulfillment Center,,,06/07/2020,,,Northern Kentucky | Boone | 488510
Kentucky,Jennie Stuart Medical Center,,,04/07/2020,,,Western Kentucky | Christian | 62211
Kentucky,Safran Landing Systems Kentucky,,,04/12/2020,,,Northern Kentucky | Boone | 336413
Kentucky,HMS Host - CVG Airport,,,03/17/2020,,,Northern Kentucky | Boone | 72251
Kentucky,Hendrickson,,,04/13/2020,,,Lincoln Trail | Marion | 423110
Kentucky,Communicare and Communicare Services - Elizabethtown,,,03/20/2020,,,Lincoln Trail | Hardin | 623110
Kentucky,Communicare and Communicare Services - Bardstown,,,03/20/2020,,,Lincoln Trail | Nelson | 623110
Kentucky,Communicare and Communicare Services - Radcliff,,,03/20/2020,,,Lincoln Trail | Hardin | 623110
Kentucky,Communicare and Communicare Clinic - Radcliff,,,03/20/2020,,,Lincoln Trail | Hardin | 623110
Kentucky,Communicare and Communicare Services - Springfield,,,03/20/2020,,,Lincoln Trail | Washington | 623110
Kentucky,Communicare and Communicare Clinic - Lebanon,,,03/20/2020,,,Lincoln Trail | Marion | 623110
Kentucky,Communicare and Communicare Services - Lebanon,,,03/20/2020,,,Lincoln Trail | Marion | 623110
Kentucky,Communicare Services - Leitchfield,,,03/20/2020,,,Lincoln Trail | Hardin | 623110
Kentucky,Communicare and Communicare Services - Brandenburg,,,03/20/2020,,,Lincoln Trail | Hardin | 623110
Kentucky,Communicare and Communicare Clinic LLC - Hardinsburg,,,03/20/2020,,,Lincoln Trail | Breckinridge | 623110
Kentucky,HOOTERS of America LLC,,,03/16/2020,,,Statewide | Statewide | 722511
Kentucky,Jackson Warewashing Systems,,,04/06/2020,,,EKCEP | Knox | 423440
Kentucky,HUHTAMAKI INC,,,04/05/2020,,,Western Kentucky | Christian | 333999
Kentucky,IHG Army Hotels & Holiday Inn Express,,,03/20/2020,,,Lincoln Trail | Hardin | 721110
Kentucky,SCHULTE COMPANIES,,,03/16/2020,,,Kentuckianaworks | Jefferson | 721110
Kentucky,THE MUHLENBERG COUNTY COAL COMPANY,,,06/02/2020,,,Western Kentucky | Muhlenberg | 21211
Kentucky,The Western Kentucky Coal Company,,,06/02/2020,,,Green River | Ohio | 212111
Kentucky,MURRAY EQUIPMENT & MACHINE INC,,,06/02/2020,,,Bluegrass | Bourbon | 333131
Kentucky,Galt House Hotel & Suites,,,03/30/2020,,,Kentuckianaworks | Jefferson | 721110
Kentucky,Crowne Plaza Hotel,,,03/30/2020,,,Kentuckianaworks | Jefferson | 721110
Kentucky,Embassy Suites Jefferson Co - Louisville,,,03/30/2020,,,Kentuckianaworks | Jefferson | 541611
Kentucky,ALJSCO,,,03/30/2020,,,Kentuckianaworks | Jefferson | 541611
Kentucky,AJS Hotels,,,03/30/2020,,,Kentuckianaworks | Jefferson | 721110
Kentucky,Paper Source,,,03/29/2020,,,Kentuckianaworks | Jefferson | 424110
Kentucky,Cinemark USA Inc.,,,03/26/2020,,,Statewide | Statewide | 512131
Kentucky,CONIFER REVENUE CYCLE SOLUTIONS LLC,,,05/29/2020,,,Kentuckianaworks | Jefferson | 621999
Kentucky,Dean Dairy Holding LLC,,,04/16/2020,,,Kentuckianaworks | Jefferson | 112990
Kentucky,Lakeshore Learning Materials,,,04/07/2020,,,Bluegrass | Woodford | 493110
Kentucky,Sumitomo Electric Wiring Systems Edmonton Plant 4,,,03/23/2020,,,South Central | Metcalfe | 238210
Kentucky,Beacon Orthopaedics and Sports Medicine,,,03/28/2020,,,Northern Kentucky | Kenton County | 621112
Kentucky,AMERICAS AUTO AUCTION BOWLING GREEN,,,03/17/2020,,,South Central | Warren | 425120
Kentucky,Driven Brands Take 5 Oil Change (5 Locations),,,03/22/2020,,,Northern Kentucky | Boone | 811118
Kentucky,STEEL CITY POPS LKY LLC,,,03/23/2020,,,Kentuckianaworks | Jefferson | 722511
Kentucky,HILTON LEXINGTON DOWNTOWN HOTEL,,,03/20/2020,,,Bluegrass | Fayette | 561110
Kentucky,"Trans States Airlines, LLC",,,04/02/2020,,,Kentuckianaworks | Jefferson | 488190
Kentucky,Simpler Postage Inc.,,,05/10/2020,,,Kentuckianaworks | Jefferson | 561431
Kentucky,International Automotive Components,,,04/18/2020,,,Western Kentucky | Hopkins | 336360
Kentucky,"Conduent Federal Solutions, LLC.",,,04/25/2020,,,Cumberlands | Laurel | 58121
Kentucky,DeliveryForce,,,04/16/2020,,,Northern Kentucky | Boone | 492110
Kentucky,"IPSCO Tubulars (KY), L.L.C.",,,04/05/2020,,,Northern Kentucky | Campbell | 425120
Kentucky,"Oour Lady of Bellefonte Hospital, L.L.C.",,,03/31/2020,,,TENCO | Boyd | 622000
Kentucky,Murray State University,,,04/10/2020,,,Western Kentucky | Calloway | 611310
Kentucky,First America/First Transit,,,03/31/2020,,,Kentuckianaworks | Jefferson | 485999
Kentucky,LSC Communications US,,,03/16/2020,,,South Central | Barren | 323117
Kentucky,Grant County Foods LLC,,,03/09/2020,,,Northern Kentucky | Grant | 424480
Kentucky,Crosset Company LLC,,,03/09/2020,,,Northern Kentucky | Kenton | 424990
Kentucky,Ficosa North American Corporation,,,04/01/2020,,,Kentuckianaworks | Shelby | 336390
Kentucky,"The Western Kentucky Coal Company, LLC Genesis Mine",,,02/24/2020,,,Green River | Ohio | 212111
Kentucky,PAE Visa Support Services (VSS),,,02/28/2020,,,Cumberlands | Whitley | 561210
Kentucky,Webster County Coal Dotiki Mine,,,02/07/2020,,,Green River | Webster | 212112
Kentucky,MTD Products Inc,,,01/17/2020,,,Lincoln Trail | Grayson | 444220
Kentucky,"Ebonite International, Inc.",,,01/14/2020,,,Western Kentucky | Christian | 453998
Kentucky,Bekaert Corporation,,,01/13/2020,,,Kentuckianaworks | Shelby | 331222
Kentucky,Nally & Hamilton Enterprises Inc Balkan area Mines and Facilities,,,01/01/2020,,,EKCEP | Bell | 212111
Kentucky,"Nally & Hamilton Enterprises Inc Bailey's Creek, Cranks Creek & Day Branch Mines",,,01/01/2020,,,EKCEP | Harlan | 212111
Kentucky,Nally & Hamilton Enterprise Inc Stinnett Mine,,,01/01/2020,,,EKCEP | Leslie | 212111
Kentucky,Nally & Hamilton Enterprises Inc Stinnett Mine -London,,,01/01/2020,,,Cumberlands | Laurel | 212111
Kentucky,Nally & Hamilton Enterprise Inc,,,01/01/2020,,,EKCEP | Harlan | 212111
Kentucky,AECOM,,,12/29/2019,,,Western Kentucky | Christian | 541310
Kentucky,INOAC PACKAGING GROUP INC,,,11/12/2019,,,Lincoln Trail | Nelson | 326160
Kentucky,Pennyrile Energy LLC- RiverEdge Mine,,,11/01/2019,,,Green River | McLean | 212112
Kentucky,AK Steel -Ashland Works,,,11/04/2019,,,TENCO | Boyd | 331222
Kentucky,BRIGGS & STRATTON CORPORATION,,,09/27/2019,,,Western Kentucky | Calloway | 333112
Kentucky,FFO Home,,,10/01/2019,,,Kentuckianaworks | Jefferson | 442110
Kentucky,TMK IPSCO Tubulars (KY),,,09/24/2019,,,Northern Kentucky | Campbell | 425120
Kentucky,Red Ventures,,,10/31/2019,,,Bluegrass | Fayette | 524210
Kentucky,"Sykes Enterprises, Inc.",,,09/03/2019,,,EKCEP | Perry | 541910
Kentucky,"HOLLANDER SLEEP PRODUCTS, LLC",,,08/21/2019,,,South Central | Hart | 337910
Kentucky,CEVA LOGISTICS US INC,,,08/18/2019,,,Kentuckianaworks | Jefferson | 484121
Kentucky,Harman International,,,08/02/2019,,,South Central | Simpson | 334310
Kentucky,Union Underwear Company/ Fruit of The Loom,,,07/22/2019,,,South Central | Warren | 315190
Kentucky,Concentrix CVG Corp.- formally Convergys,,,09/30/2019,,,Northern Kentucky | Kenton | 518210
Kentucky,"New Vista Behavioral Healthcare, Inc",,,06/01/2019,,,Cumberlands | Pulaski | 621999
Kentucky,Continuum Global Solutions,,,06/21/2019,,,Bluegrass | Fayette | 488320
Kentucky,CSXT-Russell Locomotive Shop,,,04/05/2019,,,TENCO | Greenup | 336510
Kentucky,FLINT GROUP,,,06/30/2019,,,Lincoln Trail | Hardin | 325130
Kentucky,"CONDUENT State & Local Solutions, Inc",,,04/21/2019,,,Cumberlands | Laurel | 58121
Kentucky,BrightSpring Health Services\ CAKY of Somerset,,,04/19/2019,,,Cumberlands | Pulaski | 624120
Kentucky,BrightSpring Health Services\ Bingham Gardens,,,03/31/2019,,,Kentuckianaworks | Jefferson | 561110
Kentucky,Performance Team,,,02/20/2019,,,Kentuckianaworks | Jefferson | 541614
Kentucky,Jack Cooper Transport Co. Inc,,,04/21/2019,,,Kentuckianaworks | Jefferson | 484121
Kentucky,LED VANCE LLC,,,09/27/2019,,,Bluegrass | Woodford | 335110
Kentucky,"Leggett & Platt, Inc.",,,02/14/2019,,,Bluegrass | Scott County | 337215
Kentucky,IQOR Global Service LLC,,,02/11/2019,,,Kentuckiana Works | Jefferson County - Louisville | 54168
Kentucky,Piramal Pharma Solutions,,,01/29/2019,,,Bluegrass | Fayette County | 325412
Kentucky,Graham Packaging Company-Florence,,,01/25/2019,,,Northern Kentucky | Boone | 326199
Kentucky,Pomeroy Solutions Sales dba Getronics,,,06/30/2019,,,Northern Kentucky | Boone | 541511
Kentucky,Mondi Industrial Bags,,,12/31/2018,,,Kentuckiana Works | Jefferson County - Louisville | 322220
Kentucky,Concentrix CVG Corp.- formally Convergys,,,12/28/2018,,,Northern Kentucky | Kenton County | 518210
Kentucky,K&T SWITCHING SERVICE -Fern Valley Road,,,12/24/2018,,,Kentuckiana Works | Jefferson County - Louisville | 484121
Kentucky,K&T SWITCHING SERVICE -Chamberlain Lane,,,12/24/2018,,,Kentuckiana Works | Jefferson County - Louisville | 484121
Kentucky,Murray State University,,,12/14/2018,,,Western Kentucky | Calloway County | 611310
Kentucky,Kentucky River Foothills Development Council,,,12/31/2018,,,Bluegrass | Madison County | 813319
Kentucky,Gannett Satellite Information Network,,,12/31/2018,,,Kentuckiana Works | Jefferson County - Louisville | 511110
Kentucky,dormakaba USA Inc.,,,12/03/2018,,,Bluegrass | Fayette County | 332510
Kentucky,Oxford Government Consulting,,,11/23/2018,,,Cumberlands | Rockcastle County | 541611
Kentucky,Werner Co.,,,10/09/2019,,,Kentuckiana Works | Jefferson County - Louisville | 331318
Kentucky,US BANK -Bowling Green,,,09/28/2018,,,South Central | Warren County | 522110
Kentucky,Taylor & Francis Group LLC,,,09/28/2018,,,Northern Kentucky | Boone | 511199
Kentucky,WAL-MART Store #1269,,,09/14/2018,,,Kentuckiana Works | Jefferson County - Louisville | 452111
Kentucky,WAL-MART Store #2060,,,09/14/2018,,,Bluegrass | Fayette County | 452111
Kentucky,WAL-MART Store #4523,,,09/14/2018,,,Kentuckiana Works | Jefferson County - Louisville | 452111
Kentucky,WAL-MART Store #3841,,,09/14/2018,,,Kentuckiana Works | Jefferson County - Louisville | 452111
Kentucky,Dean Milk Co,,,09/07/2018,,,Kentuckiana Works | Jefferson County - Louisville | 112990
Kentucky,American Greetings Corp-Bardstown,,,09/07/2018,,,Lincoln Trail | Nelson County | 511191
Kentucky,Magic Mart Store #650,,,10/01/2018,,,EKCEP | Perry County | 452210
Kentucky,Magic Mart Store #960,,,10/01/2018,,,EKCEP | Pike County | 452210
Kentucky,Savers,,,08/12/2018,,,Kentuckiana Works | Jefferson County - Louisville | 453310
Kentucky,DNR Group LLC-Innovairre,,,08/02/2018,,,Kentuckiana Works | Jefferson County - Louisville | 323114
Kentucky,ALBAAD USA INC,,,08/31/2018,,,Bluegrass | Jessamine County | 423450
Kentucky,THE BOEING COMPANY-Lexington,,,07/13/2018,,,Bluegrass | Fayette County
Kentucky,Prairie Farms-Fulton,,,06/30/2018,,,Western Kentucky | Fulton County | 311500
Kentucky,CONIFER REVENUE CYCLE SOLUTIONS LLC,,,04/30/2018,,,Kentuckiana Works | Jefferson County - Louisville | 523930
Kentucky,Flextronics Americas LLC,,,09/01/2018,,,Kentuckiana Works | Jefferson County - Louisville | 493110
Kentucky,GILT Distribution Center,,,09/28/2018,,,Kentuckiana Works | Bullitt County | 454111
Kentucky,Abm Industries Inc./ABM Aviation,,,03/07/2018,,,Northern Kentucky | Kenton County | 488119
Kentucky,American Greetings Corp-Bardstown,,,03/16/2018,,,Lincoln Trail | Nelson County | 511191
Kentucky,KES Kentucky Electric Steel,,,03/10/2018,,,TENCO | Boyd County | 331513
Kentucky,Hopkins County Coal Madisonville Office,,,02/14/2018,,,Western Kentucky | Hopkins County | 213113
Kentucky,THOROUGHFARE MINING LLC,,,02/14/2018,,,Western Kentucky | Hopkins County | 21
Kentucky,Clarcor Air Filtration-Campbellsville,,,02/12/2018,,,Cumberlands | Taylor County | 333413
Kentucky,Scott Archery,,,01/10/2018,,,Bluegrass | Powell County | 339920
Kentucky,Arriva Medical LLC,,,12/31/2017,,,Northern Kentucky | Boone | 423450
Kentucky,Baptist Health Plan Inc-Lexington,,,12/29/2017,,,Bluegrass | Fayette County | 621999
Kentucky,Equality Boot Surface Mine,,,12/08/2017,,,Green River | Ohio County | 212111
Kentucky,Armstrong Coal Prep & Dock Facility,,,12/08/2017,,,Green River | Ohio County | 311612
Kentucky,LATA SHARP REMEDIATION SERVICES LLC,,,10/19/2017,,,Western Kentucky | McCracken County | 562112
Kentucky,Booth Energy,,,09/30/2017,,,EKCEP | Martin County | 1
Kentucky,"Engineered Plastic Components, Inc.",,,10/18/2017,,,Green River | Daviess County | 333249
Kentucky,Kmart 04232-Lexington,,,09/24/2017,,,Bluegrass | Fayette County | 45211
Kentucky,BIMBO BAKERIES USA INC,,,09/08/2017,,,Green River | Daviess County | 311811
Kentucky,LEDVANCE LLC-Winchester,,,09/01/2017,,,Bluegrass | Clark County | 33511
Kentucky,Charter Commuications -Lexington,,,07/17/2017,,,Bluegrass | Fayette County | 517911
Kentucky,Itron Inc.,,,12/31/2017,,,Northern Kentucky | Owen County | 238220
Kentucky,General Electric Company- Lexington Lamp Plant,,,06/23/2017,,,Bluegrass | Fayette County | 335110
Kentucky,AmerisourceBergen Drug Corporation,,,06/30/2017,,,Western Kentucky | McCracken County | 325412
Kentucky,Ann Taylor Distribution Services,,,06/09/2017,,,Kentuckiana Works | Jefferson County - Louisville | 44812
Kentucky,"Benore Logistic Systems, Inc.",,,04/23/2017,,,EKCEP | Knox County | 493110
Kentucky,Dollar Express-Covington,,,06/30/2017,,,Northern Kentucky | Kenton County | 45231
Kentucky,Dollar Express Louisville(2),,,06/30/2017,,,Kentuckiana Works | Jefferson County - Louisville | 45231
Kentucky,Dollar Express Louisville(1),,,06/30/2017,,,Kentuckiana Works | Jefferson County - Louisville | 45231
Kentucky,Kelly Services-Kenton Co,,,06/02/2017,,,Northern Kentucky | Kenton County | 561320
Kentucky,General Electric Company Somerset Glass Plant Lighting,,,05/26/2017,,,Cumberlands | Pulaski County | 335110
Kentucky,Sypris Technologies,,,05/10/2017,,,Kentuckiana Works | Jefferson County - Louisville | 336390
Kentucky,Conduent Incorporated,,,04/12/2017,,,EKCEP | Knox County | 518210
Kentucky,Nasty Gal Inc,,,04/10/2017,,,Kentuckiana Works | Bullitt County | 493110
Kentucky,Penske Vehicle Services Inc.,,,04/01/2017,,,South Central | Warren County | 532120
Kentucky,ZOO PRINTING,,,06/30/2017,,,Kentuckiana Works | Jefferson County - Louisville | 323111
Kentucky,Toyota Motor Engineering & Manufacturing,,,01/03/2017,,,Northern Kentucky | Boone | 336111
Kentucky,Vantiv,,,03/31/2017,,,KentuckianaWorks | Jefferson | 522390
Kentucky,Experience Works,,,01/30/2017,,,EKCEP | Lee | 624310
Kentucky,Harman International Industries,,,01/09/2017,,,South Central | Simpson | 333430
Kentucky,Meadowview Rehab & Wellness,,,11/27/2016,,,Kentuckianaworks | Jefferson | 6231
Kentucky,Glenview Healthcare & Rehabilitation Center,,,11/27/2016,,,Kentuckianaworks | Jefferson | 6231
Kentucky,Gerdau Ameristeel US Inc.-Calvert City Mill,,,11/15/2016,,,Western Kentucky | Marshall | 33111
Kentucky,Alpha Natural Resources - Sidney Coal Company LLC,,,12/16/2016,,,EKCEP | Pike | 21
Kentucky,St. Catherine College,,,07/31/2016,,,Lincoln Trail | Washington | 611310
Kentucky,Spurlock Mining LLC,,,08/07/2016,,,EKCEP | Floyd | 212112
Kentucky,Federal-Mogul Motorparts,,,08/01/2016,,,TENCO | Mason | 423130
Kentucky,General Product's,,,07/01/2016,,,South Central | Logan | 441310
Kentucky,Kindred Nursing and Rehabilitation,,,08/01/2016,,,Kentuckianaworks | Jefferson | 6231
Kentucky,Tantus Tobacco LLC,,,08/01/2016,,,Cumberlands | Russell | 312230
Kentucky,Affinity Apparel,,,07/25/2016,,,TENCO | Montgomery | 448190
Kentucky,"ADP Benefits KY, Inc.",,,07/22/2016,,,Kentuckianaworks | Jefferson
Kentucky,Whayne Supply Company,,,07/15/2016,,,Cumberlands | Whitley | 423810
Kentucky,Remington Outdoor Company,,,07/29/2016,,,Western Kentucky | Graves | 332994
Kentucky,Armstrong Coal- Parkway underground mine,,,06/22/2016,,,Western Kentucky | Muhlenberg | 212
Kentucky,Armstrong Coal- Parkway Preparation Plant,,,06/22/2016,,,Western Kentucky | Muhlenberg | 212
Kentucky,KeyTronicEMS,,,06/22/2016,,,Bluegrass | Mercer | 334419
Kentucky,IPSCO Tubluars (KY) Inc.,,,06/22/2016,,,Northern Kentucky | Campbell | 425120
Kentucky,Johnson Controls Inc.,,,06/30/2016,,,Kentuckianaworks | Shelby | 336390
Kentucky,Dana Commercial Vehicle Manufacturing LLC,,,06/30/2016,,,South Central | Barren | 336350
Kentucky,"Verso Corporation Wickliffe Mill , Beaver Dam Woodyard & Eddyville Woodyard",,,06/04/2016,,,Western Kentucky | Ballard | 322121
Kentucky,IPSCO Tubluars (KY) Inc.,,,05/31/2016,,,Northern Kentucky | Campbell | 425120
Kentucky,"Sodexo,Inc.",,,05/27/2016,,,Kentuckianaworks | Jefferson | 722310
Kentucky,Lexmark International Inc,,,05/25/2016,,,Bluegrass | Fayette | 33318
Kentucky,Firstsource Group USA-REVISED,,,05/19/2016,,,Kentuckianaworks | Jefferson | 561110
Kentucky,Innotrac L.P.'s Facility,,,05/11/2016,,,Northern Kentucky | Boone | 541614
Kentucky,Carmeuse Lime & Stone -Maysville Operation,,,03/11/2016,,,TENCO | Mason | 212312
Kentucky,Convergys Corporation,,,04/30/2016,,,Northern Kentucky | Kenton | 541613
Kentucky,IPSCO Tubulars (KY) Inc.,,,04/29/2016,,,Northern Kentucky | Campbell | 425120
Kentucky,Delta Air Lines,,,05/01/2016,,,Northern Kentucky | Boone | 488119
Kentucky,Hearth & Home Technologies,,,05/15/2016,,,Bluegrass | Bourbon | 333414
Kentucky,Hopkins County Coal LLC,,,04/05/2016,,,Western Kentucky | Hopkins | 212112
Kentucky,Warrior Coal LLC,,,04/05/2016,,,Western Kentucky | Hopkins | 212112
Kentucky,Pine Branch Mining LLC,,,04/01/2016,,,EKCEP | Perry | 212399
Kentucky,Novitex Government Solutions London,,,03/11/2016,,,Cumberlands | Laurel | 518210
Kentucky,Belden Monticello,,,08/01/2016,,,Cumberlands | Wayne | 33142
Kentucky,"IPSCO Tubulars, (KY) Inc.",,,03/09/2016,,,Northern Kentucky | Campbell | 425120
Kentucky,SKF USA Inc. Automotive Vehicle Service Market,,,05/01/2016,,,Northern Kentucky | Boone | 332991
Kentucky,"Kentucky Association of Electric Cooperatives, Inc. (KAEC)",,,02/28/2016,,,Kentuckianaworks | Jefferson | 335311
Kentucky,Century Aluminum of Kentucky  (EXTENSION OF CONDITIONAL WARN),,,12/02/2015,,,Green River | Hancock | 331313
Kentucky,Blue Diamond Mining Buckeye Mine Complex,,,01/19/2016,,,EKCEP | Perry/Leslie | 212111
Kentucky,Sebree Mining LLC,,,01/06/2016,,,Green River | Webster | 212111
Kentucky,Adair County Hospital District- Westlake Regional Hospital,,,01/04/2016,,,"Cumberlands | Adair,Metcalf, Russell | 622110"
Kentucky,Armstrong Coal-Midway Mine,,,12/31/2015,,,Green River | Ohio | 212111
Kentucky,Armstrong Coal-Parkway Mine- Central City,,,12/31/2015,,,Western Kentucky | Muhlenberg | 212111
Kentucky,Armstrong Coal-Midway Preparation Plant,,,12/31/2015,,,Green River | Ohio | 212111
Kentucky,Armstrong Coal-Parkway Preparation Plant- Central City,,,12/31/2015,,,Western Kentucky | Muhlenberg | 212111
Kentucky,Joy Global - Salyersville Operations,,,12/28/2015,,,EKCEP | Magoffin | 333131
Kentucky,"Arch Coal, Inc./Cumberland River Coal Company",,,12/30/2015,,,EKCEP | Letcher | 212111
Kentucky,Century Aluminum Sebree LLC,,,12/29/2015,,,Green River | Henderson | 331313
Kentucky,STEIN INC. -Ashland KY Facility,,,12/20/2015,,,TENCO | Boyd | 327992
Kentucky,CSX Transportation Inc.,,,10/20/2015,,,Cumberlands | Whitley | 488510
Kentucky,"Lexington Metal Systems, LLC",,,12/19/2015,,,TENCO | Montgomery | 336370
Kentucky,AK Steel Corporation -Ashland Works,,,12/18/2015,,,TENCO | Boyd | 331110
Kentucky,Envoy Air,,,11/16/2015,,,Kentuckianaworks | Jefferson | 48111
Kentucky,Wickliffe Paper Company LLC-Verso Corp,,,11/01/2015,,,Western Kentucky | Ballard | 322121
Kentucky,RHINO CAM Mining LLC,,,10/30/2015,,,"EKCEP | Letcher , Pike | 212112"
Kentucky,Century Aluminum of Kentucky -Hawesville,,,10/24/2015,,,Green River | Hancock | 331313
Kentucky,Coyne Textile Services,,,10/31/2015,,,Cumberlands | Laurel | 812332
Kentucky,HAECO Airframe Services,,,09/30/2015,,,Northern Kentucky | Kenton | 488190
Kentucky,United Recovery Systems,,,09/13/2015,,,Northern Kentucky | Kenton | 561440
Kentucky,"CareCall, Inc",,,09/13/2015,,,Northern Kentucky | Kenton | 561422
Kentucky,"IPSCO Tubulars, (KY) Inc.",,,07/06/2015,,,Northern Kentucky | Campbell | 425120
Kentucky,MillBranch Coal Corporation-North Fork Coal Corporation -Pigeon Creek Processing- Maxxim Shared Services -Panther Mine No. 1-Stillhouse No. 1 Mine,,,09/06/2015,,,"EKCEP | Harlan,Letcher, (Appalachia VA) | 21211"
Kentucky,RR Donnelley,,,09/05/2015,,,Bluegrass | Scott | 32311
Kentucky,"IPSCO Tubulars, (KY) Inc.",,,07/10/2015,,,Northern Kentucky | Campbell | 332312
Kentucky,Anthem Inc.,,,07/25/2015,,,Kentuckianaworks | Jefferson | 524114
Kentucky,Discover Home Loans or Discover,,,08/15/2015,,,Kentuckianaworks | Jefferson | 522310
Kentucky,"IPSCO Tubulars, (KY) Inc.",,,06/21/2015,,,Northern Kentucky | Campbell | 332312
Kentucky,"Straight Creek Coal Mining, Inc",,,08/12/2015,,,EKCEP | Bell | 211111
Kentucky,Chegg,,,11/01/2015,,,Kentuckianaworks | Bullitt | 564614
Kentucky,"Aramark Healthcare Support Services (""Aramark"") at Kentucky One Health",,,08/09/2015,,,"Kentuckianaworks | Jefferson, Bullitt, Shelby | 561720"
Kentucky,Bechtel Parsons Blue Grass Project,,,07/31/2015-10/30/2015,,,Bluegrass | Madison | 541330
Kentucky,RHINO CAM Mining LLC,,,08/01/2015,,,"EKCEP | Letcher , Pike | 212112"
Kentucky,ResCare,,,07/31/2015,,,Kentuckianaworks | Jefferson | 623210
Kentucky,"Brake Parts Inc., LLC",,,07/31/2015,,,Bluegrass | Lincoln | 336340
Kentucky,Joy Global - Salyersville Operations,,,07/24/2015,,,EKCEP | Magoffin | 333131
Kentucky,"LATA Environmental Services of Kentucky, LLC",,,07/25/2015,,,"Western Kentucky | Ballard, McCracken | 334512"
Kentucky,Gourmet Express LLC,,,06/26/2015,,,Western Kentucky | Muhlenberg | 454390
Kentucky,Lee Adjustment Center,,,07/13/2015,,,EKCEP | Lee | 921190
Kentucky,"IPSCO Tubulars, (KY) Inc.",,,07/08/2015,,,Northern Kentucky | Campbell | 332312
Kentucky,"IPSCO Tubulars, (KY) Inc.",,,07/07/2015,,,Northern Kentucky | Campbell | 332312
Kentucky,"Highland Mining Company, LLC",,,05/15/2015,,,Green River | Union | 212112
Kentucky,"Heritage Coal Company, LLC",,,04/04/2015,,,Green River | Union | 213113
Kentucky,"IPSCO Tubulars, (KY) Inc.",,,06/07/2015,,,Northern Kentucky | Campbell | 332312
Kentucky,"Quality Manufacturing, Inc.",,,06/29/2015,,,Bluegrass | Clark | 334118
Kentucky,"Quality Manufacturing, Inc.",,,06/29/2015,,,Bluegrass | Clark | 334118
Kentucky,DAL Global Services,,,04/30/2015,,,Northern Kentucky | Boone | 481111
Kentucky,Gourmet Express LLC,,,05/30/2015,,,Western Kentucky | Muhlenberg | 454390
Kentucky,"Universal Well Services, Inc.",,,03/25/2015,,,EKCEP | Floyd | 213112
Kentucky,Fort Dearborn Company,,,05/15/2015,,,Barren River | Warren | 322220
Kentucky,"Heritage Coal Company, LLC",,,04/04/2015,,,Green River | Union | 213113
Kentucky,"Licking River Mining, LLC",,,03/13/2015,,,EKCEP | Morgan | 212112
Kentucky,"Licking River Resources, Inc.",,,03/13/2015,,,EKCEP | Morgan | 212111
Kentucky,"S. M. & J., Inc.",,,03/13/2015,,,TENCO | Boyd | 122102
Kentucky,"Highland Mining Company, LLC",,,04/05/2015,,,Western Kentucky | Union | 212112
Kentucky,"DynCorp International LLC, U.S. Air Force's 160th SOAR",,,03/31/2015,,,Western Kentucky | Christian | 928110
Kentucky,"Dodge Hill Mining Company, LLC (""Dodge Hill"")",,,,,,Green River | Union | 21211
Kentucky,"Hospital of Fulton, Inc. d/b/a Parkway Regional Hospital",,,03/31/2015,,,Western Kentucky | Fulton | 622110
Kentucky,"Hospital of Fulton, Inc., Hillview Medical Clinic",,,03/31/2015,,,Western Kentucky | Fulton | 621111
Kentucky,"Fox Knob Coal Company, Inc.",,,02/13/2015,,,EKCEP | Harlan | 212111
Kentucky,"JAD Coal Company, Inc.",,,02/13/2015,,,EKCEP | Harlan | 212399
Kentucky,"Morgan, Lewis & Bockius LLP",,,04/03/2015-06/30/2015,,,Bluegrass | Fayette | 541110
Kentucky,"Avantor Performance Materials, Inc.",,,03/01/2015,,,Bluegrass | Bourbon | 325411
Kentucky,ShopKo Hometown #718,,,04/15/2015,,,Cumberlands | Casey | 452990
Kentucky,ShopKo Hometown #730,,,04/15/2015,,,Lincoln Trail | Larue | 452990
Kentucky,ShopKo Hometown #721,,,04/15/2015,,,Barren River | Hart | 452990
Kentucky,Market Day LLC,,,03/07/2015,,,Kentuckianaworks | Jefferson | 561499
Kentucky,Your Community Bank,,,03/13/2015,,,Lincoln Trail | Hardin | 522110
Kentucky,"Morgan, Lewis & Bockius LLP",,,03/06/2015,,,Bluegrass | Fayette | 541110
Kentucky,"Fox Knob Coal Company, Inc.",,,01/23/2015,,,EKCEP | Harlan | 212111
Kentucky,"JAD Coal Company, Inc.",,,01/23/2015,,,EKCEP | Harlan | 212399
Kentucky,"TECO Coal Coal LLC, & Subsidiaries",,,02/12/2015,,,"EKCEP | Pike, Perry, Whitley, Knox | 212112"
Kentucky,Kentucky Fuel Corporation (KFC),,,02/09/2015,,,EKCEP | Pike | 325199
Kentucky,"Sykes Enterprise, Incorporated",,,02/27/2015,,,Lincoln Trail | Nelson | 561422
Kentucky,"Akima Support Operations (ASO) 407th FSB, ASC, Logistics Readiness Center (LRC)",,,02/14/2015,,,Lincoln Trail | Hardin | 561210
Kentucky,"Highland Mining Company, LLC (""Highland"")",,,,,,Green River | Union | 21211
Kentucky,"Heritage Coal Company, LLC (""Heritage"")",,,,,,Green River | Union | 21211
Kentucky,"KentuckyOne Health - Jewish Hospital Aramark Healthcare Support Services (""Aramark"")",,,01/31/2015,,,KentuckianaWorks | Jefferson | 561720
Kentucky,Lexington Fayette County Health Dept. (LFCHD) HealthFirst Bluegrass Unit,,,01/31/2015,,,Bluegrass | Fayette | 624190
Kentucky,"Cumberland River Coal Company Complex ""CRCC Complex""",,,,,,EKCEP | Letcher | 212111
Kentucky,"TECO Coal Corporations (TECO Diversified, Inc.)",,,,,,"EKCEP / Cumberlands | Pike, Perry, Whitley, Knox | 212112"
Kentucky,"Creation Technologies Kentucky, Inc. (""the Company"")",,,01/31/2015,,,Bluegrass | Fayette | 333242
Kentucky,"Wolverine Services, LLC (an Akima Company)",,,11/30/2014,,,Lincoln Trail | Hardin | 561210
Kentucky,"Cumberland River Coal Company Complex ""CRCC Complex""",,,09/19/2014,,,EKCEP | Letcher | 212111
Kentucky,"Bluegrass Family Health, Inc., (""BFH"")",,,12/31/2014,,,Bluegrass | Fayette | 621491
Kentucky,United States Enrichment Corporation (USEC),,,9/29/2014-10/12/2014,,,Western Kentucky | Ballard | 325199
Kentucky,Federal - Mogul Corporation,,,,,,Tenco | Mason | 541614
Kentucky,Joy Global - Salyersville Operations,,,09/22/2014,,,EKCEP | Magoffin | 423810
Kentucky,"Cumberland River Coal Company Complex ""CRCC Complex""",,,09/19/2014,,,EKCEP | Letcher | 212111
Kentucky,BAE Systems,,,6/30/2014-7/11/2014,,,EKCEP | Jackson | 315210
Kentucky,"Harlan-Cumberland Coal Company, LLC",,,08/18/2014,,,EKCEP | Harlan | 213113
Kentucky,"Sodexo, Inc.",,,06/30/2014,,,Bluegrass | Fayette | 722310
Kentucky,Regal Beloit,,,08/22/2014,,,Bluegrass | Clark / Montgomery | 336320
Kentucky,"Aphena Pharma Solutions, LLC",,,07/29/2014-09/30/2014,,,Barren River | Barren | 325412
Kentucky,"Carl Zeiss Vision, Inc.",,,07/28/2024,,,Northern Kentucky | Boone | 333314
Kentucky,"Nielsen Company (US), LLC",,,07/31/2014,,,Lincoln Trail | Hardin | 561422
Kentucky,United States Enrichment Corporation (USEC),,,06/27/2014,,,Western Kentucky | Ballard | 325199
Kentucky,Big Rivers Electric Corp. Coleman Station,,,05/01/2014,,,Green River | Hancock | 221121
Kentucky,"Union Underwear Co., Inc. d/b/a Fruit of the Loom",,,06/08/2014,,,Cumberlands | Russell | 315220/315240
Kentucky,Cenveo,,,06/04/2014,,,Greater Louisville | Shelby | 322230
Kentucky,"General Dynamics Information Technology, Inc.",,,05/09/2014,,,Cumberlands | Laurel | 541611
Kentucky,"Brake Parts, Inc., LLC.",,,04/18/2014,,,Bluegrass | Lincoln | 336340
Kentucky,United States Enrichment Corporation (USEC),,,04/11/2014,,,Western Kentucky | Ballard | 325199
Kentucky,"HDA, Inc. and N-Store Merchandising, Inc.",,,02/03/2014,,,Statewide | Statewide | 425120
Kentucky,Time Warner Cable (TWC),,,03/18/2014,,,Greater Louisville | Jefferson | 561422
Kentucky,"Motorola Solutions, Inc.",,,03/28/2014,,,Greater Louisville | Jefferson | 811211
Kentucky,"Arch Coal, Inc., Flint Ridge",,,,,,EKCEP | Breathitt | 322221
Kentucky,Boeing,,,03/04/2014,,,Statewide | Statewide | 561110
Kentucky,Unilever Owensboro Plant,,,03/01/2014,,,Green River | Daviess | 311412
Kentucky,North American Stainless (NAS) Facility HARSCO Metals & Minerals Plant #4 and #68,,,02/25/2014,,,"Northern Kentucky | Gallatin | 423510, 423830, 331111"
Kentucky,United State Enrichment Corporation (USEC),,,2/14/2014-2/28/2014,,,Western Kentucky | Ballard | 325199
Kentucky,"Centrury Aluminum of Kentucky ""CAC"" ""Owensboro Facility""",,,03/31/2014-04/14/2014,,,Green River | Daviess/ Hancock | 560000
Kentucky,"Century Aluminum of Kentucky GP ""Hawesville Smelter""",,,03/31/2014-04/14/2014,,,Green River | Hancock | 331319
Kentucky,"American Ambulette & Ambulance Swervice, Inc. (""AAA"")",,,12/06/2013,,,Bluegrass | Nicholas | 621910
Kentucky,Big Rivers Electric Corporation,,,02/01/2014,,,Green River | Henderson | 221121
Kentucky,United State Enrichment Corporation (USEC),,,01/21/2014-01/31/2014,,,Western Kentucky | Ballard | 325199
Kentucky,"DynCorp International, LLC ""DI""",,,12/13/2013,,,Western Kentucky | Christian
Kentucky,"Pacific Pulmonary Services ""PPS""",,,01/03/2014,,,Bluegrass | Fayette | 561422
Kentucky,"Century Aluminum Sebree, LLC ""Sebree Smelter""",,,01/31/2014,,,Green River | Henderson | 331319
Kentucky,Bank of America Consumer Banking - Legacy Asset Servicing Unit,,,12/22/2013,,,Greater Louisville | Jefferson
Kentucky,"Laboratory Partners, Inc. Kilbourne Medical Laboratories",,,12/23/2013,,,Greater Louisville | Jefferson | 621511
Kentucky,"Laboratory Partners, Inc. Kilbourne Medical Laboratories",,,12/23/2013,,,Bluegrass | Fayette | 621511
Kentucky,"Century Aluminum of Kentucky GP ""Hawesville Smelter""",,,12/20/2013-01/03/2014,,,Green River | Hancock | 331319
Kentucky,"Century Aluminum Company ""Owensboro Facility""",,,12/20/2013-01/03/2014,,,Green River | Daviess | 560000
Kentucky,McCoy Elkhorn Coal Corporation,,,10/16/2013,,,EKCEP | Pike | 212112
Kentucky,Bledsoe Coal Corporation,,,12/16/2013,,,EKCEP | Harlan/Leslie | 212112
Kentucky,Discover Home Loans,,,12/12/2013,,,Greater Louisville | Jefferson | 522310
Kentucky,"Motorola Solutions, Inc.",,,12/01/2013,,,Greater Louisville | Jefferson | 811211
Kentucky,GECOM Corporation,,,03/31/2014,,,Bluegrass | Franklin | 336370
Kentucky,"Borden Dairy Company of Madisonville, LLC d/b/a Goldenrod Dairy",,,11/29/2013-12/12/2013,,,Western Kentucky | Hopkins | 424430
Kentucky,"Excel Mining, LLC Van Lear Mine and Pontiki Preparation Plant",,,12/02/2013,,,EKCEP | Martin | 212112
Kentucky,Marion Adjustment Center,,,08/31/2013-10/31/2013,,,Lincoln Trail | Marion | 624310
Kentucky,"Corizon, Inc.",,,09/30/2013,,,Greater Louisville | Jefferson | 561210
Kentucky,"Arch Coal, Inc. ICG Hazard, LLC Flint Ridge Complex",,,,,,EKCEP | Breathitt | 322221
Kentucky,"Century Aluminum of Kentucky GP ""Hawesville Smelter""",,,10/18/2013,,,Green River | Hancock | 331319
Kentucky,"Century Aluminum Company ""Owensboro Facility""",,,10/18/2013,,,Green River | Daviess | 560000
Kentucky,"Aramark Healthcare Support Services, LLC",,,10/17/2013,,,Greater Louisville | Jefferson | 722310
Kentucky,United State Enrichment Corporation (USEC),,,10/14/2013-10/25/2013,,,Western Kentucky | Ballard | 325199
Kentucky,"JCIM US, LLC",,,08/13/2013,,,Greater Louisville | Jefferson | 326199
Kentucky,"Motorola Solutions, Inc.",,,09/27/2013-12/27/2013,,,Greater Louisville | Jefferson | 811211
Kentucky,"NE Opco, Inc. d/b/a National Envelope Corporation",,,8/1/2013-9/30/2013,,,Greater Louisville | Shelby | 322230
Kentucky,"Lightyear Network Solutions, LLC",,,09/13/2013,,,"Greater Louisville | Jefferson | 517210, 517911, 517919"
Kentucky,"Centene Management Corporation, dba Kentucky Spirit Health Plan",,,08/08/2013-12/31/2013,,,Bluegrass | Fayette | 621999
Kentucky,"Motorola Solutions, Inc.",,,08/23/2013-10/25/2013,,,Greater Louisville | Jefferson | 811211
Kentucky,Marion Adjustment Center,,,08/31/2013,,,Lincoln Trail | Marion | 624310
Kentucky,"NE Opco, Inc. d/b/a National Envelope Corporation",,,08/06/2013-08/20/2013,,,Greater Louisville | Shelby | 322230
Kentucky,United State Enrichment Corporation (USEC),,,08/05/2013-08/13/2013,,,Western Kentucky | Ballard | 325199
Kentucky,"Motorola Solutions, Inc.",,,07/26/2013,,,Greater Louisville | Jefferson | 811211
Kentucky,"Motorola Solutions, Inc.",,,06/30/2013,,,"Northern Kentucky | Boone | 334118, 334220, 425110, 541511, 551114, 811212"
Kentucky,"LATA Environmental Services of Kentucky, LLC",,,07/03/2013-07/02/2014,,,Western Kentucky | Ballard | 334512
Kentucky,"Centene Management Corporation, dba Kentucky Spirit Health Plan",,,07/05/2013-12/31/2013,,,Bluegrass | Fayette | 621999
Kentucky,"JCIM US, LLC",,,02/04/2013-07/05/2013,,,Greater Louisville | Jefferson | 326199
Kentucky,"Motorola Solutions, Inc. Repair and Order Management",,,06/30/2013,,,"Northern Kentucky | Boone | 334118, 334220, 425110, 541511, 551114, 811212"
Kentucky,"Century Aluminum of Kentucky GP ""Hawesville Smelter""",,,08/06/2013-08/20/2013,,,Green River | Hancock | 331313
Kentucky,"Century Aluminum Company ""Owensboro Facility""",,,08/06/2013-08/20/2013,,,Green River | Daviess | 561110
Kentucky,"Xerox Business Solutions CS DHS I-94 Unit, Xerox Federal Solutions, LLC",,,06/14/2013,,,Cumberlands | Laurel | 518210
Kentucky,GECOM Corporation,,,07/01/2013-09/01/2013,,,Bluegrass | Franklin | 336370
Kentucky,"Gannett Driect Marketing Services, Inc.",,,06/12/2013,,,Greater Louisville | Jefferson | 541613
Kentucky,"3M, dba Ceradyne ACO (Ceradyne, Inc.)",,,06/10/2013,,,Bluegrass | Fayette | 327420
Kentucky,"Serco, Inc.",,,,,,Cumberlands | Whitley | 332992
Kentucky,Joy Global,,,10/5/2013-10/25/2013,,,Bluegrass | Bourbon | 333131
Kentucky,"Fetter Printing Company, Fettergroup",,,05/03/2013-06/15/2013,,,"Greater Louisville | Jefferson | 551112, 323110"
Kentucky,"Gunderson Rail Service LLC, dba Greenbrair Rail Services",,,04/30/2013,,,Lincoln Trail | Hardin | 336510
Kentucky,"JCIM US, LLC",,,02/04/2013-05/05/2013,,,Greater Louisville | Jefferson | 326199
Kentucky,Conifer Health Solutions,,,04/01/2013,,,Barren River | Warren | 621610
Kentucky,Community Alternatives KY Madisonville,,,03/31/2013,,,Western Kentucky | Hopkins | 624190
Kentucky,The Boeing Company,,,03/22/2013,,,Statewide
Kentucky,"Gap, Inc.",,,04/15/2013,,,Northern Kentucky | 493110
Kentucky,"Leggett & Platt, Incorporated",,,03/08/2013,,,Green River | 332618
Kentucky,Alpha Natural Resources North Fork Coal Corporation,,,03/05/2013-03/19/2013,,,EKCEP | 212111
Kentucky,The Boeing Company,,,03/04/2013,,,Statewide | 561110
Kentucky,"Arch Coal, Inc. Knott County and Raven Complexes",,,,,,EKCEP | 322221
Kentucky,Caterpillar Global Minning LLC Caterpillar Global Mining Field Services LLC,,,02/09/2013,,,TENCO | 551114
Kentucky,"Johnson Controls Interior Mfg., US, LLC",,,02/04/2013,,,Greater Louisville | 326199
Kentucky,"Oxford Resource Partners - Kentucky, LLC",,,02/04/2013,,,Western Kentucky | 212111
Kentucky,"Oxford Resource Partners - Kentucky, LLC",,,02/04/2012,,,Western Kentucky | 212111
Kentucky,Masonite Corporation,,,12/14/2012-01/28/2013,,,Greater Louisville | 321911
Kentucky,"Patriot Coal Company, L.P.",,,12/31/2012-01/14/2013,,,Green River | 212111
Kentucky,Redwing Shoe Company,,,12/31/2012,,,Bluegrass | 316219
Kentucky,Stillhouse Mining LLC Mine No. 2 aka Perkins Branch Mine Mine No. 1,,,12/28/2012,,,EKCEP | 212111
Kentucky,"Brake Parts Inc., LLC",,,12/28/2012,,,Bluegrass | 336340
Kentucky,"Solae, LLC dba Dupont Soy Polymer",,,12/31/2012,,,Greater Louisville | 325520
Kentucky,Hostess Brands,,,,,,Statewide | 424490
Kentucky,Comair,,,,,,Northern Kentucky | 481111
Kentucky,Pemco World Air Services,,,10/31/2012,,,Northern Kentucky | 336413
Kentucky,"Arch Coal, Inc. Knott County and Raven Complexes",,,,,,EKCEP | 322221
Kentucky,Regional Elite Airline Services Blue Grass Airport,,,11/12/2012,,,Bluegrass | 633413
Kentucky,CSC,,,,,,Cumberlands | 561320
Kentucky,Lexmark International Inc.,,,10/31/2012-11/13/2012,,,Bluegrass | 333313
Kentucky,Joy Global,,,10/26/2012,,,Lincoln Trail | 333131
Kentucky,"Arch Coal, Inc. ICG Hazard, LLC Rowdy Gap Mine",,,08/31/2012-12/31/2012,,,EKCEP | 322221
Kentucky,"Arch Coal, Inc. Knott County and Raven Complexes",,,,,,EKCEP | 322221
Kentucky,"Arch Coal, Inc. Flint Ridge Complex",,,,,,EKCEP | 322221
Kentucky,"Trim Masters, Inc.",,,10/22/2012,,,Bluegrass | 423120
Kentucky,Comair,,,,,,Northern Kentucky | 481111
Kentucky,Pemco World Air Services,,,10/09/2012,,,Northern Kentucky | 336413
Kentucky,"Arch Coal, Inc. Knott County and Raven Complexes",,,,,,EKCEP | 322221
Kentucky,Comair,,,,,,Northern Kentucky | 481111
Kentucky,"MV Transportation, Inc.",,,09/30/2012,,,Greater Louisville | 485210
Kentucky,Kentucky Fuel Corp.,,,09/15/2012,,,EKCEP | 212111
Kentucky,Lipari Foods - IK LLC,,,09/15/2012,,,Statewide | 425120
Kentucky,Sapphire Coal Company - Advantage Mine Site,,,07/20/2012,,,EKCEP | 212111
Kentucky,"Xanodyne Pharmaceuticals, Inc.",,,08/20/2012-3/31/2013,,,Northern Kentucky | 424210
Kentucky,"Arch Coal, Inc. ICG Hazard, LLC Rowdy Gap Mine",,,08/20/2012-08/31/2012,,,EKCEP | 322221
Kentucky,Intertape Polymer Corporation,,,12/31/2012,,,Bluegrass | 322221
Kentucky,Emerson Power Transmission Solutions,,,8/15/2013-12/31/2013,,,TENCO | 332111
Kentucky,"Arch Coal, Inc. ICG Knott, LLC Knott County and Raven Complexes",,,08/20/2012-12/31/2013,,,EKCEP | 213113
Kentucky,"Arch Coal, Inc. ICG Hazard, LLC Flint Ridge Complex",,,08/20/2012-12/31/2013,,,EKCEP | 213113
Kentucky,"Arch Coal, Inc. ICG Hazard, LLC Rowdy Gap Mine",,,08/20/2012,,,EKCEP | 213113
Kentucky,"Arch Coal, Inc. Prestonsburg Office",,,08/20/2012,,,EKCEP | 213113
Kentucky,Sapphire Coal Company - Advantage Mine Site,,,06/16/2012-07/13/2012,,,EKCEP | 212111
Kentucky,First Data Technologies First Data Merchant Service,,,07/20/2012-12/31/2013,,,Greater Louisville | 522320
Kentucky,Joy Global,,,07/20/2012,,,Lincoln Trail | 333131
Kentucky,Alpha Natural Resources,,,08/07/2012,,,EKCEP | 212111
Kentucky,Long Fork Coap Company,,,08/07/2012,,,EKCEP | 212111
Kentucky,Multi Packaging Solutions,,,06/08/2012-06/29/2012,,,Greater Louisville | 323110
Kentucky,Sapphire Coal Company - Advantage Mine Site,,,06/20/2012,,,EKCEP | 212111
Kentucky,ASTAR Air Cargo,,,08/04/2012-08/18/2012,,,Northern Kentucky | 481112
Kentucky,Ferry-Morse Seed Company,,,05/18/2012-12/31/2012,,,Western Kentucky | 424910
Kentucky,"RG Steel, LLC Wheeling Corrugating",,,06/04/2012,,,Greater Louisville | 331221
Kentucky,"Wolverine Services, LLC",,,06/30/2012,,,Lincoln Trail | 561210
Kentucky,Lipari Foods,,,06/05/2012-07/15/2012,,,Statewide | 425120
Kentucky,Hostess Brands,,,,,,Cumberlands | 424490
Kentucky,Corrections Corporation of America Otter Creek Correctional Facility,,,07/01/2012-08/15/2012,,,EKCEP | 922140
Kentucky,US Foods,,,,,,Western Kentucky | 424410
Kentucky,Baker Hughes Incorporated,,,06/29/2012,,,EKCEP | 333132
Kentucky,Ohio County Coal Company & Bluegrass Office Grand Eagle Mining Preparation Plant,,,06/19/2012-07/03/2012,,,Green River | 212111
Kentucky,Ohio County Coal Company & Bluegrass Office Grand Eagle Mining Preparation Plant,,,06/19/2012-07/03/2012,,,Green River | 212111
Kentucky,AAR Precision Systems,,,06/19/2012,,,Lincoln Trail | 333500
Kentucky,Sapphire Coal Company - Advantage Mine Site,,,06/16/2012,,,EKCEP | 212111
Kentucky,"PPG Industries, Inc.",,,06/29/2012,,,Greater Louisville | 424950
Kentucky,Light House Home Products,,,03/30/2012-04/27/2012,,,Bluegrass | 453998
Kentucky,Multi Packaging Solutions,,,06/08/2012,,,Greater Louisville | 323110
Kentucky,"Xerox Commerical Services, LLC",,,06/04/2012,,,EKCEP | 423420
Kentucky,Tru Seal Technologies,,,05/01/2012,,,EKCEP | 444190
Kentucky,Oxford Resource Partners,,,04/05/2012,,,Western Kentucky | 212111
Kentucky,UPS SCS Hebron Building K Facility,,,03/14/2012,,,"Northern Kentucky | 493110, 541614"
Kentucky,"Sykes Enterprises, Incorporated",,,04/30/2012,,,Greater Louisville | 561422
Kentucky,"QuadGraphics, Incorporated",,,04/20/2012,,,BRADD
Kentucky,Tru Seal Technologies,,,05/07/2012,,,EKCEP | 332321
Kentucky,Xinergy Corporation - Straight Creek Mine Facility,,,02/16/2012,,,EKCEP | 213113
Kentucky,HK Logistics A Dematic Company HK Logistics Kentucky Sortation Center (KYSC),,,07/23/2012,,,Northern Kentucky | 333922
Kentucky,American Woodmark Corporation,,,04/30/2012,,,EKCEP | 337110
Kentucky,Stillhouse Mining LLC Mine No. 2 aka Perkins Branch Mine Mine No. 1,,,04/03/2012,,,EKCEP | 212111
Kentucky,"Alpha Natural Resources d/b/a Enterprise Mining Company, LLC",,,04/03/2012,,,EKCEP | 212111
Kentucky,CSC,,,03/22/2012,,,Cumberlands | 561320
Kentucky,UPS SCS Hebron Building K Facility,,,03/19/2012-04/01/2012,,,Northern Kentucky
Kentucky,Clarcor Air Filtration Products,,,03/12/2012-03/19/2012,,,Cumberlands | 333999
Kentucky,CSC,,,02/29/2012,,,EKCEP | 561320
Kentucky,American Woodmark Corporation,,,04/30/2012,,,EKCEP | 337110
Kentucky,"US Foods, Inc.",,,02/03/2012 - 07/13/2012,,,Western Kentucky
Kentucky,"LATA Evironmental Services of Kentucky, LLC",,,01/20/2012-06/30/2012,,,Western Kentucky | 562910
Kentucky,Berry Plastics Corporation,,,12/23/2011-01/31/2012,,,Western Kentucky | 326199
Kentucky,Leggett & Platt,,,12/19/2011,,,"Bluegrass | 331222, 332618"
Kentucky,Emerson Power Transmission Solutions,,,,,,TENCO | 332111
Kentucky,"Skyes Enterprises, Incorporated",,,10/31/2011,,,561422
Kentucky,"Flextronics Americas, LLC",,,,,,Greater Louisville | 334418
Kentucky,"Kentucky Easter Seal Society, Inc., dba Cardinal Hill Specialty Hospital",,,10/29/2011,,,Northern Kentucky | 623110
Kentucky,"Video Monitoring Services of America, LP",,,08/29/2011,,,Greater Louisville | 561621
Kentucky,Sykes Enterprises,,,10/01/2011-12/31/2011,,,EKCEP | 561422
Kentucky,CSC Applied Technology Group Contract Field Teams,,,08/31/2011,,,Western Kentucky
Kentucky,"Suiza Dairy Group, LLC d/b/a Louis Trauth Dairy",,,08/26/2011,,,Northern Kentucky
Kentucky,"Trim Masters, Inc.",,,08/26/2011,,,Bluegrass | 336399
Kentucky,"Flextronics Americas, LLC",,,08/31/2011,,,Statewide | 517911
Kentucky,Sykes Enterprises,,,07/31/2011,,,Green River | 561422
Kentucky,Kmart Store #4830,,,08/14/2011,,,Northern Kentucky | 452112
Kentucky,Dematic Corporation,,,05/20/2011-07/15/2011,,,Northern Kentucky | 33392
Kentucky,Sykes Enterprises,,,06/30/2011,,,Green River | 561422
Kentucky,"Skyes Enterprises, Incorporated",,,06/10/2011,,,Green River | 561422
Kentucky,First Data Technologies/First Data Merchant Service,,,05/02/2011-12/31/2011,,,Greater Louisville | 522320
Kentucky,Sumitomo Electric Wiring Systems Edmonton Plant 4,,,04/25/2011,,,Barren River | 336322
Kentucky,"LATA Evironmental Services of Kentucky, LLC",,,06/10/2011-09/30/2011,,,Western Kentucky | 562910
Kentucky,Sykes Enterprises,,,05/31/2011,,,Green River | 561422
Kentucky,Multi Packaging Solutions,,,04/26/2011,,,Greater Louisville | 323110
Kentucky,"Mahle Engine Components USA, Inc.",,,09/30/2011,,,Barren River | 336311
Kentucky,"Sykes Enterprises, Inc.",,,04/16/2011,,,Greater Louisville | 561422
Kentucky,Dematic Corporation,,,04/19/2011,,,Northern Kentucky | 33392
Kentucky,Hewlett-Packard,,,01/31/2011,,,Bluegrass
Kentucky,Fosbel Ceramic Technologies,,,04/01/2011,,,TENCO | 238140
Kentucky,AK Steel Corporation,,,02/28/2011,,,TENCO | 331111
Kentucky,Aegon Insurance Group,,,01/31/2011,,,Greater Louisville
Kentucky,"Martin-Brower, LLC",,,02/26/2011,,,Greater Louisville | 484122
Kentucky,CSC Applied Technology Group,,,01/29/2011,,,Western Kentucky
Kentucky,"Sumitomo Electric Wiring Systems, Inc.",,,01/14/2011-04/01/2011,,,Barren River
Kentucky,Philips Electronic North America Corp.,,,02/18/2011,,,Bluegrass | 336321
Kentucky,Teleservices Direct,,,12/31/2010,,,Barren River | 561422
Kentucky,Practice Therapeutics,,,12/31/2010,,,Lincoln Trail | 621492
Kentucky,"Sumitomo Electric Wiring Systems, Inc.",,,01/14/2011-04/01/2011,,,Barren River
Kentucky,"Jack Cooper Transport Co., Inc.",,,12/16/2010,,,Greater Louisville | 484230
Kentucky,"Xanodyne Pharmaceuticals, Inc.",,,11/21/2010-03/15/2011,,,Statewide | 424210
Kentucky,"Elan Home Systems, LLC",,,11/12/2010-05/15/2011,,,Bluegrass | 811211
Kentucky,United Coal Company dba Sapphire Coal Company,,,11/15/2010,,,EKCEP | 2121
Kentucky,Fortis Plastics,,,11/16/2010,,,Green River | 326199
Kentucky,PROCARENT,,,08/06/2010,,,Western Kentucky | 621910
Kentucky,ACS Government Solutions,,,09/06/2010,,,Statewide | 514513
Kentucky,National Tobacco Co.,,,09/17/2010,,,Greater Louisville | 312229
Kentucky,"Butler America, LLC",,,08/29/2013,,,Statewide | 811198
Kentucky,GE Energy Motors and Controls,,,10/30/2010,,,Green River | 333518
Kentucky,Red Wing Shoes,,,09/20/2010,,,Bluegrass | 316219
Kentucky,Overhead Door Corporation,,,07/02/2010-12/17/2010,,,Northern Kentucky | 332321
Kentucky,ABB,,,06/30/2010,,,Bluegrass | 334416
Kentucky,CSC,,,07/02/2010,,,Cumberlands | 928120
Kentucky,ACS Government Solutions,,,06/22/2010,,,Cumberlands Bluegrass | 514513
Kentucky,"Mitsuba Bardstown, Inc.",,,05/28/2010,,,"Lincoln Trail | 335312, 336399"
Kentucky,CSX Transportation,,,04/13/2010,,,TENCO | 551114
Kentucky,Biggs,,,,,,Northern Kentucky | 445110
Kentucky,Regional Elite Airline Services,,,05/18/2010,,,Northern Kentucky
Kentucky,Jackson Plastics,,,04/30/2010,,,Bluegrass | 326199
Kentucky,Sonoco Corrflex,,,03/29/2010,,,Northern Kentucky | 322211
Kentucky,TFE Logistics Group,,,04/01/2010,,,Northern Kentucky | 561320
Kentucky,"Patriot Industries, Inc.",,,02/03/2010-02/17/2010,,,Cumberlands | 314912
Kentucky,ArvinMeritor,,,04/01/2010,,,Northern Kentucky
Kentucky,Kuhlman Electric Corporation,,,05/31/2010,,,Bluegrass | 334416
Kentucky,Kuhlman Electric Corporation,,,05/03/2010,,,Bluegrass | 334416
Kentucky,"Verizon North, Inc.",,,03/27/2010-04/16/2010,,,Bluegrass | 517212
Kentucky,Modine Manufacturing Company,,,02/05/2010-03/12/2010,,,Bluegrass | 423730
Kentucky,Modine Manufacturing Company,,,01/08/2010,,,Bluegrass | 423730
Kentucky,ArvinMeritor,,,03/12/2010 - 04/15/2010,,,Northern Kentucky
Kentucky,ASTAR Air Cargo,,,03/06/2010-07/01/2010,,,Northern Kentucky | 481112
Kentucky,"Western Kentucky Navigation, Inc.",,,03/06/2010,,,Western Kentucky | 483211
Kentucky,FKI Logistex,,,01/01/2010-09/30/2010,,,Bluegrass | 333922
Kentucky,TRANE Climate Solutions,,,03/31/2010,,,Bluegrass | 333415
Kentucky,Carhartt,,,03/12/2010,,,Barren River
Kentucky,Carhartt,,,03/12/2010,,,Barren River
Kentucky,Exel,,,01/31/2010,,,Greater Louisville | 493111
Kentucky,ArvinMeritor,,,07/31/2009,,,Northern Kentucky | 3363
Kentucky,Red Wing Shoes,,,02/28/2010,,,Bluegrass | 316219
Kentucky,"CDG Management, LLC and Civic Development Group, LLC - Pikeville Call Center",,,11/22/2009,,,EKCEP | 561422
Kentucky,Modine Manufacturing Company,,,01/08/2010,,,Bluegrass | 423730
Kentucky,"Daramic, LLC",,,01/03/2010,,,GRADD | 325211
Kentucky,ArvinMeritor,,,12/31/2009,,,Northern Kentucky | 3363
Kentucky,National Tobacco,,,12/31/2009,,,Greater Louisville | 312229
Kentucky,GECOM Corporation,,,12/15/2009,,,Bluegrass | 332510
Kentucky,"Miller Bros. Coal, LLC",,,12/26/2009-01/08/2010,,,EKCEP | 212112
Kentucky,Kuhlman Elctric Corporation,,,06/01/2010,,,Bluegrass | 334416
Kentucky,Kuhlman Elctric Corporation,,,05/03/2010,,,Bluegrass | 334416
Kentucky,Kuhlman Elctric Corporation,,,04/01/2010,,,Bluegrass | 334416
Kentucky,Kuhlman Elctric Corporation,,,01/01/2010,,,Bluegrass | 334416
Kentucky,"Faurecia Automotive Seating, Inc. International Industrial Park",,,06/21/2010-07/04/2010,,,Northern Kentucky | 336360
Kentucky,GECOM Corporation,,,03/30/2009,,,Bluegrass | 332510
Kentucky,The HON Company,,,12/11/2009,,,Green River | 33721
Kentucky,Mestek Inc.,,,11/16/2009,,,Northern Kentucky | 332322
Kentucky,Kuhlman Elctric Corporation,,,04/01/2010,,,Bluegrass | 334416
Kentucky,Kuhlman Elctric Corporation,,,03/01/2010,,,Bluegrass | 334416
Kentucky,Kuhlman Elctric Corporation,,,01/18/2010,,,Bluegrass | 334416
Kentucky,Kuhlman Elctric Corporation,,,01/01/2010,,,Bluegrass | 334416
Kentucky,ArvinMeritor,,,07/31/2009,,,Northern Kentucky | 3363
Kentucky,ArvinMeritor,,,07/31/2009,,,Northern Kentucky | 3363
Kentucky,Progress Rail Raceland Corp.,,,11/20/2009,,,TENCO | 336510
Kentucky,ArvinMeritor,,,11/20/2009-11/27/2009,,,Northern Kentucky | 3363
Kentucky,Buckhorn Inc.,,,11/30/2009-12/14/2009,,,Greater Louisville
Kentucky,Kuhlman Elctric Corporation,,,01/01/2010,,,Bluegrass | 334416
Kentucky,Kuhlman Elctric Corporation,,,11/02/2009,,,Bluegrass | 334416
Kentucky,Kuhlman Elctric Corporation,,,11/02/2009,,,Bluegrass | 334416
Kentucky,ArvinMeritor,,,07/31/2009,,,Northern Kentucky | 3363
Kentucky,ArvinMeritor,,,07/31/2009-09/04/2009,,,Northern Kentucky | 3363
Kentucky,"Roller Coater, Inc.",,,10/09/2024,,,GRADD | 33261
Kentucky,"Hitachi Cable Indiana, Inc.",,,08/28/2009,,,Cumberlands
Kentucky,"Gardiner Point Innkeepers, Inc.",,,09/30/2009,,,Greater Louisville | 721110
Kentucky,Exel,,,09/30/2009,,,Northern Kentucky | 493111
Kentucky,Clarcor Air Filtration Products,,,08/14/2009-10/10/2009,,,Cumberlands | 333999
Kentucky,ArvinMeritor,,,10/02/2009,,,Northern Kentucky | 3363
Kentucky,ArvinMeritor,,,07/31/2009-09/04/2009,,,Northern Kentucky | 3363
Kentucky,Kuhlman Elctric Corporation,,,09/22/2009,,,Bluegrass | 334416
Kentucky,Kuhlman Elctric Corporation,,,09/07/2009,,,Bluegrass | 334416
Kentucky,National Tobacco,,,09/17/2009,,,Greater Louisville | 312229
Kentucky,ArvinMeritor,,,07/31/2009-09/04/2009,,,Northern Kentucky | 3363
Kentucky,ArvinMeritor,,,09/18/2009,,,Northern Kentucky | 3363
Kentucky,ArvinMeritor,,,09/11/2009,,,Northern Kentucky | 3363
Kentucky,ArvinMeritor,,,09/11/2009,,,Northern Kentucky | 3363
Kentucky,ArvinMeritor,,,05/15/2009,,,Northern Kentucky | 3363
Kentucky,Occidental Chemical Corporation (OxyChem),,,08/17/2009,,,Greater Louisville | 3261
Kentucky,ArvinMeritor,,,08/07/2009,,,Northern Kentucky | 3363
Kentucky,ArvinMeritor,,,08/07/2009,,,Northern Kentucky | 3363
Kentucky,Kuhlman Elctric Corporation,,,08/03/2009,,,Bluegrass | 334416
Kentucky,Martinrea International Inc.,,,07/31/2009,,,Greater Louisville | 336399
Kentucky,Komatsu Renam North America,,,09/30/2009,,,Bluegrass | 333120
Kentucky,"Appalachian Fuels, LLC",,,05/19/2009,,,TENCO | 213113
Kentucky,"Appalachian Fuels, LLC",,,05/19/2009,,,TENCO/EKCEP | 213113
Kentucky,ArvinMeritor,,,07/31/2009,,,Northern Kentucky | 3363
Kentucky,CDG Management,,,05/29/2009,,,West Kentucky | 561422
Kentucky,Carmeuse Lime and Stone,,,05/08/2009,,,Northern Kentucky | 212312
Kentucky,AK Steel Corporation,,,07/28/2009-08/11/2009,,,TENCO | 331111
Kentucky,Premier Elkhorn Coal Company,,,,,,EKCEP | 21211
Kentucky,"CONSOL of Kentucky, Inc.",,,07/01/2009,,,EKCEP | 212112
Kentucky,"Trace Die Cast, Inc.",,,05/11/2009,,,Barren River | 336399
Kentucky,Wintech,,,07/01/2009-09/14/2009,,,Bluegrass | 3261
Kentucky,"S-R of Kentucky, Inc.",,,05/25/2009-06/30/2009,,,Barren River
Kentucky,Toyota Boshoku,,,07/03/2009,,,Lincoln Trail | 551114
Kentucky,Trim Masters Incorporated,,,06/05/2009,,,Bluegrass | 336399
Kentucky,ACS Business Process Solutions',,,06/01/2009,,,Bluegrass | 541511
Kentucky,Betts USA,,,04/01/2009-09/30/2009,,,Northern Kentucky | 326199
Kentucky,"Noble International, LTD.",,,05/29/2009,,,Greater Louisville | 336399
Kentucky,"Sun Microsystems, Inc.",,,05/30/2009-06/13/2009,,,Greater Louisville | 334111
Kentucky,Ilevel by Weyerhaeuser,,,05/09/2024,,,EKCEP | 321113
Kentucky,Jones Plastics & Engineering,,,03/29/2009,,,Greater Louisville | 326199
Kentucky,Kuhlman Elctric Corporation,,,05/04/2009,,,Bluegrass | 541330
Kentucky,"Ainak, Inc.",,,05/31/2009-10/31/2009,,,Bluegrass | 326220
Kentucky,Ayrshire Electronics,,,05/01/2009,,,EKCEP | 339999
Kentucky,"Webasto Roof Systems, Inc.",,,04/20/2009-07/15/2009,,,West Kentucky
Kentucky,AGC,,,02/26/2009,,,Lincoln Trail | 327215
Kentucky,"Specialty Vehicle Acquasition Corporation, dba ASC, Inc.",,,02/05/2009,,,Bluegrass
Kentucky,SKF,,,03/31/2009,,,Barren River | 561990
Kentucky,Occidental Chemical Corporation (OxyChem),,,03/30/2009,,,Greater Louisville | 424690
Kentucky,GECOM Corporation,,,03/30/2009,,,Bluegrass
Kentucky,"JL French Automotive Casting, Inc.",,,01/30/2009-02/13/2009,,,Barren River | 331521
Kentucky,Circuit City,,,03/21/2009,,,Statewide | 443112
Kentucky,"Martinrea Heavy Stamping, Inc.",,,03/09/2009,,,Greater Louisville
Kentucky,Flextronics - Global Services,,,02/18/2009,,,Greater Louisville | 811213
Kentucky,Progress Rail Services,,,12/18/2008,,,TENCO
Kentucky,Martinrea Heavy Stamping,,,02/16/2009,,,Greater Louisville | 336399
Kentucky,DHL Express,,,01/23/2009,,,Northern Kentucky
Kentucky,"Sunspring America, Inc.",,,02/01/2009,,,Green River
Kentucky,Cintas (Perry Manufacturing),,,01/31/2009,,,EKCEP | 31525
Kentucky,Cintas,,,01/31/2009,,,TENCO | 31252
Kentucky,"Leggett & Platt, Incorporated",,,01/15/2009,,,Greater Louisville | 332510
Kentucky,"GSI Commerce Solutions, Inc.",,,01/17/2009-01/18/2009,,,Greater Louisville | 49311
Kentucky,"Holley Performance Products, Inc.",,,01/09/2009-01/23/2009,,,Barren River | 336322
Kentucky,"Holley Performance Products, Inc.",,,11/1/2008-12/31/2008,,,Barren River | 336322
Kentucky,Martinrea Heavy Stamping,,,01/05/2009,,,Greater Louisville | 336399
Kentucky,"GSI Commerce Solutions, Inc.",,,01/01/2009 - 01/03/2009,,,Greater Louisville | 454111
Kentucky,"Worthington Industries, Inc.",,,05/31/2009,,,Greater Louisville | 331111
Kentucky,Target,,,02/07/2008,,,Greater Louisville | 452111
Kentucky,Jones Plastics & Engineering,,,01/01/2009,,,Greater Louisville | 326199
Kentucky,Intertec,,,01/02/2009-05/01/2009,,,Lincoln Trail | 336399
Kentucky,Greif Corrugated Containers,,,12/27/2008,,,Greater Louisville | 322211
Kentucky,Stock Building Supply,,,12/25/2008,,,Greater Louisville | 444190
Kentucky,"Clayton Homes and CMH Manufacturing, Inc.",,,10/16/2008-12/14/2008,,,Lincoln Trail
Kentucky,American Standard,,,10/17/2008-10/31/2008,,,EKCEP
Kentucky,"Leggett & Platt, Incorporated",,,12/14/2008,,,Greater Louisville
Kentucky,IAP World Services,,,09/30/2008,,,Northern Kentucky | 561499
Kentucky,American Beverage Corporation,,,11/10/2008,,,Western Kentucky | 311421
Kentucky,"Johnson Controls, Inc.",,,07/27/2009,,,Western Kentucky | 331521
Kentucky,"Miartinrea Heavy Stamping, Inc.",,,11/10/2008,,,Greater Louisville | 336399
Kentucky,TFE Logistics Group,,,11/01/2008,,,Northern Kentucky | 561320
Kentucky,"CDG Management, LLC",,,10/26/2008,,,EKCEP
Kentucky,"Atlantis Plastics, Inc.",,,10/31/2008,,,Green River | 325211
Kentucky,"Atlantis Plastics, Inc.",,,10/31/2008,,,Green River | 326199
Kentucky,Martinrea,,,10/01/2008,,,Greater Louisville | 336399
Kentucky,Rayloc,,,10/13/2008-10/31/2008,,,Green River
Kentucky,American Standard Brands,,,10/01/2008-10/15/2008,,,EKCEP | 332913
Kentucky,Martinrea,,,10/01/2008,,,Greater Louisville
Kentucky,Walgreens OptionCare Home Care,,,10/06/2008-12/03/2008,,,Greater Louisville | 621610
Kentucky,Panasonic Motor Company,,,09/30/2008-03/31/2009,,,Bluegrass | 339999
Kentucky,"Dakkota Integrated Systems, LLC",,,07/14/2008-07/27/2008,,,Greater Louisville | 336399
Kentucky,Panasonic Motor Company,,,09/30/2008,,,Bluegrass | 339999
Kentucky,Dana Holding Corporation,,,07/21/2008,,,Lincoln Trail | 423120
Kentucky,Republic Airways Holdings,,,09/10/2008,,,Greater Louisville & Northern Kentucky | 481111
Kentucky,"Johnson Controls, Inc.",,,07/07/2008,,,Greater Louisville | 336399
Kentucky,"Dawahare's of Lexington, LLC",,,,,,Statewide | 44814
Kentucky,"Akebono Brake Springfield Plant (AMTEC Brake, LLC dba Akebone Brake)",,,08/31/2008,,,Lincoln Trail | 326299
Kentucky,RCS Transportation LLC,,,08/01/2008,,,Greater Louisville | 488210
Kentucky,"Allied Automotive Group (Allied Systems, LTD.)",,,08/25/2008,,,Greater Louisville | 4842
Kentucky,"Benson International, LLC",,,08/07/2008,,,West Kentucky | 336212
Kentucky,"Minnesota/Owensboro Executive Inn, LLC",,,06/09/2008,,,Green River
Kentucky,CA Gardiner Veneer,,,,,,Greater Louisville
Kentucky,The Home Depot,,,08/05/2008,,,Bluegrass | 444110
Kentucky,Fort Knox National Company,,,08/01/2008,,,Lincoln Trail | 522320
Kentucky,"D-J, Inc. dba Nypro Kentucky",,,07/28/2008-09/30/2008,,,Greater Louisville
Kentucky,Ford Motor Company Louisville Assembly Plant,,,07/21/2008,,,Greater Louisville | 336112
Kentucky,Home Depot,,,,,,Bluegrass | 444110
Kentucky,Lear Corporation,,,06/19/2008,,,Greater Louisville
Kentucky,Johnson Controls @ AK Steel,,,06/18/2008,,,TENCO | 331111
Kentucky,A.O. Smith,,,06/14/2008-06/28/2008,,,Barren River
Kentucky,Sumitomo Electric Wiring System,,,06/08/2024,,,Barren River | 334419
Kentucky,RCS Transportation LLC,,,05/31/2008,,,Greater Louisville | 488210
Kentucky,Novelis Corp.,,,06/08/2024,,,Greater Louisville | 331319
Kentucky,DANA,,,05/31/2008,,,Barren River | 336399
Kentucky,"Dillard's, Inc.",,,05/02/2008,,,Greater Louisville
Kentucky,"SkyWest Airlines, Inc.",,,06/08/2024,,,Bluegrass
Kentucky,The Apparel Group LTD,,,05/02/2008,,,Greater Louisville | 315223
Kentucky,Bendix,,,03/31/2008,,,Bluegrass | 336211
Kentucky,DuPont Performance Elastomer,,,12/31/2007-02/1/2008,,,Greater Louisville | 325998
Kentucky,"Senior Care, Inc. & Gateway at Norton Healthcare Pavillion",,,03/16/2008,,,Greater Louisville | 62139
Kentucky,"Dillard's, Inc.",,,03/16/2008,,,Bluegrass
Kentucky,"CDG Management, LLC",,,01/19/2008,,,Western Kentucky
Kentucky,"KMMC, LLC dba Vision No. 9 Mine",,,01/11/2008,,,Green River
Kentucky,MultiServ - A HARSCO Company,,,03/14/2008,,,Northern Kentucky | 327992
Kentucky,Jones Plastic & Engineering,,,11/18/2007-12/16/2007,,,Lincoln Trail | 326199
Kentucky,Bendix,,,01/18/2008,,,Bluegrass
Kentucky,"Caterpillar Logistics Services, Inc.",,,01/01/2008,,,Greater Louisville
Kentucky,"Nyloncraft, Inc.",,,12/23/2007-02/29/2008,,,Barren River
Kentucky,"ATS Light Alloy Wheels Kentucky, LLC",,,12/18/2007,,,Northern Kentucky
Kentucky,"Oarsman Sportswear Parent - Paramount Apparel International, Inc.",,,12/18/2007,,,Northern Kentucky
Kentucky,"Sun Microsystems, Inc.",,,11/26/2007-12/01/2007,,,Greater Louisville
Kentucky,Logan's Roadhouse,,,,,,Barren River
Kentucky,Transcraft Corporation,,,10/31/2007,,,TENCO
Kentucky,"Flynn Enterprises, LLC",,,10/01/2007,,,Western Kentucky
Kentucky,"TT Acquisition Company, LLC dba Clover Technologies Group",,,06/29/2007,,,Greater Louisville | 325910
Kentucky,D-J Inc.,,,12/31/2006,,,EKCEP | Perry | 3089
Kentucky,Macy's Central,,,03/21/2006,,,Green River | Daviess | 5311
Kentucky,Enterprise Management Services Corporation,,,03/31/2006,,,Greater Louisville | Jefferson | 7382
Kentucky,Central Parking Corporation,,,03/31/2006,,,Greater Louisville | Jefferson | 7521
Kentucky,Carhartt,,,03/31/2006,,,Green River | Webster
Kentucky,Carhartt,,,03/31/2006,,,Barren River | Barren
Kentucky,Carhartt,,,03/31/2006,,,TENCO | Rowan
Kentucky,D&K Healthcare,,,03/03/2006,,,Bluegrass | Fayette | 5122
Kentucky,Fruit of the Loom - Jamestown Sewing Department,,,01/27/2006,,,Cumberlands | Russell | 2254
Kentucky,Kellwood Company,,,02/10/2006,,,Barren River | Butler | 2339
Kentucky,Crane Plumbing,,,02/14/2005,,,Cumberlands | Pulaski | 3431
Kentucky,American National Rubber,,,02/05/2006,,,EKCEP | Lawrence | 3053
Kentucky,LeSportsac,,,01/30/2006,,,Cumberlands | McCreary | 3161
Kentucky,Michael's Cooperage Company of Kentucky,,,12/23/2005,,,Northern Kentucky | Boone | 3412
Kentucky,"Comair, Inc.",,,01/02/2006,,,Northern Kentucky | Kenton | 4512
Kentucky,Financial Service Solutions,,,,,,Greater Louisville | Jefferson | 7311
Kentucky,CDG Management Corbin call Center,,,,,,Cumberlands | Whitley | 7371
Kentucky,CDG Management Providence Call Center,,,,,,Barren River | Simpson | 7371
Kentucky,"Flynn Enterprises, Inc.",,,,,,Western KY | Muhlenberg | 2339
Kentucky,Saint Gobain Ceramics Corhart Refractories,,,,,,Greater Louisville | Jefferson | 3297
Kentucky,Shire US Inc.,,,,,,Northern KY | Campbell | 2834
Kentucky,Charter Communications Video Call Center,,,,,,Greater Louisville | Jefferson | 4899
Kentucky,"Nexans Magnet Wire USA, Inc.",,,,,,Greater Louisville | Oldham | 3496
Kentucky,"Flynn Enterprises, LLC (Allegre, Kentucky Plant Closing)",,,,,,Western KY | Todd | 2339
Kentucky,Crittenden Health Systems Crittenden County Convalescent Center,,,,,,Northern KY | Crittenden | 8051
Kentucky,Crittenden Health Systems Salem Springlake Care Center,,,,,,Western KY | Livingston | 8051
Kentucky,"Chelsea Industries, Inc.",,,,,,Western KY | Trigg | 3496
Kentucky,Pegasus Satellite Television,,,,,,Greater Louisville | Jefferson | 4841
Kentucky,L'Oreal USA,,,,,,Northern KY | Boone | 9999
Kentucky,The Federal Reserve Bank of St. Louis,,,,,,Greater Louisville | Jefferson | 6011
Kentucky,CS International Somerset Division,,,,,,Cumberlands | Pulaski | 2392
Kentucky,Star Fire Mining,,,,,,EKCEP | Perry | 1241
Kentucky,Continental Tire North America Incorporated Mayfield Plant,,,,,,Western KY | Graves | 5099
Kentucky,Brown & Williamson Tobacco Corporation,,,,,,Greater Louisville | Jefferson | 2111
Kentucky,Brown & Williamson Tobacco Corporation,,,,,,Nationwide | 2111
Kentucky,Brown & Williamson Tobacco Corporation Sales and Marketing Office,,,,,,Northern KY | Kenton | 2111
Kentucky,Brown & Williamson Tobacco Corporation Sales and Marketing Office,,,,,,Greater Louisville | Jefferson | 2111
Kentucky,Venture Industries Corp.,,,,,,Western KY | Christian | 3714
Kentucky,Robert Bosch Tool,,,,,,Lincoln Trail | Grayson | 3425
Kentucky,Walker Paducah Corp.,,,,,,Western KY | McCraken | 4492
Kentucky,Temple InLand Louisville West Box Plant,,,,,,Greater Louisville | Jefferson | 2653
Kentucky,Continental Tire North America,,,,,,Western KY | Graves | 5099
Kentucky,Winn Dixie Logistics,,,,,,Greater Louisville | Jefferson | 4226
Kentucky,American Bag,,,,,,McCreary | 3714
Kentucky,Michaels Stores Inc.,,,,,,Bluegrass | Fayette | 5099
Kentucky,"Dana Corporation Torque Traction Intergration Technologies, Inc.",,,,,,Northern KY | Grant | 3999
Kentucky,Osram Sylvania Lexington Distribution Center,,,,,,Bluegrass | Fayette | 5063
Kentucky,"Jockey International, Inc.",,,,,,Mason | 5999
Kentucky,"Auburn Hosiery Mills, Inc.",,,,,,Logan | 2251
Kentucky,Jockey International,,,,,,Nicholas | 5999
Kentucky,Jockey International,,,,,,Montgomery | 5999
Kentucky,Sears Roebuck and Company National Support and Inquiry Center,,,,,,Greater Louisville | Jefferson | 7389
Kentucky,Sanmina - SCI,,,,,,Bluegrass | Madison | 3999
Kentucky,"Mayfield Cap Company, Inc.",,,,,,Graves | 2353
Kentucky,"Sykes Enterprises, Inc.",,,,,,Pike | 7389
Kentucky,Bank of America,,,,,,Greater Louisville | Jefferson | 6162
Kentucky,Louisville/Saydah Home Fashions,,,,,,Henry | 2392
Kentucky,Sears Roebuck and Company Customer Network Center,,,,,,Greater Louisville | Jefferson | 7389
Kentucky,King Provision,,,,,,Greater Louisville | Jefferson | 5141
Kentucky,"WNA Hopple Plastics, Inc.",,,,,,Northern KY | Boone | 2295
Kentucky,Providian Financial Corporation,,,,,,Greater Louisville | Jefferson | 6141
Kentucky,Amerisourcebergen Corp. Louisville Distribution Center,,,,,,Greater Louisville | Jefferson | 4225
Kentucky,Humana Inc. and Humana Insurance Company Louisville Telemarketing Unit,,,,,,Greater Louisville | Jefferson | 6321
Kentucky,Hoover Wire Products A Legget & Platt Division,,,,,,Bluegrass | Scott | 2515
Kentucky,Plaid Clothing Company,,,,,,Northern KY | Kenton | 2329
Kentucky,Appalachian Regional Healthcare,,,01/07/2003,,,EKCEP
Kentucky,"Kentucky Electrical Steel, Inc.",,,12/29/2002-01/26/2003,,,TENCO | Boyd
Kentucky,International Paper Company,,,03/31/2003,,,Western Kentucky | Christian
Kentucky,"Collis, Inc. Subsidiary of SSW Holding Company",,,,,,Lincoln Trail | Hardin
Kentucky,"GE Financial Assurance Holdings, Inc.",,,,,,Greater Louisville | Jefferson
Kentucky,HMX Tailored (Plaid Cloth),,,,,,Cumberlands | Pulaski County
Kentucky,Tyco Electronics (AMP Inc.),,,,,,Bluegrass | Scott
Kentucky,Accuride Corporation,,,,,,Green River | Henderson
Kentucky,"Donaldson Company, Inc",,,,,,Bluegrass | Jessamine
Kentucky,Providian Financial Corporation,,,,,,Greater Louisville | Jefferson
Kentucky,Woodwork of Mid-America,,,,,,Barren River | Warren
Kentucky,Inoac Packaging Group,,,,,,Lincoln Trail | Grayson
Kentucky,Woodwork Mid-America,,,02/25/2002,,,"Barren River | Warren | 2431, 2434, 3993"
Kentucky,Inoac Packaging Group,,,10/01/2001,,,Lincoln Trail | Grayson | 3089
Kentucky,A.O. Smith Electrical Products Co.,,,,,,Barren River | Allen
Kentucky,A. O. Smith,,,02/04/2002,,,Barren River | Allen | 3621
Kentucky,Donnelly Corporation,,,,,,TENCO | Montgomery
Kentucky,Donnelly Corporation,,,01/03/2002-04/15/2002,,,TENCO | Montgomery | 3231
Kentucky,"Sumitomo Electric Wiring Systems, Inc.",,,,,,Barren River | Butler & Metcalfe
Kentucky,"Carlton Cards Retail, Inc.",,,,,,Greater Louisville | Shelby
Kentucky,"Sumitomo Electric Wiring Systems, Inc.",,,02/01/2002-09/01/2002,,,"Barren River | Warren, Butler, Metcalfe | 3679"
Kentucky,"BSC Acquisition Sub, LLC",,,01/26/2001,,,Greater Louisville | Jefferson | 2677
Kentucky,"BSC Acquisition Sub, LLC",,,01/26/2001,,,Greater Louisville | Jefferson
Kentucky,Carlton Cards - American Greetings,,,01/30/2002,,,Greater Louisville | Shelby | 2771
Kentucky,"Hayes Lemmerz International, Inc.",,,,,,Barren River | Warren | 3714
Kentucky,Health Associates of Kentucky Inc.,,,,,,Bluegrass | Fayette | 8099
Kentucky,OshKosh B' Gosh,,,,,,Bluegrass | Clinton | 2361
Kentucky,"Spherion Atlantic Enterprises, LLC",,,,,,Green River | Henderson | 7363
Kentucky,New World Pasta Company,,,,,,Greater Louisville | Jefferson | 2098
Kentucky,Hayes Lemmerz - Somerset,,,,,,Cumberlands | Pulaski | 3714
Kentucky,American Racing Equipment,,,,,,Gallatin | 3714
Kentucky,Spherion Atlantic,,,,,,Green River | Henderson
Kentucky,Dana Corporation - Elizabethtown,,,,,,Lincoln Trail | Hardin | 3714
Kentucky,Peabody Coal Company Camp No. 11 Mine,,,,,,Union | 1222
Kentucky,Whitehall Furniture,,,,,,Green River | Daviess | 2521
Kentucky,CPS Plus Mark - American Greetings,,,,,,Green River | Henderson | 2621
Kentucky,"KEY Industries, Inc.",,,,,,Barren River | Monroe | 2325
Kentucky,"Ca One Services, Inc. Covington/Cincinnati Airport",,,,,,Northern KY | Kenton | 5811
Kentucky,New World Pasta Company,,,,,,Greater Louisville | Jefferson | 2098
Kentucky,EAS Mine of Aero Energy,,,,,,EKCEP | Perry | 1222
Kentucky,Landis Gardner,,,,,,Northern KY | Boone | 3541
Kentucky,"Interlake Material Handling, Inc.",,,,,,"Greater Louisville | Bullitt, Jefferson | 3535"
Kentucky,Cingular Wireless,,,,,,Greater Louisville | Jefferson | 4812
Kentucky,"Collis, Inc.",,,,,,Lincoln Trail | Hardin | 3496
Kentucky,"Techno Trim, Inc.",,,,,,TENCO | Mason | 3714
Kentucky,American Greetings,,,08/20/2001-02/28/2002,,,"Cumberlands | Whitley, Knox"
Kentucky,American Greetings,,,08/20/2001-02/28/2002,,,Cumberlands
Kentucky,Waukesha Cherry-Burrell,,,,,,Greater Louisville | Jefferson | 3556
Kentucky,SPX/Marley Cooling Tower Co.,,,,,,Greater Louisville | Jefferson | 1711
Kentucky,Garan Manufacturing Corp.,,,,,,Hickman
Kentucky,"Comair, Inc.",,,,,,Northern KY | Kenton
Kentucky,Parker-Hannifin Corporation,,,,,,Northern KY | Madison
Kentucky,"Perm Cast Foundry, Subsidiary of Grede Foundries, Inc.",,,,,,Northern KY | Harrison | 3321
Kentucky,Brown and Williamson Tobacco,,,,,,Greater Louisville | Jefferson
Kentucky,CCL Container Corporation,,,,,,Northern KY | Carroll | 3499
Kentucky,Mattel Inc. Distribution Center,,,,,,Northern KY | Boone | 3944
Kentucky,American Greetings,,,,,,Cumberlands | Statewide
Kentucky,Mattel-Murray,,,,,,Western KY | Calloway
Kentucky,Newport Steel Corporation,,,,,,Northern KY | Campbell
Kentucky,"Quebecor World Metroweb, LP",,,,,,Northern KY | Kenton
Kentucky,Alcoa Automotive Castings,,,03/01/2024,,,
Kentucky,Ingersoll-Rand Company,,,,,,Western KY | Graves
Kentucky,Supervalu Distribution Center,,,,,,"Western KY | Muhlenberg, Hopkins | 5141"
Kentucky,Washington Mutual,,,,,,Greater Louisville | Jefferson
Kentucky,CMS Hartzell,,,,,,Bluegrass | Madison
Kentucky,Darwin Networks,,,,,,Greater Louisville | Jefferson | 5734
Kentucky,Department of the Army Headquarters,,,,,,"Meade, Hardin, Bullitt"
Kentucky,"Lexmark International, Inc.",,,,,,Bluegrass | Fayette
Kentucky,"ATC Distribution Group, Inc.",,,,,,Greater Louisville | Jefferson | 3714
Kentucky,"Hill's Pet Nutrition, Inc.",,,,,,Barren River | Warren | 2047
Kentucky,Intertec Systems,,,,,,Lincoln Trail | Nelson | 3714
Kentucky,"Fatbrain.com, LLC",,,,,,Northern KY | Kenton | 2731
Kentucky,Createc Corporation,,,,,,Bluegrass | Mercer
Kentucky,"ShopKo Stores, Inc.",,,,,,Western KY | McCracken | 5311
Kentucky,Heilig-Meyers Mt. Sterling Distribution Center,,,,,,TENCO | Montgomery | 5311
Kentucky,"Donaldson Company, Inc.",,,,,,Greater Louisville | Jefferson | 3564
Kentucky,"Kerry, Inc.",,,,,,Lincoln Trail | Washington | 2023
Kentucky,JC Penny Store,,,,,,Campbell
Kentucky,"Collis, Inc.",,,,,,Lincoln Trail | Hardin
Kentucky,"V.F. Workwear, Inc. Russellville, KY Facility",,,,,,Cumberlands | Logan | 7389
Kentucky,"Montgomory Ward Harrodsburg Park, Lexington, KY Facility",,,,,,Bluegrass | Fayette
Kentucky,"Baskin Robbins Owensboro, KY - Facility",,,,,,Green River | Daviess | 2024
Kentucky,OshKosh B' Gosh,,,,,,Cumberlands | Casey | 2361
Kentucky,Accuride,,,02/02/2001,,,Green River | Henderson
Kentucky,Hewlett-Packard (VeriFone),,,,,,Greater Louisville | Jefferson
Kentucky,"VF Workwear, Inc. (VF Imagewear)",,,,,,Logan
Kentucky,The Earthgrains Company,,,,,,Greater Louisville | Jefferson
Kentucky,Stearns Technical Textiles Co.,,,,,,Laurel
Kentucky,Darwin Networks,,,,,,Greater Louisville | Jefferson
Kentucky,"Arch Chemicals, Inc.",,,,,,Meade
Kentucky,Parker Chapin LLP (Burruss Co.),,,,,,Wayne
Kentucky,American Greetings,,,,,,Kenton
Kentucky,WaxWorks Video Works,,,,,,Daviess
Kentucky,Kentucky/West Virginia Gas,,,,,,Floyd
Kentucky,"United Plastics Group, Inc.",,,,,,Graves
Kentucky,Matsushita Home Appliance Co.,,,,,,Bluegrass | Boyle
Kentucky,AFL Truck & Industrial Group,,,,,,Shelby
Kentucky,Perry County Coal Corporation,,,,,,Perry & Leslie
Kentucky,Grocery Supply Co. of Paducah,,,,,,McCracken
Kentucky,Peabody Coal Company,,,,,,Union
Kentucky,Dana - Spicer Heavy Axle & Brake,,,,,,Barren River | Barren
Kentucky,Bird Vinyl Products,,,,,,Lincoln Trail | Nelson
Kentucky,Kmart Corporation,,,,,,Taylor
Kentucky,CSX Transportation,,,,,,Greenup
Kentucky,Genlyte Thomas,,,,,,Western Kentucky | Christian
Kentucky,APAC Customer Services,,,,,,Northern Kentucky | Kenton
Kentucky,"Dillard's, Inc.",,,,,,Greater Louisville | Jefferson
Kentucky,"Circuit City Stores, Inc.",,,,,,Jefferson
Kentucky,Fontaine Trailer Company,,,,,,Caldwell
Kentucky,Heckett MultiServ,,,,,,Boyd
Kentucky,United States Enrichment Corp.,,,,,,McCracken
Kentucky,Johns Manville Corp.,,,,,,Boone
Kentucky,Clark Material Handling Co.,,,,,,Fayette
Kentucky,"Crothall Healthcare, Inc.",,,,,,Jefferson
Kentucky,"Gibson Greetings, Inc.",,,,,,Kenton
Kentucky,Celestica Corporation,,,,,,Wolfe
Kentucky,Green River Steel,,,,,,Daviess
Kentucky,Landstar,,,,,,Hopkins
Kentucky,"Parsons Telecom, Inc.",,,,,,Statewide
Kentucky,"Star-Kist Foods, Inc.",,,,,,Campbell
Kentucky,Fruit of the Loom,,,,,,Franklin
Kentucky,"Conco, Inc.",,,,,,Jefferson
Kentucky,US Airways Louisville,,,,,,Jefferson
Kentucky,Wallace,,,,,,Marion
Kentucky,US Airways Lexington,,,,,,Fayette
Kentucky,Tyco Electronics Corporation,,,,,,Crittenden
Kentucky,Genicom Corporation,,,,,,Jefferson
Kentucky,United States Enrichment Corp.,,,,,,McCracken
Kentucky,Qwik Tool & Manufacturing Co.,,,,,,Fayette
Kentucky,"Millstone Coffee, Inc.",,,,,,Henderson
Kentucky,Clarion Manufacturing Corporation,,,,,,Boone
Kentucky,ABTCO,,,,,,Christian
Kentucky,Tecumseh Products Company,,,,,,Pulaski
Kentucky,"MHI Machine Tool U.S.A., Inc.",,,,,,Christian
Kentucky,CertainTeed Corporation,,,,,,Hardin
Kentucky,Philip Morris,,,,,,Jefferson
Kentucky,"Ardco, Inc.",,,,,,Todd
Kentucky,"Collis, Incl.",,,,,,Hardin
Kentucky,Phelps Dodge,,,,,,Christian
Kentucky,ILSCO,,,,,,Montgomery
Kentucky,"Moen, Hoov-R-Line",,,,,,Webster
Kentucky,Samuels,,,,,,Fayette
Kentucky,Jockey International Inc.,,,,,,Nicholas
Kentucky,Tecumseh Products Co.,,,,,,Pulaski
Kentucky,White Swan Meta,,,,,,Hopkins
Kentucky,Levi Strauss & Co.,,,,,,Boone
Kentucky,Bird Vinyl Products - rescinded,,,,,,Nelson
Kentucky,Pike County Coal Corp.,,,,,,Pike
Kentucky,Ikerd-Bandy Co./CC Coal Co.,,,,,,Bell
Kentucky,"Hechinger Inv. Company, Inc.",,,,,,Jefferson/Boone
Kentucky,"Kentucky Apparel, LLP",,,,,,Warren
Kentucky,"Kentucky Apparel, LLP",,,,,,Monroe
Kentucky,Accuride Corp.,,,,,,Henderson
Kentucky,IXC Communications,,,,,,Jefferson
Kentucky,"Addington Mining, Inc.",,,,,,Breathitt
Kentucky,Island Creek Coal Company,,,,,,Union
Kentucky,CompuCom Systems,,,,,,Kenton
Kentucky,Nine West (Vanceburg and Hebron),,,,,,Lewis/Boone
Kentucky,"Kentucky Sportsservice, Inc.",,,,,,Jefferson
Kentucky,"Preston Trucking Co., Inc.","Lexington, Louisville",,,,,
Kentucky,Copeland Mine and Haz4West Mine,,,,,,Leslie
Kentucky,Field Packing Co.,,,,,,Daviess
Kentucky,Hechinger Co.,,,,,,Jefferson
Kentucky,"Moen, Inc.",,,,,,Webster
Kentucky,SuperValu,,,,,,Muhlenberg
Kentucky,United Magazine Company,,,,,,Adair/Jefferson
Kentucky,Union Underwear Co.,,,,,,Taylor
Kentucky,Green River Steel,,,,,,Daviess
Kentucky,"Equitable Bag Co., Inc.",,,,,,Boone
Kentucky,Brake Parts,,,,,,Boone/Kenton
Kentucky,Batesville Casket Company,,,,,,Taylor
Kentucky,"TechnoTrim, Inc.",,,,,,Barren
Kentucky,Genlyte Thomas,,,,,,Christian
Kentucky,The J. Peterman Company,,,,,,Fayette
Kentucky,"The Apparel Group, Ltd.",,,,,,Jefferson
Kentucky,Intertec Systems,,,,,,Nelson
Kentucky,Cooper Bussmann,,,,,,Hardin
Kentucky,Paducah Gaseous Diffusion Plant,,,,,,McCraken
Kentucky,Trinity Fitting & Flange Group,,,,,,Harrison
Kentucky,Taylor Farms,Louisville,,,,,Jefferson
Kentucky,Kentucky Apparel/Gamaliel,,,,,,Monroe
Kentucky,Matsushita,,,,,,Clark
Kentucky,Union Underwear/Jamestown,,,,,,Russell
Kentucky,Mountain Coals Corporation Star Fire Mine Buckhorn Processing Plant,,,,,,Perry
Kentucky,"Kentucky Apparel, L.L.P.",,,,,,Warren
Kentucky,Armour Rood Ingredients Co.,Springfield,,,,,
Kentucky,National-Standard Company,Corbin,,,,,Knox
Kentucky,Red Kap Industries,Tompkinsville,,,,,Monroe
Kentucky,"Bizwill, Inc. (Martiki Coal)",,,,,,Martin
Kentucky,"Nine West Group, Inc.",Vanceburg,,,,,
Kentucky,"Harley Hotels, Inc.",Lexington,,,,,Fayette
Kentucky,Kentucky Apparel Summer Shade Plant Fountain Run Plant,,,,,,"Metcalfe, Monroe"
Kentucky,OshKosh B'Gosh,Liberty,,,,,Casey
Kentucky,Gamble Brothers (Burruss Co.),Louisville,,,,,
Kentucky,PIMA,Louisville,,,,,Jefferson
Kentucky,Tecumseh Products,Somerset,,,,,Pilaski
Kentucky,Speedway SuperAmerica LLC (SSA) and Ashland INC,Ashland,,,,,Boyd
Kentucky,Commonwealth General Corp..,Louisville,,,,,Jefferson
Louisiana,Mosaic Company,"Uncle Sam, Convent, Faustina, St. James",,10/30/2026,,,Agricultural Chemical Manufacturing
Louisiana,United Parcel Service,New Orleans,,10/01/2026,,,Couriers and Express Delivery Services
Louisiana,C2 Technologies,"McLean, VA",,03/06/2026,,,Consulting
Louisiana,C&S Wholesale Services LLC,Hammond,,04/18/2026,,,Manufacturing
Louisiana,Republic National Distributing Co,New Orleans,,06/21/2026,,,All Other Misc. Food Manufacturing
Louisiana,Republic National Distributing Co,Lafayette,,06/21/2026,,,All Other Misc. Food Manufacturing
Louisiana,Hydro Extrusion USA LLC,Delhi,,03/31/2027,,,Manufacturing - Other Fabricated Metal Products
Louisiana,"Conduent Commercial Solutions, LLC","Florham Park, NJ",,08/28/2026,,,Business Support Services
Louisiana,Einstein Charter Schools,New Orleans,,05/30/2026,,,Education
Louisiana,Stockhausen Superabsorber LLC,Garyville,,04/03/2026,,,Chemical Manufacturing
Louisiana,Denka Performance Elastomer LLC,LaPlace,,04/01/2026,,,Chemical Manufacturing
Louisiana,McGlinchey Stafford PLLC,New Orleans,,03/16/2026,,,Legal Services
Louisiana,Westlake Corporation,Lake Charles,,12/14/2026,,,Petrochemical Manufacturing
Louisiana,"Premier Health Consultants, LLC (Premier Health Urgent Care)",,,12/31/2025,,,Healthcare / Urgent Care Services
Louisiana,"SafeSource Direct, L.L.C. – MMF PPE Manufacturing Facility",,,10/21/2025,,,PPE Manufacturing (Man-Made Fiber)
Louisiana,"SafeSource Direct, L.L.C. – MMF Facility (Second WARN)",,,11/25/2025,,,PPE Manufacturing (Man-Made Fiber)
Louisiana,"SafeSource Direct, L.L.C. – Nitrile Plant Facility",,,10/21/2025,,,PPE / Chemical Manufacturing
Louisiana,Ensco Offshore LLC – DS-18 Drilling Rig,,,02/10/2026,,,Offshore Oil & Gas Drilling
Louisiana,"The Service Companies, Inc. (Full Service Systems Corp.) – Horseshoe",Bossier City,,02/01/2026,,,Hospitality / Facilities Services
Louisiana,General Dynamics Information Technology (GDIT),,,11/14/2025,,,IT Services / Federal Contracting
Louisiana,"SafeSource Direct, LLC",Broussard,,10/21/2025,,,Manufacturing
Louisiana,Smitty's Supply Inc,Roseland,,08/22/2025,,,Manufacturing
Louisiana,PosiGen Developer LLC,St. Rose,,08/25/2025,,,Renewable Energy
Louisiana,UPS (rescinded 09/05/2025),New Orleans,,09/08/2025,,,Transportation and Logistics
Louisiana,Albertsons Baton Rouge #0709,Baton Rouge,,08/16/2025,,,Food and Beverage
Louisiana,Roux 61,Baton Rouge,,05/31/2025,,,Food and Beverage
Louisiana,Sodexo,New Orleans,,07/14/2025,,,Food and Beverage
Louisiana,Syncom Space Services,New Orleans,,06/30/2025,,,Manufacturing
Louisiana,Cornerstone Chemical Company,Waggaman,,07/31/2025-12/31/2025,,,Petrochemical Manufacturing
Louisiana,Federal Express Corporation (BTRA Facility),Baton Rouge,,06/30/2025,,,Couriers and Express Delivery Services
Louisiana,"IDEA Southern Louisiana (IDEA Innovation, IDEA Bridge)",Baton Rouge,,05/24/2025,,,Education
Louisiana,Southern Glazer's Wine and Spirits of Louisiana,Lafayette,,05/16/2025,,,Sales and Distribution
Louisiana,General Dynamics Information Technology,New Orleans,,05/14/2025,,,Information Technology
Louisiana,Boeing Company,New Orleans,,04/18/2025,,,Manufacturing
Louisiana,International Paper Company,Campti,,04/13/2025,,,Manufacturing
Louisiana,Dr. Eddy’s Laboratories,Shreveport,,03/14/2025,,,Manufacturing
Louisiana,Brown Eagle Contractors,St. Gabriel,,01/16/2025,,,Service
Louisiana,Kaleo,"Richmond, VA",,11/30/2024,,,Retail Sales - Medical
Louisiana,"Lost Boys Interactive, LLC",Remote,,09/09/2024,,,Software Publisher/Video Game Developer
Louisiana,Young Williams,Bossier City,,10/31/2024,,,Call Center - Telemarketing Bureaus and Other Contact Centers
Louisiana,"Sodexo, Inc and Affiliates - St. Francis ES",Monroe,,09/30/2024,,,Facilities Management
Louisiana,Amentum,New Orleans,,09/02/2024,,,Other Support Activities/Air Transportation
Louisiana,First Guaranty Bank,Hammond,,09/20/2024,,,Banking and Financial Institutions
Louisiana,Flowers Baking Co,Baton Rouge,,09/16/2024,,,Manufacturing
Louisiana,Plymouth Tube Company USA,West Monroe,,09/20/2024,,,Manufacturing – Other Fabricated Metal Products
Louisiana,Winn Dixie Store No. 1411,Metairie,,07/07/2024,,,Retail-Supermarkets & Grocery Stores
Louisiana,Diamond Offshore West Vela Rig,Houma,,8/5/2024-9/15/2024,,,Oil & Gas
Louisiana,WellPath - Orleans Justice Center,New Orleans,,05/31/2024-06/14/2024,,,Healthcare
Louisiana,Restorix,Metairie,,06/28/2024,,,Healthcare
Louisiana,The Boeing Company,New Orleans,,06/28/2024,,,Aerospace Manufacturer
Louisiana,Franciscan Missionaries of Our Lady,Baton Rouge,,06/30/2024,,,Healthcare
Louisiana,Savista@Lane Regional,Zachary,,07/01/2024,,,Healthcare Support Services
Louisiana,"Sodexo, Inc. and Affiliates Tulane University",New Orleans,,06/30/2024,,,Restaurant/Cafeteria
Louisiana,ABM Healthcare Support SVS Inc.,Shreveport,,05/02/2024,,,Environmental/Janitorial Services
Louisiana,ADT Solar,Mandeville,,2/23/2024-12/31/2024,,,Contractor/Special Trade Contractor
Louisiana,American Queen Steamboat Operating Company LLC,New Orleans,,2/23/2024-12/31/2024,,,"Travel, Recreation, & Leisure (Cruise Line)"
Louisiana,Diamond Offshore Auriga Rig,Houma,,3/1/2024-4/30/2024,,,Oil & Gas
Louisiana,"Lost Boys Interactive, LLC","Madison, WI",,03/15/2024,,,Video Game Developer
Louisiana,ABM Healthcare Support SVS Inc. *Update*,"Jefferson, Algiers, Belle Chase, Kenner, Metairie, New Orleans, Lacomb",,01/31/2024,,,Food Services
Louisiana,ABM Healthcare Support SVS Inc.,"Shreveport, Monroe",,01/31/2024,,,Food Services
Louisiana,GEO Secure Services LLC ICE Processing Center,Pine Prairie,,01/02/2024,,,Facility Support Services/Immigrations and Customs Support
Louisiana,Ingevity Corporation,DeRidder,,2/5/2024-12/31/2025,,,Chemical Plant
Louisiana,Teijin Automotive Technologies *Update*,Sarepta,,10/16/2023,,,Automotive Technology Mfg.
Louisiana,Teijin Automotive Technologies *Update*,Sarepta,,10/02/2023,,,Automotive Technology Mfg.
Louisiana,Teijin Automotive Technologies,Sarepta,,09/19/2023,,,Automotive Technology Mfg.
Louisiana,Teijin Automotive Technologies,Sarepta,,09/21/2023,,,Automotive Technology Mfg.
Louisiana,Aramark Services Inc @ Christus Highland Medical Center,Shreveport,,10/31/2023,,,Food Services
Louisiana,Aramark Services Inc @ Christus St. Patrick Hospital,Lake Charles,,10/31/2023,,,Food Services
Louisiana,Aramark Services Inc @ Christus St. Frances Cabrini,Alexandria,,10/31/2023,,,Food Services
Louisiana,Custom Printed Products,Bossier City,,10/06/2023,,,Printing
Louisiana,Ardagh Glass Inc,Simsboro,,07/17/2023,,,Glass Industry
Louisiana,Ampacet Corporation,DeRidder,,08/21/2023,,,Plastic Fabrication
Louisiana,Coastal Cargo Company,New Orleans,,07/07/2023,,,Unload Ships at the Port of New Orleans
Louisiana,Amentum/NAS JRB,New Orleans,,07/30/2023,,,Aviation Support Equipment Maintenance
Louisiana,AMETEK/Orion Instruments,Baton Rouge,,09/15/2023,,,Manufacture innovative level controls for process industries
Louisiana,AMETEK/Orion Instruments,Baton Rouge,,11/15/2023,,,Manufacture innovative level controls for process industries
Louisiana,AMETEK/Orion Instruments,Baton Rouge,,12/15/2023,,,Manufacture innovative level controls for process industries
Louisiana,Morrison Healthcare,Baton Rouge,,03/31/2023,,,Food Services
Louisiana,Magnit Corporation,Baton Rouge,,04/29/2023,,,Business Support Services
Louisiana,"Chipper - Critical Ideas, Inc.",CA,,02/17/2023,,,Software Development
Louisiana,"BCH, Inc. dba Wellness Work",Lafayette,,05/11/2023,,,Healthcare
Louisiana,"ASAP, Inc.",Lafayette,,01/10/2023,,,Delivery Services
Louisiana,Prime Time Inc. (Head Start),Ouachita Parish,,11/30/2022,,,Child Care Services
Louisiana,QuarterNorth Energy,Lafayette,,11/30/2022,,,Oil & Gas
Louisiana,Amentum,New Orleans,,10/15/2022,,,Support Services
Louisiana,City Park Improvement Association,New Orleans,,10/31/2022,,,Local Government
Louisiana,Odle Management Group,New Orleans,,08/31/2022,,,Vocational Rehabilitation Services
Louisiana,Utz Quality Foods,Gramercy,,05/20/2022,,,Healthcare
Louisiana,Baton Rouge International School,Baton Rouge,,07/31/2022,,,Education
Louisiana,Crothall Healthcare,Kenner,,06/07/2022,,,Janitorial Services
Louisiana,Morrison Healthcare Food Services,Monroe,,05/31/2022,,,Food Service Contractors
Louisiana,"Ready Responders, Inc",New Orleans,,02/18/2022,,,Healthcare
Louisiana,Watsonville Community Hospital,Watsonville,,01/28/2022,,,Hospital
Louisiana,Phillips 66 Company - Alliance Refinery,Belle Chasse,,01/07/2022,,,Petroleum Refineries
Louisiana,Odle Management Group,New Orleans,,12/25/2021,,,Vocational Rehabilitation Services
Louisiana,Cleco Dolet Hills Power Station,Mansfield,,12/31/2021,,,Utilities
Louisiana,Maison DeVille Nursing Home in Houma,Houma,,09/10/2021,,,Nursing Care Facilities
Louisiana,Maison DeVille Nursing Home in Harvey,Harvey,,09/10/2021,,,Nursing Care Facilities
Louisiana,St. Elizabeth's Caring,Harvey,,09/10/2021,,,Nursing Care Facilities
Louisiana,Park Place Healthcare,Gretna,,09/10/2021,,,Nursing Care Facilities
Louisiana,River Palms Nursing and Rehab,New Orleans,,09/10/2021,,,Nursing Care Facilities
Louisiana,Maison Orleans Health Care Center,New Orleans,,09/10/2021,,,Nursing Care Facilities
Louisiana,South Lafourche Nursing and Rehab,Cut Off,,09/10/2021,,,Nursing Care Facilities
Louisiana,Stupp Corp,Baton Rouge,,11/06/2021,,,Manufacturing
Louisiana,Railserve,Hahnville,,11/01/2021,,,Support Activities for Rail Transportation
Louisiana,Centerra Group LLC,"Plaquemine, New Orleans, Hackberry",,07/31/2021,,,Security Services
Louisiana,Lawrence D. Crocker College Prep,New Orleans,,05/28/2021,,,Education
Louisiana,Arcosa Marine Products,Madisonville,,05/04/2021,,,Manufacturing
Louisiana,University View Academy at Tallulah Charter School,Tallulah,,06/09/2021,,,Education
Louisiana,Shell Convent Refinery,Convent,,03/01/2021,,,Petroleum Refineries
Louisiana,Libbey Inc.,Shreveport,,12/31/2020,,,Manufacturing
Louisiana,Isle of Capri Casino,Westlake,,02/01/2021,,,Casino
Louisiana,Bristow U.S. LLC,Galliano,,01/17/2021,,,Nonscheduled Air Transportation
Louisiana,Bristow U.S. LLC,New Iberia,,01/17/2021,,,Nonscheduled Air Transportation
Louisiana,Community Development Institute Head Start,St. Martinville,,12/31/2020,,,Child Day Care Services
Louisiana,Sodexo - Nicholls State,Thibodaux,,03/17/2020,,,Support Services
Louisiana,Aviation Exteriors Louisiana,New Iberia,,11/06/2020,,,Support Activities for Air Transportation
Louisiana,Oceans Behavioral Hospital,Lake Charles,,10/05/2020,,,Healthcare
Louisiana,Calcasieu Refining Company,Lake Charles,,12/01/2020,,,Petroleum Refineries
Louisiana,Omni Riverfront Hotel,New Orleans,,03/30/2020,,,Hospitality
Louisiana,Lake Charles Memorial Health System,Lake Charles,,09/28/2020,,,Healthcare
Louisiana,Calcasieu Refining Company,Lakes,,09/28/2020,,,Petroleum Refineries
Louisiana,Menzies Aviation - MSY,Kenner,,11/23/2020,,,Scheduled Air Transportation
Louisiana,Audubon Nature Institute,New Orleans,,09/24/2020,,,Zoos and Botanical Gardens
Louisiana,ABM Inc,Kenner,,10/04/2020,,,Support Services
Louisiana,Freeman Audio Visual,New Orleans,,09/23/2020,,,Support Services
Louisiana,Freeman Expositions,New Orleans,,09/23/2020,,,Support Services
Louisiana,The Freeman Company,New Orleans,,09/23/2020,,,Support Services
Louisiana,P.F. Chang's China Bistro,Metairie,,03/17/2020,,,Hospitality
Louisiana,P.F. Chang's China Bistro,Baton Rouge,,03/17/2020,,,Hospitality
Louisiana,Omni Royal Orleans,New Orleans,,03/19/2020,,,Hospitality
Louisiana,Royal Sonesta New Orleans,New Orleans,,11/10/2020,,,Hospitality
Louisiana,Pat O'Brien's,New Orleans,,09/30/2020,,,Hospitality
Louisiana,Emeril's Restaurant,New Orleans,,03/17/2020,,,Hospitality
Louisiana,Dave & Buster's,New Orleans,,11/08/2020,,,Entertainment
Louisiana,Sheraton Hotel,New Orleans,,11/06/2020,,,Hospitality
Louisiana,Ace Hotel New Orleans,New Orleans,,09/15/2020,,,Hospitality
Louisiana,Live Nation Entertainment,New Orleans,,04/24/2020,,,Entertainment
Louisiana,"Avis Budget Group BTR, MSY, LFT, LCH",Multiple,,04/01/2020,,,Rental Services
Louisiana,H.N. Fernandez Inc.,New Orleans,,03/16/2020,,,Hospitality
Louisiana,Stupp Coatings,Baton Rouge,,10/01/2020,,,Manufacturing
Louisiana,Stupp Corporation,Baton Rouge,,10/24/2020,,,Manufacturing
Louisiana,Stellar HLL MSY Venture,Elmwood,,10/15/2020,,,Retail
Louisiana,Arcosa Marine Products,Madisonville,,10/13/2020,,,Manufacturing
Louisiana,HMS Host,Kenner,,10/16/2020,,,Hospitality
Louisiana,Hotel Monteleone,New Orleans,,10/25/2020,,,Hospitality
Louisiana,Hyatt Regency,New Orleans,,03/22/2020,,,Hospitality
Louisiana,The Roosevelt Hotel,New Orleans,,03/22/2020,,,Hospitality
Louisiana,Hilton New Orleans Riverside,New Orleans,,03/23/2020,,,Hospitality
Louisiana,Wyndham Vacation Ownership,New Orleans,,07/03/2020,,,Hospitality
Louisiana,Transdev Inc.,New Orleans,,09/28/2020,,,Transportation
Louisiana,Commander's Palace,New Orleans,,03/17/2020,,,Hospitality
Louisiana,American Queen Steamboat Company,New Albany,,09/24/2020,,,Hospitality/Tourism
Louisiana,Arnaud's/Remoulades,New Orleans,,03/17/2020,,,Hospitality
Louisiana,BJ Services,Shreveport,,08/02/2020,,,Oil & Gas
Louisiana,Archdiocese of New Orleans,New Orleans,,09/15/2020,,,Religious Organization
Louisiana,Hilton Capital Center,Baton Rouge,,09/20/2020,,,Hospitality
Louisiana,Boomtown New Orleans,Harvey,,09/15/2020,,,Casino
Louisiana,Sodexo - UNO,New Orleans,,08/31/2020,,,Support Services
Louisiana,United Airlines - MSY,Kenner,,10/01/2020,,,Airline
Louisiana,Delaware North Companies,Kenner,,03/17/2020,,,Hospitality
Louisiana,Hilton Shreveport,Shreveport,,06/05/2020,,,Hospitality
Louisiana,Cypress Bayou Casino Hotel,Charenton,,07/01/2020,,,Casino
Louisiana,The Freeman Company,New Orleans,,06/30/2020,,,Support Services
Louisiana,"Xanitos, Inc",Metairie,,08/18/2020,,,Support Services
Louisiana,Link Restaurant Group,New Orleans,,03/17/2020,,,Hospitality
Louisiana,L'Auberge Casino Resort,Lake Charles,,08/15/2020,,,Casino
Louisiana,Boomtown New Orleans,Harvey,,08/15/2020,,,Casino
Louisiana,Margaritaville Resort Casino,Bossier City,,08/15/2020,,,Casino
Louisiana,L'Auberge Casino Hotel,Baton Rouge,,08/15/2020,,,Casino
Louisiana,The Higgins Hotel & Conference Center,New Orleans,,06/09/2020,,,Hospitality
Louisiana,The Ritz-Carlton Hotel,New Orleans,,03/14/2020,,,Hospitality
Louisiana,JW Marriot Hotel,New Orleans,,03/21/2020,,,Hospitality
Louisiana,Hyatt Regency,New Orleans,,03/22/2020,,,Hospitality
Louisiana,Georgia-Pacific Wood,Dequincy,,07/13/2020,,,Sawmills
Louisiana,Sheraton Hotel,New Orleans,,03/13/2020,,,Hospitality
Louisiana,New Orleans Marriot Hotel,New Orleans,,03/21/2020,,,Hospitality
Louisiana,W French Quarter,New Orleans,,03/18/2020,,,Hospitality
Louisiana,Downtown Marriot at the Convention Center,New Orleans,,03/21/2020,,,Hospitality
Louisiana,NAPA Auto Parts Distribution Center,New Orleans,,07/31/2020,,,Automotive Parts & Accessories
Louisiana,Hilton New Orleans Airport,Kenner,,05/22/2020,,,Hospitality
Louisiana,NOPSI Hotel,New Orleans,,05/26/2020,,,Hospitality
Louisiana,Loews Hotel,New Orleans,,05/27/2020,,,Hospitality
Louisiana,Blake International Rings,Houma,,06/03/2020,,,Oil & Gas
Louisiana,Le Meridian Hotel,New Orleans,,07/28/2020,,,Hospitality
Louisiana,Crowne Plaza New Orleans,New Orleans,,05/18/2020,,,Hospitality
Louisiana,Sam's Town Hotel & Casino,Shreveport,,07/01/2020,,,Casino
Louisiana,Treasure Chest Casino,Kenner,,07/01/2020,,,Casino
Louisiana,Amelia Belle Casino,Amelia,,07/01/2020,,,Casino
Louisiana,Delta Downs Racetrack Casino and Hotel,Vinton,,07/01/2020,,,Casino
Louisiana,Evangeline Downs Racetrack Casino,Opelousas,,07/01/2020,,,Casino
Louisiana,Renaissance New Orleans,New Orleans,,07/21/2020,,,Hospitality
Louisiana,Renaissance New Orleans,New Orleans,,07/21/2020,,,Hospitality
Louisiana,Louisiana Riverboat Gaming Partnership dba Diamond Jacks Casino & Hotel,Bossier City,,05/22/2020,,,Casino
Louisiana,Enterprise Rent-A-Car,Metairie,,04/30/2020,,,Rental Services
Louisiana,Benteler Steel/Tube Manufacturing Corp.,Shreveport,,07/01/2020,,,Manufacturing
Louisiana,Graphic Packaging,West Monroe,,06/13/2020,,,Paper Mill
Louisiana,GE Gas Power,New Orleans,,06/29/2020,,,Technology
Louisiana,GE Aviation,New Orleans,,06/29/2020,,,Technology
Louisiana,Enterprise Rent-A-Car,Kenner,,04/30/2020,,,Rental Services
Louisiana,Enterprise Rent-A-Car,Kenner,,04/30/2020,,,Rental Services
Louisiana,Enterprise Rent-A-Car,Baton Rouge,,04/30/2020,,,Rental Services
Louisiana,Ensco Offshore Company,Offshore Gulf of Mexico,,05/30/2020,,,Oil & Gas
Louisiana,Aptim Maintenance (Cheniere Energy),Cameron,,04/27/2020,,,Support Services
Louisiana,Harrah's Louisiana Downs,Bossier City,,03/31/2020,,,Casino
Louisiana,Cactus Wellhead,Bossier City,,04/01/2020,,,Oil & Gas
Louisiana,Horseshow Entertainment,Bossier City,,03/31/2020,,,Casino
Louisiana,Turner Industries - Pipe Fabrication,Port Allen,,06/26/2020,,,Construction
Louisiana,ASRC Energy Services Omega,Iberia,,06/05/2020,,,Oil & Gas
Louisiana,Halliburton Energy Services,Broussard,,04/14/2020,,,Oil & Gas
Louisiana,Cypress Grove Behvavioral Health,Monroe,,05/01/2020,,,Individual & Family Services
Louisiana,"Coast Professional, Inc.",Monroe,,04/03/2020,,,Call Center
Louisiana,Alsco Inc.,Shreveport,,03/18/2020,,,Linen & Laundry Service
Louisiana,Cinemark,Stateiwde,,03/26/2020,,,Entertainment
Louisiana,Dolet Hills Lignite,Pelican,,06/05/2020,,,Mining
Louisiana,Lalumina,Burnside,,05/24/2020,,,Manufacturing
Louisiana,"Coast Professional, Inc.",West Monroe,,03/20/2020,,,Call Center
Louisiana,"Coast Professional, Inc.",West Monroe,,03/20/2020,,,Call Center
Louisiana,Wemco,St. Rose,,03/23/2020,,,Wholesale
Louisiana,Aptim Maintenance (Placid Refining),Port Allen,,03/22/2020,,,Support Services
Louisiana,Waitr,Statewide,,04/06/2020,,,Food Service Delivery
Louisiana,Fort Dearborn Company,Harahan,,02/06/2020,,,Commercial Printing (Except Screen & Books)
Louisiana,Wyndham Garden Hotel,Baton Rouge,,01/30/2020,,,Hotel
Louisiana,Jotun Paints Inc.,Belle Chase,,12/31/2019,,,Manufacturing
Louisiana,Bayou Steel,LaPlace,,11/30/2019,,,Manufacturing
Louisiana,New Orleans Air Ventures II,Kenner,,10/28/2019,,,Retail
Louisiana,Aramark Services - Ochsner LSU Health,"Shreveport, Monroe",,10/31/2019,,,Facilities Support Services
Louisiana,Epic Companies,Houma,,11/21/2019,,,Oil & Gas Support
Louisiana,Epic Companies,Belle Chase,,11/21/2019,,,Oil & Gas Support
Louisiana,MidSouth Bank,Lafayette,,09/20/2019,,,Banking
Louisiana,CenturyLink,Shreveport,,10/18/2019,,,Telecommunications
Louisiana,Aramark Campus Services - Grambling State University,Grambling,,06/30/2019,,,Food Services
Louisiana,Aptim Maintenance,Westlake,,05/23/2019,,,Construction
Louisiana,Compass Health dba Pathways,"Pineville, Lake Charles",,06/30/2019,,,Healthcare
Louisiana,Advance Local Media,Metairie,,07/02/2019,,,Newspaper
Louisiana,WestRock,Monroe,,06/24/2019,,,Manufacturing
Louisiana,Aramark Educational Services - UNO,New Orleans,,06/30/2019,,,Food Services
Louisiana,Entergy LA Station,Baton Rouge,,05/31/2019,,,Utilities
Louisiana,National General Management Corp,Baton Rouge,,05/28/2019,,,Insurance
Louisiana,New Orleans Air Ventures II,Kenner,,05/14/2019,,,Retail
Louisiana,Wal-Mart Store #534,Lafayette,,05/10/2019,,,Retail
Louisiana,Thompson Pipe Group - Flowtite,Zachary,,03/31/2019,,,Manufacturing
Louisiana,Dolet Hills Lignite Co.,Pelican,,03/31/2019,,,Mining
Louisiana,Georgia Pacific,Zachary,,03/12/2019,,,Paper Mill
Louisiana,Sears Roebuck and Co,Metairie,,03/24/2019,,,Retail
Louisiana,Saint-Gobain CertainTeed,Westlake,,03/02/2019,,,Manufacturing
Louisiana,Raytheon Company,Leesville,,12/31/2018,,,Specialized Training
Louisiana,K Mart Store #07223,Metairie,,12/31/2018,,,Retail
Louisiana,State Farm Insurance,Baton Rouge,,11/30/2018,,,Insurance
Louisiana,FTS International,Shreveport,,08/08/2018,,,Oil & Gas
Louisiana,Community Development Institute - Head Start,Opelousas,,08/31/2018,,,Child Care
Louisiana,CB&I Paint Dep't Shintech Project,Plaquemine,,06/08/2018,,,Construction
Louisiana,CB&I Civil and Dirt Dep't Shintech Project,Plaquemine,,06/14/2018,,,Construction
Louisiana,ReNEW Cultural Arts Academy,New Orleans,,07/01/2018,,,Education
Louisiana,ReNEW McDonough City Park Academy #28,New Orleans,,07/01/2018,,,Education
Louisiana,Ardagh Glass Inc.,Simsboro,,07/23/2018,,,Manufacturing
Louisiana,Sodexo,Marrero,,05/25/2018,,,Business Support Services
Louisiana,"ABM Aviation, Inc.",Kenner,,03/31/2018,,,Facilities Support Services
Louisiana,Schenker Inc.,Pineville,,04/29/2018,,,Transportation & Warehousing
Louisiana,Sam's Club #8204,Baton Rouge,,03/16/2018,,,Retail
Louisiana,PAM Specialty Hospital,Lafayette,,03/08/2018,,,Healthcare
Louisiana,Crescent Bank & Trust,Baton Rouge,,03/16/2018,,,Banking
Louisiana,CB&I,Walker,,02/19/2018,,,Manufacturing
Louisiana,Aptim Services LLC (Entergy Operations-Riverbend Station),St. Francisville,,01/12/2018,,,Support Services
Louisiana,Aptim Services LLC (Entergy Operations-Waterford 3),Killona,,01/12/2018,,,Support Services
Louisiana,Mondi Bags LLC,Arcadia,,12/29/2017,,,Manufacturing
Louisiana,Albertson's #4220,Bossier City,,09/09/2017,,,Grocery
Louisiana,Albertson's #4038,Denham Springs,,09/09/2017,,,Grocery
Louisiana,CB&I,Delacambre,,10/15/2017,,,Construction
Louisiana,Aviation Exteriors Louisiana,New Iberia,,06/28/2017,,,Air Transportation
Louisiana,ExpressJet Airlines,Shreveport,,08/23/2017,,,Air Transportation
Louisiana,Sears - Acadiana Mall,Lafayette,,09/17/2017,,,Retail
Louisiana,Sears Auto Center,Lafayette,,09/17/2017,,,Auto Repair
Louisiana,"The Geo Group, Inc.",Kinder,,08/20/2017,,,Corrections
Louisiana,Rowan Companies,"Houston, TX",,08/21/2017,,,Oil & Gas
Louisiana,J.C. Penney,Baton Rouge,,07/31/2017,,,Retail
Louisiana,Kellogg Distribution Ctr.,Gonzales,,07/08/2017,,,Merchant Wholesale
Louisiana,"ABB, Inc.",Baton Rouge,,06/06/2017,,,Manufacturing
Louisiana,Dollar Express #3324,New Orleans,,06/30/2017,,,Retail
Louisiana,Dollar Express #5489,Baton Rouge,,06/30/2017,,,Retail
Louisiana,Dollar Express #8237,Lafayette,,06/30/2017,,,Retail
Louisiana,LifeCare Specialty Hospital of North L.A.,Ruston,,04/05/2017,,,Healthcare
Louisiana,Blue Cliff College,Shreveport,,02/01/2017,,,Education
Louisiana,Freeport McMoran Oil & Gas (GoM Operations),Lafayette,,03/31/2017,,,Oil & Gas
Louisiana,Macy's Espianade Mall,Kenner,,03/20/2017,,,Retail
Louisiana,Freeport-McMoran Oil & Gas,Lafayette,,02/28/2017,,,Oilfield
Louisiana,"ARKLATEX Energy Services, LLC",Shreveport,,12/20/2016,,,Oilfield
Louisiana,"Deep Cor Marine, Inc.",Broussard,,01/03/2017,,,Oilfield
Louisiana,Union Tank Car Co,Alexandria,,02/03/2017,,,Manufacturing
Louisiana,Martin Mills,Vidalia,,03/31/2017,,,Warehousing/Distribution
Louisiana,Housing Authority of New Orleans,New Orleans,,01/31/2017,,,Government
Louisiana,"ExpressJet Airlines, Inc. (Aircraft Hanger)",Shreveport,,02/01/2017,,,Air Transportation
Louisiana,"ExpressJet Airlines, Inc. (Aircraft Hanger)",Shreveport,,09/01/2017,,,AIr Transportation
Louisiana,Rowan Companies (Offshore Rig),"Houston, TX",,01/14/2017,,,Oilfield
Louisiana,Brand Direct Health LLC,Mandeville,,01/06/2017,,,Pharmacy
Louisiana,Ryder Integrated Logistics,"Erlanger, KY",,12/16/2016,,,Trucking
Louisiana,Stupp Corporation,Baton Rouge,,12/19/2016,,,Oilfield/Manufacturing
Louisiana,"Aramark Healthcare Services, LLC Lafayette General Medical Center - EVS",Lafayette,,12/12/2016,,,Janitorial Services
Louisiana,ATCO Structures & Logistics,Sulphur,,09/19/2016,,,Pre-fabricated Buildings
Louisiana,Freeport-McMoran Oil & Gas,New Orleans,,11/12/2016,,,Oilfield
Louisiana,Proactive Technologies,Barksdale,,10/31/2016,,,Educational Support Services
Louisiana,Trinity Marine Products,Brusley,,10/31/2016,,,Shipbuilding and Repair
Louisiana,Chevron Gulf of Mexico,Covington,,04/07/2016,,,Oilfield
Louisiana,Bradken Inc.,Amite,,10/26/2016,,,Manufacturing
Louisiana,Louis Dreyfus Company,Gramercy,,09/30/2016,,,Farm Product Warehousing/Distribution
Louisiana,Gulf Island LLC,Houma,,08/30/2016,,,Oilfield/Manufacturing
Louisiana,GE Oil & Gas,Pineville,,09/02/2016,,,Manufacturing
Louisiana,Blue Sky Innovations,Lafayette,,07/30/2016,,,Aviation (Oil & Gas Support Services)
Louisiana,AAR Aircraft Maintenance,Lake Charles,,07/30/2016,,,Aviation
Louisiana,Danos & Curole Marine Contractors,Morgan City,,07/13/2016,,,Oilfield
Louisiana,Hexion,Norco,,07/01/2016,,,Manufacturing
Louisiana,Union Tank Car Co,Alexandria,,06/24/2016,,,Manufacturing
Louisiana,Southern Foods Group LLC dba Brown's Dairy,New Orleans,,07/29/2016,,,Milk Products
Louisiana,"Helmerich & Payne, Inc H&P Rig 100","Tulsa, OK",,05/01/2016,,,Oilfield
Louisiana,Carbo Ceramics,New Iberia,,06/17/2016,,,Oilfield/Manufacturing
Louisiana,GE Drilling LLC,Broussard,,04/11/2016,,,Oilfield
Louisiana,Maslow Media Group LLC dba Al Jazeera America LLC,New Orleans,,04/30/2016,,,Media
Louisiana,Stupp Corporation,Baton Rouge,,03/18/2016,,,Oilfield/Manufacturing
Louisiana,"Xerox State & Local Soltuions, Inc.",Baton Rouge,,05/06/2016,,,Data Processing and Related Services
Louisiana,"Helmerich & Payne, Inc H&P Rig 105","Tulsa, OK",,02/15/2016,,,Oilfield
Louisiana,Alcoa Calcined Coke Operations,Lake Charles,,01/20/2016,,,Manufacturing
Louisiana,Garden City Group,Hammond,,03/31/2016,,,Legal
Louisiana,Noble Drilling,"Sugarland, TX",,03/14/2016,,,Oilfield
Louisiana,Trinity Marine Products *2015 Update*,Madisonville,,03/11/2016,,,Shipbuilding and Repair
Louisiana,National Oilwell Varco,Houma,,03/07/2016,,,Oilfield/Manufacturing
Louisiana,Macy's,Baton Rouge,,03/14/2016,,,Department Store
Louisiana,Advance Central Services Louisiana,New Orleans,,,,,Periodical Publishers
Louisiana,Cameron Valve,Hammond,,01/29/2016,,,Oilfield/Manufacturing
Louisiana,"Noble Drilling, LLC","Sugarland, TX",,01/26/2016,,,Oilfield
Louisiana,Flint Energy Services,Haynesville,,01/15/2016,,,Energy
Louisiana,"Jacobs MSFOC Group, Jacobs Technology Michoud Assembly Facility",New Orleans,,01/31/2016,,,Aerospace and Transportation
Louisiana,CHI,"Howell, MI",,10/8/2015-12/8/2015,,,Transportation/Oilfield
Louisiana,Trinity Marine,Madisonville,,12/04/2015,,,Transportation-Construction and Energy
Louisiana,Tango Transport,Shreveport,,10/14/2015,,,Transportation
Louisiana,Magellan Health,Baton Rouge,,11/30/2015-2/28/2016,,,Healthcare
Louisiana,Alcoa,Lake Charles,,11/30/2015,,,Manufacturing
Louisiana,Hercules Offshore,"Houston, TX",,11/21/2015,,,Oilfield
Louisiana,Baton Rouge General Medical Center,Baton Rouge,,9/10/2015-1/8/2016,,,Healthcare
Louisiana,"Garden City Group, LLC",Hammond,,11/23/2015,,,Legal
Louisiana,Baker Hughes,Shreveport,,08/27/2015,,,Oilfield
Louisiana,Northrop Grumman Fort Polk,Fort Polk,,08/07/2015,,,Transportation
Louisiana,Systems Integration and Management,,,7/31/2015-12/31/2015,,,Information Technology
Louisiana,Exterran,Broussard,,8/28/2015-12/31/2015,,,Oilfield/Manufacturing
Louisiana,Discover Home Loans Inc.,,,08/15/2015,,,Banking
Louisiana,Total Community Action Inc.,New Orleans,,06/30/2015,,,Community Action Advocacy Organization
Louisiana,CCA - Winn Correctional Center,Winnfield,,07/03/2015,,,Corrections
Louisiana,First Student,Port Allen,,06/30/2015,,,Transportation
Louisiana,BP Biofuels,Jennings,,07/03/2015,,,Oilfield
Louisiana,Tenaris Hydril,Westwego,,06/05/2015,,,Oilfield
Louisiana,Bollinger Marine and Fabrication,Amelia,,4/17/2015-7/22/2015,,,Oilfield/Fabrication
Louisiana,Enable Midstream,Shreveport,,5/11/2015-12/31/2015,,,Oilfield
Louisiana,"Coast Professional, Inc.",West Monroe,,3/5/2015-4/22/2015,,,Telephone Solicitation Services
Louisiana,"Wingspan Portfolio Advisors, Inc.","Carrollton, TX",,04/30/2015,,,Telephone Solicitation Services
Louisiana,Greif Packaging LLC,New Orleans,,05/15/2015,,,Manufacturing
Louisiana,Helmerich & Payne International Drilling,,,03/15/2015,,,Oilfield
Louisiana,Parker Drilling,New Iberia,,3/4/2015-3/18/2015,,,Oilfield
Louisiana,McDermott Inc.,Morgan City,,4/21/2015-5/4/2015,,,Shipbuilding
Louisiana,Baton Rouge General Medical Center,Baton Rouge,,04/30/2015,,,Healthcare
Louisiana,Baker Hughes,Houma,,02/04/2015,,,Oilfield
Louisiana,Advance Central Services Louisiana,New Orleans,,03/31/2015,,,Periodical Publishers
Louisiana,Albertson's Store #2814,Mandeville,,2/77/15,,,Supermarkets and Other Grocery (except Convenience) Stores
Louisiana,"St. James Stevedoring Partners, LLC",Convent,,02/03/2015,,,Marine Cargo Handling
Louisiana,Community Development Institute Head Start - Rapides Parish,Alexandria,,01/31/2015,,,Child Day Care Services
Louisiana,Hercules Offshore,"Houston, TX",,12/31/2014,,,Drilling Oil & Gas Wells
Louisiana,"Chemtrusion-LA, Inc",Baton Rouge,,12/05/2014,,,All Other Plastics Product Manufacturing
Louisiana,Northrop Grumman Technical Services Inc.,Fort Polk,,12/30/2014,,,Aircraft Engine and Engine Parts Manufacturing
Louisiana,Printpack,Shreveport,,12/15/2014,,,Plastics Packaging Film and Sheet (including Laminated) Manufacturing
Louisiana,Leidos,New Orleans,,11/14/2014,,,Commercial and Institutional Building Construction
Louisiana,River Parishes Hospital,LaPlace,,10/31/2014,,,General Medical and Surgical Hospitals
Louisiana,Textron Systems Marine and Land Systems,Slidell,,11/03/2014,,,"Military Armored Vehicle, Tank, and Tank Component Manufacturing"
Louisiana,Systems Integration and Management,New Orleans,,09/30/2014,,,Custom Computer Programming Services
Louisiana,Northrop Grumman Technical Services Inc.,Fort Polk,,10/16/2014,,,Aircraft Engine and Engine Parts Manufacturing
Louisiana,McDermott Inc.,Morgan City,,09/22/2014,,,Support Activities for Oil and Gas Operations
Louisiana,St. Rose Nursery,St. Rose,,09/30/2014,,,"Flower, Nursey Stock, and Florists' Supplies Merchant Wholesalers"
Louisiana,"Professional Transportation, Inc",Livonia,,10/01/2014,,,Charter Bus
Louisiana,CB&I Addis Shop,Addis,,09/22/2014,,,Industrial Building Construction
Louisiana,K Mart Store #3347,Gretna,,09/07/2014,,,Discount Department Stores
Louisiana,Northrop Grumman Technical Services Inc.,Fort Polk,,07/25/2014,,,Aircraft Engine and Engine Parts Manufacturing
Louisiana,Community Development Institute Head Start - Iberville Parish,Plaquemine,,06/30/2014,,,Child Day Care Services
Louisiana,Community Development Institute Head Start - Avoyelles Parish,Moreauville,,07/31/2014,,,Child Day Care Services
Louisiana,Dr. Pepper Snapple Group,Gonzales,,07/03/2014,,,All Other Specialty Food Stores
Louisiana,Cox Communications,Metairie,,06/01/2014,,,Wired Telecommunications Carriers
Louisiana,Printpack,Shreveport,,05/31/2014,,,Plastics Packaging Film and Sheet (including Laminated) Manufacturing
Louisiana,Teche Federal Bank,New Iberia,,06/01/2014,,,Commercial Banking
Louisiana,McDermott Inc.,Morgan City,,05/16/2014,,,Support Activities for Oil and Gas Operations
Louisiana,Northrop Grumman Technical Services Inc.,Fort Polk,,05/09/2014,,,Aircraft Engine and Engine Parts Manufacturing
Louisiana,Cox Communications,Baton Rouge,,05/04/2014,,,Cable and Other Subscription Programming
Louisiana,Cox Communications,Lafayette,,05/04/2014,,,Wired Telecommunications Carriers
Louisiana,General Dynamics Information Technology,Bogalusa,,04/25/2014,,,Telephone Answering Services
Louisiana,Stewart Enterprises Inc.,Jefferson,,04/01/2014,,,Funeral Homes and Funeral Services
Louisiana,Printpack,Shreveport,,03/10/2014,,,Plastics Packaging Film and Sheet (including Laminated) Manufacturing
Louisiana,Northrop Grumman Technical Services Inc.,Fort Polk,,03/09/2014,,,Aircraft Engine and Engine Parts Manufacturing
Louisiana,Martin Mills,Vidalia,,03/10/2014,,,Other Apparel Accesories and Other Apparel Manufacturing
Louisiana,CB&I (Lion Copolymer),Baton Rouge,,02/04/2014,,,Industrial Building Construction
Louisiana,Louisiana Hardwood Products,Morrow,,12/31/2013,,,Forestry Support Activities
Louisiana,McDermott International,Morgan City,,12/22/2013,,,Ship Building and Repairing
Louisiana,McDermott International,Morgan City,,11/30/2013,,,Ship Building and Repairing
Louisiana,McDermott International,Morgan City,,11/15/2013,,,Ship Building and Repairing
Louisiana,Northrop Grumman,Fort Polk,,11/09/2013,,,Aircraft Manufacturing
Louisiana,McDermott International,Morgan City,,11/01/2013,,,Ship Building and Repairing
Louisiana,McDermott International,Morgan City,,10/21/2013,,,Ship Building and Repairing
Louisiana,Accent Marketing,Monroe,,10/19/2013,,,Telemarketing Bureaus
Louisiana,Blazer Construction,Sibley,,10/14/2013,,,Construction
Louisiana,McDermott International,Morgan City,,10/07/2013,,,Ship Building and Repairing
Louisiana,Lockheed Martin Corp.,New Orleans,,09/30/2013,,,Space Vehicle Propulsion Units and Parts Manufacturing
Louisiana,"Alternative Home Care Specialists, Inc.",Lafayette,,09/15/2013,,,Home Health Care Services
Louisiana,Christus Schumpert Medical Center,Shreveport,,07/27/2013,,,General Medical and Surgical Hospitals
Louisiana,Trinity Marine Products,Brusly,,09/05/2013,,,Ship Building and Repairing
Louisiana,Lockheed Martin Corp.,New Orleans,,08/29/2013,,,Space Vehicle Propulsion Units and Parts Manufacturing
Louisiana,Durham School Services,New Orleans,,06/30/2013,,,School Bus Transportation
Louisiana,Bradken Steel,Amite,,04/16/2013,,,"Steel Foundries, Steel Castings"
Louisiana,"Libbey, Inc.",Shreveport,,05/29/2013,,,Other Pressed and Blown Glass and Glassware Manufacturing
Louisiana,"Southern Foods Group, LLC",Shreveport,,05/14/2013,,,Fluid Milk Manufacturing
Louisiana,Lockheed Martin Corp.,New Orleans,,04/25/2013,,,Space Vehicle Propulsion Units and Parts Manufacturing
Louisiana,"Schenker Logistics, Inc.","Virginia Beach, VA",,04/21/2013,,,"Process, Physical Distribution, and Logistics Consulting"
Louisiana,Lockheed Martin Corp.,New Orleans,,03/28/2013,,,Space Vehicle Propulsion Units and Parts Manufacturing
Louisiana,Lockheed Martin Corp.,New Orleans,,02/28/2013,,,Space Vehicle Propulsion Units and Parts Manufacturing
Louisiana,Lockheed Martin Corp.,New Orleans,,01/31/2013,,,Space Vehicle Propulsion Units and Parts Manufacturing
Louisiana,Lockheed Martin Corp.,New Orleans,,01/11/2013,,,Space Vehicle Propulsion Units and Parts Manufacturing
Louisiana,Lockheed Martin Corp.,New Orleans,,12/31/2012,,,Space Vehicle Propulsion Units and Parts Manufacturing
Louisiana,Pepsi Beverages Co.,Reserve,,11/09/2012,,,Soft Drink Manufacturing
Louisiana,Staples,Baton Rouge,,11/30/2012,,,Other Services Related to Advertising
Louisiana,Kindred Hospital,Marrero,,11/09/2012,,,Nursing Care Facilities
Louisiana,Lockheed Martin Corp.,New Orleans,,09/13/2012,,,Space Vehicle Propulsion Units and Parts Manufacturing
Louisiana,The Home Depot,Baton Rouge,,09/21/2012,,,Call Center
Louisiana,Durham School Services,New Orleans,,08/06/2012,,,School Bus Transportation
Louisiana,"Johnson Controls, Inc.",Shreveport,,08/30/2012,,,All Other Motor Vehicle Parts Manufacturing
Louisiana,Xanodyne,"Newport, KY",,08/20/2012,,,Wholesale Trade Agent and Brokers
Louisiana,Times Picayune,New Orleans,,09/30/2012,,,Newspaper Publisher
Louisiana,General Motors,Shreveport,,08/16/2012,,,Automobile and Truck Manufacturing
Louisiana,Lockheed Martin Corp.,New Orleans,,07/27/2012,,,Space Vehicle Propulsion Units and Parts Manufacturing
Louisiana,International Paper,Minden,,07/07/2012,,,Paper Mill
Louisiana,Pinnacle Business Solutions,Baton Rouge,,08/10/2012,,,All Other Business Support Services
Louisiana,Android,Shreveport,,08/30/2012,,,Automobile Manufacturing
Louisiana,Hostess Brands,Opelousas,,07/04/2012,,,Retail Bakeries
Louisiana,Hostess Brands,Natchitoches,,07/04/2012,,,Retail Bakeries
Louisiana,Hostess Brands,Monroe,,07/04/2012,,,Retail Bakeries
Louisiana,Hostess Brands,Monroe,,07/04/2012,,,Retail Bakeries
Louisiana,Hostess Brands,Lake Charles,,07/04/2012,,,Retail Bakeries
Louisiana,Hostess Brands,Lafayette,,07/04/2012,,,Retail Bakeries
Louisiana,Hostess Brands,Kenner,,07/04/2012,,,Retail Bakeries
Louisiana,Hostess Brands,Houma,,07/04/2012,,,Retail Bakeries
Louisiana,Hostess Brands,Hammond,,07/04/2012,,,Retail Bakeries
Louisiana,Hostess Brands,Deridder,,07/04/2012,,,Retail Bakeries
Louisiana,Hostess Brands,Bossier City,,07/04/2012,,,Retail Bakeries
Louisiana,Hostess Brands,Bogalusa,,07/04/2012,,,Retail Bakeries
Louisiana,Hostess Brands,Shreveport,,07/04/2012,,,Retail Bakeries
Louisiana,Hostess Brands,West Monroe,,07/04/2012,,,Retail Bakeries
Louisiana,Hostess Brands,Alexandria,,07/04/2012,,,Retail Bakeries
Louisiana,Hostess Brands,Baton Rouge,,07/04/2012,,,Retail Bakeries
Louisiana,Hostess Brands,Alexandria,,07/04/2012,,,Retail Bakeries
Louisiana,Hostess Brands,Alexandria,,07/04/2012,,,Retail Bakeries
Louisiana,Hostess Brands,Alexandria,,07/04/2012,,,Retail Bakeries
Louisiana,Lockheed Martin Corp.,New Orleans,,06/29/2012,,,Space Vehicle Propulsion Units and Parts Manufacturing
Louisiana,Advance Baton Rouge,Baton Rouge,,07/31/2012,,,Elementary and Secondary Schools
Louisiana,Lockheed Martin Corp.,New Orleans,,05/31/2012,,,Space Vehicle Propulsion Units and Parts Manufacturing
Louisiana,Rockwell Collins,Bossier City,,06/20/2012,,,Commercial Machinery Repair and Maintenance
Louisiana,Lockheed Martin Corp.,New Orleans,,04/16/2012,,,Space Vehicle Propulsion Units and Parts Manufacturing
Louisiana,Lockheed Martin Corp.,New Orleans,,03/07/2012,,,Space Vehicle Propulsion Units and Parts Manufacturing
Louisiana,"Sodexo, Inc.",New Orleans,,02/29/2012,,,Cafeterias
Louisiana,Rockwell Collins,Bossier City,,03/27/2012,,,Commercial Machinery Repair and Maintenance
Louisiana,Lockheed Martin Corp.,New Orleans,,01/27/2012,,,Space Vehicle Propulsion Units and Parts Manufacturing
Louisiana,Transcom Inc.,Lafayette,,01/21/2012,,,Telemarketing Bureaus
Louisiana,"KBR, Inc.",Deridder,,12/04/2011,,,New Single Family General Contractor
Louisiana,Lockheed Martin Corp.,New Orleans,,12/30/2011,,,Space Vehicle Propulsion Units and Parts Manufacturing
Louisiana,Lowe's Home Center,Chalmette,,12/16/2011,,,Home Centers
Louisiana,Lockheed Martin Corp.,New Orleans,,11/30/2011,,,Space Vehicle Propulsion Units and Parts Manufacturing
Louisiana,Louisiana Binding Service,Deridder,,09/27/2011,,,Tradebinding and Related Work
Louisiana,Lockheed Martin Corp.,New Orleans,,10/28/2011,,,Space Vehicle Propulsion Units and Parts Manufacturing
Louisiana,Lockheed Martin Corp.,New Orleans,,09/30/2011,,,Space Vehicle Propulsion Units and Parts Manufacturing
Louisiana,Lockheed Martin Corp.,New Orleans,,09/30/2011,,,Space Vehicle Propulsion Units and Parts Manufacturing
Louisiana,Rockwell Collins,Bossier City,,09/27/2011,,,Commercial Machinery Repair and Maintenance
Louisiana,Lockheed Martin Corp.,New Orleans,,08/26/2011,,,Space Vehicle Propulsion Units and Parts Manufacturing
Louisiana,Flextronics Americas,Shreveport,,07/25/2011,,,Printed Circuit Assembly Manufacturing
Louisiana,Sitel Operating Corp,Bogalusa,,07/18/2011,,,All Other Professional and Technical Services
Louisiana,Lockheed Martin Corp.,New Orleans,,06/24/2011,,,Space Vehicle Propulsion Units and Parts Manufacturing
Louisiana,Areva NP Inc.,"Lynchburg, VA",,06/14/2011,,,Engineering Services
Louisiana,Lockheed Martin Corp.,New Orleans,,05/27/2011,,,Space Vehicle Propulsion Units and Parts Manufacturing
Louisiana,Lockheed Martin Corp.,New Orleans,,04/29/2011,,,Space Vehicle Propulsion Units and Parts Manufacturing
Louisiana,Home Depot,New Orleans,,04/14/2011,,,Home Centers
Louisiana,Jacobs Field Services,Baton Rouge,,02/18/2011,,,General Contractors
Louisiana,Sonoco Products,Bastrop,,12/17/2010,,,Miscellaneous Wood Product Manufacturing
Louisiana,StarTek,Alexandria,,01/29/2011,,,Telemarketing Bureaus
Louisiana,CNC Applied Technology,Fort Polk,,01/29/2011,,,Security Guards and Patrol Services
Louisiana,Lockheed Martin Corp.,New Orleans,,12/31/2010,,,Space Vehicle Propulsion Units and Parts Manufacturing
Louisiana,Imperial Sugar,Gramercy,,12/31/2010,,,Sugar Cane Refinery
Louisiana,Union Underwear Co.,Jeanerette,,12/31/2010,,,Men's and Boy's Clothing Merchant Wholesalers
Louisiana,Xanodyne Pharmaceuticals,"Newport, KY",,11/21/2010,,,Wholesale Trade Agent and Brokers
Louisiana,Northrop Grumman,Avondale,,10/04/2010,,,Shipbuilding
Louisiana,Northrop Grumman,Tallulah,,09/29/2010,,,Shipbuilding
Louisiana,Northrop Grumman,Belle Chase,,09/30/2010,,,Shipbuilding
Louisiana,Lockheed Martin Corp.,New Orleans,,09/30/2010,,,Space Vehicle Propulsion Units and Parts Manufacturing
Louisiana,Rockwell Collins,Barksdale AFB,,09/28/2010,,,Commercial Machinery Repair and Maintenance
Louisiana,Devon Energy Corporation,Lafayette,,09/27/2010,,,Support Activities for Oil and Gas Operations
Louisiana,Coca Cola Enterprises Inc.,Monroe,,09/10/2010,,,Soft Drink Manufacturing
Louisiana,Butler America,"Shelton, CT",,08/29/2010,,,Engineering Services
Louisiana,Devon Energy Corporation,Lafayette,,09/01/2010,,,Support Activities for Oil and Gas Operations
Louisiana,Lockheed Martin Corp.,New Orleans,,08/13/2010,,,Space Vehicle Propulsion Units and Parts Manufacturing
Louisiana,Devon Energy Corporation,Lafayette,,07/25/2010,,,Support Activities for Oil and Gas Operations
Louisiana,Wells Fargo & Co.,Baton Rouge,,07/26/2010,,,Commercial Banking
Louisiana,Lockheed Martin Corp.,New Orleans,,07/30/2010,,,Space Vehicle Propulsion Units and Parts Manufacturing
Louisiana,Coca Cola Enterprises Inc.,Thibodaux,,07/16/2010,,,Soft Drink Manufacturing
Louisiana,"Sodexo, Inc.",New Orleans,,08/29/2010,,,Food Service Contractors
Louisiana,"Sodexo, Inc",New Orleans,,05/20/2010,,,Food Service Contractors
Louisiana,Allen Canning Company,Hessmer,,04/26/2010,,,Fruit and Vegetable Canning
Louisiana,Devon Energy Corporation,Lafayette,,06/12/2010,,,Support Activities for Oil and Gas Operations
Louisiana,Steel Fabricators,Monroe,,04/26/2010,,,Fabricated Structural Metal Manufacturing
Louisiana,ENI US Operating Co.,New Orleans,,06/10/2010,,,Oil and Gas Extraction
Louisiana,Lockheed Martin Corp.,New Orleans,,05/28/2010,,,Space Vehicle Propulsion Units and Parts Manufacturing
Louisiana,JP Morgan Chase,Baton Rouge,,04/25/2010,,,Commercial Banking
Louisiana,Trane Inc,Cullen,,04/30/2010,,,Air Purification and Equipment Manufacturing
Louisiana,Lockheed Martin Corp.,New Orleans,,04/30/2010,,,Space Vehicle Propulsion Units and Parts Manufacturing
Louisiana,Devon Energy Corporation,Lafayette,,04/22/2010,,,Support Activities for Oil and Gas Operations
Louisiana,Morgan Research Corp.,Fort Polk,,02/25/2010,,,Engineering Services
Louisiana,Steel Fabricators,Monroe,,03/08/2010,,,Fabricated Structural Metal Manufacturing
Louisiana,Lockheed Martin Corp.,New Orleans,,03/26/2010,,,Space Vehicle Propulsion Units and Parts Manufacturing
Louisiana,"Accent Marketing Services, LLC",Monroe,,03/07/2010,,,Telecommunications
Louisiana,Morgan Research Co.,Huntsville,,01/20/2010,,,Engineering Services
Louisiana,Lockheed Martin Corp.,New Orleans,,02/26/2010,,,Space Vehicle Propulsion Units and Parts Manufacturing
Louisiana,"Dresser, Inc.",Alexandria,,01/15/2010,,,Industrial Valve Manufacturing
Louisiana,Steel Fabricators,Monroe,,12/18/2009,,,Fabricated Structural Metal Manufacturing
Louisiana,Verizon Wireless,Shreveport,,04/03/2010,,,Wireless Telecommunications Carrier
Louisiana,LAFOP Fundraising Ctr,Alexandria,,11/27/2009,,,Telemarketing Bureaus
Louisiana,Bollinger Marine Fabricators,Amelia,,01/19/2010,,,Shipbuilding and Repairing
Louisiana,Lockheed Martin,New Orleans,,01/29/2010,,,Space Vehicle Propulsion Units and Parts Manufacturing
Louisiana,Shaw,Addis,,01/04/2010,,,Industrial Building Construction
Louisiana,Allstate,Shreveport,,12/31/2009,,,Insurance Agencies and Brokerages
Louisiana,"Chart Energy & Chemical, Inc.",New Iberia,,12/31/2009,,,Power Boiler and Heat Exchanger Manufacturing
Louisiana,International Paper,Pineville,,12/26/2009,,,Paper Mill
Louisiana,Steel Fabricators,Monroe,,10/16/2009,,,Fabricated Structural Metal Manufacturing
Louisiana,Blake International,Houma,,10/07/2009,,,Drilling Oil & Gas Wells
Louisiana,Boise Cascade LLC,Florien,,11/30/2009,,,Softwood Veneer & Plywood Manufacturing
Louisiana,Crossmark Home Improvement Services,"Plano, TX",,10/31/2009,,,Wholesale Trade Agent and Brokers
Louisiana,"Brown-Eagle, Inc.",Baton Rouge,,10/04/2009,,,Packaging and Labeling Services
Louisiana,Lockheed Martin Corp.,New Orleans,,10/02/2009,,,Space Vehicle Propulsion Units and Parts Manufacturing
Louisiana,"Trinity Marine Products, Inc.",Madisonville,,09/19/2009,,,Ship Building and Repairing
Louisiana,"Chart Energy & Chemical, Inc.",New Iberia,,09/25/2009,,,Power Boiler and Heat Exchanger Manufacturing
Louisiana,United Retail Service,"Kennesaw, GA",,09/08/2009,,,Home Centers
Louisiana,"Offshore Specialty Fabricator, Inc.",Houma,,08/07/2009,,,Ship Building and Repairing
Louisiana,"Equistar Chemicals, LP",Sulphur,,07/27/2009,,,Petrochemical Manufacturing
Louisiana,First Student,"Kennesaw, GA",,06/30/2009,,,School and Employee Bus Transportation
Louisiana,"Trinity Marine Products, Inc.",Brusly,,07/18/2009,,,Ship Building and Repairing
Louisiana,The Wackenhut Corp.,Hahnville,,06/01/2009,,,Security Guards and Patrol Services
Louisiana,UTLX Manufacturing,Alexandria,,07/10/2009,,,Plant and System Operators
Louisiana,Saturn of Metairie,Metairie,,05/13/2009,,,New Car Dealers
Louisiana,Saturn of Slidell,Slidell,,05/13/2009,,,New Car Dealers
Louisiana,Saturn of New Orleans,Harvey,,05/13/2009,,,New Car Dealers
Louisiana,Waste Management of St. Tammany,Slidell,,07/01/2009,,,Solid Waste Landfill
Louisiana,Lyondell Chemical Co.,Westlake,,06/29/2009,,,Urethane & Other Foam Product Manufacturing
Louisiana,Continental Structural Plastics,Sarepta,,06/15/2009,,,Plastics Material and Resin Manufacturing
Louisiana,"Boise Paper Holdings, LLC",Deridder,,08/09/2009,,,Softwood Veneer & Plywood Manufacturing
Louisiana,Shaw,Baton Rouge,,06/27/2009,,,Industrial Building Construction
Louisiana,Lockheed Martin,New Orleans,,06/26/2009,,,Data Processing and Related Services
Louisiana,"National Service Co. of Iowa, Inc.",Farmerville,,06/30/2009,,,Animal Slaughtering and Processing
Louisiana,Doctors' Hospital,Opelousas,,04/30/2009,,,Medical
Louisiana,UST,Baton Rouge,,06/05/2009,,,All Other Professional and Technical Services
Louisiana,ICF International,Baton Rouge,,05/29/2009,,,All Other Professional and Technical Services
Louisiana,Exide Technologies,Baton Rouge,,04/17/2009,,,Primary Batter Manufacturer
Louisiana,Northrop Grumman,New Orleans,,04/08/2009,,,Shipbuilding
Louisiana,Weyerhaeuser,Dodson,,03/11/2009,,,Softwood Veneer & Plywood Manufacturing
Louisiana,Hunt Forest Products Inc.,Natalbany,,05/10/2009,,,Plywood and Engineered Wood Product Manufacturing
Louisiana,Quadel Housing,Baton Rouge,,05/01/2009,,,All Other Professional and Technical Services
Louisiana,ICF International,Baton Rouge,,05/01/2009,,,All Other Professional and Technical Services
Louisiana,Pilgrim's Pride,Farmerville,,04/28/2009,,,Animal Slaughtering and Processing
Louisiana,Equistar,Sulphur,,04/28/2009,,,Petrochemical Manufacturing
Louisiana,Pride Offshore Inc.,"Houston, TX",,03/01/2009,,,Drilling Oil & Gas Wells
Louisiana,Lockheed Martin,New Orleans,,04/30/2009,,,Plant and System Operators
Louisiana,Louisiana Hardwood Products,LeMoyen,,01/30/2009,,,Wood Product Manufacturing
Louisiana,Capital One,Shreveport,,04/03/2009,,,Sales Financing
Louisiana,ICF International,Baton Rouge,,03/27/2009,,,All Other Professional and Technical Services
Louisiana,Quadel Housing Services,Baton Rouge,,03/27/2009,,,All Other Professional and Technical Services
Louisiana,CITGO Petroleum,Lake Charles,,08/12/2008,,,Petroleum Refineries
Louisiana,Lockheed Martin Space Systems Company,New Orleans,,10/03/2008,,,Space Vehicle Propulsion Units and Parts Manufacturing
Louisiana,Magna Decoma International,Shreveport,,09/29/2008,,,Automobile Manufacturing
Louisiana,AI –Shreveport LLC,Shreveport,,09/29/2008,,,Automatic Environmental Control Manufacturing
Louisiana,"Tango Transport, Inc.",Shreveport,,09/29/2008,,,"General Freight Trucking, Long Distance"
Louisiana,General Motors,Shreveport,,09/26/2008,,,Motor Vehicle Manufacturing
Louisiana,Quadel Housing Services,Baton Rouge,,09/13/2008,,,All Other Professional and Technical Services
Louisiana,ICF International,Baton Rouge,,09/13/2008,,,All Other Professional and Technical Services
Louisiana,American Airlines,Kenner,,09/05/2008,,,Scheduled Passenger Air Transportation
Louisiana,"ABB, Inc.",Mansfield,,08/31/2008,,,Computer Systems Design Services
Louisiana,The Home Depot,Opelousas,,08/05/2008,,,Home Centers
Louisiana,IFCO Systems,Hammond,,05/31/2008,,,Wood Container and Pallet Manufacturing
Louisiana,Blake International,Houma,,05/23/2008,,,Drilling Oil & Gas Wells
Louisiana,Plastech,Shreveport,,06/30/2008,,,Motor Vehicle Manufacturing
Louisiana,Skyline Corporation,Bossier City,,07/05/2008,,,"Manufactured Home, Mobile Home, Manufacturing"
Louisiana,"Kenneth Gordon, USA",Harahan,,06/08/2008,,,"Men's Shirt, Except Work Shirt, Manufacturing"
Louisiana,ICF International,Baton Rouge,,05/31/2008,,,All Other Professional and Technical Services
Louisiana,Georgia Pacific,Springhill,,03/28/2008,,,Softwood Veneer & Plywood Manufacturing
Louisiana,"Hood Industries, Inc.",Coushatta,,05/16/2008,,,Sawmills
Louisiana,Capital One Bank,New Orleans,,05/19/2008,,,Sales Financing
Louisiana,Raytheon Technical Services Company Ft. Polk US Army Base,Fort Polk,,04/30/2008,,,Engineering Services
Louisiana,Gerdau Ameristeel,Harahan,,03/31/2008,,,Other Fabricated Wire Product Manufacturing
Louisiana,Macy's,Lake Charles,,03/18/2008,,,Department Stores
Louisiana,"WinCup Holdings, Inc.",Shreveport,,02/12/2008,,,Polystyrene Foam Product Manufacturing
Louisiana,Ideal Merchandising,"Apollo Beach, FL",,01/20/2008,,,Durable Goods Merchant Wholesaler
Louisiana,"FloorServe, Inc.","Dalton, GA",,01/31/2008,,,All Other Support Services
Louisiana,"Pinnacle Business Solutions, Inc.",Shreveport,,02/29/2008,,,Direct Health and Medical Insurance Carriers
Louisiana,Georgia Pacific Corporation,Logansport,,10/30/2007,,,Paper Mill
Louisiana,Valentine Paper,Lockport,,12/28/2007,,,Paper Mill
Louisiana,United States Gypsum Company,New Orleans,,12/31/2007,,,Gypsym Product Manufacturing
Louisiana,AT&T,Metairie,,12/29/2007,,,Wired Telecommunications Carrier
Louisiana,East Jordan Iron Works,"East Jordan, MI",,12/28/2007,,,Iron Foundries
Louisiana,Aegis Mortgage Corporation,"Houston, TX",,10/31/2007,,,Sales Financing
Louisiana,Wells Fargo Home Mortgage,Baton Rouge,,09/25/2007,,,Real Estate Credit
Louisiana,Capital One Mortgage,Baton Rouge,,09/14/2007,,,Sales Financing
Louisiana,Albertson's LLC,Monroe,,08/05/2007,,,Supermarket and other Grocery Stores
Louisiana,Abita Springs Water Company,Metairie,,08/29/2007,,,Bottled Water Manufacturing
Louisiana,Capital One-Indirect Collections,Denham Springs,,08/15/2007,,,Sales Financing
Louisiana,"Tembec USA, LLC",St. Francisville,,07/31/2007,,,Paper Mill
Louisiana,Lockheed Martin Government Services Inc.,New Orleans,,07/31/2007,,,Data Processing and Related Services
Louisiana,McKesson Specialty Pharmacy,Harahan,,03/30/2007,,,Pharmarcy Products Distribution
Louisiana,Murphy Exploration & Production Company,New Orleans,,06/01/2007,,,Crude Oil Exploration and Petroleum Production
Louisiana,Marsulex Refinery Environmental Services,Baton Rouge,,03/31/2007,,,Refinery Environmental Services
Louisiana,Martco Limited Partnership,LeMoyen,,01/30/2007,,,Manufacturing of Reconstituted Wood Products
Louisiana,McKesson Specialty Pharmacy,Harahan,,03/29/2007,,,Pharmarcy Products Distribution
Louisiana,Bellsouth Telecommunications,Hammond,,03/10/2007,,,Call Center
Louisiana,Morton International,New Iberia,,04/06/2007,,,Salt Mining
Louisiana,Sewell Cadillac Incorporated,New Orleans,,03/06/2007,,,Automotive Dealership
Louisiana,International Shipholding,New Orleans,,03/31/2007,,,"Sea, Coastal, and Great Lakes Transportation"
Maine,Sonoco,Scarborough,03/13/2025,,,WARN,4 - Coastal Counties Local Area 4
Maine,SMBC-Sumitomo Mitsui Banking Corporation,New York,01/13/2026,,,WARN,3 - Central Western Local Area 3
Maine,US Cellular,Washington,04/07/2025,,,WARN,3 - Central Western Local Area 3
Maine,Pride Manufacturing -gathr Outdoors,Burnham,01/13/2026,,,WARN,4 - Coastal Counties Local Area 4
Maine,Northern Light - Inland Hospital,Waterville,03/25/2025,,,WARN,3 - Central Western Local Area 3
Maine,Charter Communications,Portland,12/10/2025,,,WARN,4 - Coastal Counties Local Area 4
Maine,Bon Appetit,Waterville,04/10/2025,,,WARN,3 - Central Western Local Area 3
Maine,Trans Axle,Westbrook,05/16/2025,,,WARN,3 - Central Western Local Area 3
Maine,Loring Job Corps Center,Limestone,06/03/2025,,,WARN,1 - Northeastern Workforce Board
Maine,"Host International, Inc.",Portland,08/04/2026,,,WARN,4 - Coastal Counties Local Area 4
Maine,SP+ Parking,Portland,06/02/2026,,,WARN,4 - Coastal Counties Local Area 4
Maine,Gathr Outdoors dba Pride Manufacturing Co LLC,Guilford,01/27/2026,,,WARN,1 - Northeastern Workforce Board
Michigan,Samaritas,"Grand Rapids, Michigan",,,58,Facility closure,Kent
Michigan,"Day & Ross USA, Inc.","Livonia, Michigan",,05/30/2026,32,Layoff,Wayne
Michigan,Siena Heights University,"Adrian, Michigan",,5/9/26-6/19/26,132,Closure,Lenawee
Michigan,"Compass Group USA, Inc.","Madison Heights, Michigan",,04/06/2026,114,Facility closure,Oakland
Michigan,"Pace Industries, LLC","Muskegon, Michigan",,,145,Facility closure,Muskegon
Michigan,"General Shale, d/b/a Michigan Brick","Corunna, Michigan",,,48,Facility closure,Shiawassee
Michigan,"Main Street Sports Group, LLC","Detroit, Michigan",,04/14/2026,17,Facility closure,Wayne
Michigan,"Grouper Acquisition Company, Inc.","Galesburg, Michigan",,,160,Company closure,Kalamazoo
Michigan,"GMRI, Inc., d/b/a Bahama Breeze","Livonia, Michigan",,,66,Company closure,Wayne
Michigan,"Fluresh, LLC","Grand Rapids, Michigan",,,15,Company closure,Kent
Michigan,Our Next Energy,"Novi, Michigan",,01/06/2026,29,Layoff,Oakland
Michigan,"Great Lakes Coca-Cola Distribution, LLC","Lansing, Michigan",,04/03/2026,161,Closure,Ingham
Michigan,"Labcorp Early Development Laboratories, Inc., and Laboratory Corporation of America Holdings (“Labcorp”)","Ann Arbor, Michigan",,03/09/2026,76,Facility closure,Washtenaw
Michigan,Mercedes-Benz Financial Services USA LLC,"Farmington Hills, Michigan",,,265,Company closure,Oakland
Michigan,"C3 Industries, Inc.","Webberville, Michigan",,02/14/2026,62,Closure,Ingham
Michigan,The Common Ground Sanctuary,"Pontiac, Michigan",,02/16/2026,155,Layoff,Oakland
Michigan,Factory ZERO Detroit-Hamtramck Assembly Center,"Detroit, Michigan",,01/05/2026,"1,140",Layoff,Wayne
Michigan,United Parcel Service (UPS),"Wyoming, Michigan",,,67,Layoff,Kent
Michigan,"Oakland Stamping LLC, d/b/a AUTOKINITON","Detroit, Michigan",,,201,Facility closure,Wayne
Michigan,"Post Consumer Brands, LLC","Battle Creek, Michigan",,,71,Layoff,Calhoun
Michigan,Yanfeng,"Romulus, Michigan",,01/05/2026,192,Layoff,Wayne
Michigan,Avancez,"Hazel Park, Michigan",,12/05/2025,143,Layoff,Oakland
Michigan,The Taubman Company LLC,"Bloomfield Hills, Michigan",,01/09/2026,105,Facility closure,Oakland
Michigan,Inline Plastics,"Gladwin, Michigan",,01/11/2026,25,Facility closure,Gladwin
Michigan,"Freudenberg Battery Power Systems, LLC","Auburn Hills, Michigan",,,83,Company closure,Oakland
Michigan,"XALT Energy MI, LLC","Auburn Hills, Michigan",,,11,Company closure,Oakland
Michigan,Vista Maria,"Dearborn Heights, Michigan",,12/19/2025,154,Permanent layoff,Wayne
Michigan,"DTW North Partners JV, LLC",Detroit/Romulus,,,13,Temporary layoff,Wayne
Michigan,"Dana Thermal Products, LLC","Auburn Hills, Michigan",,10/09/2025,200,Closure,Oakland
Michigan,"IAC Mendon, LLC","Mendon, Michigan",,12/08/2025,178,Layoff,St. Joseph
Michigan,"IAC Alma, LLC","Alma, Michigan",,12/12/2025,72,Layoff,Gratiot
Michigan,"SimplyIOA, LLC",,,12/02/2025,1 remote Michigan worker,Facility closure,
Michigan,Anderton Machining,"Jackson, Michigan",,12/31/2025,41,Facility closure,Jackson
Michigan,"CNC Logistics, Inc.","Walker, Michigan",,08/27/2025,75,Facility closure,Kent
Michigan,Spirit Airlines,"Detroit, Michigan",,12/01/2025,103,Temporary layoff,Wayne
Michigan,Premier Care LLC,"Bloomfield Hills, Michigan",,11/01/2025,94,Layoff,Oakland
Michigan,Cole’s Quality Foods,"Muskegon, Michigan",,11/09/2025,175,Facility closure,Muskegon
Michigan,"Natron Energy, Inc.","Holland, Michigan",,09/03/2025,37,Closure,Ottawa (maybe Allegan as it falls into both)
Michigan,Akebono Brake Corporation,"Farmington Hills, Michigan",,10/01/2025,48,Layoff,Oakland
Michigan,DP World Contract Logistics US Inc.,"Warren, Michigan",,10/05/2025,70,Closure,Macomb
Michigan,"Davalor Mold Company, LLC","New Baltimore, Michigan",,10/03/2025,45,Layoff,Macomb
Michigan,"NPR of America, Inc.","Grand Haven, Michigan",,,64,Company closure,Ottawa
Michigan,"Community Development Institute Head Start/CDI HS Serving St. Clair County, MI","Port Huron, Michigan; Marie City, Michigan; Casco, Michigan; Yale, Michigan",,09/30/2025,60,Layoff,St. Clair
Michigan,"Utz Quality Foods, LLC","Grand Rapids, Michigan",,,75,Company closure,Kent
Michigan,"PepsiCo, Inc.","Detroit, Michigan",,08/25/2025,84,Layoff,Wayne
Michigan,SalonCentric,"Grand Rapids, Michigan",,,79,Facility closure,Kent
Michigan,Howard Miller Company,"Zeeland, Michigan and Traverse City, Michigan",,,"138 (133 Zeeland, 5 Traverse City)",Company closure,Ottawa and Grand Traverse
Michigan,BRP Marine US Inc.,"Lansing, Michigan",,,72,Mass layoff,Ingham
Michigan,Marshall Excelsior Co.,"Marshall, Michigan",,,71,Company Closure,Calhoun
Michigan,Lansing Entertainment and Public Facilities Authority (LEPFA),"Lansing, Michigan",,,181,Layoff,Ingham
Michigan,"Plasan North America, Inc.","Grand Rapids, Michigan",,,64,Mass layoff,Kent
Michigan,Webasto Roof Systems,"New Hudson, Michigan",,06/19/2025,62,Layoff,Oakland
Michigan,Auto Warehousing Company,"New Boston, Michigan",,09/01/2025,75,Facility closure,Wayne
Michigan,"Kelly Services USA, LLC",Statewide,,08/30/2025,47,Layoff,Statewide
Michigan,"TerrAscend Corp., d/b/a Gage Cannabis, Cookies, Lemonade and Pinnacle Emporium","Statewide, multiple locations",,08/31/2025,236,Multiple facility closures,"Statewide, multiple locations"
Michigan,"Oldcastle Building Envelope, d/b/a Midwest Glass","Highland, Michigan",,08/18/2025,124,Facility closure,Oakland
Michigan,Pratt (Classic Container) Inc.,"Livonia, Michigan",,08/10/2025,53,Mass layoff,Wayne
Michigan,LACROIX Electronics,"Grand Rapids, Michigan",,Commencing June 2025,115,Company closure,Kent
Michigan,"GMRI, Inc., d/b/a Bahama Breeze","Troy, Michigan",,05/15/2025,70,Facility closure,Oakland
Michigan,"Flagstar Bank, N.A.","Troy, Michigan",,06/30/2025,12,Layoff,Oakland
Michigan,"Panera, LLC Fresh Dough Facility","Romulus, Michigan",,07/23/2025,66,Facility closure,Wayne
Michigan,"Compass Group USA, Inc.",,,07/01/2025,244,Permanent layoff,
Michigan,"Quality Metalcraft, Inc.","Sterling Heights, Michigan and Livonia, Michigan",,"Beginning April 21, 2025",41,Permanent layoff,"Macomb, Wayne"
Michigan,Gannett Publishing,"Sterling Heights, Michigan",,"Beginning July 7, 2025",109,Closure,Macomb
Michigan,"Aramark Campus, LLC","Detroit, Michigan",,06/30/2025,137,Layoff,Wayne
Michigan,"Conagra Brands, Inc.","Fennville, Michigan",,,75,Closure,Allegan
Michigan,"Accelerate360 Distribution, LLC",Statewide,,06/28/2025,2 remote workers,Layoff,Statewide
Michigan,"Heartland Recreational Vehicles, LLC","Sturgis, Michigan",,,121,Closure,St. Joseph
Michigan,United States Cellular Corporation,Statewide,,06/02/2025,12 remote workers,Layoff,Statewide
Michigan,Tribar Technologies,"Wixom, Michigan",,,188,Closure,Oakland
Michigan,"Flagstar Bank, N.A.","Troy, Michigan",,06/08/2025,40,Layoff,Oakland
Michigan,"Concordia University, Inc.","Ann Arbor, Michigan",,05/31/2025,41,Layoff,Washtenaw
Michigan,"LNW Gaming, Inc.","Farmington Hills, Michigan",,04/27/2025,92,Closure,Oakland
Michigan,"Flagstar Bank, N.A.","Troy, Michigan",,04/22/2025,424,Layoff,Oakland
Michigan,Jack Cooper — Flint,"Flint, Michigan",,02/08/2025,101,Closure,Genesee
Michigan,"Sherwood Food Distributors, LLC; Harvest Meat Company Inc.; and Western Boxed Meat Inc.","Detroit, Michigan",,04/21/2025,255,Closure,Wayne
Michigan,Jack Cooper LLC,"Dimondale, Michigan",,02/08/2025,119,Closure,Eaton
Michigan,"Akasol, Inc.",,,04/14/2025,188,Closure,
Michigan,Vibracoustic USA Inc.,"Sandusky, Michigan",,"Beginning April 12, 2025",18,Layoff,Sanilac
Michigan,Evergreen Packaging LLC,"Kalamazoo, Michigan",,04/11/2025,153,Closure,Kalamazoo
Michigan,McCann,"Birmingham, Michigan",,04/05/2025,60,Layoff,Oakland
Michigan,"Michigan Spring & Stamping of Muskegon, LLC","Muskegon, Michigan",,03/14/2025,116,Closure,Muskegon
Michigan,"Lippert Components, Inc.","Chesaning, Michigan",,04/04/2025,159,Closure,Saginaw
Michigan,"US Farathane, LLC","Troy, Michigan",,03/28/2025,180,Closure,Oakland
Michigan,Macy's — Sterling Heights,"Sterling Heights, Michigan",,03/18/2025,117,Closure,Macomb
Michigan,Macy's — Troy,"Troy, Michigan",,03/18/2025,92,Closure,Oakland
Michigan,SpartanNash,"Caro, Michigan",,03/16/2025,54,Closure,Tuscola
Michigan,"Jack Cooper Transport Company, LLC","Wayne, Michigan",,02/02/2025,89,Closure,Wayne
Michigan,Pontiac General Hospital,"Pontiac, Michigan",,11/29/2024,113,Mass layoff,Oakland
New Jersey,RCHP (Reformed,,,,,,
New Jersey,"Bristol Myers Squibb (BMS) Lawrence Twp September 12/11/25, 2/12/26, 3/13/26, 3/27/26 282",,,,,,
New Jersey,Spectra Labs Rockleigh September 12/17/2025 & 12/17/25 96,,,,,,
New Jersey,BioReference Health Elmwood Park September 9/18/25 - 12/19/25 118,,,,,,
New Jersey,OceanFirst Bank Toms River September 12/18/25 114,,,,,,
New Jersey,"12/8/25, 12/14/25, 12/15/25, 12/24/25, | Citibank Jersey City September 12/27/25, 12/28/25 67",,,,,,
New Jersey,BASF Florham Park September 12/31/25 66,,,,,,
New Jersey,"Iron hill Brewery Maple Shade October 9/9/25, 9/24/25, 9/25/25 108",,,,,,
New Jersey,Club Wyndham Atlantic City Skyline Atlantic City October 12/31/25 and 1/1/26 116,,,,,,
New Jersey,Harrison Sportservice Inc. Harrison October 1/1/26 467,,,,,,
New Jersey,"West New York, Fort Lee, Morristown, Whiting | Starbucks Coffee Company Commons October 1/25/26 47",,,,,,
New Jersey,GAF Materials Parsippany October 1/15/26 & 1/17/26 106,,,,,,
New Jersey,The Park Hotel at Meadowlands East Rutherford October 11/19/25 - 12/15/25 167,,,,,,
New Jersey,Jefferson Health Cherry Hill October 1/13/26 108,,,,,,
New Jersey,DOW Jones & Company Princeton October 1/23/26 & 2/13/26 50,,,,,,
New Jersey,"Ferring Pharmaceuticals Parsippany October 1/23/26, 6/26/26, 7/31/26 64",,,,,,
New Jersey,Audible Newark October 1/26/26 67,,,,,,
New Jersey,TTEC Government Solutions Egg Harbor October 1/26/2026 120,,,,,,
New Jersey,Amazon Jersey City October 1/26/2026 72,,,,,,
New Jersey,Becton Dickinson and Company Franklin Lakes October 10/30/25 - 1/31/25 86,,,,,,
New Jersey,Heights University Hospital Jersey City October 10/25/25 - 11/9/25 206,,,,,,
New Jersey,"2/2/26 (377), 2/5/26 (4), 2/13/26 (4), | Optum Care Eden Prairie, Minnesota (Offices throughout NJ) October 2/19/26 (2), 2/27/26 (1), and 3/4/26 (2) 390",,,,,,
New Jersey,"Optum Medical Care Secaucus October 2/2/26 (120), 3/2/26 (1), and 3/4/26 (1) 122",,,,,,
New Jersey,"Optum Services Eden Prairie, Minnesota (Offices throughout NJ) October 2/2/26 and 2/19/26 49",,,,,,
New Jersey,"Optum Select Management Eden Prairie, Minnesota (Offices throughout NJ) October 2/2/26 11",,,,,,
New Jersey,Barclays Services Corporation Whippany November 2/18/26 80,,,,,,
New Jersey,UBS Weehawken November 11/4/26 - 11/6/26 58,,,,,,
New Jersey,Acme Sussex November 2/7/26 71,,,,,,
New Jersey,"Verizon Basking Ridge November 2/20/26 1,319",,,,,,
New Jersey,CMC Energy Services Hamilton December 3/2/26 89,,,,,,
New Jersey,Anheuser Busch LLC Newark December 3/11/26 - 3/24/26 151,,,,,,
New Jersey,Hudson News Distributors Parsippany December 2/6/26 - 3/16/26 236,,,,,,
New Jersey,"3/31/26, 6/30/26, 7/31/26, 9/30/26, | Everest Group Warren December 11/30/26, 12/31/26 110",,,,,,
New Jersey,Pioneer Credit Recovery Burlington December 3/31/26 180,,,,,,
New Mexico,,Hobbs,5/1/25,203,,,Lea
New Mexico,,Rio Rancho,7/16/25,227,,,Sandoval
New Mexico,,Albuquerque,7/24/25,140,,,Bernalillo
New Mexico,,Las Cruces,9/4/25,85,,,Doña Ana
Montana,Wells Fargo & Company,,2026-03-30,2026-05-30,77,,Yellowstone
Montana,Wells Fargo & Company,,2026-06-23,2026-08-22,16,,Yellowstone
Montana,Wells Fargo & Company,,2026-07-21,2026-09-19,2,,Yellowstone
Montana,"Block, Inc",,2025-03-27,2024-05-24,1,,Unknown
Montana,Gary & Leo's Fresh Foods,,2025-04-03,"5/22/2025, 5/29/2025, 6/5/2025",164,,Ravalli/Pondera/Hill
Montana,Accelerate360 Distrubution,,2025-04-25,2025-06-28,29,,Multiple
Montana,UFP Edge,,2025-07-28,2025-09-27,104,,Missoula
Montana,Zeco Systems,,2025-08-18,2025-10-25,1,,Unknown
Montana,Missoula County/Partnership Health,,2025-09-26,2025-12-31,300,,Missoula
Montana,George's Distributing,,2025-10-27,2025-12-03,112,,Lewis & Clark
Montana,Pacific Source Health,,2025-10-29,12/31/202,3,,Lewis & Clark
Montana,Exxon Mobile/Denbury Onshore LLC,,11/17/225,2026-01-15,78,,"Dawson, Fallon, Prairie and Wibaux"
Nebraska,Fortrex 0129 Madison,Madison,08/26/2026,,91,,
Nebraska,Conduent,Remote,06/26/2026,,2,,
Nebraska,"Skylark Meats, LLC",Omaha,06/26/2026,,218,,
Nebraska,Republic National Distributing Co,La Vista,05/18/2026,,87,,
Nebraska,WK Kellogg Co,Omaha,5/22/2026,,451,,
Nebraska,Tyson Extension - Lexington,Lexington,1/21/2026,,294,,
Nebraska,Fortrex 0127 Lexington,Lexington,11/26/2025,,139,,
Nebraska,Tyson - Lexington,Lexington,11/21/2025,,"3,212",,
Nebraska,ITC Federal,Lincoln,9/30/2025,,192,,
Nebraska,Burlington Trailways,Omaha,9/19/2025,,11,,
Nebraska,Safeway Store 2563,Chadron,9/9/2025,,49,,
Nebraska,Neenah Foundry,Lincoln,9/9/2025,,103,,
Nebraska,Eaton Corporation,Kearney,07/10/2025,,219,,
Nebraska,Federal Express Corporation,Omaha,06/30/2025,,102,,
Nebraska,Hyatt Corporation,Omaha/Remote,06/17/2025,,286,,
Nebraska,CommuteAir LLC,Lincoln,05/19/2025,,100,,
Nebraska,Accenture,Omaha,05/14/2025,,85,,
Nebraska,Student Transportation of America (STA),Omaha,05/12/2025,,39,,
Nebraska,"Accelerate360 Distribution, LLC",Remote,04/25/25,,13,,
Nebraska,United States Cellular Corporation (USCC),"Omaha, Papillion, Grand Island, and Remote Locations",03/26/2025,,"4,100",,
New York,420 Park FB LLC,,2026-04-06,2026-07-06,42,Closure,New York
New York,Allied Aviation Service Company of New York Inc.,,2026-05-29,2026-08-02,42,Closure,Queens
New York,Alray Car Parts Supply & Mfg. Corp.d/b/a Tinker Auto Parts,,2026-07-01,2026-08-30,20,Closure,Suffolk
New York,Alray Car Parts Supply & Mfg. Corp.d/b/a Tinker Auto Parts,,2026-07-01,2026-08-30,31,Closure,Suffolk
New York,Amazon,,2026-01-28,2026-04-28,135,Layoff,New York
New York,Amazon (Long Island),,2026-01-27,2026-04-28,71,Closure,Nassau
New York,Amazon (Long Island),,2026-01-27,2026-04-28,44,Closure,Suffolk
New York,Amazon (Western),,2026-02-27,2026-05-30,542,Closure,Erie
New York,Apple Bank,,2026-04-30,2026-08-31,26,Layoff,Westchester
New York,"AVI Foodsystems, Inc.",,2026-05-08,2026-05-31,45,Closure,Allegany
New York,Bank of America,,2026-03-19,2026-06-24,170,Closure,Erie
New York,"BMC Benchmark Management Company, LLC. (Edith Macy Center Hotel)",,2026-01-29,2026-04-30,49,Closure,Westchester
New York,"Brinker International Payroll Company, L.P.",,2026-06-30,2026-09-28,57,Closure,Nassau
New York,Bronx Parent Housing Network,,2026-05-27,2026-08-31,44,Layoff,Bronx
New York,Buffalo Newspress Inc. d/b/a BNP Empowered Print,,2026-07-09,2026-07-09,81,Closure,Erie
New York,Bush Industries Inc. d/b/a eSolutions Group,,2026-04-30,2026-04-30,237,Closure,Chautauqua
New York,Catholic Guardian Services (Rescission),,2026-01-12,2026-04-12,0,Closure,Bronx
New York,Catholic Guardian Services (Rescission),,2026-01-12,2026-04-12,0,Closure,Bronx
New York,Catholic Guardian Services (Rescission),,2026-01-12,2026-04-12,0,Closure,Bronx
New York,Catholic Guardian Services (Rescission),,2026-01-12,2026-04-12,0,Closure,Bronx
New York,Cayuga Home for Children,,2026-04-01,2026-06-30,1,Closure,Albany
New York,Cayuga Home for Children,,2026-04-01,2026-06-30,14,Closure,Cayuga
New York,Cayuga Home for Children,,2026-04-01,2026-06-30,1,Closure,Oneida
New York,Cayuga Home for Children,,2026-04-01,2026-06-30,319,Closure,New York
New York,Cazar Logistics,,2026-01-31,2026-05-03,37,Closure,New York
New York,"Citibank, N.A.",,2026-01-14,2026-04-14,820,Layoff,New York
New York,"Citigroup Global Markets, Inc.",,2026-01-14,2026-04-14,58,Layoff,New York
New York,"Citigroup Technology, Inc.",,2026-01-14,2026-04-18,3,Layoff,New York
New York,"College Association at Delhi, Inc.- SUNY Delhi",,2026-04-01,2026-06-30,53,Layoff,Delaware
New York,"Coral Graphic Services, Inc.",,2026-04-30,2026-07-30,85,Closure,Nassau
New York,DF NY One Inc. d/b/a Dreamfields,,2026-03-02,2026-03-13,13,Layoff,Westchester
New York,"Diageo North America, Inc",,2026-06-30,2026-09-30,305,Layoff,New York
New York,Dice Lion Technology LLC,,2026-03-17,2026-06-15,37,Layoff,New York
New York,"Durham School Services, LP./Monroe School Transportation, Inc.",,2026-04-21,2026-07-12,180,Closure,Monroe
New York,"Durham School Services, LP./Monroe School Transportation, Inc.",,2026-04-13,2026-07-12,78,Closure,Albany
New York,"Elevate NY, LLC.",,2026-01-27,2026-05-06,99,Layoff,Rockland
New York,Enthuse LLC,,2026-03-03,2026-03-10,13,Closure,New York
New York,"Etain, LLC.",,2026-05-05,2026-08-03,37,Closure,Warren
New York,Federal Express Corporation (Capital Region),,2026-01-13,2026-01-31,43,Layoff,Albany
New York,Federal Express Corporation (Multiple Regions),,2026-03-23,2026-08-03,31,Closure,Oneida
New York,Federal Express Corporation (Multiple Regions),,2026-03-27,2026-08-03,36,Closure,Erie
New York,Federal Express Corporation (Multiple Regions),,2026-03-23,2026-08-03,32,Closure,Chemung
New York,Federal Express Corporation (Multiple Regions),,2026-03-24,2026-08-03,12,Closure,Tompkins
New York,Federal Express Corporation (Multiple Regions),,2026-03-23,2026-08-03,31,Closure,Broome
New York,Federal Express Corporation (Multiple Regions),,2026-03-24,2026-08-03,22,Closure,Onondaga
New York,"Ferraro Foods of New York North, LLC.",,2026-07-07,2026-07-07,62,Closure,Oneida
New York,"Finger Lakes On Wheels, LLC.",,2026-03-25,2026-06-23,85,Closure,Steuben
New York,"Flagship Logistics, LLC.",,2026-05-28,2026-06-30,43,Closure,Steuben
New York,"Fresenius USA Manufacturing, Inc.",,2026-01-28,2026-04-28,56,Layoff,Orange
New York,G&L Restaurant LLC,,2026-04-14,2026-07-14,37,Closure,New York
New York,"Glossier, Inc.",,2026-02-13,2026-02-13,41,Layoff,New York
New York,GoGo Bus Tours Inc .d/b/a 2gobus,,2026-01-15,2026-03-31,75,Layoff,Kings
New York,"H&M Fashion USA, Inc.",,2026-06-05,2026-09-04,76,Layoff,New York
New York,"HNI Workplace Furnishings, LLC.",,2026-03-05,2026-08-16,123,Closure,Steuben
New York,Hyatt Corporation,,2026-07-01,2026-09-29,52,Layoff,New York
New York,Independence Care System,,2026-05-01,2026-07-30,89,Closure,Bronx
New York,"International Imaging Materials, Inc. (Armor-IIMAK)",,2026-04-27,2026-07-31,199,Closure,Erie
New York,"IPIC Theaters, LLC.",,2026-02-23,2026-05-28,58,Closure,New York
New York,Jennie B. Richmond Nursing Home,,2026-06-02,2026-08-31,37,Closure,Erie
New York,"Knight Facilities Management, Inc.",,2026-04-22,2026-04-30,2,Closure,New York
New York,"Knight Facilities Management, Inc.",,2026-04-22,2026-04-30,2,Closure,New York
New York,"Knight Facilities Management, Inc.",,2026-04-22,2026-04-30,1,Closure,New York
New York,"Knight Facilities Management, Inc.",,2026-04-22,2026-04-30,0,Closure,Queens
New York,"Knight Facilities Management, Inc.",,2026-04-22,2026-04-30,2,Closure,Nassau
New York,"Knight Facilities Management, Inc.",,2026-04-22,2026-04-30,1,Closure,Kings
New York,"Knight Facilities Management, Inc.",,2026-04-22,2026-04-30,1,Closure,Bronx
New York,"Knight Facilities Management, Inc.",,2026-04-22,2026-04-30,1,Closure,Kings
New York,"Knight Facilities Management, Inc.",,2026-04-22,2026-04-30,2,Closure,Kings
New York,"Knight Facilities Management, Inc.",,2026-04-22,2026-04-30,1,Closure,New York
New York,"Knight Facilities Management, Inc.",,2026-04-22,2026-04-30,2,Closure,Kings
New York,"Knight Facilities Management, Inc.",,2026-04-22,2026-04-30,1,Closure,Kings
New York,"Knight Facilities Management, Inc.",,2026-04-23,2026-04-30,0,Closure,New York
New York,"Knight Facilities Management, Inc.",,2026-04-22,2026-04-30,1,Closure,Kings
New York,"Knight Facilities Management, Inc.",,2026-04-22,2026-04-30,2,Closure,Bronx
New York,"Knight Facilities Management, Inc.",,2026-04-22,2026-04-30,1,Closure,Kings
New York,"Knight Facilities Management, Inc.",,2026-04-22,2026-04-30,2,Closure,Queens
New York,"Knight Facilities Management, Inc.",,2026-04-22,2026-04-30,1,Closure,Kings
New York,"Knight Facilities Management, Inc.",,2026-04-22,2026-04-30,2,Closure,Bronx
New York,"Knight Facilities Management, Inc.",,2026-04-22,2026-04-30,1,Closure,New York
New York,"Knight Facilities Management, Inc.",,2026-04-22,2026-04-30,2,Closure,New York
New York,"Knight Facilities Management, Inc.",,2026-04-22,2026-04-30,2,Closure,Kings
New York,"Knight Facilities Management, Inc.",,2026-04-22,2026-04-30,2,Closure,Bronx
New York,"Knight Facilities Management, Inc.",,2026-04-22,2026-04-30,2,Closure,Kings
New York,"Knight Facilities Management, Inc.",,2026-04-22,2026-04-30,2,Closure,Bronx
New York,"Knight Facilities Management, Inc.",,2026-04-22,2026-04-30,1,Closure,Nassau
New York,"Knight Facilities Management, Inc.",,2026-04-23,2026-04-30,2,Closure,Bronx
New York,"Knight Facilities Management, Inc.",,2026-04-22,2026-04-30,2,Closure,Bronx
New York,"Knight Facilities Management, Inc.",,2026-04-22,2026-04-30,1,Closure,Queens
New York,"Knight Facilities Management, Inc.",,2026-04-22,2026-04-30,2,Closure,Kings
New York,"Knight Facilities Management, Inc.",,2026-04-22,2026-04-30,2,Closure,Bronx
New York,"Knight Facilities Management, Inc.",,2026-04-22,2026-04-30,2,Closure,New York
New York,"Knight Facilities Management, Inc.",,2026-04-22,2026-04-30,1,Closure,New York
New York,"Knight Facilities Management, Inc.",,2026-04-22,2026-04-30,3,Closure,Queens
New York,"Knight Facilities Management, Inc.",,2026-04-22,2026-04-30,0,Closure,Kings
New York,"Knight Facilities Management, Inc.",,2026-04-22,2026-04-30,2,Closure,Bronx
New York,"Knight Facilities Management, Inc.",,2026-04-22,2026-04-30,2,Closure,Queens
New York,"Knight Facilities Management, Inc.",,2026-04-22,2026-04-30,2,Closure,Queens
New York,"Knight Facilities Management, Inc.",,2026-04-22,2026-04-30,1,Closure,Bronx
New York,"Knight Facilities Management, Inc.",,2026-04-22,2026-04-30,1,Closure,Kings
New York,"Knight Facilities Management, Inc.",,2026-04-22,2026-04-30,1,Closure,Queens
New York,"Knight Facilities Management, Inc.",,2026-04-22,2026-04-30,1,Closure,Kings
New York,"Knight Facilities Management, Inc.",,2026-04-22,2026-04-30,1,Closure,Kings
New York,"Knight Facilities Management, Inc.",,2026-04-22,2026-04-30,1,Closure,Nassau
New York,"Knight Facilities Management, Inc.",,2026-04-22,2026-04-30,2,Closure,New York
New York,"Knight Facilities Management, Inc.",,2026-04-22,2026-04-30,3,Closure,Bronx
New York,"Knight Facilities Management, Inc.",,2026-04-22,2026-04-30,2,Closure,Kings
New York,"Knight Facilities Management, Inc.",,2026-04-22,2026-04-30,2,Closure,Queens
New York,"Knight Facilities Management, Inc.",,2026-04-22,2026-04-30,2,Closure,Westchester
New York,Krispy Kreme Doughnut Corporation,,2026-01-27,2026-04-30,52,Layoff,Bronx
New York,Liberty Dental Plan Corporation,,2026-02-05,2026-05-06,2,Layoff,Nassau
New York,Lincoln Hall,,2026-01-06,2026-04-06,123,Closure,Westchester
New York,LIV Golf Incorporated and Affiliates,,2026-07-08,2026-10-06,162,Layoff,New York
New York,Lutheran Social Services of New York,,2026-04-01,2026-06-30,20,Closure,Kings
New York,Lutheran Social Services of New York,,2026-01-29,2026-03-31,37,Layoff,Bronx
New York,Lutheran Social Services of New York,,2026-04-01,2026-06-30,30,Closure,Kings
New York,Lutheran Social Services of New York,,2026-01-29,2026-03-31,20,Layoff,Bronx
New York,Lutheran Social Services of New York,,2026-04-01,2026-06-30,38,Closure,Queens
New York,"Main Street Sports Group, LLC",,2026-02-13,2026-05-14,66,Closure,New York
New York,"Maximus, Inc.",,2026-03-31,2026-06-30,176,Layoff,Monroe
New York,McKesson,,2026-02-10,2026-05-18,78,Closure,Erie
New York,"Medical Care at Home, P.C.",,2026-04-27,2026-07-24,28,Closure,New York
New York,Meta,,2026-05-20,2026-08-20,417,Layoff,New York
New York,Meta,,2026-05-20,2026-08-20,354,Layoff,New York
New York,Meta,,2026-05-20,2026-08-20,389,Layoff,New York
New York,"Mizkan America, Inc.",,2026-02-10,2026-05-11,30,Layoff,Orleans
New York,Morgan Stanley,,2026-03-05,2026-05-27,7,Layoff,New York
New York,Morgan Stanley,,2026-03-05,2026-05-27,1,Layoff,New York
New York,Morgan Stanley,,2026-03-05,2026-05-27,2,Layoff,New York
New York,Morgan Stanley,,2026-03-05,2026-05-27,82,Layoff,New York
New York,Morgan Stanley,,2026-03-05,2026-05-27,120,Layoff,New York
New York,Morgan Stanley,,2026-03-05,2026-05-27,61,Layoff,New York
New York,Morgan Stanley,,2026-03-05,2026-05-27,1,Layoff,New York
New York,"NBCUniversal Media, LLC",,2026-03-13,2026-06-11,123,Closure,New York
New York,Nespresso,,2026-01-13,2026-04-13,46,Layoff,New York
New York,NeuLion USA LLC,,2026-03-17,2026-06-15,7,Layoff,New York
New York,"NHS U.S., LLC.",,2026-03-25,2026-07-03,31,Layoff,Suffolk
New York,Novanta Corporation,,2026-07-21,2027-03-31,49,Closure,Onondaga
New York,"NY HEAT, LLC. (The Lambs Club)",,2026-03-11,2026-07-27,75,Layoff,New York
New York,NYY Steak LLC,,2026-07-02,2026-09-30,21,Closure,Bronx
New York,"OceanFirst Bank, N.A.",,2026-05-11,2026-08-10,174,Layoff,Nassau
New York,"Oracle America, Inc.",,2026-04-02,2026-07-01,62,Layoff,Westchester
New York,"Oswego Beverage Company, LLC.",,2026-05-29,2026-08-28,59,Closure,Oswego
New York,"Oswego Beverage Company, LLC.",,2026-05-29,2026-08-28,42,Closure,Jefferson
New York,"PharmaCann, Inc.",,2026-03-20,2026-06-20,130,Closure,Orange
New York,"Piedmont Airlines, Inc.",,2026-06-12,2026-09-10,88,Closure,Onondaga
New York,Pinnacle Managing Co LLC,,2026-02-20,2026-04-30,64,Closure,New York
New York,"Pomonok Home Services, Inc.",,2026-07-09,2026-10-08,226,Closure,Queens
New York,"PT OPCO, LLC d/b/a Pink Taco",,2026-02-17,2026-02-18,36,Closure,New York
New York,"Recreational Equipment, Inc.",,2026-04-24,2026-07-23,72,Closure,New York
New York,"Republic National Distributing Company New York, LLC.",,2026-05-01,2026-07-31,86,Closure,New York
New York,"Republic National Distributing Company New York, LLC.",,2026-05-01,2026-07-31,46,Closure,Onondaga
New York,"Resideo, LLC. D/B/A ADI",,2026-06-12,2026-09-15,55,Closure,Albany
New York,Rising Ground Inc.,,2026-02-20,2026-05-21,43,Layoff,Queens
New York,Rising Ground Inc.,,2026-02-20,2026-05-21,27,Layoff,Westchester
New York,Rising Ground Inc.,,2026-02-20,2026-05-21,17,Layoff,Kings
New York,Rising Ground Inc.,,2026-02-20,2026-05-21,15,Layoff,New York
New York,Rising Ground Inc.,,2026-02-20,2026-05-21,29,Layoff,Westchester
New York,Rising Ground Inc.,,2026-02-20,2026-05-21,29,Layoff,Kings
New York,Rising Ground Inc.,,2026-02-20,2026-05-21,24,Layoff,Kings
New York,Rising Ground Inc.,,2026-02-20,2026-05-21,5,Layoff,New York
New York,Rising Ground Inc.,,2026-02-20,2026-05-21,68,Layoff,Bronx
New York,"Saint-Gobain Ceramics & Plastics, Inc. (Monofrax, LLC.)",,2026-05-27,2026-09-01,79,Layoff,Chautauqua
New York,Saks & Company LLC,,2026-04-30,2026-05-01,136,Closure,New York
New York,Saks & Company LLC,,2026-04-20,2026-05-01,24,Closure,New York
New York,Saks & Company LLC,,2026-04-30,2026-05-01,3,Closure,New York
New York,Saks & Company LLC,,2026-04-30,2026-05-01,2,Closure,Nassau
New York,Saks & Company LLC,,2026-04-30,2026-05-01,8,Closure,New York
New York,"Sardi's Enterprises, Ltd.",,2026-03-25,2026-06-24,62,Closure,New York
New York,"SDH Education West, LLC d/b/a Sodexo - Binghamton University",,2026-02-26,2026-05-31,3,Closure,Broome
New York,"SDH Education West, LLC d/b/a Sodexo - Binghamton University",,2026-02-26,2026-05-31,144,Closure,Broome
New York,"SDH Education West, LLC d/b/a Sodexo - Binghamton University",,2026-02-26,2026-05-31,542,Closure,Broome
New York,Seaport Entertainment Management LLC,,2026-02-23,2026-02-23,93,Closure,New York
New York,"Sky Chefs, LLC",,2026-08-04,2026-10-07,471,Layoff,Queens
New York,"Sparus Holdings, LLC. & Southern Cross, LLC",,2026-03-31,2026-06-30,19,Layoff,Westchester
New York,"Spirit Airlines, LLC",,2026-05-02,2026-05-02,186,Closure,New York
New York,"Springer Nature America, Inc.",,2026-06-23,2026-06-23,24,Closure,New York
New York,"SY SEIT, LLC.",,2026-05-26,2026-08-31,13,Closure,Queens
New York,The Bank of Nova Scotia,,2026-02-11,2026-06-30,15,Closure,New York
New York,The Children's Village,,2026-04-01,2026-06-30,200,Closure,Westchester
New York,The Coca-Cola Company,,2026-03-02,2026-05-31,41,Layoff,Queens
New York,The Rockefeller University,,2026-04-02,2026-06-30,27,Closure,New York
New York,The Rockefeller University Hospital,,2026-03-02,2026-05-31,41,Layoff,New York
New York,TL Cannon Management Corp. - Applebee's (Capital),,2026-01-12,2026-04-12,15,Closure,Schenectady
New York,Tourmaline Bio Inc.,,2026-02-19,2026-05-29,60,Closure,New York
New York,"Ultrepet, LLC. d/b/a Evergreen Recycling, LLC.",,2026-02-24,2026-02-24,59,Closure,Albany
New York,Unique Care Ltd,,2026-03-30,2026-06-30,59,Closure,New York
New York,"University of Rochester (Childrenâs Institute, Inc.)",,2026-03-27,2026-06-30,34,Layoff,Monroe
New York,"USIC Locating Services, LLC. d/b/a Reconn Utility Services",,2026-04-01,2026-04-06,72,Layoff,Suffolk
New York,"Van Trans, LLC.",,2026-05-15,2026-09-01,297,Layoff,Westchester
New York,VanDeMark Chemical Inc.,,2026-02-24,2026-05-25,0,Closure,Niagara
New York,Villa Mary Immaculate d/b/a St. Peterâs Nursing and Rehabilitation Center (SPNRC),,2026-03-06,2026-06-30,133,Closure,Albany
New York,Vimeo.com Inc.,,2026-01-20,2026-04-20,133,Layoff,New York
New York,"WP Company, LLC",,2026-02-04,2026-05-08,47,Layoff,New York
New York,"Plug Power, Inc.",125 Vista Blvd.,"March 25, 2025","June 23, 2025",261,Economic,Albany
New York,"Bedabox, LLC d/b/a ShipMonk",5 Inez Drive,"December 16, 2024",,67,,Suffolk
New York,"Interstate Hotels, LLC. d/b/a The Roosevelt Hotel",45 East 45th Street,"March 21, 2025",,96,,New York
New York,"CYH Manhattan, LLC. d/b/a The Stewart Hotel",371 7th Avenue,"March 14, 2025",,99,,New York
New York,"Nogin Commerce, LLC.","15 West 38th Street, Unit 501","March 16, 2025",,20,,New York
New York,International AIDS Vaccine Initiative,"125 Broad Street, 9th Floor","March 14, 2025","April 11, 2025",8,Funding Loss,New York
New York,"Mental Health Association of New York City, Inc. d/b/a Vibrant Emotional Health","2488 Grand Concourse, Floor 2","February 13, 2025",,36,,Bronx
New York,"Sumitomo Rubber USA., LLC",10 Sheridan Drive,"November 7, 2024",,1380,,Erie
New York,"Amscan Inc., a Party City Holdings, Inc.",47 Elizabeth Drive,"December 20, 2024",,524,,Orange
New York,"Rapid Reliable Care by DocGo, LLC. d/b/a Rapid Reliable Care; DocGo","685 Third Avenue, 9th Floor","February 27, 2025",,360,,Kings
New York,"F21 OpCO, LLC. d/b/a Forever 21","110 E. 9th Street, Suite A500","February 19, 2025",,99,,New York
New York,"NEP Group, Inc.",2 Beta Drive,"March 1, 2025","June 2, 2025",26,Contract Expiration,New York
New York,TL Cannon Management Corp. d/b/a Applebee’s,"180 Lawrence Bell Drive, Suite100","February 24, 2025",,10,,Tompkins
New York,"Cold Spring Acquisition, LLC d/b/a Cold Spring Hills Center for Nursing and Rehabilitation",378 Syosset-Woodbury Road,"December 17, 2024",,490,,Nassau
New York,"Eaglestone, LLC, Eaglestone Holdings, LLC, Eaglestone Intermediate Holdings, LLC, and","Eaglestone Shared Services, LLC.","February 7, 2025",,6,,New York
New York,"Institute of International Education, Inc.",One World Trade Center,"March 7, 2025","March 7, 2025",2,Funding Loss,New York
New York,"Marquardt Switches, Inc.",2711 US-20,"October 1, 2024","December 31, 2024",8,Economic,Madison
New York,"Northern Lights Enterprises, Inc. d/b/a Northern Lights Candles",3474 Andover Road,"February 26, 2025","February 26, 2025",38,Relocation of Specific Business Operations,Allegany
New York,"Startek USA, Inc.","4610 South Ulster St., Suite 150","January 31, 2025","April 30, 2025",151,Contract Loss,New York
New York,"Tri Cor Direct Incorporated, an affiliate of Brady Corporation",2491 Wehrle Drive,"February 27, 2025",,112,,Erie
New York,"EEDU, LLC.",800 Riverwalk Parkway,"March 5, 2025",,129,,Erie
New York,"Pace Field Services, LLC.",41 Box Street,"February 6, 2025",,57,,Kings
New York,"UltraVolt, Inc., a wholly owned subsidiary of Advanced Energy Industries, Inc.",1800 Ocean Ave.,"October 29, 2024",,43,,Suffolk
New York,"SpencerARL New York, Inc.",31 Area Development Dr.,"July 9, 2024",,111,,Clinton
New York,The College of Saint Rose,432 Western Avenue,"February 15, 2024",,646,,Albany
New York,"Catholic Charities of Orange, Sullivan & Ulster (CCOSU)",27 Matthews Street,"February 19, 2025","May 23, 2025",33,"Economic, Other",Orange
New York,"The Pace Companies New York, Inc.",41 Box Street,"February 6, 2025",,39,,Kings
New York,"Pinnacle Thermal Solutions, LLC.",41 Box Street,"February 6, 2025",,4,,Kings
New York,"SpencerARL New York, Inc.",31 Area Development Dr.,"July 9, 2024",,111,,Clinton
New York,"Staffing Boutique, Inc.","99 Hudson Street, 5th Floor","January 27, 2025",,239,,New York
New York,"Air Products and Chemicals, Inc.",1940 Air Products Blvd.,"January 30, 2025",,28,,Erie
New York,Pace Plumbing Corporation,41 Box Street,"February 6, 2025",,214,,Kings
New York,"Watson Hotel Operator, LLC. d/b/a The Watson Hotel",440 West 57th Street,"January 21, 2025","March 31, 2025",79,Contract Termination,New York
New York,"Church World Service, Inc.",475 Riverside Dr. #700,"January 31, 2025","January 31, 2025",151,Funding Loss,New York
New York,"Mulligan Security, LLC.","7 Penn Plaza, Suite 200","January 31, 2025",,409,,Kings
New York,"Frito-Lay, Inc.",89 Mill Street,"February 18, 2025",,287,,Sullivan
New York,"Barrette Outdoor Living, Inc.",231 Ship Canal Parkway,"February 3, 2025",,93,,Erie
New York,Parsons Corporation,"100 Broadway, 20th Floor","January 26, 2024","May 10, 2024",49,Contract Expiration,New York
New York,Parsons Corporation,"100 Broadway, 20th Floor","January 26, 2024","May 10, 2024",48,Contract Expiration,New York
New York,"Macy’s Retail Holdings, Inc.",145 Progress Place,"January 9, 2025",,127,,Monroe
New York,"Marquardt Switches, Inc.",2711 US-20,"October 1, 2024","December 31, 2024",5,Economic,Madison
New York,"Mulligan Security, LLC.","7 Penn Plaza, Suite 200","January 31, 2025",,409,,Kings
New York,"Poly-Pak Industries Group, LLC.",125 Spagnoli Road,"January 29, 2025",,146,,Suffolk
New York,"QuantumScape Battery, Inc.",1730 Technology Drive,"January 28, 2025","January 28, 2025",1,Economic,Suffolk
New York,"BAMIA 2, LLC. d/b/a Reef Technology",501 Brickell Key Dr. Ste. 601,"July 1, 2024",,53,,Bronx
New York,"YANWA, LLC.","1181 Tinton Avenue, Apt. 3B","November 27, 2024",,74,,Kings
New York,"Evans Bank, National Association",6460 Main Street,"January 23, 2025","May 2, 2025",64,Merger,Erie
New York,"Crescent Duck Farm, Inc.",10 Edgar Ave.,"January 16, 2025",,45,,Suffolk
New York,"Barrie House Coffee Company, LLC.",4 Warehouse Lane,"January 10, 2025",,39,,Westchester
New York,"Publishers Clearing House, LLC","7 West 22nd Street, 10th Floor","January 15, 2025","April 18, 2025",50,Economic,Nassau
New York,"Semikron Danfoss, LLC.",330 Technology Drive,"December 18, 2024","November 1, 2024",43,Contract Loss,Oneida
New York,"Exel, Inc. d/b/a DHL Supply Chain (USA)",360 Westar Blvd.,"January 13, 2025",,116,,Richmond
New York,"LiveIntent, Inc.","1 World Trade Center, 45th Floor","October 21, 2024","October 21, 2024",35,Merger,New York
New York,"Amscan Inc., a Party City Holdings, Inc.",47 Elizabeth Drive,"December 20, 2024",,524,,Orange
New York,57th Street Associates d/b/a Rue 57,60 West 57th Street,"January 9, 2025",,60,,New York
New York,"Venture Forthe, Inc.",3900 Packard Rd.,"December 31, 2024","March 31, 2025",280,Contract Loss,Niagara
New York,"Barrie House Coffee Company, LLC.",4 Warehouse Lane,"January 10, 2025",,39,,Westchester
New York,The College of Saint Rose,432 Western Avenue,"February 15, 2024",,646,,Albany
New York,"HTx Services, L.L.C.","1 Fairchild Court, Suite 200","December 27, 2024",,86,,Nassau
New York,"East 54 Hotel Management, LLC. d/b/a Hotel Elysee",60 East 54th Street,"December 20, 2024",,49,,New York
New York,"Legends Hospitality, LLC.",450 West 33rd Street,"January 2, 2025",,68,,New York
New York,Public Health Solutions,"40 Worth Street, 4th floor","January 6, 2025",,31,,Kings
New York,"CINQ NY Health Home IPA, LLC","2300 N. Street NW, Suite 200","January 6, 2025","April 7, 2025",51,Other,Erie
New York,"Cold Spring Acquisition, LLC d/b/a Cold Spring Hills Center for Nursing and Rehabilitation",378 Syosset-Woodbury Road,"December 17, 2024",,490,,Nassau
New York,"IPRO (Island Peer Review Organization, Inc.)","1979 Marcus Avenue, Suite 105","July 15, 2024",,128,Contract Expiration,Suffolk
New York,Paramount Global,1515 Broadway,"February 13, 2024","May 17, 2024",1192,Economic,New York
New York,Paramount Global,1515 Broadway,"February 13, 2024","May 17, 2024",1178,Economic,New York
New York,"DOTC Delivery, LLC.",3537 36th Street,"April 29, 2024",,99,,Queens
North Carolina,"Conduent Commercial Solutions, LLC",Florham Park NJ,"June 30, 2026","August 28, 2026",67,Permanent Layoff,
North Carolina,"Firestone Fibers and Textiles, LLC",Kings Mountain,"January 27, 2026","April 28, 2026",77,Permanent Layoff,Gaston County
North Carolina,Parkdale Mills,Lexington,"April 9, 2026","June 7, 2026",68,Permanent Closure,Davidson County
North Carolina,Merck Sharp & Dohme LLC,Durham,"February 24, 2026","May 1, 2026",7,Permanent Layoff,Durham County
North Carolina,"Lowe's Companies, Inc.",Charlotte,"February 13, 2026","May 1, 2026",49,Permanent Layoff,Mecklenburg County
North Carolina,"Vitacost.com, Inc.",Lexington,"April 29, 2026","July 1, 2026",130,Permanent Closure,Davidson County
North Carolina,AVMAC LLC,Jacksonville,"July 23, 2026","August 23, 2026",62,Permanent Layoff,Onslow County
North Carolina,"CJ Logistics America, LLC",Rural Hall,"January 20, 2026","March 23, 2026",99,Permanent Closure,Forsyth County
North Carolina,"Down-Lite International, Inc.",Monroe,"June 4, 2026","August 14, 2026",113,Permanent Closure,Union County
North Carolina,Perdue Foods Feed Mill,Cofield,"March 16, 2026","April 19, 2026",104,Temporary Closure,Hertford County
North Carolina,Thermo Fisher Scientific,Asheville,"January 8, 2026","December 31, 2027",423,Permanent Closure,Buncombe County
North Carolina,SMBC MANUBANK,New York NY,"January 8, 2026","October 9, 2026",28,Permanent Layoff,
North Carolina,LTI Holdings Inc. DBA Boyd,Monroe,"February 11, 2026","September 1, 2026",63,Permanent Closure,Union County
North Carolina,ECU Health Home Health and Hospice,Windsor,"April 7, 2026","May 1, 2026",14,Permanent Closure,Bertie County
North Carolina,"Firestone Fibers and Textiles, LLC",Gastonia,"January 27, 2026","April 28, 2026",4,Permanent Layoff,Gaston County
North Carolina,ECU Health Home Health and Hospice,Kenansville,"April 7, 2026","May 1, 2026",37,Permanent Closure,Duplin County
North Carolina,Fortrex,Clinton,"March 3, 2026","March 20, 2026",121,Permanent Closure,Sampson County
North Carolina,ECU Health Home Health and Hospice,Ahoskie,"April 7, 2026","May 1, 2026",4,Permanent Closure,Hertford County
North Carolina,DHL Supply Chain,Rural Hall,"June 9, 2026","December 31, 2026",81,Permanent Closure,Forsyth County
North Carolina,"Avantor Fluid Handling, LLC",Morrisville,"February 6, 2026","July 10, 2026",54,Permanent Closure,Wake County
North Carolina,"Epic Games, Inc.",Cary,"March 24, 2026","March 27, 2026",211,Permanent Layoff,Wake County
North Carolina,"Barrette Outdoor Living, Inc.",Salisbury,"July 1, 2026","October 12, 2026",93,Permanent Layoff,Rowan County
North Carolina,Compass Group USA Inc. dba Chartwells,Chapel Hill,"April 9, 2026","June 12, 2026",91,Permanent Layoff,Orange County
North Carolina,"Mars Petcare US, Inc.",Henderson,"April 20, 2026","December 31, 2026",149,Permanent Closure,Vance County
North Carolina,"Elevate Textiles, Inc.",Burlington,"July 22, 2026","December 31, 2026",150,Permanent Closure,Alamance County
North Carolina,ECU Health Home Health and Hospice,Greenville,"April 7, 2026","May 1, 2026",35,Permanent Closure,Pitt County
North Carolina,"Electric Glass Fiber America, LLC",Shelby,"July 6, 2026","September 30, 2027",282,Permanent Layoff,Cleveland County
North Carolina,"Lowe's Companies, Inc.",Mooresville,"February 13, 2026","May 1, 2026",178,Permanent Layoff,Iredell County
North Carolina,"Asensus Surgical, Inc.",Morrisville,"June 16, 2026","March 31, 2027",108,Permanent Layoff,Wake County
North Carolina,ECU Health Home Health and Hospice,Greenville,"April 7, 2026","May 1, 2026",61,Permanent Closure,Pitt County
North Carolina,Wells Fargo,Raleigh,"February 3, 2026","June 27, 2026",138,Permanent Layoff,Wake County
North Carolina,Fortrex,Siler City,"January 12, 2026","February 6, 2026",170,Permanent Layoff,Chatham County
North Carolina,"Focus Services, LLC",Greenville,"February 27, 2026","April 30, 2026",94,Permanent Closure,Pitt County
North Carolina,ECU Health Home Health and Hospice,Washington,"April 7, 2026","May 1, 2026",10,Permanent Closure,Beaufort County
North Carolina,Carolina West Wireless,Wilkesboro,"June 24, 2026","August 24, 2026",127,Permanent Closure,Wilkes County
North Carolina,Parkdale Mills,Walnut Cove,"January 15, 2026","January 13, 2026",72,Permanent Closure,Stokes County
North Carolina,"Avelo Airlines, Inc.",Wilmington,"January 7, 2026","March 6, 2026",82,Permanent Closure,New Hanover County
North Carolina,Access East,Greenville,"January 20, 2026","March 31, 2026",31,Permanent Layoff,Pitt County
North Carolina,"Avelo Airlines, Inc.",Morrisville,"January 7, 2026","March 6, 2026",78,Permanent Closure,Wake County
North Carolina,Ryder,Fayetteville,"August 13, 2026","October 12, 2026",73,Permanent Layoff,Cumberland County
North Carolina,Ryder,Fort Lee,"August 13, 2026","October 12, 2026",0,Permanent Layoff,
North Carolina,"Vestis Services, LLC",Lexington KY,"June 15, 2026","August 17, 2026",1,Permanent Layoff,
North Carolina,"Red Storm Entertainment, Inc.",Cary,"March 19, 2026","September 18, 2026",105,Permanent Layoff,Wake County
North Carolina,Ubisoft,Cary,"June 10, 2026","August 10, 2026",17,Permanent Layoff,Wake County
North Carolina,Prepac Manufacturing US LLC,Whitsett,"March 3, 2026","May 2, 2026",200,Permanent Layoff,Guilford County
North Carolina,"GMRI, Inc. dba Bahama Breeze",Raleigh,"February 3, 2026","April 5, 2026",75,Permanent Closure,Wake County
North Carolina,"Lions Services, Inc.",Charlotte,"May 1, 2026","July 1, 2026",107,Permanent Layoff,Mecklenburg County
North Carolina,Merck Sharp & Dohme LLC,Durham,"February 24, 2026","May 1, 2026",147,Permanent Layoff,Durham County
North Carolina,AmeriPark LLC and Republic Parking System LLC dba Reimagined Parking,Charlotte,"March 20, 2026","June 30, 2026",188,Permanent Closure,Mecklenburg County
North Carolina,"Republic National Distributing Company, LLC",Charlotte,"June 2, 2026","August 31, 2026",39,Permanent Closure,Mecklenburg County
North Carolina,"Republic National Distributing Company, LLC",Raleigh,"June 2, 2026","August 31, 2026",14,Permanent Closure,Wake County
North Carolina,C2 Technologies,McLean VA,"March 10, 2026","March 6, 2026",9,Permanent Layoff,
North Carolina,Saks & Company LLC,Raleigh,"March 6, 2026","May 31, 2026",43,Permanent Layoff,Wake County
North Carolina,Corning Incorporated,Tarboro,"February 19, 2026","April 19, 2026",123,Permanent Closure,Edgecombe County
North Carolina,"Frito Lay, Inc.",Raleigh,"July 10, 2026","September 6, 2026",65,Permanent Closure,Wake County
North Carolina,Family Dollar,Matthews,"March 16, 2026","August 12, 2026",373,Permanent Closure,Mecklenburg County
North Carolina,"Kenco Logistic Services, LLC",Charlotte,"March 11, 2026","May 17, 2026",86,Permanent Layoff,Mecklenburg County
South Carolina,The Boeing Company,North Charleston,2/15/2025,4/4/2025 - 4/18/2025,8,Permanent Layoff,Charleston
South Carolina,Yokohama TWS North America,Spartanburg,2/18/2025,4/19/2025,90,Permanent Closure,Spartanburg
South Carolina,ASRC Federal,North Charleston,2/27/2025,7/31/2025,292,Permanent Layoff,Charleston
South Carolina,Tupperware,Hemingway,3/4/2025,4/4/2025 - 6/13/2025,102,Permanent Closure,Williamsburg
South Carolina,Proterra Powered LLC,Greer,3/6/2025,3/6/2025,85,Permanent Layoff,Greenville
South Carolina,Proterra Powered LLC,Greer,3/10/2025,3/10/2025,7,Permanent Layoff,Greenville
South Carolina,MetoKote Corporation,Greenville,4/1/2025,6/1/2025,113,Permanent Closure,Greenville
South Carolina,Hood Container,Simpsonville,4/15/2025,6/15/2025,60,Permanent Closure,Greenville
South Carolina,Limestone University,Gaffney,4/17/2025,4/30/2025,478,Permanent Closure,Cherokee
South Carolina,"Ron Group, LLC (dba Blue Sky Specialty Pharmacy)",Mt. Pleasant,5/6/2025,6/19/2025 - 7/3/2025,125,Permanent Layoff,Charleston
South Carolina,Bicycle Corporation of America (Kent),Manning,5/9/2025,6/25/2025,64,Permanent Closure,Clarendon
South Carolina,"Compass Group USA, Inc. (dba Chartwells)",Spartanburg,5/14/2025,6/30/2025,350,Permanent Layoff,Spartanburg
South Carolina,DAV-Force Inc.,Goose Creek,5/21/2025,8/1/2025 - 10/1/2025,76,Permanent Layoff,Berkeley
South Carolina,Sodexo,Summerville,5/21/2025,6/30/2025 - 7/3/2025,210,Permanent Layoff,Dorchester
South Carolina,"CACI, Inc.",Sumter,6/2/2025,7/31/2025,109,Permanent Layoff,Sumter
South Carolina,CEF Solutions Inc.,NJ 07024,6/11/2025,8/31/2025,108,Permanent Layoff,Greenville
South Carolina,"NSLC Darlington, Inc. (dba Canfor Southern Pine)",Darlington,6/26/2025,8/25/2025,120,Permanent Closure,Darlington
South Carolina,"Elliott Sawmilling Co., LLC (dba Canfor Southern Pine)",Estill,6/26/2025,8/25/2025,170,Permanent Closure,Hampton
South Carolina,"IG Design Group Americas, Inc.",Batesburg-Leesville,6/26/2025,8/26/2025,112,Permanent Closure,Lexington
South Carolina,Quality Built,FL 33301,7/7/2025,7/3/2025,3,Permanent Closure,Statewide - Mul
South Carolina,"Sodexo, Inc. and Affiliates",Rock Hill,7/11/2025,7/31/2025,177,Permanent Layoff,York
South Carolina,Cooperative Health,Columbia,7/14/2025,9/12/2025,80,Permanent Layoff,Richland
South Carolina,KIRA Services,Beaufort,7/15/2025,8/11/2025,11,Permanent Layoff,Beaufort
South Carolina,"WeDriveU, Inc.",North Charleston,7/29/2025,10/1/2025,215,Permanent Closure,Charleston
South Carolina,Anchor Bar of Myrtle Beach,6401 N. Kings Highway Myrtle Beach,8/18/2025,8/31/2025,29,Permanent Closure,Horry
South Carolina,"IG Design Group Americas, Inc.",Batesburg-Leesville,8/21/2025,10/10/2025 - 10/24/2025,1,Permanent Closure,Lexington
South Carolina,East Coast Migrant Head Start Project,NC 27612,10/17/2025,11/1/2025,9,Temporary Layoff,Statewide - Mul
South Carolina,Santee Print Works,Sumter,10/20/2025,1/30/2026,140,Permanent Closure,Sumter
South Carolina,Atkore Plastics Southeast,Fort Mill,11/6/2025,1/6/2026 - 9/30/2026,42,Permanent Layoff,York
South Carolina,Sodexo (HCA Grand Strand Medical),Myrtle Beach,11/10/2025,1/31/2026,85,Permanent Layoff,Horry
South Carolina,"Best Dressed Chicken, Inc.",Ward,11/21/2025,1/20/2026,4,Permanent Layoff,Saluda
South Carolina,House of Raeford,Nesmith,12/1/2025,11/14/2025,216,Temporary Layoff,Williamsburg
South Carolina,"SC Industrial Holdings, LLC",West Columbia,12/1/2025,1/30/2026,78,Temporary Closure,Lexington
South Carolina,Railcrew Xpress,MO 64116,12/22/2025,2/27/2026,58,Permanent Closure,Statewide - Mul
South Carolina,"WeDriveU, Inc.",North Charleston,12/28/2025,2/28/2026,194,Permanent Closure,Charleston
South Carolina,Saddle Creek Logistics Services,Duncan,1/2/2026,3/5/2026,130,Permanent Layoff,Spartanburg
South Carolina,SMBC MANUBANK (JeniusBank),NY 10172,1/8/2026,3/10/2026,3,Permanent Layoff,Statewide - Mul
South Carolina,"eREV Supply Chain, LLC",Charleston,1/14/2026,2/28/2026,133,Permanent Layoff,Charleston
South Carolina,DLH Solutions,Charleston,1/15/2026,2/28/2026,194,Permanent Layoff,Charleston
South Carolina,James Hardie Building Products Inc.,Summerville,1/15/2026,3/16/2026,78,Permanent Closure,Dorchester
South Carolina,Milliken (Cedar Hill Plant),Jonesville,2/11/2026,4/17/2026,126,Permanent Closure,Union
South Carolina,International Paper Company,Georgetown,2/18/2026,5/1/2026 - 12/31/2026,126,Permanent Closure,Georgetown
South Carolina,Koppers Inc.,Florence,2/20/2026,4/21/2026,66,Permanent Layoff,Florence
South Carolina,"First Brands Group, LLC (AVM)",East Marion,2/23/2026,2/23/2026 - 5/31/2026,64,Permanent Closure,Marion
South Carolina,"Parsec, LLC",Charleston,2/23/2026,5/1/2026,39,Permanent Closure,Charleston
South Carolina,Charter Communications,West Columbia,3/5/2026,5/7/2026,62,Permanent Closure,Lexington
South Carolina,C2 Technologies,VA 22102,3/2/2026,3/6/2026,1,Permanent Layoff,Richland
South Carolina,KPR US LLC,Camden,3/10/2026,5/15/2026,19,Permanent Closure,Kershaw
South Carolina,Textron Systems Corporation,Goose Creek,3/23/2026,5/21/2026 - 8/14/2026,58,Permanent Layoff,Berkeley
South Carolina,KPR US LLC,Camden,3/24/2026,5/29/2026,23,Permanent Closure,Kershaw
South Carolina,"ABM Industry Groups, LLC",N. Charleston,4/7/2026,4/13/2026 - 7/7/2026,122,Permanent Layoff,Charleston
South Carolina,"Industrial Plastics Group, LLC",Liberty,4/10/2026,4/10/2026,74,Permanent Layoff,Pickens
South Carolina,"Republic National Distributing Company, LLC",West Columbia,4/23/2026,6/7/2026 - 7/5/2026,451,Permanent Closure,Lexington
South Carolina,Univar Solutions USA LLC,Greer,4/21/2026,6/28/2026,99,Permanent Layoff,Spartanburg
South Carolina,"thyssenkrupp Supply Chain Services, Inc.",Greer,5/4/2026,7/5/2026,110,Permanent Layoff,Spartanburg
South Carolina,Hengst Filtration,Camden,5/6/2026,7/6/2026 - 9/30/2026,77,Permanent Layoff,Kershaw
South Carolina,"ILPEA Industries, Inc.",Anderson,5/8/2026,7/17/2026 - 7/31/2026,43,Permanent Closure,Anderson
South Carolina,"Swiss Krono, LLC",Barnwell,5/12/2026,7/11/2026 - 8/10/2026,99,Permanent Layoff,Barnwell
South Carolina,"Electrolux Consumer Products, Inc.",Anderson,5/15/2026,7/18/2026 - 12/18/2026,1245,Permanent Layoff,Anderson
South Carolina,KPR US LLC,Camden,6/1/2026,8/7/2026,13,Permanent Closure,Kershaw
South Carolina,"Conduent Commercial Solutions, LLC",NJ 07932,6/26/2026,8/28/2026,28,Permanent Layoff,Statewide - Mul
South Carolina,KPR US LLC,Camden,7/9/2026,11/1/2026,3,Permanent Closure,Kershaw
South Carolina,"ILPEA Industries, Inc.",Anderson,7/15/2026,8/21/2026 - 10/1/2026,14,Permanent Closure,Anderson
South Carolina,Smith Drug Company,Spartanburg,7/30/2026,9/30/2026 - 2/28/2027,195,Permanent Closure,Spartanburg
South Carolina,Pactiv LLC,Jackson,8/3/2026,10/6/2026 - 11/20/2026,133,Permanent Closure,Aiken
South Carolina,"80 Acres Urban Agriculture, Inc. (80 Acres Farms)",Anderson,8/3/2026,8/3/2026 - 8/17/2026,73,Permanent Layoff,Anderson
South Carolina,"Electrolux Consumer Products, Inc.",Anderson,8/11/2026,12/22/2026 - 7/30/2027,10,Permanent Layoff,Anderson
South Carolina,PepsiCo Beverages Sales LLC,Columbia,8/18/2026,10/18/2026,105,Permanent Layoff,Richland
South Carolina,"Healthcare SC, LLC",Winnsboro,8/21/2026,8/28/2026,254,Permanent Closure,Fairfield
South Carolina,The Westin Hilton Head Island Resort & Spa,Hilton Head Island,8/27/2026,11/3/2026,219,Temporary Closure,Beaufort
Utah,Point Designs,Bountiful,10/30/26,,8,,
Utah,Tyson Fresh Meats,Eagle Mountain,08/13/26,,723,,
Utah,Provo Canyon School,Provo and Springville,07/09/26,,303,,
Utah,Notions Marketing,Lindon,07/06/26,,3,,
Utah,Milestone Technologies Inc.,Eagle Mountain,04/29/26,,50,,
Utah,"Bright Planet Solar, Inc.",Provo,04/24/26,,60,,
Utah,"ProFrac Services, LLC",Vernal,03/27/26,,157,,
Utah,Genpak,Cedar City,03/25/26,,200,,
Utah,Crimson Heights,"St. George, Cedar City, Spanish Fork",03/23/26,,15,,
Utah,Nordstrom Card Services,State of Utah,02/21/26,,15,,
Utah,Sheraton,Salt Lake City,02/15/26,,100,,
Utah,Sumaria Systems Inc.,Ogden,01/13/26,,59,,
Utah,SMBC Manubank,Sandy,01/08/26,,1,,
Utah,De La Rue Authentication Solutions inc.,Utah,12/05/25,,50,,
Utah,"Insurance Office of America, Inc.",State of Utah,12/02/25,,11,,
Utah,Actavis Laboratories,Salt Lake City,11/18/25,,205,,
Utah,Revere Health,Provo,11/03/25,,177,,
Utah,Vector Defense,Draper and Bluffdale,10/30/25,,54,,
Utah,Owens Corning,Nephi,10/27/25,,67,,
Utah,Red Mountain Resort,Ivans,09/29/25,,97,,
Utah,Sundance Holdings,Salt Lake City,09/21/25,,63,,
Utah,Mau Workforce Solutions,Ogden,08/18/25,,74,,
Utah,Teva Pharmaceuticals,Salt Lake City,06/20/25,,54,,
Utah,U.S. Gypsum,Sigurd,06/16/25,,55,,
Utah,Clearfield Job Corps,Clearfield,06/2/25,,370,,
Utah,American Crafts,Orem,04/25/25,,92,,
Utah,Actavis Laboratories,Salt Lake City,04/18/25,,78,,
Utah,Athena Services International,Statewide,03/15/25,,170,,
Utah,Boostability,Lehi,03/14/25,,57,,
Utah,"Vimo, Inc",Logan (nationwide),02/19/25,,430,,
Utah,CompTia,Lehi,01/09/25,,42,,
Utah,Straight Smile,Lehi,01/06/25,,166,,
Arizona,Safeway Inc.,Phoenix,"Jan 14, 2025",,,WARN,
Arizona,DFC,Chandler,"Apr 29, 2025",,,WARN,
Arizona,ManpowerGroup US Inc.,Goodyear,"Jan 27, 2025",,,WARN,
Arizona,Nikola Corporation,Phoenix,"Feb 19, 2025",,,WARN,
Arizona,Nikola Corporation,Coolidge,"Feb 19, 2025",,,WARN,
Arizona,Behavioral Health Link,Atlanta,"Feb 19, 2025",,,WARN,
Arizona,"Veyer, LLC",Phoenix,"Feb 28, 2025",,,WARN,
Arizona,LUKE Holding Inc.,Tucson,"Feb 28, 2025",,,WARN,
Arizona,LUKE Holding Inc.,Nogales,"Feb 28, 2025",,,WARN,
Arizona,LUKE Holding Inc.,Yuma,"Feb 28, 2025",,,WARN,
Arizona,Microchip,Tempe,"Mar 03, 2025",,,WARN,
Arizona,"TXP - Transfer Express, Inc.",Chandler,"Apr 29, 2025",,,WARN,
Arizona,"Tilson Technology Management, Inc.",Chandler,"May 05, 2025",,,WARN,
Arizona,District Medical Group (Children's Rehabilitative Services),Phoenix,"Apr 25, 2025",,,WARN,
Arizona,"Block, Inc.",Oakland,"Feb 26, 2026",,,WARN,
Arizona,DLP Services,Yuma,"Mar 19, 2025",,,WARN,
Arizona,"Block, INC.",Oakland,"Mar 25, 2025",,,WARN,
Arizona,General Dynamics Information Technology,Falls Church,"Mar 28, 2025",,,WARN,
Arizona,Berger Logistics,Phoenix,"Apr 01, 2025",,,WARN,
Arizona,"Crisis Preparation & Recovery, Inc.",Phoenix,"May 06, 2025",,,WARN,
Arizona,C2 Technologies,Mc Lean,"Mar 05, 2026",,,WARN,
Arizona,"Franklin Foods, Inc.",Casa Grande,"Dec 05, 2025",,,WARN,
Arizona,Florence Immigrant & Refugee Rights Project,Phoenix,"May 16, 2025",,,WARN,
Arizona,Meyer Burger Americas,Goodyear,"May 22, 2025",,,WARN,
Arizona,Nordstrom Credit Bank,Englewood,"May 29, 2025",,,WARN,
Arizona,iQor Holdings US LLC,Tempe,"May 30, 2025",,,WARN,
Arizona,US Cellular Corporation,Chicago,"May 22, 2025",,,WARN,
Arizona,Mural Technologies,Tucson,"Jun 09, 2025",,,WARN,
Arizona,Hickman's Family Farms,Buckeye,"Jun 16, 2025",,,WARN,
Arizona,Ruan Transport Corporation,Tolleson,"Jul 01, 2025",,,WARN,
Arizona,"Sodexo, Inc and Affiliates",Glendale,"Jul 02, 2025",,,WARN,
Arizona,"Zeco Systems, Inc.",Los Angeles,"Aug 18, 2025",,,WARN,
Arizona,Cruise LLC,Phoenix,"Feb 04, 2025",,,WARN,
Arizona,"Sinomax East, Inc.",Houston,"Mar 26, 2026",,,WARN,
Arizona,"QB Intermediate Holdings, LLC, AKA Quality Built, LLC",Fort Lauderdale,"Jul 07, 2025",,,WARN,
Arizona,Nordstrom Credit Bank,Englewood,"Jun 26, 2025",,,WARN,
Arizona,Intel Corporation,Chandler,"Jul 07, 2025",,,WARN,
Arizona,"WeDriveU, Inc.",Tucson,"Jul 16, 2025",,,WARN,
Arizona,KIRA Services LLC.,Wellton,"Jul 17, 2025",,,WARN,
Arizona,"Ryder Integrated Logistics, Inc.",Yuma,"Jul 22, 2025",,,WARN,
Arizona,Gannett Publishing Services,Phoenix,"Jul 22, 2025",,,WARN,
Arizona,Nordstrom Credit Bank,Englewood,"Jul 29, 2025",,,WARN,
Arizona,Southwest Key Programs,Mesa,"Jul 31, 2025",,,WARN,
Arizona,"Freight Handlers, LLC",Phoenix,"Aug 20, 2025",,,WARN,
Arizona,Nordstrom,Centennial,"Aug 21, 2025",,,WARN,
Arizona,Intel Corporation,Chandler,"Aug 25, 2025",,,WARN,
Arizona,CyraCom International Inc.,Tucson,"Sep 04, 2025",,,WARN,
Arizona,LSG Sky Chefs,Phoenix,"Sep 04, 2025",,,WARN,
Arizona,"McGee Air Services, Inc.",Phoenix,"Sep 10, 2025",,,WARN,
Arizona,U.S Census Bureau,Tucson,"Oct 10, 2025",,,WARN,
Arizona,Buena Vista Recovery,Scottsdale,"Oct 28, 2025",,,WARN,
Arizona,Microchip,Tempe,"Oct 29, 2025",,,WARN,
Arizona,Arizona Autism,Phoenix,"Oct 30, 2025",,,WARN,
Arizona,Allied Tube and Conduit Corporation,Phoenix,"Nov 05, 2025",,,WARN,
Arizona,Evernorth Care Group,Scottsdale,"Nov 11, 2025",,,WARN,
Arizona,Nordstrom,Centennial,"Nov 17, 2025",,,WARN,
Arizona,Nordstrom,Centennial,"Nov 20, 2025",,,WARN,
Arizona,GNC Distribution Center,Phoenix,"Jan 07, 2026",,,WARN,
Arizona,"DHM Payroll - Fiesta Tempe, LLC,",Tempe,"Nov 26, 2025",,,WARN,
Arizona,"Aramark Campus, LLC",Vail,"Apr 01, 2026",,,WARN,
Arizona,"Catholic Community Services of Southern Arizona, Inc.",Tucson,"Apr 08, 2026",,,WARN,
Arizona,VisionQuest National LTD,Tucson,"Apr 09, 2026",,,WARN,
Arizona,"The Tendit Group, LLC.",Phoenix,"Apr 14, 2026",,,WARN,
Arizona,"Marsden Services, LLC",Tucson,"Apr 15, 2026",,,WARN,
Arizona,Paragon Space Development Corporation,Tucson,"Jun 12, 2026",,,WARN,
Arizona,Northpoint Expeditionary Learning Academy,Prescott,"Apr 29, 2026",,,WARN,
Arizona,"Republic National Distributing Company, LLC",Phoenix,"Apr 23, 2026",,,WARN,
Arizona,Federal Express Corporation,Phoenix,"Jun 02, 2026",,,WARN,
Arizona,DLH Solutions,Tucson,"Apr 17, 2026",,,WARN,
Arizona,Essendant,Phoenix,"Aug 04, 2026",,,WARN,
Arizona,Avelo Airlines,Mesa,"Jan 07, 2026",,,WARN,
Arizona,SMBC Group - JeniusBank,Scottsdale,"Jan 08, 2026",,,WARN,
Arizona,Benchmark,Phoenix,"Apr 29, 2026",,,WARN,
Arizona,"SDH Education West, LLC",Phoenix,"May 14, 2026",,,WARN,
Arizona,Honeywell AZ0Y,Chandler,"May 27, 2026",,,WARN,
Arizona,SMBC MANUBANK,New York,"Jun 04, 2026",,,WARN,
Arizona,"Leona Arizona Employment Group, Inc.",Phoenix,"Jun 16, 2026",,,WARN,
Arizona,"Conduent Commercial Solutions, LLC",Florham Park,"Jun 29, 2026",,,WARN,
Arizona,Southwest Key Programs,Phoenix,"Aug 06, 2025",,,WARN,
Arizona,Benchmark,Phoenix,"Jan 27, 2026",,,WARN,
Arizona,Shell Recharge Solutions,Los Angeles,"Jan 29, 2026",,,WARN,
Arizona,"Automated Harvesting, LLC.",Yuma,"Jan 30, 2026",,,WARN,
Arizona,Liberty Dental Plan,Tustin,"Feb 05, 2026",,,WARN,
Arizona,Saks & Company LLC,Phoenix,"Feb 10, 2026",,,WARN,
Arizona,"Lowe's Companies, Inc.",Mooresville,"Feb 16, 2026",,,WARN,
Arizona,Advanced Call Center Technologies (ACT),San Luis,"May 01, 2026",,,WARN,
Arizona,Ingram Micro Services LLC,Chandler,"Jun 24, 2026",,,WARN,
Arizona,"Lucid USA, Inc.",Casa Grande,"Jun 22, 2026",,,WARN,
Arizona,"Central Admixture Pharmacy Services, Inc.",Phoenix,"Jun 25, 2026",,,WARN,
Arizona,"National Distribution Centers, LLC",Waddell,"May 21, 2026",,,WARN,
Arizona,Select Medical Corporation,Tucson,"Jul 09, 2026",,,WARN,
Arizona,Infineon Technologies America Corp,Mesa,"Aug 03, 2026",,,WARN,
Arizona,SMBC MANUBANK,New York,"Aug 11, 2026",,,WARN,
Arizona,"Pinnacle Transplant Technologies, LLC",Phoenix,"Aug 17, 2026",,,WARN,
Arizona,Salad and Go,Phoenix,"Aug 04, 2026",,,WARN,
Arizona,Amentum,Chandler,"Aug 21, 2026",,,WARN,
Illinois,SCR Medical Transportation LLC,Chicago,2026-07-31 00:00:00,2026-09-30 00:00:00,241,Layoff - Permanent,Northeast 4
Illinois,"Niagara Bottling, LLC and Waters of America Company",Woodridge,2026-07-15 00:00:00,2026-09-15 00:00:00,57,Closing - Permanent,Northeast 4
Illinois,Resilience Healthcare-West Suburban Medical Center,Oak Park,2026-07-14 00:00:00,2026-08-31 00:00:00,589,Layoff - Permanent,Northeast 4
Illinois,"Simon Bros Bakery, LLC",Skokie,2026-07-14 00:00:00,2026-06-30 00:00:00,89,Closing - Permanent,Northeast 4
Illinois,"CJ Logistics America, LLC",University Park,2026-07-10 00:00:00,09/04/2026-10/30/2026,89,Closing - Permanent,Northeast 4
Illinois,"Eurofins Environment Testing North Central, LLC",Geneva,2026-07-07 00:00:00,2026-09-30 00:00:00,29,Layoff - Permanent,Northeast 4
Illinois,"INEOS Styrolution America, LLC",Channahon,2026-07-02 00:00:00,09/04/2026-12/31/2026,94,Closing - Permanent,Northeast 4
Illinois,D&H Distributing Company,Bolingbrook,2026-07-01 00:00:00,09/06/2026-04/01/2027,68,Closing - Permanent,Northeast 4
Illinois,Precision Practice Management,Waukegan,2026-07-01 00:00:00,07/01/2026-08/30/2026,34,Closing - Permanent,Northeast 4
Illinois,Sunrise Transportation,Rockford,2026-06-30 00:00:00,2026-08-30 00:00:00,204,Closing - Permanent,Northern Stateline 5
Illinois,"Techmer PM, LLC dba Colors for Plastics, Inc.",Elk Grove Village,2026-06-26 00:00:00,2026-09-30 00:00:00,68,Closing - Permanent,Northeast 4
Illinois,"Republic National Distributing Company, LLC","Niles, Romeoville",2026-06-18 00:00:00,2026-08-14 00:00:00,280,Closing - Permanent,Northeast 4
Illinois,Saddle Creek Corporation,Edwardsville,2026-06-11 00:00:00,2026-08-13 00:00:00,78,Layoff - Permanent,Southwestern 9
Illinois,Eklind Tool Company,Franklin Park,2026-06-10 00:00:00,08/10/2026-08/23/2026,112,Closing - Permanent,Northeast 4
Illinois,"Optum Services, Inc.",Moline,2026-06-05 00:00:00,2026-08-06 00:00:00,98,Closing - Permanent,Northwest 6
Illinois,Hawthorne Race Course,Stickney,2026-06-03 00:00:00,2026-07-31 00:00:00,290,Possible Closing - Permanent,Northeast 4
Illinois,Heartland Human Care Services,Chicago,2026-05-29 00:00:00,2026-06-30 00:00:00,6,Layoff - Permanent,Northeast 4
Illinois,"Randstad Inhouse Services, LLC (at Factor 75)",Burr Ridge,2026-05-22 00:00:00,2026-07-25 00:00:00,34,Closing - Permanent,Northeast 4
Illinois,MDMartin LLC,Matteson,2026-05-19 00:00:00,2026-07-18 00:00:00,160,Layoff - Permanent,Northeast 4
Illinois,"Grocery Delivery E-Services USA, Inc. dba HelloFresh",Burr Ridge,2026-05-18 00:00:00,2026-07-25 00:00:00,254,Closing - Permanent,Northeast 4
Illinois,Solo Cup Operating Corp.,Chicago,2026-05-06 00:00:00,2026-07-05 00:00:00,286,Layoff - Permanent,Northeast 4
Illinois,Crothall Healthcare at UChicago Medicine - Ingalls Memorial Hospital,Harvey,2026-05-04 00:00:00,2026-06-30 00:00:00,124,Layoff - Permanent,Northeast 4
Illinois,Ideal US Talent Worker OpCo LLC,"Minneapolis, MN",2026-05-04 00:00:00,2026-07-01 00:00:00,1395,Layoff - Permanent,multiple
Illinois,Vistra Corp. - Baldwin Power Plant,Baldwin,2026-05-04 00:00:00,02/01/2028-02/11/2028,122,Closing - Permanent,Southwestern 9
Illinois,Vistra Corp. - Kincaid Power Plant,Kincaid,2026-05-04 00:00:00,01/04/2028-01/15/2028,99,Closing - Permanent,Central 1
Illinois,Vistra Corp. - Newton Power Plant,Newton,2026-05-04 00:00:00,10/05/2027-10/16/2027,83,Closing - Permanent,Southeastern 7
Illinois,"Wargaming USA, Inc.",Chicago,2026-05-04 00:00:00,2026-07-03 00:00:00,29,Layoff - Permanent,Northeast 4
Illinois,UnityPoint Health - Rock Island Trinity West Hospital,Rock Island,2026-05-01 00:00:00,2026-07-24 00:00:00,18,Layoff - Permanent,Northwest 6
Illinois,KLEO Community Family Life Center,Chicago,2026-04-29 00:00:00,2026-06-30 00:00:00,65,Closing - Permanent,Northeast 4
Illinois,"DSV Contract Logistics, LLC",Edwardsville,2026-04-23 00:00:00,2026-07-05 00:00:00,155,Closing - Permanent,Southwestern 9
Illinois,Luttrell Staffing Group - at Freudenberg Filtration II,Belvidere,2026-04-23 00:00:00,07/16/2026-08/31/2026,114,Closing - Permanent,Northern Stateline 5
Illinois,"Iron Galaxy Studios, LLC",Chicago,2026-04-17 00:00:00,04/17/2026-07/17/2026,48,Layoff - Permanent,Northeast 4
Illinois,Gerresheimer Moulded Glass Chicago Inc.,Chicago Heights,2026-04-13 00:00:00,09/30/2026-11/30/2026,172,Closing - Permanent,Northeast 4
Illinois,Dana Incorporated,Robinson,2026-04-10 00:00:00,06/15/2026-10/01/2026,81,Closing - Permanent,Southeastern 7
Illinois,"Aramark Campus, LLC (at Plainfield Community School District)",Plainfield,2026-04-07 00:00:00,2026-05-22 00:00:00,170,Closing - Permanent,Northeast 4
Illinois,Heartland Human Care Services (International Children's Reception Center),Chicago,2026-04-01 00:00:00,2026-03-31 00:00:00,120,Closing - Permanent,Northeast 4
Illinois,Illinois Central School Bus (at Alton Community School District),Godfrey,2026-04-01 00:00:00,05/22/2026-07/01/2026,160,Closing - Permanent,Southwestern 9
Illinois,Heartland Human Care Services,Chicago,2026-04-01 00:00:00,2026-03-31 00:00:00,120,Closing - Permanent,Northeast 4
Illinois,"Hyster-Yale Materials, Inc.",Danville,2026-03-31 00:00:00,2026-06-01 00:00:00,20,Closing - Permanent,East Central 2
Illinois,Southwest Airline Co. (at O'Hare Airport),Chicago,2026-03-31 00:00:00,2026-06-04 00:00:00,107,Closing - Permanent,Northeast 4
Illinois,Walmart,Matteson,2026-03-27 00:00:00,2026-05-29 00:00:00,111,Closing - Permanent,Northeast 4
Illinois,Illinois Central School Bus,Wilmington,2026-03-20 00:00:00,05/29/2026-06/30/2026,55,Closing - Permanent,Northeast 4
Illinois,Trinity Christian College,Palos Heights,2026-03-20 00:00:00,05/04/2026-05/17/2026,107,Closing - Permanent,Northeast 4
Illinois,Windy City Supply Chain LLC,Chicago,2026-03-19 00:00:00,2026-05-24 00:00:00,105,Closing - Permanent,Northeast 4
Illinois,Aspira Inc. of Illinois,Chicago,2026-03-06 00:00:00,2026-04-03 00:00:00,57,Closing - Permanent,Northeast 4
Illinois,Saks Fifth Avenue,Chicago,2026-03-06 00:00:00,05/06/2026-05/13/2026,101,Closing - Permanent,Northeast 4
Illinois,"Millwood, Inc.",Melrose Park,2026-03-03 00:00:00,2026-05-01 00:00:00,112,Closing - Permanent,Northeast 4
Illinois,Illinois Central School Bus,Waterloo,2026-03-02 00:00:00,05/25/2026-06/30/2026,37,Closing - Permanent,Southwestern 9
Illinois,Trelleborg Sealing Solutions,Streamwood,2026-02-26 00:00:00,04/30/2026-12/31/2026,65,Closing - Permanent,Northeast 4
Illinois,"First Brands Group, LLC (Albion Air Facility)",Albion,2026-02-23 00:00:00,02/23/2026-04/10/2026,114,Closing - Permanent,Southern 8
Illinois,"First Brands Group, LLC (Albion Distribution Center)",Albion,2026-02-23 00:00:00,02/23/2026-04/10/2026,48,Closing - Permanent,Southern 8
Illinois,"First Brands Group, LLC (Albion Oil Facility)",Albion,2026-02-23 00:00:00,02/23/2026-04/10/2026,435,Closing - Permanent,Southern 8
Illinois,"First Brands Group, LLC (Albion Shared Services)","Albion, Fairfield",2026-02-23 00:00:00,02/23/2026-04/10/2026,45,Closing - Permanent,Southern 8
Illinois,"H&M Fashion USA, Inc.",Chicago,2026-02-20 00:00:00,2026-05-07 00:00:00,181,Layoff - Permanent,Northeast 4
Illinois,Heartland Human Care Services,Chicago,2026-02-17 00:00:00,03/31/2026-04/01/2026,145,Closing - Permanent,Northeast 4
Illinois,"Panera, LLC (Panera Bread)",Elk Grove Village,2026-02-13 00:00:00,03/25/2026-03/27/2026,119,Closing - Permanent,Northeast 4
Illinois,Walgreens,Deerfield,2026-02-10 00:00:00,2026-02-10 00:00:00,416,Layoff - Permanent,Northeast 4
Illinois,Walgreens,Chicago,2026-02-10 00:00:00,2026-02-10 00:00:00,52,Layoff - Permanent,Northeast 4
Illinois,Walgreens,Danville,2026-02-10 00:00:00,2026-02-10 00:00:00,1,Layoff - Permanent,East Central 2
Illinois,"Franciscan Alliance, Inc. dba Franciscan Health Olympia Fields",Olympa,2026-02-05 00:00:00,2026-04-01 00:00:00,1535,Closing - Permanent,Northeast 4
Illinois,"Franciscan Alliance, Inc. dba Specialty Physicians of Illinois, LLC",Chicago Heights,2026-02-05 00:00:00,2026-04-01 00:00:00,329,Closing - Permanent,Northeast 4
Illinois,"First Brands Group, LLC",McHenry,2026-02-03 00:00:00,02/23/2026-04/10/2026,389,Closing - Permanent,Northeast 4
Illinois,Wells Fargo,Rosemont,2026-02-03 00:00:00,03/06/2026-04/04/2026,41,Layoff - Permanent,Northeast 4
Illinois,Alverno Laboratories (at Franciscan Health Olympia Fields),Olympia Fields,2026-02-02 00:00:00,2026-04-01 00:00:00,66,Closing - Permanent,Northeast 4
Illinois,Kroger Delivery,Maywood,2026-01-30 00:00:00,02/01/2026-05/01/2026,72,Closing - Permanent,Northeast 4
Illinois,"T-Mobile USA, Inc.",Schaumburg,2026-01-30 00:00:00,2026-04-02 00:00:00,109,Layoff - Permanent,Northeast 4
Illinois,Amazon Fresh,Naperville,2026-01-28 00:00:00,2026-04-28 00:00:00,132,Closing - Permanent,Northeast 4
Illinois,Amazon Fresh,Schaumburg,2026-01-28 00:00:00,2026-04-28 00:00:00,134,Closing - Permanent,Northeast 4
Illinois,Amazon Fresh,Morton Grove,2026-01-28 00:00:00,2026-04-28 00:00:00,179,Closing - Permanent,Northeast 4
Illinois,Amazon Fresh,Oak Lawn,2026-01-28 00:00:00,2026-04-28 00:00:00,220,Closing - Permanent,Northeast 4
Illinois,Amazon Fresh,Bloomingdale,2026-01-28 00:00:00,2026-04-28 00:00:00,132,Closing - Permanent,Northeast 4
Illinois,Amazon Fresh,Norridge,2026-01-28 00:00:00,2026-04-28 00:00:00,173,Closing - Permanent,Northeast 4
Illinois,Amazon Fresh,North Riverside,2026-01-28 00:00:00,2026-04-28 00:00:00,155,Closing - Permanent,Northeast 4
Illinois,Amazon Fresh,Naperville,2026-01-28 00:00:00,2026-04-28 00:00:00,118,Closing - Permanent,Northeast 4
Illinois,Amazon Fresh,Tinley Park,2026-01-28 00:00:00,2026-04-28 00:00:00,170,Closing - Permanent,Northeast 4
Illinois,Amazon Fresh,Arlington Heights,2026-01-28 00:00:00,2026-04-28 00:00:00,132,Closing - Permanent,Northeast 4
Illinois,"Alton Steel, Inc.",Alton,2026-01-27 00:00:00,01/31/2026-07/31/2026,253,Closing - Permanent,Southwestern 9
Illinois,"GXO Logistics Supply Chain, Inc.",Romeoville,2026-01-20 00:00:00,2026-04-04 00:00:00,32,Closing - Permanent,Northeast 4
Illinois,Founders Insurance Company,Des Plaines,2026-01-05 00:00:00,2026-03-06 00:00:00,43,Layoff - Permanent,Northeast 4
Illinois,"Ryder Integrated Logistics, Inc.",Saint Elmo,2025-12-30 00:00:00,2026-02-28 00:00:00,59,Closing - Permanent,Southeastern 7
Illinois,Everest Insurance,Chicago,2025-12-22 00:00:00,2026-03-31 00:00:00,37,Layoff - Permanent,Northeast 4
Illinois,"Microplastics, Inc.",St. Charles,2025-12-19 00:00:00,2025-12-19 00:00:00,86,Layoff - Permanent,Northeast 4
Illinois,S&S Activewear,Bolinbrook,2025-12-04 00:00:00,12/04/2025-11/01/2026,195,Closing - Permanent,Northeast 4
Illinois,"APL Logistics, Ltd.",Minooka,2025-12-02 00:00:00,2026-02-28 00:00:00,100,Closing - Permanent,Northeast 4
Illinois,"10 Roads Express, LLC",Homewood,2025-12-01 00:00:00,01/30/2026-02/28/2026,55,Closing - Permanent,Northeast 4
Illinois,"Adare Pharmaceuticals, Inc.",Aurora,2025-12-01 00:00:00,02/02/2026-07/01/2026,21,Closing - Permanent,Northeast 4
Illinois,"APL Logistics, Ltd.",Minooka,2025-12-01 00:00:00,2026-01-31 00:00:00,130,Closing - Permanent,Northeast 4
Illinois,Essendant,Greenville,2025-11-20 00:00:00,2026-01-19 00:00:00,44,Closing - Permanent,Southwestern 9
Illinois,"PharmaCann, Inc.",Dwight,2025-11-14 00:00:00,2026-01-13 00:00:00,82,Closing - Permanent,North Central 3
Illinois,"Printpack, Inc.",Elgin,2025-11-12 00:00:00,2026-01-05 00:00:00,111,Closing - Permanent,Northeast 4
Illinois,"CVS Health/Oak Street Health MSO, LLC",Chicago,2025-11-07 00:00:00,01/09/2026-02/27/2026,219,Closing - Permanent,Northeast 4
Illinois,"NSI Industries, LLC dba Remke Industries, Inc.",Vernon Hills,2025-11-07 00:00:00,01/09/2026-05/30/2026,42,Closing - Permanent,Northeast 4
Illinois,Consolidated Hospitality Supplies,"Vernon Hills, Lake Bluff",2025-11-05 00:00:00,01/04/2026-01/18/2026,54,Closing - Permanent,Northeast 4
Illinois,"Norvax, LLC",Chicago,2025-11-03 00:00:00,2026-01-02 00:00:00,487,Layoff - Permanent,Northeast 4
Illinois,Spirit Airlines,Schiller Park,2025-10-31 00:00:00,2026-01-01 00:00:00,26,Closing - Temporary and Permanent,Northeast 4
Illinois,Georgia-Pacific LLC,Mount Olive,2025-10-30 00:00:00,2025-12-30 00:00:00,134,Closing - Permanent,Central 1
Illinois,"Winston Brands, Inc.",Elk Grove Village,2025-10-23 00:00:00,12/15/2025-07/26/2026,73,Closing - Permanent,Northeast 4
Illinois,"Winston Brands, Inc.",Melrose Park,2025-10-23 00:00:00,12/15/2025-06/29/2026,90,Closing - Permanent,Northeast 4
Illinois,The Fresh Market,Naperville,2025-10-14 00:00:00,2025-12-14 00:00:00,47,Closing - Permanent,Northeast 4
Illinois,Panduit Corp.,DeKalb,2025-10-13 00:00:00,12/15/2025-02/28/2026,185,Closing - Permanent,Northeast 4
Illinois,Ingersoll Rand,Princeton,2025-10-10 00:00:00,2026-03-31 00:00:00,70,Closing - Permanent,Northwest 6
Illinois,Fervalue USA LLC,Chicago,2025-10-08 00:00:00,01/01/2026-01/01/2027,72,Layoff - Permanent,Northeast 4
Illinois,"Baker & Taylor, LLC",Momence,2025-10-06 00:00:00,10/06/2025-01/23/2026,318,Closing - Permanent,Northeast 4
Illinois,Virgin Hotels Chicago,Chicago,2025-10-03 00:00:00,2025-12-15 00:00:00,180,Layoff - Permanent,Northeast 4
Illinois,"Acero Charter Schools, Inc. (at five Chicago elementary schools)",Chicago,2025-10-01 00:00:00,2026-06-10 00:00:00,152,Closing - Permanent,Northeast 4
Illinois,Chartwells at DePaul University,Chicago,2025-10-01 00:00:00,2025-11-30 00:00:00,138,Closing - Permanent,Northeast 4
Illinois,Transform SR LLC,Manteno,2025-10-01 00:00:00,2025-11-30 00:00:00,59,Closing - Permanent,Northeast 4
Illinois,"CNC Logistics, Inc.",West Chicago,2025-09-30 00:00:00,2025-09-23 00:00:00,53,Closing - Permanent,Northeast 4
Illinois,"Industrial Container Services, LLC dba Mauser Packaging Solutions",Chicago,2025-09-30 00:00:00,2025-11-21 00:00:00,168,Possible Closing - Permanent,Northeast 4
Illinois,"Carolina Therapeutic Services dba CTS Health, Inc.",Chicago,2025-09-26 00:00:00,2025-09-26 00:00:00,33,Temp. layoff - Temporary,Northeast 4
Illinois,Spirit Airlines (at O'Hare Airport),Chicago,2025-09-24 00:00:00,2025-12-01 00:00:00,64,Furlough - Temporary,Northeast 4
Illinois,"CNC Logistics, Inc.",Palatine,2025-09-23 00:00:00,2025-08-27 00:00:00,57,Closing - Permanent,Northeast 4
Illinois,Brookdale Senior Living/Brookdale Lake View,Chicago,2025-09-19 00:00:00,2025-11-17 00:00:00,117,Closing - Permanent,Northeast 4
Illinois,Rising Pharma Holdings dba Rising Pharmaceuticals,Decatur,2025-09-15 00:00:00,2025-11-15 00:00:00,86,Layoff - Permanent,Central 1
Illinois,"TouchPoint Support Services, LLC     (at Ascension Living St. Anne Place)",Rockford,2025-09-12 00:00:00,2025-10-01 00:00:00,37,Layoff - Permanent,Northern Stateline 5
Illinois,"TouchPoint Support Services, LLC     (at Ascension Living St. Joseph Village)",Freeport,2025-09-12 00:00:00,2025-10-01 00:00:00,20,Layoff - Permanent,Northern Stateline 5
Illinois,The RoomPlace and Harlem Furniture,Lombard,2025-09-08 00:00:00,2025-11-02 00:00:00,35,Closing - Permanent,Northeast 4
Illinois,"Air General, Inc. (at O'Hare Airport)",Chicago,2025-09-05 00:00:00,2025-11-08 00:00:00,55,Layoff - Permanent,Northeast 4
Illinois,Penske Logistics LLC,Naperville,2025-09-05 00:00:00,2025-11-04 00:00:00,37,Layoff - Permanent,Northeast 4
Illinois,Weiss Memorial Hospital,Chicago,2025-09-05 00:00:00,2025-10-25 00:00:00,289,Layoff - Permanent,Northeast 4
Illinois,"Revelyst, Inc.",Rantoul,2025-09-04 00:00:00,2025-11-03 00:00:00,126,Layoff - Permanent,East Central 2
Illinois,Diverse Facility Solutions,Alsip,2025-08-25 00:00:00,2025-09-30 00:00:00,276,Layoff - Permanent,Northeast 4
Illinois,"Zeco Systems, Inc.","Los Angeles, CA",2025-08-18 00:00:00,10/31/2025-12/31/2025,6,Layoff - Permanent,Multi-state
Illinois,Capital One Financial,Riverwoods,2025-08-15 00:00:00,10/17/2025-05/01/2026,215,Layoff - Permanent,Northeast 4
Illinois,"United Maintenance Company, Inc.",Chicago,2025-08-12 00:00:00,2025-09-30 00:00:00,91,Layoff - Permanent,Northeast 4
Illinois,"Claires Stores, Inc.",Hoffman Estates,2025-08-05 00:00:00,2025-08-04 00:00:00,46,Layoff - Permanent,Northeast 4
Illinois,Woodstock Christian Life Services dba Hearthstone Communities,Woodstock,2025-08-05 00:00:00,2025-09-30 00:00:00,117,Closing - Permanent,Northeast 4
Illinois,Community Development Institute Head Start,Monmouth,2025-07-31 00:00:00,2025-09-30 00:00:00,25,Layoff - Permanent,West Central 10
Illinois,"TreeHouse Foods, Inc.",Chicago,2025-07-31 00:00:00,09/29/2025-10/31/2025,80,Closing - Permanent,Northeast 4
Illinois,"Ryder Integrated Logistics, Inc.",East Moline,2025-07-29 00:00:00,2025-09-27 00:00:00,32,Layoff - Permanent,Northwest 6
Illinois,Compass Group dba TouchPoint Support Services at Prime Health Fox Knoll,Aurora,2025-07-14 00:00:00,2025-08-28 00:00:00,15,Layoff - Permanent,Northeast 4
Illinois,Compass Group dba TouchPoint Support Services at Prime Health Heritage Village,Kankakee,2025-07-14 00:00:00,2025-08-28 00:00:00,10,Layoff - Permanent,Northeast 4
Illinois,Compass Group dba TouchPoint Support Services at Prime Health Resurrection Place,Park Ridge,2025-07-14 00:00:00,2025-08-28 00:00:00,21,Layoff - Permanent,Northeast 4
Illinois,Compass Group,Joliet,2025-07-14 00:00:00,2025-08-28 00:00:00,27,Layoff - Permanent,Northeast 4
Illinois,LSC Communications MCL LLC dba Enru Logistics,Bolingbrook,2025-07-07 00:00:00,09/05/2025-10/13/2025,180,Mass Layoff - Permanent,Northeast 4
Illinois,"IG Design Group Americas, Inc.",Shorewood,2025-06-27 00:00:00,2025-08-26 00:00:00,150,Closing - Permanent,Northeast 4
Illinois,"Group 1001 Resources, LLC",Park Ridge,2025-06-25 00:00:00,10/01/2025-12/16/2025,32,Layoff - Permanent,Northeast 4
Illinois,OnCall Urgent Care,Champaign,2025-06-16 00:00:00,08/08/2025-08/22/2025,10,Closing - Permanent,East Central 2
Illinois,OnCall Urgent Care,Champaign,2025-06-16 00:00:00,08/08/2025-08/22/2025,14,Closing - Permanent,East Central 2
Illinois,OSF Cardiovascular Institute and Medical Group,Urbana,2025-06-16 00:00:00,08/08/2025-08/22/2025,40,Closing - Permanent,East Central 2
Illinois,OSF HealthCare Heart of Mary Medical Center,Urbana,2025-06-16 00:00:00,08/08/2025-08/22/2025,51,Layoff - Permanent,East Central 2
Illinois,OSF HealthCare Medical Group,Champaign,2025-06-16 00:00:00,08/08/2025-08/22/2025,6,Closing - Permanent,East Central 2
Illinois,"Tyson Warehousing Services, LLC  Rochelle Distribution Center",Rochelle,2025-06-13 00:00:00,2025-08-15 00:00:00,259,Layoff - Permanent,affected workers will be offered employment with new company; no layoffs anticipated
Illinois,"Transcendia, Inc.",Franklin Park,2025-06-06 00:00:00,08/04/2025-12/31/2025,48,Closing - Permanent,Northeast 4
Illinois,"CareerBuilder, LLC and Monster Worldwide, LLC",Chicago,2025-06-05 00:00:00,2025-08-04 00:00:00,390,Closing - Permanent,Northeast 4
Illinois,"Vonachen Group, Inc.",Pontiac,2025-06-05 00:00:00,2025-07-05 00:00:00,184,Closing - Permanent,North Central 3
Illinois,Strategix Management dba Joliet Job Corps Center,Joliet,2025-06-04 00:00:00,06/02/2025-06/30/2025,91,Closing - Permanent,Northeast 4
Illinois,"Nordstrom Credit, Inc.",Multiple,2025-06-03 00:00:00,2025-08-16 00:00:00,7,Layoff - Permanent,Northeast 4
Illinois,Momence Packing Company,Momence,2025-06-02 00:00:00,2025-08-01 00:00:00,274,Closing - Permanent,Northeast 4
Illinois,"Endries International, Inc.",Sycamore,2025-05-29 00:00:00,2025-07-31 00:00:00,16,Layoff - Permanent,Northeast 4
Illinois,"American Water Resources, LLC",Alton,2025-05-28 00:00:00,2025-07-28 00:00:00,37,Closing - Permanent,Southwestern 9
Illinois,"Demar Direct, Inc.",Lombard,2025-05-23 00:00:00,2025-07-07 00:00:00,86,Closing - Permanent,Northeast 4
Illinois,"AMETEK Bison Gear & Engineering, Inc.",St. Charles,2025-05-19 00:00:00,2025-07-21 00:00:00,167,Closing - Permanent,Northeast 4
Illinois,Bahama Breeze,Schaumburg,2025-05-15 00:00:00,2025-05-15 00:00:00,73,Closing - Permanent,Northeast 4
Illinois,"LanzaTech Global, Inc.",Skokie,2025-05-12 00:00:00,2025-06-01 00:00:00,44,Possible Layoff - Permanent,Northeast 4
Illinois,Health Alliance Medical Plans,Champaign,2025-05-08 00:00:00,07/08/2025-10/31/2026,612,Closing - Permanent,East Central 2
Illinois,First Student - Tolono IL School Dist.,Tolono,2025-05-05 00:00:00,2025-06-30 00:00:00,28,Layoff - Permanent,East Central 2
Illinois,Bristol Myers Squibb,Libertyville,2025-05-02 00:00:00,07/01/2025-02/28/2026,133,Layoff - Permanent,Northeast 4
Illinois,Cleveland-Cliffs Riverdale LLC,Riverdale,2025-05-02 00:00:00,2025-06-30 00:00:00,281,Layoff - Temporary,Northeast 4
Illinois,Amsted Rail Company,Granite City,2025-04-30 00:00:00,2025-07-04 00:00:00,74,Layoff - Permanent,Southwestern 9
Illinois,"TH Foods, Inc.",Elgin,2025-04-30 00:00:00,2025-06-30 00:00:00,33,Closing - Permanent,Northeast 4
Illinois,Oak View Group - at McCormick Place,Chicago,2025-04-29 00:00:00,2025-06-30 00:00:00,203,Layoff - Permanent,Northeast 4
Illinois,Hubbell Incorporated,Freeburg,2025-04-24 00:00:00,2025-09-01 00:00:00,110,Closing - Permanent,Southwestern 9
Illinois,Elkay Plumbing Products Company,Savanna,2025-04-22 00:00:00,04/25/2025-12/31/2025,135,Closing - Permanent,Northwest 6
Illinois,"International Flavors & Fragrances, Inc.",Thomson,2025-04-22 00:00:00,05/01/2025-05/31/2026,49,Closing - Permanent,Northwest 6
Illinois,Cardinal Logistics Management Corporation,Naperville,2025-04-14 00:00:00,06/13/2025-06/27/2025,43,Layoff - Permanent,Northeast 4
Illinois,"United Facilities, Inc.",Galesburg,2025-04-14 00:00:00,06/16/2025-09/30/2025,62,Layoff - Permanent,West Central 10
Illinois,"Starved Rock Wood Products, LLC",Mendota,2025-04-08 00:00:00,2025-06-08 00:00:00,65,Closing - Permanent,Northwest 6
Illinois,"PDS Industries, LLC & Weinstein Industries, LLC",Forest Park,2025-04-04 00:00:00,04/03/2025-04/17/2025,65,Closing - Permanent,Northeast 4
Illinois,"Acero Charter Schools, Inc. (Octavio Paz Elementary)",Chicago,2025-04-03 00:00:00,2025-06-12 00:00:00,18,Closing - Permanent,Northeast 4
Illinois,"Acero Charter Schools, Inc. (Sor Juana Ines de la Cruz K-12)",Chicago,2025-04-03 00:00:00,2025-06-30 00:00:00,58,Closing - Permanent,Northeast 4
Illinois,"KSM Electronics, Inc.",Warrenville,2025-04-01 00:00:00,2025-05-30 00:00:00,85,Layoff - Permanent,Northeast 4
Illinois,"TreeHouse Private Brands, Inc.",South Beloit,2025-03-28 00:00:00,04/01/2025-04/14/2025,129,Layoff - Permanent,Northern Stateline 5
Illinois,"Primo Brands, Inc.",Elgin,2025-03-26 00:00:00,2025-07-01 00:00:00,10,Layoff - Permanent,Northeast 4
Illinois,"Block, Inc.",Statewide,2025-03-25 00:00:00,2025-05-24 00:00:00,25,Layoff - Permanent,Multiple
Illinois,Quiet Logistics,Chicago,2025-03-20 00:00:00,05/23/2025-05/31/2025,76,Closing - Permanent,Northeast 4
Illinois,"PECO Pallet, Inc.",Chicago,2025-03-19 00:00:00,2025-05-31 00:00:00,46,Closing - Permanent,Northeast 4
Illinois,Penske Logistics LLC,Aurora,2025-03-12 00:00:00,2025-03-31 00:00:00,96,Layoff - Permanent,Northeast 4
Illinois,American Institute of Research,Chicago,2025-03-11 00:00:00,2025-05-09 00:00:00,75,Layoff - Permanent,Northeast 4
Illinois,Gilster-Mary Lee Corporation,Momence,2025-03-11 00:00:00,2025-02-11 00:00:00,69,Closing - Permanent,Northeast 4
Illinois,"Inter-Con Security Systems, Inc.",Chicago,2025-03-06 00:00:00,2025-04-03 00:00:00,338,Closing - Permanent,Northeast 4
Illinois,"Primo Brands, Inc.",Chicago,2025-03-05 00:00:00,05/05/2025-06/28/2025,22,Layoff - Permanent,Northeast 4
Illinois,"Digby's Detective and Security Agency, Inc.",Chicago,2025-02-28 00:00:00,2025-07-31 00:00:00,40,Closing - Permanent,Northeast 4
Illinois,"Elite Staffing, Inc. (at Nestle USA's Nation Pizza)",Schaumburg,2025-02-26 00:00:00,04/27/2025-05/11/2025,134,Layoff - Permanent,Northeast 4
Illinois,Labor Network (at Nestle USA's Nation Pizza),Schaumburg,2025-02-24 00:00:00,04/27/2025-05/11/2025,416,Layoff - Permanent,Northeast 4
Illinois,Heartland Health Alliance,Chicago,2025-02-11 00:00:00,2025-04-07 00:00:00,113,Closing - Permanent,Northeast 4
Illinois,Kindred Hospital - Lakeshore,Chicago,2025-02-10 00:00:00,03/19/2025-04/30/2025,74,Closing - Permanent,Northeast 4
Illinois,Kindred Hospital - Sycamore,Sycamore,2025-02-10 00:00:00,03/19/2025-04/30/2025,83,Closing - Permanent,Northeast 4
Illinois,Home Partners of America LLC,Chicago,2025-02-07 00:00:00,2025-03-31 00:00:00,179,Layoff - Permanent,Northeast 4
Illinois,Northwest Community Hospital,Arlington Heights,2025-02-07 00:00:00,03/30/2025-04/11/2025,99,Layoff - Permanent,Northeast 4
Illinois,Schirm USA,Benton,2025-02-07 00:00:00,2025-04-01 00:00:00,34,Closing - Temporary,Southern 8
Illinois,FEAM Aero (F&E Aircraft Maintenance),Schiller Park,2025-02-06 00:00:00,2025-04-07 00:00:00,42,Layoff - Permanent,Northeast 4
Illinois,"Ardagh Glass, Inc.",Dolton,2025-02-04 00:00:00,2025-05-01 00:00:00,316,Closing - Permanent,Northeast 4
Illinois,Air Wisconsin,Chicago,2025-01-30 00:00:00,2025-03-31 00:00:00,225,"Layoff - Permanent - 11, Temporary - 214",Northeast 4
Illinois,"Turnkey One Source, LLC at Arlo Chicago",Chicago,2025-01-30 00:00:00,2025-03-31 00:00:00,27,Layoff - Permanent,Northeast 4
Illinois,Barnes & Noble,Forest Park,2025-01-29 00:00:00,2025-04-01 00:00:00,107,Closing - Permanent,Northeast 4
Illinois,"Parsec, LLC",Franklin Park,2025-01-29 00:00:00,2025-04-06 00:00:00,49,Closing - Permanent,Northeast 4
Illinois,"Manpower Group US, Inc.",Aurora,2025-01-28 00:00:00,2025-03-28 00:00:00,49,Layoff - Permanent,Northeast 4
Illinois,"Manpower Group US, Inc.",Burr Ridge,2025-01-28 00:00:00,2025-03-28 00:00:00,43,Layoff - Permanent,Northeast 4
Illinois,"Manpower Group US, Inc.",Lake Zurich,2025-01-28 00:00:00,2025-03-28 00:00:00,46,Layoff - Permanent,Northeast 4
Illinois,Smurfit Westrock,Bridgeview,2025-01-28 00:00:00,2025-03-28 00:00:00,88,Closing - Permanent,Northeast 4
Illinois,"Kane County Personnel, Inc. dba Manpower",Aurora,2025-01-27 00:00:00,2025-03-28 00:00:00,99,Layoff - Permanent,Northeast 4
Illinois,"Grunt Style, LLC",Carol Stream,2025-01-24 00:00:00,2025-03-28 00:00:00,100,Closing - Permanent,Northeast 4
Illinois,"10 Roads Express, LLC",Multiple,2025-01-23 00:00:00,2025-03-23 00:00:00,84,Layoff - Permanent,"Northwest 6 (8 layoffs), West Central 10 (15), North Central 3 (61)"
Illinois,Hard Rock International STP dba Hard Rock Café Chicago,Chicago,2025-01-17 00:00:00,2025-03-29 00:00:00,55,Closing - Permanent,Northeast 4
Illinois,"Timberline Knolls, TK Behavioral, LLC","Lemont, Orland Park",2025-01-15 00:00:00,2025-03-16 00:00:00,229,Closing - Permanent,Northeast 4
Illinois,The Computing Technology Industry Association,Downers Grove,2025-01-14 00:00:00,2025-01-09 00:00:00,47,Layoff - Permanent,Northeast 4
Illinois,MacLellan Integrated Services (at Rivian Automotive),Normal,2025-01-09 00:00:00,2025-03-03 00:00:00,76,Layoff - Permanent,North Central 3
Illinois,Cherry Circle Room and Game Room,Chicago,2025-01-07 00:00:00,2025-02-28 00:00:00,154,Closing - Permanent,Northeast 4
Illinois,Compass Group dba TouchPoint Support Services at Ascension Saint Joseph,Multiple,2025-01-07 00:00:00,2025-03-01 00:00:00,451,Closing - Permanent,Northeast 4
Illinois,"Innovation Group North America, Inc.",Schaumburg,2025-01-07 00:00:00,03/07/2025-09/30/2025,105,Layoff - Permanent,Northeast 4
Illinois,Sandra Holdings LLC,Multiple,2025-01-03 00:00:00,2025-03-05 00:00:00,306,Closing - Permanent,Northeast 4
Massachusetts,P1 Logistics LLC,Littleton,2026-08-24 00:00:00,10/24/2026-12/23/2026,77,,Central
Massachusetts,"Noble Equity Holdings LLC, Noble.com, LLC, Noble Supply & Logistics, LLC (f/k/a Noble Sales Co. Inc.), Tactical & Survival Specialties, LLC (f/k/a Tactical & Survival Specialties, Inc.), Federal Resource Supply Company, LLC (f/k/a Federal Resource Supply Company), and K.D. Analytical Consulting, LLC (aka Noble)",Boston,2026-08-17 00:00:00,10/09/2026-10/23/2026,59,,Boston
Massachusetts,*Updated* Thermo Fisher Scientific,Franklin,2026-08-13 00:00:00,10/16/2026-03/31/2027,15,,Metro Southwest
Massachusetts,"Postal Center International, Inc. (aka PCI)",Franklin,2026-08-13 00:00:00,08/13/2026-09/30/2026,112,,Metro Southwest
Massachusetts,"*Updated* EMD Serono Research Development Institute, Inc.",Billerica,2026-08-12 00:00:00,10/16/2026-10/30/2026,20,,Northeast
Massachusetts,SMBC Manubank (aka JeniusBank),Remote,2026-08-11 00:00:00,2026-10-09 00:00:00,3,,
Massachusetts,"*Updated* Community Healthlink, Inc. (aka CHL)","Worcester, Leominster",2026-08-10 00:00:00,2026-10-09 00:00:00,639,,Central
Massachusetts,Blueprint Medicines Corporation (aka Sanofi Company Blueprint),Cambridge,2026-08-07 00:00:00,10/09/2026--06/25/2027,229,,Boston
Massachusetts,National Express Transit Corp. (dba Kiessling of Attleboro),"Taunton, Wareham",2026-08-07 00:00:00,2026-09-15 00:00:00,162,,Southeast
Massachusetts,"Pure Safety Group, Inc (dba Guardian Fall)",Franklin,2026-08-06 00:00:00,2026-10-02 00:00:00,5,,Metro Southwest
Massachusetts,"*Updated* Community Healthlink, Inc. (aka CHL)","Worcester, Leominster",2026-07-31 00:00:00,2026-09-16 00:00:00,236,,Central
Massachusetts,"*Updated* Community Healthlink, Inc. (aka CHL)","Worcester, Leominster",2026-07-30 00:00:00,2026-09-16 00:00:00,234,,Central
Massachusetts,"*Updated* Community Healthlink, Inc. (aka CHL)","Worcester, Leominster",2026-07-15 00:00:00,2026-09-16 00:00:00,231,,Central
Massachusetts,"SDH Education East, LLC (aka Sodexo at Bentley University)",Waltham,2026-07-09 00:00:00,2026-08-11 00:00:00,173,,Metro Southwest
Massachusetts,"Joymark, Inc. (dba G2O Spa + Salon)",Boston,2026-07-06 00:00:00,2026-08-31 00:00:00,55,,Boston
Massachusetts,"EMD Serono Research Development Institute, Inc.",Billerica,2026-07-06 00:00:00,2026-09-04 00:00:00,70,,Northeast
Massachusetts,"Laboure College of Healthcare, Inc.",Milton,2026-07-01 00:00:00,08/30/2206-06/30/2027,65,,Southeast
Massachusetts,"*Updated* Community Healthlink, Inc. (aka CHL)","Leominster, Webster, Worcester",2026-06-26 00:00:00,2026-08-31 00:00:00,131,,Central
Massachusetts,"Peabody Opco, LLC (fka Christianbook, LLC) and Peabody Fulfillment, LLC (fka Christianbook Fulfillment, LLC) (aka Christianbook Entities)",Peabody,2026-06-24 00:00:00,2026-08-31 00:00:00,125,,Northeast
Massachusetts,The Coca-Cola Company,Northampton,2026-06-15 00:00:00,08/15/2026-11/30/2026,175,,Western
Massachusetts,SMBC Manubank dba JeniusBank,Statewide,2026-06-05 00:00:00,2026-08-03 00:00:00,2,,Statewide
Massachusetts,"*Updated* Community Healthlink, Inc. aka CHL","Leominster, Webster, Worcester",2026-06-04 00:00:00,2026-07-31 00:00:00,127,,Central
Massachusetts,Jabil Inc. aka Jabal - Clinton JHC,Clinton,2026-06-02 00:00:00,08/01/2026-12/01/2026,103,,Central
Massachusetts,Chase Corporation,Oxford,2026-06-01 00:00:00,08/01/2026-12/31/2026,72,,Central
Massachusetts,*Updated* South Shore Elder Services,Braintree,2026-05-26 00:00:00,06/01/2026-6/30/2026,131,,Southeast
Massachusetts,"MCAT, LLC (dba Harborview Treatment)",Cohasset,2026-05-21 00:00:00,2026-05-20 00:00:00,66,,Southeast
Massachusetts,"*Updated* WestRock Services, LLC (aka WestRock and Smurfit Westrock)",Wakefield,2026-05-18 00:00:00,05/18/2026-05/31/2026,24,,Boston
Massachusetts,"Aramark Campus, LLC (dba Aramark)",Lowell,2026-05-13 00:00:00,2026-07-14 00:00:00,54,,Northeast
Massachusetts,"Dover Saddlery, Inc.",Littleton,2026-05-07 00:00:00,07/07/2026-07/20/2026,112,,Central
Massachusetts,"*Updated* Community Healthlink, Inc. (aka CHL)","Leominster, Webster, Worcester",2026-05-07 00:00:00,06/30/2026-07/06/2026,84,,Central
Massachusetts,"Christianbook, LLC and Christianbook Fulfillment, LLC (dba Christianbook Entities)",Peabody,2026-05-05 00:00:00,2026-07-06 00:00:00,50,,Northeast
Massachusetts,Managed Services-IDS (dba Cardinal Health),Tewksbury,2026-05-01 00:00:00,2026-06-30 00:00:00,58,,Northeast
Massachusetts,Community Counseling of Bristol County (aka CCBC),"Attleboro, Brockton, Fall River, New Bedford, Taunton",2026-05-01 00:00:00,06/30/2026-07/13/2026,52,,Southeast
Massachusetts,"Compass Group USA, Inc.",Boston,2026-05-01 00:00:00,2026-07-01 00:00:00,83,,Boston
Massachusetts,"Community Healthlink, Inc. (aka CHL)","Leominster, Webster, Worcester",2026-05-01 00:00:00,2026-06-30 00:00:00,78,,Central
Massachusetts,"Innovative Care Partners, LLC (aka ICP)","Northampton, Pittsfield, West Springfield",2026-04-29 00:00:00,2026-06-30 00:00:00,70,,Western
Massachusetts,Anna Maria College,Paxton,2026-04-23 00:00:00,06/22/2026-06/30/2026,150,,Central
Massachusetts,KAC Logistics,East Taunton,2026-04-22 00:00:00,2026-06-16 00:00:00,40,,Southeast
Massachusetts,Hampshire College,Amherst,2026-04-21 00:00:00,06/16/2026-12/31/2026,199,,Western
Massachusetts,"Replimune, Inc.",Framingham,2026-04-17 00:00:00,04/17/2026-04/24/2026,80,,Metro Southwest
Massachusetts,"*Updated* Replimune, Inc.",Woburn,2026-04-17 00:00:00,04/17/2026-04/24/2026,81,,Boston
Massachusetts,Aloha Logistics LLC,Taunton,2026-04-15 00:00:00,2026-04-17 00:00:00,10,,Southeast
Massachusetts,"Replimune, Inc.",Woburn,2026-04-13 00:00:00,04/13/2026-04/24/2026,63,,Boston
Massachusetts,South Shore Elder Services,Braintree,2026-04-03 00:00:00,06/01/2026-06/30/2026,52,,Southeast
Massachusetts,"Clover Fast Food, Inc. (Clover)",Cambridge,2026-03-30 00:00:00,2026-05-29 00:00:00,182,,Boston
Massachusetts,Walmart,Worcester,2026-03-29 00:00:00,2026-05-29 00:00:00,90,,Central
Massachusetts,"Takeda Pharmaceuticals USA, Inc. dba Takeda",Cambridge,2026-03-25 00:00:00,07/01/2026-12/31/2027,247,,Boston
Massachusetts,*Updated* Charles River Laboratories,Wilmington,2026-03-25 00:00:00,04/24/2026-07/10/2026,71,,Boston
Massachusetts,"*Updated* Revvity, Inc.",Boston,2026-03-24 00:00:00,06/01/2026-03/31/2027,29,,Boston
Massachusetts,"Compass Grou USA, Inc. dba Chartwells",Boston,2026-03-24 00:00:00,2026-05-27 00:00:00,76,,Boston
Massachusetts,"WestRock Services, LLC (aka WestRock or Westrock Smurfit)",Wakefield,2026-03-18 00:00:00,2026-05-18 00:00:00,91,,Boston
Massachusetts,*Updated* Boston Electrometallurgical Corporation (dba Boston Metal),Woburn,2026-03-12 00:00:00,2026-04-21 00:00:00,71,,Boston
Massachusetts,"Goulet Trucking, Inc.",South Deerfield,2026-03-02 00:00:00,2026-04-18 00:00:00,144,,Western
Massachusetts,Boston Electrometallurgical Corporation (dba Boston Metal),Woburn,2026-02-20 00:00:00,2026-03-14 00:00:00,71,,Boston
Massachusetts,*Updated* Charles River Laboratories,Wilmington,2026-02-19 00:00:00,04/24/2026-07/24/2026,71,,Boston
Massachusetts,"Legends Global (dba Legends Attractions, LLC and Legends Music, LLC)",Boston,2026-02-18 00:00:00,2026-04-22 00:00:00,41,,Boston
Massachusetts,"AE Regional Distribution Co., LLC (formerly known as Quiet Logistics, Inc.)",Devens,2026-02-11 00:00:00,04/12/2026-05/06/2026,103,,Central
Massachusetts,Saks & Company LLC (dba Neiman Marcus),Boston,2026-02-10 00:00:00,04/11/2026-04/30/2026,73,,Boston
Massachusetts,Garlock Flexibles,Gardner,2026-02-09 00:00:00,04/30/2026-09/30/2026,91,,Central
Massachusetts,Smithfield Packaged Meats Corp.,Springfield,2026-02-06 00:00:00,04/10/2026-09/11/2026,190,,Western
Massachusetts,"Zipcar, Inc. dba Zipcar",Boston,2026-01-30 00:00:00,04/01/2026-04/14/2026,65,,Boston
Massachusetts,"Panera, LLC dba Panera",Franklin,2026-01-26 00:00:00,03/25/2026-03/27/2026,92,,Metro Southwest
Massachusetts,Thermo Fisher Scientific,Franklin,2026-01-23 00:00:00,12/31/2026-12/31/2027,103,,Metro Southwest
Massachusetts,"Medford CPL, Inc.",Medford,2026-01-16 00:00:00,2026-03-17 00:00:00,63,,Boston
Massachusetts,"Takeda Pharmaceuticals America, Inc. (dba Takeda)",Cambridge,2026-01-15 00:00:00,2026-01-14 00:00:00,3,,Boston
Massachusetts,CRRC MA,Springfield,2026-01-15 00:00:00,2026-03-16 00:00:00,180,,Western
Massachusetts,SMBC Manubank (dba JeniusBank),Statewide,2026-01-14 00:00:00,2026-03-10 00:00:00,161,,Statewide
Massachusetts,"Curia Global, Inc.",Burlington,2026-01-14 00:00:00,03/10/2026-06/01/2026,81,,Boston
Massachusetts,"Labcorp Early Development Laboratories, Inc., and Laboratory Corporation of America Holding (dba Labcorp)",Bedford,2026-01-08 00:00:00,03/09/2026-01/14/2027,94,,Metro Southwest
Massachusetts,"Tessera Therapeutics, Inc.",Somerville,2026-01-07 00:00:00,2026-03-08 00:00:00,82,,Boston
Massachusetts,"Smyth Companies, LLC",Wilmington,2025-12-19 00:00:00,03/01/2026-07/01/2026,69,,Boston
Massachusetts,"*Updated* Charles River Laboratories, Inc.",Wilmington,2025-12-16 00:00:00,01/06/2026-06/26/2026,71,,Boston
Massachusetts,"ImmunityBio, Inc.",Woburn,2025-12-08 00:00:00,2026-01-30 00:00:00,1,,Boston
Massachusetts,Eastern Bank,Brockton,2025-12-08 00:00:00,02/21/2026-05/31/2026,75,,Southeast
Massachusetts,"Rebel Restaurants, Inc. (dba Tony C's and Temazcal)",Boston,2025-12-08 00:00:00,2026-01-31 00:00:00,84,,Boston
Massachusetts,"Dental Benefit Management, Inc. (dba BeneCare Dental Plans)",Worcester,2025-12-02 00:00:00,01/31/2026-03/31/2026,50,,Central
Massachusetts,"*Updated* Revvity, Inc.",Lawrence,2025-12-01 00:00:00,12/09/2025-12/31/2026,52,,Northeast
Massachusetts,"SynQor, Inc.",Boxborough,2025-11-25 00:00:00,02/01/2026-04/01/2026,250,,Metro Southwest
Massachusetts,Nordstrom,Statewide,2025-11-20 00:00:00,03/01/2026-04/30/2026,2,,Statewide
Massachusetts,"Charles River Laboratories, Inc.",Wilmington,2025-11-07 00:00:00,01/06/2026-06/26/2026,68,,Boston
Massachusetts,Empire Hospitality LLC (dba Westford Regency Inn & Conference Center),Westford,2025-10-16 00:00:00,2025-12-19 00:00:00,62,,Northeast
Massachusetts,The Fresh Market,Framingham,2025-10-14 00:00:00,2025-12-14 00:00:00,50,,Metro Southwest
Massachusetts,"Revvity, Inc.",Lawrence,2025-10-08 00:00:00,01/01/2026-12/31/2026,51,,Northeast
Massachusetts,"*Updated* Revvity, Inc.",Boston,2025-10-03 00:00:00,11/01/2025-08/31/2028,76,,Boston
Massachusetts,"Takeda Development Center Americas, Inc.",Cambridge,2025-10-01 00:00:00,01/01/2026-07/31/2026,137,,Boston
Massachusetts,"*Updated* AlerisLife, Inc.",Newton,2025-09-30 00:00:00,11/03/2025-03/31/2026,179,,Metro Southwest
Massachusetts,"TJX Companies, Inc.",Boston,2025-09-22 00:00:00,2026-01-05 00:00:00,117,,Boston
Massachusetts,"Piedmont Airlines, Inc.",Boston,2025-09-22 00:00:00,2025-11-18 00:00:00,61,,Boston
Massachusetts,"Revvity, Inc.",Boston,2025-09-10 00:00:00,11/01/2025-08/31/2028,74,,Boston
Massachusetts,"AlerisLife, Inc.",Newton,2025-09-03 00:00:00,11/03/2025-12/31/2025,179,,Metro Southwest
Massachusetts,"NGP Management, LLC (Dunkin' Franchisee)",Haverhill,2025-09-02 00:00:00,11/03/2025-11/27/2025,74,,Northeast
Massachusetts,"Airborn, a Molex Company",Taunton,2025-08-20 00:00:00,12/31/2025-12/31/2026,86,,Southeast
Massachusetts,Tuscan Brands Kitchen,Burlington,2025-08-19 00:00:00,2025-08-04 00:00:00,38,,Boston
Massachusetts,"SDH Services East, LLC dba Sodexo",Brockton,2025-08-18 00:00:00,2025-09-30 00:00:00,64,,Southeast
Massachusetts,"*Updated* Kovalus Separation Solutions, LLC",Wilmington,2025-08-08 00:00:00,10/15/2025-12/01/2025,80,,Boston
Massachusetts,"Cold Chain Technologies, LLC",Franklin,2025-08-04 00:00:00,10/01/2025-12/31/2025,82,,Metro Southwest
Massachusetts,Ayr Wellness Massachusetts - M3,Milton,2025-07-31 00:00:00,2025-09-29 00:00:00,157,,Central
Massachusetts,"Sarepta Therapeutics, Inc.","Cambridge, Andover, Bedford",2025-07-17 00:00:00,2025-07-18 00:00:00,493,,"Boston, Northeast, Metro Southwest"
Massachusetts,GSK plc.,Cambridge,2025-07-16 00:00:00,10/04/2025-03/31/2026,150,,Boston
Massachusetts,"Hannaford Bros. Co., LLC",Marlborough,2025-07-14 00:00:00,2025-09-13 00:00:00,160,,Metro Southwest
Massachusetts,"Azurity Pharmaceuticals, Inc.",Wilmington,2025-07-08 00:00:00,09/12/2025-12/31/2025,75,,Boston
Massachusetts,S&C Corp,Bridgewater,2025-07-02 00:00:00,2025-06-15 00:00:00,63,,Southeast
Massachusetts,"Sage Therapeutics, Inc.",Cambridge,2025-06-26 00:00:00,2025-08-22 00:00:00,338,,Boston
Massachusetts,First Wave Logistics LLC,Bridgewater,2025-06-25 00:00:00,06/17/20225-07/15/2025,72,,Southeast
Massachusetts,Unistress Corp. & Berkshire Concrete Corp.,Pittsfield,2025-06-25 00:00:00,07/07/2025-08/25/2025,233,,West
Massachusetts,"ImmunityBio, Inc.",Woburn,2025-06-11 00:00:00,07/29/2025-08/12/2025,3,,Boston
Massachusetts,"Feeney Brothers Excavation, LLC",Worcester,2025-05-28 00:00:00,04/15/2025-05/16/2025,76,,Central
Massachusetts,"Vor Biopharma, Inc.",Cambridge,2025-05-28 00:00:00,05/08/2025-07/15/2025,155,,Boston
Massachusetts,Brightcove Inc. (Updated),Boston,2025-05-23 00:00:00,05/23/2025-08/31/2025,1,,Boston
Massachusetts,"Factory Motor Parts (""FMP"")",Avon,2025-05-20 00:00:00,2025-05-23 00:00:00,67,,Metro Southwest
Massachusetts,Berkeley Retirement Home,Lawrence,2025-05-19 00:00:00,2025-08-31 00:00:00,43,,Northeast
Massachusetts,GMRI Inc. dba Bahama Breeze,Tyngsborough,2025-05-15 00:00:00,2025-05-15 00:00:00,73,,Northeast
Massachusetts,"Feeney Brothers Excavation, LLC (Updated)",Boston,2025-05-12 00:00:00,2025-05-02 00:00:00,15,,Boston
Massachusetts,Rockland Trust Company,Lowell,2025-05-12 00:00:00,07/01/2025-12/31/2025,125,,three locations in Lowell
Massachusetts,Lockheed Martin Missiles and Fire Control,Andover,2025-05-06 00:00:00,2025-07-05 00:00:00,64,,Northeast
Massachusetts,"Feeney Brothers Excavation, LLC",Lawrence,2025-05-05 00:00:00,2025-05-02 00:00:00,5,,Northeast
Massachusetts,"Making Opportunities Count, Inc.",Ayer,2025-05-02 00:00:00,2025-06-30 00:00:00,11,,Central
Massachusetts,"Making Opportunities Count, Inc.",Auburn,2025-05-02 00:00:00,2025-06-30 00:00:00,8,,Central
Massachusetts,"Making Opportunities Count, Inc.",Milford,2025-05-02 00:00:00,2025-06-30 00:00:00,6,,Central
Massachusetts,"Making Opportunities Count, Inc.",Concord,2025-05-02 00:00:00,2025-06-30 00:00:00,11,,Metro Southwest
Massachusetts,"Feeney Brothers Excavation, LLC",Boston,2025-04-30 00:00:00,2025-12-31 00:00:00,20,,Boston
Massachusetts,Symbotic LLC,Andover,2025-04-29 00:00:00,2025-06-27 00:00:00,400,,Northeast
Massachusetts,Bard College at Simon's Rock,Great Barrington,2025-04-28 00:00:00,06/30/2025-12/31/2025,116,,
Massachusetts,SambaNova,Remote,2025-04-23 00:00:00,2025-04-22 00:00:00,2,,Remote
Massachusetts,"Ono Pharma USA, Inc.(the""Company"" or ""OPUS"")",Cambridge,2025-04-22 00:00:00,2025-06-30 00:00:00,83,,Boston
Massachusetts,"WeDriveU DBA Kiessling Transit, Inc.",Farmington,2025-04-21 00:00:00,2025-06-30 00:00:00,7,,Metro Southwest
Massachusetts,"Brockton Neighborhood Health Center, Inc. (BNHC)",Brockton,2025-04-17 00:00:00,2025-04-16 00:00:00,65,,Southeast
Massachusetts,"Feeney Brothers Excavation, LLC",Lawrence,2025-04-16 00:00:00,04/25/2025-07/31/2025        ,30,,Northeast
Massachusetts,"Mural Oncology, Inc.",Waltham,2025-04-16 00:00:00,06/14/2025-11/01/2025,117,,Metro Southwest
Massachusetts,"Polyfoam, LLC (d.b.a., Altor Solutions)",Northbridge,2025-04-11 00:00:00,2025-06-09 00:00:00,83,,Central
Massachusetts,"WeDriveU DBA Kiessling Transit, Inc.",Framingham,2025-04-09 00:00:00,2025-06-30 00:00:00,124,,Metro Southwest
Massachusetts,"Making Opportunities Count, Inc.",Watertown,2025-04-04 00:00:00,2025-06-30 00:00:00,8,,Metro Southwest
Massachusetts,"Making Opportunities Count, Inc.",Gardner,2025-04-04 00:00:00,2025-06-30 00:00:00,10,,Central
Massachusetts,"American Institutes of Research (""AIR"")",Waltham,2025-04-02 00:00:00,2025-06-01 00:00:00,9,,Metro Southwest
Massachusetts,Federal Express Corporation ORHA location,West Boylston,2025-04-01 00:00:00,2025-06-02 00:00:00,78,,Central
Massachusetts,Ariston Group LLC,East Freetown,2025-03-27 00:00:00,06/01/2025-12/31/2025,73,,Southeast
Massachusetts,Charter Communications,Worcester,2025-03-26 00:00:00,2025-06-26 00:00:00,174,,Central
Massachusetts,Block Inc.,Remote,2025-03-25 00:00:00,2025-05-24 00:00:00,5,,Remote
Massachusetts,Summit Delivery Solutions LLC,East Taunton,2025-03-20 00:00:00,2025-03-31 00:00:00,101,,Southeast
Massachusetts,"American Institute of Research (""AIR"")",Waltham,2025-03-11 00:00:00,2025-05-19 00:00:00,12,,Metro Southwest
Massachusetts,Brightcove Inc.,Boston,2025-03-10 00:00:00,03/10/2025-07/31/2025,65,,Boston
Massachusetts,"G2 Secure Staff, LLC (Supplemental)",Boston,2025-03-10 00:00:00,2025-05-09 00:00:00,70,,Boston
Massachusetts,"RWE Offshore Wind Services, LLC",Boston,2025-03-07 00:00:00,2025-05-06 00:00:00,73,,Boston
Massachusetts,Synventive Molding Solutions,Peabody,2025-03-03 00:00:00,04/25/2025-08/31/2025,40,,Northeast
Massachusetts,CVS Health,Wellesley,2025-02-28 00:00:00,2025-05-03 00:00:00,183,,"3 MA residents; 180 out of state remote employees reporting to office, affected"
Massachusetts,"Making Opportunities Count, Inc.",Westminster,2025-02-28 00:00:00,2025-04-30 00:00:00,10,,Central
Massachusetts,"Making Opportunities Count, Inc.",Acton,2025-02-28 00:00:00,2025-04-30 00:00:00,10,,Central
Massachusetts,"Kovalus Separation Solutions, LLC",Boston,2025-02-25 00:00:00,04/30/2025-06/30/2025,100,,Boston
Massachusetts,"G2 Secure Staff, LLC",Boston,2025-02-14 00:00:00,2025-04-16 00:00:00,528,,Boston
Massachusetts,"Kennametal, Inc.",Greenfield,2025-02-12 00:00:00,2025-04-15 00:00:00,54,,West
Massachusetts,Thermo Fisher Scientific,"Cambridge, Plainville       ",2025-01-31 00:00:00,2025-03-30 00:00:00,300,,"Boston, Metro Southwest"
Massachusetts,"Connecticut Pie, LLC DBA Diana's Bakery",Agawam,2025-01-30 00:00:00,2025-03-31 00:00:00,229,,West
Massachusetts,Immunity Bio. Inc.,Burlington,2025-01-29 00:00:00,2025-03-25 00:00:00,1,,Remote
Massachusetts,Pharma Cann,Holliston,2025-01-29 00:00:00,2025-03-31 00:00:00,19,,Southeast
Massachusetts,"The Newark Group, Inc.",Fitchburg,2025-01-28 00:00:00,06/30/2025-07/15/2025,71,,West
Massachusetts,DHL Supply Chain,Taunton,2025-01-28 00:00:00,2025-08-08 00:00:00,52,,Southeast
Massachusetts,"Edaron, LLC (""Holyoke facility"")",Holyoke,2025-01-14 00:00:00,2025-06-30 00:00:00,53,,West
Massachusetts,"Edaron, LLC (""South Hadley facility"")",South Hadley,2025-01-14 00:00:00,2025-03-31 00:00:00,24,,West
Massachusetts,Nordstrom North Shore,Peabody,2025-01-07 00:00:00,2025-03-08 00:00:00,134,,Northeast
Massachusetts,Nordstrom South Shore Plaza,Braintree,2025-01-07 00:00:00,2025-03-08 00:00:00,166,,Southeast
West Virginia,ECM Energy Services,,08/01/2026,,,,https://workforcewv.org/wp-content/uploads/2026/08/ECM-Energy-Services-WARN-8-19-26.pdf
West Virginia,Eagle Horizon Resources,,08/01/2026,,,,https://workforcewv.org/wp-content/uploads/2026/08/Eagle-Horizon-Resources-WARN-08-2026.pdf
West Virginia,WARN Notice Workforce July 2026 revisedsigned,,07/01/2026,,,,https://workforcewv.org/wp-content/uploads/2026/07/WARN-Notice-Workforce-July-2026-revisedsigned.pdf
West Virginia,WARN Notice State West Virginia Conduent,,07/01/2026,,,,https://workforcewv.org/wp-content/uploads/2026/07/WARN-Notice-State-West-Virginia-Conduent.pdf
West Virginia,JeniusBank,,06/01/2026,,,,https://workforcewv.org/wp-content/uploads/2026/06/JeniusBank-WARN-6-4-26.pdf
West Virginia,Greenbrier Minerals July WARN,,06/01/2026,,,,https://workforcewv.org/wp-content/uploads/2026/06/Greenbrier-Minerals-July-WARN.pdf
West Virginia,Mettiki Supplemental,,04/01/2026,,,,https://workforcewv.org/wp-content/uploads/2026/04/Mettiki_Supplemental_WARN_State_Notice_04_1_2026.pdf
West Virginia,Greenbrier Minerals,,02/01/2026,,,,https://workforcewv.org/wp-content/uploads/2026/02/Greenbrier-Minerals-WARN-2-13-26.pdf
West Virginia,Mettitki Coal,,01/01/2026,,,,https://workforcewv.org/wp-content/uploads/2026/01/Mettitki-Coal-WARN-1-29-26.pdf
West Virginia,WV,,01/01/2025,,,,https://workforcewv.org/wp-content/uploads/2025/01/WV-WARN-Notices-1-1-22-to-1-3-25.pdf
West Virginia,WVU Research Corporation,,08/01/2025,,,,https://workforcewv.org/wp-content/uploads/2025/08/WVU-Research-Corporation-WARN-8-21-25.pdf
West Virginia,Parkhurst Dining 6 24 25,,06/01/2025,,,,https://workforcewv.org/wp-content/uploads/2025/06/Parkhurst-Dining-6-24-25.pdf
West Virginia,Beckley Mechanic Shop r1,,06/01/2025,,,,https://workforcewv.org/wp-content/uploads/2025/06/Beckley-Mechanic-Shop-r1-WARN-6-4-25.pdf
West Virginia,CV2 Facility r1,,06/01/2025,,,,https://workforcewv.org/wp-content/uploads/2025/06/CV2-Facility-r1-WARN-6-4-25.pdf
West Virginia,CV2 Prep Plant r1,,06/01/2025,,,,https://workforcewv.org/wp-content/uploads/2025/06/CV2-Prep-Plant-r1-WARN-6-4-25.pdf
West Virginia,Delbarton Prep Plant r2,,06/01/2025,,,,https://workforcewv.org/wp-content/uploads/2025/06/Delbarton-Prep-Plant-r2-WARN-6-4-25.pdf
West Virginia,Eagle Energy r1,,06/01/2025,,,,https://workforcewv.org/wp-content/uploads/2025/06/Eagle-Energy-r1-WARN-6-4-25.pdf
West Virginia,Falcon Facility r2,,06/01/2025,,,,https://workforcewv.org/wp-content/uploads/2025/06/Falcon-Facility-r2-WARN-6-4-25.pdf
West Virginia,Page Loadout r1,,06/01/2025,,,,https://workforcewv.org/wp-content/uploads/2025/06/Page-Loadout-r1-WARN-6-4-25.pdf
West Virginia,Pine Creek Facility r2,,06/01/2025,,,,https://workforcewv.org/wp-content/uploads/2025/06/Pine-Creek-Facility-r2-WARN-6-4-25.pdf
West Virginia,Stella Facility r2,,06/01/2025,,,,https://workforcewv.org/wp-content/uploads/2025/06/Stella-Facility-r2-WARN-6-4-25.pdf
West Virginia,Management Training Corporations,,06/01/2025,,,,https://workforcewv.org/wp-content/uploads/2025/06/Management-Training-Corporations-WARN-6-3-25.pdf
West Virginia,Itmann Mining Company,,06/01/2025,,,,https://workforcewv.org/wp-content/uploads/2025/06/Itmann-Mining-Company-WARN-6-2-25.pdf
West Virginia,Sodexo,,05/01/2025,,,,https://workforcewv.org/wp-content/uploads/2025/05/Sodexo-WARN-5-12-25.pdf
West Virginia,Coalmac,,05/01/2025,,,,https://workforcewv.org/wp-content/uploads/2025/05/Coalmac-WARN-5-15-25.pdf
West Virginia,Greenbrier Minerals,,04/01/2025,,,,https://workforcewv.org/wp-content/uploads/2025/04/Greenbrier-Minerals-WARN-4-28-25.pdf
West Virginia,USCellular,,04/01/2025,,,,https://workforcewv.org/wp-content/uploads/2025/04/USCellular-WARN-3-26-25.pdf
West Virginia,Novelis Fairmont 3 31 25,,04/01/2025,,,,https://workforcewv.org/wp-content/uploads/2025/04/Novelis-Fairmont-3-31-25.pdf
West Virginia,Brinks Home,,03/01/2025,,,,https://workforcewv.org/wp-content/uploads/2025/03/Brinks-Home-WARN-3-17-25.pdf
West Virginia,Clarvida,,03/01/2025,,,,https://workforcewv.org/wp-content/uploads/2025/03/Clarvida-WARN-2-25-25.pdf
West Virginia,Behavioral Health Link,,02/01/2025,,,,https://workforcewv.org/wp-content/uploads/2025/02/Behavioral-Health-Link-WARN-2-19-25.pdf
West Virginia,WARN VIMO INC,,01/01/2025,,,,https://workforcewv.org/wp-content/uploads/2025/01/WARN-VIMO-INC.pdf
West Virginia,Cleveland Cliffs,,02/01/2025,,,,https://workforcewv.org/wp-content/uploads/2025/02/Cleveland-Cliffs-WARN-Received.pdf
West Virginia,Cygnus Home Services Yelloh,,02/01/2025,,,,https://workforcewv.org/wp-content/uploads/2025/02/Cygnus-Home-Services-Yelloh-WARN-7-16-24.pdf
West Virginia,Cygnus Home Service Yelloh 9 23 24,,02/01/2025,,,,https://workforcewv.org/wp-content/uploads/2025/02/Cygnus-Home-Service-Yelloh-9-23-24.pdf
West Virginia,Elk Run,,02/01/2025,,,,https://workforcewv.org/wp-content/uploads/2025/02/Elk-Run-WARN-10-7-24.pdf
West Virginia,Novellis ALR Rolled Products,,02/01/2025,,,,https://workforcewv.org/wp-content/uploads/2025/02/Novellis-ALR-Rolled-Products-WARN-3-15-24.pdf
West Virginia,Packers Sanitation Services Inc,,02/01/2025,,,,https://workforcewv.org/wp-content/uploads/2025/02/Packers-Sanitation-Services-Inc-WARN-4-23-24.pdf
West Virginia,Stonebrook Group Homes,,02/01/2025,,,,https://workforcewv.org/wp-content/uploads/2025/02/Stonebrook-Group-Homes-WARN-8-1-24.pdf
West Virginia,ABU Occupations with count,,02/01/2025,,,,https://workforcewv.org/wp-content/uploads/2025/02/ABU-Occupations-with-count.pdf
West Virginia,Alderson Broaddus University,,02/01/2025,,,,https://workforcewv.org/wp-content/uploads/2025/02/Alderson-Broaddus-University-WARN-8-4-23.pdf
West Virginia,Beech Mountain Rail Road,,02/01/2025,,,,https://workforcewv.org/wp-content/uploads/2025/02/Beech-Mountain-Rail-Road-WARN-5-12-23.pdf
West Virginia,Carter Roag Coal Company WARN5 12 23,,02/01/2025,,,,https://workforcewv.org/wp-content/uploads/2025/02/Carter-Roag-Coal-Company-WARN5-12-23.pdf
West Virginia,Carter Roag,,02/01/2025,,,,https://workforcewv.org/wp-content/uploads/2025/02/Carter-Roag-WARN-Update-6-19-23.pdf
West Virginia,Guidehouse,,02/01/2025,,,,https://workforcewv.org/wp-content/uploads/2025/02/Guidehouse-WARN-1-30-23.pdf
West Virginia,HealthHelp,,02/01/2025,,,,https://workforcewv.org/wp-content/uploads/2025/02/HealthHelp-WARN-12323.pdf
West Virginia,ND Paper,,02/01/2025,,,,https://workforcewv.org/wp-content/uploads/2025/02/ND-Paper-WARN-1-20-23.pdf
West Virginia,Trivium Packaging,,02/01/2025,,,,https://workforcewv.org/wp-content/uploads/2025/02/Trivium-Packaging-WARN-4-24-23.pdf
West Virginia,Apple Green Burnwell,,02/01/2025,,,,https://workforcewv.org/wp-content/uploads/2025/02/Apple-Green-Burnwell-WARN-9-30-22.pdf
West Virginia,Applegreen Princeton,,02/01/2025,,,,https://workforcewv.org/wp-content/uploads/2025/02/Applegreen-Princeton-WARN-9-30-22.pdf
West Virginia,Appple Green Beckley,,02/01/2025,,,,https://workforcewv.org/wp-content/uploads/2025/02/Appple-Green-Beckley-WARN-9-30-22.pdf
West Virginia,Kroger Gassaway 10 28 22,,02/01/2025,,,,https://workforcewv.org/wp-content/uploads/2025/02/Kroger-Gassaway-10-28-22.pdf
West Virginia,Mountain State Carbon,,02/01/2025,,,,https://workforcewv.org/wp-content/uploads/2025/02/Mountain-State-Carbon-WARN-3-10-22.pdf
West Virginia,Ready Responder,,02/01/2025,,,,https://workforcewv.org/wp-content/uploads/2025/02/Ready-Responder-WARN-Notice-2-18-22.pdf
West Virginia,Science Application International Corporation,,02/01/2025,,,,https://workforcewv.org/wp-content/uploads/2025/02/Science-Application-International-Corporation-WARN-3-1-22.pdf
West Virginia,Watsonville Community Hospital 1 21 22 WARN,,02/01/2025,,,,https://workforcewv.org/wp-content/uploads/2025/02/Watsonville-Community-Hospital-1-21-22-WARN.pdf
West Virginia,Monongalia County Coal Resources,,02/01/2025,,,,https://workforcewv.org/wp-content/uploads/2025/02/Monongalia-County-Coal-Resources-WARN-6-4-2021.pdf
West Virginia,Mylan Pharmaceuticals,,02/01/2025,,,,https://workforcewv.org/wp-content/uploads/2025/02/Mylan-Pharmaceuticals-WARN-5-25-21-Update.pdf
West Virginia,Special Metals,,02/01/2025,,,,https://workforcewv.org/wp-content/uploads/2025/02/Special-Metals-WARN-Notice-12-7-21.pdf
West Virginia,Watsonville Community Hospital,,02/01/2025,,,,https://workforcewv.org/wp-content/uploads/2025/02/Watsonville-Community-Hospital-WARN-11-26-21.pdf
Wisconsin,"Genpact RW Services, Inc",Statewide-Remote Employees,20250109,3/10/2025,54,WR,Admin Management Consulting Services | Unknown
Wisconsin,SpartanNash,Chippewa Falls,20250115,3/16/2025,45,CL,Supermarkets & Other Grocery Stores | Chippewa
Wisconsin,ORBIS Corporation,Menasha,20250115,3/16/2025,109,CL,All Other Plastics Product Mfg | Winnebago
Wisconsin,"Air Wisconsin Airlines LLC<br/></a><a><em style=""font-size:80%; text-decoration:none !important; color:#000"">* The company provided a separate communication with the breakdown of the number affected at each site.</em>",Milwaukee,20250130,3/31/2025,219,WR,Scheduled Passenger Air Transportation | Milwaukee
Wisconsin,"Air Wisconsin Airlines LLC<br/></a><a><em style=""font-size:80%; text-decoration:none !important; color:#000"">* The company provided a separate communication with the breakdown of the number affected at each site.</em>",Appleton,20250130,3/31/2025,284,WR,Scheduled Passenger Air Transportation | Outagamie
Wisconsin,"Badger Truck and Automotive Group, Inc.",Milwaukee,20250203,4/4/2025,40,CL,Motor Vehicle Merch Whls | Milwaukee
Wisconsin,U-Line Corporation,Milwaukee,20250217,7/31/2025,71,CL,Major Household Appliance Manufacturing | Milwaukee
Wisconsin,Northlake Engineering,Bristol,20250227,5/30/2025,36,CL,Elect Coils Transformers & Inductors | Kenosha
Wisconsin,BH Security LLC,Milwaukee,20250317,6/30/2025,1,WR,Security Systems Services (except Locksmiths) | Milwaukee
Wisconsin,Oxbo International Corporation,Clear Lake,20250327,6/6/2025,68,CL,Farm Machinery and Equipment Manufacturing | Polk
Wisconsin,"Concordia University, Inc.",Mequon,20250331,5/31/2025,5,WR,Colleges & Universities | Ozaukee
Wisconsin,Northland College,Ashland,20250401,5/31/2025,112,CL,Colleges & Universities | Ashland
Wisconsin,UPS,Holmen,20250404,6/10/2025,42,CL,Couriers & Express Delivery Services | La Crosse
Wisconsin,Midwest Perishables Inc.,Madison,20250406,4/2/2025,50,CL,Meat & Meat Product Merch Whls | Dane
Wisconsin,ProTec Dynatronix,Amery,20250408,4/28/2025,53,CL,Misc Elect Equip Mfg | Polk
Wisconsin,Air Wisconsin Airlines LLC,Milwaukee,20250410,6/1/2025,11,WR,Scheduled Passenger Air Transportation | Milwaukee
Wisconsin,Air Wisconsin Airlines LLC,Appleton,20250410,6/1/2025,117,WR,Scheduled Passenger Air Transportation | Outagamie
Wisconsin,"Accelerate360 Distribution, LLC (Dakota Merchandising Remote Work Unit)",Statewide-Remote Employees,20250425,6/28/2025,50,CL,Book & Periodical Merch Whls | Unknown
Wisconsin,Truvant North America,Prairie du Chien,20250515,7/15/2025,74,CL,Packaging & Labeling Services | Crawford
Wisconsin,Silgan Containers Manufacturing Corp,Oconomowoc,20250521,7/21/2025,56,CL,Metal Can Mfg | Waukesha
Wisconsin,"McDonald Plastic Molding, Inc.",Poynette,20250528,6/27/2025,28,CL,All Other Plastics Product Manufacturing | Columbia
Wisconsin,"Milwaukee Job Corps Center (Horizons Youth Services, LLC)",Milwaukee,20250603,6/6/2025,104,WR,Other Technical & Trade Schools | Milwaukee
Wisconsin,BRP US Inc.,Sturtevant,20250605,6/5/2025,61,WR,Other Engine Equip Mfg. | Racine
Wisconsin,"Discovery Energy, LLC d/b/a Rehlko",Saukville,20250611,8/8/2025,66,CL,Other Engine Equip Mfg | Ozaukee
Wisconsin,HyPro Inc.,Berlin,20250617,8/15/2025,24,CL,Machine Shops | Green Lake
Wisconsin,Milwaukee Forge LLC,Milwaukee,20250618,8/18/2025,67,CL,Iron & Steel Forging | Milwaukee
Wisconsin,Nasco Education LLC,Fort Atkinson,20250623,8/22/2025,30,WR,Other Professional Equipment and Supplies Merchant Wholesalers | Jefferson
Wisconsin,Quick Motors,Milwaukee,20250624,6/30/2025,16,CL,Used Car Dealers | Milwaukee
Wisconsin,"Wisconsin Physicians Service Insurance Corporation (""WPS"")",Madison,20250627,9/30/2025,51,WR,Direct Health &amp; Medical Insurance Carriers | Dane
Wisconsin,StoneRidge Piggly Wiggly,Wautoma,20250709,9/15/2025,56,CL,Meat Markets | Waushara
Wisconsin,TouchPoint Services (aka Compass Group),Milwaukee,20250710,8/1/2025,52,CL,Food Service Contractors | Milwaukee
Wisconsin,CHS Inc,Superior,20250710,9/8/2025,25,CL,Farm Product Warehousing &amp; Storage | Douglas
Wisconsin,"United States Cellular Corporation<br/></a><a><em style=""font-size:80%; text-decoration:none !important; color:#000"">* DWD received this layoff notice after receiving the revision.</em>",Multiple,20250709,6/2/2025,,WR,Wireless Telecom Carriers (except Satellite) | Multiple
Wisconsin,Krueger's True Value,Neenah,20250724,10/14/2025,37,CL,Hardware Stores | Winnebago
Wisconsin,"Renewed Hope Home Care, LLC",Milwaukee,20250804,11/30/2025,50,CL,Services for the Elderly &amp; Disabled | Milwaukee
Wisconsin,"Equiniti Trust Company, LLC",Milwaukee,20250811,11/14/2025,4,WR,Securities Brokerage | Milwaukee
Wisconsin,ZeniMax Media Inc.,Madison,20250815,9/1/2025,39,WR,Software Publishers | Dane
Wisconsin,"Saputo Cheese USA Inc<br/></a><a><em style=""font-size:80%; text-decoration:none !important; color:#000"">* Layoff start date differs from notice; employer clarified phased layoffs will run Nov–Dec 2025, with exact dates still TBD.</em>",Suamico,20250905,11/1/2025,240,CL,Cheese Mfg | Brown
Wisconsin,"Air Wisconsin Airlines LLC (ATW)<br/></a><a><em style=""font-size:80%; text-decoration:none !important; color:#000"">* The company provided a separate communication with the breakdown of the number affected at each site.</em>",Appleton,20250905,10/28/2025,127,WR,Scheduled Passenger Air Transportation | Outagamie
Wisconsin,"Air Wisconsin Airlines LLC (MKE Hangar)<br/></a><a><em style=""font-size:80%; text-decoration:none !important; color:#000"">* The company provided a separate communication with the breakdown of the number affected at each site.</em>",Milwaukee,20250905,10/28/2025,30,WR,Scheduled Passenger Air Transportation | Milwaukee
Wisconsin,"Air Wisconsin Airlines LLC (MKE)<br/></a><a><em style=""font-size:80%; text-decoration:none !important; color:#000"">* The company provided a separate communication with the breakdown of the number affected at each site.</em>",Milwaukee,20250905,10/28/2025,84,WR,Scheduled Passenger Air Transportation | Milwaukee
Wisconsin,360x Logistics LLC,Sturtevant,20250905,10/4/2025,59,CL,Couriers &amp; Express Delivery Services | Racine
Wisconsin,"Pregis Innovative Packaging, LLC",Germantown,20250910,4/30/2026,48,CL,Plastics Packaging Film and Sheet (including Laminated) Manufacturing | Washington
Wisconsin,Sheridan Random Lake,Random Lake,20250923,11/21/2025,104,CL,Commercial Gravure Printing | Sheboygan
Wisconsin,Action Printing (A JAL Equity Corp),Fond Du Lac,20250925,8/7/2025,44,CL,Newspaper Publishers | Fond du Lac
Wisconsin,"Wausau Equipment Company, LLC",New Berlin,20251008,12/7/2025,67,CL,Construction Machinery Mfg | Waukesha
Wisconsin,"Xylem, Inc.",Waukesha,20251013,10/13/2025,40,WR,"Measuring, Dispensing & Oth Pumping Equip Mfg | Waukesha"
Wisconsin,The First Step Community Recovery Center,Milwaukee,20251024,12/31/2025,85,CL,Residential Mental & Substance Abuse Care | Milwaukee
Wisconsin,"Elior, Inc.",Oshkosh,20251103,5/17/2026,155,CL,Food Service Contractors | Winnebago
Wisconsin,"Daybreak Foods, Inc. (Cold Spring Farm)",Palmyra,20251105,11/7/2025,65,WR,Chicken Egg Production | Jefferson
Wisconsin,"PrimeFlight Aviation Services, Inc.",Milwaukee,20251109,1/9/2026,27,CL,Other Airport Operations | Milwaukee
Wisconsin,Superior YMCA,Superior,20251113,12/31/2025,112,WR,Civic & Social Organizations | Douglas
Wisconsin,"Kroger Fulfillment Network, LLC",Pleasant Prairie,20251118,2/1/2026,211,CL,General Warehousing & Storage | Kenosha
Wisconsin,Nordstrom,,20251119,3/1/2026,1,WR,Credit Card Issuing
Wisconsin,Prince Corporation,Marshfield,20251219,2/19/2026,80,CL,General Freight Trucking Long Distance TL | Wood
Wisconsin,"United Piston Ring, Inc.",Manitowoc,20260105,3/6/2026,60,CL,Motor Vehicle Gas Engine & Engine Parts Mfg | Manitowoc
Wisconsin,"Lakeside Curative Services, Inc.",Racine,20260105,3/6/2026,52,WR,Vocational Rehabilitation Services | Racine
Wisconsin,"H4 Logistics, LLC",Kenosha,20260121,3/23/2026,41,CL,General Warehousing & Storage | Kenosha
Wisconsin,Tekni-Plex,Milwaukee,20260126,3/27/2026,39,CL,Other Paperboard Container Mfg | Milwaukee
Wisconsin,"Bank First, N.A.",Beloit,20260127,03/31/2026,47,CL,Commercial Banking | Rock
Wisconsin,Fresenius USA MFG INC,Kenosha,20260128,4/10/2026,41,WR,Medical Equip Merch Whls | Kenosha
Wisconsin,Associated Milk Producers Inc.,Blair,20260130,3/31/2026,86,WR,Cheese Mfg | Trempealeau
Wisconsin,Artisans Inc.,Glen Flora,20260204,3/31/2026,46,CL,Family Clothing Stores | Rusk
Wisconsin,SpartanNash,Chippewa Falls,20260210,4/11/2026,57,CL,Supermarkets & Other Grocery Stores | Chippewa
Wisconsin,Cargill Meat Solutions Corp,Milwaukee,20260210,4/11/2026,221,CL,Meat Processed from Carcasses | Milwaukee
Wisconsin,"Main Street Sports Group, LLC",Brookfield,20260213,4/14/2026,2,CL,Television Broadcasting Stations | Waukesha
Wisconsin,"TJ Hale<br/></a><a><em style=""font-size:80%; text-decoration:none !important; color:#000"">* The company attempted to submit a layoff notice to DWD on 02/05/26 but used an invalid email address. It sent another one on 02/25/26.</em>",Menomonee Falls,20260225,2/5/2026,64,CL,Showcases Partitions Shelving & Lockers | Waukesha
Wisconsin,Ahlstrom Mosinee LLC,Mosinee,20260227,6/30/2026,,WR,Paper (except Newsprint) Mills | Marathon
Wisconsin,Midwest Energy Resources Co.,Superior,20260303,6/30/2026,54,CL,Port & Harbor Operations | Douglas
Wisconsin,Cree Lighting,Racine,20260312,3/12/2026,172,WR,Residential Electric Lighting Fixture Manufacturing | Racine
Wisconsin,"United Natural Foods, Inc.",Sturtevant,20260316,6/20/2026,443,CL,General Line Grocery Merchant Wholesalers | Racine
Wisconsin,"Charter Communications, Inc.",Appleton,20260318,6/21/2026,313,CL,Wired Telecommunications Carriers | Calumet
Wisconsin,"Daybreak Foods, Inc.<br/></a><a><em style=""font-size:80%; text-decoration:none !important; color:#000"">* The company provided a separate communication with the breakdown of the number affected at each site.</em>",Palmyra,20260327,4/1/2026,55,WR,Chicken Egg Production | Jefferson
Wisconsin,Wells Vehicle Electronics,Fond Du Lac,20260330,6/2/2026,100,CL,Other Motor Vehicle Elect Equip Mfg | Fond du Lac
Wisconsin,Regal Rexnord Corporation,Cudahy,20260401,6/30/2026,70,CL,Speed Changer Drive & Gear Mfg | Milwaukee
Wisconsin,Polaris Inc.,Osceola,20260421,7/27/2026,189,CL,All Other Trans Equip Mfg | Polk
Wisconsin,UnityPoint Health,Madison,20260420,7/24/2026,25,WR,General Medical and Surgical Hospitals | Dane
Wisconsin,Green Bay Converting Inc,Green Bay,20260422,4/25/2026,32,WR,Ind Paper Merch Whls | Brown
Wisconsin,"Lakeshore Community Health Care, Inc.","Manitowoc, Sheboygan, West Bend",20260408,3/31/2026,178,CL,"All Other Outpatient Care Centers | Manitowoc, Sheboygan, Washington"
Wisconsin,"MTI Electronics, LLC",Menomonee Falls,20260429,6/28/2026,91,CL,Printed Circuit Assembly (Electronic Assembly) Manufacturing | Waukesha
Wisconsin,"Ryder Integrated Logistics, Inc.",Green Bay,20260430,6/30/2026,151,CL,General Warehousing and Storage | Brown
Wisconsin,Henkel US Operations Corporation,Oak Creek,20260501,6/20/2026,57,CL,Bare Printed Circuit Board Mfg | Milwaukee
Wisconsin,"Cell.Plus, LLC",Chilton,20260505,7/31/2026,4,CL,Electronics Stores | Calumet
Wisconsin,Cree Lighting,Racine,20260514,5/15/2026,28,WR,Residential Electric Lighting Fixture Manufacturing | Racine
Wisconsin,"Parkhurst Dining, LLC<br/></a><a><em style=""font-size:80%; text-decoration:none !important; color:#000"">* Layoff Begin Date: 05/21/26 (temporary layoff through 05/28/26); 07/03/26 (permanent layoff)</em>",Kenosha,20260515,7/3/2026,160,CL,Food Service Contractors | Kenosha
Wisconsin,"Sparhawk Trucking Inc. / Sparhawk Truck and Trailer Inc.<br/></a><a><em style=""font-size:80%; text-decoration:none !important; color:#000"">* Received from the Ch 11 Trustee but notice is addressed to employees. DWD emailed Trustee requesting more details.</em>",Wisconsin Rapids,20260529,,,Unknown,General Freight Trucking Long Distance | Wood
Wisconsin,"Conduent Commercial Solutions, LLC",Unknown - Remote Employees,20260629,8/28/2026,6,WR,Administrative Management and General Management Consulting Services | Unknown
Wisconsin,GW Mireles Inc.,Milwaukee,20260701,9/1/2026,26,CL,Full-Service Restaurants | Milwaukee
Wisconsin,PPD d/b/a Thermo Fisher Scientific,Middleton,20260708,9/28/2026,69,WR,Research and Development in Nanotechnology | Dane
Wisconsin,Centers for Independence-MCFI Home Care,Milwaukee,20260714,10/31/2026,43,CL,Services for the Elderly & Disabled | Milwaukee
Wisconsin,"Prairie Farms Dairy, Inc. Shullsburg Creamery",Shullsburg,20260720,7/20/2026,43,CL,Cheese Mfg. | Lafayette
Wisconsin,"Prairie Farms Dairy, Inc. White Hill Cheese",Shullsburg,20260720,8/14/2026,54,CL,Dairy Product Merch Whls | Lafayette
Wisconsin,"Wisconsin Green, LLC<br/></a><a><em style=""font-size:80%; text-decoration:none !important; color:#000"">* Notice outlines multiple scenarios for layoffs. Information displayed reflects the worst-case scenario.</em>",Washington,20260721,7/22/2026,59,CL,Corrugated & Solid Fiber Box Mfg | Washington
Wisconsin,"School Specialty, LLC",Fort Atkinson,20260728,9/25/2026,59,CL,Other Professional Equip Merch Whls | Jefferson
Wisconsin,Samuel Pressure Vessel Group,Tomahawk,20260805,8/4/2026,76,CL,Metal Tank (Heavy Gauge) Manufacturing | Lincoln
Wisconsin,UnityPoint Health,Madison,20260804,2/28/2027,1,WR,General Medical and Surgical Hospitals | Dane
Wisconsin,"Durr CTS, Inc.<br/></a><a><em style=""font-size:80%; text-decoration:none !important; color:#000"">* The company provided a separate communication clarifying that the number impacted is 75.</em>",De Pere,20260812,10/13/2026,75,CL,Automatic Environmental Control Mfg | Brown
Wisconsin,Foremost Farms USA,Marshfield,20260824,12/15/2026,68,CL,Cheese Mfg | Wood
Wisconsin,"Equiniti Trust Company, LLC",Milwaukee,20250106,12/16/2024,9,AW,Securities Brokerage | Milwaukee
Wisconsin,Molson Coors Beverage Company USA,Chippewa Falls,20250128,01/17/2025,56,LS,Breweries | Chippewa
Wisconsin,Molson Coors Beverage Company USA,Milwaukee,20250214,01/17/2025,34,LS,Breweries | Milwaukee
Wisconsin,"Conagra Brands, Inc.",Beaver Dam,20250423,06/10/2024,252,LS,Other Grocery Product Merch Whls | Dodge
Wisconsin,Northland College,Ashland,20250430,5/31/2025,133,AW,Colleges & Universities | Ashland
Wisconsin,United States Cellular Corporation,Multiple,20250702,8/1/2025,,LS,Wireless Telecom Carriers (except Satellite) | Multiple
Wisconsin,Truvant North America,Prairie du Chien,20250711,7/15/2025,74,LS,Packaging & Labeling Services | Crawford
Wisconsin,Nasco Education LLC,Fort Atkinson,20250811,8/22/2025,42,"LS, AW",Other Professional Equipment and Supplies Merchant Wholesalers | Jefferson
Wisconsin,Milwaukee Forge LLC,Milwaukee,20250820,10/31/2025,60,"LS, AW",Iron & Steel Forging | Milwaukee
Wisconsin,"Equiniti Trust Company, LLC",Milwaukee,20251024,1/16/2026,8,AW,Securities Brokerage | Milwaukee
Wisconsin,"Air Wisconsin Airlines LLC (ATW)<br/></a><a><em style=""font-size:80%; text-decoration:none !important; color:#000"">* The company provided a separate communication with the breakdown of the number affected at each site.</em>",Appleton,20251107,12/17/2025,128,"LS, AW",Scheduled Passenger Air Transportation | Outagamie
Wisconsin,"Air Wisconsin Airlines LLC (MKE)<br/></a><a><em style=""font-size:80%; text-decoration:none !important; color:#000"">* The company provided a separate communication with the breakdown of the number affected at each site.</em>",Milwaukee,20251107,12/17/2025,79,"LS, AW",Scheduled Passenger Air Transportation | Milwaukee
Wisconsin,"Wausau Equipment Company, LLC",New Berlin,20251204,12/07/2025,67,LS,Construction Machinery Mfg | Waukesha
Wisconsin,"Ahlstrom Mosinee, LLC",Mosinee,20260304,6/30/2026,,AW,Paper (except Newsprint) Mills | Marathon
Wisconsin,Artisans Inc.,Glen Flora,20260318,3/31/2026,46,LS,Family Clothing Stores | Rusk
Wisconsin,"Ahlstrom Mosinee, LLC",Mosinee,20260429,6/30/2026,126,AW,Paper (except Newsprint) Mills | Marathon
Wisconsin,Unity Point Health,Madison,20260520,08/07/2026,3,"LS, AW",General Medical and Surgical Hospitals | Dane
Wisconsin,"Air Wisconsin Airlines LLC (MKE Hangar)<br/></a><a><em style=""font-size:80%; text-decoration:none !important; color:#000"">* The company provided a separate communication with the breakdown of the number affected at each site.</em>",Milwaukee,20251107,12/17/2025,25,"LS, AW",Scheduled Passenger Air Transportation | Milwaukee
Wisconsin,Artisans Inc.,Glen Flora,20260618,7/31/2026,46,LS,Family Clothing Stores | Rusk
Wisconsin,Sparhawk Trucking Inc. / Sparhawk Truck and Trailer Inc.,Wisconsin Rapids,20260730,,77,"LS, AW",General Freight Trucking Long Distance | Wood
