state,company,city,notice_date,layoff_date,employees_affected,closure_type,notes,Processed Date,Layoff/ Closure,Address
California,Republic National Distributing Company,Alameda County,07/01/2025,09/02/2025,104,,42 Wholesale Trade,2025-07-01 00:00:00,Closure Permanent,30825 Wiegman Road  Hayward CA 94544
California,Santa Fe Springs Swap Meet,Los Angeles County,07/01/2025,07/01/2025,109,,44-45 Retail Trade,2025-07-01 00:00:00,Layoff Not known at this time,13963 Alondra Blvd.  Santa Fe Springs CA 90670
California,Pocino Foods Company,Los Angeles County,06/27/2025,08/26/2025,124,,31-33 Manufacturing,2025-07-01 00:00:00,Closure Permanent,14250 Lomitas Avenue  City of Industry CA 91746
California,"Young's Market Company, LLC dba Republic National Distributing Company",Los Angeles County,07/01/2025,09/02/2025,176,,42 Wholesale Trade,2025-07-01 00:00:00,Closure Permanent,2425 Saybrook Avenue  Los Angeles CA 90040
California,Ford Design Studio,Orange County,06/30/2025,08/31/2025,263,,54 Professional Scientific and Technical Services,2025-07-01 00:00:00,Closure Permanent,3 Glen Bell Way  Irvine CA 92618
California,Republic National Distributing Company (14352),Orange County,07/01/2025,09/02/2025,79,,42 Wholesale Trade,2025-07-01 00:00:00,Closure Permanent,14352 Franklin Ave  Tustin CA 92780
California,Republic National Distributing Company (14402),Orange County,07/01/2025,09/02/2025,561,,42 Wholesale Trade,2025-07-01 00:00:00,Closure Permanent,14402 Franklin Ave  Tustin CA 92780
California,"Republic National Distributing Company, LLC",San Bernardino County,07/01/2025,09/02/2025,238,,42 Wholesale Trade,2025-07-01 00:00:00,Closure Permanent,6711 Bickmore Ave  Chino CA 91710
California,Sharp HealthCare - 8695,San Diego County,06/30/2025,09/02/2025,244,,62 Healthcare and Social Assistance,2025-07-01 00:00:00,Layoff Permanent,8695 Spectrum Center Blvd.  San Diego CA 92123
California,Sharp HealthCare - 751,San Diego County,06/30/2025,09/02/2025,34,,62 Healthcare and Social Assistance,2025-07-01 00:00:00,Layoff Permanent,751 Medical Center Court  Chula Vista CA 91911
California,Sharp HealthCare - 250,San Diego County,06/30/2025,09/02/2025,1,,62 Healthcare and Social Assistance,2025-07-01 00:00:00,Layoff Permanent,250 Prospect Place  Coronado CA 92118
California,Sharp HealthCare - 5555,San Diego County,06/30/2025,09/02/2025,40,,62 Healthcare and Social Assistance,2025-07-01 00:00:00,Layoff Permanent,5555 Grossmont Center Dr.  La Mesa CA 91942
California,Sharp HealthCare - 7901,San Diego County,06/30/2025,09/02/2025,62,,62 Healthcare and Social Assistance,2025-07-01 00:00:00,Layoff Permanent,7901 Frost Street  San Diego CA 92123
California,Sharp HealthCare - 5651,San Diego County,06/30/2025,09/02/2025,13,,62 Healthcare and Social Assistance,2025-07-01 00:00:00,Layoff Permanent,"5651 Copley Dr., Suite A  San Diego CA 92111"
California,Republic National Distributing Company,Alameda County,07/01/2025,09/02/2025,226,,42 Wholesale Trade,2025-07-02 00:00:00,Closure Permanent,5100 Franklin Drive  Pleasanton CA 94588
California,"Young's Market Company, LLC dba Republic National Distributing Company",San Diego County,07/01/2025,09/02/2025,80,,42 Wholesale Trade,2025-07-02 00:00:00,Closure Permanent,3602 Kurtz Street  San Diego CA 92110
California,Coastal Trading Ventures,San Diego County,07/02/2025,09/07/2025,74,,54 Professional Scientific and Technical Services,2025-07-02 00:00:00,Layoff Permanent,10605 Jamacha Blvd  Spring Valley CA 91978
California,Republic National Distributing Company,Santa Clara County,07/01/2025,09/02/2025,156,,42 Wholesale Trade,2025-07-02 00:00:00,Closure Permanent,850 Jarvis Dr  Morgan Hill CA 95037
California,"Young's Market Company, LLC dba Republic National Distributing Company",Yolo County,07/01/2025,09/02/2025,136,,42 Wholesale Trade,2025-07-02 00:00:00,Closure Permanent,3620 Industrial Blvd.  West Sacramento CA 95691
California,"Cruise, LLC - 640 Cesar Chavez",San Francisco County,07/03/2025,07/03/2025,2,,48-49 Transportation and Warehousing,2025-07-03 00:00:00,Layoff Permanent,640 Cesar Chavez Street  \San Francisco CA 94124
California,"Cruise, LLC - 1201 Bryant",San Mateo County,07/03/2025,07/03/2025,85,,48-49 Transportation and Warehousing,2025-07-03 00:00:00,Layoff Permanent,1201 Bryant Street  San Francisco CA 94013
California,"Cruise, LLC - 840 W",Santa Clara County,07/03/2025,07/03/2025,14,,48-49 Transportation and Warehousing,2025-07-03 00:00:00,Layoff Permanent,840 W California Avenue  Sunnyvale CA 94086
California,Paramount Global (1575),Los Angeles County,07/03/2025,08/09/2025,48,,71 Arts Entertainment and Recreation,2025-07-07 00:00:00,Layoff Permanent,1575 N. Gower Street  Los Angeles CA 90038
California,Paramount Global (5555),Los Angeles County,07/03/2025,08/09/2025,61,,71 Arts Entertainment and Recreation,2025-07-07 00:00:00,Layoff Permanent,5555 Melrose Avenue  Los Angeles CA 90038
California,"McDonald&rsquo;s Restaurants of California, Inc.",Los Angeles County,07/08/2025,09/08/2025,87,,72 Accommodation and Food Services,2025-07-08 00:00:00,Closure Temporary,341 S. Vermont Ave  Los Angeles CA 90029
California,Intel Corporation (Robert Noyce Building),Santa Clara County,07/07/2025,07/15/2025,184,,54 Professional Scientific and Technical Services,2025-07-08 00:00:00,Layoff Permanent,2200 Mission College Boulevard  Santa Clara CA 95054
California,Intel Corporation (SC-1),Santa Clara County,07/07/2025,07/15/2025,1,,54 Professional Scientific and Technical Services,2025-07-08 00:00:00,Layoff Permanent,3065 Bowers Avenue  Santa Clara CA 95054
California,Intel Corporation (SC-2),Santa Clara County,07/07/2025,07/15/2025,1,,54 Professional Scientific and Technical Services,2025-07-08 00:00:00,Layoff Permanent,3065 Bowers Avenue  Santa Clara CA 95054
California,Intel Corporation (SC-9),Santa Clara County,07/07/2025,07/15/2025,37,,54 Professional Scientific and Technical Services,2025-07-08 00:00:00,Layoff Permanent,3601 Juliette Lane  Santa Clara CA 95054
California,Intel Corporation (SC-11),Santa Clara County,07/07/2025,07/15/2025,8,,54 Professional Scientific and Technical Services,2025-07-08 00:00:00,Layoff Permanent,2191 Laurelwood Rd  Santa Clara CA 95054
California,Intel Corporation (SC-12),Santa Clara County,07/07/2025,07/15/2025,179,,54 Professional Scientific and Technical Services,2025-07-08 00:00:00,Layoff Permanent,3600 Juliette Lane  Santa Clara CA 95054
California,T. Marzetti,Santa Clara County,07/08/2025,06/30/2025,77,,31-33 Manufacturing,2025-07-08 00:00:00,Closure Permanent,876 Yosemite Drive  Milpitas CA 95035
California,Activision Blizzard,Orange County,07/02/2025,08/31/2025,73,,56 Administrative and Support and Waste Management and Remediation,2025-07-08 00:00:00,Layoff Permanent,16215 Alton Pkwy  Irvine CA 92618
California,Intel Corporation,Sacramento County,07/07/2025,07/11/2025,174,,54 Professional Scientific and Technical Services,2025-07-08 00:00:00,Layoff Permanent,1900 Prairie City Rd  Folsom CA 95630
California,Best Buy Health,San Diego County,07/08/2025,09/12/2025,161,,44-45 Retail Trade,2025-07-08 00:00:00,Closure Permanent,"2200 Faraday Ave, Ste. 100  Carlsbad CA 92008"
California,Kaiser Foundation Hospitals,Alameda County,07/07/2025,07/07/2025,2,,62 Healthcare and Social Assistance,2025-07-09 00:00:00,Layoff Permanent,5820 Owens Dr.  Pleasanton CA 94588
California,Kaiser Foundation Hospitals,Los Angeles County,07/07/2025,07/07/2025,1,,62 Healthcare and Social Assistance,2025-07-09 00:00:00,Layoff Permanent,74 N. Pasadena Ave.  Pasadena CA 91103
California,Kaiser Foundation Hospitals,Solano County,07/07/2025,07/07/2025,1,,62 Healthcare and Social Assistance,2025-07-09 00:00:00,Layoff Permanent,1617 Broadway St.  Vallejo CA 94590
California,University of Southern California,Los Angeles County,07/08/2025,09/10/2025,55,,61 Educational Services,2025-07-09 00:00:00,Layoff Permanent,3551 Trousdale Pkwy  Los Angeles CA 90089
California,Levy,Los Angeles County,07/09/2025,09/10/2025,276,,72 Accommodation and Food Services,2025-07-09 00:00:00,Closure Permanent,135 N Grand Ave.  Los Angeles CA 90012
California,"Pacira BioSciences, Inc.",San Diego County,07/09/2025,09/07/2025,71,,31-33 Manufacturing,2025-07-09 00:00:00,Layoff Permanent,10450 Science Center Dr  San Diego CA 92121
California,"GSC Logistics, Inc.",Alameda County,07/10/2025,07/10/2025,25,,48-49 Transportation and Warehousing,2025-07-10 00:00:00,Layoff Permanent,"555 Maritime Street, Building 512  Oakland CA 94607"
California,"GSC National Transportation, Inc",Alameda County,07/10/2025,07/10/2025,38,,48-49 Transportation and Warehousing,2025-07-10 00:00:00,Layoff Permanent,"530 Water Street, 5th Floor  Oakland CA 94607"
California,"All-Rite Leasing, Inc.",Orange County,05/29/2025,07/29/2025,132,,56 Administrative and Support and Waste Management and Remediation,2025-07-10 00:00:00,Closure Permanent,"950 South Coast Drive, Suite 110  Costa Mesa CA 92626"
California,(3909) San Diego LGBT Community Center,San Diego County,07/03/2025,09/06/2025,60,,62 Healthcare and Social Assistance,2025-07-10 00:00:00,Layoff Permanent,3909 Center St  San Diego CA 92103
California,(1640) San Diego LGBT Community Center,San Diego County,07/03/2025,09/06/2025,7,,62 Healthcare and Social Assistance,2025-07-10 00:00:00,Layoff Permanent,1640 Broadway  San Diego CA 92101
California,(1045) San Diego LGBT Community Center,San Diego County,07/03/2025,09/06/2025,6,,62 Healthcare and Social Assistance,2025-07-10 00:00:00,Layoff Permanent,1045 11th Ave.  San Diego CA 92101
California,(3636) San Diego LGBT Community Center,San Diego County,07/03/2025,09/06/2025,20,,62 Healthcare and Social Assistance,2025-07-10 00:00:00,Layoff Permanent,"3636 5th Ave., Suite 300  San Diego CA 92103"
California,(3878) San Diego LGBT Community Center,San Diego County,07/03/2025,09/06/2025,3,,62 Healthcare and Social Assistance,2025-07-10 00:00:00,Layoff Permanent,3878 Old Town Ave.  San Diego CA 92110
California,(514) San Diego LGBT Community Center,San Diego County,07/03/2025,07/07/2025,2,,62 Healthcare and Social Assistance,2025-07-10 00:00:00,Layoff Permanent,514 Pennsylvania Ave.  San Diego CA 92103
California,(1807) San Diego LGBT Community Center,San Diego County,07/03/2025,09/06/2025,5,,62 Healthcare and Social Assistance,2025-07-10 00:00:00,Layoff Permanent,"1807 Robinson Ave., Suite 106  San Diego CA 92103"
California,(3851) San Diego LGBT Community Center,San Diego County,07/03/2025,09/06/2025,1,,62 Healthcare and Social Assistance,2025-07-10 00:00:00,Layoff Permanent,3851 Rosecrans St.  San Diego CA 92110
California,(1180) San Diego LGBT Community Center,San Diego County,07/03/2025,09/06/2025,3,,62 Healthcare and Social Assistance,2025-07-10 00:00:00,Layoff Permanent,"1180 3rd Ave., Suite C1  Chula Vista CA 91911"
California,(3045) San Diego LGBT Community Center,San Diego County,07/03/2025,09/06/2025,1,,62 Healthcare and Social Assistance,2025-07-10 00:00:00,Layoff Permanent,"3045 Beyer Blvd., Suite D-101  San Diego CA 92104"
California,(134) San Diego LGBT Community Center,San Diego County,07/03/2025,09/06/2025,1,,62 Healthcare and Social Assistance,2025-07-10 00:00:00,Layoff Permanent,134 Grapevine Rd.  Vista CA 92083
California,(520) San Diego LGBT Community Center,San Diego County,07/03/2025,09/06/2025,1,,62 Healthcare and Social Assistance,2025-07-10 00:00:00,Layoff Permanent,"520 N. Coast Hwy., Suite 102  Oceanside CA 92054"
California,(460) San Diego LGBT Community Center,San Diego County,07/03/2025,09/06/2025,1,,62 Healthcare and Social Assistance,2025-07-10 00:00:00,Layoff Permanent,"460 Magnolia Ave., Suite 100,  El Cajon CA 92020"
California,(131) San Diego LGBT Community Center,San Diego County,07/03/2025,09/06/2025,1,,62 Healthcare and Social Assistance,2025-07-10 00:00:00,Layoff Permanent,131 Avocado Ave.  El Cajon CA 92020
California,"Planned Parenthood Mar Monte, Inc.",Santa Clara County,07/09/2025,07/09/2025,17,,62 Healthcare and Social Assistance,2025-07-10 00:00:00,Layoff Permanent,1691 The Alameda  San Jose CA 95126
California,Quixote Studio Services (1011),Los Angeles County,07/10/2025,07/10/2025,8,,53 Real Estate and Rental Leasing,2025-07-11 00:00:00,Layoff Permanent,1011 N Fuller Ave  West Hollywood CA 90046
California,Quixote Studio Services (10252),Los Angeles County,07/10/2025,07/10/2025,11,,53 Real Estate and Rental Leasing,2025-07-11 00:00:00,Layoff Permanent,10252 Norris Avenue  Pacoima CA 91331
California,Quixote Studio Services (12137),Los Angeles County,07/10/2025,07/10/2025,1,,53 Real Estate and Rental Leasing,2025-07-11 00:00:00,Layoff Permanent,12137 Montague Street  Pacoima CA 91331
California,Quixote Studio Services (10262),Los Angeles County,07/10/2025,07/10/2025,2,,53 Real Estate and Rental Leasing,2025-07-11 00:00:00,Layoff Permanent,10262 Norris Ave  Pacoima CA 91331
California,Quixote Studio Services (11473),Los Angeles County,07/10/2025,07/10/2025,37,,53 Real Estate and Rental Leasing,2025-07-11 00:00:00,Layoff Permanent,11473 Penrose St  Sun Valley CA 91352
California,Quixote Studio Services (14002),Los Angeles County,07/10/2025,07/10/2025,7,,53 Real Estate and Rental Leasing,2025-07-11 00:00:00,Layoff Permanent,14002 Balboa Blvd  Sylmar CA 91342
California,Quixote Studio Services (13334),Los Angeles County,07/10/2025,07/10/2025,16,,53 Real Estate and Rental Leasing,2025-07-11 00:00:00,Layoff Permanent,13334 Ralston Ave  Sylmar CA 91342
California,Intel Corporation,Sacramento County,07/10/2025,07/11/2025,170,,54 Professional Scientific and Technical Services,2025-07-11 00:00:00,Layoff Permanent,1900 Prairie City Rd  Folsom CA 95630
California,Quanex Homeshield LLC,San Bernardino County,07/11/2025,09/09/2025,15,,31-33 Manufacturing,2025-07-11 00:00:00,Closure Permanent,13611 Santa Ana Avenue  Fontana CA 92337
California,"LMB Mortgage Services, Inc. dba LowerMyBills.com",Los Angeles County,07/11/2025,09/12/2025,38,,54 Professional Scientific and Technical Services,2025-07-14 00:00:00,Layoff Permanent,"12181 Bluff Creek Drive, Suite 250  Playa Vista CA 90094"
California,Intel Corporation (Robert Noyce),Santa Clara County,07/10/2025,07/15/2025,203,,54 Professional Scientific and Technical Services,2025-07-14 00:00:00,Layoff Permanent,2200 Mission College Boulevard  Santa Clara CA 95054
California,Intel Corporation (SC-1),Santa Clara County,07/10/2025,07/15/2025,4,,54 Professional Scientific and Technical Services,2025-07-14 00:00:00,Layoff Permanent,3065 Bowers Avenue  Santa Clara CA 95054
California,Intel Corporation (SC-2),Santa Clara County,07/10/2025,07/15/2025,43,,54 Professional Scientific and Technical Services,2025-07-14 00:00:00,Layoff Permanent,3065 Bowers Avenue  Santa Clara CA 95054
California,Intel Corporation (SC-9),Santa Clara County,07/10/2025,07/15/2025,16,,54 Professional Scientific and Technical Services,2025-07-14 00:00:00,Layoff Permanent,3601 Juliette Lane  Santa Clara CA 95054-1513
California,Intel Corporation (SC-11),Santa Clara County,07/10/2025,07/15/2025,5,,54 Professional Scientific and Technical Services,2025-07-14 00:00:00,Layoff Permanent,2191 Laurelwood Rd  Santa Clara CA 95054
California,Intel Corporation (SC-12),Santa Clara County,07/10/2025,07/15/2025,55,,54 Professional Scientific and Technical Services,2025-07-14 00:00:00,Layoff Permanent,3600 Juliette Lane  Santa Clara CA 95054
California,"Gatan, Inc.",Alameda County,07/15/2025,09/15/2025,96,,31-33 Manufacturing,2025-07-15 00:00:00,Closure Temporary,5794 W. Las Positas Blvd.  Pleasanton CA 94588
California,Corteva Agriscience,Contra Costa County,07/15/2025,09/26/2025,4,,11 Agriculture Forestry Fishing Hunting,2025-07-15 00:00:00,Layoff Permanent,901 Loveridge Road  Pittsburg CA 94565
California,Blue Shield of California - Oakland,Alameda County,07/14/2025,09/23/2025,70,,52 Finance and Insurance,2025-07-15 00:00:00,Layoff Permanent,601 12th Street  Oakland CA 94607
California,"Blue Shield of California - Town Center, Building C",El Dorado County,07/14/2025,09/23/2025,6,,52 Finance and Insurance,2025-07-15 00:00:00,Layoff Permanent,"4203 Town Center Blvd, Building C  El Dorado CA 95762"
California,"Blue shield of California - Town Center, Building B",El Dorado County,07/14/2025,09/23/2025,32,,52 Finance and Insurance,2025-07-15 00:00:00,Layoff Permanent,4205 Town Center Blvd. Building B  El Dorado CA 95762
California,Blue Shield of California - Long Beach,Los Angeles County,07/14/2025,09/23/2025,11,,52 Finance and Insurance,2025-07-15 00:00:00,Layoff Permanent,3840 Kilroy Airport Way  Long Beach CA 90806
California,Blue Shield of California - Woodland Hills,Los Angeles County,07/14/2025,09/23/2025,10,,52 Finance and Insurance,2025-07-15 00:00:00,Layoff Permanent,6300 Canoga Avenue  Woodland Hills CA 91367
California,Blue Shield of California - Rancho Cordova,Sacramento County,07/14/2025,09/23/2025,3,,52 Finance and Insurance,2025-07-15 00:00:00,Layoff Permanent,3300 Zinfandel Drive  Rancho Cordova CA 95670
California,Blue Shield of California - San Diego,San Diego County,07/14/2025,09/23/2025,2,,52 Finance and Insurance,2025-07-15 00:00:00,Layoff Permanent,"3131 Camino Del Rio, SUite #1300  San Diego CA 92108"
California,Blue Shield of California - Lodi,San Joaquin County,07/14/2025,09/23/2025,2,,52 Finance and Insurance,2025-07-15 00:00:00,Layoff Permanent,3021 Reynolds Ranch Parkway  Lodi CA 95240
California,Blue Shield of California - Redding,Shasta County,07/14/2025,09/23/2025,2,,52 Finance and Insurance,2025-07-15 00:00:00,Layoff Permanent,4700 Bechelli Lane  Redding CA 96002
California,Kaiser Foundation Hospitals - Pleasanton,Alameda County,07/14/2025,07/14/2025,2,,62 Healthcare and Social Assistance,2025-07-16 00:00:00,Layoff Permanent,5820 Owens Dr.  Pleasanton CA 94588
California,Kaiser Foundation Hospitals - Pasadena,Los Angeles County,07/14/2025,07/14/2025,3,,62 Healthcare and Social Assistance,2025-07-16 00:00:00,Layoff Permanent,393 E. Walnut St.  Pasadena CA 91188
California,Paramount Global,Los Angeles County,07/15/2025,06/25/2025,1,,71 Arts Entertainment and Recreation,2025-07-16 00:00:00,Layoff Permanent,1575 N. Gower Street  Los Angeles CA 90028
California,International Paper Company,Orange County,07/15/2025,09/13/2025,71,,31-33 Manufacturing,2025-07-16 00:00:00,Closure Permanent,6211 Descanso Ave.  Buena Park CA 90620
California,Mental Health Association of San Francisco,San Francisco County,07/16/2025,09/15/2025,200,,81 Other Services Except Public Administration,2025-07-16 00:00:00,Layoff Permanent,"870 Market Street, #658  San Francisco CA 94102"
California,"Genentech, Inc.",San Mateo County,07/16/2025,09/15/2025,87,,42 Wholesale Trade,2025-07-17 00:00:00,Layoff Permanent,1 DNA Way  South San Francisco CA 94080
California,Leah's Pantry,San Diego County,07/16/2025,09/30/2025,40,,62 Healthcare and Social Assistance,2025-07-17 00:00:00,Layoff Permanent,"2204 Garnet Avenue, Suite 304  San Diego CA 92109"
California,Levi Strauss & Co.,San Francisco County,07/14/2025,09/12/2025,44,,44-45 Retail Trade,2025-07-17 00:00:00,Layoff Permanent,1155 Battery Street  San Francisco CA 94111
California,Leah's Pantry,San Francisco County,07/16/2025,09/30/2025,40,,62 Healthcare and Social Assistance,2025-07-17 00:00:00,Layoff Permanent,3019 Mission St. #3  San Francisco CA 94110
California,E. & J. Gallo Winery,San Luis Obispo County,07/17/2025,09/08/2025,47,,31-33 Manufacturing,2025-07-17 00:00:00,Closure Permanent,2425 Mission Street  San Miguel CA 93451
California,Clark Pacific,Yolo County,07/17/2025,10/03/2025,65,,23 Construction,2025-07-17 00:00:00,Layoff Permanent,40600 County Road 18C  Woodland CA 95776
California,Gee Heavy Machinery,Alameda County,07/18/2025,07/21/2025,7,,42 Wholesale Trade,2025-07-18 00:00:00,Layoff Permanent,45051 Industrial Drive  Fremont CA 94538
California,"Primo Brands, Inc.",Fresno County,07/18/2025,09/16/2025,3,,31-33 Manufacturing,2025-07-18 00:00:00,Layoff Permanent,5377 E Home Avenue  Fresno CA 93727
California,Gee Heavy Machinery,Fresno County,07/18/2025,07/21/2025,9,,42 Wholesale Trade,2025-07-18 00:00:00,Closure Permanent,5461 S. Nikita Ave  Fresno CA 93725
California,KIRA Government Services,Kings County,07/15/2025,08/11/2025,11,,56 Administrative and Support and Waste Management and Remediation,2025-07-18 00:00:00,Layoff Permanent,Building 359 Reeves Blvd.  Lemoore CA 93245
California,"Primo Brands, Inc.",Los Angeles County,07/18/2025,09/16/2025,3,,31-33 Manufacturing,2025-07-18 00:00:00,Layoff Permanent,4550 York Boulevard Building C  Los Angeles CA 90041
California,"Primo Brands, Inc.",Los Angeles County,07/18/2025,09/16/2025,1,,31-33 Manufacturing,2025-07-18 00:00:00,Layoff Permanent,7817 Haskell Avenue  Van Nuys CA 91406
California,"L3Harris Technologies, Inc.",Los Angeles County,07/18/2025,09/30/2025,149,,31-33 Manufacturing,2025-07-18 00:00:00,Closure Permanent,7821 Orion Avenue  Van Nuys CA 91406
California,"Oheck, LLC",Los Angeles County,07/17/2025,09/16/2025,174,,31-33 Manufacturing,2025-07-18 00:00:00,Closure Permanent,5830 Bickett Street  Huntington Park CA 90255
California,"Primo Brands, Inc.",Los Angeles County,07/18/2025,09/16/2025,3,,31-33 Manufacturing,2025-07-18 00:00:00,Layoff Permanent,4510 Azusa Canyon Road  Covina CA 91706
California,"Primo Brands, Inc.",Monterey County,07/18/2025,09/16/2025,1,,31-33 Manufacturing,2025-07-18 00:00:00,Layoff Permanent,21875 Rosehart Way  Salinas CA 93908
California,Gee Heavy Machinery,Shasta County,07/18/2025,07/21/2025,7,,42 Wholesale Trade,2025-07-18 00:00:00,Closure Permanent,1164 Prestige Way  Redding CA 96003
California,"Primo Brands, Inc.",Santa Clara County,07/18/2025,09/16/2025,4,,31-33 Manufacturing,2025-07-18 00:00:00,Layoff Permanent,945 Ames Road  Milpitas CA 95035
California,AMD Direct Inc.,Orange County,07/18/2025,09/15/2025,7,,42 Wholesale Trade,2025-07-18 00:00:00,Closure Permanent,17322 Gothard Street  Huntington Beach CA 92647
California,"Primo Brands, Inc.",Orange County,07/18/2025,09/16/2025,4,,31-33 Manufacturing,2025-07-18 00:00:00,Layoff Permanent,1522 North Newhope Street  Santa Ana CA 92703
California,"Primo Brands, Inc.",Riverside County,07/18/2025,09/16/2025,4,,31-33 Manufacturing,2025-07-18 00:00:00,Layoff Permanent,1363 Citrus Avenue  Riverside CA 92507
California,"Primo Brands, Inc.",Riverside County,07/18/2025,09/16/2025,1,,31-33 Manufacturing,2025-07-18 00:00:00,Layoff Permanent,41611 Date Street  Murrieta CA 92562
California,"Primo Brands, Inc.",Sacramento County,07/18/2025,09/16/2025,1,,31-33 Manufacturing,2025-07-18 00:00:00,Layoff Permanent,8631 Younger Creek Drive  Sacramento CA 95828
California,Gee Heavy Machinery,Sacramento County,07/18/2025,07/21/2025,34,,42 Wholesale Trade,2025-07-18 00:00:00,Layoff Permanent,5400 Raley Blvd  Sacramento CA 95838
California,"Primo Brands, Inc.",San Diego County,07/18/2025,09/16/2025,4,,31-33 Manufacturing,2025-07-18 00:00:00,Layoff Permanent,11811 Highway 67  Lakeside CA 92040
California,"Primo Brands, Inc.",San Diego County,07/18/2025,09/16/2025,1,,31-33 Manufacturing,2025-07-18 00:00:00,Layoff Permanent,2615 Temple Heights Road  Oceanside CA 92056
California,"Primo Brands, Inc.",San Joaquin County,07/18/2025,09/16/2025,3,,31-33 Manufacturing,2025-07-18 00:00:00,Layoff Permanent,1024 Mellon Avenue  Manteca CA 95337
California,"Primo Brands, Inc.",Solano County,07/18/2025,09/16/2025,1,,31-33 Manufacturing,2025-07-18 00:00:00,Layoff Permanent,395 W Channel Road  Benicia CA 94510
California,"Primo Brands, Inc.",Sonoma County,07/18/2025,09/16/2025,1,,31-33 Manufacturing,2025-07-18 00:00:00,Layoff Permanent,1264 Apollo Way Ste 3  Santa Rosa CA 95407
California,"Primo Brands, Inc.",Los Angeles County,07/18/2025,09/16/2025,3,,31-33 Manufacturing,2025-07-18 00:00:00,Layoff Permanent,221 E. Alondra Boulevard  Gardena CA 90248
California,Ventura Coastal,Tulare County,07/18/2025,09/24/2025,70,,42 Wholesale Trade,2025-07-18 00:00:00,Layoff Temporary,531 W. Poplar Avenue  Tipton CA 93272
California,SSP America,San Diego County,07/21/2025,09/22/2025,116,,72 Accommodation and Food Services,2025-07-21 00:00:00,Layoff Permanent,3325 N. Harbor Dr 6900 Airport Blvd San Diego CA 92101
California,Kaiser Foundation Hospitals,Alameda County,07/21/2025,07/21/2025,3,,62 Healthcare and Social Assistance,2025-07-22 00:00:00,Layoff Permanent,5820 Owens Dr  Pleasanton CA 94588
California,Kaiser Foundation Hospitals,Marin County,07/21/2025,07/21/2025,1,,62 Healthcare and Social Assistance,2025-07-22 00:00:00,Layoff Permanent,100 Smith Ranch Rd  San Rafael CA 94903
California,Lazy Dog,Riverside County,07/21/2025,09/19/2025,89,,72 Accommodation and Food Services,2025-07-22 00:00:00,Closure Permanent,40754 Winchester Rd.  Temecula CA 92591
California,"Primal Pet Foods, Inc. - Chadbourne",Solano County,07/17/2025,09/17/2025,7,,31-33 Manufacturing,2025-07-22 00:00:00,Closure Permanent,"801 Chadbourne, Suite 103  Fairfield CA 94534"
California,"Primal Pet Foods, Inc.",Solano County,07/17/2025,09/17/2025,10,,31-33 Manufacturing,2025-07-22 00:00:00,Closure Permanent,"5100 Fulton Drive, Suite B  Fairfield CA 94534"
California,"Primal Pet Foods, Inc. - Watt",Solano County,07/17/2025,09/17/2025,130,,31-33 Manufacturing,2025-07-22 00:00:00,Closure Permanent,"535 Watt Drive, Suite B  Fairfield CA 94534"
California,"US Foods, Inc.",Yolo County,07/22/2025,09/30/2025,48,,42 Wholesale Trade,2025-07-22 00:00:00,Closure Permanent,3045 Mulvany Place  West Sacramento CA 95691
California,"Astellas Gene Therapies, Inc.",San Mateo County,01/29/2025,01/29/2025,21,,54 Professional Scientific and Technical Services,2025-07-23 00:00:00,Layoff Permanent,534 Eccles Avenue  South San Francisco CA 94080
California,International Flavors & Fragrances,Riverside County,07/22/2025,09/22/2025,36,,42 Wholesale Trade,2025-07-23 00:00:00,Closure Permanent,790 East Harrison Street  Corona CA 92879
California,Williamson Morgan & Associates LLC,San Bernardino County,07/21/2025,09/22/2025,22,,56 Administrative and Support and Waste Management and Remediation,2025-07-23 00:00:00,Layoff Not known at this time,320 S Milliken Avenue Suite H  Ontario CA 91761
California,"SenDx Medical, Inc.",San Diego County,07/10/2025,09/15/2025,119,,31-33 Manufacturing,2025-07-23 00:00:00,Closure Permanent,1945 Palomar Oaks Way  Carlsbad CA 92011
California,Block By Block-CA,Los Angeles County,07/24/2025,09/30/2025,82,,56 Administrative and Support and Waste Management and Remediation,2025-07-25 00:00:00,Layoff Permanent,WeHo Santa Monica Blvd. S4750 7362 Santa Monica Blvd. Los Angeles CA 90046
California,Crane Food Services,Sacramento County,07/25/2025,09/25/2025,85,,72 Accommodation and Food Services,2025-07-25 00:00:00,Layoff Temporary,2679 E Bidwell Street  Folsom CA 95630
California,"Decra Roofing Systems, Inc.",Riverside County,07/28/2025,09/30/2025,57,,31-33 Manufacturing,2025-07-28 00:00:00,Closure Permanent,1230 Railroad Street  Corona CA 92882
California,"CRST Lincoln Sales, Inc. dba CRST Equipment Solutions, Inc.",Riverside County,07/28/2025,09/27/2025,10,,81 Other Services Except Public Administration,2025-07-28 00:00:00,Layoff Permanent,5150 Wilson St.  JURUPA VALLEY CA 92509
California,"Spiral Binding, LLC",Ventura County,07/28/2025,09/26/2025,135,,31-33 Manufacturing,2025-07-28 00:00:00,Closure Permanent,431 Calle San Pablo  Camarillo CA 93012
California,Kaiser Foundation Hospitals,Alameda County,07/28/2025,07/28/2025,6,,62 Healthcare and Social Assistance,2025-07-29 00:00:00,Layoff Permanent,One Kaiser Plaza  Oakland CA 94612
California,Kaiser Foundation Hospitals,Alameda County,07/28/2025,07/28/2025,4,,62 Healthcare and Social Assistance,2025-07-29 00:00:00,Layoff Permanent,"4460 Hacienda Dr., Bldg. A  Pleasanton CA 94588"
California,Kaiser Foundation Hospitals (393),Los Angeles County,07/28/2025,07/28/2025,1,,62 Healthcare and Social Assistance,2025-07-29 00:00:00,Layoff Permanent,393 E. Walnut St  Pasadena CA 91188
California,Kaiser Foundation Hospitals (74),Los Angeles County,07/28/2025,07/28/2025,1,,62 Healthcare and Social Assistance,2025-07-29 00:00:00,Layoff Permanent,74 N. Pasadena Ave  Pasadena CA 91103
California,Kaiser Foundation Hospitals (99),Los Angeles County,07/28/2025,07/28/2025,3,,62 Healthcare and Social Assistance,2025-07-29 00:00:00,Layoff Permanent,99 S. Oakland Ave  Pasadena CA 91101
California,Kaiser Foundation Hospitals,San Diego County,07/28/2025,07/28/2025,1,,62 Healthcare and Social Assistance,2025-07-29 00:00:00,Layoff Permanent,"11975 El Camino Real, Ste. 105  San Diego CA 92130"
California,"CRST Expedited, Inc. dba CRST The Transportation Solution",Riverside County,07/28/2025,09/27/2025,7,,48-49 Transportation and Warehousing,2025-07-29 00:00:00,Layoff Permanent,5350 Wilson St.  JURUPA VALLEY CA 92509
California,"Decra Roofing Systems, Inc.",Riverside County,07/28/2025,09/30/2025,4,,31-33 Manufacturing,2025-07-29 00:00:00,Closure Permanent,1230 Railroad St.  Corona CA 92882
California,Coastal Trading Ventures,San Diego County,07/29/2025,09/30/2025,27,,54 Professional Scientific and Technical Services,2025-07-29 00:00:00,Closure Permanent,1005 Jamacha Blvd.  Spring Valley CA 91978
California,Thermo Fisher Scientific (5823),San Diego County,07/29/2025,09/15/2025,52,,31-33 Manufacturing,2025-07-29 00:00:00,Layoff Permanent,5823 Newton Dr  Carlsbad CA 92008
California,Thermo Fisher Scientific (5781),San Diego County,07/29/2025,09/15/2025,33,,31-33 Manufacturing,2025-07-29 00:00:00,Layoff Permanent,5781 Van Allen Way  Carlsbad CA 92008
California,"Planned Parenthood Mar Monte, Inc.",Fresno County,07/24/2025,09/24/2025,4,,62 Healthcare and Social Assistance,2025-07-30 00:00:00,Layoff Permanent,6095 N. 1st Sreet  Fresno CA 93710
California,Galleher LLC,Kern County,07/29/2025,09/29/2025,2,,42 Wholesale Trade,2025-07-30 00:00:00,Closure Permanent,6901 District Blvd. b  Bakersfield CA 93313
California,Planned Parenthood Mar Monte,Kern County,07/24/2025,09/24/2025,2,,62 Healthcare and Social Assistance,2025-07-30 00:00:00,Layoff Permanent,2633 16th Street  Bakersfield CA 93301
California,Planned Parenthood Mar Monte,Madera County,07/24/2025,09/24/2025,11,,62 Healthcare and Social Assistance,2025-07-30 00:00:00,Layoff Permanent,500 E. Almond Ave. Ste. 1  Madera CA 93637
California,Planned Parenthood Mar Monte,Merced County,07/24/2025,07/24/2025,2,,62 Healthcare and Social Assistance,2025-07-30 00:00:00,Layoff Permanent,3166 Collins Drive  Merced CA 95348
California,"Planned Parenthood Mar Monte, Inc.",Monterey County,07/24/2025,09/24/2025,3,,62 Healthcare and Social Assistance,2025-07-30 00:00:00,Layoff Permanent,316 North Main Street  Salinas CA 93901
California,"Planned Parenthood Mar Monte, Inc.",Santa Cruz County,07/24/2025,09/24/2025,2,,62 Healthcare and Social Assistance,2025-07-30 00:00:00,Layoff Permanent,398 South Green Valley Road  Watsonville CA 95076
California,Galleher LLC,Shasta County,07/29/2025,09/29/2025,2,,42 Wholesale Trade,2025-07-30 00:00:00,Closure Permanent,3098 Crossroads Dr.  Redding CA 96003
California,"Planned Parenthood Mar Monte, Inc.",San Mateo County,07/24/2025,09/24/2025,10,,62 Healthcare and Social Assistance,2025-07-30 00:00:00,Layoff Permanent,435 Grand Avenue  South San Francisco CA 94080
California,"Planned Parenthood Mar Monte, Inc.",Sacramento County,07/24/2025,09/25/2025,1,,62 Healthcare and Social Assistance,2025-07-30 00:00:00,Layoff Permanent,"201 29th Street, Suite B  Sacramento CA 95816"
California,"Planned Parenthood Mar Monte, Inc.",San Joaquin County,07/24/2025,09/24/2025,3,,62 Healthcare and Social Assistance,2025-07-30 00:00:00,Layoff Permanent,4555 Precissi Lane  Stockton CA 95207
California,"Planned Parenthood Mar Monte, Inc.",Santa Clara County,07/24/2025,09/24/2025,13,,62 Healthcare and Social Assistance,2025-07-30 00:00:00,Layoff Permanent,760 Renz Lane  Gilroy CA 95020
California,"Planned Parenthood Mar Monte, Inc.",Santa Cruz County,07/24/2025,09/24/2025,17,,62 Healthcare and Social Assistance,2025-07-30 00:00:00,Layoff Permanent,"1119 Pacific Avenue, Suite 200  Santa Cruz CA 95060"
California,Planned Parenthood Mar Monte,Stanislaus County,07/24/2025,09/24/2025,3,,62 Healthcare and Social Assistance,2025-07-30 00:00:00,Layoff Permanent,1431 McHenry Suite 100  Modesto CA 95350
California,"Warner Bros. Discovery, Inc. (100)",Los Angeles County,07/30/2025,10/04/2025,11,,51 Information,2025-07-30 00:00:00,Layoff Permanent,100 S. California Street  Burbank CA 91505
California,"Warner Bros. Discovery, Inc. (200)",Los Angeles County,07/30/2025,10/04/2025,38,,51 Information,2025-07-30 00:00:00,Layoff Permanent,200 S. California Street  Burbank CA 91505
California,"Warner Bros. Discovery, Inc. (4000)",Los Angeles County,07/30/2025,10/04/2025,3,,51 Information,2025-07-30 00:00:00,Layoff Permanent,4000 Warner Blvd  Burbank CA 91522
California,Recology Vallejo,Solano County,07/30/2025,09/30/2025,25,,56 Administrative and Support and Waste Management and Remediation,2025-07-30 00:00:00,Layoff Permanent,2021 Broadway  Vallejo CA 94589
California,Greif Packaging LLC,Merced County,07/31/2025,09/29/2025,43,,31-33 Manufacturing,2025-07-31 00:00:00,Closure Permanent,2400 Cooper Ave  Merced CA 95348
California,Children's Specialists of San Diego,San Diego County,07/31/2025,10/31/2025,55,,62 Healthcare and Social Assistance,2025-07-31 00:00:00,Layoff Permanent,7910 Frost Street  San Diego CA 92123
California,Stanford University,Santa Clara County,07/31/2025,09/30/2025,363,,61 Educational Services,2025-07-31 00:00:00,Layoff Permanent,450 Jane Stanford Way  Stanford CA 94305
California,"Wildbrine, LLC",Sonoma County,07/31/2025,10/01/2025,4,,44-45 Retail Trade,2025-07-31 00:00:00,Closure Permanent,3700 Fulton Rd  Santa Rosa CA 95403
California,Host International Inc.,Sacramento County,08/01/2025,10/01/2025,70,,72 Accommodation and Food Services,2025-08-01 00:00:00,Layoff Temporary,6900 Airport Blvd.  Sacramento CA 95837
California,"Zeco Systems, Inc (DBA Shell Recharge Solutions)",Los Angeles County,08/04/2025,11/30/2025,4,,54 Professional Scientific and Technical Services,2025-08-04 00:00:00,Closure Permanent,568 S Alameda St  Los Angeles CA 90013
California,"Azoteas Mex LA, LLC",Los Angeles County,08/01/2025,10/06/2025,48,,72 Accommodation and Food Services,2025-08-04 00:00:00,Closure Permanent,812 East 3rd Street  Los Angeles CA 90013
California,"Poseida Therapeutics, Inc.",San Diego County,07/31/2025,10/01/2025,52,,54 Professional Scientific and Technical Services,2025-08-04 00:00:00,Layoff Permanent,"9390 Towne Centre Dr., #200  San Diego CA 92121"
California,University of Southern California Keck Hospital,Los Angeles County,08/04/2025,10/04/2025,45,,61 Educational Services,2025-08-05 00:00:00,Layoff Permanent,1500 San Pablo Street (Keck)  Los Angeles CA 90033
California,University of Southern California Norris Cancer Hospital,Los Angeles County,08/04/2025,10/04/2025,10,,61 Educational Services,2025-08-05 00:00:00,Layoff Permanent,1441 Eastlake Ave (Norris)  Los Angeles CA 90033
California,University of Southern California Soto II,Los Angeles County,08/04/2025,10/04/2025,26,,61 Educational Services,2025-08-05 00:00:00,Layoff Permanent,1509 San Pablo St. (Soto II)  Los Angeles CA 90033
California,University of Southern California HC1,Los Angeles County,08/04/2025,10/04/2025,2,,61 Educational Services,2025-08-05 00:00:00,Layoff Permanent,1510 San Pablo St (HC1)  Los Angeles CA 90033
California,University of Southern California HC2,Los Angeles County,08/04/2025,10/04/2025,1,,61 Educational Services,2025-08-05 00:00:00,Layoff Permanent,1520 San Pablo St. (HC2)  Los Angeles CA 90033
California,University of Southern California HC3,Los Angeles County,08/04/2025,10/04/2025,1,,61 Educational Services,2025-08-05 00:00:00,Layoff Permanent,1516 San Pablo St. (HC3)  Los Angeles CA 90033
California,University of Southern California (HC4),Los Angeles County,08/04/2025,10/04/2025,2,,61 Educational Services,2025-08-05 00:00:00,Layoff Permanent,1450 San Pablo St. (HC4)  Los Angeles CA 90033
California,University of Southern California DTLA Clinic,Los Angeles County,08/04/2025,10/04/2025,1,,61 Educational Services,2025-08-05 00:00:00,Layoff Permanent,"830 S. Flower Street, Building DKC  Los Angeles CA 90017"
California,University of Southern California,Los Angeles County,08/04/2025,10/04/2025,1,,61 Educational Services,2025-08-05 00:00:00,Layoff Permanent,1509 San Pablo St.  Los Angeles CA 90033
California,"SIE Orange County Kitchen, LLC",Orange County,08/01/2025,10/01/2025,64,,72 Accommodation and Food Services,2025-08-05 00:00:00,Layoff Permanent,1400 Anduril Drive  Costa Mesa CA 92626
California,"Horizon Hobby, LLC",San Bernardino County,08/01/2025,10/03/2025,19,,42 Wholesale Trade,2025-08-05 00:00:00,Closure Permanent,"4710 E, Guasti Rd. Ste. A  Ontario CA 91761"
California,"Southwest Key Programs, Inc.",Contra Costa County,08/06/2025,10/05/2025,3,,62 Healthcare and Social Assistance,2025-08-06 00:00:00,Closure Permanent,808 Grayson Rd.  Pleasant Hill CA 94523
California,"Gilead Sciences, Inc.",San Diego County,08/06/2025,10/10/2025,5,,54 Professional Scientific and Technical Services,2025-08-06 00:00:00,Layoff Permanent,4010 Ocean Ranch Blvd  Oceanside CA 92056
California,"Southwest Key Programs, Inc.",San Diego County,08/06/2025,10/05/2025,5,,62 Healthcare and Social Assistance,2025-08-06 00:00:00,Closure Permanent,1160 Broadway  El Cajon CA 92021
California,Marathon Staffing Solutions Inc,Tehama County,08/05/2025,10/07/2025,9,,56 Administrative and Support and Waste Management and Remediation,2025-08-06 00:00:00,Layoff Permanent,1600 Solano St. Suite C  Corning CA 96021
California,Marathon Staff Solutions Inc. - W. Sacramento,Yolo County,08/05/2025,10/07/2025,62,,56 Administrative and Support and Waste Management and Remediation,2025-08-06 00:00:00,Layoff Permanent,"2950 Beacon Boulevard, Suite 45  West Sacramento CA 95691"
California,"Jabil, Inc.",Santa Clara County,08/06/2025,10/01/2025,21,,31-33 Manufacturing,2025-08-07 00:00:00,Closure Permanent,"6212 Hellyer Ave, Suite 10  San Jose CA 95138"
California,"TriLink Biotechnologies, LLC (10770)",San Diego County,08/08/2025,10/06/2025,69,,54 Professional Scientific and Technical Services,2025-08-08 00:00:00,Layoff Permanent,10770 Wateridge Cir.  San Diego CA 92121
California,"TriLink Biotechnologies, LLC (5717)",San Diego County,08/08/2025,10/06/2025,5,,54 Professional Scientific and Technical Services,2025-08-08 00:00:00,Layoff Permanent,5717 Pacific Center Blvd.  San Diego CA 92121
California,"TriLink Biotechnologies, LLC (10240)",San Diego County,08/08/2025,10/06/2025,5,,54 Professional Scientific and Technical Services,2025-08-08 00:00:00,Layoff Permanent,10240 Flanders Ct.  San Diego CA 92121
California,"TriLink Biotechnologies, LLC (10247)",San Diego County,08/08/2025,10/06/2025,11,,54 Professional Scientific and Technical Services,2025-08-08 00:00:00,Layoff Permanent,10247 Flanders Ct.  San Diego CA 92121
California,Diamond Baseball Holdings,Stanislaus County,08/08/2025,09/30/2025,7,,71 Arts Entertainment and Recreation,2025-08-08 00:00:00,Layoff Permanent,601 Neece Drive  Modesto CA 95351
California,Altera Corporation,Santa Clara County,08/07/2025,10/08/2025,82,,54 Professional Scientific and Technical Services,2025-08-11 00:00:00,Layoff Permanent,101 Innovation Drive  San Jose CA 95134
California,"Oracle America, Inc.",Alameda County,08/13/2025,10/13/2025,45,,54 Professional Scientific and Technical Services,2025-08-13 00:00:00,Layoff Permanent,5815 Owens Drive  Pleasanton CA 94588
California,Buck Mason,Los Angeles County,08/12/2025,08/31/2025,2,,44-45 Retail Trade,2025-08-13 00:00:00,Closure Permanent,8500 Beverly Blvd  Los Angeles CA 90048
California,"Oracle America, Inc.",San Mateo County,08/13/2025,10/13/2025,143,,54 Professional Scientific and Technical Services,2025-08-13 00:00:00,Layoff Permanent,500 Oracle Parkway  Redwood City CA 94065
California,Block,Alameda County,08/12/2025,10/13/2025,5,,51 Information,2025-08-13 00:00:00,Layoff Permanent,"1955 Broadway, Suite 600  Oakland CA 94612"
California,"Bausch Health US, LLC",Sonoma County,08/13/2025,08/13/2025,49,,31-33 Manufacturing,2025-08-13 00:00:00,Closure Permanent,1330 Redwood Way  Petaluma CA 94954
California,"Delaware North Companies Travel Hospitality Services, Inc.",Los Angeles County,08/14/2025,10/31/2025,92,,72 Accommodation and Food Services,2025-08-14 00:00:00,Layoff Permanent,1 World Way  Los Angeles CA 90045
California,University of Southern California,Los Angeles County,08/14/2025,09/30/2025,54,,61 Educational Services,2025-08-14 00:00:00,Layoff Permanent,3551 Trousdale Pkwy  Los Angeles CA 90089
California,Warner Music Inc.,Los Angeles County,08/14/2025,10/31/2025,56,,51 Information,2025-08-14 00:00:00,Layoff Permanent,777 South Santa Fe Avenue  Los Angeles CA 90021
California,"Oracle America, Inc.",Santa Clara County,08/13/2025,10/13/2025,101,,54 Professional Scientific and Technical Services,2025-08-14 00:00:00,Layoff Permanent,4230 Leonard Stocking Drive  Santa Clara CA 95054
California,Adventist Health Simi Valley,Ventura County,08/14/2025,08/01/2025,2,,62 Healthcare and Social Assistance,2025-08-14 00:00:00,Layoff Permanent,2975 Sycamore Drive  Simi Valley CA 93065
California,"Anaheim Arena Management, LLC",Orange County,08/14/2025,10/15/2025,91,,71 Arts Entertainment and Recreation,2025-08-15 00:00:00,Layoff Permanent,2695 E Katella Avenue  Anaheim CA 92806
California,Pactiv LLC,Kern County,08/14/2025,10/14/2025,127,,31-33 Manufacturing,2025-08-15 00:00:00,Closure Permanent,2024 Norris Rd.  Bakersfield CA 93308
California,The Vons Companies Inc.,Los Angeles County,08/15/2025,10/16/2025,54,,44-45 Retail Trade,2025-08-15 00:00:00,Closure Temporary,3118 S. Sepulveda Blvd.  Los Angeles CA 90034
California,Adventist Health White Memorial & Montebello,Los Angeles County,08/15/2025,10/06/2025,54,,55 Management of Companies and Enterprises,2025-08-15 00:00:00,Layoff Permanent,1720 East Cesar E. Chavez Ave  Los Angeles CA 90003
California,Adventist Health Glendale,Los Angeles County,08/15/2025,10/06/2025,58,,55 Management of Companies and Enterprises,2025-08-15 00:00:00,Layoff Permanent,1509 Wilson Terrace  Glendale CA 91206
California,Adventist Health 1,Placer County,08/15/2025,10/06/2025,296,,55 Management of Companies and Enterprises,2025-08-15 00:00:00,Layoff Permanent,1 Adventist Health Way  Roseville CA 95661
California,"Cisco Systems, Inc.",Santa Clara County,08/13/2025,10/13/2025,157,,54 Professional Scientific and Technical Services,2025-08-15 00:00:00,Layoff Permanent,560 McCarthy Blvd  Milpitas CA 95035
California,"Cisco Systems, Inc.",San Francisco County,08/13/2025,10/13/2025,64,,54 Professional Scientific and Technical Services,2025-08-15 00:00:00,Layoff Permanent,500 Terry A. Francois Blvd  San Francisco CA 94158
California,Adventist Health Simi Valley,Ventura County,08/15/2025,08/15/2025,1,,62 Healthcare and Social Assistance,2025-08-15 00:00:00,Layoff Permanent,2975 Sycamore Drive  Simi Valley CA 93065
California,"Zeco Systems, Inc.",Los Angeles County,08/18/2025,10/04/2025,114,,54 Professional Scientific and Technical Services,2025-08-18 00:00:00,Layoff Permanent,"767 S Alameda, Suite 200  Los Angeles CA 90021"
California,Penney OpCo LLC,Orange County,08/18/2025,11/21/2025,76,,44-45 Retail Trade,2025-08-18 00:00:00,Closure Permanent,400 Westminster Mall  Westminster CA 92683
California,Corteva Agriscience LLC,Contra Costa County,08/19/2025,10/24/2025,10,,54 Professional Scientific and Technical Services,2025-08-19 00:00:00,Layoff Permanent,901 Loveridge Road  Pittsburg CA 94565
California,Kaiser Foundation Hospitals,Alameda County,08/18/2025,08/04/2025,2,,62 Healthcare and Social Assistance,2025-08-19 00:00:00,Layoff Permanent,One Kaiser Plaza  Oakland CA 94612
California,Kaiser Foundation Hospitals,Alameda County,08/18/2025,08/04/2025,8,,62 Healthcare and Social Assistance,2025-08-19 00:00:00,Layoff Permanent,"4460 Hacienda Dr., Bldg. A  Pleasanton CA 94588"
California,Kaiser Foundation Hospitals,Los Angeles County,08/18/2025,08/04/2025,1,,62 Healthcare and Social Assistance,2025-08-19 00:00:00,Layoff Permanent,99 S. Oakland Ave  Pasadena CA 91101
California,Kaiser Foundation Hospitals,Marin County,08/18/2025,08/04/2025,42,,62 Healthcare and Social Assistance,2025-08-19 00:00:00,Layoff Permanent,99 Montecillo Rd.  San Rafael CA 94903
California,Kaiser Foundation Hospitals (1830),Riverside County,08/18/2025,08/04/2025,2,,62 Healthcare and Social Assistance,2025-08-19 00:00:00,Layoff Permanent,1830 California Ave  Corona CA 92881
California,Kaiser Foundation Hospitals (1850),Riverside County,08/18/2025,08/04/2025,2,,62 Healthcare and Social Assistance,2025-08-19 00:00:00,Layoff Permanent,1850 California Ave  Corona CA 92881
California,LCP Lake Tahoe EMP,El Dorado County,08/19/2025,10/30/2025,110,,72 Accommodation and Food Services,2025-08-19 00:00:00,Closure Permanent,3411 Lake Tahoe Blvd  South Lake Tahoe CA 96150
California,Sella Restaurant Holdings LP,Los Angeles County,08/13/2025,08/17/2025,72,,72 Accommodation and Food Services,2025-08-19 00:00:00,Closure Permanent,8899 Beverly Blvd.  Los Angeles CA 90048
California,"GSC Solutions, Inc.",Alameda County,07/10/2025,07/10/2025,32,,56 Administrative and Support and Waste Management and Remediation,2025-08-19 00:00:00,Layoff Permanent,"530 Water Street, 5th Floor  Oakland CA 94607"
California,Regional Center of the East Bay,Alameda County,08/19/2025,10/06/2025,108,,62 Healthcare and Social Assistance,2025-08-19 00:00:00,Layoff Permanent,675 Hegenberger Rd. Ste. 200  Oakland CA 94621
California,Town Hospice & Palliative Care LLC dba Suncrest Hospice Inland Empire,Riverside County,08/20/2025,11/21/2025,23,,62 Healthcare and Social Assistance,2025-08-20 00:00:00,Closure Permanent,6465 Sycamore Canyon Blvd. Suie 150  Riverside CA 92507
California,Northrop Grumman,Santa Clara County,08/20/2025,10/31/2025,78,,54 Professional Scientific and Technical Services,2025-08-20 00:00:00,Closure Permanent,6379 San Ignacio Avenue  San Jose CA 95119
California,"Farmers Group, Inc.",Los Angeles County,08/19/2025,10/20/2025,62,,52 Finance and Insurance,2025-08-21 00:00:00,Layoff Permanent,6301 Owensmouth Avenue  Woodland Hills CA 91367
California,"Farmers Group, Inc.",Los Angeles County,08/19/2025,10/20/2025,1,,52 Finance and Insurance,2025-08-21 00:00:00,Layoff Permanent,6303 Owensmouth Avenue  Woodland Hills CA 91367
California,Freedom Designs Inc.,Ventura County,08/21/2025,10/29/2025,70,,31-33 Manufacturing,2025-08-21 00:00:00,Closure Permanent,2241 Madera Rd  Simi Valley CA 93065
California,University of Southern California,Los Angeles County,08/22/2025,10/04/2025,144,,61 Educational Services,2025-08-22 00:00:00,Layoff Permanent,3551 Trousdale Pkwy.  Los Angeles CA 90089
California,Glenn Medical Center,Glenn County,08/22/2025,10/21/2025,225,,62 Healthcare and Social Assistance,2025-08-22 00:00:00,Closure Permanent,1133 West Sycamore St.  Willows CA 95988
California,"Intuitive Surgical, Inc.",Santa Clara County,08/21/2025,10/27/2025,331,,31-33 Manufacturing,2025-08-22 00:00:00,Layoff Permanent,1050 Kifer Rd.  Sunnyvale CA 94086
California,"CooperVision, Inc.",Alameda County,08/22/2025,10/31/2025,6,,42 Wholesale Trade,2025-08-25 00:00:00,Closure Permanent,"5870 Stoneridge Dr., Suite 1  Pleasanton CA 94588"
California,Kaiser Foundation Hospitals,Alameda County,08/25/2025,08/25/2025,3,,62 Healthcare and Social Assistance,2025-08-25 00:00:00,Layoff Permanent,"4460 Hacienda Dr., Bldg. A.  Pleasanton CA 94588"
California,Kaiser Foundation Hospitals,Los Angeles County,08/25/2025,08/25/2025,2,,62 Healthcare and Social Assistance,2025-08-25 00:00:00,Layoff Permanent,99 S. Oakland Ave.  Pasadena CA 91101
California,Kaiser Foundation Hospitals (1830),Riverside County,08/25/2025,08/25/2025,1,,62 Healthcare and Social Assistance,2025-08-25 00:00:00,Layoff Permanent,1830 California Ave  Corona CA 92881
California,Kaiser Foundation Hospitals (1850),Riverside County,08/25/2025,08/25/2025,2,,62 Healthcare and Social Assistance,2025-08-25 00:00:00,Layoff Permanent,1850 California Ave.  Corona CA 92881
California,Enloe Health,Butte County,08/25/2025,10/31/2025,78,,62 Healthcare and Social Assistance,2025-08-25 00:00:00,Closure Permanent,1390 E. Lassen Avenue  Chico CA 95973
California,"Exelixis, Inc.",Alameda County,08/26/2025,10/27/2025,71,,54 Professional Scientific and Technical Services,2025-08-26 00:00:00,Layoff Permanent,1851 Harbor Pay Parkway  Alameda CA 94502
California,"Planned Parenthood Mar Monte, Inc.",San Mateo County,07/24/2025,07/24/2025,9,,62 Healthcare and Social Assistance,2025-08-26 00:00:00,Layoff Permanent,35 Baywood Avenue  San Mateo CA 94402
California,"Planned Parenthood Mar Monte, Inc. - 29",San Mateo County,07/24/2025,07/24/2025,1,,62 Healthcare and Social Assistance,2025-08-26 00:00:00,Layoff Permanent,29 Baywood Avenue  San Mateo CA 94402
California,Intel Corporation (Robert Noyce),Santa Clara County,08/25/2025,07/15/2025,46,,54 Professional Scientific and Technical Services,2025-08-26 00:00:00,Layoff Permanent,2200 Mission College Boulevard  Santa Clara CA 95054
California,Intel Corporation (SC-9),Santa Clara County,08/25/2025,07/15/2025,2,,54 Professional Scientific and Technical Services,2025-08-26 00:00:00,Layoff Permanent,3601 Juliette Lane  Santa Clara CA 95054-1513
California,Intel Corporation (SC-12),Santa Clara County,08/25/2025,07/15/2025,50,,54 Professional Scientific and Technical Services,2025-08-26 00:00:00,Layoff Permanent,3600 Juliette Lane  Santa Clara CA 95054
California,"Dandelion Payments, Inc.",Orange County,08/26/2025,10/25/2025,64,,52 Finance and Insurance,2025-08-26 00:00:00,Layoff Permanent,"7000 Village Dr., Ste 200  Buena Park CA 90621-2287"
California,Intel Corporation,Sacramento County,08/25/2025,07/11/2025,83,,54 Professional Scientific and Technical Services,2025-08-26 00:00:00,Layoff Permanent,1900 Prairie City Rd  Folsom CA 95630
California,Berco Redwood Inc.,Sacramento County,08/26/2025,10/31/2025,13,,44-45 Retail Trade,2025-08-26 00:00:00,Closure Temporary,4560 Auburn Blvd  Sacramento CA 95841
California,"Southwest Key Programs, Inc. - Casa Pleasant Hill",Contra Costa County,07/31/2025,07/31/2025,47,,62 Healthcare and Social Assistance,2025-08-26 00:00:00,Layoff Permanent,808 Grayson Rd.  Pleasant Hill CA 94523
California,"Southwest Key Programs, Inc. - Casa San Diego",San Diego County,07/31/2025,07/31/2025,116,,62 Healthcare and Social Assistance,2025-08-26 00:00:00,Layoff Permanent,1160 Broadway  El Cajon CA 92021
California,"Planned Parenthood Mar Monte, Inc. 5440",Santa Clara County,07/24/2025,07/24/2025,12,,62 Healthcare and Social Assistance,2025-08-26 00:00:00,Layoff Permanent,"5440 Thornwood Drive, Suite G  San Jose CA 95123"
California,"Planned Parenthood Mar Monte, Inc. - 3131",Santa Clara County,07/24/2025,07/24/2025,1,,62 Healthcare and Social Assistance,2025-08-26 00:00:00,Layoff Permanent,3131 Alum Rock Ave.  San Jose CA 95127
California,"Planned Parenthood Mar Monte,  Inc. - 1694",Santa Clara County,07/24/2025,07/24/2025,1,,62 Healthcare and Social Assistance,2025-08-26 00:00:00,Layoff Permanent,"1694 Tully Road, Suite 40  San Jose CA 95122"
California,"Planned Parenthood Mar Monte, Inc. - 1691",Santa Clara County,07/24/2025,07/24/2025,1,,62 Healthcare and Social Assistance,2025-08-26 00:00:00,Layoff Permanent,1691 The Alameda  San Jose CA 95126
California,Web To Door Corporation,Contra Costa County,08/26/2025,10/27/2025,67,,48-49 Transportation and Warehousing,2025-08-27 00:00:00,Layoff Permanent,2995 Atlas Road  Richmond CA 94806
California,Children's Hospital Los Angeles,Los Angeles County,08/27/2025,10/28/2025,439,,62 Healthcare and Social Assistance,2025-08-27 00:00:00,Layoff Permanent,4650 Sunset Blvd.  Los Angeles CA 90027
California,Adventist Health White Memorial,Los Angeles County,07/31/2025,08/08/2025,28,,62 Healthcare and Social Assistance,2025-08-27 00:00:00,Layoff Permanent,309 W Beverly Blvd.  Montebello CA 90640
California,Web To Door Corporation,Santa Clara County,08/26/2025,10/27/2025,63,,48-49 Transportation and Warehousing,2025-08-27 00:00:00,Layoff Permanent,225 N McCarthy Blvd  Milpitas CA 95035
California,Web To Door Corporation,Alameda County,08/26/2025,10/27/2025,62,,48-49 Transportation and Warehousing,2025-08-27 00:00:00,Layoff Permanent,5800 Coliseum Way  Oakland CA 94601
California,"GXO Logistics Supply Chain, Inc.",San Bernardino County,08/26/2025,10/26/2025,32,,54 Professional Scientific and Technical Services,2025-08-27 00:00:00,Closure Permanent,"26525 Pioneer Avenue, Suite B  Redlands CA 92374"
California,JPMorgan Chase,San Francisco County,08/27/2025,08/27/2025,99,,52 Finance and Insurance,2025-08-27 00:00:00,Layoff Permanent,One Front Street  San Francisco CA 94111
California,Norman's Nursery,San Joaquin County,08/27/2025,11/03/2025,71,,11 Agriculture Forestry Fishing Hunting,2025-08-27 00:00:00,Layoff Permanent,6250 Escalon Bellota Road  Linden CA 95236
California,Silgan Containers,Stanislaus County,08/14/2025,10/13/2025,78,,31-33 Manufacturing,2025-08-27 00:00:00,Layoff Temporary,567 S Riverside Drive  Modesto CA 95354
California,Silgan Containers,Stanislaus County,08/19/2025,10/19/2025,72,,31-33 Manufacturing,2025-08-27 00:00:00,Layoff Temporary,430 Doherty Ave  Modesto CA 95354
California,Vistar Green Rabbit 2237,Tulare County,08/25/2025,10/31/2025,92,,48-49 Transportation and Warehousing,2025-08-27 00:00:00,Closure Permanent,2237 North Plaza Drive  Visalia CA 93291
California,Vistar Green Rabbit,Tulare County,08/25/2025,10/31/2025,15,,48-49 Transportation and Warehousing,2025-08-27 00:00:00,Closure Permanent,345 East Tulare Street  Visalia CA 93277
California,Foundation for California Community Colleges,Sacramento County,08/28/2025,10/31/2025,174,,61 Educational Services,2025-08-28 00:00:00,Layoff Permanent,"1102 Q Street, Suite 4800  Sacramento CA 95811"
California,"DexCom, Inc.",San Diego County,08/27/2025,11/03/2025,319,,31-33 Manufacturing,2025-08-28 00:00:00,Layoff Permanent,6290-6350 Sequence Drive  San Diego CA 92121
California,"Downtown Streets, Inc.",Alameda County,08/29/2025,10/31/2025,5,,81 Other Services Except Public Administration,2025-08-29 00:00:00,Closure Permanent,"22551 2nd Street, Suite 255  Hayward CA 94541"
California,"Downtown Streets, Inc.",Alameda County,08/29/2025,10/31/2025,4,,81 Other Services Except Public Administration,2025-08-29 00:00:00,Closure Not known at this time,"1600 Shattuck Avenue, Suite 205  Berkeley CA 94709"
California,"Downtown Streets, Inc.",Monterey County,08/29/2025,08/29/2025,4,,81 Other Services Except Public Administration,2025-08-29 00:00:00,Closure Permanent,140 Central Ave  Salinas CA 93901
California,"Downtown Streets, Inc.",Santa Clara County,08/29/2025,10/31/2025,3,,81 Other Services Except Public Administration,2025-08-29 00:00:00,Closure Permanent,270 Grant Ave  Palo Alto CA 94306
California,"Downtown Streets, Inc.",Santa Clara County,08/29/2025,10/31/2025,3,,81 Other Services Except Public Administration,2025-08-29 00:00:00,Closure Permanent,1160 Kern Ave  Sunnyvale CA 94085
California,"Downtown Streets, Inc.",Sacramento County,08/29/2025,10/31/2025,3,,81 Other Services Except Public Administration,2025-08-29 00:00:00,Closure Not known at this time,2111 J Street  Sacramento CA 95816
California,"Downtown Streets, Inc.",Santa Clara County,08/29/2025,10/31/2025,25,,81 Other Services Except Public Administration,2025-08-29 00:00:00,Closure Not known at this time,"1671 The Alameda, Suite 301  San Jose CA 95126"
California,"Downtown Streets, Inc.",Santa Clara County,08/29/2025,10/31/2025,9,,81 Other Services Except Public Administration,2025-08-29 00:00:00,Closure Not known at this time,"1671 The Alameda, Suite 304  San Jose CA 95126"
California,"Downtown Streets, Inc.",Santa Cruz County,08/29/2025,10/31/2025,9,,81 Other Services Except Public Administration,2025-08-29 00:00:00,Closure Not known at this time,404 Ocean Street  Santa Cruz CA 95060
California,"Downtown Streets, Inc.",Solano County,08/29/2025,10/31/2025,2,,81 Other Services Except Public Administration,2025-08-29 00:00:00,Closure Permanent,1652 W Texas Street  Fairfield CA 94533
California,"Downtown Streets, Inc.",Stanislaus County,08/29/2025,10/31/2025,17,,81 Other Services Except Public Administration,2025-08-29 00:00:00,Closure Permanent,1300 H Street  Modesto CA 95354
California,"Downtown Streets, Inc.",Yolo County,08/29/2025,10/31/2025,3,,81 Other Services Except Public Administration,2025-08-29 00:00:00,Closure Permanent,412 C Street  Davis CA 95616
California,"Downtown Streets, Inc.",Yolo County,08/29/2025,10/31/2025,8,,81 Other Services Except Public Administration,2025-08-29 00:00:00,Closure Permanent,920 W Capital Ave  West Sacramento CA 95691
California,"Downtown Streets, Inc.",Marin County,08/29/2025,10/31/2025,16,,81 Other Services Except Public Administration,2025-08-29 00:00:00,Closure Not known at this time,532 4th Street  San Rafael CA 94901
California,"Exelixis, Inc.",Alameda County,08/29/2025,08/29/2025,74,,54 Professional Scientific and Technical Services,2025-09-02 00:00:00,Layoff Permanent,1851 Harbor Bay Parkway  Alameda CA 94502
California,"Oracle America, Inc.",Alameda County,09/02/2025,11/03/2025,36,,54 Professional Scientific and Technical Services,2025-09-02 00:00:00,Layoff Permanent,5815 Owens Drive  Pleasanton CA 94588
California,"Oracle America, Inc.",San Mateo County,09/02/2025,11/03/2025,187,,54 Professional Scientific and Technical Services,2025-09-02 00:00:00,Layoff Permanent,500 Oracle Parkway  Redwood City CA 94065
California,"Oracle America, Inc.",Santa Clara County,09/02/2025,11/03/2025,31,,54 Professional Scientific and Technical Services,2025-09-02 00:00:00,Layoff Permanent,4230 Leonard Stocking Drive  Santa Clara CA 95054
California,"Juni Learning, Inc.",San Francisco County,09/02/2025,11/01/2025,121,,61 Educational Services,2025-09-02 00:00:00,Closure Permanent,"2261 Market Street, #4242  San Francisco CA 94114"
California,"Salesforce, Inc.",San Francisco County,09/02/2025,11/03/2025,262,,54 Professional Scientific and Technical Services,2025-09-02 00:00:00,Layoff Permanent,415 Mission Street  San Francisco CA 94105
California,Fellers LLC,Fresno County,08/27/2025,10/24/2025,2,,44-45 Retail Trade,2025-09-03 00:00:00,Closure Permanent,"4933 West Jennifer Avenue, #102  Fresno CA 93722"
California,G2 Secure Staff,Los Angeles County,09/02/2025,11/01/2025,103,,48-49 Transportation and Warehousing,2025-09-03 00:00:00,Layoff Permanent,400 World Way  Los Angeles CA 90045
California,Sandpiper,San Diego County,09/03/2025,11/04/2025,25,,72 Accommodation and Food Services,2025-09-03 00:00:00,Closure Permanent,2259 Avenida De La Playa  La Jolla CA 92037
California,Six Flags Entertainment Corporation,Santa Clara County,09/03/2025,11/02/2025,184,,71 Arts Entertainment and Recreation,2025-09-04 00:00:00,Layoff Permanent,4701 Great America Parkway  Santa Clara CA 95054
California,Essendant,Riverside County,09/04/2025,12/31/2025,146,,42 Wholesale Trade,2025-09-04 00:00:00,Layoff Permanent,4555 Redlands Ave  Perris CA 92571
California,"The Brigantine, Inc.",San Diego County,09/04/2025,11/04/2025,64,,72 Accommodation and Food Services,2025-09-04 00:00:00,Closure Permanent,10514 Craftsman Way  San Diego CA 92127
California,Adventist Health Lodi Memorial,San Joaquin County,08/28/2025,08/28/2025,17,,62 Healthcare and Social Assistance,2025-09-04 00:00:00,Layoff Permanent,975 S Fairmont Ave  Lodi CA 95240
California,"NeueHouse, Inc. (6121)",Los Angeles County,09/04/2025,09/05/2025,108,,81 Other Services Except Public Administration,2025-09-05 00:00:00,Closure Permanent,6121 Sunset Boulevard  Los Angeles CA 90028
California,"NeueHouse, Inc. (73)",Los Angeles County,09/04/2025,09/05/2025,29,,81 Other Services Except Public Administration,2025-09-05 00:00:00,Closure Permanent,73 Market Street  Venice Beach CA 90291
California,"NeueHouse, Inc. (304)",Los Angeles County,09/04/2025,09/05/2025,2,,81 Other Services Except Public Administration,2025-09-05 00:00:00,Closure Permanent,304 S. Broadway  Los Angeles CA 90013
California,Raytheon,Los Angeles County,09/05/2025,11/07/2025,4,,54 Professional Scientific and Technical Services,2025-09-05 00:00:00,Layoff Permanent,2000 E El Segundo Blvd.  El Segundo CA 90245
California,Walmart,Alameda County,09/04/2025,12/12/2025,87,,44-45 Retail Trade,2025-09-08 00:00:00,Closure Permanent,3112 Santa Rita Rd.  Pleasanton CA 94566
California,Walmart,Riverside County,09/04/2025,12/12/2025,106,,44-45 Retail Trade,2025-09-08 00:00:00,Closure Permanent,"859 W Florida Ave,  Hemet CA 92543"
California,"Revol Greens CA, LLC",Kern County,09/09/2025,11/08/2025,42,,11 Agriculture Forestry Fishing Hunting,2025-09-09 00:00:00,Closure Permanent,20570 Pellisier Road  Tehachapi CA 93561
California,Family YMCA of the Desert,Riverside County,09/09/2025,11/17/2025,110,,62 Healthcare and Social Assistance,2025-09-09 00:00:00,Layoff Temporary,73751 Magnesia Falls Dr  Palm Desert CA 92260
California,Epic Lightning Fast Service LLC,San Diego County,09/01/2025,10/31/2025,116,,48-49 Transportation and Warehousing,2025-09-09 00:00:00,Closure Permanent,5670 Kearny Mesa Rd.  San Diego CA 92111
California,Kaiser Foundation Hospitals-Pleasanton,Alameda County,09/08/2025,09/08/2025,14,,62 Healthcare and Social Assistance,2025-09-10 00:00:00,Layoff Permanent,"4460 Hacienda Dr., Bldg. A  Pleasanton CA 94588"
California,Kaiser Foundation Hospitals-Antioch,Contra Costa County,09/08/2025,09/08/2025,1,,62 Healthcare and Social Assistance,2025-09-10 00:00:00,Layoff Permanent,4501 Sand Creek  Antioch CA 94531
California,Kaiser Foundation Hospitals - Walnut Creek,Contra Costa County,09/08/2025,09/08/2025,1,,62 Healthcare and Social Assistance,2025-09-10 00:00:00,Layoff Permanent,25 N. Via Monte  Walnut Creek CA 94598
California,Kaiser Foundation Hospitals - 99 S. Pasadena,Los Angeles County,09/08/2025,09/08/2025,1,,62 Healthcare and Social Assistance,2025-09-10 00:00:00,Layoff Permanent,99 S. Oakland Avenue  Pasadena CA 91101
California,Kaiser Foundation Hospitals - 74 N. Pasadena,Los Angeles County,09/08/2025,09/08/2025,2,,62 Healthcare and Social Assistance,2025-09-10 00:00:00,Layoff Permanent,74 N. Pasadena Ave.  Pasadena CA 91103
California,Woodward West,Kern County,09/03/2025,11/03/2025,24,,61 Educational Services,2025-09-10 00:00:00,Closure Permanent,28400 Stallion Springs Dr.  Tehachapi CA 93561
California,University of Southern California,Los Angeles County,09/11/2025,10/03/2025,137,,61 Educational Services,2025-09-12 00:00:00,Layoff Permanent,3551 Trousdale Pkwy Suite 160  Los Angeles CA 90089
California,21st Amendment Brewery Cafe,Alameda County,09/03/2025,11/04/2025,58,,72 Accommodation and Food Services,2025-09-12 00:00:00,Closure Permanent,2010 Williams Street  San Leandro CA 94577
California,21st Amendment Brewery Cafe,San Francisco County,09/03/2025,11/04/2025,18,,72 Accommodation and Food Services,2025-09-12 00:00:00,Closure Permanent,563 2nd Street  San Francisco CA 94107
California,University of Southern California (Health Sciences Campus),Los Angeles County,09/14/2025,10/03/2025,151,,62 Healthcare and Social Assistance,2025-09-15 00:00:00,Layoff Permanent,1985 Zonal St.  Los Angeles CA 90089
California,University of Southern California (HC2),Los Angeles County,09/14/2025,10/03/2025,1,,62 Healthcare and Social Assistance,2025-09-15 00:00:00,Layoff Permanent,1520 San Pablo St.  Los Angeles CA 90033
California,University of Southern California (Keck),Los Angeles County,09/14/2025,10/03/2025,4,,62 Healthcare and Social Assistance,2025-09-15 00:00:00,Layoff Permanent,1500 San Pablo Street  Los Angeles CA 90033
California,University of Southern California (Norris),Los Angeles County,09/14/2025,10/03/2025,1,,62 Healthcare and Social Assistance,2025-09-15 00:00:00,Layoff Permanent,1441 Eastlake Ave  Los Angeles CA 90033
California,University of Southern California (Soto II),Los Angeles County,09/14/2025,10/03/2025,1,,62 Healthcare and Social Assistance,2025-09-15 00:00:00,Layoff Permanent,2011 N. Soto.  Los Angeles CA 90032
California,"Thermal Structures, Inc.",Riverside County,09/02/2025,11/24/2025,447,,31-33 Manufacturing,2025-09-16 00:00:00,Closure Temporary,2362 Railroad Street  Corona CA 92878
California,"G&C Staffing, LLC (&quot;Gold Flora&quot;)",Riverside County,09/16/2025,11/15/2025,27,,56 Administrative and Support and Waste Management and Remediation,2025-09-16 00:00:00,Closure Permanent,64125 19th Avenue  Desert Hot Springs CA 92240
California,Foundation for California Community Colleges,Sacramento County,09/16/2025,11/14/2025,113,,62 Healthcare and Social Assistance,2025-09-16 00:00:00,Layoff Permanent,"1102 Q Street, Suite 4800  Sacramento CA 95811"
California,"CRC ED Treatment LLC, Montecatini, Inc. (2524)",San Diego County,09/09/2025,11/08/2025,79,,62 Healthcare and Social Assistance,2025-09-16 00:00:00,Closure Permanent,2524 La Costa Avenue  Carlsbad CA 92009
California,"CRC ED Treatment LLC, Montecatini, Inc. (6183)",San Diego County,09/09/2025,11/08/2025,5,,62 Healthcare and Social Assistance,2025-09-16 00:00:00,Closure Permanent,"6183 Paseo Del Norte, Suite 110  Carlsbad CA 92011"
California,"CRC ED Treatment LLC, Montecatini, Inc. (Remote)",San Diego County,09/09/2025,11/08/2025,3,,62 Healthcare and Social Assistance,2025-09-16 00:00:00,Closure Permanent,Remote  Carlsbad CA 92009
California,Kaiser Foundation Hospitals,Alameda County,09/15/2025,09/15/2025,5,,62 Healthcare and Social Assistance,2025-09-17 00:00:00,Layoff Permanent,"5820 Owens Dr., Bldg. E  Pleasanton CA 94588"
California,"IPG DXTRA Entertainment, Inc. d/b/a Rogers & Cowan PMK (&quot;Company&quot;)",Los Angeles County,09/17/2025,11/16/2025,108,,54 Professional Scientific and Technical Services,2025-09-17 00:00:00,Layoff Permanent,1840 Century Park E  Los Angeles CA 90067
California,"Arsenal Biosciences, Inc.",San Mateo County,09/16/2025,11/14/2025,100,,54 Professional Scientific and Technical Services,2025-09-17 00:00:00,Layoff Permanent,329 Oyster Point Blvd.  South San Francisco CA 94080
California,"Carbon, Inc.",San Mateo County,09/15/2025,11/17/2025,78,,31-33 Manufacturing,2025-09-17 00:00:00,Layoff Permanent,1089 Mills Way  Redwood City CA 94063
California,Azure Acres Treatment Center 1160,Sacramento County,09/16/2025,11/08/2025,1,,62 Healthcare and Social Assistance,2025-09-17 00:00:00,Closure Permanent,1160 Jacob Lane  Carmichael CA 95608
California,Azure Acres Treatment Center - 2641,Sacramento County,09/16/2025,11/08/2025,3,,62 Healthcare and Social Assistance,2025-09-17 00:00:00,Closure Permanent,"2641 Cottage Way #8, 9, &10  Sacramento CA 95825"
California,Azure Acres Treatment Center - 2264,Sonoma County,09/16/2025,11/08/2025,61,,62 Healthcare and Social Assistance,2025-09-17 00:00:00,Closure Permanent,2264 Green Hill Rd.  Sebastopol CA 95472
California,Azure Acres Treatment Center - 7064,Sonoma County,09/16/2025,11/08/2025,8,,62 Healthcare and Social Assistance,2025-09-17 00:00:00,Closure Permanent,"7064 Corline Court, Ste. A and B  Sebastopol CA 954472"
California,Azure Acres Treatment Center - 5665,Sonoma County,09/16/2025,11/08/2025,1,,62 Healthcare and Social Assistance,2025-09-17 00:00:00,Closure Permanent,5665 Burnside Road  Sebastopol CA 95472
California,Azure Acres Treatment Center - 11740,Sonoma County,09/16/2025,11/08/2025,5,,62 Healthcare and Social Assistance,2025-09-17 00:00:00,Closure Permanent,11740 Occidental Rd.  Sebastopol CA 95472
California,"MMCI Acquisition, LLC dba Mortech Manufacturing Company",Los Angeles County,09/22/2025,12/01/2025,46,,31-33 Manufacturing,2025-09-22 00:00:00,Closure Permanent,411 Aerojet Avenue  Azusa CA 91702
California,"Randstad Inhouse Services, LLC",Kern County,09/24/2025,11/23/2025,214,,42 Wholesale Trade,2025-09-24 00:00:00,Closure Temporary,7301 District Boulevard  Bakersfield CA 93313
California,"Point Quest, Inc.",Sacramento County,09/23/2025,09/22/2025,66,,61 Educational Services,2025-09-24 00:00:00,Layoff Permanent,9510 Elk Grove Florin Rd.  Elk Grove CA 95624
California,"Point Quest, Inc.",Sacramento County,09/23/2025,09/22/2025,100,,61 Educational Services,2025-09-24 00:00:00,Layoff Permanent,5735 47th Avenue  Sacramento CA 95824
California,"Valyria, LLC",Solano County,09/24/2025,11/21/2025,25,,42 Wholesale Trade,2025-09-24 00:00:00,Closure Permanent,1050 Aviator Drive  Vacaville CA 95688
California,Dreyer's Grand Ice Cream,Tulare County,09/23/2025,11/24/2025,188,,42 Wholesale Trade,2025-09-24 00:00:00,Layoff Temporary,970 E. Continental  Tulare CA 93274
California,"Randstad Inhouse Services, LLC",Tulare County,09/24/2025,11/24/2025,110,,42 Wholesale Trade,2025-09-24 00:00:00,Closure Temporary,970 E. Continental Ave.  Tulare CA 93274
California,Palo Verde Healthcare District,Riverside County,09/24/2025,11/23/2025,94,,62 Healthcare and Social Assistance,2025-09-25 00:00:00,Closure Permanent,250 N First Street  Blythe CA 92225
California,"Eclipse Advantage, LLC",San Bernardino County,09/24/2025,11/23/2025,58,,56 Administrative and Support and Waste Management and Remediation,2025-09-25 00:00:00,Layoff Permanent,5540 E. 4th Street  Ontario CA 91764
California,Jabil Inc.,Santa Clara County,09/24/2025,11/24/2025,393,,31-33 Manufacturing,2025-09-25 00:00:00,Closure Temporary,30 Great Oaks Boulevard  San Jose CA 95119
California,"Avelo Airlines, Inc.",Humboldt County,09/26/2025,11/18/2025,11,,48-49 Transportation and Warehousing,2025-09-26 00:00:00,Closure Permanent,3561 Boeing Avenue  Mckinleyville CA 95519
California,Warner Music Inc.,Los Angeles County,09/26/2025,11/24/2025,6,,51 Information,2025-09-26 00:00:00,Layoff Permanent,777 South Santa Fe Avenue  Los Angeles CA 90021
California,Agile Physical Therapy (Sutter Health Dublin Physical & Hand Therapy),Alameda County,09/12/2025,11/14/2025,7,,62 Healthcare and Social Assistance,2025-09-26 00:00:00,Layoff Permanent,4000 Dublin Blvd #320  Dublin CA 94568
California,Agile Physical Therapy (Sutter Health Fremont Physical Therapy & Hand Therapy),Alameda County,09/12/2025,11/14/2025,24,,62 Healthcare and Social Assistance,2025-09-26 00:00:00,Layoff Permanent,3200 Kearney St  Fremont CA 94538
California,Agile Physical Therapy (Sutter Health San Carlos Physical Therapy & Hand Therapy),San Mateo County,09/12/2025,11/14/2025,19,,62 Healthcare and Social Assistance,2025-09-26 00:00:00,Layoff Permanent,301 Industrial Rd  San Carlos CA 94070
California,Agile Physical Therapy (Sutter Health Sunnyvale Physical Therapy 1085),Santa Clara County,09/12/2025,11/14/2025,23,,62 Healthcare and Social Assistance,2025-09-26 00:00:00,Layoff Permanent,1085 West El Camino Real  Sunnyvale CA 94087
California,Agile Physical Therapy (Sutter Health Sunnyvale Center 401 Physical Therapy),Santa Clara County,09/12/2025,11/14/2025,16,,62 Healthcare and Social Assistance,2025-09-26 00:00:00,Layoff Permanent,401 Old San Francisco Road  Sunnyvale CA 94086
California,Agile Physical Therapy (Sutter Health Sunnyvale Center (301) Physical Therapy),Santa Clara County,09/12/2025,11/14/2025,4,,62 Healthcare and Social Assistance,2025-09-26 00:00:00,Layoff Permanent,301 Old San Francisco Road  Sunnyvale CA 94086
California,Agile Physical Therapy (Sutter Health Mountain View Center),Santa Clara County,09/12/2025,11/14/2025,1,,62 Healthcare and Social Assistance,2025-09-26 00:00:00,Layoff Permanent,701 East El Camino Real  Mountain View CA 94040
California,Agile Physical Therapy (Sutter Health Palo Alto Physical Therapy & Hand Therapy),Santa Clara County,09/12/2025,11/14/2025,30,,62 Healthcare and Social Assistance,2025-09-26 00:00:00,Layoff Permanent,795 El Camino Real  Palo Alto CA 94301
California,"GEP Administrative Services, LLC dba Entertainment Partners",Los Angeles County,09/26/2025,12/01/2025,61,,54 Professional Scientific and Technical Services,2025-09-26 00:00:00,Layoff Permanent,2950 N. Hollywood Way  Burbank CA 91505
California,City of Hope,Los Angeles County,09/25/2025,11/25/2025,56,,62 Healthcare and Social Assistance,2025-09-29 00:00:00,Layoff Permanent,1500 E. Duarte Road  Duarte CA 91010
California,University of Southern California,Los Angeles County,09/29/2025,10/04/2025,55,,61 Educational Services,2025-09-29 00:00:00,Layoff Permanent,3551 Trousdale Pkwy  Los Angeles CA 90089
California,City of Hope,Los Angeles County,09/25/2025,11/25/2025,140,,62 Healthcare and Social Assistance,2025-09-29 00:00:00,Layoff Permanent,4900 Rivergrade Road  Baldwin Park CA 91706
California,GSK plc.,San Francisco County,09/29/2025,09/29/2025,8,,54 Professional Scientific and Technical Services,2025-09-29 00:00:00,Layoff Permanent,499 Illinois Street  San Francisco CA 94158
California,"Avelo Airlines, Inc.",Los Angeles County,09/17/2025,10/21/2025,38,,48-49 Transportation and Warehousing,2025-09-29 00:00:00,Closure Permanent,2627 N Hollywood Way  Burbank CA 91505
California,Dreyer's Grand Ice Cream,Kern County,09/23/2025,11/23/2025,726,,42 Wholesale Trade,2025-09-30 00:00:00,Layoff Temporary,7301 District Boulevard  Bakersfield CA 93313
California,North State Public Radio (NSPR),Butte County,09/30/2025,11/30/2025,12,,51 Information,2025-09-30 00:00:00,Layoff Permanent,"35 Main Street, Suite 101  Chico CA 95928"
California,"Sutro Biopharma, Inc.",San Mateo County,09/29/2025,09/30/2025,45,,54 Professional Scientific and Technical Services,2025-09-30 00:00:00,Layoff Permanent,111 Oyster Point Blvd  South San Francisco CA 94080
California,"Sutro Biopharma, Inc.",San Mateo County,09/29/2025,09/30/2025,8,,54 Professional Scientific and Technical Services,2025-09-30 00:00:00,Layoff Permanent,870 Industrial Rd  San Carlos CA 94070
California,"Sutro Biopharma, Inc.",San Mateo County,09/29/2025,09/30/2025,1,,54 Professional Scientific and Technical Services,2025-09-30 00:00:00,Layoff Permanent,Remote  Remote CA 94080
California,Google - 1265,Santa Clara County,09/29/2025,11/09/2025,9,,54 Professional Scientific and Technical Services,2025-09-30 00:00:00,Layoff Permanent,1265 Borregas Avenue  Sunnyvale CA 94089
California,Google -1225,Santa Clara County,09/29/2025,11/09/2025,1,,54 Professional Scientific and Technical Services,2025-09-30 00:00:00,Layoff Permanent,1225 Crossman Avenue  Sunnyvale CA 94089
California,Google - 242,Santa Clara County,09/29/2025,11/09/2025,20,,54 Professional Scientific and Technical Services,2025-09-30 00:00:00,Layoff Permanent,242 Humboldt Court  Sunnyvale CA 94089
California,Google - 244,Santa Clara County,09/29/2025,11/09/2025,1,,54 Professional Scientific and Technical Services,2025-09-30 00:00:00,Layoff Permanent,244 Humboldt Court  Sunnyvale CA 94089
California,Google - 1175,Santa Clara County,09/29/2025,11/09/2025,1,,54 Professional Scientific and Technical Services,2025-09-30 00:00:00,Layoff Permanent,1175 Borregas Avenue  Sunnyvale CA 94089
California,Google - 1190,Santa Clara County,09/29/2025,11/09/2025,8,,54 Professional Scientific and Technical Services,2025-09-30 00:00:00,Layoff Permanent,1190 Bordeaux Drive  Sunnyvale CA 94089
California,Google -1160,Santa Clara County,09/29/2025,11/09/2025,4,,54 Professional Scientific and Technical Services,2025-09-30 00:00:00,Layoff Permanent,1160 N. Mathilda Avenue  Sunnyvale CA 94089
California,Google - 1195,Santa Clara County,09/29/2025,11/09/2025,4,,54 Professional Scientific and Technical Services,2025-09-30 00:00:00,Layoff Permanent,1195 Borregas Drive  Sunnyvale CA 94089
California,Google - 237,Santa Clara County,09/29/2025,11/09/2025,2,,54 Professional Scientific and Technical Services,2025-09-30 00:00:00,Layoff Permanent,237 Moffett Park Drive  Sunnyvale CA 94089
California,"Boardwalk Property Services, LLC",Napa County,09/23/2025,11/23/2025,66,,72 Accommodation and Food Services,2025-09-30 00:00:00,Layoff Temporary,6481 Washington Street  Yountville CA 94599
California,Celestica Precision Machining Ltd,Alameda County,10/01/2025,12/01/2025,72,,31-33 Manufacturing,2025-10-01 00:00:00,Closure Permanent,40725 Encyclopedia Circle  Fremont CA 94538
California,Bicycle Transit Systems,Los Angeles County,09/30/2025,11/30/2025,65,,53 Real Estate and Rental Leasing,2025-10-01 00:00:00,Layoff Permanent,164 W Jefferson Blvd  Los Angeles CA 90007
California,Caligreen Laboratory,Los Angeles County,09/30/2025,09/26/2025,22,,54 Professional Scientific and Technical Services,2025-10-01 00:00:00,Layoff Permanent,"13340 Saticoy Street, Unit H  North Hollywood CA 91605"
California,"FPI Management, Inc. (800)",Sacramento County,09/30/2025,11/30/2025,50,,53 Real Estate and Rental Leasing,2025-10-01 00:00:00,Layoff Permanent,800 Iron Point Road  Folsom CA 95630
California,"FPI Management, Inc. (1110)",Sacramento County,09/30/2025,11/30/2025,39,,53 Real Estate and Rental Leasing,2025-10-01 00:00:00,Layoff Permanent,1110 Iron Point Road  Folsom CA 95630
California,"FPI Management, Inc. (Remote)",Sacramento County,09/30/2025,11/30/2025,16,,53 Real Estate and Rental Leasing,2025-10-01 00:00:00,Layoff Permanent,Remote  Folsom CA 95630
California,Cruise LLC,San Francisco County,09/30/2025,09/30/2025,12,,48-49 Transportation and Warehousing,2025-10-01 00:00:00,Layoff Permanent,1201 Bryant Street  San Francisco CA 94103
California,"Oracle America, Inc.",Alameda County,10/01/2025,11/05/2025,1,,54 Professional Scientific and Technical Services,2025-10-02 00:00:00,Layoff Permanent,5815 Owens Drive  Pleasanton CA 94588
California,"Monroe Operations, LLC dba Newport Academy",Alameda County,09/30/2025,12/01/2025,28,,62 Healthcare and Social Assistance,2025-10-02 00:00:00,Closure Permanent,5530 Johnston Road  Pleasanton CA 94588
California,"Oracle America, Inc.",San Mateo County,10/01/2025,11/10/2025,4,,54 Professional Scientific and Technical Services,2025-10-02 00:00:00,Layoff Permanent,500 Oracle Parkway  Redwood City CA 94065
California,"Monroe Operations, LLC dba Newport Academy",Orange County,09/30/2025,12/01/2025,27,,62 Healthcare and Social Assistance,2025-10-02 00:00:00,Closure Permanent,"19200 Von Karman Avenue, Suite 500  Irvine CA 92612"
California,Amazon,Orange County,10/02/2025,01/06/2026,149,,44-45 Retail Trade,2025-10-02 00:00:00,Closure Permanent,26940 Crown Valley Pkwy.  Mission Viejo CA 92691
California,Dart Container Corporation,Riverside County,10/01/2025,02/27/2026,171,,31-33 Manufacturing,2025-10-02 00:00:00,Closure Permanent,150 N. Maple St.  Corona CA 92880
California,Advanced Pressure Technology,Napa County,10/02/2025,12/01/2025,237,,31-33 Manufacturing,2025-10-02 00:00:00,Closure Permanent,687 Technology Way  Napa CA 94558
California,Manna Beverages MBV-CA LLC - 1226,Orange County,10/03/2025,10/07/2025,245,,42 Wholesale Trade,2025-10-03 00:00:00,Closure Permanent,1226 North Olive Street  Anaheim CA 92801
California,Manna Beverages MBV-CA LLC 6725,San Bernardino County,10/03/2025,10/07/2025,15,,42 Wholesale Trade,2025-10-03 00:00:00,Closure Permanent,6728 Kimball Ave  Chino CA 91708
California,Manna Beverages MBV-CA LLC - 2150,Yolo County,10/03/2025,10/07/2025,25,,42 Wholesale Trade,2025-10-03 00:00:00,Closure Permanent,2150 Stone Blvd.  West Sacramento CA 95691
California,Manna Beverages MBV-CA LLC 2286,Yolo County,10/03/2025,10/07/2025,237,,42 Wholesale Trade,2025-10-03 00:00:00,Closure Permanent,2286 Stone Blvd  West Sacramento CA 95691
California,Manna Beverages MBV-CA LLC 3600,Yolo County,10/03/2025,10/07/2025,98,,42 Wholesale Trade,2025-10-03 00:00:00,Closure Permanent,3600 Massie Court  West Sacramento CA 95691
California,Manna Beverages MBV-CA LLC 3685,Yolo County,10/03/2025,10/07/2025,18,,42 Wholesale Trade,2025-10-03 00:00:00,Closure Permanent,3685 Massie Court  West Sacramento CA 95691
California,University of Southern California,Los Angeles County,10/03/2025,11/30/2025,21,,61 Educational Services,2025-10-03 00:00:00,Layoff Permanent,3551 Trousdale Pkwy Suite 160  Los Angeles CA 90089
California,Amazon,Los Angeles County,10/02/2025,01/06/2026,107,,44-45 Retail Trade,2025-10-03 00:00:00,Closure Permanent,2229 Foothill Blvd  La Verne CA 91750
California,Amazon,Los Angeles County,10/02/2025,01/06/2026,126,,44-45 Retail Trade,2025-10-03 00:00:00,Closure Permanent,15225 Whittier Blvd.  Whittier CA 90603
California,Adventist Health Sonora,Tuolumne County,08/08/2025,10/10/2025,1,,62 Healthcare and Social Assistance,2025-10-03 00:00:00,Layoff Permanent,1000 Greenley Rd  Sonora CA 95370
California,Amazon,Orange County,10/02/2025,01/06/2026,173,,44-45 Retail Trade,2025-10-03 00:00:00,Closure Permanent,1610 W Imperial Hwy  La Habra CA 90631
California,ZOLL Medical Corporation,Riverside County,10/03/2025,12/15/2025,96,,31-33 Manufacturing,2025-10-03 00:00:00,Closure Permanent,1100 Bird Center Drive  Palm Springs CA 92262
California,Indian Health Center of Santa Clara Valley,Santa Clara County,10/01/2025,12/31/2025,21,,62 Healthcare and Social Assistance,2025-10-03 00:00:00,Closure Permanent,455 O'Connor Drive  San Jose CA 95128
California,Paramount Global (1575),Los Angeles County,10/03/2025,08/09/2025,65,,71 Arts Entertainment and Recreation,2025-10-06 00:00:00,Layoff Permanent,1575 N. Gower Street  Los Angeles CA 90028
California,Paramount Global (5555),Los Angeles County,10/03/2025,08/09/2025,49,,71 Arts Entertainment and Recreation,2025-10-06 00:00:00,Layoff Permanent,5555 Melrose Avenue  Los Angeles CA 90038
California,"rPlanet Earth Los Angeles, LLC",Los Angeles County,09/05/2025,09/05/2025,178,,31-33 Manufacturing,2025-10-06 00:00:00,Closure Permanent,5300 S. Boyle Ave.  Los Angeles CA 90058
California,"SAP America, Inc.",Santa Clara County,10/06/2025,11/21/2025,82,,54 Professional Scientific and Technical Services,2025-10-06 00:00:00,Layoff Permanent,3410 Hillview Avenue  Palo Alto CA 94304
California,Kaiser Foundation Hospitals (One),Alameda County,10/06/2025,09/17/2025,6,,62 Healthcare and Social Assistance,2025-10-07 00:00:00,Layoff Permanent,One Kaiser Plaza  Oakland CA 94612
California,Kaiser Foundation Hospitals (3600),Alameda County,10/06/2025,09/17/2025,74,,62 Healthcare and Social Assistance,2025-10-07 00:00:00,Layoff Permanent,3600 Broadway  Oakland CA 94611
California,Kaiser Foundation Hospitals (4460),Alameda County,10/06/2025,09/17/2025,43,,62 Healthcare and Social Assistance,2025-10-07 00:00:00,Layoff Permanent,"4460 Hacienda Dr., Bldg. A.  Pleasanton CA 94588"
California,Kaiser Foundation Hospitals (2500),Alameda County,10/06/2025,09/17/2025,40,,61 Educational Services,2025-10-07 00:00:00,Layoff Permanent,2500 Merced St.  San Leandro CA 94577
California,Kaiser Foundation Hospitals (501),Contra Costa County,10/06/2025,09/17/2025,1,,62 Healthcare and Social Assistance,2025-10-07 00:00:00,Layoff Permanent,501 Lennon Ln.  Walnut Creek CA 94598
California,"The Academy of Magical Arts, Inc.",Los Angeles County,10/07/2025,12/31/2025,174,,72 Accommodation and Food Services,2025-10-07 00:00:00,Layoff Permanent,7001 Franklin Avenue  Los Angeles CA 90028
California,Kaiser Foundation Hospitals (4841),Los Angeles County,10/06/2025,09/17/2025,1,,62 Healthcare and Social Assistance,2025-10-07 00:00:00,Layoff Permanent,4841 Hollywood Blvd.  Los Angeles CA 90027
California,Kaiser Foundation Hospitals (12254),Los Angeles County,10/06/2025,09/17/2025,2,,62 Healthcare and Social Assistance,2025-10-07 00:00:00,Layoff Permanent,12254 Bellflower Blvd.  Downey CA 90242
California,Kaiser Foundation Hospitals (9521),Los Angeles County,10/06/2025,09/17/2025,1,,62 Healthcare and Social Assistance,2025-10-07 00:00:00,Layoff Permanent,9521 Dalen St.  Downey CA 90242
California,Kaiser Foundation Hospitals (99),Los Angeles County,10/06/2025,09/17/2025,7,,62 Healthcare and Social Assistance,2025-10-07 00:00:00,Layoff Permanent,99 S. Oakland Ave.  Pasadena CA 91101
California,Kaiser Foundation Hospitals (393),Los Angeles County,10/06/2025,09/17/2025,1,,62 Healthcare and Social Assistance,2025-10-07 00:00:00,Layoff Permanent,393 E. Walnut St.  Pasadena CA 91188
California,Kaiser Foundation Hospitals (74),Los Angeles County,10/06/2025,09/17/2025,15,,62 Healthcare and Social Assistance,2025-10-07 00:00:00,Layoff Permanent,74 N. Pasadena Ave  Pasadena CA 91103
California,Kaiser Foundation Hospitals (75),Los Angeles County,10/06/2025,09/17/2025,1,,62 Healthcare and Social Assistance,2025-10-07 00:00:00,Layoff Permanent,75 N. Fair Oaks Ave.  Pasadena CA 91103
California,Kaiser Foundation Hospitals (1830),Riverside County,10/06/2025,09/17/2025,2,,62 Healthcare and Social Assistance,2025-10-07 00:00:00,Layoff Permanent,1830 California Ave.  Corona CA 92881
California,Kaiser Foundation Hospitals (1850),Riverside County,10/06/2025,09/17/2025,1,,62 Healthcare and Social Assistance,2025-10-07 00:00:00,Layoff Permanent,1850 California Ave.  Corona CA 92881
California,Kaiser Foundation Hospitals (8954),San Diego County,10/06/2025,09/17/2025,1,,62 Healthcare and Social Assistance,2025-10-07 00:00:00,Layoff Permanent,8954 Rio San Diego Dr.  San Diego CA 92108
California,Kaiser Foundation Hospitals (1100),San Mateo County,10/06/2025,09/17/2025,20,,62 Healthcare and Social Assistance,2025-10-07 00:00:00,Layoff Permanent,1100 Veteran Blvd.  Redwood City CA 91103
California,"Polymer Technology Systems, Inc.",Santa Clara County,10/07/2025,12/05/2025,56,,31-33 Manufacturing,2025-10-07 00:00:00,Closure Permanent,510 Oakmead Parkway  Sunnyvale CA 94085
California,Ballast Point Brewing Company - Miramar Location,San Diego County,10/08/2025,12/15/2025,29,,31-33 Manufacturing,2025-10-08 00:00:00,Closure Permanent,9405 Carroll Way  San Diego CA 92121
California,Ballast Point Brewing Company - Little Italy Location,San Diego County,10/08/2025,12/15/2025,8,,31-33 Manufacturing,2025-10-08 00:00:00,Closure Permanent,2215 India Street  San Diego CA 92121
California,"CRST Lincoln Sales, Inc. dba CRST Equipment Solutions, Inc.",San Joaquin County,10/08/2025,12/07/2025,21,,81 Other Services Except Public Administration,2025-10-08 00:00:00,Closure Permanent,2577 W Yosemite Ave.  Manteca CA 95337
California,North State Public Radio (NSPR),Butte County,09/30/2025,11/30/2025,12,,71 Arts Entertainment and Recreation,2025-10-09 00:00:00,Layoff Permanent,"35 Main Street, Suite 101  Chico CA 95928"
California,Canyon Ranch Woodside,San Mateo County,09/24/2025,11/21/2025,56,,72 Accommodation and Food Services,2025-10-09 00:00:00,Closure Permanent,16350 Skyline Boulevard  Woodside CA 94062
California,GAF Energy LLC,Santa Clara County,10/09/2025,12/13/2025,138,,23 Construction,2025-10-10 00:00:00,Closure Permanent,5981 Optical Court  San Jose CA 95138
California,RGNext,Santa Barbara County,10/01/2025,11/30/2025,400,,54 Professional Scientific and Technical Services,2025-10-10 00:00:00,Layoff Permanent,747 Nebraska Ave  Lompoc CA 93437
California,RTX (2012),Los Angeles County,10/10/2025,12/19/2025,1,,61 Educational Services,2025-10-10 00:00:00,Layoff Permanent,2012 East El Segundo Boulevard Building E07  El Segundo CA 90245
California,RTX (2000),Los Angeles County,10/10/2025,12/19/2025,1,,61 Educational Services,2025-10-10 00:00:00,Layoff Permanent,2000 East El Segundo Boulevard Building E01  El Segundo CA 90245
California,Blue shield of California 601,Alameda County,10/13/2025,12/02/2025,31,,52 Finance and Insurance,2025-10-13 00:00:00,Layoff Permanent,601 12th Street  Oakland CA 94607
California,Blue Shield of California Building C,El Dorado County,10/13/2025,12/02/2025,18,,52 Finance and Insurance,2025-10-13 00:00:00,Layoff Permanent,"4203 Town Center Blvd., Building C  El Dorado CA 95762"
California,"Blue Shield of California, Building B",El Dorado County,10/13/2025,12/02/2025,24,,52 Finance and Insurance,2025-10-13 00:00:00,Layoff Permanent,4203 Town Center Blvd. Building B  El Dorado CA 95762
California,Blue Shield of California 3840,Los Angeles County,10/13/2025,12/02/2025,26,,52 Finance and Insurance,2025-10-13 00:00:00,Layoff Permanent,3840 Kilroy Airport Way  Long Beach CA 90806
California,Blue Shield of California 6300,Los Angeles County,10/13/2025,12/02/2025,17,,52 Finance and Insurance,2025-10-13 00:00:00,Layoff Permanent,6300 Canoga Avenue  Woodland Hills CA 91367
California,Blue Shield of California 3300,Sacramento County,10/13/2025,12/02/2025,13,,52 Finance and Insurance,2025-10-13 00:00:00,Layoff Permanent,3300 Zinfandel Drive  Rancho Cordova CA 95670
California,Blue Shield of California 3131,San Diego County,10/13/2025,12/02/2025,4,,52 Finance and Insurance,2025-10-13 00:00:00,Layoff Permanent,"3131 Camino Del Rio, Suite #1300  San Diego CA 92108"
California,Blue Shield of California 3021,San Joaquin County,10/13/2025,12/02/2025,6,,52 Finance and Insurance,2025-10-13 00:00:00,Layoff Permanent,3021 Reynolds Ranch Parkway  Lodi CA 95240
California,Blue Shield of California 4700,Shasta County,10/13/2025,12/02/2025,11,,52 Finance and Insurance,2025-10-13 00:00:00,Layoff Permanent,4700 Bechelli Lane  Redding CA 96002
California,Lucile Salter Packard Children's Hospital,Santa Clara County,10/10/2025,12/12/2025,87,,62 Healthcare and Social Assistance,2025-10-13 00:00:00,Layoff Permanent,725 Welch Rd.  Palo Alto CA 94304
California,"Planned Parenthood/Orange and San Bernardino Counties, Inc. 801",Orange County,10/13/2025,12/13/2025,25,,62 Healthcare and Social Assistance,2025-10-13 00:00:00,Layoff Permanent,801 East Katella Avenue  Anaheim CA 92805
California,"Planned Parenthood/Orange and San Bernardino Counties, Inc. 303",Orange County,10/13/2025,12/13/2025,4,,62 Healthcare and Social Assistance,2025-10-13 00:00:00,Layoff Permanent,303 W Lincoln Ave #105  Anaheim CA 92805
California,"Planned Parenthood/Orange and San Bernardino Counties, Inc. 1520",Orange County,10/13/2025,12/13/2025,6,,62 Healthcare and Social Assistance,2025-10-13 00:00:00,Layoff Permanent,1520 Nutmeg Place #101  Costa Mesa CA 92626
California,"Planned Parenthood/Orange and San Bernardino Counties, Inc. 26137",Orange County,10/13/2025,12/13/2025,7,,62 Healthcare and Social Assistance,2025-10-13 00:00:00,Layoff Permanent,26137 La Paz Road #200  Mission Viejo CA 92691
California,"Planned Parenthood/Orange and San Bernardino Counties, Inc. 700",Orange County,10/13/2025,12/13/2025,7,,62 Healthcare and Social Assistance,2025-10-13 00:00:00,Layoff Permanent,700 S Tustin Street  Orange CA 92866
California,"Planned Parenthood/Orange and San Bernardino Counties, Inc.  1421",Orange County,10/13/2025,12/13/2025,8,,62 Healthcare and Social Assistance,2025-10-13 00:00:00,Layoff Permanent,1421 17th Street  Santa Ana CA 92705
California,"Planned Parenthood/Orange and San Bernardino Counties, Inc. 14372",Orange County,10/13/2025,12/13/2025,6,,62 Healthcare and Social Assistance,2025-10-13 00:00:00,Layoff Permanent,14372 Beach Blvd.  Westminister CA 92683
California,"Planned Parenthood/Orange and San Bernardino Counties, Inc.  325",San Bernardino County,10/13/2025,12/13/2025,6,,62 Healthcare and Social Assistance,2025-10-13 00:00:00,Layoff Permanent,"325 West Hospitality Lane, Suite 103  San Bernardino CA 92408"
California,Planned Parenthood/Orange and San Bernardino Inc. 1873,San Bernardino County,10/13/2025,12/13/2025,5,,62 Healthcare and Social Assistance,2025-10-13 00:00:00,Layoff Permanent,1873 Commercenter West  San Bernardino CA 92408
California,"Planned Parenthood/Orange and San Bernardino Counties, Inc. 918",San Bernardino County,10/13/2025,12/13/2025,7,,62 Healthcare and Social Assistance,2025-10-13 00:00:00,Layoff Permanent,918 W Foothill Blvd. Suite A  Upland CA 91786
California,Chevron,Contra Costa County,08/22/2025,10/23/2025,68,,31-33 Manufacturing,2025-10-14 00:00:00,Layoff Permanent,"5001 Executive Parkway, Suite 200  San Ramon CA 94583"
California,Chevron,Kern County,08/22/2025,10/23/2025,52,,31-33 Manufacturing,2025-10-14 00:00:00,Layoff Permanent,9525 Camino Media  Bakersfield CA 93311
California,Warner Music Inc. (777),Los Angeles County,10/14/2025,12/24/2025,32,,71 Arts Entertainment and Recreation,2025-10-14 00:00:00,Layoff Permanent,777 South Santa Fe Avenue  Los Angeles CA 90021
California,Warner Music Inc. (11261),Los Angeles County,10/14/2025,12/24/2025,3,,71 Arts Entertainment and Recreation,2025-10-14 00:00:00,Layoff Permanent,11261 Hartland Street  Los Angeles CA 91606
California,Omnicare,Sacramento County,10/13/2025,12/14/2025,64,,44-45 Retail Trade,2025-10-14 00:00:00,Closure Permanent,"3630 Business Drive, Suite D  Sacramento CA 95820"
California,Hilton San Diego Bayfront,San Diego County,10/12/2025,12/13/2025,394,,72 Accommodation and Food Services,2025-10-14 00:00:00,Layoff Temporary,1 Park Boulevard  San Diego CA 92101
California,Jet Propulsion Laboratory (California Institute of Technology),Los Angeles County,10/14/2025,12/13/2025,543,,92 Public Administration,2025-10-14 00:00:00,Layoff Permanent,4800 Oak Grove Drive  La Canada Flintridge CA 91011
California,Georg Fischer Signet LLC,Los Angeles County,10/13/2025,12/22/2025,100,,31-33 Manufacturing,2025-10-15 00:00:00,Layoff Temporary,5462 North Irwindale Avenue  Irwindale CA 91706
California,"National Distribution Centers, LLC (NDC)",San Bernardino County,10/14/2025,12/14/2025,45,,48-49 Transportation and Warehousing,2025-10-15 00:00:00,Closure Permanent,5540 E. 4th Street  Ontario CA 91764
California,Stryder Corp. dba Handshake,San Francisco County,10/15/2025,10/15/2025,96,,51 Information,2025-10-15 00:00:00,Layoff Permanent,"225 Bush St., 12th Floor  San Francisco CA 94104"
California,"BILL Operations, LLC",Santa Clara County,10/15/2025,12/15/2025,84,,51 Information,2025-10-15 00:00:00,Layoff Permanent,"6220 America Center Drive, Suite 100  San Jose CA 95002"
California,Raytheon,Los Angeles County,10/15/2025,12/15/2025,2,,54 Professional Scientific and Technical Services,2025-10-15 00:00:00,Layoff Permanent,2000 E El Segundo Blvd  El Segundo CA 90245
California,"Bumble Bee Foods, LLC",Los Angeles County,10/16/2025,12/18/2025,56,,31-33 Manufacturing,2025-10-16 00:00:00,Layoff Permanent,13100 Arctic Circle  Santa Fe Springs CA 90670
California,"Nitto Avecia Pharma Services, Inc.",Orange County,10/15/2025,12/16/2025,24,,31-33 Manufacturing,2025-10-16 00:00:00,Closure Permanent,4 Chrysler  Irvine CA 92618
California,Kaiser Foundation Hospitals,Alameda County,10/13/2025,10/10/2025,3,,62 Healthcare and Social Assistance,2025-10-16 00:00:00,Layoff Permanent,5820 Owens Drive  Pleasanton CA 94588
California,Kaiser Foundation Hospitals,Marin County,10/13/2025,10/10/2025,2,,62 Healthcare and Social Assistance,2025-10-16 00:00:00,Layoff Permanent,99 Montecillo Rd.  San Rafael CA 94903
California,Kaiser Foundation Hospitals,Sacramento County,10/13/2025,10/10/2025,2,,62 Healthcare and Social Assistance,2025-10-16 00:00:00,Layoff Permanent,"3240 Arden Way, Suite 116  Sacramento CA 95825"
California,Kaiser Foundation Hospitals,San Francisco County,10/13/2025,10/10/2025,2,,62 Healthcare and Social Assistance,2025-10-16 00:00:00,Layoff Permanent,4131 Geary Boulevard  San Francisco CA 94118
California,Kaiser Foundation Hospitals,Solano County,10/13/2025,10/10/2025,1,,62 Healthcare and Social Assistance,2025-10-16 00:00:00,Layoff Permanent,1617 Broadway St.  Vallejo CA 94590
California,Kaiser Foundation Hospitals,Sonoma County,10/13/2025,10/10/2025,1,,62 Healthcare and Social Assistance,2025-10-16 00:00:00,Layoff Permanent,3900 Lakeville Hwy.  Petaluma CA 94954
California,RTX,Los Angeles County,10/16/2025,01/02/2026,1,,31-33 Manufacturing,2025-10-16 00:00:00,Layoff Permanent,2006 East El Segundo Boulevard Building E04  El Segundo CA 90245
California,"Marshalls of CA, LLC",Los Angeles County,10/17/2025,01/05/2026,62,,44-45 Retail Trade,2025-10-17 00:00:00,Closure Permanent,7013 Hollywood Blvd  Los Angeles CA 90028
California,"Marshalls of CA, LLC",Santa Clara County,10/17/2025,01/05/2026,64,,44-45 Retail Trade,2025-10-17 00:00:00,Closure Permanent,5160 Stevens Creek Blvd  San Jose CA 95129
California,University of Southern California,Los Angeles County,10/17/2025,10/08/2025,2,,61 Educational Services,2025-10-20 00:00:00,Layoff Permanent,1985 Zonal St.  Los Angeles CA 90089
California,"Judco Manufacturing, Inc.",Los Angeles County,10/17/2025,12/16/2025,53,,31-33 Manufacturing,2025-10-20 00:00:00,Closure Permanent,1429 W. 240th Street  Harbor City CA 90710
California,"Magnesium Alloy Products Co., Inc.",Los Angeles County,10/10/2025,11/26/2025,61,,31-33 Manufacturing,2025-10-20 00:00:00,Closure Permanent,2420 N. Alameda Street  Compton CA 90222
California,The University Corporation at Monterey Bay,Monterey County,10/17/2025,12/16/2025,134,,62 Healthcare and Social Assistance,2025-10-20 00:00:00,Layoff Not known at this time,100 Campus Center  Seaside CA 93955
California,"ReCircle Solutions, Inc. (Oroville Flexible Grocery Bags LLC and Oroville Flexible Packaging LLC)",Butte County,10/17/2025,12/19/2025,24,,31-33 Manufacturing,2025-10-20 00:00:00,Layoff Permanent,3155 South 5th Avenue  Oroville CA 95965
California,Broadcom Inc.,Santa Clara County,10/17/2025,12/19/2025,247,,31-33 Manufacturing,2025-10-20 00:00:00,Layoff Permanent,3401 Hillview Ave  Palo Alto CA 94304
California,"Centene Management Company, LLC",Sacramento County,10/20/2025,12/19/2025,5,,52 Finance and Insurance,2025-10-20 00:00:00,Closure Permanent,12033 Foundation Place  Rancho Cordova CA 95670
California,Kinetics Equipment Solutions Group,Alameda County,10/20/2025,12/26/2025,23,,31-33 Manufacturing,2025-10-21 00:00:00,Closure Permanent,6161 Industrial Way  Livermore CA 94551
California,Corteva Agriscience LLC,Contra Costa County,10/21/2025,01/02/2026,3,,54 Professional Scientific and Technical Services,2025-10-21 00:00:00,Layoff Permanent,901 Loveridge Road  Pittsburg CA 94565
California,"L3Harris Technologies, Inc.",Los Angeles County,10/20/2025,12/18/2025,32,,31-33 Manufacturing,2025-10-21 00:00:00,Closure Permanent,7821 Orion Avenue  Van Nuys CA 91406
California,Anthony International,Los Angeles County,10/21/2025,03/31/2026,398,,31-33 Manufacturing,2025-10-21 00:00:00,Closure Permanent,12391 Montero Avenue  Sylmar CA 91342
California,Ojai Valley Inn,Ventura County,10/20/2025,01/04/2026,773,,72 Accommodation and Food Services,2025-10-21 00:00:00,Closure Temporary,905 Country Club Road  Ojai CA 93023
California,Adventist Health Glendale,Los Angeles County,08/27/2025,08/07/2025,25,,62 Healthcare and Social Assistance,2025-10-21 00:00:00,Layoff Permanent,1509 Wilson Terrace  Glendale CA 91206
California,RAND Corporation,Los Angeles County,10/21/2025,11/02/2025,73,,54 Professional Scientific and Technical Services,2025-10-22 00:00:00,Layoff Permanent,1776 Main Street  Santa Monica CA 90401
California,Alector LLC,San Mateo County,10/21/2025,12/22/2025,75,,54 Professional Scientific and Technical Services,2025-10-22 00:00:00,Layoff Permanent,"131 Oyster Point Blvd, Suite 600  South San Francisco CA 94080"
California,"Science of Skincare, LLC (3333 N San Fernando Blvd)",Los Angeles County,10/22/2025,12/30/2025,37,,31-33 Manufacturing,2025-10-22 00:00:00,Layoff Permanent,3333 N San Fernando Blvd  Burbank CA 91504
California,"Science of Skincare, LLC (7525 N Lockheed Dr)",Los Angeles County,10/22/2025,12/30/2025,26,,31-33 Manufacturing,2025-10-22 00:00:00,Layoff Permanent,7525 N Lockheed Dr  Burbank CA 91504
California,Leprino Foods Company,Kings County,10/23/2025,01/09/2026,268,,31-33 Manufacturing,2025-10-23 00:00:00,Layoff Permanent,490 F Street  Lemoore CA 93245
California,California College of ASU,Los Angeles County,10/16/2025,12/19/2025,75,,61 Educational Services,2025-10-23 00:00:00,Closure Permanent,"1111 South Broadway, Suite 100  Los Angeles CA 90015"
California,"Hydro Extrusion USA, LLC",Los Angeles County,10/23/2025,12/23/2025,128,,31-33 Manufacturing,2025-10-23 00:00:00,Closure Temporary,1811 Railroad St.  City of Industry CA 91748
California,"Meta Platforms, Inc. (1 Hacker Way)",San Mateo County,10/22/2025,12/22/2025,22,,51 Information,2025-10-23 00:00:00,Layoff Permanent,1 Hacker Way  Menlo Park CA 94025
California,"Meta Platforms, Inc. (1 Meta Way)",San Mateo County,10/22/2025,12/22/2025,261,,51 Information,2025-10-23 00:00:00,Layoff Permanent,1 Meta Way  Menlo Park CA 94025
California,"Meta Platforms, Inc. (180 Jefferson Drive)",San Mateo County,10/22/2025,12/22/2025,1,,51 Information,2025-10-23 00:00:00,Layoff Permanent,180 Jefferson Drive  Menlo Park CA 94025
California,"Meta Platforms, Inc. (190 Jefferson Drive)",San Mateo County,10/22/2025,12/22/2025,21,,51 Information,2025-10-23 00:00:00,Layoff Permanent,190 Jefferson Drive  Menlo Park CA 94025
California,"Meta Platforms, Inc. (305 Constitution Drive)",San Mateo County,10/22/2025,12/22/2025,3,,51 Information,2025-10-23 00:00:00,Layoff Permanent,305 Constitution Drive  Menlo Park CA 94025
California,"Applied Materials, Inc. (3050 Bowers Ave)",Santa Clara County,10/23/2025,12/23/2025,38,,31-33 Manufacturing,2025-10-24 00:00:00,Layoff Permanent,3050 Bowers Ave  Santa Clara CA 95054
California,"Applied Materials, Inc. (3100 Bowers Ave)",Santa Clara County,10/23/2025,12/23/2025,21,,31-33 Manufacturing,2025-10-24 00:00:00,Layoff Permanent,3100 Bowers Ave  Santa Clara CA 95054
California,"Applied Materials, Inc. (3101 Scott Blvd)",Santa Clara County,10/23/2025,12/23/2025,20,,31-33 Manufacturing,2025-10-24 00:00:00,Layoff Permanent,3101 Scott Blvd  Santa Clara CA 95054
California,"Applied Materials, Inc. (3225 Oakmead Village Dr)",Santa Clara County,10/23/2025,12/23/2025,16,,31-33 Manufacturing,2025-10-24 00:00:00,Layoff Permanent,3225 Oakmead Village Dr  Santa Clara CA 95054
California,"Applied Materials, Inc. (3320 Scott Blvd)",Santa Clara County,10/23/2025,12/23/2025,36,,31-33 Manufacturing,2025-10-24 00:00:00,Layoff Permanent,3320 Scott Blvd  Santa Clara CA 95054
California,"Applied Materials, Inc. (3325 Scott Blvd)",Santa Clara County,10/23/2025,12/23/2025,52,,31-33 Manufacturing,2025-10-24 00:00:00,Layoff Permanent,3325 Scott Blvd  Santa Clara CA 95054
California,"Applied Materials, Inc. (3330 Scott Blvd)",Santa Clara County,10/23/2025,12/23/2025,6,,31-33 Manufacturing,2025-10-24 00:00:00,Layoff Permanent,3330 Scott Blvd  Santa Clara CA 95054
California,"Applied Materials, Inc. (3333 Scott Blvd)",Santa Clara County,10/23/2025,12/23/2025,73,,31-33 Manufacturing,2025-10-24 00:00:00,Layoff Permanent,3333 Scott Blvd  Santa Clara CA 95054
California,"Applied Materials, Inc. (1140 E Arques Ave)",Santa Clara County,10/23/2025,12/23/2025,26,,31-33 Manufacturing,2025-10-24 00:00:00,Layoff Permanent,1140 E Arques Ave  Sunnyvale CA 94085
California,"Applied Materials, Inc. (545 Oakmead Pkwy)",Santa Clara County,10/23/2025,12/23/2025,7,,31-33 Manufacturing,2025-10-24 00:00:00,Layoff Permanent,545 Oakmead Pkwy  Sunnyvale CA 94085
California,"Applied Materials, Inc. (557 E. California Ave)",Santa Clara County,10/23/2025,12/23/2025,4,,31-33 Manufacturing,2025-10-24 00:00:00,Layoff Permanent,557 E. California Ave  Sunnyvale CA 94086
California,"Applied Materials, Inc. (930 E. Arques Ave)",Santa Clara County,10/23/2025,12/23/2025,1,,31-33 Manufacturing,2025-10-24 00:00:00,Layoff Permanent,930 E. Arques Ave  Sunnyvale CA 94085
California,"Applied Materials, Inc. (974 E. Arques Ave)",Santa Clara County,10/23/2025,12/23/2025,41,,31-33 Manufacturing,2025-10-24 00:00:00,Layoff Permanent,974 E. Arques Ave  Sunnyvale CA 94085
California,"Applied Materials, Inc. (978 E. Arques Ave)",Santa Clara County,10/23/2025,12/23/2025,7,,31-33 Manufacturing,2025-10-24 00:00:00,Layoff Permanent,978 E. Arques Ave  Sunnyvale CA 94085
California,"Applied Materials, Inc. (Remote)",Santa Clara County,10/23/2025,12/23/2025,15,,31-33 Manufacturing,2025-10-24 00:00:00,Layoff Permanent,Remote  Santa Clara CA 95054
California,"Peabody Engineering & Supply, Inc.",Riverside County,10/24/2025,12/12/2025,19,,31-33 Manufacturing,2025-10-24 00:00:00,Closure Permanent,13435 Estelle Street  Corona CA 92879
California,"New Punch Bowl Sacramento, LLC",Sacramento County,10/22/2025,12/24/2025,83,,72 Accommodation and Food Services,2025-10-24 00:00:00,Closure Permanent,"500 J St., Suite 100  Sacramento CA 95814"
California,Silgan Containers,Stanislaus County,08/25/2025,10/27/2025,180,,31-33 Manufacturing,2025-10-24 00:00:00,Layoff Temporary,3250 Patterson Road  Riverbank CA 95367
California,Wellpath,Monterey County,10/27/2025,12/31/2025,72,,62 Healthcare and Social Assistance,2025-10-27 00:00:00,Layoff Permanent,530 Pacific Street  Monterey CA 93940
California,"Genentech, Inc.",San Mateo County,10/24/2025,11/28/2025,118,,54 Professional Scientific and Technical Services,2025-10-27 00:00:00,Layoff Permanent,1 DNA Way  South San Francisco CA 94080
California,"Communications Test Design, Inc. (CTDI)",San Bernardino County,10/27/2025,12/31/2025,64,,23 Construction,2025-10-27 00:00:00,Layoff Permanent,1543 N. Alder Ave  Rialto CA 92376
California,"Communications Test Design, Inc. (CTDI)",San Bernardino County,10/27/2025,12/31/2025,15,,23 Construction,2025-10-27 00:00:00,Layoff Permanent,14597 Baseline Ave  Fontana CA 92336
California,Disneyland Resort,Orange County,10/28/2025,12/30/2025,72,,71 Arts Entertainment and Recreation,2025-10-28 00:00:00,Layoff Permanent,1313 S. Harbor Boulevard  Anaheim CA 92802
California,University of Southern California,Los Angeles County,10/27/2025,10/31/2025,259,,61 Educational Services,2025-10-28 00:00:00,Layoff Permanent,3551 Trousdale Pkwy Suite 160  Los Angeles CA 90089
California,TAO Group Hospitality,Los Angeles County,10/28/2025,12/31/2025,8,,81 Other Services Except Public Administration,2025-10-28 00:00:00,Layoff Permanent,6725 W. Sunset Blvd. Suite 330  Los Angeles CA 90028
California,LAVO Los Angeles,Los Angeles County,10/28/2025,12/31/2025,100,,72 Accommodation and Food Services,2025-10-28 00:00:00,Closure Permanent,9201 Sunset Blvd. Suite 100  West Hollywood CA 90069
California,Fleur Room,Los Angeles County,10/28/2025,12/31/2025,26,,72 Accommodation and Food Services,2025-10-28 00:00:00,Closure Permanent,9201 Sunset Blvd. Suite 100  West Hollywood CA 90069
California,"San Diego Imaging - Chula Vista, LLC",San Diego County,10/23/2025,12/29/2025,63,,54 Professional Scientific and Technical Services,2025-10-28 00:00:00,Layoff Permanent,"765 Medical Center Court, STE. 101  Chula Vista CA 91911"
California,San Diego Imaging - Kearny Mesa,San Diego County,10/23/2025,12/29/2025,32,,54 Professional Scientific and Technical Services,2025-10-28 00:00:00,Layoff Permanent,"7910 Frost Street, Suite 100  San Diego CA 92123"
California,Louis Vuitton USA Inc.,San Diego County,10/28/2025,01/25/2026,9,,44-45 Retail Trade,2025-10-28 00:00:00,Closure Permanent,"4545 La Jolla Village Drive, Space 2500  San Diego CA 92122"
California,Twelve Benefit Corporation (614 Bancroft Way Suite H),Alameda County,10/29/2025,10/29/2025,52,,54 Professional Scientific and Technical Services,2025-10-29 00:00:00,Layoff Permanent,614 Bancroft Way Suite H  Berkeley CA 94710
California,Twelve Benefit Corporation (1135 Atlantic Ave),Alameda County,10/29/2025,10/29/2025,24,,54 Professional Scientific and Technical Services,2025-10-29 00:00:00,Layoff Permanent,1135 Atlantic Ave  Alameda CA 94501
California,Smurfit WestRock,Los Angeles County,10/29/2025,12/14/2025,141,,31-33 Manufacturing,2025-10-29 00:00:00,Closure Permanent,404 N. Baldwin Park Blvd.  La Puente CA 91746
California,Amazon LAX22,Los Angeles County,10/28/2025,01/26/2026,65,,44-45 Retail Trade,2025-10-29 00:00:00,Layoff Permanent,9336 Washington Blvd.  Culver City CA 90232
California,Amazon LAX18,Los Angeles County,10/28/2025,01/26/2025,7,,44-45 Retail Trade,2025-10-29 00:00:00,Layoff Permanent,9336 Washington Blvd. Bldg C  Culver City CA 90232
California,Amazon LAX21,Los Angeles County,10/28/2025,01/26/2026,43,,44-45 Retail Trade,2025-10-29 00:00:00,Layoff Permanent,9300 Culver Blvd Unit 201  Culver City CA 90232
California,Amazon LAX 35,Los Angeles County,10/28/2025,01/26/2025,37,,44-45 Retail Trade,2025-10-29 00:00:00,Layoff Permanent,9336 Washington Blvd.  Culver City CA 90232
California,Amazon LAX10,Los Angeles County,10/28/2025,01/26/2026,62,,44-45 Retail Trade,2025-10-29 00:00:00,Layoff Permanent,1620 26th St. Ste 4000N  Santa Monica CA 90404
California,Amazon LAX16,Los Angeles County,10/28/2025,01/26/2026,3,,44-45 Retail Trade,2025-10-29 00:00:00,Layoff Permanent,2425 Olympic Blvd. Ste 2000E  Santa Monica CA 90404
California,Amazon LAX78,Los Angeles County,10/28/2025,01/26/2026,65,,44-45 Retail Trade,2025-10-29 00:00:00,Layoff Permanent,2450 Colorado Avenue  Santa Monica CA 90404
California,Amazon (SJC10),Santa Clara County,10/28/2025,01/26/2026,138,,44-45 Retail Trade,2025-10-29 00:00:00,Layoff Permanent,1120 Enterprise Way  Sunnyvale CA 94089
California,Amazon (SJC11),Santa Clara County,10/28/2025,01/26/2026,28,,44-45 Retail Trade,2025-10-29 00:00:00,Layoff Permanent,1100 Enterprise Way  Sunnyvale CA 94089
California,Amazon (SJC13),Santa Clara County,10/28/2025,01/26/2026,33,,44-45 Retail Trade,2025-10-29 00:00:00,Layoff Permanent,1160 Enterprise Way  Sunnyvale CA 94089
California,Amazon (SJC14),Santa Clara County,10/28/2025,01/26/2026,80,,44-45 Retail Trade,2025-10-29 00:00:00,Layoff Permanent,905 Eleventh Ave  Sunnyvale CA 94089
California,Amazon (SJC31),Santa Clara County,10/28/2025,01/26/2026,27,,44-45 Retail Trade,2025-10-29 00:00:00,Layoff Permanent,1100 Discovery Way  Sunnyvale CA 94089
California,Amazon (SJC32),Santa Clara County,10/28/2025,01/26/2026,85,,44-45 Retail Trade,2025-10-29 00:00:00,Layoff Permanent,1140 Enterprise Way  Sunnyvale CA 94089
California,Amazon SFO12,Santa Clara County,10/28/2025,01/26/2026,18,,44-45 Retail Trade,2025-10-29 00:00:00,Layoff Permanent,265 Lytton Ave  Palo Alto CA 94301
California,Amazon SFO22,Santa Clara County,10/28/2025,01/26/2026,69,,44-45 Retail Trade,2025-10-29 00:00:00,Layoff Permanent,611 Cowper St.  Palo Alto CA 94301
California,Amazon SFO24,Santa Clara County,10/28/2025,01/26/2026,75,,44-45 Retail Trade,2025-10-29 00:00:00,Layoff Permanent,101 Lytton Ave  Palo Alto CA 94301
California,Amazon SFO36,Santa Clara County,10/28/2025,01/26/2026,12,,44-45 Retail Trade,2025-10-29 00:00:00,Layoff Permanent,130 Lytton Ave  Palo Alto CA 94301
California,Amazon SFO39,Santa Clara County,10/28/2025,01/26/2026,2,,44-45 Retail Trade,2025-10-29 00:00:00,Layoff Permanent,156 University Ave  Palo Alto CA 94301
California,Amazon SJC25,Santa Clara County,10/28/2025,01/26/2026,8,,44-45 Retail Trade,2025-10-29 00:00:00,Layoff Permanent,2795 Augustine Dr.  Santa Clara CA 95054
California,Amazon SJC38,Santa Clara County,10/28/2025,01/26/2026,50,,44-45 Retail Trade,2025-10-29 00:00:00,Layoff Permanent,3075 Olcott St.  Santa Clara CA 95054
California,Amazon SJC44,Santa Clara County,10/28/2025,01/26/2026,18,,44-45 Retail Trade,2025-10-29 00:00:00,Layoff Permanent,4980 Great America Pkwy  Santa Clara CA 95054
California,Amazon SNA11,Orange County,10/28/2025,01/26/2026,178,,44-45 Retail Trade,2025-10-29 00:00:00,Layoff Permanent,123 Technology Dr.  Irvine CA 92618
California,Amazon SNA12,Orange County,10/28/2025,01/26/2026,17,,44-45 Retail Trade,2025-10-29 00:00:00,Layoff Permanent,20 Pacifica Ste. 900  Irvine CA 92618
California,Amazon SNA16,Orange County,10/28/2025,01/26/2026,64,,44-45 Retail Trade,2025-10-29 00:00:00,Layoff Permanent,17300 Laguna Canyon Rd.  Irvine CA 92618
California,Amazon SNA17,Orange County,10/28/2025,01/26/2026,12,,44-45 Retail Trade,2025-10-29 00:00:00,Layoff Permanent,140 Progress 200  Irvine CA 92618
California,Amazon SNA18,Orange County,10/28/2025,01/26/2026,1,,44-45 Retail Trade,2025-10-29 00:00:00,Layoff Permanent,400 Spectrum Center Dr.  Irvine CA 92618
California,Amazon SNA19,Orange County,10/28/2025,01/26/2026,16,,44-45 Retail Trade,2025-10-29 00:00:00,Layoff Permanent,400 Spectrum Center Dr.  Irvine CA 92618
California,Amazon SNA3,Orange County,10/28/2025,01/26/2026,45,,44-45 Retail Trade,2025-10-29 00:00:00,Layoff Permanent,40 Pacifica Ste 100  Irvine CA 92618
California,Amazon (SAN 13),San Diego County,10/28/2025,01/26/2026,24,,44-45 Retail Trade,2025-10-29 00:00:00,Layoff Permanent,10300 Campus Point Dr Ste 200  San Diego CA 92121
California,Amazon (SAN 15),San Diego County,10/28/2025,01/26/2026,50,,44-45 Retail Trade,2025-10-29 00:00:00,Layoff Permanent,17075 Camino San Bernardo  San Diego CA 92127
California,Amazon (SAN 17),San Diego County,10/28/2025,01/26/2026,61,,44-45 Retail Trade,2025-10-29 00:00:00,Layoff Permanent,4575 La Jolla Village  San Diego CA 92122
California,Amazon (SAN 18),San Diego County,10/28/2025,01/26/2026,3,,44-45 Retail Trade,2025-10-29 00:00:00,Layoff Permanent,Wework Aventine  San Diego CA 92122
California,Amazon (SAN 21),San Diego County,10/28/2025,01/26/2026,5,,44-45 Retail Trade,2025-10-29 00:00:00,Layoff Permanent,4577 La Jolla Village  San Diego CA 92122
California,Amazon (SAN 3),San Diego County,10/28/2025,01/26/2026,1,,44-45 Retail Trade,2025-10-29 00:00:00,Layoff Permanent,6971 Otay Mesa Road  San Diego CA 92154
California,Amazon (SAN 5),San Diego County,10/28/2025,01/26/2026,1,,44-45 Retail Trade,2025-10-29 00:00:00,Layoff Permanent,7144 Otay Mesa Rd  San Diego CA 92154
California,WIS International,San Diego County,10/27/2025,01/01/2026,10,,56 Administrative and Support and Waste Management and Remediation,2025-10-29 00:00:00,Layoff Permanent,"9635 Granite Ridge Drive, Suite 250  San Diego CA 92123"
California,Amazon (ONM212),San Francisco County,10/28/2025,01/26/2026,3,,44-45 Retail Trade,2025-10-29 00:00:00,Layoff Permanent,One Embarcadero Center  San Francisco CA 94111
California,Amazon (ONM213),San Francisco County,10/28/2025,01/26/2026,1,,44-45 Retail Trade,2025-10-29 00:00:00,Layoff Permanent,110 Sutter  San Francisco CA 94104
California,Amazon (SFO13),San Francisco County,10/28/2025,01/26/2026,41,,44-45 Retail Trade,2025-10-29 00:00:00,Layoff Permanent,188 Spear St 2Nd Floor  San Francisco CA 94105
California,Amazon (SFO19),San Francisco County,10/28/2025,01/26/2026,18,,44-45 Retail Trade,2025-10-29 00:00:00,Layoff Permanent,350 Bush St  San Francisco CA 94104
California,Amazon (SFO28),San Francisco County,10/28/2025,01/26/2026,71,,44-45 Retail Trade,2025-10-29 00:00:00,Layoff Permanent,525 Market St  San Francisco CA 94105
California,Amazon (SFO38),San Francisco County,10/28/2025,01/26/2026,3,,44-45 Retail Trade,2025-10-29 00:00:00,Layoff Permanent,660 3Rd St 4Th Floor  San Francisco CA 94107
California,Perikinetics Inc.,Santa Clara County,09/30/2025,02/01/2025,2,,54 Professional Scientific and Technical Services,2025-10-29 00:00:00,Closure Permanent,505 Fierro Loop  Campbell CA 95008
California,Warner Music Inc.,Los Angeles County,10/30/2025,01/02/2026,2,,71 Arts Entertainment and Recreation,2025-10-30 00:00:00,Layoff Permanent,777 South Santa Fe Avenue  Los Angeles CA 90021
California,Cepheid B1,Santa Clara County,10/29/2025,12/31/2025,15,,31-33 Manufacturing,2025-10-30 00:00:00,Layoff Permanent,904 Caribbean Drive  Sunnyvale CA 94089
California,Cepheid B3,Santa Clara County,10/29/2025,12/31/2025,1,,31-33 Manufacturing,2025-10-30 00:00:00,Layoff Permanent,1339 Moffet Park Drive  Sunnyvale CA 94089
California,Cepheid B5,Santa Clara County,10/29/2025,12/31/2025,4,,31-33 Manufacturing,2025-10-30 00:00:00,Layoff Permanent,1315 Chesapeake Terrace  Sunnyvale CA 94089
California,Cepheid B6,Santa Clara County,10/29/2025,12/31/2025,1,,31-33 Manufacturing,2025-10-30 00:00:00,Layoff Permanent,914-918 Caribbean Drive  Sunnyvale CA 94089
California,Cepheid B7,Santa Clara County,10/29/2025,12/31/2025,1,,31-33 Manufacturing,2025-10-30 00:00:00,Layoff Permanent,1324 Chesapeake Terrace  Sunnyvale CA 94089
California,Cepheid B7+,Santa Clara County,10/29/2025,12/31/2025,9,,31-33 Manufacturing,2025-10-30 00:00:00,Layoff Permanent,1320 Chesapeake Terrace  Sunnyvale CA 94089
California,Cepheid B8,Santa Clara County,10/29/2025,12/31/2025,2,,31-33 Manufacturing,2025-10-30 00:00:00,Layoff Permanent,2550 Great America Way  Santa Clara CA 95054
California,Cepheid B4,Santa Cruz County,10/29/2025,12/31/2025,2,,31-33 Manufacturing,2025-10-30 00:00:00,Layoff Permanent,1325-1327 Chesapeake Terrace  Sunnyvale CA 94089
California,Educational Testing Service (ETS),Sacramento County,10/30/2025,12/31/2025,757,,61 Educational Services,2025-10-30 00:00:00,Layoff Permanent,"1610 R Street, Suite 300  Sacramento CA 95811"
California,Hewlett Packard Enterprise Company (HPE),Santa Clara County,10/30/2025,10/17/2025,52,,31-33 Manufacturing,2025-10-30 00:00:00,Layoff Permanent,6280 America Center Drive  San Jose CA 95002
California,Eastside Management Company,Stanislaus County,10/30/2025,12/31/2025,59,,11 Agriculture Forestry Fishing Hunting,2025-10-30 00:00:00,Closure Permanent,1518 K Street  Modesto CA 95354
California,SEMSA/Riggs Ambulance Service,Merced County,10/31/2025,12/31/2025,181,,62 Healthcare and Social Assistance,2025-10-31 00:00:00,Closure Permanent,100 Riggs Avenue  Merced CA 95341
California,"Hitachi Vantara, LLC",Santa Clara County,10/31/2025,12/31/2025,129,,44-45 Retail Trade,2025-10-31 00:00:00,Layoff Permanent,2535 Augustine Drive  Santa Clara CA 95054
California,J & J Snack Foods,San Bernardino County,10/31/2025,12/30/2025,129,,31-33 Manufacturing,2025-10-31 00:00:00,Closure Permanent,751 Via Lata  Colton CA 92324
California,"Fresno Economic Opportunities Commission (1101 E. Annandale, 101)",Fresno County,10/31/2025,01/01/2026,6,,92 Public Administration,2025-11-03 00:00:00,Layoff Temporary,"1101 E. Annandale, 101  Sanger CA 93657"
California,Fresno Economic Opportunities Commission (112 - 4th St.),Fresno County,10/31/2025,01/01/2026,7,,92 Public Administration,2025-11-03 00:00:00,Layoff Temporary,112 - 4th St.  Orange Cove CA 93646
California,Fresno Economic Opportunities Commission (115 W. Belmont Ave),Fresno County,10/31/2025,01/01/2026,3,,92 Public Administration,2025-11-03 00:00:00,Layoff Temporary,115 W. Belmont Ave  Mendota CA 93640
California,Fresno Economic Opportunities Commission (1189 Martin St),Fresno County,10/31/2025,01/01/2026,2,,92 Public Administration,2025-11-03 00:00:00,Layoff Temporary,1189 Martin St  Fresno CA 93706
California,Fresno Economic Opportunities Commission (1189 Martin St),Fresno County,10/31/2025,01/01/2026,33,,92 Public Administration,2025-11-03 00:00:00,Layoff Temporary,1189 Martin St.  Fresno CA 93706
California,Fresno Economic Opportunities Commission (1240 E. Washington),Fresno County,10/31/2025,01/01/2026,14,,92 Public Administration,2025-11-03 00:00:00,Layoff Temporary,1240 E. Washington  Reedley CA 93654
California,Fresno Economic Opportunities Commission (1325 Stillman St.),Fresno County,10/31/2025,01/01/2026,4,,92 Public Administration,2025-11-03 00:00:00,Layoff Temporary,1325 Stillman St.  Selma CA 93662
California,Fresno Economic Opportunities Commission (1350 E. Annadale),Fresno County,10/31/2025,01/01/2026,7,,92 Public Administration,2025-11-03 00:00:00,Layoff Temporary,1350 E. Annadale  Fresno CA 93706
California,Fresno Economic Opportunities Commission (13660 E. Manning Ave),Fresno County,10/31/2025,01/01/2026,7,,92 Public Administration,2025-11-03 00:00:00,Layoff Temporary,13660 E. Manning Ave  Parlier CA 93648
California,Fresno Economic Opportunities Commission (1420 Second St.),Fresno County,10/31/2025,01/01/2026,4,,92 Public Administration,2025-11-03 00:00:00,Layoff Temporary,1420 Second St.  Selma CA 93662
California,Fresno Economic Opportunities Commission (1441 Divisadero),Fresno County,10/31/2025,01/01/2026,17,,92 Public Administration,2025-11-03 00:00:00,Layoff Temporary,1441 Divisadero  Fresno CA 93721
California,Fresno Economic Opportunities Commission (1504 N. Webser),Fresno County,10/31/2025,01/01/2026,9,,92 Public Administration,2025-11-03 00:00:00,Layoff Temporary,1504 N. Weber  Fresno CA 93728
California,Fresno Economic Opportunities Commission (1620 W. Fairmont),Fresno County,10/31/2025,01/01/2026,19,,92 Public Administration,2025-11-03 00:00:00,Layoff Temporary,1620 W. Fairmont  Fresno CA 93705
California,Fresno Economic Opportunities Commission (16641 Palmer St.),Fresno County,10/31/2025,01/01/2026,10,,92 Public Administration,2025-11-03 00:00:00,Layoff Temporary,16641 Palmer St.  Huron CA 93234
California,Fresno Economic Opportunities Commission (1701 Alton St.),Fresno County,10/31/2025,01/01/2026,9,,92 Public Administration,2025-11-03 00:00:00,Layoff Temporary,1701 Alton St.  Selma CA 93662
California,Fresno Economic Opportunities Commission (1920 Mariposa Street),Fresno County,10/31/2025,01/01/2026,263,,92 Public Administration,2025-11-03 00:00:00,Layoff Temporary,1920 Mariposa Street  Fresno CA 93721
California,Fresno Economic Opportunities Commission (2063 S. Cedar Ave),Fresno County,10/31/2025,01/01/2026,8,,92 Public Administration,2025-11-03 00:00:00,Layoff Temporary,2063 S. Cedar Ave  Fresno CA 93702
California,Fresno Economic Opportunities Commission (2117 W. McKinley Ave),Fresno County,10/31/2025,01/01/2026,8,,92 Public Administration,2025-11-03 00:00:00,Layoff Temporary,2117 W. McKinley Ave  Fresno CA 93726
California,Fresno Economic Opportunities Commission (2121 N. Van Ness Ave),Fresno County,10/31/2025,01/01/2026,9,,92 Public Administration,2025-11-03 00:00:00,Layoff Temporary,2121 N. Van Ness Ave  Fresno CA 93704
California,Fresno Economic Opportunities Commission (2420 W. Clemenceau Ave),Fresno County,10/31/2025,01/01/2026,5,,92 Public Administration,2025-11-03 00:00:00,Layoff Temporary,2420 W. Clemenceau Ave  Caruthers CA 93609
California,Fresno Economic Opportunities Commission (2529 Willow Ave),Fresno County,10/31/2025,01/01/2026,5,,92 Public Administration,2025-11-03 00:00:00,Layoff Temporary,2529 Willow Ave  Clovis CA 93612
California,Fresno Economic Opportunities Commission (2751 Fig Street),Fresno County,10/31/2025,01/01/2026,7,,92 Public Administration,2025-11-03 00:00:00,Layoff Temporary,2751 Fig Street  Selma CA 93662
California,Fresno Economic Opportunities Commission (295 W. Tuft St),Fresno County,10/31/2025,01/01/2026,9,,92 Public Administration,2025-11-03 00:00:00,Layoff Temporary,295 W. Tuft St  Mendota CA 93640
California,Fresno Economic Opportunities Commission (3037 S. Orchid Ave),Fresno County,10/31/2025,01/01/2026,12,,92 Public Administration,2025-11-03 00:00:00,Layoff Temporary,3037 S. Orchid Ave  Sanger CA 93657
California,Fresno Economic Opportunities Commission (3110 W. Nielsen),Fresno County,10/31/2025,01/01/2026,4,,92 Public Administration,2025-11-03 00:00:00,Layoff Temporary,3110 W. Nielsen  Fresno CA 93706
California,Fresno Economic Opportunities Commission (3257 E. Shields Ave),Fresno County,10/31/2025,01/01/2026,12,,92 Public Administration,2025-11-03 00:00:00,Layoff Temporary,3257 E. Shields Ave  Fresno CA 93726
California,Fresno Economic Opportunities Commission (388 S. Brawley Ave),Fresno County,10/31/2025,01/01/2026,8,,92 Public Administration,2025-11-03 00:00:00,Layoff Temporary,388 S. Brawley Ave  Fresno CA 93706
California,Fresno Economic Opportunities Commission (4156 E. Dakota Ave),Fresno County,10/31/2025,01/01/2026,28,,92 Public Administration,2025-11-03 00:00:00,Layoff Temporary,4156 E. Dakota Ave  Fresno CA 93726
California,"Fresno Economic Opportunities Commission (4273 W. Richert, Ave, 107)",Fresno County,10/31/2025,01/01/2026,15,,92 Public Administration,2025-11-03 00:00:00,Layoff Temporary,"4273 W. Richert, Ave, 107  Fresno CA 93722"
California,Fresno Economic Opportunities Commission (4856 E. Cesar Chavez Blvd),Fresno County,10/31/2025,01/01/2026,15,,92 Public Administration,2025-11-03 00:00:00,Layoff Temporary,4856 E. Cesar Chavez Blvd  Fresno CA 93727
California,Fresno Economic Opportunities Commission (4995 E. Balch Ave),Fresno County,10/31/2025,01/01/2026,18,,92 Public Administration,2025-11-03 00:00:00,Layoff Temporary,4995 E. Balch Ave  Fresno CA 93727
California,Fresno Economic Opportunities Commission (510 Barstow Ave),Fresno County,10/31/2025,01/01/2026,4,,92 Public Administration,2025-11-03 00:00:00,Layoff Temporary,510 Barstow Ave  Clovis CA 93612
California,Fresno Economic Opportunities Commission (5104 N. West),Fresno County,10/31/2025,01/01/2026,11,,92 Public Administration,2025-11-03 00:00:00,Layoff Temporary,5104 N. West  Fresno CA 93711
California,Fresno Economic Opportunities Commission (5244 E. Pine Ave),Fresno County,10/31/2025,01/01/2026,5,,92 Public Administration,2025-11-03 00:00:00,Layoff Temporary,5244 E. Pine Ave  Fresno CA 93727
California,Fresno Economic Opportunities Commission (5550 N. Fresno St),Fresno County,10/31/2025,01/01/2026,8,,92 Public Administration,2025-11-03 00:00:00,Layoff Temporary,5550 N. Fresno St  Fresno CA 93710
California,Fresno Economic Opportunities Commission (710 N. Hughes Ave),Fresno County,10/31/2025,01/01/2026,8,,92 Public Administration,2025-11-03 00:00:00,Layoff Temporary,710 N. Hughes Ave  Fresno CA 93728
California,Fresno Economic Opportunities Commission (7171 N. Sugarpine Ave),Fresno County,10/31/2025,01/01/2026,4,,92 Public Administration,2025-11-03 00:00:00,Layoff Temporary,7171 N. Sugarpine Ave  Pinedale CA 96350
California,Fresno Economic Opportunities Commission (719 S. Madera Ave),Fresno County,10/31/2025,01/01/2026,4,,92 Public Administration,2025-11-03 00:00:00,Layoff Temporary,719 S. Madera Ave  Kerman CA 93630
California,Fresno Economic Opportunities Commission (745 N. First St),Fresno County,10/31/2025,01/01/2026,4,,92 Public Administration,2025-11-03 00:00:00,Layoff Temporary,745 N. First St  Fresno CA 93702
California,Fresno Economic Opportunities Commission (788 W. Shaw Ave),Fresno County,10/31/2025,01/01/2026,10,,92 Public Administration,2025-11-03 00:00:00,Layoff Temporary,788 W. Shaw Ave  Clovis CA 93612
California,Fresno Economic Opportunities Commission (8535 S 9th Street),Fresno County,10/31/2025,01/01/2026,4,,92 Public Administration,2025-11-03 00:00:00,Layoff Temporary,8535 S 9th Street  San Joaquin CA 93660
California,"Transdev Services, Inc.",San Mateo County,10/30/2025,12/31/2025,77,,48-49 Transportation and Warehousing,2025-11-03 00:00:00,Closure Permanent,934 Brewster Ave.  Redwood City CA 94063
California,CommUnify - Chestnut Office,Santa Barbara County,11/03/2025,01/02/2026,11,,62 Healthcare and Social Assistance,2025-11-03 00:00:00,Layoff Permanent,120 W. Chestnut Ave.  Lompoc CA 93436
California,CommUnify - Filmore Center,Santa Barbara County,11/03/2025,01/02/2026,4,,62 Healthcare and Social Assistance,2025-11-03 00:00:00,Layoff Permanent,1316 E. Oak St.  Lompoc CA 93436
California,CommUnify - I Center,Santa Barbara County,11/03/2025,01/02/2026,6,,62 Healthcare and Social Assistance,2025-11-03 00:00:00,Layoff Permanent,228 N. I St.  Lompoc CA 93436
California,CommUnify - Maple Center,Santa Barbara County,11/03/2025,01/02/2026,3,,62 Healthcare and Social Assistance,2025-11-03 00:00:00,Layoff Permanent,120 W. Maple Ave.  Lompoc CA 93436
California,CommUnify - Oak Valley Center,Santa Barbara County,11/03/2025,01/02/2026,1,,62 Healthcare and Social Assistance,2025-11-03 00:00:00,Layoff Permanent,595 2nd St.  Buellton CA 93427
California,CommUnify - Adam Center,Santa Barbara County,11/03/2025,01/02/2026,4,,62 Healthcare and Social Assistance,2025-11-03 00:00:00,Layoff Permanent,500 W. Windsor Drive  Santa Maria CA 93458
California,CommUnify - Alvin Center,Santa Barbara County,11/03/2025,01/02/2026,6,,62 Healthcare and Social Assistance,2025-11-03 00:00:00,Layoff Permanent,316 E. McElhaney  Santa Maria CA 93454
California,CommUnify - Chapel Office,Santa Barbara County,11/03/2025,01/02/2026,13,,62 Healthcare and Social Assistance,2025-11-03 00:00:00,Layoff Permanent,201 W. Chapel St.  Santa Maria CA 93458
California,CommUnify - JC Washington Center,Santa Barbara County,11/03/2025,01/02/2026,3,,62 Healthcare and Social Assistance,2025-11-03 00:00:00,Layoff Permanent,201 W. Chapel St.  Santa Maria CA 93458
California,CommUnify - Little Village Center,Santa Barbara County,11/03/2025,01/02/2026,8,,62 Healthcare and Social Assistance,2025-11-03 00:00:00,Layoff Permanent,219 W. Chapel St.  Santa Maria CA 93458
California,CommUnify - Los Adobes Center,Santa Barbara County,11/03/2025,01/02/2026,1,,62 Healthcare and Social Assistance,2025-11-03 00:00:00,Layoff Permanent,1026 W. Boone  Santa Maria CA 93458
California,CommUnify - Los Padres Center,Santa Barbara County,11/03/2025,01/02/2026,4,,62 Healthcare and Social Assistance,2025-11-03 00:00:00,Layoff Permanent,530 E. Enos Dr.  Santa Maria CA 93454
California,CommUnify - Meridian Center,Santa Barbara County,11/03/2025,01/02/2026,2,,62 Healthcare and Social Assistance,2025-11-03 00:00:00,Layoff Permanent,1720 S. Depot Bld. J  Santa Maria CA 93458
California,CommUnify - Sierra Madre Center,Santa Barbara County,11/03/2025,01/02/2026,5,,62 Healthcare and Social Assistance,2025-11-03 00:00:00,Layoff Permanent,1002 E. Sierra Madre Ave.  Santa Maria CA 93454
California,CommUnify - Westgate Center,Santa Barbara County,11/03/2025,01/02/2026,7,,62 Healthcare and Social Assistance,2025-11-03 00:00:00,Layoff Permanent,1240 W. Bethel Lane #1A  Santa Maria CA 93454
California,CommUnify - Cuyama Center,Santa Barbara County,11/03/2025,01/02/2026,2,,62 Healthcare and Social Assistance,2025-11-03 00:00:00,Layoff Permanent,#166 Cuyama  Cuyama CA 93254
California,CommUnify - Jardin de Suenos,Santa Barbara County,11/03/2025,01/02/2026,6,,62 Healthcare and Social Assistance,2025-11-03 00:00:00,Layoff Permanent,1331 E. Foster Rd.  Orcutt CA 93455
California,CommUnify - Maggie Espinoza Center,Santa Barbara County,11/03/2025,01/02/2026,5,,62 Healthcare and Social Assistance,2025-11-03 00:00:00,Layoff Permanent,120 Tognazzini Ave.  Guadalupe CA 93454
California,CommUnify - Betty Sanchez Center,Santa Barbara County,11/03/2025,01/02/2026,1,,62 Healthcare and Social Assistance,2025-11-03 00:00:00,Layoff Permanent,4849 Foothill Road  Carpinteria CA 93013
California,CommUnify - Coronel Center,Santa Barbara County,11/03/2025,01/02/2026,1,,62 Healthcare and Social Assistance,2025-11-03 00:00:00,Layoff Permanent,629 Coronel Pl.  Santa Barbara CA 93101
California,CommUnify - South County HS Office,Santa Barbara County,11/03/2025,01/02/2026,1,,62 Healthcare and Social Assistance,2025-11-03 00:00:00,Layoff Permanent,602 Anacapa Street  Santa Barbara CA 93101
California,CommUnify - South County HS Office,Santa Barbara County,11/03/2025,01/02/2026,1,,62 Healthcare and Social Assistance,2025-11-03 00:00:00,Layoff Permanent,603 Anacapa Street  Santa Barbara CA 93101
California,CommUnify - Goleta Center,Santa Barbara County,11/03/2025,01/02/2026,2,,62 Healthcare and Social Assistance,2025-11-03 00:00:00,Layoff Permanent,5681 Hollister Ave.  Goleta CA 93117
California,DJI Services LLC,Los Angeles County,11/03/2025,11/07/2025,61,,81 Other Services Except Public Administration,2025-11-03 00:00:00,Layoff Permanent,17301 Edwards Road  Cerritos CA 90703
California,DJI Services LLC,Los Angeles County,11/03/2025,11/07/2025,37,,81 Other Services Except Public Administration,2025-11-03 00:00:00,Layoff Permanent,17301 Edwards Road  Cerritos CA 90703
California,"Dairyland Produce, LLC",San Mateo County,10/23/2025,12/24/2025,22,,42 Wholesale Trade,2025-11-04 00:00:00,Layoff Permanent,453 Valley Drive  Brisbane CA 94005
California,"AFC Cable Systems, Inc.",San Bernardino County,11/04/2025,12/26/2025,54,,31-33 Manufacturing,2025-11-04 00:00:00,Layoff Permanent,13891 Yorba Avenue  Chino CA 91710
California,"Becton, Dickinson and Company (BD) (3750 Torrey View Court)",San Diego County,10/31/2025,10/01/2025,59,,31-33 Manufacturing,2025-11-04 00:00:00,Layoff Permanent,3750 Torrey View Court  San Diego CA 92130
California,"Becton, Dickinson and Company (BD) (10020 Pacific Mesa Boulevard)",San Diego County,10/31/2025,10/01/2025,7,,31-33 Manufacturing,2025-11-04 00:00:00,Layoff Permanent,10020 Pacific Mesa Boulevard  San Diego CA 92121
California,"Retail Service WIS Corporation, DBA WIS International",San Diego County,10/27/2025,01/01/2026,10,,56 Administrative and Support and Waste Management and Remediation,2025-11-04 00:00:00,Layoff Permanent,9265 Sky Park Court  San Diego CA 92123
California,International Business Machines Corporation,Santa Clara County,11/04/2025,01/05/2025,75,,42 Wholesale Trade,2025-11-04 00:00:00,Layoff Permanent,555 Bailey Avenue  San Jose CA 95141
California,Infineon,Los Angeles County,10/31/2025,11/14/2025,15,,31-33 Manufacturing,2025-11-04 00:00:00,Layoff Permanent,101 N Pacific Coast Highway  El Segundo CA 90245
California,Infineon,Orange County,10/31/2025,11/14/2025,1,,31-33 Manufacturing,2025-11-04 00:00:00,Layoff Permanent,"7565 Irvine Center Drive, Suite 150  Irvine CA 92618"
California,Infineon,Riverside County,10/31/2025,11/14/2025,7,,31-33 Manufacturing,2025-11-04 00:00:00,Layoff Permanent,23240 Hancock Ave  Murrieta CA 92562
California,Infineon,San Diego County,10/31/2025,11/14/2025,3,,31-33 Manufacturing,2025-11-04 00:00:00,Layoff Permanent,"1212 Scripps Summit Drive, Suite 300  San Diego CA 92131"
California,Infineon,Santa Clara County,10/31/2025,11/14/2025,46,,31-33 Manufacturing,2025-11-04 00:00:00,Layoff Permanent,195 & 198 Champion Court  San Jose CA 95134
California,Safeway,Alameda County,11/05/2025,02/02/2026,76,,44-45 Retail Trade,2025-11-05 00:00:00,Closure Permanent,231 W. Jackson Street  Hayward CA 94544
California,University of Southern California,Los Angeles County,11/05/2025,12/31/2025,5,,61 Educational Services,2025-11-05 00:00:00,Layoff Permanent,1985 Zonal St.  Los Angeles CA 90089
California,Blue Plate Oysterette LLC,Los Angeles County,11/04/2025,01/07/2026,45,,72 Accommodation and Food Services,2025-11-05 00:00:00,Closure Permanent,1355 Ocean Ave.  Santa Monica CA 90401
California,Consolidated Hospitality Supplies,San Bernardino County,11/05/2025,01/04/2026,22,,44-45 Retail Trade,2025-11-05 00:00:00,Closure Permanent,11754 Cabernet Ave.  Fontana CA 92337
California,"Dairyland Produce, LLC",Santa Clara County,10/23/2025,12/24/2025,21,,42 Wholesale Trade,2025-11-05 00:00:00,Closure Permanent,1170 Olinder Court  San Jose CA 95122
California,Mojave Food Corporation,Los Angeles County,11/05/2025,05/08/2026,86,,42 Wholesale Trade,2025-11-06 00:00:00,Closure Permanent,6200 E. Slauson Ave  Commerce CA 90040
California,Clari Inc.,Santa Clara County,11/06/2025,01/05/2026,96,,54 Professional Scientific and Technical Services,2025-11-06 00:00:00,Layoff Permanent,1154 Sonora Court  Sunnyvale CA 94086
California,"Illumina, Inc. Worldwide Headquarters",San Diego County,11/05/2025,01/05/2026,4,,54 Professional Scientific and Technical Services,2025-11-06 00:00:00,Layoff Permanent,5200 Illumina Way  San Diego CA 92122
California,Ceryx Management LLC (Blackstone),Fresno County,10/31/2025,10/03/2025,39,,56 Administrative and Support and Waste Management and Remediation,2025-11-07 00:00:00,Layoff Permanent,4080 N Blackstone Ave.  Fresno CA 93726
California,Ceryx Management LLC (Sepulveda),Los Angeles County,10/31/2025,10/03/2025,4,,56 Administrative and Support and Waste Management and Remediation,2025-11-07 00:00:00,Layoff Permanent,7041 Sepulveda Blvd.  Van Nuys CA 91406
California,Ceryx Management LLC (Vermont),Los Angeles County,10/31/2025,10/03/2025,8,,56 Administrative and Support and Waste Management and Remediation,2025-11-07 00:00:00,Layoff Permanent,7110 S Vermont Ave.  Los Angeles CA 90044
California,Ceryx Management LLC (Figueroa),Los Angeles County,10/31/2025,10/03/2025,8,,56 Administrative and Support and Waste Management and Remediation,2025-11-07 00:00:00,Layoff Permanent,8200 S. Figueroa St.  Los Angeles CA 90003
California,Ceryx Management LLC (Hoover),Los Angeles County,10/31/2025,10/03/2025,3,,56 Administrative and Support and Waste Management and Remediation,2025-11-07 00:00:00,Layoff Permanent,7106 S Hoover St.  Los Angeles CA 90044
California,Ceryx Management LLC (Western),Los Angeles County,10/31/2025,10/03/2025,13,,56 Administrative and Support and Waste Management and Remediation,2025-11-07 00:00:00,Layoff Permanent,15902 S Western Ave.  Gardena CA 90247
California,Ceryx Management LLC (7226 S. Figueroa),Los Angeles County,10/31/2025,10/03/2025,12,,56 Administrative and Support and Waste Management and Remediation,2025-11-07 00:00:00,Layoff Permanent,7226 S. Figueroa St.  Los Angeles CA 90003
California,Ceryx Management LLC (7310 S. Figueroa),Los Angeles County,10/31/2025,10/03/2025,9,,56 Administrative and Support and Waste Management and Remediation,2025-11-07 00:00:00,Layoff Permanent,7310 S. Figueroa St.  Los Angeles CA 90003
California,Ceryx Management LLC (801 W 70th),Los Angeles County,10/31/2025,10/03/2025,9,,56 Administrative and Support and Waste Management and Remediation,2025-11-07 00:00:00,Layoff Permanent,801 W 70th St.  Los Angeles CA 90044
California,Ceryx Management LLC (7617 S. Figueroa),Los Angeles County,10/31/2025,10/03/2025,5,,56 Administrative and Support and Waste Management and Remediation,2025-11-07 00:00:00,Layoff Permanent,7617 S. Figueroa St.  Los Angeles CA 90003
California,Ceryx Management LLC (1540 S St. Andrews),Los Angeles County,10/31/2025,10/03/2025,18,,56 Administrative and Support and Waste Management and Remediation,2025-11-07 00:00:00,Layoff Permanent,1540 S. St. Andrews Pl.  Los Angeles CA 90019
California,Ceryx Management LLC (7111 S Hoover),Los Angeles County,10/31/2025,10/03/2025,1,,56 Administrative and Support and Waste Management and Remediation,2025-11-07 00:00:00,Layoff Permanent,7111 S. Hoover St.  Los Angeles CA 90044
California,Ceryx Management LLC (1904 E 113th),Los Angeles County,10/31/2025,10/03/2025,1,,56 Administrative and Support and Waste Management and Remediation,2025-11-07 00:00:00,Layoff Permanent,1904 E. 113th St.  Los Angeles CA 90059
California,Ceryx Management LLC (8320 S. Figueroa),Los Angeles County,10/31/2025,10/03/2025,1,,56 Administrative and Support and Waste Management and Remediation,2025-11-07 00:00:00,Layoff Permanent,8320 S. Figueroa St.  Los Angeles CA 90003
California,Ceryx Management LLC (9519 S. Figueroa),Los Angeles County,10/31/2025,10/03/2025,1,,56 Administrative and Support and Waste Management and Remediation,2025-11-07 00:00:00,Layoff Permanent,9519 S. Figueroa St  Los Angels CA 90003
California,Five Guys Operations Broadstone Marketplace,Sacramento County,11/07/2025,11/25/2025,16,,72 Accommodation and Food Services,2025-11-07 00:00:00,Closure Permanent,2750 E Bidwell St.  Folsom CA 95630
California,"Illumina, Inc.",San Diego County,11/06/2025,01/05/2026,28,,54 Professional Scientific and Technical Services,2025-11-07 00:00:00,Layoff Permanent,5200 Illumina Way  San Diego CA 92122
California,Coca-Cola Company,Napa County,10/29/2025,12/31/2025,45,,48-49 Transportation and Warehousing,2025-11-07 00:00:00,Closure Permanent,1201 Commerce Blvd.  American Canyon CA 94503
California,Paramount Skydance Corporation (Gower),Los Angeles County,11/07/2025,10/29/2025,81,,71 Arts Entertainment and Recreation,2025-11-10 00:00:00,Layoff Permanent,1575 N. Gower Street  Los Angeles CA 90028
California,Paramount Skydance Corporation (Melrose),Los Angeles County,11/07/2025,10/29/2025,116,,71 Arts Entertainment and Recreation,2025-11-10 00:00:00,Layoff Permanent,5555 Melrose Avenue  Los Angeles CA 90038
California,"Synopsys, Inc.",Santa Clara County,11/12/2025,01/12/2026,172,,54 Professional Scientific and Technical Services,2025-11-12 00:00:00,Layoff Permanent,675 Almanor Avenue  Sunnyvale CA 94085
California,"Synopsys, Inc.",Santa Clara County,11/12/2025,01/12/2026,1,,54 Professional Scientific and Technical Services,2025-11-12 00:00:00,Layoff Permanent,800 N. Mary Avenue  Sunnyvale CA 94085
California,"Synopsys, Inc.",Santa Clara County,11/12/2025,01/12/2026,1,,54 Professional Scientific and Technical Services,2025-11-12 00:00:00,Layoff Permanent,770 N. Mary Avenue  Sunnyvale CA 94085
California,"Synopsys, Inc.",Santa Clara County,11/12/2025,01/12/2026,1,,54 Professional Scientific and Technical Services,2025-11-12 00:00:00,Layoff Permanent,655 Palomar Avenue  Sunnyvale CA 94085
California,"Gilead Sciences, Inc.",San Diego County,11/12/2025,01/16/2026,17,,54 Professional Scientific and Technical Services,2025-11-12 00:00:00,Layoff Permanent,4010 Ocean Ranch Blvd  Oceanside CA 92056
California,AbbVie,Alameda County,11/10/2025,01/09/2026,48,,54 Professional Scientific and Technical Services,2025-11-13 00:00:00,Closure Permanent,5996 Gleason Drive  Dublin CA 94568
California,AbbVie,Alameda County,11/10/2025,01/09/2026,9,,54 Professional Scientific and Technical Services,2025-11-13 00:00:00,Closure Permanent,7041 Las Positas Road  Livermore CA 94551
California,AbbVie,Alameda County,11/10/2025,01/09/2026,2,,54 Professional Scientific and Technical Services,2025-11-13 00:00:00,Closure Permanent,4410 Rosewood Drive  Pleasonton CA 94588
California,"NBCUniversal (Bldgs. 1280, 1320, 1360, and 4250)",Los Angeles County,10/28/2025,11/28/2025,32,,51 Information,2025-11-13 00:00:00,Layoff Permanent,"100 Universal City Plaza, Bldgs. 1280, 1320, 1360, and 4250  Universal City CA 91608"
California,NBCUniversal (Bldgs. 1126 and 1440),Los Angeles County,10/28/2025,11/28/2025,101,,51 Information,2025-11-13 00:00:00,Layoff Permanent,"100 Universal City Plaza, Bldgs. 1126 and 1440  Universal City CA 91608"
California,NBCUniversal (Bldg. 2375),Los Angeles County,10/28/2025,11/28/2025,4,,51 Information,2025-11-13 00:00:00,Layoff Permanent,"100 Universal City Plaza, Bldg. 2375  Universal City CA 91608"
California,"National Distribution Centers, LLC (NDC)",Los Angeles County,10/24/2025,12/22/2025,17,,48-49 Transportation and Warehousing,2025-11-13 00:00:00,Layoff Not known at this time,179 Grand Ave.  City of Industry CA 91789
California,"Couchbase, Inc.",Santa Clara County,11/13/2025,01/12/2026,48,,54 Professional Scientific and Technical Services,2025-11-13 00:00:00,Layoff Permanent,"3155 Olsen Drive, Suite 150  San Jose CA 95117"
California,"Mattel, Inc.",Los Angeles County,11/13/2025,01/12/2026,89,,51 Information,2025-11-13 00:00:00,Layoff Permanent,333 Continental Blvd  El Segundo CA 90245
California,GUESS?,Los Angeles County,10/08/2025,12/08/2025,100,,31-33 Manufacturing,2025-11-14 00:00:00,Layoff Not known at this time,1444 S. Alameda Street  Los Angeles CA 90021
California,International Paper,Los Angeles County,11/14/2025,01/14/2026,128,,31-33 Manufacturing,2025-11-14 00:00:00,Closure Permanent,19615 S. Susana Rd.  Compton CA 90221
California,"Lakeshore Learning Materials, LLC (2161)",Los Angeles County,11/13/2025,01/12/2026,69,,61 Educational Services,2025-11-14 00:00:00,Closure Permanent,2161 E. Dominguez St.  Carson CA 90810
California,"Lakeshore Learning Materials, LLC (2649)",Los Angeles County,11/13/2025,01/12/2026,48,,61 Educational Services,2025-11-14 00:00:00,Closure Permanent,2649 E. Dominguez St.  Carson CA 90810
California,Middlebury Institute of International Studies at Monterey,Monterey County,11/14/2025,01/16/2026,123,,61 Educational Services,2025-11-14 00:00:00,Closure Permanent,460 Pierce Street  Monterey CA 93940
California,"Illumina, Inc. Worldwide Headquarters",San Diego County,11/13/2025,11/11/2025,8,,54 Professional Scientific and Technical Services,2025-11-14 00:00:00,Layoff Permanent,5200 Illumina Way  San Diego CA 92122
California,SLO Brewing Co. LLC,San Luis Obispo County,11/13/2025,01/13/2026,61,,72 Accommodation and Food Services,2025-11-14 00:00:00,Layoff Permanent,855 Aerovista Place  San Luis Obispo CA 93401
California,"HRL Laboratories, Malibu Campus",Los Angeles County,11/17/2025,01/16/2026,34,,54 Professional Scientific and Technical Services,2025-11-17 00:00:00,Layoff Permanent,3011 Malibu Canyon Drive  Malibu CA 90265
California,"HRL Laboratories, Lost Hills Campus",Los Angeles County,11/17/2025,01/16/2026,4,,54 Professional Scientific and Technical Services,2025-11-17 00:00:00,Layoff Permanent,26800 Agoura Road  Calabasas CA 91301
California,HRL Laboratories (Remote Employees),Los Angeles County,11/17/2025,01/16/2026,7,,54 Professional Scientific and Technical Services,2025-11-17 00:00:00,Layoff Permanent,Remote  Malibu CA 90265
California,"HRL Laboratories, Camarillo Campus",Ventura County,11/17/2025,01/16/2026,3,,54 Professional Scientific and Technical Services,2025-11-17 00:00:00,Layoff Permanent,741 Calle Plano  Camarillo CA 93012
California,"HRL Laboratories, Westlake Campus",Ventura County,11/17/2025,01/16/2026,10,,54 Professional Scientific and Technical Services,2025-11-17 00:00:00,Layoff Permanent,3500 Willow Lane  Thousand Oaks CA 91361
California,"Braga Fresh Foods, LLC",Monterey County,11/14/2025,01/14/2026,260,,11 Agriculture Forestry Fishing Hunting,2025-11-17 00:00:00,Closure Permanent,121 Spreckels Blvd. Building #10  Salinas CA 93908
California,"Mettler-Toledo Rainin, LLC",Alameda County,11/16/2025,01/17/2026,89,,31-33 Manufacturing,2025-11-17 00:00:00,Layoff Permanent,7500 Edgewater Drive  Oakland CA 94621
California,Corteva Agriscience LLC,Contra Costa County,11/18/2025,02/27/2026,4,,54 Professional Scientific and Technical Services,2025-11-18 00:00:00,Layoff Permanent,901 Loveridge Road  Pittsburg CA 94565
California,"R.C. Packing, LLC",Monterey County,11/18/2025,11/16/2025,161,,11 Agriculture Forestry Fishing Hunting,2025-11-18 00:00:00,Closure Permanent,425-A Alta St  Gonzales CA 93926
California,"Nationstar Mortgage, LLC d/b/a Mr. Cooper",Orange County,11/17/2025,01/16/2026,88,,52 Finance and Insurance,2025-11-18 00:00:00,Layoff Permanent,25500 Commerce Centre Drive  Lake Forest CA 92630
California,Blue Shield of California (Woodland Hills),Los Angeles County,11/18/2025,01/27/2026,1,,52 Finance and Insurance,2025-11-19 00:00:00,Layoff Permanent,6300 Canoga Avenue  Woodland Hills CA 91367
California,Blue Shield of California (Rancho Cordova),Sacramento County,11/18/2025,01/27/2026,5,,52 Finance and Insurance,2025-11-19 00:00:00,Layoff Permanent,3300 Zinfandel Drive  Rancho Cordova CA 95670
California,Blue Shield of California (San Diego),San Diego County,11/18/2025,01/27/2026,1,,52 Finance and Insurance,2025-11-19 00:00:00,Layoff Permanent,"3131 Camino Del Rio North, Suite #1300  San Diego CA 92108"
California,"McDonald&rsquo;s Restaurants of California, Inc.",Los Angeles County,11/19/2025,01/26/2026,80,,72 Accommodation and Food Services,2025-11-19 00:00:00,Closure Temporary,950 W. Floral Drive  Monterey Park CA 91754
California,Lumileds LLC,Santa Clara County,11/19/2025,01/30/2026,60,,31-33 Manufacturing,2025-11-19 00:00:00,Layoff Permanent,370 W. Trimble Rd.  San Jose CA 95131
California,Building Materials Manufacturing LLC (a/k/a GAF),Kern County,11/20/2025,01/24/2026,69,,42 Wholesale Trade,2025-11-20 00:00:00,Closure Permanent,6505 Zerker Road  Shafter CA 93263
California,"CRST Expedited, Inc.",Los Angeles County,11/20/2025,01/19/2026,12,,48-49 Transportation and Warehousing,2025-11-20 00:00:00,Closure Permanent,19615 S Susana Rd  Compton CA 90221
California,Galleher LLC,Los Angeles County,11/20/2025,01/20/2026,86,,42 Wholesale Trade,2025-11-20 00:00:00,Closure Permanent,9303 Greenleaf Avenue  Santa Fe Springs CA 90670
California,"The French Gourmet, Inc.",San Diego County,11/07/2025,01/01/2026,102,,72 Accommodation and Food Services,2025-11-20 00:00:00,Closure Permanent,960 Turquoise St.  San Diego CA 92109
California,"Zimeno, Inc. dba Monarch Tractor (Lawrence)",Alameda County,11/19/2025,11/19/2025,89,,31-33 Manufacturing,2025-11-21 00:00:00,Layoff Not known at this time,151 Lawrence Drive  Livermore CA 94551
California,"Zimeno, Inc. dba Monarch Tractor",Alameda County,11/19/2025,11/19/2025,8,,31-33 Manufacturing,2025-11-21 00:00:00,Layoff Not known at this time,5565 Tesla Road  Livermore CA 94550
California,Henkel Corporation,Contra Costa County,11/20/2025,01/30/2026,13,,42 Wholesale Trade,2025-11-21 00:00:00,Closure Permanent,5110 Port Chicago Hwy Suite A  Concord CA 94520
California,Verizon,Contra Costa County,11/20/2025,01/23/2026,54,,51 Information,2025-11-21 00:00:00,Layoff Permanent,"2770 Shadelands Dr., Bldg 11  Walnut Creek CA 94598"
California,University of Southern California,Los Angeles County,11/20/2025,12/29/2025,60,,61 Educational Services,2025-11-21 00:00:00,Layoff Permanent,3551 Trousdale Pkwy Suite 160  Los Angeles CA 90089
California,Verizon,Orange County,11/20/2025,01/23/2026,139,,51 Information,2025-11-21 00:00:00,Layoff Permanent,15505 Sand Canyon Ave. Bldg C  Irvine CA 92618
California,"Van Law Food Products, Inc.",Orange County,11/21/2025,01/23/2026,50,,31-33 Manufacturing,2025-11-21 00:00:00,Layoff Permanent,2325 Moore Ave  Fullerton CA 92833
California,"Illumina, Inc.",San Diego County,11/20/2025,01/19/2026,7,,54 Professional Scientific and Technical Services,2025-11-21 00:00:00,Layoff Permanent,5200 Illumina Way  San Diego CA 92122
California,Henkel Corporation,Solano County,11/20/2025,04/30/2026,7,,42 Wholesale Trade,2025-11-21 00:00:00,Closure Permanent,405 Industrial Way  Dixon CA 95620
California,"Shake Shack Enterprises, LLC",San Francisco County,11/25/2025,12/18/2025,26,,72 Accommodation and Food Services,2025-11-25 00:00:00,Closure Permanent,"845 Market Street, Suite 8  San Francisco CA 94103"
California,Panasonic Well LLC,Santa Clara County,11/24/2025,01/31/2026,46,,54 Professional Scientific and Technical Services,2025-11-26 00:00:00,Layoff Permanent,3460 Hillview Avenue  Palo Alto CA 94304
California,Waldorf Astoria Employer LLC dba Waldorf Astoria Beverly Hills,Los Angeles County,12/01/2025,02/02/2026,57,,72 Accommodation and Food Services,2025-12-01 00:00:00,Layoff Temporary,9850 Wilshire Blvd.  Beverly Hills CA 90210
California,"Ovations FanFare, L.P. dba OVG Hospitality",Santa Clara County,12/01/2025,02/01/2026,90,,72 Accommodation and Food Services,2025-12-01 00:00:00,Layoff Permanent,588 E Alma Ave.  San Jose CA 95112
California,Cell Margue Corporation,Placer County,12/01/2025,02/06/2026,68,,31-33 Manufacturing,2025-12-02 00:00:00,Closure Permanent,6600 Sierra College Blvd.  Rocklin CA 95677
California,Shell Recharge Solutions,Los Angeles County,12/02/2025,01/31/2026,2,,81 Other Services Except Public Administration,2025-12-03 00:00:00,Closure Permanent,"767 S Alameda, Suite 200  Los Angeles CA 90021"
California,Roseburg Forest Product Co Weed Veneer,Siskiyou County,12/03/2025,02/01/2026,147,,31-33 Manufacturing,2025-12-03 00:00:00,Closure Permanent,98 Mill St.  Weed CA 96094
California,FreshRealm,Orange County,12/02/2025,01/31/2026,53,,31-33 Manufacturing,2025-12-03 00:00:00,Closure Permanent,1330 Calle Avanzado  San Clemente CA 92673
California,Palo Verde Hospital,Riverside County,11/25/2025,01/24/2026,99,,62 Healthcare and Social Assistance,2025-12-03 00:00:00,Layoff Permanent,250 N First Street  Blythe CA 92225
California,"CRST Expedited, Inc. dba CRST The Transportation Solution",Riverside County,12/03/2025,02/02/2026,4,,48-49 Transportation and Warehousing,2025-12-03 00:00:00,Layoff Permanent,5350 Wilson Street  JURUPA VALLEY CA 92509
California,"CRST Expedited, Inc. dba CRST The Transportation Solution, Inc.",San Joaquin County,12/03/2025,02/02/2026,1,,48-49 Transportation and Warehousing,2025-12-03 00:00:00,Layoff Permanent,2577 W Yosemite Ave.  Manteca CA 95337
California,Swift Beef Company,Riverside County,12/03/2025,02/02/2026,374,,31-33 Manufacturing,2025-12-04 00:00:00,Closure Permanent,15555 Meridian Parkway  Riverside CA 92518
California,"Illumina, Inc.",San Diego County,12/04/2025,02/17/2026,3,,54 Professional Scientific and Technical Services,2025-12-04 00:00:00,Layoff Permanent,5200 Illumina Way  San Diego CA 92122
California,Intel Corporation (Robert Noyce Building),Santa Clara County,12/03/2025,11/30/2025,45,,54 Professional Scientific and Technical Services,2025-12-05 00:00:00,Layoff Permanent,2200 Mission College Boulevard  Santa Clara CA 95054
California,Intel Corporation (SC-1),Santa Clara County,12/03/2025,11/30/2025,1,,54 Professional Scientific and Technical Services,2025-12-05 00:00:00,Layoff Permanent,3065 Bowers Avenue  Santa Clara CA 95054
California,Intel Corporation (SC-2),Santa Clara County,12/03/2025,11/30/2025,2,,54 Professional Scientific and Technical Services,2025-12-05 00:00:00,Layoff Permanent,3065 Bowers Avenue  Santa Clara CA 95054
California,Intel Corporation (SC-9),Santa Clara County,12/03/2025,11/30/2025,1,,54 Professional Scientific and Technical Services,2025-12-05 00:00:00,Layoff Permanent,3601 Juliette Lane  Santa Clara CA 95054-1513
California,Intel Corporation (SC-12),Santa Clara County,12/03/2025,11/30/2025,10,,54 Professional Scientific and Technical Services,2025-12-05 00:00:00,Layoff Permanent,3600 Juliette Lane  Santa Clara CA 95054
California,"Jabil, Inc.",Solano County,12/08/2025,02/06/2026,21,,31-33 Manufacturing,2025-12-08 00:00:00,Closure Permanent,524 Stone Road  Benicia CA 94510
California,Terzo Enterprises Incorporated,Kern County,12/01/2025,01/30/2026,58,,31-33 Manufacturing,2025-12-09 00:00:00,Closure Permanent,19254 Quinn Road  Bakersfield CA 93308
California,"Nationstar Mortgage, LLC dba Mr. Cooper",Orange County,12/08/2025,01/16/2026,14,,52 Finance and Insurance,2025-12-09 00:00:00,Layoff Permanent,25500 Commerce Centre Drive  Lake Forest CA 92630
California,Bluewater Grill,Santa Barbara County,12/08/2025,02/05/2026,47,,72 Accommodation and Food Services,2025-12-09 00:00:00,Closure Permanent,15 E Cabrillo Blvd.  Santa Barbara CA 93101
California,Wells Fargo,Sacramento County,12/09/2025,02/06/2026,114,,52 Finance and Insurance,2025-12-10 00:00:00,Layoff Permanent,2125 Butano Drive  Sacramento CA 95825
California,Blue Diamond Growers,Sacramento County,12/10/2025,09/01/2025,1,,31-33 Manufacturing,2025-12-10 00:00:00,Closure Permanent,1802 C Street  Sacramento CA 95811
California,AARP,Los Angeles County,12/09/2025,01/09/2026,18,,81 Other Services Except Public Administration,2025-12-10 00:00:00,Closure Permanent,3200 E Carson St.  Lakewood CA 90712
California,"G&C Staffing, LLC (Gold Flora)",Riverside County,12/05/2025,02/10/2026,12,,56 Administrative and Support and Waste Management and Remediation,2025-12-11 00:00:00,Closure Permanent,64125 19th Avenue  Desert Hot Springs CA 92240
California,"bioMerieux, Inc.",Santa Clara County,12/09/2025,04/03/2026,121,,42 Wholesale Trade,2025-12-11 00:00:00,Closure Permanent,130 Baytech Drive  San Jose CA 95134
California,"G&C Staffing, LLC (Gold Flora) (1695 S 7th Street)",Santa Clara County,12/05/2025,02/10/2026,36,,56 Administrative and Support and Waste Management and Remediation,2025-12-11 00:00:00,Closure Permanent,1695 S 7th Street  San Jose CA 95112
California,"G&C Staffing, LLC (Gold Flora) (1190 Coleman Avenue)",Santa Clara County,12/05/2025,02/10/2026,6,,56 Administrative and Support and Waste Management and Remediation,2025-12-11 00:00:00,Closure Permanent,1190 Coleman Avenue  San Jose CA 95110
California,Zebra Technologies Corporation,Santa Clara County,12/11/2025,02/09/2026,75,,31-33 Manufacturing,2025-12-11 00:00:00,Closure Permanent,2811 Orchard Pkwy  San Jose CA 95134
California,"Illumina, Inc.",San Diego County,12/11/2025,12/08/2025,7,,54 Professional Scientific and Technical Services,2025-12-12 00:00:00,Layoff Permanent,5200 Illumina Way  San Diego CA 92122
California,"Anheuser-Busch Commercial Strategy, LLC",Solano County,12/11/2025,02/09/2026,238,,31-33 Manufacturing,2025-12-12 00:00:00,Closure Permanent,3101 Busch Drive  Fairfield CA 94534
California,"Primo Brands, Inc.",Riverside County,12/15/2025,02/13/2026,2,,31-33 Manufacturing,2025-12-15 00:00:00,Layoff Permanent,1363 Citrus Avenue  Riverside CA 92507
California,"Primo Brands, Inc.",Orange County,12/15/2025,02/13/2026,1,,31-33 Manufacturing,2025-12-15 00:00:00,Layoff Permanent,1522 North Newhope Street  Santa Ana CA 92703
California,Raytheon,Los Angeles County,12/15/2025,02/13/2026,1,,54 Professional Scientific and Technical Services,2025-12-15 00:00:00,Layoff Permanent,2000 E El Segundo Blvd  El Segundo CA 90245
California,"Primo Brands, Inc.",Los Angeles County,12/15/2025,02/13/2026,1,,31-33 Manufacturing,2025-12-15 00:00:00,Layoff Permanent,221 E Alondra Boulevard  Gardena CA 90248
California,Leprino Foods Company,Kings County,12/15/2025,12/30/2026,100,,31-33 Manufacturing,2025-12-17 00:00:00,Closure Permanent,490 F Street  Lemoore CA 93245
California,Warner Music Inc.,Los Angeles County,12/17/2025,02/16/2026,5,,71 Arts Entertainment and Recreation,2025-12-18 00:00:00,Layoff Permanent,777 South Santa Fe Avenue  Los Angeles CA 90021
California,Collins Pine Company,Plumas County,12/23/2025,02/20/2026,79,,31-33 Manufacturing,2025-12-23 00:00:00,Layoff Temporary,500 Main Street  Chester CA 96020
California,"Illumina, Inc.",San Diego County,12/22/2025,12/22/2025,1,,54 Professional Scientific and Technical Services,2025-12-23 00:00:00,Layoff Permanent,5200 Illumina Way  San Diego CA 92122
California,Fullstack Modular LLC,Los Angeles County,12/24/2025,02/23/2026,200,,31-33 Manufacturing,2025-12-24 00:00:00,Layoff Not known at this time,3025 E. Dominguez St.  Carson CA 90810
California,"Mare Island Dry Dock, LLC",Solano County,12/30/2025,12/29/2025,84,,31-33 Manufacturing,2025-12-30 00:00:00,Closure Permanent,1180 Nimitz Avenue  Vallejo CA 94592
California,"Advanced Uniform Dust Control & Linen, LLC",Monterey County,01/05/2026,03/06/2026,4,,81 Other Services Except Public Administration,2026-01-05 00:00:00,Closure Permanent,"40 Clark Street, Suite E  Salinas CA 93901"
California,"FormFactor, Inc.",Los Angeles County,01/06/2026,01/30/2026,113,,31-33 Manufacturing,2026-01-06 00:00:00,Closure Permanent,5188 Commerce Dr.  Baldwin Park CA 91706
California,"FormFactor, Inc.",San Diego County,01/06/2026,12/18/2026,107,,31-33 Manufacturing,2026-01-06 00:00:00,Closure Permanent,2281 Las Palmas Dr.  Carlsbad CA 92011
California,"Advanced Uniform Dust Control & Linen, LLC",Stanislaus County,01/05/2026,03/06/2026,89,,81 Other Services Except Public Administration,2026-01-06 00:00:00,Closure Permanent,243 Orange Avenue  Patterson CA 95363
California,"Bonduelle Americas dba Ready Pac Foods, Inc.",Los Angeles County,12/29/2025,02/01/2026,62,,31-33 Manufacturing,2026-01-07 00:00:00,Layoff Permanent,4401 Foxdale Avenue  Baldwin Park CA 91706
California,Alameda Health System - Wilma Chan Highland Hospital,Alameda County,01/06/2026,03/09/2026,128,,62 Healthcare and Social Assistance,2026-01-08 00:00:00,Layoff Permanent,1411 E. 31st St.  Oakland CA 94602
California,Alameda Health System - San Leandro Hospital,Alameda County,01/06/2026,03/09/2026,22,,62 Healthcare and Social Assistance,2026-01-08 00:00:00,Layoff Permanent,13855 E. 14th St.  San Leandro CA 94578
California,Alameda Health System - John George Hospital,Alameda County,01/06/2026,03/09/2026,16,,62 Healthcare and Social Assistance,2026-01-08 00:00:00,Layoff Permanent,2060 Fairmont Dr.  San Leandro CA 94578
California,Alameda Health System - Alameda Hospital,Alameda County,01/06/2026,03/09/2026,9,,62 Healthcare and Social Assistance,2026-01-08 00:00:00,Layoff Permanent,2070 Clinton Ave.  Alameda CA 94501
California,Alameda Health System - System Support Center,Alameda County,01/06/2026,03/09/2026,18,,62 Healthcare and Social Assistance,2026-01-08 00:00:00,Layoff Permanent,7677 Oakport St.  Oakland CA 94621
California,Alameda Health System - Fairmont Rehabilitation and Wellness,Alameda County,01/06/2026,03/09/2026,44,,62 Healthcare and Social Assistance,2026-01-08 00:00:00,Layoff Permanent,15400 Foothill Blvd.  San Leandro CA 94578
California,Alameda Health System - Park Bridge,Alameda County,01/06/2026,03/09/2026,3,,62 Healthcare and Social Assistance,2026-01-08 00:00:00,Layoff Permanent,2401 Blanding Ave.  Alameda CA 94501
California,Local Initiative Health Authority for Los Angeles County dba L.A. Care Health Plan,Los Angeles County,01/09/2026,03/13/2026,225,,52 Finance and Insurance,2026-01-12 00:00:00,Layoff Permanent,1200 West 7th Street  Los Angeles CA 90017
California,Macy's,San Diego County,01/09/2026,03/18/2026,77,,44-45 Retail Trade,2026-01-12 00:00:00,Closure Permanent,5500 Grossmont Center Drive  La Mesa CA 91942
California,Cucina Enoteca Del Mar,San Diego County,01/09/2026,03/11/2026,43,,72 Accommodation and Food Services,2026-01-12 00:00:00,Layoff Permanent,2730 Via de la Valle  Del Mar CA 92014
California,Pomona Hospital Medical Center (1798),Los Angeles County,01/07/2026,03/08/2026,108,,62 Healthcare and Social Assistance,2026-01-13 00:00:00,Layoff Permanent,1798 North Gary Avenue  Pomona CA 91767
California,Pomona Hospital Medical Center (1601),Los Angeles County,01/07/2026,03/08/2026,1,,62 Healthcare and Social Assistance,2026-01-13 00:00:00,Layoff Permanent,1601 N. Monte Vista Ave  Claremont CA 91711
California,Pomona Hospital Medical Center (300),Los Angeles County,01/07/2026,03/08/2026,4,,62 Healthcare and Social Assistance,2026-01-13 00:00:00,Layoff Permanent,300 S. Park Avenue  Pomona CA 91767
California,Hupp Draft Services,Butte County,01/11/2026,02/27/2026,75,,81 Other Services Except Public Administration,2026-01-13 00:00:00,Closure Permanent,70 Loren Avenue  Chico CA 95928
California,Informatica LLC,San Mateo County,01/12/2026,02/28/2026,35,,51 Information,2026-01-14 00:00:00,Layoff Permanent,2100 Seaport Blvd.  Redwood City CA 94063
California,"Nestle USA, Inc. Mira Loma Distribution Center",Riverside County,01/12/2026,03/13/2026,88,,31-33 Manufacturing,2026-01-14 00:00:00,Closure Permanent,3450 Dulles Dr.  Mira Loma CA 91752
California,Wabash National LP,Riverside County,01/05/2026,03/06/2026,6,,31-33 Manufacturing,2026-01-14 00:00:00,Layoff Permanent,1190 Harley Knox Blvd.  Perris CA 92571
California,Wabash National LP,Riverside County,01/05/2026,03/06/2026,94,,31-33 Manufacturing,2026-01-14 00:00:00,Layoff Permanent,22135 Alessandro Blvd  Moreno Valley CA 92553
California,"Copan Diagnostics, Inc.",San Diego County,01/05/2026,03/13/2026,79,,42 Wholesale Trade,2026-01-14 00:00:00,Closure Permanent,2728 Loker Avenue West  Carlsbad CA 92010
California,RR Donnelley,Alameda County,01/14/2026,03/31/2026,70,,31-33 Manufacturing,2026-01-15 00:00:00,Closure Permanent,6955 Mowry Avenue  Newark CA 94560
California,Valero Refining Company,Solano County,01/13/2026,03/15/2026,237,,31-33 Manufacturing,2026-01-15 00:00:00,Layoff Permanent,3400 East 2nd Street  Benicia CA 94510
California,Amy's Drive-Thru,Sonoma County,01/14/2026,03/08/2026,55,,72 Accommodation and Food Services,2026-01-15 00:00:00,Closure Permanent,58 Golf Course Drive West  Rohnert Park CA 94928
California,DHL Supply Chain,Alameda County,01/15/2026,03/20/2026,74,,48-49 Transportation and Warehousing,2026-01-16 00:00:00,Layoff Permanent,1201 Voyager Street  Livermore CA 94551
California,Sealed Air Corporation,Los Angeles County,01/08/2026,04/30/2026,51,,31-33 Manufacturing,2026-01-16 00:00:00,Closure Permanent,19440 Arenth Ave  City of Industry CA 91748
California,"Lakeshore Learning Materials, LLC",Los Angeles County,01/16/2026,03/16/2026,163,,62 Healthcare and Social Assistance,2026-01-16 00:00:00,Layoff Permanent,2695 E. Dominguez St.  Carson CA 90895
California,"Nationstar Mortgage, LLC d/b/a Mr. Cooper",Orange County,01/15/2026,01/16/2026,8,,52 Finance and Insurance,2026-01-16 00:00:00,Layoff Permanent,25500 Commerce Centre Drive  Lake Forest CA 92630
California,Albertsons Companies LLC,Riverside County,01/16/2026,03/19/2026,75,,44-45 Retail Trade,2026-01-16 00:00:00,Closure Permanent,1260 E. Ontario Ave  Corona CA 92881
California,GCOM Software LLC dba Voyatek,Sacramento County,01/16/2026,03/20/2026,8,,54 Professional Scientific and Technical Services,2026-01-16 00:00:00,Layoff Permanent,3100 Zinfandel Suite 250  Rancho Cordova CA 95670
California,James Hardie Fontana Manufacturing,San Bernardino County,01/15/2026,03/16/2026,94,,31-33 Manufacturing,2026-01-16 00:00:00,Closure Permanent,10901 Elm Ave.  Fontana CA 92337
California,The Vons Companies Inc.,San Bernardino County,01/16/2026,03/19/2026,70,,44-45 Retail Trade,2026-01-16 00:00:00,Closure Permanent,552 N. Orange St.  Redlands CA 92374
California,Best Buy,San Diego County,01/16/2026,03/17/2026,46,,44-45 Retail Trade,2026-01-16 00:00:00,Closure Permanent,11160 Rancho Carmel Dr.  San Diego CA 92128
California,Best Buy,Santa Clara County,01/16/2026,03/17/2026,60,,44-45 Retail Trade,2026-01-16 00:00:00,Closure Permanent,3090 Stevens Creek Blvd.  San Jose CA 95128
California,UKG Inc.,Orange County,01/15/2026,03/16/2026,209,,51 Information,2026-01-16 00:00:00,Closure Permanent,"5 Hutton Centre, Suite 1100  Santa Ana CA 92702"
California,"Resonetics, LLC",San Mateo County,01/20/2026,04/21/2026,61,,31-33 Manufacturing,2026-01-20 00:00:00,Closure Permanent,405 Campbell Ave.  Menlo Park CA 94025
California,"Meta Platforms, Inc.",Los Angeles County,01/16/2026,03/20/2026,53,,51 Information,2026-01-21 00:00:00,Layoff Permanent,12105 E Waterfront Drive  Playa Vista CA 90094
California,"Pioneer Custom Electrical Products, LLC",Los Angeles County,01/21/2026,03/31/2026,47,,31-33 Manufacturing,2026-01-21 00:00:00,Closure Permanent,10640 Springdale Avenue  Santa Fe Springs CA 90670
California,"Meta Platforms, Inc.",San Mateo County,01/16/2026,03/20/2026,219,,51 Information,2026-01-21 00:00:00,Layoff Permanent,311 Airport Boulevard  Burlingame CA 94010
California,McGee Air Services,Alameda County,01/05/2026,03/06/2026,32,,48-49 Transportation and Warehousing,2026-01-21 00:00:00,Closure Permanent,1 Airport Dr  Oakland CA 94621
California,"Primo Brands, Inc.",San Diego County,01/16/2026,03/17/2026,19,,31-33 Manufacturing,2026-01-21 00:00:00,Layoff Permanent,11811 Highway 67  Lakeside CA 92040
California,Western Digital Technologies,Santa Clara County,01/20/2026,01/20/2026,87,,31-33 Manufacturing,2026-01-21 00:00:00,Layoff Permanent,5601 Great Oaks Parkway  San Jose CA 95119
California,"Gilead Sciences, Inc.",San Diego County,01/21/2026,03/27/2026,34,,54 Professional Scientific and Technical Services,2026-01-22 00:00:00,Layoff Permanent,4010 Ocean Ranch Blvd  Oceanside CA 92056
California,Corteva Agriscience,Contra Costa County,01/22/2026,02/27/2026,1,,54 Professional Scientific and Technical Services,2026-01-23 00:00:00,Layoff Permanent,901 Loveridge Road  Pittsburg CA 94565
California,"Illumina, Inc Worldwide Headquarters",San Diego County,01/14/2026,03/09/2026,1,,31-33 Manufacturing,2026-01-23 00:00:00,Layoff Permanent,5200 Illumina Way  San Diego CA 92122
California,"Illumina, Inc. Worldwide Headquarters",San Diego County,01/14/2026,03/16/2026,4,,31-33 Manufacturing,2026-01-23 00:00:00,Layoff Permanent,5200 Illumina Way  San Diego CA 92122
California,Autodesk,San Francisco County,01/23/2026,04/01/2026,104,,54 Professional Scientific and Technical Services,2026-01-23 00:00:00,Layoff Permanent,1 Market Street  San Francisco CA 94105
California,Phillips 66 - Wilmington,Los Angeles County,01/26/2026,12/01/2026,111,,31-33 Manufacturing,2026-01-26 00:00:00,Closure Permanent,1660 W. Anaheim Street  Wilmington CA 90744
California,Phillips 66,Los Angeles County,01/26/2026,12/01/2026,44,,31-33 Manufacturing,2026-01-26 00:00:00,Closure Permanent,1520 E. Sepulveda Blvd.  Carson CA 90745
California,"Schultz Industrial Services, Inc.",Los Angeles County,01/27/2026,03/31/2026,66,,23 Construction,2026-01-27 00:00:00,Closure Permanent,1660 W. Anaheim Street  Los Angeles CA 90744
California,JBT Marel Corporation,Madera County,01/27/2026,09/18/2026,59,,31-33 Manufacturing,2026-01-27 00:00:00,Closure Permanent,2300 W Industrial Ave.  Madera CA 93637
California,Google (BRGAS1265),Santa Clara County,01/26/2026,04/12/2026,1,,54 Professional Scientific and Technical Services,2026-01-27 00:00:00,Layoff Permanent,1265 Borregas Avenue  Sunnyvale CA 94089
California,Google (HMBLT3),Santa Clara County,01/26/2026,03/29/2026,1,,54 Professional Scientific and Technical Services,2026-01-27 00:00:00,Layoff Permanent,227 Humboldt Court  Sunnyvale CA 94089
California,Google (MP1),Santa Clara County,01/26/2026,03/29/2026,2,,54 Professional Scientific and Technical Services,2026-01-27 00:00:00,Layoff Permanent,1155 Borregas Avenue  Sunnyvale CA 94089
California,Google (MP2),Santa Clara County,01/26/2026,03/22/2026,3,,54 Professional Scientific and Technical Services,2026-01-27 00:00:00,Layoff Permanent,1175 Borregas Avenue  Sunnyvale CA 94089
California,Google (MP3),Santa Clara County,01/26/2026,03/29/2026,27,,54 Professional Scientific and Technical Services,2026-01-27 00:00:00,Layoff Permanent,1170 Bordeaux Drive  Sunnyvale CA 94089
California,Google (MP4),Santa Clara County,01/26/2026,03/15/2026,24,,54 Professional Scientific and Technical Services,2026-01-27 00:00:00,Layoff Permanent,1190 Bordeaux Drive  Sunnyvale CA 94089
California,Google (MPD237),Santa Clara County,01/26/2026,03/15/2026,19,,54 Professional Scientific and Technical Services,2026-01-27 00:00:00,Layoff Permanent,237 Moffett Park Drive  Sunnyvale CA 94089
California,"Catholic Charities, Diocese of San Diego - Mission Valley ASIP",San Diego County,01/27/2026,03/31/2026,45,,62 Healthcare and Social Assistance,2026-01-27 00:00:00,Layoff Permanent,"3131 Camino Del Rio N, Ste. 300  San Diego CA 92108"
California,"Catholic Charities, Diocese of San Diego - MG Suite A",San Diego County,01/27/2026,03/31/2026,7,,62 Healthcare and Social Assistance,2026-01-27 00:00:00,Layoff Permanent,4575 Mission Gorge Place  San Diego CA 92120
California,"Catholic Charities, Diocese of San Diego - MG Suite B",San Diego County,01/27/2026,03/31/2026,11,,62 Healthcare and Social Assistance,2026-01-27 00:00:00,Layoff Permanent,4575 Mission Gorge Place  San Diego CA 92120
California,"Catholic Charities, Diocese of San Diego - San Diego Migrant Shelter",San Diego County,01/27/2026,03/31/2026,7,,62 Healthcare and Social Assistance,2026-01-27 00:00:00,Layoff Permanent,4902 Pacific Highway  San Diego CA 92110
California,"Catholic Charities, Diocese of San Diego - Pastoral Center",San Diego County,01/27/2026,03/31/2026,6,,62 Healthcare and Social Assistance,2026-01-27 00:00:00,Layoff Permanent,3888 Paducah Dr.  San Diego CA 92117
California,Thermo Fisher Scientific,San Diego County,01/27/2026,03/18/2026,173,,54 Professional Scientific and Technical Services,2026-01-27 00:00:00,Layoff Temporary,5781 Van Allen Way  Carlsbad CA 92008
California,BEN Group. Inc (BENlabs),Los Angeles County,01/26/2026,03/06/2026,75,,51 Information,2026-01-28 00:00:00,Closure Permanent,"14724 Ventura Blvd, Suite 1200  Los Angeles CA 91403"
California,Amazon - MAB1,Los Angeles County,01/28/2026,04/28/2026,215,,44-45 Retail Trade,2026-01-28 00:00:00,Closure Permanent,6245 Topanga Canyon Blvd.  Woodland Hills CA 91367
California,Amazon - MAB4,Los Angeles County,01/28/2026,04/28/2026,131,,44-45 Retail Trade,2026-01-28 00:00:00,Closure Permanent,5101 Lankershim Blvd.  North Hollywood CA 91601
California,Amazon - MAB5,Los Angeles County,01/28/2026,04/28/2026,184,,44-45 Retail Trade,2026-01-28 00:00:00,Closure Permanent,19340 Rinaldi St.  Porter Ranch CA 91326
California,Amazon - MAC9,Los Angeles County,01/28/2026,04/28/2026,168,,44-45 Retail Trade,2026-01-28 00:00:00,Closure Permanent,6235 E Spring St.  Long Beach CA 90808
California,Amazon - MAF3,Los Angeles County,01/28/2026,04/28/2026,201,,44-45 Retail Trade,2026-01-28 00:00:00,Closure Permanent,16325 Ventura Blvd.  Encino CA 91436
California,Amazon - MAF8,Los Angeles County,01/28/2026,04/28/2026,196,,44-45 Retail Trade,2026-01-28 00:00:00,Closure Permanent,21035 Hawthrone Blvd.  Torrance CA 90503
California,Amazon - MAF9,Los Angeles County,01/28/2026,04/28/2026,155,,44-45 Retail Trade,2026-01-28 00:00:00,Closure Permanent,11340 South St.  Cerritos CA 90703
California,Amazon - MAG1,Los Angeles County,01/28/2026,04/28/2026,185,,44-45 Retail Trade,2026-01-28 00:00:00,Closure Permanent,6855 S La Cienega Blvd  Los Angeles CA 90045
California,Amazon - MAK9,Los Angeles County,01/28/2026,04/28/2026,134,,44-45 Retail Trade,2026-01-28 00:00:00,Closure Permanent,3425 E. Colorado Blvd.  Pasadena CA 91107
California,Amazon - MAB8,Orange County,01/28/2026,04/28/2026,191,,44-45 Retail Trade,2026-01-28 00:00:00,Closure Permanent,6911 Warner Avenue  Huntington Beach CA 92647
California,Amazon - MAB9,Orange County,01/28/2026,04/28/2026,191,,44-45 Retail Trade,2026-01-28 00:00:00,Closure Permanent,13672 Jamboree Rd.  Irvine CA 92602
California,Amazon - MAC2,Orange County,01/28/2026,04/28/2026,175,,44-45 Retail Trade,2026-01-28 00:00:00,Closure Permanent,1100 S. Harbor Blvd.  Fullerton CA 92832
California,Amazon - MBA6,Orange County,01/28/2026,04/28/2026,181,,44-45 Retail Trade,2026-01-28 00:00:00,Closure Permanent,18100 Brookhurst St.  Fountain Valley CA 92708
California,Amazon - MAQ9,Placer County,01/28/2026,04/28/2026,174,,44-45 Retail Trade,2026-01-28 00:00:00,Closure Permanent,6780 Stanford Ranch Rd.  Roseville CA 95678
California,Amazon - MAH8,Riverside County,01/28/2026,04/28/2026,172,,44-45 Retail Trade,2026-01-28 00:00:00,Closure Permanent,40481 Murrieta Hot Springs Rd.  Murrieta CA 92563
California,Amazon - MAI8,Riverside County,01/28/2026,04/28/2026,182,,44-45 Retail Trade,2026-01-28 00:00:00,Closure Permanent,14837 Pomerado Rd.  Poway CA 92064
California,Amazon - MAJ8,Riverside County,01/28/2026,04/28/2026,160,,44-45 Retail Trade,2026-01-28 00:00:00,Closure Permanent,3941 Bedford Canyon Rd.  Corona CA 92883
California,Amazon - MAM9,Sacramento County,01/28/2026,04/28/2026,179,,44-45 Retail Trade,2026-01-28 00:00:00,Closure Permanent,7530 Elk Grove Blvd.  Elk Grove CA 95757
California,Amazon - MAQ8,Sacramento County,01/28/2026,04/28/2026,163,,44-45 Retail Trade,2026-01-28 00:00:00,Closure Permanent,5425 Sunrise Blvd.  Citrus Heights CA 95610
California,Amazon - MAF5,San Bernardino County,01/28/2026,04/28/2026,190,,44-45 Retail Trade,2026-01-28 00:00:00,Closure Permanent,235 E. Foothill Blvd.  Upland CA 91786
California,Amazon - MAO6,San Bernardino County,01/28/2026,04/28/2026,189,,44-45 Retail Trade,2026-01-28 00:00:00,Closure Permanent,16188 South Highland Ave.  Fontana CA 92336
California,Amazon - MAM7,Ventura County,01/28/2026,04/28/2026,139,,44-45 Retail Trade,2026-01-28 00:00:00,Closure Permanent,742 Los Angeles Ave  Moorpark CA 93021
California,Pinterest Inc. (San Francisco),San Francisco County,01/27/2026,03/31/2026,98,,51 Information,2026-01-28 00:00:00,Layoff Permanent,651 Brannan St  San Francisco CA 94107
California,Pinterest Inc. (CA Remote),San Francisco County,01/27/2026,03/31/2026,4,,51 Information,2026-01-28 00:00:00,Layoff Permanent,Remote  Remote CA 94107
California,Pinterest Inc. (Palo Alto),Santa Clara County,01/27/2026,03/31/2026,16,,51 Information,2026-01-28 00:00:00,Layoff Permanent,"395 Page Mill Rd., Suite 200  Palo Alto CA 94306"
California,Shell Recharge Solutions,Los Angeles County,01/29/2026,03/31/2026,29,,54 Professional Scientific and Technical Services,2026-01-29 00:00:00,Layoff Permanent,"767 S Alameda, Suite 200  Los Angeles CA 90021"
California,"Innovation Bakers, LLC",Orange County,01/26/2026,03/31/2026,117,,31-33 Manufacturing,2026-01-29 00:00:00,Layoff Permanent,1910 W Malvern Ave.  Fullerton CA 92833
California,First Foundation Inc.,Orange County,01/28/2026,03/31/2026,98,,52 Finance and Insurance,2026-01-29 00:00:00,Layoff Permanent,"18101 Von Karman Avenue, Suite 150  Irvine CA 92612"
California,"Mercury Systems, Inc.",Alameda County,01/30/2026,03/31/2026,18,,54 Professional Scientific and Technical Services,2026-01-30 00:00:00,Closure Permanent,48025 Fremont Blvd  Fremont CA 94538
California,Amazon (LAX10),Los Angeles County,01/29/2026,04/28/2026,2,,44-45 Retail Trade,2026-01-30 00:00:00,Layoff Permanent,1620 26Th St Ste 4000N  Santa Monica CA 90404
California,Amazon (LAX16),Los Angeles County,01/29/2026,04/28/2026,46,,44-45 Retail Trade,2026-01-30 00:00:00,Layoff Permanent,2425 Olympic Blvd Ste 2000E  Santa Monica CA 90404
California,Amazon (LAX78),Los Angeles County,01/29/2026,04/28/2026,45,,44-45 Retail Trade,2026-01-30 00:00:00,Layoff Permanent,2450 Colorado Avenue  Santa Monica CA 90404
California,"Chan Zuckerberg Biohub, Inc.",San Francisco County,01/29/2026,03/30/2026,1,,81 Other Services Except Public Administration,2026-01-30 00:00:00,Layoff Permanent,499 Illinois St.  San Francisco CA 94158
California,"Chan Zuckerberg Initiative, LLC",San Mateo County,01/29/2026,03/30/2026,38,,81 Other Services Except Public Administration,2026-01-30 00:00:00,Layoff Permanent,1180 Main St.  Redwood CA 94063
California,"Chan Zuckerberg Initiative, LLC - Remote",San Mateo County,01/29/2026,03/30/2026,32,,81 Other Services Except Public Administration,2026-01-30 00:00:00,Layoff Permanent,1180 Main St.  Redwood City CA 94063
California,Amazon (SJC25),Santa Clara County,01/29/2026,04/28/2026,43,,44-45 Retail Trade,2026-01-30 00:00:00,Layoff Permanent,2795 Augustine Dr  Santa Clara CA 95054
California,Amazon (SJC38),Santa Clara County,01/29/2026,04/28/2026,141,,44-45 Retail Trade,2026-01-30 00:00:00,Layoff Permanent,3075 Olcott St  Santa Clara CA 95054
California,Amazon (SJC44),Santa Clara County,01/29/2026,04/28/2026,49,,44-45 Retail Trade,2026-01-30 00:00:00,Layoff Permanent,4980 Great America Pkwy  Santa Clara CA 95054
California,Amazon,Santa Clara County,01/29/2026,04/28/2026,72,,44-45 Retail Trade,2026-01-30 00:00:00,Layoff Permanent,401 San Antonio Rd  Mountain View CA 94040
California,Amazon,Santa Clara County,01/29/2026,04/28/2026,32,,44-45 Retail Trade,2026-01-30 00:00:00,Layoff Permanent,1120 Enterprise Way  Sunnyvale CA 94089
California,Amazon,Santa Clara County,01/29/2026,04/28/2026,3,,44-45 Retail Trade,2026-01-30 00:00:00,Layoff Permanent,1100 Enterprise Way  Sunnyvale CA 94089
California,Amazon,Santa Clara County,01/29/2026,04/28/2026,11,,44-45 Retail Trade,2026-01-30 00:00:00,Layoff Permanent,1160 Enterprise Way  Sunnyvale CA 94089
California,Amazon,Santa Clara County,01/29/2026,04/28/2026,58,,44-45 Retail Trade,2026-01-30 00:00:00,Layoff Permanent,905 Eleventh Ave.  Sunnyvale CA 94089
California,Amazon,Santa Clara County,01/29/2026,04/28/2026,87,,44-45 Retail Trade,2026-01-30 00:00:00,Layoff Permanent,1100 Discovery Way  Sunnyvale CA 94089
California,Amazon,Santa Clara County,01/29/2026,04/28/2026,81,,44-45 Retail Trade,2026-01-30 00:00:00,Layoff Permanent,1140 Enterprise Way  Sunnyvale CA 94089
California,Amazon,Santa Clara County,01/29/2026,04/28/2026,89,,44-45 Retail Trade,2026-01-30 00:00:00,Layoff Permanent,2100 University Ave  East Palo Alto CA 94303
California,Amazon - SNA12,Orange County,01/29/2026,04/28/2026,5,,44-45 Retail Trade,2026-01-30 00:00:00,Layoff Permanent,20 Pacifica Ste 900  Irvine CA 92618
California,Amazon - SNA 16,Orange County,01/29/2026,04/28/2026,24,,44-45 Retail Trade,2026-01-30 00:00:00,Layoff Permanent,17300 Laguna Canyon Rd.  Irvine CA 92618
California,Amazon - SNA 17,Orange County,01/29/2026,04/28/2026,1,,44-45 Retail Trade,2026-01-30 00:00:00,Layoff Permanent,140 Progress 200  Irvine CA 92618
California,Amazon - SNA 20,Orange County,01/29/2026,04/28/2026,25,,44-45 Retail Trade,2026-01-30 00:00:00,Layoff Permanent,200 Spectrum Center Dr.  Irvine CA 92618
California,Amazon - SNA 3,Orange County,01/29/2026,04/28/2026,34,,44-45 Retail Trade,2026-01-30 00:00:00,Layoff Permanent,40 Pacifica Ste. 100  Irvine CA 92618
California,Amazon - SAN 13,San Diego County,01/29/2026,04/28/2026,38,,44-45 Retail Trade,2026-01-30 00:00:00,Layoff Permanent,10300 Campus Point Dr. Ste. 200  San Diego CA 92121
California,Amazon - SAN 15,San Diego County,01/29/2026,04/28/2026,1,,44-45 Retail Trade,2026-01-30 00:00:00,Layoff Permanent,17075 Camino San Bernardo  San Diego CA 92127
California,Amazon - SAN 17,San Diego County,01/29/2026,04/28/2026,19,,44-45 Retail Trade,2026-01-30 00:00:00,Layoff Permanent,4575 La Jolla Village  San Diego CA 92122
California,Amazon - SAN 18,San Diego County,01/29/2026,04/28/2026,13,,44-45 Retail Trade,2026-01-30 00:00:00,Layoff Permanent,Wework Aventine  San Diego CA 92122
California,Amazon - SAN 21,San Diego County,01/29/2026,04/28/2026,2,,44-45 Retail Trade,2026-01-30 00:00:00,Layoff Permanent,4577 La Jolla Village  San Diego CA 92122
California,Amazon - SAN 3,San Diego County,01/29/2026,04/28/2026,1,,44-45 Retail Trade,2026-01-30 00:00:00,Layoff Permanent,6971 Otay Mesa Road  San Diego CA 92154
California,Amazon - SFO 13,San Francisco County,01/29/2026,04/28/2026,19,,44-45 Retail Trade,2026-01-30 00:00:00,Layoff Permanent,188 Spear St. 2nd Floor  San Francisco CA 94105
California,Amazon - SFO 28,San Francisco County,01/29/2026,04/28/2026,84,,44-45 Retail Trade,2026-01-30 00:00:00,Layoff Permanent,525 Market St.  San Francisco CA 94105
California,"MINACT, Inc.",San Francisco County,01/30/2026,03/31/2026,118,,62 Healthcare and Social Assistance,2026-01-30 00:00:00,Layoff Temporary,351 Avenue H  San Francisco CA 94130
California,Regal Rexnord,Fresno County,02/02/2026,04/10/2026,3,,42 Wholesale Trade,2026-02-02 00:00:00,Closure Permanent,"4603 N Brawley, Suite 102  Fresno CA 93722"
California,V2X - NASA Armstrong Flight Research Center MS 1714,Kern County,01/30/2026,03/01/2026,62,,54 Professional Scientific and Technical Services,2026-02-02 00:00:00,Closure Permanent,"Bldg, 4876 Warehouse #6, Lilly Drive  Edwards CA 93524"
California,Phillips 66,Los Angeles County,02/02/2026,04/03/2026,82,,31-33 Manufacturing,2026-02-02 00:00:00,Closure Permanent,1660 W. Anaheim Street  Wilmington CA 90744
California,Phillips 66,Los Angeles County,02/02/2026,04/03/2026,40,,31-33 Manufacturing,2026-02-02 00:00:00,Closure Permanent,1520 E. Sepulveda Blvd.  Carson CA 90745
California,Legacy Supply Chain,Los Angeles County,01/31/2026,04/01/2026,8,,42 Wholesale Trade,2026-02-02 00:00:00,Layoff Permanent,7835 Canoga Avenue  Canoga Park CA 91304
California,Legacy Supply Chain,Orange County,01/31/2026,04/01/2026,92,,42 Wholesale Trade,2026-02-02 00:00:00,Layoff Permanent,200 North Berry St  Brea CA 92821
California,Legacy Supply Chain,Riverside County,01/31/2026,04/01/2026,4,,42 Wholesale Trade,2026-02-02 00:00:00,Layoff Permanent,8331 Avenue 45 Ste 102  Indio CA 92201
California,Legacy Supply Chain,San Bernardino County,01/31/2026,04/01/2026,11,,42 Wholesale Trade,2026-02-02 00:00:00,Layoff Permanent,14835 San Bernardino Ave  Fontana CA 92335
California,Legacy Supply Chain,San Diego County,01/31/2026,04/01/2026,14,,42 Wholesale Trade,2026-02-02 00:00:00,Layoff Permanent,10031 Old Grove Rd  San Diego CA 92120
California,"American Eagle Outfitters, Inc.",Orange County,02/02/2026,04/03/2026,108,,44-45 Retail Trade,2026-02-02 00:00:00,Closure Permanent,6565 Valley View Street  La Palma CA 90623
California,Medical Device Components LLC dba Lighteum Medical,San Diego County,01/30/2026,04/03/2026,83,,42 Wholesale Trade,2026-02-02 00:00:00,Layoff Permanent,12205 World Trade Drive  San Diego CA 92128
California,"Intrepid Studios, Inc.",San Diego County,01/31/2026,02/02/2026,123,,51 Information,2026-02-02 00:00:00,Closure Permanent,"3721 Valley Centre Dr., Ste. 200  San Diego CA 92130"
California,City National Bank,Los Angeles County,01/30/2026,04/03/2026,9,,52 Finance and Insurance,2026-02-03 00:00:00,Layoff Not known at this time,350 S. Grand Ave.  Los Angeles CA 90071
California,"Constellation Brands, Inc.",Madera County,02/03/2026,04/03/2026,212,,42 Wholesale Trade,2026-02-03 00:00:00,Layoff Permanent,12667 Road 24  Madera CA 93637
California,"Meta Platforms, Inc. - 305 Constitution",San Mateo County,02/02/2026,03/20/2026,39,,51 Information,2026-02-03 00:00:00,Layoff Permanent,305 Constitution Dr.  Menlo Park CA 94025
California,"Meta Platforms, Inc. - 1 Hacker",San Mateo County,02/02/2026,03/20/2026,6,,51 Information,2026-02-03 00:00:00,Layoff Permanent,1 Hacker Way  Menlo Park CA 94025
California,"Meta Platforms, Inc. - 180 Jefferson",San Mateo County,02/02/2026,03/20/2026,2,,51 Information,2026-02-03 00:00:00,Layoff Permanent,180 Jefferson Drive  Menlo Park CA 94025
California,"Meta Platforms, Inc. - 190 Jefferson",San Mateo County,02/02/2026,03/20/2026,1,,51 Information,2026-02-03 00:00:00,Layoff Permanent,190 Jefferson Drive  Menlo Park CA 94025
California,"Meta Platforms, Inc. - 220 Jefferson",San Mateo County,02/02/2026,03/20/2026,2,,51 Information,2026-02-03 00:00:00,Layoff Permanent,220 Jefferson Drive  Menlo Park CA 94025
California,"Meta Platforms, Inc.",Santa Clara County,02/02/2026,03/20/2026,52,,51 Information,2026-02-03 00:00:00,Layoff Permanent,1180 Discovery Way  Sunnyvale CA 94089
California,"Western Digital Technologies, Inc.",Santa Clara County,01/27/2026,01/27/2026,47,,31-33 Manufacturing,2026-02-03 00:00:00,Layoff Permanent,5601 Great Oaks Parkway  San Jose CA 95119
California,"First Brands Group, LLC",Stanislaus County,02/03/2026,04/04/2026,98,,44-45 Retail Trade,2026-02-03 00:00:00,Closure Permanent,2701 Keystone Pkwy  Patterson CA 95363
California,"genentech, Inc.",San Mateo County,06/26/2025,08/18/2025,141,,42 Wholesale Trade,2026-02-04 00:00:00,Layoff Permanent,1 DNA Way  South San Francisco CA 94080
California,San Bruno CityNet Services,San Mateo County,09/15/2025,11/15/2025,13,,92 Public Administration,2026-02-04 00:00:00,Closure Permanent,398 El Camino Real  San Bruno CA 94066
California,"Small Precision Tools California, Inc.",Sonoma County,02/03/2026,04/17/2026,30,,31-33 Manufacturing,2026-02-04 00:00:00,Layoff Permanent,1330 Clegg Street  Petaluma CA 94954
California,HRL Laboratories,Los Angeles County,02/03/2026,04/03/2026,258,,54 Professional Scientific and Technical Services,2026-02-04 00:00:00,Layoff Permanent,3011 Malibu Canyon Drive  Malibu CA 90265
California,HRL Laboratories,Los Angeles County,02/03/2026,04/03/2026,50,,54 Professional Scientific and Technical Services,2026-02-04 00:00:00,Layoff Permanent,26800 Agoura Road  Calabasas CA 91301
California,HRL Laboratories,Los Angeles County,02/03/2026,04/03/2026,21,,54 Professional Scientific and Technical Services,2026-02-04 00:00:00,Layoff Permanent,1545 26th Street  Santa Monica CA 90404
California,HRL Laboratories (Remote),Los Angeles County,02/03/2026,04/03/2026,8,,54 Professional Scientific and Technical Services,2026-02-04 00:00:00,Layoff Permanent,Remote  Malibu CA 90265
California,HRL Laboratories,Ventura County,02/03/2026,04/03/2026,4,,54 Professional Scientific and Technical Services,2026-02-04 00:00:00,Layoff Permanent,741 Calle Plano  Camarillo CA 93012
California,HRL Laboratories,Ventura County,02/03/2026,04/03/2026,35,,54 Professional Scientific and Technical Services,2026-02-04 00:00:00,Layoff Permanent,3500 Willow Lane  Thousand Oaks CA 91361
California,Workday Inc.,Alameda County,02/04/2026,04/06/2026,154,,51 Information,2026-02-05 00:00:00,Layoff Permanent,6110 Stoneridge Mall Road  Pleasanton CA 94588
California,"Medtronic, Inc.",Los Angeles County,02/05/2026,04/07/2026,81,,31-33 Manufacturing,2026-02-05 00:00:00,Layoff Permanent,18000 Devonshire Street  Northridge CA 91325
California,"Natron Energy, Inc.",Santa Clara County,08/28/2025,09/03/2025,58,,54 Professional Scientific and Technical Services,2026-02-05 00:00:00,Closure Permanent,3542 Bassett St  Santa Clara CA 95054
California,"Liberty Dental Plan of California, Inc.",Orange County,02/05/2026,04/06/2026,22,,52 Finance and Insurance,2026-02-05 00:00:00,Layoff Permanent,"1730 Flight Way, Suite 125  Tustin CA 92782"
California,RSVC Company (3051 Myers Street),Riverside County,02/04/2026,04/06/2026,13,,23 Construction,2026-02-05 00:00:00,Closure Permanent,3051 Myers Street  Riverside CA 92503
California,RSVC Company (1825 Chicago Avenue),Riverside County,02/04/2026,04/06/2026,114,,23 Construction,2026-02-05 00:00:00,Closure Permanent,1825 Chicago Avenue  Riverside CA 92507
California,Del Monte Foods Corporation II Inc - Modesto,Stanislaus County,01/30/2026,04/07/2026,765,,42 Wholesale Trade,2026-02-05 00:00:00,Closure Permanent,4000 Yosemite Boulevard  Modesto CA 95357
California,Del Monte Foods Corporation II Inc. - Hughson,Stanislaus County,01/30/2026,04/07/2026,11,,42 Wholesale Trade,2026-02-05 00:00:00,Closure Permanent,2018 Santa Fe Avenue  Hughson CA 95326
California,"Super A Foods, Inc.",Los Angeles County,01/23/2026,03/24/2026,20,,44-45 Retail Trade,2026-02-06 00:00:00,Closure Permanent,6380 E. Florence Ave.  Bell Gardens CA 90201
California,Searles Valley Minerals,San Bernardino County,02/06/2026,04/07/2026,270,,31-33 Manufacturing,2026-02-06 00:00:00,Layoff Permanent,13200 Main Street  Trona CA 93562
California,Fender Musical Instruments Corporation,Riverside County,02/06/2026,04/07/2026,60,,31-33 Manufacturing,2026-02-09 00:00:00,Layoff Permanent,311 Cessna Cir.  Corona CA 92878
California,Riot Games,Los Angeles County,02/09/2026,04/10/2026,56,,51 Information,2026-02-10 00:00:00,Layoff Permanent,12333 W Olympic Blvd.  Los Angeles CA 90064
California,Johns Manville,Glenn County,02/06/2026,04/19/2026,90,,31-33 Manufacturing,2026-02-10 00:00:00,Closure Temporary,5916 County Road 49  Willows CA 95988
California,Clari Inc.,Santa Clara County,02/10/2026,04/11/2026,76,,54 Professional Scientific and Technical Services,2026-02-10 00:00:00,Layoff Permanent,1154 Sonora Court  Sunnyvale CA 94086
California,Yanfeng International Automotive Technology US I LLC,Alameda County,02/11/2026,04/13/2026,43,,31-33 Manufacturing,2026-02-11 00:00:00,Layoff Permanent,31500 Hayman Street  Hayward CA 94544
California,"Molina Healthcare, Inc.",Los Angeles County,02/11/2026,04/05/2026,156,,55 Management of Companies and Enterprises,2026-02-11 00:00:00,Layoff Permanent,"200 Oceangate, Suite 100  Long Beach CA 90802"
California,"Frito-Lay, Inc.",San Bernardino County,02/10/2026,06/06/2026,248,,31-33 Manufacturing,2026-02-12 00:00:00,Closure Permanent,9535 Archibald Avenue  Rancho Cucamonga CA 91730
California,E.J. Gallo Winery - The Ranch Winery,Napa County,02/12/2026,04/15/2026,56,,31-33 Manufacturing,2026-02-12 00:00:00,Closure Permanent,105 Zinfandel Lane  Saint Helena CA 94574
California,"Main Street Sports Group, LLC",Los Angeles County,02/13/2026,04/14/2026,97,,72 Accommodation and Food Services,2026-02-13 00:00:00,Closure Permanent,12910 Culver Blvd.  Los Angeles CA 90066
California,Outdoor Research,Los Angeles County,02/13/2026,04/14/2026,50,,31-33 Manufacturing,2026-02-13 00:00:00,Closure Permanent,10668 Hickson St  El Monte CA 91731
California,LPL Financial LLC,San Diego County,02/13/2026,04/17/2026,72,,52 Finance and Insurance,2026-02-13 00:00:00,Layoff Permanent,4707 Executive Drive  San Diego CA 92121
California,"Harbinger Production, Inc.",Solano County,02/12/2026,04/13/2026,290,,31-33 Manufacturing,2026-02-13 00:00:00,Layoff Permanent,1245 Nimitz Ave Bldg. 680  Vallejo CA 94592
California,E.J. Gallo Winery - Louis M. Martini Winery,Napa County,02/12/2026,04/15/2026,15,,31-33 Manufacturing,2026-02-13 00:00:00,Layoff Permanent,254 St. Helena Hwy  St. Helena CA 94574
California,E. J. Gallo Wineries - Orin Swift Tasting Room,Napa County,02/12/2026,04/15/2026,2,,31-33 Manufacturing,2026-02-13 00:00:00,Layoff Permanent,1321 Main Street  St. Helena CA 94574
California,E. J. Gallo Wineries - J Vineyards & Winery,Sonoma County,02/12/2026,04/15/2026,11,,31-33 Manufacturing,2026-02-13 00:00:00,Layoff Permanent,11447 Old Redwood Hwy.  Healdsburg CA 95448
California,E. J. Gallo Wineries - Frei Ranch,Sonoma County,02/12/2026,04/15/2026,9,,31-33 Manufacturing,2026-02-13 00:00:00,Layoff Permanent,3387 Dry Creek Road  Healdsburg CA 95448
California,California Resources Corporation (Ming),Kern County,02/17/2026,02/14/2026,9,,21 Mining Quarrying Oil and Gas Exraction,2026-02-17 00:00:00,Layoff Permanent,10000 Ming Avenue  Bakersfield CA 93311
California,California Resources Corporation - (River Run),Kern County,02/17/2026,02/14/2026,46,,21 Mining Quarrying Oil and Gas Exraction,2026-02-17 00:00:00,Layoff Permanent,1117 River run Blvd  Bakersfield CA 93312
California,Topanga Social Manager. LLC - Topanga Social Food Hall,Los Angeles County,02/13/2026,04/14/2026,131,,72 Accommodation and Food Services,2026-02-17 00:00:00,Closure Permanent,6600 CA-27 #9038  Canoga Park CA 91303
California,Renova Energy Corporation,Riverside County,02/12/2026,04/10/2026,49,,23 Construction,2026-02-17 00:00:00,Closure Permanent,41555 Cook Street  Palm Desert CA 92211
California,"Red O La Jolla, LCC",San Diego County,02/16/2026,04/20/2026,91,,72 Accommodation and Food Services,2026-02-17 00:00:00,Closure Permanent,4340 La Jolla Village Drive  San Diego CA 92122
California,Corteva Agriscience LLC,Contra Costa County,02/18/2026,04/24/2026,3,,54 Professional Scientific and Technical Services,2026-02-18 00:00:00,Closure Permanent,901 Loveridge Road  Pittsburg CA 94565
California,De La Pena Eye Clinic - DLP Commerce,Los Angeles County,02/13/2026,03/13/2026,38,,62 Healthcare and Social Assistance,2026-02-18 00:00:00,Closure Permanent,5800 South Eastern Ave. Ste. 330 and 340  Commerce CA 90040
California,De La Pena Eye Clinic - DLP El Monte,Los Angeles County,02/13/2026,03/13/2026,5,,62 Healthcare and Social Assistance,2026-02-18 00:00:00,Closure Permanent,10942 Ramona Blvd. A  El Monte CA 91731
California,De La Pena Eye Clinic - DLP Huntington Park,Los Angeles County,02/13/2026,03/13/2026,15,,62 Healthcare and Social Assistance,2026-02-18 00:00:00,Closure Permanent,2715 E Florence Ave.  Huntington Park CA 90255
California,De La Pena Eye Clinic - DLP Long Beach,Los Angeles County,02/13/2026,03/13/2026,3,,62 Healthcare and Social Assistance,2026-02-18 00:00:00,Closure Permanent,1760 Termino Avenue  Long Beach CA 90804
California,De La Pena Eye Clinic - DLP Los Angeles,Los Angeles County,02/13/2026,03/13/2026,12,,62 Healthcare and Social Assistance,2026-02-18 00:00:00,Closure Permanent,139 S. Alvarado St.  Los Angeles CA 90057
California,De La Pena Eye Clinic - DLP Montebello,Los Angeles County,02/13/2026,03/13/2026,38,,62 Healthcare and Social Assistance,2026-02-18 00:00:00,Closure Permanent,2446 W. Whittier Blvd.  Montebello CA 90640
California,De La Pena Eye Clinic - DLP Van Nuys,Los Angeles County,02/13/2026,03/13/2026,19,,62 Healthcare and Social Assistance,2026-02-18 00:00:00,Closure Permanent,7100 Van Nuys Blvd. Ste. 120  Van Nuys CA 91405
California,De La Pena Eye Clinic - DLP Santa Ana,Orange County,02/13/2026,03/13/2026,6,,62 Healthcare and Social Assistance,2026-02-18 00:00:00,Closure Permanent,1520 N Grand Ave.  Santa Ana CA 92701
California,Med-Laser Surgical Center LLC,Los Angeles County,02/13/2026,04/14/2026,22,,62 Healthcare and Social Assistance,2026-02-18 00:00:00,Closure Permanent,2445 W Whittier Blvd. Ste 100  Montebello CA 90640
California,Wescom Financial,Los Angeles County,02/19/2026,04/21/2026,15,,52 Finance and Insurance,2026-02-19 00:00:00,Layoff Permanent,123 South Marengo Ave.  Pasadena CA 91101
California,Wescom Financial,Los Angeles County,02/19/2026,04/21/2026,1,,52 Finance and Insurance,2026-02-19 00:00:00,Layoff Permanent,10970 Jefferson Blvd.  Culver City CA 90230
California,Wescom Financial,Los Angeles County,02/19/2026,04/21/2026,1,,52 Finance and Insurance,2026-02-19 00:00:00,Layoff Permanent,2871 W 120th Street  Hawthorne CA 92618
California,Wescom Financial,Los Angeles County,02/19/2026,04/21/2026,1,,52 Finance and Insurance,2026-02-19 00:00:00,Layoff Permanent,4373 W. 182nd St.  Torrance CA 90504
California,Wescom Financial,Los Angeles County,02/19/2026,04/21/2026,1,,52 Finance and Insurance,2026-02-19 00:00:00,Layoff Permanent,2646 E Garvey Ave.  West Covina CA 91791
California,Wescom Financial,Monterey County,02/19/2026,04/21/2026,2,,52 Finance and Insurance,2026-02-19 00:00:00,Layoff Permanent,"General Stilwell Dr, Suite 100  Marina CA 93933"
California,Wescom Financial,Monterey County,02/19/2026,04/21/2026,1,,52 Finance and Insurance,2026-02-19 00:00:00,Layoff Permanent,1141 S Main St.  Salinas CA 93901
California,Wescom Financial,Orange County,02/19/2026,04/21/2026,40,,52 Finance and Insurance,2026-02-19 00:00:00,Layoff Permanent,5601 E. La Palma Ave.  Anaheim CA 92807
California,Wescom Financial,Orange County,02/19/2026,04/21/2026,1,,52 Finance and Insurance,2026-02-19 00:00:00,Layoff Permanent,"8039 Beach Blvd., Bldg. 6301  Buena Park CA 90620"
California,Wescom Financial,Orange County,02/19/2026,04/21/2026,1,,52 Finance and Insurance,2026-02-19 00:00:00,Layoff Permanent,15378 Alton Pkwy.  Irvine CA 90250
California,Wescom Financial,Orange County,02/19/2026,04/21/2026,1,,52 Finance and Insurance,2026-02-19 00:00:00,Layoff Permanent,1330 S Beach Blvd Suite B  La Habra CA 90631
California,Wescom Financial,Orange County,02/19/2026,04/21/2026,1,,52 Finance and Insurance,2026-02-19 00:00:00,Layoff Permanent,3743 W Chapman Avenue  Orange CA 92868
California,Wescom Financial,Riverside County,02/19/2026,04/21/2026,1,,52 Finance and Insurance,2026-02-19 00:00:00,Layoff Permanent,3431 Grand Oaks  Corona CA 92881
California,Wescom Financial,San Bernardino County,02/19/2026,04/21/2026,1,,52 Finance and Insurance,2026-02-19 00:00:00,Layoff Permanent,4330 E Mills Circle  Ontario CA 91764
California,Wescom Financial,San Bernardino County,02/19/2026,04/21/2026,1,,52 Finance and Insurance,2026-02-19 00:00:00,Layoff Permanent,9980 Alabama St. Suite F1  Redlands CA 92374
California,Wescom Financial,Ventura County,02/19/2026,04/21/2026,1,,52 Finance and Insurance,2026-02-19 00:00:00,Layoff Permanent,1660 E. Gonzales Rd.  Oxnard CA 93036
California,Wescom Financial,Ventura County,02/19/2026,04/21/2026,1,,52 Finance and Insurance,2026-02-19 00:00:00,Layoff Permanent,2691 E Tapo Canyon Road  Simi Valley CA 93063
California,Wescom Financial,Ventura County,02/19/2026,04/21/2026,1,,52 Finance and Insurance,2026-02-19 00:00:00,Layoff Permanent,11-A East Hillcrest Dr.  Thousand Oaks CA 91360
California,Jackson Family Wines (Carneros Hills Winery),Sonoma County,02/12/2026,04/17/2026,13,,31-33 Manufacturing,2026-02-19 00:00:00,Closure Permanent,27000 Ramal Road  Sonoma CA 95476
California,"Lucid Group, Inc.",Alameda County,02/20/2026,04/21/2026,319,,44-45 Retail Trade,2026-02-20 00:00:00,Layoff Permanent,7373 Gateway Blvd.  Newark CA 94560
California,Tony's Fine Foods,Riverside County,02/20/2026,05/01/2026,24,,42 Wholesale Trade,2026-02-20 00:00:00,Closure Permanent,14260 Day St  Moreno Valley CA 92553
California,Wells Fargo,San Francisco County,02/20/2026,04/21/2026,21,,52 Finance and Insurance,2026-02-20 00:00:00,Layoff Permanent,333 Market Street  San Francisco CA 94105
California,Raley's,Contra Costa County,02/20/2026,04/28/2026,43,,44-45 Retail Trade,2026-02-23 00:00:00,Closure Permanent,3632 Lone Tree Way  Antioch CA 94509
California,"C3.ai, Inc.",San Mateo County,02/23/2026,04/26/2026,71,,54 Professional Scientific and Technical Services,2026-02-23 00:00:00,Layoff Permanent,1400 Seaport Boulevard  Redwood City CA 94063
California,Ferrara Candy Company (One Jelly Belly),Solano County,02/21/2026,06/01/2026,2,,31-33 Manufacturing,2026-02-23 00:00:00,Layoff Permanent,One Jelly Belly Lane  Fairfield CA 94533
California,Ferrara Candy Company (2400),Solano County,02/21/2026,06/01/2026,17,,31-33 Manufacturing,2026-02-23 00:00:00,Layoff Permanent,2400 N. Watney Way  Fairfield CA 94533
California,Ferrara Candy Company (2500),Solano County,02/21/2026,06/01/2026,33,,31-33 Manufacturing,2026-02-23 00:00:00,Layoff Permanent,2500 N. Watney Way  Fairfield CA 94533
California,Ferrara Candy Company (2385),Solano County,02/21/2026,06/01/2026,16,,31-33 Manufacturing,2026-02-23 00:00:00,Layoff Permanent,2385 N. Watney Way  Fairfield CA 94533
California,Ferrara Candy Company (Courage Drive),Solano County,02/21/2026,06/01/2026,1,,31-33 Manufacturing,2026-02-23 00:00:00,Layoff Permanent,2330 Courage Drive  Fairfield CA 94533
California,"Safari West, Inc.",Sonoma County,02/23/2026,04/21/2026,134,,71 Arts Entertainment and Recreation,2026-02-23 00:00:00,Closure Permanent,3115 Porter Creek Road  Santa Rosa CA 95404
California,VCA Bay Area Veterinary Specialists & Emergency Hospital,Alameda County,02/24/2026,04/25/2026,91,,54 Professional Scientific and Technical Services,2026-02-24 00:00:00,Closure Permanent,14790 Washington Ave  San Leandro CA 94578
California,Commute is Great Logistics LLC,Kern County,02/13/2026,02/03/2026,132,,48-49 Transportation and Warehousing,2026-02-24 00:00:00,Closure Permanent,3500 Wilson Road  Bakersfield CA 93309
California,Lumileds LLC,Santa Clara County,02/24/2026,05/01/2026,24,,31-33 Manufacturing,2026-02-24 00:00:00,Closure Permanent,370 W. Trimble Road  San Jose CA 95131
California,Riot Games,Los Angeles County,02/24/2026,04/27/2026,26,,51 Information,2026-02-25 00:00:00,Layoff Permanent,12333 W Olympic Blvd.  Los Angeles CA 90064
California,Angel City Brewery,Los Angeles County,02/25/2026,04/30/2026,66,,31-33 Manufacturing,2026-02-25 00:00:00,Closure Permanent,216 S Alameda Street  Los Angeles CA 90012
California,"Med-Pharmex, Inc.",Los Angeles County,01/06/2026,03/06/2026,130,,31-33 Manufacturing,2026-02-25 00:00:00,Closure Permanent,727 Thompson Creek Rd.  Pomona CA 91767
California,eBay - San Francisco,San Francisco County,02/25/2026,02/25/2026,28,,44-45 Retail Trade,2026-02-25 00:00:00,Layoff Permanent,300 Mission St. 19th Floor  San Francisco CA 94105
California,eBay Inc.,Santa Clara County,02/25/2026,02/25/2026,243,,44-45 Retail Trade,2026-02-25 00:00:00,Layoff Permanent,2025 Hamilton Ave.  San Jose CA 95125
California,Anaheim Transportation Network,Orange County,02/26/2026,03/31/2026,132,,48-49 Transportation and Warehousing,2026-02-26 00:00:00,Closure Permanent,1354 South Anaheim Blvd.  Anaheim CA 92805
California,Del Monte Foods Corporation II Inc.,Stanislaus County,02/26/2026,05/01/2026,21,,31-33 Manufacturing,2026-02-26 00:00:00,Layoff Permanent,4000 Yosemite Boulevard  Modesto CA 95357
California,"Monroe Operations, LLC dba Newport Healthcare",Alameda County,02/24/2026,04/24/2026,30,,62 Healthcare and Social Assistance,2026-02-27 00:00:00,Closure Permanent,920 Happy Valley Road  Pleasanton CA 94566
California,"Monroe Operations, LLC dba Newport Healthcare",Alameda County,02/24/2026,04/24/2026,16,,62 Healthcare and Social Assistance,2026-02-27 00:00:00,Closure Permanent,227 Kilkare Road  Sunol CA 94586
California,FreshKO Produce Services LLC,Fresno County,02/27/2026,03/07/2026,58,,42 Wholesale Trade,2026-02-27 00:00:00,Closure Permanent,2155 East Muscat Avenue  Fresno CA 93725
California,"CJ Logistics America, LLC",San Bernardino County,02/27/2026,04/30/2026,71,,48-49 Transportation and Warehousing,2026-02-27 00:00:00,Layoff Permanent,10825 Production Avenue  Fontana CA 92337
California,Raytheon,Los Angeles County,02/27/2026,05/01/2026,55,,54 Professional Scientific and Technical Services,2026-02-27 00:00:00,Layoff Permanent,2000 E El Segundo Blvd  El Segundo CA 90245
California,Foods Co #784,Fresno County,02/27/2026,03/14/2026,49,,44-45 Retail Trade,2026-03-02 00:00:00,Closure Permanent,3657 Shaw Ave.  Fresno CA 93711
California,"IPIC Theaters, LLC - Westwood",Los Angeles County,02/02/2026,04/28/2026,103,,51 Information,2026-03-02 00:00:00,Closure Permanent,10840 Wilshire Blvd.  Los Angeles CA 90024
California,"IPIC Theaters, LLC - Pasadena",Los Angeles County,02/02/2026,04/28/2026,91,,51 Information,2026-03-02 00:00:00,Closure Permanent,42 Miller Alley  Pasadena CA 91103
California,"Supernal, LLC",Alameda County,02/27/2026,04/28/2026,48,,54 Professional Scientific and Technical Services,2026-03-02 00:00:00,Layoff Permanent,401 Kato Terrace  Fremont CA 94539
California,"Supernal, LLC",Kern County,02/27/2026,04/28/2026,13,,54 Professional Scientific and Technical Services,2026-03-02 00:00:00,Layoff Permanent,"1062 Flight Line, 2nd Fl.  Mojave CA 93501"
California,"Supernal, LLC",Kern County,02/27/2026,04/28/2026,1,,54 Professional Scientific and Technical Services,2026-03-02 00:00:00,Layoff Permanent,5759 Highway 58  California City CA 93505
California,"Supernal, LLC (15555 Laguna Canyon Road)",Orange County,02/27/2026,04/28/2026,176,,54 Professional Scientific and Technical Services,2026-03-02 00:00:00,Layoff Permanent,1555 Laguna Canyon Road  Irvine CA 92618
California,"Supernal, LLC. (117 Waterworks Way)",Orange County,02/27/2026,04/28/2026,58,,54 Professional Scientific and Technical Services,2026-03-02 00:00:00,Layoff Permanent,117 Waterworks Way  Irvine CA 92618
California,Foods Co #371,Sacramento County,02/27/2026,03/14/2026,58,,44-45 Retail Trade,2026-03-02 00:00:00,Closure Permanent,8122 Gerber Rd.  Sacramento CA 95828
California,The Vons Companies Inc.,San Diego County,03/02/2026,05/01/2026,65,,44-45 Retail Trade,2026-03-02 00:00:00,Closure Permanent,2345 E. Valley Parkway  Escondido CA 92027
California,Food 4 Less #364,Los Angeles County,02/27/2026,03/28/2026,64,,44-45 Retail Trade,2026-03-02 00:00:00,Closure Permanent,3200 Century Blvd.  Inglewood CA 90303
California,David & Margaret,Los Angeles County,02/26/2026,03/31/2026,83,,62 Healthcare and Social Assistance,2026-03-03 00:00:00,Layoff Permanent,1350 Third Street  La Verne CA 91750
California,"Salesforce, Inc.",San Francisco County,03/02/2026,05/01/2026,51,,54 Professional Scientific and Technical Services,2026-03-03 00:00:00,Layoff Permanent,415 Mission Street  San Francisco CA 94105
California,"MedImpact Healthcare Systems, Inc.",San Diego County,03/04/2026,03/04/2026,125,,62 Healthcare and Social Assistance,2026-03-04 00:00:00,Layoff Permanent,10181 Scripps Gateway Ct.  San Diego CA 92131
California,Wells Fargo,San Francisco County,03/03/2026,05/02/2026,6,,52 Finance and Insurance,2026-03-04 00:00:00,Layoff Permanent,333 Market Street  San Francisco CA 94105
California,Foreside Home Care & Nursing,Orange County,02/26/2026,03/27/2026,300,,62 Healthcare and Social Assistance,2026-03-05 00:00:00,Closure Permanent,26023 Acero  Mission Viejo CA 92691
California,Kintetsu World Express,San Diego County,03/04/2026,03/31/2026,5,,56 Administrative and Support and Waste Management and Remediation,2026-03-05 00:00:00,Closure Permanent,8525 Camino Santa Fe Suite E and F  San Diego CA 92121
California,Saks & Company LLC,Los Angeles County,03/06/2026,05/06/2026,97,,44-45 Retail Trade,2026-03-06 00:00:00,Closure Permanent,6550 Topanga Canyon Blvd.  Canoga Park CA 91303
California,Saks & Company LLC,Orange County,03/06/2026,05/06/2026,76,,44-45 Retail Trade,2026-03-06 00:00:00,Closure Permanent,3333 Bristol Street  Costa Mesa CA 92626
California,Saks & Company LLC,Riverside County,03/06/2026,05/06/2026,58,,44-45 Retail Trade,2026-03-06 00:00:00,Closure Permanent,73555 El Paseo  Palm Desert CA 92260
California,Liberty Dental Plan Corporation,Orange County,03/05/2026,05/04/2026,16,,52 Finance and Insurance,2026-03-06 00:00:00,Layoff Permanent,"1730 Flight Way, Suite 125  Tustin CA 92782"
California,KBR Services LLC,San Bernardino County,03/06/2026,05/06/2026,758,,56 Administrative and Support and Waste Management and Remediation,2026-03-06 00:00:00,Layoff Permanent,"Bldg. 896, Langford Lake Road  Fort Irwin CA 92311"
California,Endologix LLC,Santa Clara County,03/05/2026,05/06/2026,23,,31-33 Manufacturing,2026-03-09 00:00:00,Closure Permanent,1971 Milmont Dr.  Milpitas CA 95035
California,Endologix LLC,Santa Clara County,03/05/2026,05/15/2026,6,,31-33 Manufacturing,2026-03-09 00:00:00,Closure Permanent,1971 Milmont Dr.  Milpitas CA 95035
California,Endologix LLC,Santa Clara County,03/05/2026,05/29/2026,2,,31-33 Manufacturing,2026-03-09 00:00:00,Closure Permanent,1971 Milmont Dr.  Milpitas CA 95035
California,Sky Chefs' Customer Service Center,San Bernardino County,03/09/2026,05/07/2026,14,,72 Accommodation and Food Services,2026-03-10 00:00:00,Closure Permanent,1590 S. Milliken Ave. Unit F  Ontario CA 91761
California,Experian,Orange County,03/11/2026,12/11/2026,28,,56 Administrative and Support and Waste Management and Remediation,2026-03-11 00:00:00,Layoff Permanent,475 Anton Blvd.  Costa Mesa CA 92626
California,Sanitation Specialists,Alameda County,03/12/2026,05/22/2026,21,,56 Administrative and Support and Waste Management and Remediation,2026-03-12 00:00:00,Closure Permanent,14490 Catalina Street  San Leandro CA 94577
California,Union of Pan Asian Communities (Neighborhood Enterprise Center),San Diego County,03/11/2026,05/10/2026,16,,62 Healthcare and Social Assistance,2026-03-12 00:00:00,Closure Permanent,5296 University Avenue  San Diego CA 92105
California,"Atlassian US, Inc.",San Francisco County,03/11/2026,03/13/2026,252,,54 Professional Scientific and Technical Services,2026-03-12 00:00:00,Layoff Permanent,"350 Bush Street, Floor 13  San Francisco CA 94104"
California,Sanitation Specialists,San Mateo County,03/12/2026,05/22/2026,15,,56 Administrative and Support and Waste Management and Remediation,2026-03-13 00:00:00,Closure Permanent,320B Shaw Road  South San Francisco CA 94080
California,American Eagle Flights (Santa Maria Airport),Santa Barbara County,03/06/2026,05/06/2026,20,,48-49 Transportation and Warehousing,2026-03-13 00:00:00,Closure Permanent,3217 Terminal Dr.  Santa Maria CA 93455
California,Westside Equipment Co. (OXBO),Stanislaus County,03/11/2026,05/11/2026,2,,31-33 Manufacturing,2026-03-13 00:00:00,Closure Permanent,18 Fink Road  Crows Landing CA 95313
California,Blue Shield of California,Alameda County,03/13/2026,04/08/2026,7,,52 Finance and Insurance,2026-03-16 00:00:00,Layoff Permanent,601 12th Street  Oakland CA 94607
California,Blue Shield of California (Building C),El Dorado County,03/13/2026,04/08/2026,5,,52 Finance and Insurance,2026-03-16 00:00:00,Layoff Permanent,"4203 Town Center Blvd., Building C  El Dorado Hills CA 95762"
California,Blue Shield of California (Building B),El Dorado County,03/13/2026,04/08/2026,7,,52 Finance and Insurance,2026-03-16 00:00:00,Layoff Permanent,"4203 Town Center Blvd., Building B  El Dorado Hills CA 95762"
California,Blue Shield of California,Los Angeles County,03/13/2026,04/08/2026,14,,52 Finance and Insurance,2026-03-16 00:00:00,Layoff Permanent,3840 Kilroy Airport Way  Long Beach CA 90806
California,Blue Shield of California,Los Angeles County,03/13/2026,04/08/2026,8,,52 Finance and Insurance,2026-03-16 00:00:00,Layoff Permanent,6300 Canoga Avenue  Woodland Hills CA 91367
California,Blue Shield of California,Sacramento County,03/13/2026,04/08/2026,6,,52 Finance and Insurance,2026-03-16 00:00:00,Layoff Permanent,3300 Zinfandel Drive  Rancho Cordova CA 95670
California,Blue Shield of California,San Diego County,03/13/2026,04/08/2026,3,,52 Finance and Insurance,2026-03-16 00:00:00,Layoff Permanent,"3131 Camino Del Rio, Suite #1300  San Diego CA 92108"
California,Blue Shield of California,San Joaquin County,03/13/2026,04/08/2026,17,,52 Finance and Insurance,2026-03-16 00:00:00,Layoff Permanent,3021 Reynolds Ranch Parkway  Lodi CA 95240
California,Blue Shield of California,Shasta County,03/13/2026,04/08/2026,2,,52 Finance and Insurance,2026-03-16 00:00:00,Layoff Permanent,4700 Bechelli Lane  Redding CA 96002
California,Calvary Murrieta Christian School,Riverside County,03/16/2026,05/29/2026,74,,61 Educational Services,2026-03-16 00:00:00,Closure Permanent,2475 Monroe Avenue  Murrieta CA 92562
California,Corteva Agriscience,Contra Costa County,03/17/2026,06/05/2026,3,,54 Professional Scientific and Technical Services,2026-03-17 00:00:00,Layoff Permanent,901 Loveridge Road  Pittsburg CA 94565
California,Heritage Bank of Commerce (Livermore),Alameda County,02/27/2026,04/17/2026,1,,52 Finance and Insurance,2026-03-17 00:00:00,Layoff Permanent,1987 First Street  Livermore CA 94550
California,Heritage Bank of Commerce (Oakland),Alameda County,02/27/2026,04/17/2026,1,,52 Finance and Insurance,2026-03-17 00:00:00,Layoff Permanent,"1111 Broadway, Suite 1650  Oakland CA 94607"
California,Heritage Bank of Commerce (Danville),Contra Costa County,02/27/2026,04/17/2026,4,,52 Finance and Insurance,2026-03-17 00:00:00,Layoff Permanent,387 Diable Blvd.  Danville CA 94526
California,Heritage Bank of Commerce (Walnut Creek),Contra Costa County,02/27/2026,04/17/2026,4,,52 Finance and Insurance,2026-03-17 00:00:00,Layoff Permanent,"1990 N. California Blvd, Suite 100  Walnut Creek CA 94596"
California,Heritage Bank of Commerce (San Rafael),Marin County,02/27/2026,04/17/2026,3,,52 Finance and Insurance,2026-03-17 00:00:00,Layoff Permanent,"999 Fifth Ave., Suite 100  San Rafael CA 94901"
California,Heritage Bank of Commerce (Hollister),San Benito County,02/27/2026,04/17/2026,1,,52 Finance and Insurance,2026-03-17 00:00:00,Layoff Permanent,"351 Tres Pinos Road, Suite 102A  Hollister CA 95023"
California,Heritage Bank of Commerce (San Francisco),San Francisco County,02/27/2026,04/17/2026,3,,52 Finance and Insurance,2026-03-17 00:00:00,Layoff Permanent,"120 Kearney St., Suite 2300  San Francisco CA 94108"
California,Heritage Bank of Commerce (Mateo),San Mateo County,02/27/2026,04/17/2026,5,,52 Finance and Insurance,2026-03-17 00:00:00,Layoff Permanent,"400 S. El Camino Real, Suite 150  Mateo CA 94402"
California,Heritage Bank of Commerce (San Jose),Santa Clara County,02/27/2026,04/17/2026,85,,52 Finance and Insurance,2026-03-17 00:00:00,Layoff Permanent,224 Airport Parkway  San Jose CA 95110
California,Heritage Bank of Commerce (Los Altos),Santa Clara County,02/27/2026,04/17/2026,1,,52 Finance and Insurance,2026-03-17 00:00:00,Layoff Permanent,419 South San Antonio Road  Los Altos CA 94022
California,Heritage Bank of Commerce (Morgan Hill),Santa Clara County,02/27/2026,04/17/2026,1,,52 Finance and Insurance,2026-03-17 00:00:00,Layoff Permanent,18625 Sutter Blvd. Suite 100  Morgan Hill CA 95037
California,Heritage Bank of Commerce (Remote-San Jose),Santa Clara County,02/27/2026,04/17/2026,12,,52 Finance and Insurance,2026-03-17 00:00:00,Layoff Permanent,224 Airport  Parkway  San Jose CA 95110
California,Experian (Experian Health and Experian Information Solutions),Orange County,03/17/2026,05/18/2026,5,,56 Administrative and Support and Waste Management and Remediation,2026-03-17 00:00:00,Layoff Permanent,475 Anton Blvd.  Costa Mesa CA 92626
California,Total Storage Solutions (Best RV & Self Storage),Los Angeles County,03/12/2026,05/18/2026,3,,53 Real Estate and Rental Leasing,2026-03-19 00:00:00,Layoff Permanent,5900 Esperanza Ave.  Whittier CA 90606
California,Total Storage Solutions (Crenshaw Self Storage),Los Angeles County,03/12/2026,05/18/2026,2,,53 Real Estate and Rental Leasing,2026-03-19 00:00:00,Layoff Permanent,6725 Crenshaw Blvd.  Los Angeles CA 90043
California,Total Storage Solutions (El Monte Stor It Now),Los Angeles County,03/12/2026,05/18/2026,3,,53 Real Estate and Rental Leasing,2026-03-19 00:00:00,Layoff Permanent,10212 Valley Blvd.  El Monte CA 91731
California,Total Storage Solutions (Studebaker Self Storage),Los Angeles County,03/12/2026,05/18/2026,3,,53 Real Estate and Rental Leasing,2026-03-19 00:00:00,Layoff Permanent,698 N. Studebaker Rd.  Long Beach CA 90803
California,Total Storage Solutions (Arcadia 210 Self Storage),Los Angeles County,03/12/2026,05/18/2026,1,,53 Real Estate and Rental Leasing,2026-03-19 00:00:00,Layoff Permanent,324 N. 2nd Ave.  Arcadia CA 91006
California,Total Storage Solutions (All Size Self Storage),Orange County,03/12/2026,05/18/2026,3,,53 Real Estate and Rental Leasing,2026-03-19 00:00:00,Layoff Permanent,911 Calle Amanecer  San Clemente CA 92673
California,Total Storage Solutions (All Size Laguna Niguel),Orange County,03/12/2026,05/18/2026,3,,53 Real Estate and Rental Leasing,2026-03-19 00:00:00,Layoff Permanent,27872 Crown Valley Parkway  Laguna Niguel CA 92677
California,Total Storage Solutions (Garden Grove Secured Storage),Orange County,03/12/2026,05/18/2026,3,,53 Real Estate and Rental Leasing,2026-03-19 00:00:00,Layoff Permanent,13632 S. Euclid St.  Garden Grove CA 92843
California,Total Storage Solutions (Townsend Self Storage),Orange County,03/12/2026,05/18/2026,3,,53 Real Estate and Rental Leasing,2026-03-19 00:00:00,Layoff Permanent,308 N. Townsend St.  Santa Ana CA 92703
California,Total Storage Solutions (Airport Mini Storage),Riverside County,03/12/2026,05/18/2026,3,,53 Real Estate and Rental Leasing,2026-03-19 00:00:00,Layoff Permanent,7044 Arlington Ave.  Riverside CA 92503
California,Total Storage Solutions (Aware Self Storage),Riverside County,03/12/2026,05/18/2026,2,,53 Real Estate and Rental Leasing,2026-03-19 00:00:00,Layoff Permanent,5021 W. Ramsey St.  Banning CA 92220
California,Total Storage Solutions (Beaumont RV & Self Storage),Riverside County,03/12/2026,05/18/2026,3,,53 Real Estate and Rental Leasing,2026-03-19 00:00:00,Layoff Permanent,251 W. 1st St.  Beaumont CA 92223
California,Total Storage Solutions (Beaumont Self Storage),Riverside County,03/12/2026,05/18/2026,3,,53 Real Estate and Rental Leasing,2026-03-19 00:00:00,Layoff Permanent,190 E. First St.  Beaumont CA 92223
California,Total Storage Solutions (Jefferson Self Storage),Riverside County,03/12/2026,05/18/2026,4,,53 Real Estate and Rental Leasing,2026-03-19 00:00:00,Layoff Permanent,25435 Jefferson Ave.  Murrieta CA 92562
California,Total Storage Solutions (Sun City Mini Storage),Riverside County,03/12/2026,05/18/2026,3,,53 Real Estate and Rental Leasing,2026-03-19 00:00:00,Layoff Permanent,27460 McCall Blvd.  Sun City CA 92585
California,Total Storage Solutions (Tri-City Self Storage),Riverside County,03/12/2026,05/18/2026,3,,53 Real Estate and Rental Leasing,2026-03-19 00:00:00,Layoff Permanent,485 W. LaCadena  Riverside CA 92501
California,Total Storage Solutions (Western States Self Storage),Riverside County,03/12/2026,05/18/2026,3,,53 Real Estate and Rental Leasing,2026-03-19 00:00:00,Layoff Permanent,23190 Hemlock Ave.  Moreno Valley CA 92557
California,Total Storage Solutions (Riverside Self Storage),Riverside County,03/12/2026,05/18/2026,4,,53 Real Estate and Rental Leasing,2026-03-19 00:00:00,Layoff Permanent,7200 Indiana Ave.  Riverside CA 92504
California,Total Storage Solutions (E Street Self Storage),San Bernardino County,03/12/2026,05/18/2026,2,,53 Real Estate and Rental Leasing,2026-03-19 00:00:00,Layoff Permanent,1723 S. E St.  San Bernardino CA 92408
California,Total Storage Solutions (Citrus Plaza Self Storage),San Diego County,03/12/2026,05/18/2026,2,,53 Real Estate and Rental Leasing,2026-03-19 00:00:00,Layoff Permanent,"202 W. College St., Suite 100  Fallbrook CA 92028"
California,"Lodging Dynamics Hospitality Group, LLC (Courtyard & TownePlace Suites)",Los Angeles County,03/18/2026,05/20/2026,97,,72 Accommodation and Food Services,2026-03-19 00:00:00,Layoff Permanent,4427 West El Segundo  Hawthorne CA 90250
California,"Lodging Dynamics Hospitality Group, LLC (Midici Restaurant)",Los Angeles County,03/18/2026,05/20/2026,9,,72 Accommodation and Food Services,2026-03-19 00:00:00,Layoff Permanent,4427 West El Segundo  Hawthorne CA 90250
California,"Lodging Dynamics Hospitality Group, LLC (Hilton Garden Inn)",Los Angeles County,03/18/2026,05/20/2026,36,,72 Accommodation and Food Services,2026-03-19 00:00:00,Layoff Permanent,2410 Marine Avenue  Redondo Beach CA 90278
California,"Lodging Dynamics Hospitality Group, LLC (Residence Inn)",Los Angeles County,03/18/2026,05/20/2026,43,,72 Accommodation and Food Services,2026-03-19 00:00:00,Layoff Permanent,2420 Marine Avenue  Redondo Beach CA 90278
California,"Lodging Dynamics Hospitality Group, LLC (Homewood Suites)",Los Angeles County,03/18/2026,05/20/2026,51,,72 Accommodation and Food Services,2026-03-19 00:00:00,Layoff Permanent,2430 Marine Avenue  Redondo Beach CA 90278
California,NSI-Lynn Electronics,Orange County,03/20/2026,05/22/2026,52,,31-33 Manufacturing,2026-03-20 00:00:00,Closure Permanent,3162 East La Palma Avenue  Anaheim CA 92806
California,"ERN Services, Inc.",Los Angeles County,03/18/2026,04/24/2026,74,,56 Administrative and Support and Waste Management and Remediation,2026-03-20 00:00:00,Layoff Permanent,5757 Century Bl. Suite 752  Los Angeles CA 90045
California,Waymakers,Orange County,03/19/2026,06/30/2026,67,,62 Healthcare and Social Assistance,2026-03-20 00:00:00,Layoff Permanent,"440 Exchange, Ste. 250 and 200  Irvine CA 92602"
California,Waymakers,Orange County,03/19/2026,06/30/2026,3,,62 Healthcare and Social Assistance,2026-03-20 00:00:00,Layoff Permanent,"16580 Harbor Blvd., Unit O  Fountain Valley CA 92708"
California,SSP America,Sacramento County,03/19/2026,05/19/2026,44,,72 Accommodation and Food Services,2026-03-20 00:00:00,Closure Permanent,6900 Airport Blvd.  Sacramento CA 95837
California,"Primo Brands, Inc.",Orange County,03/20/2026,07/01/2026,23,,31-33 Manufacturing,2026-03-20 00:00:00,Layoff Permanent,1522 North Newhope Street  Santa Ana CA 92703
California,City National Bank (555 S. Flower Street),Los Angeles County,03/20/2026,05/29/2026,9,,52 Finance and Insurance,2026-03-23 00:00:00,Layoff Not known at this time,555 S. Flower Street  Los Angeles CA 90071
California,City National Bank (350 S. Grand Ave.),Los Angeles County,03/20/2026,05/29/2026,3,,52 Finance and Insurance,2026-03-23 00:00:00,Layoff Not known at this time,350 S. Grand Ave.  Los Angeles CA 90071
California,"Synopsys, Inc.",Santa Clara County,03/23/2026,05/26/2026,55,,54 Professional Scientific and Technical Services,2026-03-23 00:00:00,Layoff Permanent,675 Almanor Ave  Sunnyvale CA 94085
California,"Summit Funding, Inc.",Sacramento County,03/19/2026,05/17/2026,163,,52 Finance and Insurance,2026-03-23 00:00:00,Layoff Permanent,"2135 Butano Drive, #150  Sacramento CA 95825"
California,Pernod Ricard Kenwood Holding LLC,Sonoma County,03/23/2026,03/31/2026,14,,31-33 Manufacturing,2026-03-24 00:00:00,Closure Permanent,9592 Sonoma Highway  Kenwood CA 95452
California,"Mattel, Inc.",Los Angeles County,03/23/2026,05/22/2026,65,,51 Information,2026-03-24 00:00:00,Layoff Permanent,333 Continental Boulevard  El Segundo CA 90245
California,"MAG Brand Group, LLC",Los Angeles County,03/25/2026,08/01/2026,53,,31-33 Manufacturing,2026-03-25 00:00:00,Closure Permanent,13861 Rosecrans Avenue  Santa Fe Springs CA 90670
California,Nob Hill Foods,Santa Clara County,03/23/2026,05/29/2026,50,,44-45 Retail Trade,2026-03-25 00:00:00,Closure Permanent,1250 Grant Road  Mountain View CA 94040
California,Experian,Orange County,03/23/2026,05/22/2026,35,,56 Administrative and Support and Waste Management and Remediation,2026-03-25 00:00:00,Layoff Permanent,475 Anton Blvd.  Costa Mesa CA 92626
California,"Bedabox, LLC (dba ShipMonk)",San Bernardino County,03/24/2026,06/30/2026,145,,48-49 Transportation and Warehousing,2026-03-25 00:00:00,Closure Permanent,6010 Cajon Blvd.  San Bernardino CA 92407
California,Comprehensive Autism Center,Riverside County,03/25/2026,05/31/2026,27,,62 Healthcare and Social Assistance,2026-03-25 00:00:00,Closure Permanent,"3600 Lime St, Suite 612  Riverside CA 92501"
California,Comprehensive Autism Center,San Diego County,03/25/2026,05/31/2026,35,,62 Healthcare and Social Assistance,2026-03-25 00:00:00,Closure Permanent,"3655 Ruffin Rd, Suite 100  San Diego CA 92123"
California,"Gilead Sciences, Inc.",San Mateo County,03/25/2026,05/29/2026,51,,31-33 Manufacturing,2026-03-26 00:00:00,Layoff Permanent,333 Lakeside Drive  San Mateo CA 94404
California,DASH Industries,Sacramento County,03/26/2026,03/31/2026,80,,11 Agriculture Forestry Fishing Hunting,2026-03-26 00:00:00,Closure Permanent,4500 Pell Drive  Sacramento CA 95838
California,"Kay and Associates, Inc.",San Diego County,03/26/2026,04/30/2026,103,,48-49 Transportation and Warehousing,2026-03-26 00:00:00,Layoff Permanent,"HMLAT-303, Building 2360, Hangar 3  Camp Pendleton CA 92055"
California,Welcome Palm Springs LLC dba Riviera Resort & Spa Palm Springs,Riverside County,03/26/2026,05/31/2026,233,,72 Accommodation and Food Services,2026-03-27 00:00:00,Layoff Permanent,1600 N. Indian Canyon Drive  Palm Springs CA 92262
California,Rb Wine Associates LLC dba Rack & Riddle,San Joaquin County,03/27/2026,05/29/2026,32,,31-33 Manufacturing,2026-03-27 00:00:00,Closure Permanent,"1 Winemaster Way, Suite D  Lodi CA 95240"
California,"Sentinel Transportation, LLC",Butte County,03/30/2026,05/31/2026,10,,48-49 Transportation and Warehousing,2026-03-30 00:00:00,Layoff Permanent,310 Nord Ave  Chico CA 95926
California,"Sentinel Transportation, LLC",Calaveras County,03/30/2026,05/31/2026,3,,48-49 Transportation and Warehousing,2026-03-30 00:00:00,Layoff Permanent,746 Pool Station Rd  San Andreas CA 95249
California,"Sentinel Transportation, LLC",Colusa County,03/30/2026,05/31/2026,3,,48-49 Transportation and Warehousing,2026-03-30 00:00:00,Layoff Permanent,1802 Old Hwy 99W  Williams CA 95987
California,"Sentinel Transportation, LLC",Contra Costa County,03/30/2026,05/31/2026,7,,48-49 Transportation and Warehousing,2026-03-30 00:00:00,Layoff Permanent,3050 Wilbur Ave  Antioch CA 94509
California,"Sentinel Transportation, LLC",El Dorado County,03/30/2026,05/31/2026,2,,48-49 Transportation and Warehousing,2026-03-30 00:00:00,Layoff Permanent,2891 Mosquito Rd  Placerville CA 95667
California,"Sentinel Transportation, LLC",Glenn County,03/30/2026,05/31/2026,3,,48-49 Transportation and Warehousing,2026-03-30 00:00:00,Layoff Permanent,245 Garden St  Willows CA 95988
California,"Sentinel Transportation, LLC",Los Angeles County,03/30/2026,05/31/2026,2,,48-49 Transportation and Warehousing,2026-03-30 00:00:00,Layoff Permanent,13601 S. Broadway  Los Angeles CA 90061
California,"Sentinel Transportation, LLC",Merced County,03/30/2026,05/31/2026,1,,48-49 Transportation and Warehousing,2026-03-30 00:00:00,Layoff Permanent,2249 Atwater Blvd  Atwater CA 95301
California,"Sentinel Transportation, LLC",Nevada County,03/30/2026,05/31/2026,3,,48-49 Transportation and Warehousing,2026-03-30 00:00:00,Layoff Permanent,720 S Auburn St  Grass Valley CA 95945
California,"Sentinel Transportation, LLC",Plumas County,03/30/2026,05/31/2026,3,,48-49 Transportation and Warehousing,2026-03-30 00:00:00,Layoff Permanent,188 Crescent St  Quincy CA 95971
California,"Sentinel Transportation, LLC",Sacramento County,03/30/2026,05/31/2026,24,,48-49 Transportation and Warehousing,2026-03-30 00:00:00,Layoff Permanent,5725 Alder Ave  Sacramento CA 95828
California,"Sentinel Transportation, LLC",Sacramento County,03/30/2026,05/31/2026,3,,48-49 Transportation and Warehousing,2026-03-30 00:00:00,Layoff Permanent,14972 CA-160  Isleton CA 95641
California,"Sentinel Transportation, LLC",San Joaquin County,03/30/2026,05/31/2026,2,,48-49 Transportation and Warehousing,2026-03-30 00:00:00,Layoff Permanent,3515 Navy Dr  Stockton CA 95203
California,"Sentinel Transportation, LLC",Santa Clara County,03/30/2026,05/31/2026,2,,48-49 Transportation and Warehousing,2026-03-30 00:00:00,Layoff Permanent,6001 Rossi Ln  Gilroy CA 95020
California,"Sentinel Transportation, LLC",Santa Clara County,03/30/2026,05/31/2026,2,,48-49 Transportation and Warehousing,2026-03-30 00:00:00,Layoff Permanent,2050 Oakland Rd  San Jose CA 95131
California,"Sentinel Transportation, LLC",Shasta County,03/30/2026,05/31/2026,5,,48-49 Transportation and Warehousing,2026-03-30 00:00:00,Layoff Permanent,4990 Mountain Lakes Blvd  Redding CA 96003
California,"Sentinel Transportation, LLC",Solano County,03/30/2026,05/31/2026,5,,48-49 Transportation and Warehousing,2026-03-30 00:00:00,Layoff Permanent,1900 N 1st St  Dixon CA 95620
California,"Sentinel Transportation, LLC",Solano County,03/30/2026,05/31/2026,4,,48-49 Transportation and Warehousing,2026-03-30 00:00:00,Layoff Permanent,744 N Texas St  Fairfield CA 94533
California,"Sentinel Transportation, LLC",Stanislaus County,03/30/2026,05/31/2026,24,,48-49 Transportation and Warehousing,2026-03-30 00:00:00,Layoff Permanent,720 B St  Modesto CA 95354
California,"Sentinel Transportation, LLC",Stanislaus County,03/30/2026,05/31/2026,1,,48-49 Transportation and Warehousing,2026-03-30 00:00:00,Layoff Permanent,746 Merced St  Newman CA 95360
California,"Sentinel Transportation, LLC",Sutter County,03/30/2026,05/31/2026,1,,48-49 Transportation and Warehousing,2026-03-30 00:00:00,Layoff Permanent,937 Von Geldern Way  Yuba City CA 95991
California,"Sentinel Transportation, LLC",Tehama County,03/30/2026,05/31/2026,1,,48-49 Transportation and Warehousing,2026-03-30 00:00:00,Layoff Permanent,2155 Main St  Red Bluff CA 96080
California,"Sentinel Transportation, LLC",Tuolumne County,03/30/2026,05/31/2026,3,,48-49 Transportation and Warehousing,2026-03-30 00:00:00,Layoff Permanent,13079 Sanguinetti Rd  Sonora CA 95370
California,"Sentinel Transportation, LLC",Yolo County,03/30/2026,05/31/2026,8,,48-49 Transportation and Warehousing,2026-03-30 00:00:00,Layoff Permanent,1515 S River Rd  West Sacramento CA 95691
California,"Sentinel Transportation, LLC",Yuba County,03/30/2026,05/31/2026,4,,48-49 Transportation and Warehousing,2026-03-30 00:00:00,Layoff Permanent,418 13th St  Marysville CA 95901
California,F10 Oceanside LLC,San Diego County,03/30/2026,05/14/2026,58,,72 Accommodation and Food Services,2026-03-30 00:00:00,Closure Permanent,201 N Myers St  Oceanside CA 92054
California,John Adams Academy - El Dorado,El Dorado County,03/30/2026,06/01/2026,6,,61 Educational Services,2026-04-01 00:00:00,Layoff Permanent,1102 Investment Blvd.  El Dorado Hills CA 95762
California,John Adams Academy,Placer County,03/30/2026,06/01/2026,13,,61 Educational Services,2026-04-01 00:00:00,Closure Permanent,1797 Bella Breeze Dr.  Lincoln CA 95648
California,John Adams academy,Placer County,03/30/2026,06/01/2026,49,,61 Educational Services,2026-04-01 00:00:00,Layoff Permanent,1 Sierra Gate Plaza  Roseville CA 95678
California,"Meta Platforms, Inc.",San Mateo County,03/30/2026,05/22/2026,124,,51 Information,2026-04-01 00:00:00,Layoff Permanent,311 Airport Boulevard  Burlingame CA 94010
California,"Meta Platforms, Inc.",Santa Clara County,03/30/2026,05/29/2026,74,,51 Information,2026-04-01 00:00:00,Layoff Permanent,1180 Discovery Way  Sunnyvale CA 94089
California,Experian,Orange County,03/30/2026,05/22/2026,3,,44-45 Retail Trade,2026-04-01 00:00:00,Layoff Permanent,475 Anton Blvd.  Costa Mesa CA 92626
California,"Oracle America, Inc.",Alameda County,04/01/2026,06/01/2026,158,,54 Professional Scientific and Technical Services,2026-04-02 00:00:00,Layoff Permanent,5815 Owens Drive  Pleasanton CA 94588
California,Morgan Technical Ceramics,Alameda County,04/01/2026,06/01/2026,94,,31-33 Manufacturing,2026-04-02 00:00:00,Closure Permanent,2425 Whipple Road  Hayward CA 94544
California,"Oracle America, Inc.",Los Angeles County,04/01/2026,06/01/2026,50,,54 Professional Scientific and Technical Services,2026-04-02 00:00:00,Layoff Permanent,"1620 26th Street, Suite 100S  Santa Monica CA 90404"
California,"Oracle America, Inc.",San Mateo County,04/01/2026,06/01/2026,310,,54 Professional Scientific and Technical Services,2026-04-02 00:00:00,Layoff Permanent,500 Oracle Parkway  Redwood City CA 94065
California,"Oracle America, Inc.",Santa Clara County,04/01/2026,06/01/2026,184,,54 Professional Scientific and Technical Services,2026-04-02 00:00:00,Layoff Permanent,4230 Leonard Stocking Drive  Santa Clara CA 95054
California,Crittenton (100 E. Valley View),Orange County,03/27/2026,03/31/2026,81,,62 Healthcare and Social Assistance,2026-04-02 00:00:00,Closure Permanent,100 E. Valley View  Fullerton CA 93832
California,Crittenton (600 N. Harbor Blvd),Orange County,03/27/2026,03/31/2026,26,,62 Healthcare and Social Assistance,2026-04-02 00:00:00,Closure Permanent,600 N. Harbor Blvd  Fullerton CA 92832
California,Crittenton (201 W. Amerige Ave),Orange County,03/27/2026,03/31/2026,37,,62 Healthcare and Social Assistance,2026-04-02 00:00:00,Closure Permanent,201 W. Amerige Ave  Fullerton CA 92831
California,Think Together,Riverside County,04/01/2026,06/12/2026,114,,61 Educational Services,2026-04-02 00:00:00,Layoff Permanent,6296 River Crest Dr  Riverside CA 92507
California,Qualcomm Incorporated (5775 Morehouse Drive),San Diego County,04/02/2026,05/26/2026,19,,55 Management of Companies and Enterprises,2026-04-02 00:00:00,Layoff Permanent,5775 Morehouse Drive  San Diego CA 92121
California,Qualcomm Incorporated (5565 Morehouse Drive),San Diego County,04/02/2026,05/26/2026,13,,55 Management of Companies and Enterprises,2026-04-02 00:00:00,Layoff Permanent,5565 Morehouse Drive  San Diego CA 92121
California,Qualcomm Incorporated (6455 Lusk Blvd),San Diego County,04/02/2026,05/26/2026,5,,55 Management of Companies and Enterprises,2026-04-02 00:00:00,Layoff Permanent,6455 Lusk Blvd  San Diego CA 92121
California,Qualcomm Incorporated (5545 Morehouse Drive),San Diego County,04/02/2026,05/26/2026,15,,55 Management of Companies and Enterprises,2026-04-02 00:00:00,Layoff Permanent,5545 Morehouse Drive  San Diego CA 92121
California,Qualcomm Incorporated (5745 Pacific Center Blvd),San Diego County,04/02/2026,05/26/2026,2,,55 Management of Companies and Enterprises,2026-04-02 00:00:00,Layoff Permanent,5745 Pacific Center Blvd  San Diego CA 92121
California,Qualcomm Incorporated (10185 McKellar Court),San Diego County,04/02/2026,05/26/2026,4,,55 Management of Companies and Enterprises,2026-04-02 00:00:00,Layoff Permanent,10185 McKellar Court  San Diego CA 92121
California,Qualcomm Incorporated (10350 Sorrento Valley Road),San Diego County,04/02/2026,05/26/2026,3,,55 Management of Companies and Enterprises,2026-04-02 00:00:00,Layoff Permanent,10350 Sorrento Valley Road  San Diego CA 92121
California,Qualcomm Incorporated (5737 Pacific Center Blvd),San Diego County,04/02/2026,05/26/2026,1,,55 Management of Companies and Enterprises,2026-04-02 00:00:00,Layoff Permanent,5737 Pacific Center Blvd  San Diego CA 92121
California,Qualcomm Incorporated (4243 Campus Point Ct),San Diego County,04/02/2026,05/26/2026,1,,55 Management of Companies and Enterprises,2026-04-02 00:00:00,Layoff Permanent,4243 Campus Point Ct  San Diego CA 92121
California,Qualcomm Incorporated (10001 Pacific Heights Blvd),San Diego County,04/02/2026,05/26/2026,2,,55 Management of Companies and Enterprises,2026-04-02 00:00:00,Layoff Permanent,10001 Pacific Heights Blvd  San Diego CA 92121
California,Qualcomm Incorporated (5535 Morehouse Drive),San Diego County,04/02/2026,05/26/2026,2,,55 Management of Companies and Enterprises,2026-04-02 00:00:00,Layoff Permanent,5535 Morehouse Drive  San Diego CA 92121
California,Union of Pan Asian Communities - Positive Solutions and Elder Multicultural Access & Support Service,San Diego County,04/01/2026,06/30/2026,14,,62 Healthcare and Social Assistance,2026-04-02 00:00:00,Layoff Permanent,3539 College Ave  San Diego CA 92115
California,Union of Pan Asian Communities - East Wind Clubhouse,San Diego County,04/01/2026,06/30/2026,5,,62 Healthcare and Social Assistance,2026-04-02 00:00:00,Layoff Permanent,"5348 University Ave., Ste. 108  San Diego CA 92105"
California,Consolidated Entertainment LLC (Reading Cinemas,San Diego County,04/01/2026,05/31/2026,63,,51 Information,2026-04-02 00:00:00,Closure Permanent,5500 Grossmont Center Dr. Suite 169  La Mesa CA 91942
California,Victoria Nursery,Ventura County,04/01/2026,06/01/2026,62,,42 Wholesale Trade,2026-04-02 00:00:00,Closure Permanent,1085 Victoria Ave.  Oxnard CA 93030
California,"Good Sports Plus, Ltd dba ARC - Barbara Worth Junior High School",Imperial County,04/02/2026,06/04/2026,5,,62 Healthcare and Social Assistance,2026-04-03 00:00:00,Layoff Permanent,385 D Street  Brawley CA 92227
California,"Good Sports Plus, Ltd. dba Arc -  J.W. Oakley Elementary School",Imperial County,04/02/2026,06/04/2026,15,,62 Healthcare and Social Assistance,2026-04-03 00:00:00,Layoff Permanent,1401 B Street  Brawley CA 92227
California,"Good Sports Plus, Ltd. dba Arc - Miguel Hidalgo Elementary School",Imperial County,04/02/2026,06/04/2026,5,,62 Healthcare and Social Assistance,2026-04-03 00:00:00,Layoff Permanent,615 S. Cesar Chavez Street  Brawley CA 92227
California,Good Sports Plus dba Arc - Myron D. Witter Elementary School,Imperial County,04/02/2026,06/04/2026,15,,62 Healthcare and Social Assistance,2026-04-03 00:00:00,Layoff Permanent,150 K Street  Brawley CA 92227
California,Good Sports Plus dba Arc - Padilla-Pace Middle School,Imperial County,04/02/2026,06/04/2026,7,,62 Healthcare and Social Assistance,2026-04-03 00:00:00,Layoff Permanent,681 Vine Avenue  Brawley CA 92227
California,"Good Sports Plus Ltd, dba Arc Phil D. Swing Elementary School",Imperial County,04/02/2026,06/04/2026,13,,62 Healthcare and Social Assistance,2026-04-03 00:00:00,Layoff Permanent,245 W A Street  Brawley CA 92227
California,Good Sports Plus Ltd. dba Brawley Union High School,Imperial County,04/02/2026,06/04/2026,6,,62 Healthcare and Social Assistance,2026-04-03 00:00:00,Layoff Permanent,480 N. Imperial Avenue  Brawley CA 92227
California,Good Sports Plus Ltd. dba Arc - Desert Valley High School,Imperial County,04/02/2026,06/04/2026,3,,62 Healthcare and Social Assistance,2026-04-03 00:00:00,Layoff Permanent,104 Magnolia Street  Brawley CA 92227
California,Good Sports Plus Ltd. dba Arc - Central Union High School,Imperial County,04/02/2026,06/04/2026,3,,62 Healthcare and Social Assistance,2026-04-03 00:00:00,Layoff Permanent,1001 W. Brighton Avenue  El Centro CA 92243
California,Good Sports Plus Ltd. dba Arc - Phoenix Rising/Desert Oasis High School,Imperial County,04/02/2026,06/04/2026,2,,62 Healthcare and Social Assistance,2026-04-03 00:00:00,Layoff Permanent,1302 S. 3rd Street  El Centro CA 92243
California,Good Sports Plus Ltd. dba Arc - Southwest High School,Imperial County,04/02/2026,06/04/2026,4,,62 Healthcare and Social Assistance,2026-04-03 00:00:00,Layoff Permanent,2001 Ocotillo Drive  El Centro CA 92243
California,Good Sports Plus Ltd. dba Arc,Imperial County,04/02/2026,06/04/2026,4,,62 Healthcare and Social Assistance,2026-04-03 00:00:00,Layoff Permanent,"400 N. Imperial Avenue, Ste. 1  Imperial CA 92251"
California,ProYouth,Tulare County,04/03/2026,06/05/2026,81,,61 Educational Services,2026-04-03 00:00:00,Layoff Permanent,2009 W. Feemster Ave  Visalia CA 93277
California,Super 7,Napa County,04/03/2026,05/29/2026,6,,48-49 Transportation and Warehousing,2026-04-03 00:00:00,Closure Permanent,"500 Devlin Rd., Suite 101  Napa CA 94558"
California,PUC eCALS,Los Angeles County,04/03/2026,06/05/2026,22,,61 Educational Services,2026-04-06 00:00:00,Closure Permanent,2050 N San Fernando Road  Los Angeles CA 90065
California,Partnerships to Uplift Communities Los Angeles,Los Angeles County,04/03/2026,06/05/2026,26,,61 Educational Services,2026-04-06 00:00:00,Closure Permanent,1855 N. Main Street  Los Angeles CA 90031
California,Amethod Public Schools,Alameda County,04/06/2026,06/05/2026,17,,61 Educational Services,2026-04-06 00:00:00,Closure Permanent,4215 Foothill Blvd  Oakland CA 94601
California,Wellpath and CFMG - South Placer Jail,Placer County,04/07/2026,06/30/2026,35,,62 Healthcare and Social Assistance,2026-04-07 00:00:00,Closure Permanent,11801 Go For Broke Rd.  Roseville CA 95678
California,Wellpath and CFMG - Placer Jail - Auburn,Placer County,04/07/2026,06/30/2026,50,,62 Healthcare and Social Assistance,2026-04-07 00:00:00,Closure Permanent,2775 Richardson Dr.  Auburn CA 95603
California,Wellpath and CFMG - Placer Juvi Detention,Placer County,04/07/2026,06/30/2026,4,,62 Healthcare and Social Assistance,2026-04-07 00:00:00,Closure Permanent,11260 B Ave.  Auburn CA 95603
California,Prepa Tec Los Angeles campus,Los Angeles County,04/07/2026,06/30/2026,42,,61 Educational Services,2026-04-07 00:00:00,Closure Permanent,8001 Santa Fe Avenue  Huntington Park CA 90255
California,South Coast Behavioral Health,Orange County,03/30/2026,05/29/2026,36,,62 Healthcare and Social Assistance,2026-04-07 00:00:00,Closure Permanent,9642 Peppertree Drive  Huntington Beach CA 92646
California,South Coast Behavioral Health,Orange County,03/30/2026,05/29/2026,1,,62 Healthcare and Social Assistance,2026-04-07 00:00:00,Closure Permanent,559 Pierpoint Drive  Costa Mesa CA 92626
California,America's Finest Charter School - High School Program,San Diego County,03/12/2026,06/30/2026,10,,61 Educational Services,2026-04-07 00:00:00,Closure Permanent,4481 Estrella Avenue  San Diego CA 92115
California,JPMorgan Chase,San Francisco County,03/23/2026,05/21/2026,53,,52 Finance and Insurance,2026-04-07 00:00:00,Layoff Permanent,1 Front Street  San Francisco CA 94111
California,"Montessori West, Inc.",Alameda County,04/08/2026,06/15/2026,35,,61 Educational Services,2026-04-08 00:00:00,Closure Permanent,155 Washington Blvd.  Fremont CA 94539
California,"Gossamer Bio, Inc.",San Diego County,03/16/2026,05/15/2026,65,,54 Professional Scientific and Technical Services,2026-04-08 00:00:00,Layoff Permanent,"3115 Merryfield Row, Suite 120  San Diego CA 92121"
California,Sony Pictures Entertainment Inc.,Los Angeles County,04/08/2026,06/12/2026,111,,71 Arts Entertainment and Recreation,2026-04-09 00:00:00,Layoff Permanent,10202 W. Washington Boulevard  Culver City CA 90232
California,Sony Pictures Entertainment Inc.,Los Angeles County,04/08/2026,06/12/2026,6,,71 Arts Entertainment and Recreation,2026-04-09 00:00:00,Layoff Permanent,5750 Wilshire Boulevard  Los Angeles CA 90036
California,Sony Pictures Entertainment Inc.,Los Angeles County,04/08/2026,06/12/2026,7,,71 Arts Entertainment and Recreation,2026-04-09 00:00:00,Layoff Permanent,6007 Sepulveda Boulevard  Van Nuys CA 91411
California,Sony Pictures Entertainment Inc.,Los Angeles County,04/08/2026,06/12/2026,9,,71 Arts Entertainment and Recreation,2026-04-09 00:00:00,Layoff Permanent,2150 Colorado Avenue  Santa Monica CA 90404
California,Qualcomm Incorporated (5565 Morehouse Drive),San Diego County,04/08/2026,06/08/2026,10,,55 Management of Companies and Enterprises,2026-04-09 00:00:00,Layoff Permanent,5565 Morehouse Drive  San Diego CA 92121
California,Qualcomm Incorporated (5525 Morehouse Drive),San Diego County,04/08/2026,06/08/2026,11,,55 Management of Companies and Enterprises,2026-04-09 00:00:00,Layoff Permanent,5525 Morehouse Drive  San Diego CA 92121
California,Qualcomm Incorporated (5665 Morehouse Drive),San Diego County,04/08/2026,06/08/2026,6,,55 Management of Companies and Enterprises,2026-04-09 00:00:00,Layoff Permanent,5665 Morehouse Drive  San Diego CA 92121
California,Qualcomm Incorporated (10145 Pacific Heights Blvd.),San Diego County,04/08/2026,06/08/2026,3,,55 Management of Companies and Enterprises,2026-04-09 00:00:00,Layoff Permanent,10145 Pacific Heights Blvd.  San Diego CA 92121
California,Qualcomm Incorporated (6455 Lusk Blvd.),San Diego County,04/08/2026,06/08/2026,2,,55 Management of Companies and Enterprises,2026-04-09 00:00:00,Layoff Permanent,6455 Lusk Blvd.  San Diego CA 92121
California,Qualcomm Incorporated (10185 McKellar Ct.),San Diego County,04/08/2026,06/08/2026,1,,55 Management of Companies and Enterprises,2026-04-09 00:00:00,Layoff Permanent,10185 McKellar Ct.  San Diego CA 92121
California,Qualcomm Incorporated (5745 Pacific Center Blvd.),San Diego County,04/08/2026,06/08/2026,2,,55 Management of Companies and Enterprises,2026-04-09 00:00:00,Layoff Permanent,5745 Pacific Center Blvd.  San Diego CA 92121
California,Qualcomm Incorporated (10160 Pacific Mesa Blvd.),San Diego County,04/08/2026,06/08/2026,1,,55 Management of Companies and Enterprises,2026-04-09 00:00:00,Layoff Permanent,10160 Pacific Mesa Blvd.  San Diego CA 92121
California,Qualcomm Incorporated (10445 Pacific Center Court),San Diego County,04/08/2026,06/08/2026,2,,55 Management of Companies and Enterprises,2026-04-09 00:00:00,Layoff Permanent,10445 Pacific Center Court  San Diego CA 92121
California,Del Monte Foods Corporation II Inc.,Stanislaus County,04/06/2026,04/07/2026,25,,42 Wholesale Trade,2026-04-09 00:00:00,Closure Permanent,4000 Yosemite Boulevard  Modesto CA 95357
California,Sumisho Air Lease Corporation,Los Angeles County,04/09/2026,06/08/2026,53,,53 Real Estate and Rental Leasing,2026-04-10 00:00:00,Layoff Permanent,"2000 Avenue of the Stars, Suite 1000N  Los Angeles CA 90067"
California,Mills College Children's School at Northwestern University,Alameda County,04/10/2026,06/10/2026,21,,61 Educational Services,2026-04-10 00:00:00,Closure Permanent,5000 MacArthur Blvd.  Oakland CA 94613
California,eBay Inc.,San Francisco County,04/10/2026,09/30/2026,198,,44-45 Retail Trade,2026-04-10 00:00:00,Closure Permanent,"300 Mission Street, 19th Floor  San Francisco CA 94105"
California,Phillips 66,Los Angeles County,04/10/2026,06/10/2026,10,,31-33 Manufacturing,2026-04-10 00:00:00,Closure Permanent,1660 W. Anaheim Street  Wilmington CA 90744
California,Phillips 66,Los Angeles County,04/10/2026,06/10/2026,6,,31-33 Manufacturing,2026-04-10 00:00:00,Closure Permanent,1520 E. Sepulveda Blvd.  Carson CA 90745
California,Boeing Company,Los Angeles County,04/13/2026,06/12/2026,13,,31-33 Manufacturing,2026-04-13 00:00:00,Closure Permanent,1500 Columbia Way (E. Ave. M) USAF Plant 42  Palmdale CA 93550
California,Boeing Company - Edwards AFB,Kern County,04/13/2026,06/12/2026,2,,31-33 Manufacturing,2026-04-13 00:00:00,Layoff Permanent,305 E Popson Ave.  Edwards AFB CA 93524
California,Boeing Company - El Segundo,Los Angeles County,04/13/2026,06/12/2026,2,,31-33 Manufacturing,2026-04-13 00:00:00,Layoff Permanent,900 N Pacific Coast Hwy  El Segundo CA 90245
California,Boeing Company - Huntington Beach,Orange County,04/13/2026,06/12/2026,1,,31-33 Manufacturing,2026-04-13 00:00:00,Layoff Permanent,14441 Astronautics Lane  Huntington Beach CA 92647
California,Boeing Company - San Diego,San Diego County,04/13/2026,06/12/2026,1,,31-33 Manufacturing,2026-04-13 00:00:00,Layoff Permanent,6910 Carroll Rd.  San Diego CA 92101
California,The Gambrinus Company (Trumer Brewery and Taproom),Alameda County,04/13/2026,05/29/2026,6,,42 Wholesale Trade,2026-04-14 00:00:00,Layoff Permanent,1404 Fourth Street  Berkeley CA 94710
California,"Trumer Brewery, Comeback Brewing II dba Trumer Brewery",Alameda County,04/13/2026,05/29/2026,27,,42 Wholesale Trade,2026-04-14 00:00:00,Closure Permanent,1404 Fourth Street  Berkeley CA 94710
California,McGee Air Services,Los Angeles County,04/14/2026,06/14/2026,29,,48-49 Transportation and Warehousing,2026-04-14 00:00:00,Layoff Permanent,1 World Way  Los Angeles CA 90045
California,Redding Cement Plant,Shasta County,04/14/2026,06/15/2026,53,,31-33 Manufacturing,2026-04-14 00:00:00,Layoff Temporary,15390 Wonderland Blvd.  Redding CA 96003
California,Chen-Tech Industries LLC,Orange County,03/30/2026,04/02/2026,98,,31-33 Manufacturing,2026-04-14 00:00:00,Layoff Permanent,9 Wrigley  Irvine CA 92618
California,Blue Diamond Growers,Sacramento County,04/13/2026,06/12/2026,49,,31-33 Manufacturing,2026-04-14 00:00:00,Closure Permanent,1802 C Street  Sacramento CA 95811
California,Ventura Coastal,Tulare County,04/14/2026,06/15/2026,69,,31-33 Manufacturing,2026-04-14 00:00:00,Layoff Temporary,12310 Avenue 368  Visalia CA 93291
California,Snap Inc.,Los Angeles County,04/15/2026,04/16/2026,247,,54 Professional Scientific and Technical Services,2026-04-15 00:00:00,Layoff Permanent,2772 Donald Douglas Loop N  Santa Monica CA 90405
California,Block by Block,San Francisco County,04/14/2026,06/13/2026,47,,56 Administrative and Support and Waste Management and Remediation,2026-04-15 00:00:00,Layoff Permanent,870 Market St.  San Francisco CA 94102
California,The Primary School,Alameda County,04/15/2026,06/12/2026,147,,61 Educational Services,2026-04-16 00:00:00,Closure Permanent,750 Fargo Ave  San Leandro CA 94579
California,Paramount Skydance Corporation (1575 N. Gower Street),Los Angeles County,04/16/2026,01/02/2026,2,,51 Information,2026-04-16 00:00:00,Layoff Permanent,1575 N. Gower Street  Los Angeles CA 90028
California,Paramount Skydance Corporation (5555 Melrose Avenue),Los Angeles County,04/16/2026,01/02/2026,5,,51 Information,2026-04-16 00:00:00,Layoff Permanent,5555 Melrose Avenue  Los Angeles CA 90038
California,Snap Inc.,Santa Clara County,04/15/2026,04/16/2026,73,,54 Professional Scientific and Technical Services,2026-04-16 00:00:00,Layoff Permanent,"395 Page Mill Road, 3rd Floor  Palo Alto CA 94306"
California,"Noa Technologies, Inc.",Santa Clara County,04/07/2026,06/01/2026,69,,51 Information,2026-04-16 00:00:00,Layoff Permanent,1137 San Antonio Road  Mountain View CA 94043
California,Disney Entertainment Operations LLC,Los Angeles County,04/16/2026,06/20/2026,53,,71 Arts Entertainment and Recreation,2026-04-16 00:00:00,Layoff Permanent,500 South Buena Vista St.  Burbank CA 91521
California,"FM Restaurants HQ, LLC",Orange County,04/17/2026,04/19/2026,49,,72 Accommodation and Food Services,2026-04-17 00:00:00,Closure Permanent,"11065 Knott Avenue, Suite A  Cypress CA 90630"
California,"Best Formulations PC, LLC",Orange County,04/17/2026,06/15/2026,32,,31-33 Manufacturing,2026-04-17 00:00:00,Closure Permanent,5900 Skylab Rd  Huntington Beach CA 92647
California,Yanfeng International Automotive Technology,Alameda County,04/20/2026,06/22/2026,17,,31-33 Manufacturing,2026-04-20 00:00:00,Closure Permanent,31500 Hayman Street  Hayward CA 94544
California,YMCA Arellanes Elementary School,Santa Barbara County,04/17/2026,06/09/2026,6,,81 Other Services Except Public Administration,2026-04-20 00:00:00,Layoff Permanent,1890 Sandalwood Dr.  Santa Maria CA 93455
California,YMCA Arellanes Junior High,Santa Barbara County,04/17/2026,06/09/2026,4,,81 Other Services Except Public Administration,2026-04-20 00:00:00,Layoff Permanent,1890 Sandalwood Dr.  Santa Maria CA 93455
California,YMCA Bonita Elementary School,Santa Barbara County,04/17/2026,06/09/2026,6,,81 Other Services Except Public Administration,2026-04-20 00:00:00,Layoff Permanent,2715 W. Main St.  Santa Maria CA 93458
California,YMCA Robert Bruce Elementary School,Santa Barbara County,04/17/2026,06/09/2026,8,,81 Other Services Except Public Administration,2026-04-20 00:00:00,Layoff Permanent,604 W. Alvin Ave.  Santa Maria CA 93458
California,YMCA El Camino Jr. High School,Santa Barbara County,04/17/2026,06/09/2026,3,,81 Other Services Except Public Administration,2026-04-20 00:00:00,Layoff Permanent,219 W El Camino St.  Santa Maria CA 93458
California,YMCA Fairlawn Elementary School,Santa Barbara County,04/17/2026,06/09/2026,6,,81 Other Services Except Public Administration,2026-04-20 00:00:00,Layoff Permanent,123 St Mary Drive  Santa Maria CA 93458
California,YMCA Fesler Jr. High School,Santa Barbara County,04/17/2026,06/09/2026,3,,81 Other Services Except Public Administration,2026-04-20 00:00:00,Layoff Permanent,1100 E Fesler St.  Santa Maria CA 93454
California,YMCA Roberto & Dr. Francisco Jimenez Elementary School,Santa Barbara County,04/17/2026,06/09/2026,12,,81 Other Services Except Public Administration,2026-04-20 00:00:00,Layoff Permanent,1970 Biscayne St.  Santa Maria CA 93458
California,YMCA Tommie Kunst Jr. High School,Santa Barbara County,04/17/2026,06/09/2026,3,,81 Other Services Except Public Administration,2026-04-20 00:00:00,Layoff Permanent,930 Hidden Pines Way  Santa Maria CA 93458
California,YMCA Bill Libbon Elementary School,Santa Barbara County,04/17/2026,06/09/2026,11,,81 Other Services Except Public Administration,2026-04-20 00:00:00,Layoff Permanent,750 Meehan St.  Santa Maria CA 93454
California,YMCA Liberty Elementary School,Santa Barbara County,04/17/2026,06/09/2026,9,,81 Other Services Except Public Administration,2026-04-20 00:00:00,Layoff Permanent,1300 Sonya Ln.  Santa Maria CA 93458
California,YMCA Juan Pacifico Ontiveros Elementary School,Santa Barbara County,04/17/2026,06/09/2026,10,,81 Other Services Except Public Administration,2026-04-20 00:00:00,Layoff Permanent,930 Rancho Verde  Santa Maria CA 93458
California,YMCA Rice Elementary School,Santa Barbara County,04/17/2026,06/09/2026,11,,81 Other Services Except Public Administration,2026-04-20 00:00:00,Layoff Permanent,700 Vickie Ave.  Santa Maria CA 93454
California,YMCA Sanchez Elementary School,Santa Barbara County,04/17/2026,06/09/2026,8,,81 Other Services Except Public Administration,2026-04-20 00:00:00,Layoff Permanent,804 Liberty St.  Santa Maria CA 93458
California,YMCA Taylor Elementary School,Santa Barbara County,04/17/2026,06/09/2026,10,,81 Other Services Except Public Administration,2026-04-20 00:00:00,Layoff Permanent,1921 Carlotti Dr.  Santa Maria CA 93454
California,YMCA Tunnel Elementary School,Santa Barbara County,04/17/2026,06/09/2026,10,,81 Other Services Except Public Administration,2026-04-20 00:00:00,Layoff Permanent,1248 Dena Way  Santa Maria CA 93454
California,YMCA Santa Maria Valley,Santa Barbara County,04/17/2026,06/09/2026,7,,81 Other Services Except Public Administration,2026-04-20 00:00:00,Layoff Permanent,3400 Skyway Drive  Santa Maria CA 93455
California,YMCA Oakley Elementary School,Santa Barbara County,04/17/2026,06/09/2026,9,,81 Other Services Except Public Administration,2026-04-20 00:00:00,Layoff Permanent,1120 W Harding Ave.  Santa Maria CA 93458
California,"Guayabito Farms, LLC",Ventura County,04/07/2026,06/06/2026,98,,11 Agriculture Forestry Fishing Hunting,2026-04-20 00:00:00,Closure Permanent,5060 Olivas Park Drive  Ventura CA 93003
California,"Premier Berry Farms, LLC",Ventura County,04/07/2026,06/06/2026,74,,11 Agriculture Forestry Fishing Hunting,2026-04-20 00:00:00,Closure Permanent,2840 East Hueneme Road  Oxnard CA 93033
California,Corteva Agriscience LLC,Contra Costa County,04/21/2026,07/03/2026,2,,54 Professional Scientific and Technical Services,2026-04-21 00:00:00,Layoff Permanent,901 Loveridge Road  Pittsburg CA 94565
California,City National Bank,Los Angeles County,04/21/2026,06/22/2026,1,,52 Finance and Insurance,2026-04-21 00:00:00,Layoff Permanent,555 S. Flower Street  Los Angeles CA 90071
California,"Ample Joy ABA Consulting Services, LLC",Riverside County,12/01/2025,02/02/2026,100,,62 Healthcare and Social Assistance,2026-04-21 00:00:00,Layoff Permanent,1411 Rimpau Avenue Suite 109  Corona CA 92879
California,ODS Technologies LP and Betfair Interactive US LLC,Los Angeles County,04/06/2026,06/30/2026,174,,51 Information,2026-04-22 00:00:00,Layoff Permanent,"6701 Center Drive West, Suite 160  Los Angeles CA 90045"
California,Paramount Skydance Corporation - 1575 N. Gower,Los Angeles County,04/16/2026,01/02/2026,5,,71 Arts Entertainment and Recreation,2026-04-22 00:00:00,Layoff Permanent,1575 N. Gower Street  Los Angeles CA 90038
California,Paramount Skydance Corporation,Los Angeles County,04/16/2026,01/02/2026,2,,71 Arts Entertainment and Recreation,2026-04-22 00:00:00,Layoff Permanent,5555 Melrose Avenue  Los Angeles CA 90038
California,Next Stop Logistics Inc.,Los Angeles County,04/22/2026,04/16/2026,80,,48-49 Transportation and Warehousing,2026-04-22 00:00:00,Closure Permanent,9350 Rayo Ave.  South Gate CA 90280
California,Joe's Crab Shack,Orange County,04/22/2026,06/21/2026,44,,72 Accommodation and Food Services,2026-04-22 00:00:00,Closure Permanent,12011 Harbor Blvd  Garden Grove CA 92840
California,Freudenberg Medical LLC,Santa Barbara County,04/22/2026,06/24/2026,80,,31-33 Manufacturing,2026-04-22 00:00:00,Layoff Permanent,1110 Mark Avenue  Carpinteria CA 93013
California,Epic Games Inc.,Marin County,04/23/2026,03/27/2026,16,,51 Information,2026-04-23 00:00:00,Layoff Permanent,700 Larkspur Landing Cir  Larkspur CA 94939
California,Epic Games Inc.,San Diego County,04/23/2026,03/27/2026,28,,51 Information,2026-04-23 00:00:00,Layoff Permanent,"401 West A. Street, Suite 2400  San Diego CA 92101"
California,Epic Games Inc. (Remote Employees in San Francisco),San Diego County,04/23/2026,03/27/2026,28,,51 Information,2026-04-23 00:00:00,Layoff Permanent,"401 West A. Street, Suite 2400 (Remote Employees in San Francisco)  San Diego CA 92101"
California,Epic Games Inc. (Remote Employees in Los Angeles),San Diego County,04/23/2026,03/27/2026,61,,51 Information,2026-04-23 00:00:00,Layoff Permanent,"401 West A. Street, Suite 2400 (Remote Employees in Los Angeles)  San Diego CA 92101"
California,Epic Games Inc. (Remote Employees in El Segundo),San Diego County,04/23/2026,03/27/2026,2,,51 Information,2026-04-23 00:00:00,Layoff Permanent,"401 West A. Street, Suite 2400 (Remote Employees in El Segundo)  San Diego CA 92101"
California,Blue Diamond Growers,Sacramento County,04/24/2026,06/26/2026,3,,31-33 Manufacturing,2026-04-24 00:00:00,Closure Permanent,1802 C Street  Sacramento CA 95811
California,"Constellation Brands, Inc.",Sonoma County,04/24/2026,06/25/2026,7,,42 Wholesale Trade,2026-04-24 00:00:00,Closure Permanent,26200 Arnold Drive  Sonoma CA 95476
California,"Aramark Campus, LLC",Kern County,04/10/2026,06/11/2026,49,,72 Accommodation and Food Services,2026-04-27 00:00:00,Layoff Permanent,8901 Stockdale Highway  Bakersfield CA 93311
California,"FM Restaurants HQ, LLC",Orange County,04/26/2026,04/30/2026,43,,72 Accommodation and Food Services,2026-04-27 00:00:00,Closure Permanent,"11065 Knott Avenue, Suite A  Cypress CA 90630"
California,"Lodging Dynamics Hospitality Group, LLC",Santa Clara County,04/26/2026,06/27/2026,42,,72 Accommodation and Food Services,2026-04-27 00:00:00,Layoff Permanent,521 Alder Dr.  Milpitas CA 95035
California,Veritiv Visual,Orange County,04/27/2026,06/24/2026,46,,42 Wholesale Trade,2026-04-27 00:00:00,Closure Permanent,1600 E Valencia Dr.  Fullerton CA 92831
California,Black Tiger Medical Transportation,San Diego County,04/27/2026,06/28/2026,82,,48-49 Transportation and Warehousing,2026-04-27 00:00:00,Layoff Permanent,9090 Birch St.  Spring Valley CA 91977
California,Apple Inc.,San Diego County,04/23/2026,06/24/2026,57,,44-45 Retail Trade,2026-04-27 00:00:00,Closure Permanent,272 E Via Rancho Pkwy  Escondido CA 92025
California,"FreshRealm, Inc.",San Joaquin County,04/27/2026,06/27/2026,228,,31-33 Manufacturing,2026-04-27 00:00:00,Closure Permanent,"2900 N MacArthur Dr, Unit 300  Tracy CA 95376"
California,"First Transit, Inc.",Contra Costa County,04/27/2026,06/30/2026,194,,48-49 Transportation and Warehousing,2026-04-28 00:00:00,Closure Permanent,801 Wilbur Ave  Antioch CA 94509
California,"Five Guys Operations, LLC",Merced County,04/28/2026,06/26/2026,13,,72 Accommodation and Food Services,2026-04-28 00:00:00,Closure Permanent,3572 G Street  Merced CA 95340
California,"Satco, Inc.",Los Angeles County,04/10/2026,06/10/2026,34,,31-33 Manufacturing,2026-04-28 00:00:00,Closure Permanent,1601 E. El Segundo Blvd.  El Segundo CA 90245
California,Dudek,Butte County,04/29/2026,06/29/2026,36,,54 Professional Scientific and Technical Services,2026-04-29 00:00:00,Closure Permanent,930 Garden Drive  Oroville CA 95965
California,The Primary School (750 Fargo Ave),Alameda County,04/28/2026,06/30/2026,25,,61 Educational Services,2026-04-29 00:00:00,Closure Permanent,750 Fargo Ave  San Leandro CA 94579
California,The Primary School (2086 Clarke Ave),San Mateo County,04/28/2026,06/30/2026,100,,61 Educational Services,2026-04-29 00:00:00,Closure Permanent,2086 Clarke Ave  East Palo Alto CA 94303
California,The Primary School (1765 East Bayshore Rd. Ste. 111),San Mateo County,04/28/2026,06/30/2026,22,,61 Educational Services,2026-04-29 00:00:00,Closure Permanent,1765 East Bayshore Rd. Ste. 111  East Palo Alto CA 94303
California,"Raytheon, An RTX Business",Los Angeles County,04/28/2026,07/03/2026,1,,54 Professional Scientific and Technical Services,2026-04-29 00:00:00,Layoff Permanent,2000 E El Segundo Blvd.  El Segundo CA 90245
California,Altura Management Services,Los Angeles County,04/30/2026,06/30/2026,113,,54 Professional Scientific and Technical Services,2026-04-30 00:00:00,Layoff Permanent,1401 N Montebello Blvd  Montebello CA 90640
California,Five Guys Operations,Los Angeles County,04/30/2026,05/26/2026,15,,72 Accommodation and Food Services,2026-04-30 00:00:00,Closure Permanent,1552 S Azusa Ave  City of Industry CA 91748
California,Manteca District Ambulance Service - Striker Court,Tuolumne County,04/30/2026,06/30/2026,18,,62 Healthcare and Social Assistance,2026-04-30 00:00:00,Layoff Permanent,18440 Striker Court  Sonora CA 95370
California,Manteca District Ambulance Service,Tuolumne County,04/30/2026,06/30/2026,6,,62 Healthcare and Social Assistance,2026-04-30 00:00:00,Layoff Permanent,"20591 N Sunshine Road, Suite B  Sonora CA 95370"
California,Manteca District Ambulance Service - Hwy 49,Tuolumne County,04/30/2026,06/30/2026,6,,62 Healthcare and Social Assistance,2026-04-30 00:00:00,Layoff Permanent,1180 Hwy 49  Sonora CA 95370
California,Manteca District Ambulance Service - Powder House,Tuolumne County,04/30/2026,06/30/2026,6,,62 Healthcare and Social Assistance,2026-04-30 00:00:00,Layoff Permanent,11850 Powder House St.  Groveland CA 95321
California,Manteca District Ambulance Service - Jamestown,Tuolumne County,04/30/2026,06/30/2026,6,,62 Healthcare and Social Assistance,2026-04-30 00:00:00,Layoff Permanent,18063 4th Ave.  Jamestown CA 95327
California,Propark Mobility,Riverside County,04/30/2026,06/30/2026,123,,48-49 Transportation and Warehousing,2026-04-30 00:00:00,Layoff Permanent,340 Mountain Ave.  Perris CA 92570
California,California Academy of Sciences,San Francisco County,04/28/2026,06/29/2026,53,,71 Arts Entertainment and Recreation,2026-04-30 00:00:00,Layoff Permanent,55 Music Concourse Drive  San Francisco CA 94118
California,"C&K Market, Inc.",Lake County,04/29/2026,06/30/2026,32,,44-45 Retail Trade,2026-04-30 00:00:00,Closure Permanent,355 Lakeport Blvd  Lakeport CA 95453
California,First Student,Fresno County,05/01/2026,07/01/2026,170,,48-49 Transportation and Warehousing,2026-05-01 00:00:00,Layoff Permanent,2805 South East Avenue  Fresno CA 93725
California,Children's Institute Inc.,Los Angeles County,04/30/2026,06/30/2026,47,,62 Healthcare and Social Assistance,2026-05-01 00:00:00,Layoff Permanent,2121 W Temple St  Los Angeles CA 90026
California,Quixote Studio Services - Griffith Park,Los Angeles County,04/27/2026,06/29/2026,2,,53 Real Estate and Rental Leasing,2026-05-01 00:00:00,Layoff Permanent,4585 Electronics Place  Los Angeles CA 90039
California,Quixote Studio Services - North Valley Campus A,Los Angeles County,04/27/2026,06/29/2026,9,,53 Real Estate and Rental Leasing,2026-05-01 00:00:00,Layoff Permanent,12137 Montague St  Pacoima CA 9131
California,Quixote Studio Services - North Valley,Los Angeles County,04/27/2026,06/29/2026,7,,53 Real Estate and Rental Leasing,2026-05-01 00:00:00,Layoff Permanent,10252 Norris Ave.  Pacoima CA 91331
California,Quixote Studio Services - Sun valley,Los Angeles County,04/27/2026,06/29/2026,4,,53 Real Estate and Rental Leasing,2026-05-01 00:00:00,Layoff Permanent,11473 Penrose St.  Sun Valley CA 91352
California,Quixote Studio Services - Sylmar North,Los Angeles County,04/27/2026,06/29/2026,17,,53 Real Estate and Rental Leasing,2026-05-01 00:00:00,Layoff Permanent,14002 Balboa Blvd.  Sylmar CA 91342
California,Quixote Studio Services - Sylmar South,Los Angeles County,04/27/2026,06/29/2026,3,,53 Real Estate and Rental Leasing,2026-05-01 00:00:00,Layoff Permanent,13334 Ralston Ave.  Sylmar CA 91342
California,Quixote Studio Services - West Hollywood,Los Angeles County,04/27/2026,06/29/2026,10,,53 Real Estate and Rental Leasing,2026-05-01 00:00:00,Layoff Permanent,1011 N Fuller Ave.  West Hollywood CA 90046
California,"Gilead Sciences, Inc.",San Mateo County,04/30/2026,06/30/2026,108,,54 Professional Scientific and Technical Services,2026-05-01 00:00:00,Layoff Permanent,800 Bridge Parkway  Redwood City CA 94065
California,"Skyline Avatar House, LP",Santa Clara County,04/29/2026,06/30/2026,49,,72 Accommodation and Food Services,2026-05-01 00:00:00,Layoff Permanent,4200 Great American Parkway  Santa Clara CA 95054
California,Brite Horizons Nonpublic School (Abrite),Santa Cruz County,04/30/2026,06/30/2026,59,,54 Professional Scientific and Technical Services,2026-05-01 00:00:00,Closure Permanent,125 Bethany Dr.  Scotts Valley CA 95066
California,Five Guys Operations - Store No. 1795,Kings County,05/03/2026,07/02/2026,14,,72 Accommodation and Food Services,2026-05-04 00:00:00,Closure Permanent,1693 West Lacy Blvd. Ste. A  Hanford CA 93230
California,Five Guys Operations - Store No. 1323,Los Angeles County,05/03/2026,05/25/2026,13,,72 Accommodation and Food Services,2026-05-04 00:00:00,Closure Permanent,10140 Carmencita Road  Whittier CA 90605
California,Zenlen Inc. (Native),San Francisco County,05/04/2026,09/01/2026,53,,42 Wholesale Trade,2026-05-04 00:00:00,Closure Permanent,201 California St. #450  San Francisco CA 94111
California,Geodis,San Bernardino County,04/28/2026,07/03/2026,238,,48-49 Transportation and Warehousing,2026-05-05 00:00:00,Layoff Permanent,1710 West Baseline Road  Rialto CA 92376
California,"FM Restaurants HQ, LLC",Orange County,05/06/2026,06/10/2026,56,,72 Accommodation and Food Services,2026-05-06 00:00:00,Closure Permanent,18512 MacArthur Boulevard  Irvine CA 92612
California,"Eclipse Advantage, LLC",San Bernardino County,05/06/2026,05/30/2026,10,,56 Administrative and Support and Waste Management and Remediation,2026-05-06 00:00:00,Closure Permanent,8688 Etiwanda Avenue  Rancho Cucamonga CA 91739
California,"Streamland Media Midco, LLC",Los Angeles County,05/06/2026,07/06/2026,71,,71 Arts Entertainment and Recreation,2026-05-07 00:00:00,Closure Permanent,941 N Highland Ave.  Los Angeles CA 90038
California,GladUDid LLC (Chick-fil-A),San Bernardino County,05/07/2026,07/11/2026,98,,72 Accommodation and Food Services,2026-05-07 00:00:00,Closure Temporary,3640 Grand Ave  Chino Hills CA 91709
California,"Fresh Venture Foods, LLC",Santa Barbara County,05/07/2026,07/10/2026,185,,11 Agriculture Forestry Fishing Hunting,2026-05-07 00:00:00,Closure Permanent,1205 Craig Dr.  Santa Maria CA 93458
California,"Cloudflare, Inc.",San Francisco County,05/07/2026,05/15/2026,224,,54 Professional Scientific and Technical Services,2026-05-08 00:00:00,Layoff Permanent,101 Townsend St.  San Francisco CA 94107
California,"Mercedes-Benz Research & Development North America, Inc.",Los Angeles County,05/07/2026,07/06/2026,72,,54 Professional Scientific and Technical Services,2026-05-08 00:00:00,Closure Permanent,4031 & 4035 Via Oro Ave  Long Beach CA 90810
California,"Reyes Coca-Cola Bottling, L.L.C.",Ventura County,05/08/2026,07/10/2026,85,,31-33 Manufacturing,2026-05-08 00:00:00,Closure Permanent,5335 Walker Street  Ventura CA 93003
California,The People Concern - Cloverfield,Los Angeles County,04/27/2026,06/30/2026,20,,62 Healthcare and Social Assistance,2026-05-11 00:00:00,Layoff Permanent,1751 Cloverfield Blvd.  Santa Monica CA 90404
California,The People Concern - Arlington HQ,Los Angeles County,04/27/2026,06/30/2026,5,,62 Healthcare and Social Assistance,2026-05-11 00:00:00,Layoff Permanent,2116 S Arlington Ste. 100  Los Angeles CA 90018
California,The People Concern - Nest 2,Los Angeles County,04/27/2026,06/30/2026,15,,62 Healthcare and Social Assistance,2026-05-11 00:00:00,Layoff Permanent,222 S Hill St.  Los Angeles CA 90012
California,The People Concern - 316 W,Los Angeles County,04/27/2026,06/30/2026,5,,62 Healthcare and Social Assistance,2026-05-11 00:00:00,Layoff Permanent,316 W 2nd St.  Los Angeles CA 90012
California,The People Concern - Admin,Los Angeles County,04/27/2026,06/30/2026,3,,62 Healthcare and Social Assistance,2026-05-11 00:00:00,Layoff Permanent,1447 - 1453 16th St.  Santa Monica CA 90404
California,Transdev,Tulare County,04/29/2026,06/30/2026,126,,48-49 Transportation and Warehousing,2026-05-11 00:00:00,Closure Permanent,25430 Road 140  Visalia CA 93291
California,"Kidango, Inc. - Skyway Office",Alameda County,05/06/2026,07/01/2026,59,,62 Healthcare and Social Assistance,2026-05-12 00:00:00,Layoff Permanent,3101 Skyway Court  Fremont CA 94539
California,"Kidango, Inc. - Peixoto Center",Alameda County,05/06/2026,07/01/2026,6,,62 Healthcare and Social Assistance,2026-05-12 00:00:00,Layoff Permanent,29159 Ruus Road  Hayward CA 94544
California,"Kidango, Inc. - Castlemont Center",Alameda County,05/06/2026,07/01/2026,2,,62 Healthcare and Social Assistance,2026-05-12 00:00:00,Layoff Permanent,8601 MacArthur Blvd.  Oakland CA 94605
California,"Kidango, Inc. - CCELC Center",Santa Clara County,05/06/2026,07/01/2026,6,,62 Healthcare and Social Assistance,2026-05-12 00:00:00,Layoff Permanent,2000 Kammerer Ave.  San Jose CA 95116
California,"National Distribution Centers, LLC",Los Angeles County,05/11/2026,07/05/2026,50,,48-49 Transportation and Warehousing,2026-05-12 00:00:00,Closure Permanent,8688 Etiwanda Ave  Rancho Cucamonga CA 91732
California,Alain LeRoyLocke College Preparatory Academy (Green Dot Public Schools),Los Angeles County,05/07/2026,06/30/2026,113,,61 Educational Services,2026-05-12 00:00:00,Closure Permanent,325 E. 11th Street  Los Angeles CA 90061
California,PET CLUB,Placer County,05/13/2026,07/18/2026,6,,44-45 Retail Trade,2026-05-13 00:00:00,Closure Permanent,318 N. Sunrise Blvd.  Roseville CA 95661
California,Liberty Healthcare Corporation,San Bernardino County,05/13/2026,07/08/2026,113,,62 Healthcare and Social Assistance,2026-05-13 00:00:00,Layoff Permanent,9500 Etiwanda Ave  Rancho Cucamonga CA 91739
California,Stepping Stone,Los Angeles County,05/01/2026,06/30/2026,8,,62 Healthcare and Social Assistance,2026-05-14 00:00:00,Closure Permanent,200 N. Benton Way  Los Angeles CA 90026
California,Durham School Services,Los Angeles County,05/13/2026,07/31/2026,51,,48-49 Transportation and Warehousing,2026-05-14 00:00:00,Layoff Permanent,4029 Las Virgenes Rd.  Calabasas CA 91302
California,Carnegie Science Institution of Washington,Santa Clara County,04/09/2026,06/30/2026,27,,54 Professional Scientific and Technical Services,2026-05-14 00:00:00,Closure Permanent,260 Panama St.  Stanford CA 94305
California,Boys & Girls Club of the LA Harbor - Banning High,Los Angeles County,05/13/2026,06/10/2026,5,,62 Healthcare and Social Assistance,2026-05-14 00:00:00,Layoff Temporary,1527 Lakme Ave.  Wilmington CA 90744
California,Boys and Girls Club of the LA Harbor - Fries Ave Elementary,Los Angeles County,05/13/2026,06/10/2026,4,,62 Healthcare and Social Assistance,2026-05-14 00:00:00,Layoff Temporary,1301 N Fries Ave.  Wilmington CA 90744
California,Boys & Girls Club of the LA Harbor - Gulf Ave Elementary,Los Angeles County,05/13/2026,06/10/2026,1,,62 Healthcare and Social Assistance,2026-05-14 00:00:00,Layoff Temporary,828 W. L Street  Wilmington CA 90744
California,Boys & Girls Club of LA Harbor - Harry Bridges Span School,Los Angeles County,05/13/2026,06/10/2026,3,,62 Healthcare and Social Assistance,2026-05-14 00:00:00,Layoff Temporary,1235 Broad Ave.  Wilmington CA 90744
California,Boys & Girls Club of the LA Harbor - Harbor Teacher Prep Academy,Los Angeles County,05/13/2026,06/10/2026,7,,62 Healthcare and Social Assistance,2026-05-14 00:00:00,Layoff Temporary,1111 Figueroa Place  Wilmington CA 90744
California,Boys & Girls Club of the LA Harbor - Wilmington Club,Los Angeles County,05/13/2026,06/10/2026,3,,62 Healthcare and Social Assistance,2026-05-14 00:00:00,Layoff Temporary,1444 W. Q Street  Wilmington CA 90744
California,Boys & Girls Club of LA Harbor - Wilmington Park ES,Los Angeles County,05/13/2026,06/10/2026,3,,62 Healthcare and Social Assistance,2026-05-14 00:00:00,Layoff Temporary,1140 Mahar Ave.  Wilmington CA 90744
California,Boys & Girls Club of the LA Harbor - Barton Hill Elementary,Los Angeles County,05/13/2026,06/10/2026,3,,62 Healthcare and Social Assistance,2026-05-14 00:00:00,Layoff Temporary,423 N Pacific Ave.  San Pedro CA 90731
California,Boys & Girls Club of the LA Harbor - Dana Middle School,Los Angeles County,05/13/2026,06/10/2026,3,,62 Healthcare and Social Assistance,2026-05-14 00:00:00,Layoff Temporary,1501 S. Cabrillo Ave.  San Pedro CA 90731
California,Boys & Girls Club of the LA Harbor - Park Western Elementary,Los Angeles County,05/13/2026,06/10/2026,8,,62 Healthcare and Social Assistance,2026-05-14 00:00:00,Layoff Temporary,1214 Park Western Place  San Pedro CA 90732
California,Boys & Girls Club of LA Harbor - Point Fermin Elementary,Los Angeles County,05/13/2026,06/10/2026,5,,62 Healthcare and Social Assistance,2026-05-14 00:00:00,Layoff Temporary,3333 S Kerckhoff Ave.  San Pedro CA 90731
California,Boys & Girls Club of the LA Harbor - South Shores Elementary,Los Angeles County,05/13/2026,06/10/2026,3,,62 Healthcare and Social Assistance,2026-05-14 00:00:00,Layoff Temporary,2060 W 35th Street  San Pedro CA 90732
California,Boys & Girls Club of the LA Harbor - Taper Ave. Elementary,Los Angeles County,05/13/2026,06/10/2026,8,,62 Healthcare and Social Assistance,2026-05-14 00:00:00,Layoff Temporary,1824 N Taper Ave.  San Pedro CA 90731
California,Boy& Girls Club of the LA Harbor - White Point Elementary,Los Angeles County,05/13/2026,06/10/2026,5,,62 Healthcare and Social Assistance,2026-05-14 00:00:00,Layoff Temporary,1410 Silvius Ave.  San Pedro CA 90731
California,Boys & Girls Club of the La Harbor - Cheryl Green/Torrance Club,Los Angeles County,05/13/2026,06/10/2026,1,,62 Healthcare and Social Assistance,2026-05-14 00:00:00,Layoff Temporary,1435 Del Amo Blvd.  Torrance CA 90501
California,Boys & Girls Club of the LA Harbor - Environmental Charter MS,Los Angeles County,05/13/2026,06/10/2026,4,,62 Healthcare and Social Assistance,2026-05-14 00:00:00,Layoff Temporary,812 W 165th Place  Gardena CA 90247
California,Boys & Girls Club of the LA Harbor - Fleming Middle School,Los Angeles County,05/13/2026,06/10/2026,7,,62 Healthcare and Social Assistance,2026-05-14 00:00:00,Layoff Temporary,25425 Walnut Street  Lomita CA 90717
California,Boys &Girls Club of the La Harbor - Harbor City Elementary School,Los Angeles County,05/13/2026,06/10/2026,10,,62 Healthcare and Social Assistance,2026-05-14 00:00:00,Layoff Temporary,1508 254th Street  Harbor City CA 90710
California,Boys & Girls Club at the LA Harbor - Narbonne High School,Los Angeles County,05/13/2026,06/10/2026,2,,62 Healthcare and Social Assistance,2026-05-14 00:00:00,Layoff Temporary,243000 S. Western Ave.  Harbor City CA 90710
California,City National Bank - Flower Street,Los Angeles County,04/27/2026,06/26/2026,1,,52 Finance and Insurance,2026-05-15 00:00:00,Layoff Permanent,555 S. Flower Street  Los Angeles CA 90071
California,City National Bank,Los Angeles County,04/27/2026,06/26/2026,2,,52 Finance and Insurance,2026-05-15 00:00:00,Layoff Permanent,350 S. Grand Ave.  Los Angeles CA 90071
California,Blue Diamond Growers,Sacramento County,05/15/2026,07/17/2026,7,,31-33 Manufacturing,2026-05-15 00:00:00,Closure Permanent,1802 C Street  Sacramento CA 95811
California,LinkedIn Corporation,San Francisco County,05/15/2026,07/13/2026,108,,51 Information,2026-05-15 00:00:00,Layoff Permanent,222 Second Street  San Francisco CA 94105
California,LinkedIn Corporation,Santa Barbara County,05/15/2026,07/13/2026,21,,51 Information,2026-05-15 00:00:00,Layoff Permanent,6410 Via Real  Carpinteria CA 93013
California,LinkedIn Corporation,Santa Clara County,05/15/2026,07/13/2026,59,,51 Information,2026-05-15 00:00:00,Layoff Permanent,1000 W. Maude Avenue  Sunnyvale CA 94085
California,LinkedIn Corporation,Santa Clara County,05/15/2026,07/13/2026,352,,51 Information,2026-05-15 00:00:00,Layoff Permanent,700 E. Middlefield Road  Mountain View CA 94043
California,LinkedIn Corporation (Home Office),Santa Clara County,05/15/2026,07/13/2026,66,,51 Information,2026-05-15 00:00:00,Layoff Permanent,Home Office  Mountain View CA 94043
California,"NBC Manteca Merchants, Inc.",San Joaquin County,05/18/2026,07/17/2026,68,,48-49 Transportation and Warehousing,2026-05-18 00:00:00,Closure Permanent,912 Spreckels Ave.  Manteca CA 95336
California,"Eclipse Advantage, LLC",Los Angeles County,05/18/2026,07/17/2026,6,,44-45 Retail Trade,2026-05-18 00:00:00,Closure Permanent,19788 Van Ness Avenue  Torrance CA 90501
California,Canteen Vending Services,Alameda County,05/19/2026,07/19/2026,110,,72 Accommodation and Food Services,2026-05-19 00:00:00,Layoff Permanent,4817 Hannover Place  Fremont CA 94538
California,"Bayless Manufacturing, LLC",Los Angeles County,05/01/2026,07/15/2026,16,,31-33 Manufacturing,2026-05-19 00:00:00,Layoff Permanent,26140 Avenue Hall  Valencia CA 91355
California,"Bayless Manufacturing, LLC",Los Angeles County,05/01/2026,07/15/2026,3,,31-33 Manufacturing,2026-05-19 00:00:00,Layoff Permanent,28258 Avenue Stanford  Valencia CA 91355
California,"Bayless Manufacturing, LLC",Los Angeles County,05/01/2026,07/15/2026,43,,31-33 Manufacturing,2026-05-19 00:00:00,Layoff Permanent,26100 Avenue Hall  Valencia CA 91355
California,AbbVie Inc.,Orange County,05/19/2026,07/20/2026,85,,54 Professional Scientific and Technical Services,2026-05-19 00:00:00,Layoff Permanent,2525 Dupont Drive  Irvine CA 92612
California,TeamOne,Riverside County,05/18/2026,06/13/2026,725,,56 Administrative and Support and Waste Management and Remediation,2026-05-19 00:00:00,Layoff Permanent,29800 Eucalyptus Ave.  Moreno Valley CA 92555
California,"ACT Lighting, Inc.",Los Angeles County,05/15/2026,07/31/2026,9,,42 Wholesale Trade,2026-05-19 00:00:00,Closure Permanent,250 S. Flower Street  Burbank CA 91502
California,Alliance (Margaret M. Bloomfield),Los Angeles County,05/19/2026,06/30/2026,1,,61 Educational Services,2026-05-20 00:00:00,Layoff Permanent,7907 Santa Fe Ave  Huntington Park CA 90255
California,Alliance (Collins Family College),Los Angeles County,05/19/2026,06/30/2026,2,,61 Educational Services,2026-05-20 00:00:00,Layoff Permanent,2071 Saturn Avenue  Huntington Park CA 90255
California,Alliance (College-Ready Middle),Los Angeles County,05/19/2026,06/30/2026,2,,61 Educational Services,2026-05-20 00:00:00,Layoff Permanent,113 S. Rowan Avenue  Los Angeles CA 90063
California,Alliance (Piera Barbaglia Shaheen Health),Los Angeles County,05/19/2026,06/30/2026,4,,61 Educational Services,2026-05-20 00:00:00,Layoff Permanent,8515 Kansas Avenue  Los Angeles CA 90044
California,Alliance (Kory Hunter),Los Angeles County,05/19/2026,06/30/2026,2,,61 Educational Services,2026-05-20 00:00:00,Layoff Permanent,5886 Compton Ave  Los Angeles CA 90001
California,Alliance (Leichtman-Levine Family),Los Angeles County,05/19/2026,06/30/2026,12,,61 Educational Services,2026-05-20 00:00:00,Layoff Permanent,2930 Fletcher Drive  Los Angeles CA 90065
California,Alliance (Marine - Innovation),Los Angeles County,05/19/2026,06/30/2026,6,,61 Educational Services,2026-05-20 00:00:00,Layoff Permanent,11933 Allegheny St.  Sun Valley CA 91352
California,Alliance (Gertz-Ressler),Los Angeles County,05/19/2026,06/30/2026,1,,61 Educational Services,2026-05-20 00:00:00,Layoff Permanent,2023 South Union Avenue  Los Angeles CA 90007
California,Alliance (Dr. Olga Mohan),Los Angeles County,05/19/2026,06/30/2026,6,,61 Educational Services,2026-05-20 00:00:00,Layoff Permanent,644 West 17th Street  Los Angeles CA 90015
California,Alliance (Patti & Peter Neuwirth),Los Angeles County,05/19/2026,06/30/2026,2,,61 Educational Services,2026-05-20 00:00:00,Layoff Permanent,4610 S. Main Street  Los Angeles CA 90037
California,Alliance (Ouchi-O Donovan),Los Angeles County,05/19/2026,06/30/2026,2,,61 Educational Services,2026-05-20 00:00:00,Layoff Permanent,5356 South 5th Avenue  Los Angeles CA 90043
California,Alliance (Virgil Roberts),Los Angeles County,05/19/2026,06/30/2026,1,,61 Educational Services,2026-05-20 00:00:00,Layoff Permanent,2941 West 70th Street  Los Angeles CA 90043
California,Alliance (Cindy & Bill Simon),Los Angeles County,05/19/2026,06/30/2026,5,,61 Educational Services,2026-05-20 00:00:00,Layoff Permanent,10720 Wilmington Avenue  Los Angeles CA 90059
California,Alliance (Jack H. Skirball),Los Angeles County,05/19/2026,06/30/2026,4,,61 Educational Services,2026-05-20 00:00:00,Layoff Permanent,603 E. 115th Street  Los Angeles CA 90059
California,Alliance (Susan and Eric Smidt),Los Angeles County,05/19/2026,06/30/2026,4,,61 Educational Services,2026-05-20 00:00:00,Layoff Permanent,211 South Avenue 20  Los Angeles CA 90031
California,Alliance (Ted K. Tajima),Los Angeles County,05/19/2026,06/30/2026,3,,61 Educational Services,2026-05-20 00:00:00,Layoff Permanent,1552 Rockwood St  Los Angeles CA 90026
California,Alliance (College-Ready Public Schools),Los Angeles County,05/19/2026,06/30/2026,5,,61 Educational Services,2026-05-20 00:00:00,Layoff Permanent,1149 S. Hill St. Suite 950  Los Angeles CA 90015
California,Intuit Inc.,Santa Clara County,05/20/2026,07/31/2026,493,,51 Information,2026-05-20 00:00:00,Layoff Permanent,2601 Garcia Avenue  Mountain View CA 94043
California,"Credit Karma, LLC",Alameda County,05/20/2026,07/31/2026,117,,56 Administrative and Support and Waste Management and Remediation,2026-05-20 00:00:00,Layoff Permanent,1100 Broadway  Oakland CA 94607
California,"Flagship Facilities Services, LLC",San Francisco County,05/20/2026,07/19/2026,178,,72 Accommodation and Food Services,2026-05-20 00:00:00,Layoff Permanent,250 Howard St  San Francisco CA 94105
California,Intuit Inc.,Los Angeles County,05/20/2026,07/31/2026,90,,51 Information,2026-05-21 00:00:00,Layoff Permanent,21650 Oxnard Street  Woodland Hills CA 91367
California,Intuit Inc.,San Diego County,05/20/2026,07/31/2026,277,,51 Information,2026-05-21 00:00:00,Layoff Permanent,7535 Torry Santa Fe Rd.  San Diego CA 92129
California,Intuit Inc.,San Francisco County,05/20/2026,07/31/2026,50,,51 Information,2026-05-21 00:00:00,Layoff Permanent,505 Howard St.  San Francisco CA 94105
California,"NetApp, Inc.",Santa Clara County,05/20/2026,07/18/2026,77,,31-33 Manufacturing,2026-05-21 00:00:00,Layoff Permanent,3060 Olsen Drive  San Jose CA 95128
California,"National Distribution Centers, LLC (19688 Van Ness Ave)",Los Angeles County,05/18/2026,07/17/2026,1,,48-49 Transportation and Warehousing,2026-05-21 00:00:00,Closure Permanent,19688 Van Ness Ave  Torrance CA 90501
California,"National Distribution Centers, LLC (19788 Van Ness Ave)",Los Angeles County,05/18/2026,07/17/2026,89,,48-49 Transportation and Warehousing,2026-05-21 00:00:00,Closure Permanent,19788 Van Ness Ave  Torrance CA 90501
California,"Meta Platforms, Inc.",Alameda County,05/22/2026,07/22/2026,81,,51 Information,2026-05-22 00:00:00,Layoff Permanent,6530 Paseo Padre Parkway  Fremont CA 94555
California,"Meta Platforms, Inc.",San Mateo County,05/22/2026,07/22/2026,338,,51 Information,2026-05-22 00:00:00,Layoff Permanent,311 Airport Boulevard  Burlingame CA 94010
California,"Meta Platforms, Inc.",San Francisco County,05/22/2026,07/22/2026,252,,51 Information,2026-05-22 00:00:00,Layoff Permanent,250 Howard St  San Francisco CA 94105
California,"Meta Platforms, Inc.",Los Angeles County,05/22/2026,07/22/2026,74,,54 Professional Scientific and Technical Services,2026-05-26 00:00:00,Layoff Permanent,12105 E Waterfront Drive  Playa Vista CA 90094
California,"Meta Platforms, Inc.",San Mateo County,05/22/2026,07/22/2026,2212,,54 Professional Scientific and Technical Services,2026-05-26 00:00:00,Layoff Permanent,1 Hacker Way  Menlo Park CA 94025
California,"Meta Platforms, Inc.",Santa Clara County,05/22/2026,07/22/2026,313,,54 Professional Scientific and Technical Services,2026-05-26 00:00:00,Layoff Permanent,1180 Discovery Way  Sunnyvale CA 94089
California,KBR Services LLC,San Bernardino County,05/24/2026,08/01/2026,650,,81 Other Services Except Public Administration,2026-05-27 00:00:00,Layoff Temporary,"National Training Center, Bldg. 896, Langford Lake Road  Barstow CA 92311"
California,"Transdev Services, Inc.",Yolo County,05/26/2026,07/31/2026,84,,48-49 Transportation and Warehousing,2026-05-27 00:00:00,Closure Permanent,352 Industrial Way  Woodland CA 95776
California,"CHW Entertainment, Inc. dba The Shout! House and Garage",San Diego County,05/25/2026,08/03/2026,77,,71 Arts Entertainment and Recreation,2026-05-28 00:00:00,Layoff Permanent,655 4th Ave.  San Diego CA 92101
California,Centria Autism,Fresno County,05/29/2026,07/31/2026,48,,62 Healthcare and Social Assistance,2026-05-29 00:00:00,Layoff Permanent,575 E Locust Ave. #314  Fresno CA 93720
California,"NYDJ Apparel, LLC",Kern County,05/29/2026,07/31/2026,2,,42 Wholesale Trade,2026-05-29 00:00:00,Layoff Permanent,5125 South Wheeler Ridge Road  Arvin CA 93203
California,"Sunrise Brands, Warehousing Facility LLC",Kern County,05/29/2026,07/31/2026,83,,42 Wholesale Trade,2026-05-29 00:00:00,Layoff Permanent,5125 South Wheeler Ridge Road  Arvin CA 93203
California,Blue Shield of California,Alameda County,05/29/2026,07/28/2026,3,,52 Finance and Insurance,2026-05-29 00:00:00,Layoff Permanent,601 12th Street  Oakland CA 94607
California,Blue Shield of California (Building C),El Dorado County,05/29/2026,07/28/2026,4,,52 Finance and Insurance,2026-05-29 00:00:00,Layoff Permanent,"4203 Town Center Blvd., Building C  El Dorado Hills CA 95762"
California,Blue Shield of California (Building B),El Dorado County,05/29/2026,07/28/2026,5,,52 Finance and Insurance,2026-05-29 00:00:00,Layoff Permanent,"4203 Town Center Blvd., Building B  El Dorado Hills CA 95762"
California,Blue Shield of California,Los Angeles County,05/29/2026,07/28/2026,24,,52 Finance and Insurance,2026-05-29 00:00:00,Layoff Permanent,3840 Kilroy Airport Way  Long Beach CA 90806
California,Blue Shield of California,Los Angeles County,05/29/2026,07/28/2026,9,,52 Finance and Insurance,2026-05-29 00:00:00,Layoff Permanent,6300 Canoga Avenue  Woodland Hills CA 91367
California,Blue Shield of California,San Diego County,05/29/2026,07/28/2026,8,,52 Finance and Insurance,2026-05-29 00:00:00,Layoff Permanent,"3131 Camino Del Rio, Suite #1300  San Diego CA 92108"
California,Blue Shield of California,San Joaquin County,05/29/2026,07/28/2026,4,,52 Finance and Insurance,2026-05-29 00:00:00,Layoff Permanent,3021 Reynolds Ranch Parkway  Lodi CA 95240
California,Blue Shield of California,Shasta County,05/29/2026,07/28/2026,12,,52 Finance and Insurance,2026-05-29 00:00:00,Layoff Permanent,4700 Bechelli Lane  Redding CA 96002
California,"Tricor Industrial, Inc DBA Astrolite Alloys",Ventura County,05/29/2026,07/31/2026,6,,31-33 Manufacturing,2026-05-29 00:00:00,Closure Permanent,201 Bernoulli Circle  Oxnard CA 93030
California,"HealthCare Partners Medical Group, P.C.",Los Angeles County,06/01/2026,08/28/2026,1,,62 Healthcare and Social Assistance,2026-06-01 00:00:00,Layoff Permanent,450 East Huntington Drive  Arcadia CA 91006
California,Acumen LLC & The SPHERE,Los Angeles County,05/28/2026,07/26/2026,11,,54 Professional Scientific and Technical Services,2026-06-01 00:00:00,Layoff Permanent,"601 S. Figueroa Street, Suite 1700  Los Angeles CA 90017"
California,"HealthCare Partners Medical Group, P.C.",Los Angeles County,06/01/2026,08/28/2026,4,,62 Healthcare and Social Assistance,2026-06-01 00:00:00,Layoff Permanent,11600 Indian Hills Road  Los Angeles CA 91345
California,Acumen LLC & The SPHERE,San Mateo County,05/28/2026,07/26/2026,58,,54 Professional Scientific and Technical Services,2026-06-01 00:00:00,Layoff Permanent,"500 Airport Blvd, Suite 100  Burlingame CA 94010"
California,"Bylt, LLC",Orange County,06/01/2026,07/31/2026,67,,31-33 Manufacturing,2026-06-01 00:00:00,Closure Permanent,17421 Derian Ave.  Irvine CA 92614
California,IntelliPower Inc.,Orange County,06/01/2026,07/31/2026,40,,31-33 Manufacturing,2026-06-01 00:00:00,Closure Permanent,1746 N. Saint Thomas Circle  Orange CA 92865
California,"HealthCare Partners Medical Group, P.C.",Los Angeles County,06/01/2026,08/28/2026,2,,62 Healthcare and Social Assistance,2026-06-01 00:00:00,Layoff Permanent,3565 Del Amo Boulevard  Torrance CA 90505
California,"Optum Care, Inc.",Los Angeles County,06/01/2026,07/31/2026,1,,62 Healthcare and Social Assistance,2026-06-01 00:00:00,Layoff Permanent,3565 Del Amo Boulevard  Torrance CA 90505
California,"HealthCare Partners Medical Group, P.C.",Los Angeles County,06/01/2026,08/28/2026,1,,56 Administrative and Support and Waste Management and Remediation,2026-06-02 00:00:00,Closure Permanent,1120 W Washington Blvd.  Los Angeles CA 90015
California,"HealthCare Partners Group, P.C.",Los Angeles County,06/01/2026,08/28/2026,1,,56 Administrative and Support and Waste Management and Remediation,2026-06-02 00:00:00,Layoff Permanent,420 W. Rowland Street  Covina CA 91723
California,"Optum Care, Inc.",Los Angeles County,06/01/2026,07/31/2026,2,,62 Healthcare and Social Assistance,2026-06-02 00:00:00,Layoff Permanent,420 W. Rowland Street  Covina CA 91723
California,"Optum Care, Inc.",Ventura County,06/01/2026,10/03/2026,80,,62 Healthcare and Social Assistance,2026-06-02 00:00:00,Layoff Permanent,1901 North Solar Dr.  Oxnard CA 93036
California,"Off Duty Officers, Inc. (4873 Lone Tree Way)",Contra Costa County,06/02/2026,07/30/2026,5,,56 Administrative and Support and Waste Management and Remediation,2026-06-03 00:00:00,Layoff Permanent,4873 Lone Tree Way  Antioch CA 94531
California,"Off Duty Officers, Inc. (375 M St.)",Del Norte County,06/02/2026,07/30/2026,1,,56 Administrative and Support and Waste Management and Remediation,2026-06-03 00:00:00,Layoff Permanent,375 M St.  Cresent City CA 92102
California,"Off Duty Officers, Inc. (3477 E. Gage Ave.)",Los Angeles County,06/02/2026,07/30/2026,2,,56 Administrative and Support and Waste Management and Remediation,2026-06-03 00:00:00,Layoff Permanent,3477 E. Gage Ave.  Huntington Park CA 90255
California,"Off Duty Officers, Inc. (13533 Seal Beach Blvd.)",Orange County,06/02/2026,07/30/2026,8,,56 Administrative and Support and Waste Management and Remediation,2026-06-03 00:00:00,Layoff Permanent,13533 Seal Beach Blvd.  Seal Beach CA 90740
California,"Off Duty Officers, Inc. (12855 Black Mountain Rd.)",San Diego County,06/02/2026,07/30/2026,2,,56 Administrative and Support and Waste Management and Remediation,2026-06-03 00:00:00,Layoff Permanent,12855 Black Mountain Rd.  San Diego CA 92129
California,"Off Duty Officers, Inc. (1196 3rd Ave.)",San Diego County,06/02/2026,07/30/2026,1,,56 Administrative and Support and Waste Management and Remediation,2026-06-03 00:00:00,Layoff Permanent,1196 3rd Ave.  Chula Vista CA 91911
California,"Off Duty Officers, Inc. (1081-1139 South Mission Rd.)",San Diego County,06/02/2026,07/30/2026,2,,56 Administrative and Support and Waste Management and Remediation,2026-06-03 00:00:00,Layoff Permanent,1081-1139 South Mission Rd.  Fallbrook CA 92028
California,"Off Duty Officers, Inc. (1250 Delevan Dr.)",San Diego County,06/02/2026,07/30/2026,5,,56 Administrative and Support and Waste Management and Remediation,2026-06-03 00:00:00,Layoff Permanent,1250 Delevan Dr.  San Diego CA 92102
California,"Off Duty Officers, Inc. (789 W Harbor Dr.)",San Diego County,06/02/2026,07/30/2026,5,,56 Administrative and Support and Waste Management and Remediation,2026-06-03 00:00:00,Layoff Permanent,789 W Harbor Dr.  San Diego CA 92101
California,"Off Duty Officers, Inc. (999 Woodlake Dr.)",San Diego County,06/02/2026,07/30/2026,1,,56 Administrative and Support and Waste Management and Remediation,2026-06-03 00:00:00,Layoff Permanent,999 Woodlake Dr.  Cardiff CA 92007
California,"Off Duty Officers, Inc. (151 Van Houten Ave.)",San Diego County,06/02/2026,07/30/2026,3,,56 Administrative and Support and Waste Management and Remediation,2026-06-03 00:00:00,Layoff Permanent,151 Van Houten Ave.  El Cajon CA 92020
California,"Off Duty Officers, Inc. (123 35th St.)",San Diego County,06/02/2026,07/30/2026,2,,56 Administrative and Support and Waste Management and Remediation,2026-06-03 00:00:00,Layoff Permanent,123 35th St.  San Diego CA 92102
California,"Off Duty Officers, Inc. (3333 National Ave.)",San Diego County,06/02/2026,07/30/2026,2,,56 Administrative and Support and Waste Management and Remediation,2026-06-03 00:00:00,Layoff Permanent,3333 National Ave.  San Diego CA 92113
California,"Off Duty Officers, Inc. (8 Crestwood Rd.)",San Diego County,06/02/2026,07/30/2026,1,,56 Administrative and Support and Waste Management and Remediation,2026-06-03 00:00:00,Layoff Permanent,8 Crestwood Rd.  Boulevard CA 91905
California,"Off Duty Officers, Inc. (4058 Willows Rd.)",San Diego County,06/02/2026,07/30/2026,1,,56 Administrative and Support and Waste Management and Remediation,2026-06-03 00:00:00,Layoff Permanent,4058 Willows Rd.  Alpine CA 91901
California,"Off Duty Officers, Inc. (8725 Ariva Ct.)",San Diego County,06/02/2026,07/30/2026,3,,56 Administrative and Support and Waste Management and Remediation,2026-06-03 00:00:00,Layoff Permanent,8725 Ariva Ct.  San Diego CA 92123
California,"Off Duty Officers, Inc. (262 North El Camino Real)",San Diego County,06/02/2026,07/30/2026,3,,56 Administrative and Support and Waste Management and Remediation,2026-06-03 00:00:00,Layoff Permanent,262 North El Camino Real  Encinitas CA 92024
California,"Off Duty Officers, Inc. (1500-1552 Encinitas Blvd.)",San Diego County,06/02/2026,07/30/2026,2,,56 Administrative and Support and Waste Management and Remediation,2026-06-03 00:00:00,Layoff Permanent,1500-1552 Encinitas Blvd.  Encinitas CA 92024
California,"Off Duty Officers, Inc. (105-133 North El Camino Real)",San Diego County,06/02/2026,07/30/2026,2,,56 Administrative and Support and Waste Management and Remediation,2026-06-03 00:00:00,Layoff Permanent,105-133 North El Camino Real  Encinitas CA 92024
California,"Off Duty Officers, Inc. (3439 Via Montebello)",San Diego County,06/02/2026,07/30/2026,4,,56 Administrative and Support and Waste Management and Remediation,2026-06-03 00:00:00,Layoff Permanent,3439 Via Montebello  Carlsbad CA 92009
California,"Off Duty Officers, Inc. (10615 Tierrasanta Blvd.)",San Diego County,06/02/2026,07/30/2026,2,,56 Administrative and Support and Waste Management and Remediation,2026-06-03 00:00:00,Layoff Permanent,10615 Tierrasanta Blvd.  San Diego CA 92124
California,"Trifecta JLS, Inc./Plank",Alameda County,05/27/2026,08/02/2026,70,,72 Accommodation and Food Services,2026-06-03 00:00:00,Closure Permanent,98 Broadway  Oakland CA 94607
California,Highlands Community Charter and Technical Schools (1111 Howe Ave),Sacramento County,06/03/2026,07/30/2026,43,,61 Educational Services,2026-06-03 00:00:00,Layoff Permanent,1111 Howe Ave  Sacramento CA 95825
California,Highlands Community Charter and Technical Schools (5961 Franklin Blvd),Sacramento County,06/03/2026,07/30/2026,9,,61 Educational Services,2026-06-03 00:00:00,Layoff Permanent,5961 Franklin Blvd  Sacramento CA 95824
California,Highlands Community Charter and Technical Schools (901 Arden Way),Sacramento County,06/03/2026,07/30/2026,1,,61 Educational Services,2026-06-03 00:00:00,Layoff Permanent,901 Arden Way  Sacramento CA 95815
California,Highlands Community Charter and Technical Schools (800 Todhunter Ave),Sacramento County,06/03/2026,07/30/2026,5,,61 Educational Services,2026-06-03 00:00:00,Layoff Permanent,800 Todhunter Ave  Sacramento CA 95605
California,Highlands Community Charter and Technical Schools (8180 Industrial Parkway),Sacramento County,06/03/2026,07/30/2026,1,,61 Educational Services,2026-06-03 00:00:00,Layoff Permanent,8180 Industrial Parkway  Sacramento CA 95824
California,Highlands Community Charter and Technical Schools (3727 Marconi Ave),Sacramento County,06/03/2026,07/30/2026,10,,61 Educational Services,2026-06-03 00:00:00,Layoff Permanent,3727 Marconi Ave  Sacramento CA 95821
California,Highlands Community Charter and Technical Schools (7817 Old Auburn Road),Sacramento County,06/03/2026,07/30/2026,1,,61 Educational Services,2026-06-03 00:00:00,Layoff Permanent,7817 Old Auburn Road  Citrus Heights CA 95610
California,Highlands Community Charter and Technical Schools (4541 College Oak Drive),Sacramento County,06/03/2026,07/30/2026,1,,61 Educational Services,2026-06-03 00:00:00,Layoff Permanent,4541 College Oak Drive  Sacramento CA 95841
California,Highlands Community Charter and Technical Schools (2520 33rd Street),Sacramento County,06/03/2026,07/30/2026,1,,61 Educational Services,2026-06-03 00:00:00,Layoff Permanent,2520 33rd Street  Sacramento CA 95817
California,Highlands Community Charter and Technical Schools (3301 37th Ave),Sacramento County,06/03/2026,07/30/2026,2,,61 Educational Services,2026-06-03 00:00:00,Layoff Permanent,3301 37th Ave  Sacramento CA 95824
California,Highlands Community Charter and Technical Schools (5655 Hillsdale Blvd),Sacramento County,06/03/2026,07/30/2026,5,,61 Educational Services,2026-06-03 00:00:00,Layoff Permanent,5655 Hillsdale Blvd  Sacramento CA 95842
California,"GXO Logistics Worldwide, LLC",San Bernardino County,06/01/2026,08/02/2026,31,,48-49 Transportation and Warehousing,2026-06-03 00:00:00,Closure Permanent,7010 Cajon Blvd.  San Bernardino CA 92407
California,"Telecare Corporation - Brighter Tomorrow, Program 162 &quot;Casa B&quot;",Ventura County,05/18/2026,06/30/2026,25,,62 Healthcare and Social Assistance,2026-06-03 00:00:00,Closure Permanent,1750 B South Lewis Road  Camarillo CA 93012
California,"Telecare Corporation - House of Transitions, Program 163 &quot;Casa C&quot;",Ventura County,05/18/2026,06/30/2026,15,,62 Healthcare and Social Assistance,2026-06-03 00:00:00,Closure Permanent,1750 C South Lewis Road  Camarillo CA 93012
California,"Telecare Corporation - Recovery Starship, Program 164 &quot;Casa D&quot;",Ventura County,05/18/2026,06/30/2026,18,,62 Healthcare and Social Assistance,2026-06-03 00:00:00,Closure Permanent,1760 South Lewis Road  Camarillo CA 93012
California,"Telecare Corproation - Stonehenge, Program 165 &quot;Casa E&quot;",Ventura County,05/18/2026,06/30/2026,18,,62 Healthcare and Social Assistance,2026-06-03 00:00:00,Closure Permanent,1758 South Lewis Road  Camarillo CA 93012
California,"Quizlet, Inc.",San Francisco County,06/03/2026,06/05/2026,79,,54 Professional Scientific and Technical Services,2026-06-04 00:00:00,Layoff Permanent,"123 Townsend St, Suite 600  San Francisco CA 94107"
California,Morgan Advance Ceramics Inc.,Alameda County,06/05/2026,08/08/2026,96,,31-33 Manufacturing,2026-06-05 00:00:00,Closure Permanent,2425 Whipple Road  Hayward CA 94544
California,"CAT Restaurant Management, LLC",Los Angeles County,05/01/2026,07/03/2026,57,,72 Accommodation and Food Services,2026-06-05 00:00:00,Closure Permanent,8171 Santa Monica Blvd  West Hollywood CA 90046
California,"Dwyer Instruments, LLC",Los Angeles County,06/02/2026,08/07/2026,53,,31-33 Manufacturing,2026-06-05 00:00:00,Closure Permanent,2855 Metropolitan Place  Pomona CA 91767
California,Blue Diamond Growers,Sacramento County,06/05/2026,08/07/2026,40,,31-33 Manufacturing,2026-06-05 00:00:00,Closure Permanent,1802 C Street  Sacramento CA 95811
California,"St. Vincent de Paul Society of Lane County, Inc.",San Joaquin County,06/03/2026,07/11/2026,8,,56 Administrative and Support and Waste Management and Remediation,2026-06-05 00:00:00,Closure Permanent,3837 Producers Dr. #500  Stockton CA 95206
California,Verily Health Inc.,San Mateo County,06/08/2026,08/07/2026,58,,54 Professional Scientific and Technical Services,2026-06-08 00:00:00,Layoff Permanent,999 Bayhill Dr.  San Bruno CA 94066
California,"Salesforce, Inc.",San Francisco County,06/08/2026,08/07/2026,86,,54 Professional Scientific and Technical Services,2026-06-08 00:00:00,Layoff Permanent,415 Mission Street  San Francisco CA 94105
California,"ServiceNow, Inc.",Santa Clara County,06/10/2026,08/17/2026,54,,54 Professional Scientific and Technical Services,2026-06-10 00:00:00,Layoff Permanent,2225 Lawson Lane  Santa Clara CA 95054
California,"Veritone, Inc.",Orange County,06/10/2026,08/10/2026,31,,54 Professional Scientific and Technical Services,2026-06-10 00:00:00,Layoff Permanent,"5291 California Ave., Ste. 350  Irvine CA 92617"
California,"ServiceNow, Inc.",San Diego County,06/10/2026,08/17/2026,63,,54 Professional Scientific and Technical Services,2026-06-10 00:00:00,Layoff Permanent,4801 Eastgate Mall  San Diego CA 92121
California,Ubisoft,San Francisco County,06/10/2026,08/10/2026,93,,51 Information,2026-06-10 00:00:00,Layoff Permanent,"300 Mission Street, 20th Floor  San Francisco CA 94105"
California,Hy-Tek Intralogistics,San Bernardino County,06/11/2026,08/10/2026,200,,42 Wholesale Trade,2026-06-11 00:00:00,Layoff Permanent,11500 Phelan Road  Hesperia CA 92344
California,Leggett & Platt,San Bernardino County,06/15/2026,08/14/2026,125,,42 Wholesale Trade,2026-06-15 00:00:00,Closure Permanent,1671 S. Champagne Avenue  Ontario CA 91761
California,"Uber Technologies, Inc.",San Francisco County,06/12/2026,08/11/2026,3,,48-49 Transportation and Warehousing,2026-06-15 00:00:00,Layoff Permanent,1655 3rd Street  San Francisco CA 94158
California,United Natural Foods West,Los Angeles County,06/15/2026,08/17/2026,11,,42 Wholesale Trade,2026-06-16 00:00:00,Closure Permanent,5300 Sheila St.  Los Angeles CA 90040
California,Lumileds LLC,Santa Clara County,06/17/2026,08/31/2026,11,,31-33 Manufacturing,2026-06-17 00:00:00,Closure Permanent,370 W. Trimble Rd  San Jose CA 95131
California,Blue Diamond Growers,Sacramento County,06/18/2026,08/21/2026,56,,31-33 Manufacturing,2026-06-18 00:00:00,Closure Permanent,1802 C Street  Sacramento CA 95811
California,Chick-fil-A,San Diego County,06/18/2026,08/15/2026,147,,72 Accommodation and Food Services,2026-06-18 00:00:00,Closure Temporary,2089 Olympic Pkway  Chula Vista CA 91915
California,"Uber Technologies, Inc. (1655 3rd Street)",San Francisco County,06/03/2026,08/03/2026,2,,48-49 Transportation and Warehousing,2026-06-18 00:00:00,Layoff Permanent,1655 3rd Street  San Francisco CA 94158
California,"Uber Technologies, Inc. (1725 3rd St.)",San Francisco County,06/03/2026,08/03/2026,22,,48-49 Transportation and Warehousing,2026-06-18 00:00:00,Layoff Permanent,1725 3rd St.  San Francisco CA 94158
California,"Uber Technologies, Inc. (Remote)",San Francisco County,06/03/2026,08/03/2026,5,,48-49 Transportation and Warehousing,2026-06-18 00:00:00,Layoff Permanent,Remote  San Francisco CA 94158
California,"Comedy Club Oxnard, LLC",Ventura County,06/17/2026,08/17/2026,69,,48-49 Transportation and Warehousing,2026-06-18 00:00:00,Closure Permanent,591 Collection Blvd.  Oxnard CA 93036
California,Walmart (1345 Crossman Ave.),Santa Clara County,06/19/2026,08/21/2026,67,,44-45 Retail Trade,2026-06-19 00:00:00,Layoff Permanent,1345 Crossman Ave.  Sunnyvale CA 94086
California,Walmart (1375 Crossman Ave.),Santa Clara County,06/19/2026,08/21/2026,63,,44-45 Retail Trade,2026-06-19 00:00:00,Layoff Permanent,1375 Crossman Ave.  Sunnyvale CA 94086
California,Walmart (1395 Crossman Ave.),Santa Clara County,06/19/2026,08/21/2026,68,,44-45 Retail Trade,2026-06-19 00:00:00,Layoff Permanent,1395 Crossman Ave  Sunnyvale CA 94086
California,Walmart (640 W. California Ave.),Santa Clara County,06/19/2026,08/21/2026,3,,44-45 Retail Trade,2026-06-19 00:00:00,Layoff Permanent,640 W. California Ave.  Sunnyvale CA 94086
California,Walmart (809 11th Ave),Santa Clara County,06/19/2026,08/21/2026,49,,44-45 Retail Trade,2026-06-19 00:00:00,Layoff Permanent,809 11th Ave  Sunnyvale CA 94086
California,Walmart (815 Eleventh Ave),Santa Clara County,06/19/2026,08/21/2026,54,,44-45 Retail Trade,2026-06-19 00:00:00,Layoff Permanent,815 Eleventh Ave  Sunnyvale CA 94086
California,Walmart (840 W California Ave),Santa Clara County,06/19/2026,08/21/2026,1,,44-45 Retail Trade,2026-06-19 00:00:00,Layoff Permanent,840 W California Ave  Sunnyvale CA 94086
California,Walmart (860 W California Ave),Santa Clara County,06/19/2026,08/21/2026,1,,44-45 Retail Trade,2026-06-19 00:00:00,Layoff Permanent,860 W California Ave  Sunnyvale CA 94086
California,"Lucid Group, Inc.",Alameda County,06/22/2026,08/21/2026,136,,31-33 Manufacturing,2026-06-22 00:00:00,Layoff Permanent,7373 Gateway Blvd  Newark CA 94560
California,"Vine Hospitality (LB Steak Bishop Ranch, LP)",Contra Costa County,06/21/2026,06/23/2026,51,,72 Accommodation and Food Services,2026-06-22 00:00:00,Closure Permanent,"6000 Bollinger Canyon Road, Suite 1614  San Ramon CA 94583"
California,"Vine Hospitality (Left Bank Tiburon, LP)",Marin County,06/21/2026,06/23/2026,20,,72 Accommodation and Food Services,2026-06-22 00:00:00,Closure Permanent,1696 Tiburon Blvd  Tiburon CA 94920
California,"Vine Hospitality (Blue Rock Restaurant Partners, LP)",Marin County,06/21/2026,06/23/2026,54,,72 Accommodation and Food Services,2026-06-22 00:00:00,Closure Permanent,507 Magnolia Avenue  Larkspur CA 94939
California,"Vine Hospitality (Left Bank Menlo Park Partners, LP)",San Mateo County,06/21/2026,06/23/2026,42,,72 Accommodation and Food Services,2026-06-22 00:00:00,Closure Permanent,635 Santa Cruz Avenue  Menlo Park CA 94025
California,"Vine Hospitality (Meso Santana Row, LP)",Santa Clara County,06/21/2026,06/23/2026,54,,72 Accommodation and Food Services,2026-06-22 00:00:00,Closure Permanent,"3060 Olsen Drive, Suite 50  San Jose CA 95128"
California,"Vine Hospitality (La Rive Gauche San Jose, LLC)",Santa Clara County,06/21/2026,06/23/2026,73,,72 Accommodation and Food Services,2026-06-22 00:00:00,Closure Permanent,"377 Santana Row, Suite 1100  San Jose CA 95128"
California,"Vine Hospitality (Santana Grill Partners, LP)",Santa Clara County,06/21/2026,06/23/2026,59,,72 Accommodation and Food Services,2026-06-22 00:00:00,Closure Permanent,"344 Santana Row, Suite 1000  San Jose CA 95128"
California,"Vine Hospitality (Vine Dining Enterprises, Inc)",Santa Clara County,06/21/2026,06/23/2026,12,,72 Accommodation and Food Services,2026-06-22 00:00:00,Closure Permanent,"3031 Tisch Way, Suite 90  San Jose CA 95128"
California,"GXO Logistics Worldwide, LLC",San Bernardino County,06/22/2026,08/02/2026,53,,54 Professional Scientific and Technical Services,2026-06-22 00:00:00,Closure Permanent,7010 Cajon Blvd  San Bernardino CA 92407
California,Keywords International Limited Group,San Francisco County,06/22/2026,08/22/2026,128,,51 Information,2026-06-22 00:00:00,Layoff Permanent,350 Bush St  San Francisco CA 94111
California,Corteva Agriscience,Contra Costa County,06/23/2026,08/28/2026,1,,31-33 Manufacturing,2026-06-23 00:00:00,Layoff Permanent,901 Loveridge Road  Pittsburg CA 94565
California,Valley Children's Hospital,Madera County,06/23/2026,08/31/2026,88,,72 Accommodation and Food Services,2026-06-23 00:00:00,Layoff Permanent,9300 Valley Children's Place  Madera CA 93636
California,"Sangamo Therapeutics, Inc.",Contra Costa County,06/22/2026,06/22/2026,47,,54 Professional Scientific and Technical Services,2026-06-23 00:00:00,Layoff Permanent,501 Canal Blvd  Richmond CA 94804
California,Walmart,San Mateo County,06/19/2026,08/21/2026,88,,44-45 Retail Trade,2026-06-23 00:00:00,Layoff Permanent,850 Cherry Avenue  San Bruno CA 94066
California,"Sangamo Therapeutics, Inc.",San Mateo County,06/22/2026,06/22/2026,4,,54 Professional Scientific and Technical Services,2026-06-23 00:00:00,Layoff Permanent,7000 Marina Blvd  Brisbane CA 94005
California,"Cisco Systems, Inc.",Santa Clara County,06/16/2026,07/13/2026,154,,54 Professional Scientific and Technical Services,2026-06-23 00:00:00,Layoff Permanent,560 McCarthy Blvd.  Milpitas CA 95035
California,Frick Paper Company (Paper Mart),Orange County,06/22/2026,08/28/2026,78,,31-33 Manufacturing,2026-06-23 00:00:00,Closure Permanent,2164 N. Batavia Street  Orange CA 92865
California,"Cisco Systems, Inc.",San Francisco County,06/16/2026,07/13/2026,81,,54 Professional Scientific and Technical Services,2026-06-23 00:00:00,Layoff Permanent,500 Terry A. Francois Blvd  San Francisco CA 94158
California,ODS Technologies LP and Betfair Interactive US LLC,Los Angeles County,06/08/2026,08/04/2026,28,,51 Information,2026-06-24 00:00:00,Layoff Permanent,"6701 Center Drive West, Suite 160  Los Angeles CA 90045"
California,"Cisco Systems, Inc.",Santa Clara County,06/16/2026,07/13/2026,236,,54 Professional Scientific and Technical Services,2026-06-24 00:00:00,Layoff Permanent,170 West Tasman Drive  San Jose CA 95134
California,"BILL Operations, LLC",Santa Clara County,06/24/2026,08/24/2026,129,,51 Information,2026-06-24 00:00:00,Layoff Permanent,"6220 America Center Drive, Suite 100  San Jose CA 95002"
California,Raytheon,Los Angeles County,06/24/2026,08/28/2026,1,,54 Professional Scientific and Technical Services,2026-06-24 00:00:00,Layoff Permanent,2000 E El Segundo Blvd  El Segundo CA 90245
California,"Nestle USA, Inc.",Stanislaus County,06/23/2026,08/31/2026,57,,31-33 Manufacturing,2026-06-24 00:00:00,Closure Temporary,736 Garner Rd.  Modesto CA 95357
California,"Flagship Facilities Services, LLC",Santa Clara County,06/26/2026,07/19/2026,2,,72 Accommodation and Food Services,2026-06-26 00:00:00,Layoff Permanent,"1180 Discovery Way, Bldg 5  Sunnyvale CA 94555"
California,Adventist Health Bakersfield,Kern County,06/25/2026,07/03/2026,15,,62 Healthcare and Social Assistance,2026-06-26 00:00:00,Layoff Permanent,2615 Chester Ave.  Bakersfield CA 93301
California,Adventist Health Delano,Kern County,06/25/2026,07/03/2026,3,,62 Healthcare and Social Assistance,2026-06-26 00:00:00,Layoff Permanent,1401 Garces Hwy  Delano CA 93215
California,Adventist Health Specialty Bakersfield,Kern County,06/25/2026,07/03/2026,1,,62 Healthcare and Social Assistance,2026-06-26 00:00:00,Layoff Permanent,3001 Sillect Ave.  Bakersfield CA 93308
California,Adventist Health Tehachapi Valley,Kern County,06/25/2026,07/03/2026,3,,62 Healthcare and Social Assistance,2026-06-26 00:00:00,Layoff Permanent,1100 Magelian Drive  Tehachapi CA 93561
California,Adventist Health Hanford,Kings County,06/25/2026,07/03/2026,12,,62 Healthcare and Social Assistance,2026-06-26 00:00:00,Layoff Permanent,115 Mall Drive  Hanford CA 93230
California,Adventist Health Clear Lake,Lake County,06/25/2026,07/03/2026,4,,62 Healthcare and Social Assistance,2026-06-26 00:00:00,Layoff Permanent,15630 18th Avenue  Clear lake CA 95422
California,Adventist Health Glendale,Los Angeles County,06/25/2026,07/03/2026,12,,62 Healthcare and Social Assistance,2026-06-26 00:00:00,Layoff Permanent,1509 Wilson Terrace  Glendale CA 91206
California,Adventist Health White Memorial Montebello,Los Angeles County,06/25/2026,07/03/2026,2,,62 Healthcare and Social Assistance,2026-06-26 00:00:00,Layoff Permanent,309 W Beverly Blvd.  Montebello CA 90640
California,Adventist Health White Memorial Cesar E. Chavez,Los Angeles County,06/25/2026,07/03/2026,11,,62 Healthcare and Social Assistance,2026-06-26 00:00:00,Layoff Permanent,1720 E.. Cesar E. Chavez Ave.  Los Angeles CA 90033
California,Adventist Health Howard Memorial,Mendocino County,06/25/2026,07/03/2026,6,,62 Healthcare and Social Assistance,2026-06-26 00:00:00,Layoff Permanent,One Marcela Drive  Willits CA 95490
California,Adventist Health Mendocino Coast,Mendocino County,06/25/2026,07/03/2026,3,,62 Healthcare and Social Assistance,2026-06-26 00:00:00,Layoff Permanent,700 River Drive  Fort Bragg CA 95437
California,Adventist Health Ukiah Valley,Mendocino County,06/25/2026,07/03/2026,5,,62 Healthcare and Social Assistance,2026-06-26 00:00:00,Layoff Permanent,275 Hospital Drive  Ukiah CA 95482
California,Adventist Health St. Helena,Napa County,06/25/2026,07/03/2026,3,,62 Healthcare and Social Assistance,2026-06-26 00:00:00,Layoff Permanent,10 Woodland Road St  St. Helena CA 94574
California,Adventist Health Roseville,Placer County,06/25/2026,07/03/2026,2,,62 Healthcare and Social Assistance,2026-06-26 00:00:00,Layoff Permanent,1 Adventist Health Way  Roseville CA 95661
California,Adventist Health Lodi Memorial,San Joaquin County,06/25/2026,07/03/2026,7,,62 Healthcare and Social Assistance,2026-06-26 00:00:00,Layoff Permanent,975 S. Fairmont Avenue  Lodi CA 95240
California,Adventist Health Sierra Vista,San Luis Obispo County,06/25/2026,07/03/2026,5,,62 Healthcare and Social Assistance,2026-06-26 00:00:00,Layoff Permanent,1010 Murray Ave.  San Luis Obispo CA 93405
California,Adventist Health Twin Cities,San Luis Obispo County,06/25/2026,07/03/2026,4,,62 Healthcare and Social Assistance,2026-06-26 00:00:00,Layoff Permanent,1100 Las Tablas Rd.  Templeton CA 93465
California,Adventist Health Vallejo,Solano County,06/25/2026,07/03/2026,3,,62 Healthcare and Social Assistance,2026-06-26 00:00:00,Layoff Permanent,525 Oregon Street  Vallejo CA 94590
California,Adventist Health Sonora,Tuolumne County,06/25/2026,07/03/2026,8,,62 Healthcare and Social Assistance,2026-06-26 00:00:00,Layoff Permanent,1000 Greenley Road  Sonora CA 95370
California,Adventist Health Simi Valley,Ventura County,06/25/2026,07/03/2026,7,,62 Healthcare and Social Assistance,2026-06-26 00:00:00,Layoff Permanent,2975 North Sycamore Drive  Simi Valley CA 93065
California,Adventist Health and Rideout,Yuba County,06/25/2026,07/03/2026,9,,62 Healthcare and Social Assistance,2026-06-26 00:00:00,Layoff Permanent,726 4th Street  Marysville CA 95901
California,International Paper Company,Sacramento County,06/26/2026,08/28/2026,130,,31-33 Manufacturing,2026-06-26 00:00:00,Closure Permanent,10268 Waterman Road  Elk Grove CA 95624
California,Blue Diamond Growers,Sacramento County,06/26/2026,08/28/2026,93,,31-33 Manufacturing,2026-06-26 00:00:00,Closure Permanent,1802 C Street  Sacramento CA 95811
California,"Flagship Facilities Services, LLC",San Francisco County,06/26/2026,07/19/2026,13,,72 Accommodation and Food Services,2026-06-26 00:00:00,Layoff Permanent,250 Howard St  San Francisco CA 94105
California,VCA Corporate Support Office,Los Angeles County,06/26/2026,09/01/2026,100,,54 Professional Scientific and Technical Services,2026-06-29 00:00:00,Layoff Permanent,12401 and 12421 W Olympic Boulevard  Los Angeles CA 90064
California,"Flagship Facilities Services, LLC",San Mateo County,06/26/2026,07/19/2026,5,,72 Accommodation and Food Services,2026-06-29 00:00:00,Layoff Permanent,1 Hacker Way  Menlo Park CA 94025
California,"Robinhood Markets, Inc.",San Mateo County,06/16/2026,09/01/2026,63,,52 Finance and Insurance,2026-06-29 00:00:00,Layoff Permanent,85 Willow Road  Menlo Park CA 94025
California,Dignity Health (Bakersfield Memorial Hospital),Kern County,06/29/2026,08/03/2026,57,,62 Healthcare and Social Assistance,2026-06-30 00:00:00,Layoff Permanent,420 34th Street  Bakersfield CA 93301
California,Dignity Health (California Hospital Medical Center),Los Angeles County,06/29/2026,08/03/2026,82,,62 Healthcare and Social Assistance,2026-06-30 00:00:00,Layoff Permanent,1401 S. Grand Ave.  Los Angeles CA 90015
California,Fox Sports En Espanol LLC,Los Angeles County,06/30/2026,09/01/2026,133,,51 Information,2026-06-30 00:00:00,Layoff Permanent,1440 S. Sepulveda Blvd  Los Angeles CA 90025
California,Federal Express Corporation,San Diego County,06/30/2026,08/31/2026,57,,48-49 Transportation and Warehousing,2026-06-30 00:00:00,Closure Permanent,9192 Kearny Villa Court  San Diego CA 92123
California,Ballast Point Brewing Company,San Francisco County,06/29/2026,06/29/2026,19,,72 Accommodation and Food Services,2026-06-30 00:00:00,Closure Permanent,705 16th Street  San Francisco CA 94158
California,McDonald's Corporation,Los Angeles County,06/30/2026,09/01/2026,2,,72 Accommodation and Food Services,2026-07-01 00:00:00,Closure Permanent,17030 Green Drive  City of Industry CA 91745
California,"Genentech, Inc.",San Mateo County,06/26/2026,07/29/2026,103,,54 Professional Scientific and Technical Services,2026-07-01 00:00:00,Layoff Permanent,1 DNA Way  South San Francisco CA 94080
California,Athwal FDS Corporation,San Bernardino County,06/30/2026,08/30/2026,35,,56 Administrative and Support and Waste Management and Remediation,2026-07-01 00:00:00,Layoff Permanent,932 West Mill Street  San Bernardino CA 92410
