state,company,city,notice_date,layoff_date,employees_affected,closure_type,notes,State,Number of Workers,WARN Received Date,Closure/Layoff,Temporary/Permanent,Union,Notes
Kentucky,SMBC Manubank,,,10/09/2026,,,522110,Kentucky,1,08/10/2026,Closure,,Non-Union,
Kentucky,80 Acres Farm,,,08/03/2026,,,Northern Kentucky | Boone | 11141,Kentucky,127,08/03/2026,Closure,,Non-Union,
Kentucky,Battelle Memorial Institute E3,,,09/24/2026,,,Bluegrass | Madison | 541715,Kentucky,1,07/23/2026,Closure,,Non-Union,
Kentucky,Geodis,,,09/08/2026,,,Northern Kentucky | Boone | 493110,Kentucky,73,07/10/2026,Layoff,,Non-Union,
Kentucky,Levi Strauss & Co,,,08/30/2026,,,Northern Kentucky | Boone | 315250,Kentucky,303,06/30/2026,Closure,,Both,
Kentucky,"Conduent Commercial Solutions, LLC",Louisville,,08/28/2026,,,Kentuckiana Works | Jefferson | 561110,Kentucky,24,06/29/2026,Layoff,,Non-Union,
Kentucky,"Congo Brands (Alani, Prime, 3D Energy)",,,08/26/2026,,,Kentuckiana Works | Jefferson | 312111,Kentucky,28,06/26/2026,,,Non-Union,
Kentucky,"RNDC of Kentucky, LLC",Louisville,,08/17/2026,,,Kentuckiana Works | Jefferson | 424820,Kentucky,174,06/18/2026,Closure,,,
Kentucky,Vestis,,,08/15/2026,,,Bluegrass | Fayette | 812332,Kentucky,32,06/16/2026,Closure,,Non-Union,
Kentucky,Carrier Corporation (Franklin Operation),,,08/30/2026,,,South Central | Simpson | 333415,Kentucky,70,06/12/2026,Closure,,Non-Union,
Kentucky,Battelle Memorial Institute E3,,,07/06/2026,,,Bluegrass | Madison | 541715,Kentucky,3,05/07/2026,Closure,,,
Kentucky,"University of Kentucky College of Medicine, Department of Behavioral Science",,,06/30/2026,,,Bluegrass | Fayette | 611310,Kentucky,36,05/05/2026,Layoff,,Non-Union,
Kentucky,UK HealthCare-HIV Program Operations (KIRP),,,06/30/2026,,,Bluegrass | Fayette | 611310,Kentucky,61,05/05/2026,Closure,,Non-Union,
Kentucky,Stella-Jones Corporation,,,07/01/2026,,,Western Kentucky | Fulton | 321114,Kentucky,67,04/30/2026,Closure,,Non-Union,
Kentucky,"Aramark Campus, LLC",,,06/30/2026,,,Bluegrass | Fayette | 722310,Kentucky,923,04/29/2026,Closure,,Both,
Kentucky,Marsden Services LLC,Louisville,,05/10/2026,,,Kentuckiana Works | Jefferson,Kentucky,106,04/16/2026,Layoff,,,
Kentucky,Legacy Supply Chain,Louisville,,06/06/2026,,,Kentuckiana Works | Jefferson,Kentucky,123,04/01/2026,Closure,,,
Kentucky,Bluegrass UPS Facility,Louisville,,06/02/2026,,,Kentuckiana Works | Jefferson,Kentucky,65,04/01/2026,Closure,,Both,
Kentucky,Battelle Memorial Institute E3,,,05/06/2026,,,Bluegrass | Madison | 541715,Kentucky,5,03/05/2026,Closure,,,
Kentucky,"FRAM First Brands Group, LLC",,,04/30/2026,,,Northern Kentucky | Boone | 423120,Kentucky,76,02/24/2026,Closure,,,
Kentucky,HGS CX TECHNOLOGIES INC.,,,03/31/2026,,,Bluegrass | Franklin | 541611,Kentucky,92,02/04/2026,Layoff,,,
Kentucky,PARSONS CORPORATION,,,04/16/2026,,,Bluegrass | Madison | 541330,Kentucky,8,02/03/2026,Closure,,,
Kentucky,"T-Mobile USA, Inc.",Louisville,,04/02/2026,,,Kentuckiana Works | Jefferson | 517,Kentucky,74,01/31/2026,Layoff,,,
Kentucky,Battelle Memorial Institute E3,,,04/02/2026,,,Bluegrass | Madison | 541715,Kentucky,30,01/29/2026,Closure,,,
Kentucky,Bechtel Parsons Blue Grass,,,03/20/2026,,,Bluegrass | Madison | 541330,Kentucky,33,01/19/2026,Closure,,,
Kentucky,PARSONS CORPORATION,,,03/26/2026,,,Bluegrass | Madison | 541330,Kentucky,42,01/12/2026,Closure,,,
Kentucky,Battelle Memorial Institute E3,,,03/05/2026,,,Bluegrass | Madison | 541715,Kentucky,60,01/05/2026,Closure,,,
Kentucky,Moveret,,,12/31/2025,,,Lincoln Trail | Hardin,Kentucky,90,12/19/2025,Layoff,,,
Kentucky,Battelle Memorial Institute E3,,,02/18/2026,,,Bluegrass | Madison | 541715,Kentucky,17,12/17/2025,Closure,,,
Kentucky,Blue Oval SK Group/Battery Plant,,,02/14/2026,,,Lincoln Trail | Hardin | 335911,Kentucky,"1,514",12/16/2025,Closure,,,
Kentucky,PARSONS CORPORATION,,,01/16/2026,,,Bluegrass | Madison | 541330,Kentucky,32,12/15/2025,Closure,,,
Kentucky,Thyssenkrupp,,,02/13/2026,,,Northern Kentucky | Boone | 332991,Kentucky,77,12/15/2025,Closure,,Yes,
Kentucky,International Paper,Louisville,,01/15/2026,,,Kentuckiana Works | Jefferson | 322120,Kentucky,93,11/14/2025,Closure,,Teamsters Local 89,
Kentucky,Fritz Winter North America LP,,,03/31/2026,,,South Central | Simpson | 336390,Kentucky,230,10/24/2025,Closure,,Yes,
Kentucky,ARaymond Tinnerman Manufacturing,,,12/31/2026,,,TENCO | Fleming | 336370,Kentucky,112,10/23/2025,Closure,,,
Kentucky,CareAtHome Medical Practice (KY) P.S.C.,,,10/15/2025,,,Bluegrass | Fayette | 62,Kentucky,163,10/22/2025,Closure,,,
Kentucky,PARSONS CORPORATION,,,01/08/2026,,,Bluegrass | Madison | 541330,Kentucky,15,10/20/2025,Closure,,,
Kentucky,Comprehensive Logistics,,,12/31/2025,,,Northern Kentucky | Boone,Kentucky,57,10/20/2025,Closure,,,
Kentucky,Battelle Memorial Institute E3,,,10/30/2025,,,Bluegrass | Madison | 541715,Kentucky,1,10/16/2025,Closure,,,
Kentucky,Wayfair LLC - Erlanger Warehouse,,,09/30/2026,,,Northern Kentucky | Boone | 454390,Kentucky,215,10/15/2025,Closure,,,
Kentucky,PARSONS CORPORATION,,,12/18/2025,,,Bluegrass | Madison | 541330,Kentucky,14,10/13/2025,Closure,,,
Kentucky,Bechtel Parsons Blue Grass,,,12/18/2025,,,Bluegrass | Madison,Kentucky,14,10/13/2025,Closure,,,
Kentucky,Akebono Brake Corporation,,,12/31/2026,,,Lincoln Trail | Hardin | 336340,Kentucky,450,10/03/2025,Closure,,,
Kentucky,HJI Supply Chain Solutions,,,12/31/2025,,,Kentuckiana Works | Jefferson,Kentucky,117,10/02/2025,Closure,,,
Kentucky,Martinrea Heavy Stamping,,,12/05/2025,,,Kentuckiana Works | Shelby | 336390,Kentucky,276,10/01/2025,Closure,,,
Kentucky,"Leggett & Platt, Inc.",,,11/10/2025,,,Bluegrass | Scott | 337215,Kentucky,100,09/16/2025,Closure,,,
Kentucky,Kentucky Cooperage,,,10/19/2025,,,Lincoln Trail | Marion | 321920,Kentucky,112,08/21/2025,Closure,,,
Kentucky,AHF Products Manufacturing,,,12/12/2025,,,Cumberlands | Pulaski | 321920,Kentucky,134,08/20/2025,Closure,,,
Kentucky,Russellville Engineered Casting,,,08/22/2025,,,South Central | Logan | 331523,Kentucky,102,08/15/2025,Closure,,,
Kentucky,CVS MED CARE PHARMACY LLC,,,10/11/2025,,,Northern Kentucky | Boone | 456110,Kentucky,77,08/07/2025,Closure,,,
Kentucky,Battelle Memorial Institute E3,,,09/30/2025,,,Bluegrass | Madison | 541715,Kentucky,61,07/31/2025,Closure,,,
Kentucky,"Omniplex World Services, Corp",,,07/31/2025,,,Northern Kentucky | Boone | 561612,Kentucky,9,07/10/2025,Layoff,,,
Kentucky,Constellis,,,07/31/2025,,,Northern Kentucky | Boone | 561612,Kentucky,1,07/10/2025,Layoff,,,
Kentucky,"Omniplex World Services, Corp",,,07/31/2025,,,Northern Kentucky | Boone | 561612,Kentucky,41,07/10/2025,,,,
Kentucky,"Omniplex World Services, Corp",,,07/31/2025,,,Northern Kentucky | Boone | 561612,Kentucky,22,07/10/2025,Layoff,,,
Kentucky,Pearl Interactive,,,09/10/2025,,,Bluegrass | Clark | 561422,Kentucky,342,07/10/2025,Closure,,,
Kentucky,PARSONS CORPORATION,,,09/04/2025,,,Bluegrass | Madison | 541330,Kentucky,21,07/01/2025,Closure,,,
Kentucky,Levi Strauss & Co,,,08/18/2025,,,Northern Kentucky | Boone | 33993,Kentucky,346,06/16/2025,Closure,,,
Kentucky,Civil LLC - Harlan Truck Shop,,,08/02/2025,,,Harlan | Harlan | 811111,Kentucky,20,06/05/2025,Closure,,,
Kentucky,Civil LLC - Pikeville Engineer Office,,,08/02/2025,,,Pike | Pike | 541330,Kentucky,4,06/05/2025,Closure,,,
Kentucky,Civil LLC - Jenkins Mechanic Shop,,,08/02/2025,,,Pike | Pike | 811111,Kentucky,8,06/05/2025,Closure,,,
Kentucky,Yum! Brands Inc,Louisville,,09/30/2025,,,Kentuckiana Works | Jefferson,Kentucky,91,05/21/2025,Closure,,,
Kentucky,"Dakkota Integrated Systems, LLC",,,07/01/2025,,,Kentuckiana Works | Jefferson | 49311,Kentucky,75,05/05/2025,Layoff,,,
Kentucky,"Dakkota Integrated Systems, Inc",Louisville,,07/01/2025,,,Kentuckiana Works | Jefferson | 49311,Kentucky,1,05/05/2025,Layoff,,,
Kentucky,"Dakkota Related Systems, Inc",Louisville,,07/01/2025,,,Kentuckiana Works | Jefferson | 49311,Kentucky,11,05/05/2025,Layoff,,,
Kentucky,"Dakkota Integrated Systems, Inc",Louisville,,08/01/2025,,,Kentuckiana Works | Jefferson | 49311,Kentucky,41,05/05/2025,Layoff,,,
Kentucky,"Lockheed Martin, Rotary Mission Systems Business Area",Louisville,,06/30/2025,,,Kentuckiana Works | Jefferson | 336411,Kentucky,64,05/02/2025,Closure,,,
Kentucky,PARSONS CORPORATION,,,06/30/2025,,,Bluegrass | Madison | 541330,Kentucky,18,04/21/2025,Closure,,,
Kentucky,Laurel Grocery Company LLC,,,04/15/2025,,,Cumberlands | Laurel | 424410,Kentucky,115,04/15/2025,Closure,,,
Kentucky,Kentucky BioProcessing Inc,,,07/02/2025,,,Green River | Daviess | 3254,Kentucky,46,04/15/2025,Closure,,,
Kentucky,"IV Media, LLC",,,05/23/2025,,,South Central | Warren | 51,Kentucky,84,04/11/2025,Closure,,,
Kentucky,Danimer Scientific - Main,,,03/21/2025,,,Bluegrass | Clark | 541715,Kentucky,70,03/18/2025,Closure,,,
Kentucky,Danimer Scientific - Extrusion,,,03/21/2025,,,Bluegrass | Clark | 325211,Kentucky,11,03/18/2025,Closure,,,
Kentucky,Parsons Corporation,,,05/15/2025,,,Bluegrass | Madison | 541330,Kentucky,22,03/03/2025,Closure,,,
Kentucky,Battelle Memorial Institute E3,,,05/08/2025,,,Bluegrass | Madison | 541715,Kentucky,245,02/24/2025,Closure,,,
Kentucky,Diageo North America Stitzel-Weller Distillery,Louisville,,04/30/2025,,,Kentuckiana Works | Jefferson | 312140,Kentucky,57,01/31/2025,Closure,,,
Kentucky,"IV Media, LLC",,,03/31/2025,,,South Central | Warren | 51,Kentucky,107,01/30/2025,Closure,,,
Kentucky,Amentum,,,03/27/2025,,,Bluegrass | Madison | 562910,Kentucky,90,01/27/2025,Closure,,,
Kentucky,Parsons Corporation,,,03/27/2025,,,Bluegrass | Madison | 541330,Kentucky,55,01/22/2025,Closure,,,
Kentucky,Brown-Forman Cooperage,Louisville,,04/25/2025,,,Kentuckiana Works | Jefferson | 312140,Kentucky,210,01/22/2025,Closure,,,
Kentucky,BANDO USA INC,,,03/28/2025,,,South Central | Warren | 326220,Kentucky,65,01/17/2025,Layoff,,,
Kentucky,Get Insured,,,02/19/2025,,,Out of State | 524210,Kentucky,2,01/14/2025,Layoff,,,
Kentucky,Jack Cooper Transport,Louisville,,01/31/2025,,,Kentuckiana Works | Jefferson | 484220,Kentucky,100,01/14/2025,Closure,,,
Kentucky,Jack Cooper Transport (Grade Lane Facility),Louisville,,01/31/2025,,,Kentuckiana Works | Jefferson | 484220,Kentucky,89,01/14/2025,Closure,,,
Kentucky,Federal Express Corporation,,,03/03/2025,,,Bluegrass | Fayette | 492110,Kentucky,122,01/03/2025,Closure,,,
Kentucky,"Whitney M. Young, Jr. Job Corps Center",,,01/31/2025,,,Kentuckiana Works | Shelby | 611519,Kentucky,119,12/23/2024,Closure,,,
Kentucky,"IV Media, LLC",,,02/24/2025,,,South Central | Warren | 51,Kentucky,53,12/20/2024,Closure,,,
Kentucky,"Bel USA, Inc",,,02/10/2025,,,Lincoln Trail | Hardin | 311513,Kentucky,270,12/11/2024,Closure,,,
Kentucky,Bechtel National Inc,,,01/16/2025,,,Bluegrass | Madison | 237990,Kentucky,6,11/18/2024,Closure,,,
Kentucky,Excel Mining LLC - MC Mining Preparation Plant,,,01/15/2025,,,EKCEP | Pike | 2121,Kentucky,55,11/15/2024,Closure,,,
Kentucky,MC Mining Complex - Excel Mining,,,01/15/2025,,,EKCEP | Pike | 2121,Kentucky,227,11/15/2024,Closure,,,
Kentucky,Amentum,,,01/15/2025,,,Bluegrass | Madison | 562920,Kentucky,20,11/11/2024,Closure,,,
Kentucky,Parsons Corporation,,,01/16/2025,,,Bluegrass | Madison | 541330,Kentucky,11,11/04/2024,Closure,,,
Kentucky,"Avante Health, Inc",Louisville,,11/25/2024,,,Kentuckiana Works | Jefferson | 423450,Kentucky,55,10/25/2024,Closure,,,
Kentucky,"Wayfair LLC, Florence Outlet",Florence,,12/31/2024,,,Northern Kentucky | Boone | 449110,Kentucky,218,10/24/2024,Layoff,,,
Kentucky,Venminder,,,12/15/2024,,,Lincoln Trail | Hardin | 513210,Kentucky,100,10/15/2024,Layoff,,,
Kentucky,Kodi Collective LLC,,,11/30/2024,,,Bluegrass | Boyle | 323120,Kentucky,266,10/01/2024,Closure,,,
Kentucky,"Midwest Transport, Inc.",,,09/09/2024,,,4841,Kentucky,5,10/01/2024,Closure,,,
Kentucky,Jabil Inc,,,12/06/2024,,,Northern Kentucky | Boone | 336390,Kentucky,108,09/30/2024,Layoff,,,
Kentucky,"Cygnus Home Service, LLC/Schwans Home Services/Yelloh",Louisville,,11/22/2024,,,Kentuckiana Works | Jefferson | 722330,Kentucky,11,09/23/2024,Layoff,,,
Kentucky,White Castle Distributing LLC,Covington,,11/22/2024,,,Northern Kentucky | Kenton | 424420,Kentucky,58,08/13/2024,Closure,,,
Kentucky,Newgistics (Pitney Bowes),Hebron,,09/17/2024,,,Northern Kentucky | Boone | 541614,Kentucky,1,07/17/2024,Layoff,,,
Kentucky,TechStyle Fashion Group - Fabletics Inc,Louisville,,07/10/2024,,,Kentuckiana Works | Jefferson | 493110,Kentucky,69,07/10/2024,Closure,,,
Kentucky,"Daramic, LLC",,,07/08/2024,,,Green River | Daviess | 335991,Kentucky,156,07/08/2024,Closure,,,
Kentucky,ARC Automotive Inc,,,06/21/2024,,,South Central | Butler | 336390,Kentucky,110,06/20/2024,Closure,,,
Kentucky,"Furhaven Pet Products, Inc.",,,08/07/2024,,,Northern Kentucky | Boone | 45459,Kentucky,148,06/05/2024,Closure,,,
Kentucky,HDT Global,,,12/31/2024,,,Northern Kentucky | Boone | 332999,Kentucky,94,05/30/2024,Closure,,,
Kentucky,Hunter Defense Technologies Inc.,,,07/31/2024,,,Northern Kentucky | Boone | 314999,Kentucky,94,05/29/2024,Closure,,,
Kentucky,Schwans Home Service - Burlington / Cygnus/ Yelloh,,,07/27/2024,,,Northern Kentucky | Boone | 722330,Kentucky,6,05/29/2024,Closure,,,
Kentucky,"Cygnus Home Service, LLC / Schwans Home Service / Yelloh - Winchester",,,07/27/2024,,,Bluegrass | Clark | 722330,Kentucky,8,05/29/2024,Closure,,,
Kentucky,"Cygnus Home Service, LLC / Schwans Home Services / Yelloh",,,07/27/2024,,,EKCEP | Floyd | 722330,Kentucky,13,05/29/2024,Closure,,,
Kentucky,"Cygnus Home Service, LLC / Schwans Shared Service / Yelloh - London",,,07/27/2024,,,Cumberlands | Laurel | 722330,Kentucky,14,05/29/2024,Closure,,,
Kentucky,SCHWANS HOME SERVICE/ Cygnus Home Service/ Yelloh,,,07/27/2024,,,South Central | Warren | 722330,Kentucky,10,05/29/2024,Closure,,,
Kentucky,Wheels Up,,,06/16/2024,,,Northern Kentucky | Kenton | 336411,Kentucky,40,04/17/2024,Closure,,,
Kentucky,Quanex Building Products,,,06/07/2024,,,Bluegrass | Madison | 326199,Kentucky,140,04/09/2024,Closure,,,
Kentucky,Packers Sanitation Services Inc. (PSSI),,,03/31/2024,,,Green River | Daviess | 561720,Kentucky,78,03/27/2024,Layoff,,,
Kentucky,"PACKERS SANITATION SERVICES, INC",,,03/15/2024,,,Western Kentucky | Graves | 541620,Kentucky,79,03/12/2024,Layoff,,,
Kentucky,Guess Inc,Louisville,,05/06/2024,,,Kentuckiana Works | Jefferson | 493110,Kentucky,200,03/06/2024,Closure,,,
Kentucky,Pride Mine (formerly Survant Mine),,,04/29/2024,,,Western Kentucky | Muhlenberg | 21211,Kentucky,230,03/01/2024,Closure,,,
Kentucky,Wolverine Worldwide 502,Louisville,,05/03/2024,,,Kentuckiana Works | Jefferson | 316200,Kentucky,150,02/26/2024,Closure,,,
Kentucky,"Computer World Services, Corp (CWS)",,,03/29/2024,,,EKCEP | Knox | 561611,Kentucky,63,01/29/2024,Closure,,,
Kentucky,Michael's College of Hair Design,,,01/24/2024,,,Northern Kentucky | Boone | 611511,Kentucky,8,01/24/2024,Closure,,,
Kentucky,"TF-Metal USA, LLC",,,03/14/2024,,,Northern Kentucky | Boone | 336110,Kentucky,49,01/11/2024,Closure,,,
Kentucky,Piston Automotive,,,04/19/2024,,,Bluegrass | Scott | 336350,Kentucky,52,01/10/2024,Layoff,,,
Kentucky,GDI Integrated Facility Services,,,01/08/2024,,,Kentuckiana Works | Bullitt | 561720,Kentucky,67,01/08/2024,Layoff,,,
Kentucky,GDI Integrated Facility Services,,,01/08/2024,,,Kentuckiana Works | Bullitt | 561720,Kentucky,40,01/08/2024,Layoff,,,
Kentucky,GDI Integrated Facility Services,,,01/08/2024,,,Kentuckiana Works | Bullitt | 561720,Kentucky,39,01/08/2024,Layoff,,,
Kentucky,GDI Integrated Facility Services,,,01/08/2024,,,Kentuckiana Works | Bullitt | 561720,Kentucky,26,01/08/2024,Layoff,,,
Kentucky,GDI Integrated Facility Services,,,03/05/2024,,,Bluegrass | Fayette | 561720,Kentucky,48,01/04/2024,Layoff,,,
Kentucky,GDI Integrated Facility Services,,,03/05/2024,,,Cumberlands | Taylor | 561720,Kentucky,40,01/04/2024,Layoff,,,
Kentucky,GDI Integrated Facility Services,,,03/05/2024,,,Bluegrass | Fayette | 561720,Kentucky,40,01/04/2024,Layoff,,,
Kentucky,"Electro Cycle, Inc.",,,01/04/2024,,,Western Kentucky | Hopkins | 331400,Kentucky,57,01/04/2024,Closure,,,
Kentucky,Radial Fulfillment Center,,,02/29/2024,,,Kentuckiana Works | Jefferson | 541714,Kentucky,136,01/02/2024,Closure,,,
Kentucky,OIA Global,,,01/12/2024,,,Northern Kentucky | Boone | 423840,Kentucky,89,12/13/2023,Closure,,,
Kentucky,Charter Communications,,,01/05/2024,,,Northern Kentucky | Boone | 561422,Kentucky,227,12/06/2023,Layoff,,,
Kentucky,Cyngus Home Services LLC dba Yelloh,,,01/27/2024,,,Bluegrass | Franklin | 424420,Kentucky,1,12/01/2023,Closure,,,
Kentucky,"CEVA Logistics, LLC",,,10/23/2023,,,Kentuckiana Works | Jefferson | 488510,Kentucky,135,10/23/2023,Layoff,,,
Kentucky,Just Save,,,09/27/2023,,,Northern Kentucky | Carroll | 445110,Kentucky,15,09/22/2023,Closure,,,
Kentucky,Toyo Automotive,,,10/31/2023,,,South Central | Simpson | 326291,Kentucky,221,08/21/2023,Closure,,,
Kentucky,Encore of Bowling Green ADHC,,,09/30/2023,,,South Central | Barren | 624120,Kentucky,284,08/01/2023,Closure,,,
Kentucky,YRC Freight - Yellow Corporation,,,07/30/2023,,,Bluegrass | Fayette | 484110,Kentucky,67,07/30/2023,Closure,,,
Kentucky,YRC Freight - Yellow Corporation,,,07/30/2023,,,Western Kentucky | McCracken | 484110,Kentucky,6,07/30/2023,Closure,,,
Kentucky,YRC Freight - Yellow Corporation,,,07/30/2023,,,South Central | Warren | 484110,Kentucky,5,07/30/2023,Closure,,,
Kentucky,Ficosa North American Corporation,,,12/30/2023,,,Kentuckiana Works | Shelby | 336390,Kentucky,135,07/20/2023,Closure,,,
Kentucky,Wellmore Energy Company LLC - Elk Creek,,,09/10/2023,,,EKCEP | Out of State | 2121,Kentucky,58,07/20/2023,Layoff,,,
Kentucky,Wellmore Energy Company LLC - Paw Paw 2 South,,,09/10/2023,,,EKCEP | Out of State | 2121,Kentucky,39,07/20/2023,Layoff,,,
Kentucky,Wellmore Energy Company LLC - Paw Paw 2 North,,,09/10/2023,,,EKCEP | Out of State | 2121,Kentucky,20,07/20/2023,Layoff,,,
Kentucky,Wellmore Energy Company LLC - Surface Minerals #1,,,09/10/2023,,,EKCEP | Out of State | 2121,Kentucky,15,07/20/2023,Layoff,,,
Kentucky,United Coal - Wellmore Energy Company LLC,,,09/10/2023,,,EKCEP | Out of State | 2121,Kentucky,12,07/20/2023,Layoff,,,
Kentucky,Wellmore Energy Company LLC - Black Watch Shop and Central Warehouse Departments,,,09/10/2023,,,EKCEP | Out of State | 2121,Kentucky,3,07/20/2023,Layoff,,,
Kentucky,Wellmore Energy Company LLC - Laboratory Department,,,07/25/2023,,,EKCEP | Out of State | 2121,Kentucky,2,07/20/2023,Layoff,,,
Kentucky,Wellmore Energy Company LLC - Black Watch #8 Prep Plant,,,07/25/2023,,,EKCEP | Out of State | 2121,Kentucky,1,07/20/2023,Layoff,,,
Kentucky,PBS Radiology Experts,,,09/06/2023,,,Bluegrass | Fayette | 561440,Kentucky,2,07/10/2023,Closure,,,
Kentucky,Multi Color Corporation,,,12/31/2023,,,Bluegrass | Clark | 323111,Kentucky,76,07/03/2023,Closure,,,
Kentucky,KINGSFORD MANUFACTURING COMPANY,,,08/25/2023,,,South Central | Metcalfe | 324199,Kentucky,62,06/20/2023,Layoff,,,
Kentucky,Daicel Safety Systems America LLC,,,08/15/2023,,,Green River | Ohio | 336390,Kentucky,290,06/13/2023,Closure,,,
Kentucky,Inmet Mining LLC,,,06/17/2023,,,"EKCEP | Harlan, Letcher | 2121",Kentucky,258,06/06/2023,Closure,,,
Kentucky,"Kentucky Medical Services Foundation, Inc.",,,07/31/2023,,,Bluegrass | Fayette | 541219,Kentucky,161,06/02/2023,Layoff,,,
Kentucky,"American Medical Response, Inc.",,,07/31/2023,,,Kentuckiana Works | Jefferson County - Louisville | 621910,Kentucky,95,06/01/2023,Layoff,,,
Kentucky,Mercy Ambulance Services Inc,,,07/31/2023,,,Bluegrass | Fayette | 621910,Kentucky,72,06/01/2023,Layoff,,,
Kentucky,Emerson Electric Company,,,09/30/2023,,,South Central | Logan | 334514,Kentucky,235,05/30/2023,Closure,,,
Kentucky,Pikeville Medical Center,,,07/31/2023,,,EKCEP | Pike | 722310,Kentucky,59,05/16/2023,Layoff,,,
Kentucky,Encore ADHC,,,05/06/2023,,,Bluegrass | Fayette | 624120,Kentucky,450,05/05/2023,Layoff,,,
Kentucky,"CEVA Logistics, LLC",,,07/06/2023,,,Kentuckiana Works | Jefferson | 488510,Kentucky,74,04/28/2023,Closure,,,
Kentucky,DHL Supply Chain (Formerly Exel),,,07/31/2023,,,Western Kentucky | Lyon | 541614,Kentucky,72,04/26/2023,Closure,,,
Kentucky,Talaris Therapeutics,,,04/28/2023,,,Kentuckiana Works | Jefferson | 541714,Kentucky,51,04/26/2023,Closure,,,
Kentucky,MHS Global Inc.,,,06/09/2023,,,Kentuckiana Works | Bullitt | 33392,Kentucky,75,04/10/2023,Layoff,,,
Kentucky,Visible Supply Chain Management,,,06/06/2023,,,Bluegrass | Woodford | 541614,Kentucky,2,04/03/2023,Layoff,,,
Kentucky,Coral Graphic Services Inc,,,05/20/2023,,,Kentuckiana Works | Jefferson County - Louisville | 323111,Kentucky,57,03/21/2023,Closure,,,
Kentucky,WestRock,,,04/17/2023,,,South Central | Warren | 322130,Kentucky,76,02/27/2023,Closure,,,
Kentucky,Napoleon (formally Wolf Steel USA),,,01/23/2023,,,Northern Kentucky | Grant | 332999,Kentucky,90,01/30/2023,Layoff,,,
Kentucky,Gamestop Kentucky Fulfillment Center Shepherdsville,,,06/30/2023,,,Kentuckiana Works | Bullitt | 493110,Kentucky,236,01/24/2023,Closure,,,
Kentucky,TCO LLC,,,04/01/2023,,,EKCEP | Knox | 336323,Kentucky,212,01/19/2023,Closure,,,
Kentucky,RCS TRANSPORTATION LLC,,,03/31/2023,,,Kentuckiana Works | Shelby | 488210,Kentucky,93,01/17/2023,Closure,,,
Kentucky,BRINK'S COMPANY (THE),,,03/05/2023,,,Kentuckiana Works | Jefferson County - Louisville | 321199,Kentucky,2,01/11/2023,Closure,,,
Kentucky,Rail Crew Xpress,,,02/20/2023,,,Out of State | Out of the State County | 485320,Kentucky,90,01/11/2023,Closure,,,
Kentucky,Camping World East Coast Distribution Center,,,02/11/2023,,,South Central | Simpson | 44121,Kentucky,70,12/13/2022,Closure,,,
Kentucky,Peraton,,,03/26/2023,,,Lincoln Trail | Hardin,Kentucky,76,11/12/2022,Closure,,,
Kentucky,Pikeville Medical Center,,,12/31/2022,,,EKCEP | Pike | 621112,Kentucky,112,11/01/2022,Layoff,,,
Kentucky,HelpWare Inc. - Mt. Sterling,,,09/23/2022,,,TENCO | Montgomery | 5614,Kentucky,136,10/27/2022,Layoff,,,
Kentucky,ECLIPSE ADVANTAGE LLC,,,09/21/2022,,,Northern Kentucky | Boone | 48821,Kentucky,121,09/09/2022,Layoff,,,
Kentucky,Pregis Corporation,,,12/31/2022,,,TENCO | Greenup | 313320,Kentucky,79,08/12/2022,Closure,,,
Kentucky,ECLIPSE ADVANTAGE LLC,,,09/30/2022,,,Northern Kentucky | Boone | 48821,Kentucky,190,08/04/2022,Layoff,,,
Kentucky,American Red Cross,,,09/30/2022,,,Bluegrass | Fayette | 621610,Kentucky,66,07/30/2022,Closure,,,
Kentucky,Century Aluminum of Kentucky Hawesville,,,08/05/2022,,,Green River | Hancock | 331318,Kentucky,628,06/22/2022,Layoff,,,
Kentucky,AMAZON IVSB - 3521 Point Pleasant,,,11/01/2022,,,Northern Kentucky | Boone | 454110,Kentucky,150,04/01/2022,Closure,,,
Kentucky,Elite Staffing Inc.,,,03/25/2022,,,Kentuckiana Works | Bullitt | 561331,Kentucky,225,03/25/2022,Layoff,,,
Kentucky,WAL-MART #3610,,,04/22/2022,,,Kentuckiana Works | Jefferson | 452210,Kentucky,296,03/21/2022,Closure,,,
Kentucky,Castellini Group of Companies,,,03/19/2022,,,Northern Kentucky | Campbell | 424480,Kentucky,150,01/20/2022,Layiff,,,
Kentucky,Scentsy Inc,,,04/01/2022,,,Bluegrass | Fayette | 454390,Kentucky,169,01/12/2022,Closure,,,
Kentucky,Mayfield Consumer Products,,,12/10/2021,,,Western Kentucky | Graves | 339999,Kentucky,501,01/10/2022,Closure,,,
Kentucky,Emerson - Greenlee (Greenlee Professional Tools),,,10/31/2022,,,Kentuckiana Works | Jefferson | 333517,Kentucky,60,11/16/2021,Closure,,,
Kentucky,Ryder Distribution Center at FRAM Group - Worldwide Blvd,,,12/31/2021,,,Northern Kentucky | Boone | 532120,Kentucky,134,11/04/2021,Closure,,,
Kentucky,Bluegrass Cellular-Elizabethtown,,,11/30/2021,,,Lincoln Trail | Hardin | 561110,Kentucky,178,10/05/2021,Closure,,,
Kentucky,Vitech Manufacturing LP,,,07/15/2022,,,Western Kentucky | Christian | 339999,Kentucky,40,09/29/2021,Closure,,,
Kentucky,Regis Woods Care and Rehab Center,,,10/16/2021,,,Kentuckianaworks | Jefferson | 62331,Kentucky,95,09/21/2021,Closure,,,
Kentucky,TRANE U.S. Inc.,,,09/30/2021,,,Bluegrass | Fayette | 333415,Kentucky,659,07/27/2021,Closure,,,
Kentucky,P-K Tool & Manufacturing Company,,,07/31/2021,,,Bluegrass | Madison | 336370,Kentucky,54,06/08/2021,Closure,,,
Kentucky,UPS Supply Chain Solutions,,,07/30/2021,,,Kentuckianaworks | Jefferson | 488510,Kentucky,137,05/28/2021,Layoff,,,
Kentucky,Novitex Government Solutions,,,06/30/2021,,,Cumberlands | Laurel | 518210,Kentucky,60,05/03/2021,Closure,,,
Kentucky,PULAU Corporation,,,07/01/2021,,,Kentuckianaworks | Jefferson | 541330,Kentucky,56,04/30/2021,Layoff,,,
Kentucky,The Forum At Brookside,,,05/01/2021,,,Kentuckianaworks | Jefferson | 623110,Kentucky,67,04/22/2021,Closure,,,
Kentucky,"Sodexo, Inc.",,,05/29/2021,,,Kentuckianaworks | Jefferson | 453998,Kentucky,263,03/19/2021,Closure,,,
Kentucky,Quickway Transportation Inc.,,,12/09/2020,,,Kentuckianaworks | Jefferson | 484121,Kentucky,69,02/24/2021,Closure,,,
Kentucky,Arroweye Solutions,,,04/23/2021,,,Kentuckianaworks | Jefferson | 454110,Kentucky,60,02/23/2021,Layoff,,,
Kentucky,International Automotive Components,,,06/27/2021,,,Western Kentucky | Hopkins | 336360,Kentucky,82,02/08/2021,Closure,,,
Kentucky,Bluegrass Supply Chain and Services,,,04/03/2021,,,Kentuckianaworks | Bullitt | 541614,Kentucky,155,02/02/2021,Closure,,,
Kentucky,Courier-Journal,,,03/07/2021,,,Kentuckianaworks | Jefferson | 511110,Kentucky,102,01/06/2021,Closure,,,
Kentucky,McKesson Rx Technology Solutions,,,02/15/2021,,,Kentuckiana Works | Jefferson | 423450,Kentucky,52,12/14/2020,Layoff,,,
Kentucky,Universal Protection Services,,,02/01/2021,,,South Central | Warren | 561612,Kentucky,52,12/07/2020,Layoff,,,
Kentucky,"Delta Air Lines, Inc.",,,11/01/2020,,,Northern Kentucky | Boone | 30354,Kentucky,19,10/26/2020,Layoff,,,
Kentucky,Campbell Hausfeld,,,01/15/2021,,,Lincoln Trail | Grayson | 333912,Kentucky,82,10/19/2020,Closure,,,
Kentucky,Central Bank Center/Lexington Center Corporation/Rupp Arena,,,03/13/2020,,,Bluegrass | Fayette | 72172,Kentucky,100,09/25/2020,Layoff,,,
Kentucky,Meggitt Polymers and Composites - Erlanger,,,05/22/2020,,,Northern Kentucky | Kenton | 325211,Kentucky,164,09/23/2020,Layoff,,,
Kentucky,Omni Hotels & Resorts,,,03/17/2020,,,Kentuckiana Works | Jefferson | 721110,Kentucky,294,09/23/2020,Layoff,,,
Kentucky,ABM c/o The Hertz Corporation - CVG,,,10/04/2020,,,Northern Kentucky | Boone | 53211,Kentucky,55,09/22/2020,Layoff,,,
Kentucky,"Eagle Manufacturing, LLC",,,10/31/2020,,,Northern Kentucky | Boone | 336370,Kentucky,239,09/21/2020,Closure,,,
Kentucky,SP+/Standard Parking/Central Parking-CVG,,,03/18/2020,,,Northern Kentucky | Kenton | 81293,Kentucky,115,09/18/2020,Layoff,,,
Kentucky,"P.F. CHANG'S CHINA BISTRO, INC.",,,03/15/2020,,,Bluegrass | Fayette | 722511,Kentucky,75,09/18/2020,Layoff,,,
Kentucky,"P.F. CHANG'S CHINA BISTRO, INC.",,,03/15/2020,,,Kentuckianaworks | Jefferson | 722511,Kentucky,75,09/18/2020,Layoff,,,
Kentucky,AJS/Galt House Hotel & Suites,,,09/14/2020,,,Kentuckianaworks | Jefferson | 721110,Kentucky,28,09/16/2020,Layoff,,,
Kentucky,STEEL CITY POPS LKY LLC,,,10/04/2020,,,Kentuckianaworks | Jefferson | 722511,Kentucky,32,09/14/2020,Layoff,,,
Kentucky,Lexington Hyatt,,,03/15/2020,,,Bluegrass | Fayette | 721110,Kentucky,102,09/08/2020,Layoff,,,
Kentucky,leadec Industrial Services,,,10/31/2020,,,Kentuckianaworks | Jefferson | 561720,Kentucky,293,09/02/2020,Layoff,,,
Kentucky,WestRock Company,,,09/30/2020,,,Cumberlands | Pulaski | 3221,Kentucky,24,08/07/2020,Closure,,,
Kentucky,Vino Volo,,,04/05/2020,,,Northern Kentucky | Boone | 72251,Kentucky,5,08/07/2020,Layoff,,,
Kentucky,Republic Airline Inc.,,,10/01/2020,,,Kentuckianaworks | Jefferson | 541618,Kentucky,97,07/30/2020,Layoff,,,
Kentucky,P.L. Marketing,,,08/15/2020,,,Northern Kentucky | Campbell | 541613,Kentucky,,07/27/2020,Layoff,,,
Kentucky,Paradies Lagardere Travel Retail - CVG,,,03/29/2020,,,Northern Kentucky | Kenton | 453220,Kentucky,58,07/27/2020,Layoff,,,
Kentucky,American Queen Steamboat Company,,,09/24/2020,,,Kentuckianaworks | Jefferson | 561510,Kentucky,,07/24/2020,Layoff,,,
Kentucky,CAM Mining LLC,,,09/20/2020,,,EKCEP | Pike | 213113,Kentucky,194,07/23/2020,Closure,,,
Kentucky,Rhino Energy LLC,,,09/20/2020,,,Bluegrass | Fayette | 213113,Kentucky,16,07/23/2020,Closure,,,
Kentucky,Rhino Group LLC,,,09/20/2020,,,Bluegrass | Fayette | 213113,Kentucky,5,07/23/2020,Closure,,,
Kentucky,"Kenco Logistic Services, LLC",,,09/27/2020,,,Kentuckianaworks | Jefferson | 541614,Kentucky,146,07/21/2020,Layoff,,,
Kentucky,Valassis,,,09/30/2020,,,Northern Kentucky | Boone | 541800,Kentucky,84,07/16/2020,Closure,,,
Kentucky,White Lodging Services Corporation-Marriott Louisville,,,07/02/2020,,,Kentuckianaworks | Jefferson | 722110,Kentucky,150,07/02/2020,Layoff,,,
Kentucky,White Lodging Services Corporation-Hotel Distil,,,07/02/2020,,,Kentuckianaworks | Jefferson | 722110,Kentucky,85,07/02/2020,Layoff,,,
Kentucky,CC Metals and Alloys,,,07/01/2020,,,Western Kentucky | Marshall | 33111,Kentucky,106,06/26/2020,Layoff,,,
Kentucky,Stemco Products Inc,,,08/28/2020,,,Bluegrass | Madison | 336340,Kentucky,52,06/25/2020,Layoff,,,
Kentucky,T-Mobile,,,06/16/2020,,,Kentuckianaworks | Jefferson | 517210,Kentucky,127,06/16/2020,Layoff,,,
Kentucky,RYDER TRUCK-Burlington KY,,,08/12/2020,,,Northern Kentucky | Boone | 493110,Kentucky,99,06/15/2020,Layoff,,,
Kentucky,Jacobsen|Daniel’s Enterprise Inc.-SDF,,,06/12/2020,,,Kentuckianaworks | Jefferson | 488190,Kentucky,5,06/15/2020,Layoff,,,
Kentucky,Jacobsen|Daniels Enterprise Inc. - CVG,,,06/12/2020,,,Northern Kentucky | Boone | 488190,Kentucky,17,06/12/2020,Layoff,,,
Kentucky,Arandell,,,06/19/2020,,,Northern Kentucky | Boone | 54130,Kentucky,112,06/09/2020,Closure,,,
Kentucky,AMERICAN WOODMARK CORPORATION,,,05/29/2020,,,Cumberlands | Wayne | 337110,Kentucky,3,06/04/2020,Layoff,,,
Kentucky,Global Experience Specialists Exposition Services Inc,,,03/15/2020,,,Northern Kentucky | Boone | 561990,Kentucky,47,06/01/2020,Layoff,,,
Kentucky,21c Museum Hotel Louisville - MGallery,,,05/15/2020,,,Kentuckianaworks | Jefferson | 721110,Kentucky,117,05/23/2020,Layoff,,,
Kentucky,MSSC,,,09/30/2020,,,Western Kentucky | Christian | 332613,Kentucky,170,05/22/2020,Layoff,,,
Kentucky,21c Museum Hotel Lexington,,,05/28/2020,,,Bluegrass | Fayette | 721110,Kentucky,121,05/22/2020,Layoff,,,
Kentucky,Enterprise Holdings,,,03/23/2020,,,Northern Kentucky | Boone | 532111,Kentucky,70,05/20/2020,Layoff,,,
Kentucky,Dal-Tile Corporation,,,07/17/2020,,,Green River | Hancock | 23840,Kentucky,67,05/14/2020,Closure,,,
Kentucky,Redhawk Mining LLC,,,05/14/2020,,,EKCEP | Floyd | 213113,Kentucky,182,05/11/2020,Layoff,,,
Kentucky,Atrium Hospitality-Holiday Inn Bowling Green,,,03/12/2020,,,South Central | Warren | 151026,Kentucky,100,04/30/2020,Layoff,,,
Kentucky,Fruit of The Loom,,,05/03/2020,,,South Central | Warren | 315190,Kentucky,541,04/28/2020,Layoff,,,
Kentucky,Domtar Paper Company LLC,,,05/04/2020,,,Green River | Hancock | 322121,Kentucky,398,04/27/2020,Layoff,,,
Kentucky,Hendrickson USA,,,04/27/2020,,,Cumberlands | Pulaski | 336390,Kentucky,179,04/27/2020,Layoff,,,
Kentucky,Copart,,,04/27/2020,,,Bluegrass | Fayette | 423110,Kentucky,50,04/27/2020,Closure,,,
Kentucky,Bloomin' Brands Inc.,,,03/15/2020,,,Statewide | Statewide | 722511,Kentucky,"1,134",04/27/2020,Layoff,,,
Kentucky,Enterprise Rent-A-Car,,,04/30/2020,,,Kentuckianaworks | Jefferson | 532111,Kentucky,104,04/24/2020,Layoff,,,
Kentucky,"Leggett & Platt, Inc",,,04/14/2020,,,Lincoln Trail | Grayson | 423210,Kentucky,210,04/24/2020,Layoff,,,
Kentucky,Enterprise Rent-A-Car,,,03/20/2020,,,Kentuckianaworks | Jefferson | 532111,Kentucky,118,04/24/2020,Layoff,,,
Kentucky,"EAN Holdings, LLC dba/Enterprise Rent-A-Car/Alamo/National",,,03/20/2020,,,Bluegrass | Fayette | 532111,Kentucky,102,04/24/2020,Layoff,,,
Kentucky,"Visionworks, Inc.",,,04/04/2020,,,Statewide | Statewide | 446130,Kentucky,269,04/23/2020,Layoff,,,
Kentucky,BOGE Rubber & Plastics USA LLC,,,03/30/2020,,,Northern Kentucky | Boone | 326220,Kentucky,117,04/20/2020,Layoff,,,
Kentucky,CLARK Material Handling Company,,,04/15/2020,,,Bluegrass | Fayette | 33392,Kentucky,55,04/17/2020,Layoff,,,
Kentucky,AVIS BUDGET CAR RENTAL LLC - CVG,,,03/13/2020,,,Northern Kentucky | Boone | 532111,Kentucky,51,04/17/2020,Layoff,,,
Kentucky,AVIS BUDGET CAR RENTAL LLC-Louisville,,,03/13/2020,,,Kentuckianaworks | Jefferson | 532111,Kentucky,39,04/17/2020,Layoff,,,
Kentucky,"Leggett & Platt, Inc.",,,03/27/2020,,,Bluegrass | Clark | 33791,Kentucky,271,04/15/2020,Layoff,,,
Kentucky,"Leggett & Platt, Inc.",,,03/27/2020,,,Bluegrass | Scott | 337215,Kentucky,151,04/15/2020,Layoff,,,
Kentucky,Jacobsen|Daniels - CVG,,,03/27/2020,,,Northern Kentucky | Boone | 488190,Kentucky,17,04/15/2020,Layoff,,,
Kentucky,Newport Aquarium LLC,,,04/20/2020,,,Northern Kentucky | Campbell | 712130,Kentucky,88,04/14/2020,Layoff,,,
Kentucky,Bedding Acquisition LLC-Hollander Sleep Products,,,04/03/2020,,,Kentuckianaworks | Jefferson | 337910,Kentucky,234,04/14/2020,Closure,,,
Kentucky,GUESS Distribution Center,,,04/02/2020,,,Kentuckianaworks | Jefferson | 423990,Kentucky,230,04/14/2020,Layoff,,,
Kentucky,Glidewell Laboratories-Crown World Dental Lab,,,03/27/2020,,,Kentuckianaworks | Jefferson | 339116,Kentucky,151,04/14/2020,Layoff,,,
Kentucky,Vitro Automotive/Pittsburgh Glass Works,,,03/23/2020,,,Bluegrass | Madison | 561311,Kentucky,63,04/13/2020,Layoff,,,
Kentucky,Ephraim McDowell Health,,,04/10/2020,,,Bluegrass | Boyle | 62111,Kentucky,,04/10/2020,Layoff,,,
Kentucky,Groupon Goods KY Fulfillment Center,,,06/07/2020,,,Northern Kentucky | Boone | 488510,Kentucky,92,04/08/2020,Layoff,,,
Kentucky,Jennie Stuart Medical Center,,,04/07/2020,,,Western Kentucky | Christian | 62211,Kentucky,248,04/08/2020,Layoff,,,
Kentucky,Safran Landing Systems Kentucky,,,04/12/2020,,,Northern Kentucky | Boone | 336413,Kentucky,181,04/07/2020,Layoff,,,
Kentucky,HMS Host - CVG Airport,,,03/17/2020,,,Northern Kentucky | Boone | 72251,Kentucky,260,04/07/2020,Layoff,,,
Kentucky,Hendrickson,,,04/13/2020,,,Lincoln Trail | Marion | 423110,Kentucky,117,04/06/2020,Layoff,,,
Kentucky,Communicare and Communicare Services - Elizabethtown,,,03/20/2020,,,Lincoln Trail | Hardin | 623110,Kentucky,63,04/06/2020,Layoff,,,
Kentucky,Communicare and Communicare Services - Bardstown,,,03/20/2020,,,Lincoln Trail | Nelson | 623110,Kentucky,27,04/06/2020,Layoff,,,
Kentucky,Communicare and Communicare Services - Radcliff,,,03/20/2020,,,Lincoln Trail | Hardin | 623110,Kentucky,17,04/06/2020,Layoff,,,
Kentucky,Communicare and Communicare Clinic - Radcliff,,,03/20/2020,,,Lincoln Trail | Hardin | 623110,Kentucky,17,04/06/2020,Layoff,,,
Kentucky,Communicare and Communicare Services - Springfield,,,03/20/2020,,,Lincoln Trail | Washington | 623110,Kentucky,16,04/06/2020,Layoff,,,
Kentucky,Communicare and Communicare Clinic - Lebanon,,,03/20/2020,,,Lincoln Trail | Marion | 623110,Kentucky,16,04/06/2020,Layoff,,,
Kentucky,Communicare and Communicare Services - Lebanon,,,03/20/2020,,,Lincoln Trail | Marion | 623110,Kentucky,16,04/06/2020,Layoff,,,
Kentucky,Communicare Services - Leitchfield,,,03/20/2020,,,Lincoln Trail | Hardin | 623110,Kentucky,16,04/06/2020,Layoff,,,
Kentucky,Communicare and Communicare Services - Brandenburg,,,03/20/2020,,,Lincoln Trail | Hardin | 623110,Kentucky,14,04/06/2020,Layoff,,,
Kentucky,Communicare and Communicare Clinic LLC - Hardinsburg,,,03/20/2020,,,Lincoln Trail | Breckinridge | 623110,Kentucky,14,04/06/2020,Layoff,,,
Kentucky,HOOTERS of America LLC,,,03/16/2020,,,Statewide | Statewide | 722511,Kentucky,293,04/06/2020,Layoff,,,
Kentucky,Jackson Warewashing Systems,,,04/06/2020,,,EKCEP | Knox | 423440,Kentucky,94,04/03/2020,Layoff,,,
Kentucky,HUHTAMAKI INC,,,04/05/2020,,,Western Kentucky | Christian | 333999,Kentucky,115,04/02/2020,Layoff,,,
Kentucky,IHG Army Hotels & Holiday Inn Express,,,03/20/2020,,,Lincoln Trail | Hardin | 721110,Kentucky,68,04/02/2020,Layoff,,,
Kentucky,SCHULTE COMPANIES,,,03/16/2020,,,Kentuckianaworks | Jefferson | 721110,Kentucky,133,04/02/2020,Layoff,,,
Kentucky,THE MUHLENBERG COUNTY COAL COMPANY,,,06/02/2020,,,Western Kentucky | Muhlenberg | 21211,Kentucky,254,04/01/2020,Closure,,,
Kentucky,The Western Kentucky Coal Company,,,06/02/2020,,,Green River | Ohio | 212111,Kentucky,42,04/01/2020,Layoff,,,
Kentucky,MURRAY EQUIPMENT & MACHINE INC,,,06/02/2020,,,Bluegrass | Bourbon | 333131,Kentucky,11,04/01/2020,Closure,,,
Kentucky,Galt House Hotel & Suites,,,03/30/2020,,,Kentuckianaworks | Jefferson | 721110,Kentucky,399,04/01/2020,Layoff,,,
Kentucky,Crowne Plaza Hotel,,,03/30/2020,,,Kentuckianaworks | Jefferson | 721110,Kentucky,150,04/01/2020,Layoff,,,
Kentucky,Embassy Suites Jefferson Co - Louisville,,,03/30/2020,,,Kentuckianaworks | Jefferson | 541611,Kentucky,62,04/01/2020,Layoff,,,
Kentucky,ALJSCO,,,03/30/2020,,,Kentuckianaworks | Jefferson | 541611,Kentucky,4,04/01/2020,Layoff,,,
Kentucky,AJS Hotels,,,03/30/2020,,,Kentuckianaworks | Jefferson | 721110,Kentucky,2,04/01/2020,Layoff,,,
Kentucky,Paper Source,,,03/29/2020,,,Kentuckianaworks | Jefferson | 424110,Kentucky,10,04/01/2020,Layoff,,,
Kentucky,Cinemark USA Inc.,,,03/26/2020,,,Statewide | Statewide | 512131,Kentucky,463,04/01/2020,Layoff,,,
Kentucky,CONIFER REVENUE CYCLE SOLUTIONS LLC,,,05/29/2020,,,Kentuckianaworks | Jefferson | 621999,Kentucky,136,03/31/2020,Layoff,,,
Kentucky,Dean Dairy Holding LLC,,,04/16/2020,,,Kentuckianaworks | Jefferson | 112990,Kentucky,25,03/31/2020,Closure,,,
Kentucky,Lakeshore Learning Materials,,,04/07/2020,,,Bluegrass | Woodford | 493110,Kentucky,224,03/31/2020,Layoff,,,
Kentucky,Sumitomo Electric Wiring Systems Edmonton Plant 4,,,03/23/2020,,,South Central | Metcalfe | 238210,Kentucky,259,03/31/2020,Layoff,,,
Kentucky,Beacon Orthopaedics and Sports Medicine,,,03/28/2020,,,Northern Kentucky | Kenton County | 621112,Kentucky,22,03/30/2020,Layoff,,,
Kentucky,AMERICAS AUTO AUCTION BOWLING GREEN,,,03/17/2020,,,South Central | Warren | 425120,Kentucky,0,03/30/2020,Layoff,,,
Kentucky,Driven Brands Take 5 Oil Change (5 Locations),,,03/22/2020,,,Northern Kentucky | Boone | 811118,Kentucky,12,03/24/2020,Layoff,,,
Kentucky,STEEL CITY POPS LKY LLC,,,03/23/2020,,,Kentuckianaworks | Jefferson | 722511,Kentucky,38,03/23/2020,Layoff,,,
Kentucky,HILTON LEXINGTON DOWNTOWN HOTEL,,,03/20/2020,,,Bluegrass | Fayette | 561110,Kentucky,117,03/20/2020,Layoff,,,
Kentucky,"Trans States Airlines, LLC",,,04/02/2020,,,Kentuckianaworks | Jefferson | 488190,Kentucky,46,03/19/2020,Closure,,,
Kentucky,Simpler Postage Inc.,,,05/10/2020,,,Kentuckianaworks | Jefferson | 561431,Kentucky,32,03/10/2020,Closure,,,
Kentucky,International Automotive Components,,,04/18/2020,,,Western Kentucky | Hopkins | 336360,Kentucky,111,02/25/2020,Layoff,,,
Kentucky,"Conduent Federal Solutions, LLC.",,,04/25/2020,,,Cumberlands | Laurel | 58121,Kentucky,99,02/21/2020,Layoff,,,
Kentucky,DeliveryForce,,,04/16/2020,,,Northern Kentucky | Boone | 492110,Kentucky,24,02/14/2020,Layoff,,,
Kentucky,"IPSCO Tubulars (KY), L.L.C.",,,04/05/2020,,,Northern Kentucky | Campbell | 425120,Kentucky,87,02/05/2020,Layoff,,,
Kentucky,"Oour Lady of Bellefonte Hospital, L.L.C.",,,03/31/2020,,,TENCO | Boyd | 622000,Kentucky,"1,226",01/31/2020,Closure,,,
Kentucky,Murray State University,,,04/10/2020,,,Western Kentucky | Calloway | 611310,Kentucky,65,01/28/2020,Layoff,,,
Kentucky,First America/First Transit,,,03/31/2020,,,Kentuckianaworks | Jefferson | 485999,Kentucky,177,01/23/2020,Layoff,,,
Kentucky,LSC Communications US,,,03/16/2020,,,South Central | Barren | 323117,Kentucky,571,01/16/2020,Closure,,,
Kentucky,Grant County Foods LLC,,,03/09/2020,,,Northern Kentucky | Grant | 424480,Kentucky,80,01/15/2020,Closure,,,
Kentucky,Crosset Company LLC,,,03/09/2020,,,Northern Kentucky | Kenton | 424990,Kentucky,39,01/15/2020,Closure,,,
Kentucky,Ficosa North American Corporation,,,04/01/2020,,,Kentuckianaworks | Shelby | 336390,Kentucky,187,01/13/2020,Closure,,,
Kentucky,"The Western Kentucky Coal Company, LLC Genesis Mine",,,02/24/2020,,,Green River | Ohio | 212111,Kentucky,250,12/26/2019,Closure,,,
Kentucky,PAE Visa Support Services (VSS),,,02/28/2020,,,Cumberlands | Whitley | 561210,Kentucky,425,12/19/2019,Layoff,,,
Kentucky,Webster County Coal Dotiki Mine,,,02/07/2020,,,Green River | Webster | 212112,Kentucky,40,12/09/2019,Closure,,,
Kentucky,MTD Products Inc,,,01/17/2020,,,Lincoln Trail | Grayson | 444220,Kentucky,279,11/19/2019,Closure,,,
Kentucky,"Ebonite International, Inc.",,,01/14/2020,,,Western Kentucky | Christian | 453998,Kentucky,171,11/15/2019,Closure,,,
Kentucky,Bekaert Corporation,,,01/13/2020,,,Kentuckianaworks | Shelby | 331222,Kentucky,100,11/12/2019,Closure,,,
Kentucky,Nally & Hamilton Enterprises Inc Balkan area Mines and Facilities,,,01/01/2020,,,EKCEP | Bell | 212111,Kentucky,97,11/04/2019,Layoff,,,
Kentucky,"Nally & Hamilton Enterprises Inc Bailey's Creek, Cranks Creek & Day Branch Mines",,,01/01/2020,,,EKCEP | Harlan | 212111,Kentucky,38,11/04/2019,Layoff,,,
Kentucky,Nally & Hamilton Enterprise Inc Stinnett Mine,,,01/01/2020,,,EKCEP | Leslie | 212111,Kentucky,21,11/04/2019,Layoff,,,
Kentucky,Nally & Hamilton Enterprises Inc Stinnett Mine -London,,,01/01/2020,,,Cumberlands | Laurel | 212111,Kentucky,9,11/04/2019,Layoff,,,
Kentucky,Nally & Hamilton Enterprise Inc,,,01/01/2020,,,EKCEP | Harlan | 212111,Kentucky,5,11/04/2019,Layoff,,,
Kentucky,AECOM,,,12/29/2019,,,Western Kentucky | Christian | 541310,Kentucky,383,10/29/2019,Layoff,,,
Kentucky,INOAC PACKAGING GROUP INC,,,11/12/2019,,,Lincoln Trail | Nelson | 326160,Kentucky,72,09/12/2019,Layoff,,,
Kentucky,Pennyrile Energy LLC- RiverEdge Mine,,,11/01/2019,,,Green River | McLean | 212112,Kentucky,169,09/05/2019,Closure,,,
Kentucky,AK Steel -Ashland Works,,,11/04/2019,,,TENCO | Boyd | 331222,Kentucky,260,09/03/2019,Closure,,,
Kentucky,BRIGGS & STRATTON CORPORATION,,,09/27/2019,,,Western Kentucky | Calloway | 333112,Kentucky,628,08/22/2019,Closure,,,
Kentucky,FFO Home,,,10/01/2019,,,Kentuckianaworks | Jefferson | 442110,Kentucky,52,08/01/2019,Closure,,,
Kentucky,TMK IPSCO Tubulars (KY),,,09/24/2019,,,Northern Kentucky | Campbell | 425120,Kentucky,159,07/30/2019,Layoff,,,
Kentucky,Red Ventures,,,10/31/2019,,,Bluegrass | Fayette | 524210,Kentucky,94,07/22/2019,Layoff,,,
Kentucky,"Sykes Enterprises, Inc.",,,09/03/2019,,,EKCEP | Perry | 541910,Kentucky,179,07/01/2019,Layoff,,,
Kentucky,"HOLLANDER SLEEP PRODUCTS, LLC",,,08/21/2019,,,South Central | Hart | 337910,Kentucky,208,06/21/2019,Closure,,,
Kentucky,CEVA LOGISTICS US INC,,,08/18/2019,,,Kentuckianaworks | Jefferson | 484121,Kentucky,74,06/19/2019,Closure,,,
Kentucky,Harman International,,,08/02/2019,,,South Central | Simpson | 334310,Kentucky,158,05/30/2019,Closure,,,
Kentucky,Union Underwear Company/ Fruit of The Loom,,,07/22/2019,,,South Central | Warren | 315190,Kentucky,100,05/22/2019,Layoff,,,
Kentucky,Concentrix CVG Corp.- formally Convergys,,,09/30/2019,,,Northern Kentucky | Kenton | 518210,Kentucky,175,05/06/2019,Closure,,,
Kentucky,"New Vista Behavioral Healthcare, Inc",,,06/01/2019,,,Cumberlands | Pulaski | 621999,Kentucky,132,05/01/2019,Layoff,,,
Kentucky,Continuum Global Solutions,,,06/21/2019,,,Bluegrass | Fayette | 488320,Kentucky,117,04/23/2019,Layoff,,,
Kentucky,CSXT-Russell Locomotive Shop,,,04/05/2019,,,TENCO | Greenup | 336510,Kentucky,113,04/05/2019,Closure,,,
Kentucky,FLINT GROUP,,,06/30/2019,,,Lincoln Trail | Hardin | 325130,Kentucky,81,03/27/2019,Layoff,,,
Kentucky,"CONDUENT State & Local Solutions, Inc",,,04/21/2019,,,Cumberlands | Laurel | 58121,Kentucky,97,03/22/2019,Layoff,,,
Kentucky,BrightSpring Health Services\ CAKY of Somerset,,,04/19/2019,,,Cumberlands | Pulaski | 624120,Kentucky,93,03/12/2019,Layoff,,,
Kentucky,BrightSpring Health Services\ Bingham Gardens,,,03/31/2019,,,Kentuckianaworks | Jefferson | 561110,Kentucky,125,03/12/2019,Layoff,,,
Kentucky,Performance Team,,,02/20/2019,,,Kentuckianaworks | Jefferson | 541614,Kentucky,42,02/25/2019,Layoff,,,
Kentucky,Jack Cooper Transport Co. Inc,,,04/21/2019,,,Kentuckianaworks | Jefferson | 484121,Kentucky,425,02/21/2019,Closure,,,
Kentucky,LED VANCE LLC,,,09/27/2019,,,Bluegrass | Woodford | 335110,Kentucky,253,01/25/2019,Closure,,,
Kentucky,"Leggett & Platt, Inc.",,,02/14/2019,,,Bluegrass | Scott County | 337215,Kentucky,146,12/13/2018,Layoff,,,
Kentucky,IQOR Global Service LLC,,,02/11/2019,,,Kentuckiana Works | Jefferson County - Louisville | 54168,Kentucky,128,12/12/2018,Layoff,,,
Kentucky,Piramal Pharma Solutions,,,01/29/2019,,,Bluegrass | Fayette County | 325412,Kentucky,38,11/30/2018,Layoff,,,
Kentucky,Graham Packaging Company-Florence,,,01/25/2019,,,Northern Kentucky | Boone | 326199,Kentucky,57,11/27/2018,Closure,,,
Kentucky,Pomeroy Solutions Sales dba Getronics,,,06/30/2019,,,Northern Kentucky | Boone | 541511,Kentucky,163,10/31/2018,Closure,,,
Kentucky,Mondi Industrial Bags,,,12/31/2018,,,Kentuckiana Works | Jefferson County - Louisville | 322220,Kentucky,100,10/30/2018,Closure,,,
Kentucky,Concentrix CVG Corp.- formally Convergys,,,12/28/2018,,,Northern Kentucky | Kenton County | 518210,Kentucky,258,10/30/2018,Closure,,,
Kentucky,K&T SWITCHING SERVICE -Fern Valley Road,,,12/24/2018,,,Kentuckiana Works | Jefferson County - Louisville | 484121,Kentucky,52,10/26/2018,Layoff,,,
Kentucky,K&T SWITCHING SERVICE -Chamberlain Lane,,,12/24/2018,,,Kentuckiana Works | Jefferson County - Louisville | 484121,Kentucky,38,10/26/2018,Layoff,,,
Kentucky,Murray State University,,,12/14/2018,,,Western Kentucky | Calloway County | 611310,Kentucky,44,10/16/2018,Layoff,,,
Kentucky,Kentucky River Foothills Development Council,,,12/31/2018,,,Bluegrass | Madison County | 813319,Kentucky,142,10/01/2018,Layoff,,,
Kentucky,Gannett Satellite Information Network,,,12/31/2018,,,Kentuckiana Works | Jefferson County - Louisville | 511110,Kentucky,73,09/27/2018,Layoff,,,
Kentucky,dormakaba USA Inc.,,,12/03/2018,,,Bluegrass | Fayette County | 332510,Kentucky,58,09/27/2018,Layoff,,,
Kentucky,Oxford Government Consulting,,,11/23/2018,,,Cumberlands | Rockcastle County | 541611,Kentucky,68,09/27/2018,Layoff,,,
Kentucky,Werner Co.,,,10/09/2019,,,Kentuckiana Works | Jefferson County - Louisville | 331318,Kentucky,118,08/20/2018,Closure,,,
Kentucky,US BANK -Bowling Green,,,09/28/2018,,,South Central | Warren County | 522110,Kentucky,100,07/26/2018,Closure,,,
Kentucky,Taylor & Francis Group LLC,,,09/28/2018,,,Northern Kentucky | Boone | 511199,Kentucky,68,07/18/2018,Closure,,,
Kentucky,WAL-MART Store #1269,,,09/14/2018,,,Kentuckiana Works | Jefferson County - Louisville | 452111,Kentucky,206,07/12/2018,Closure,,,
Kentucky,WAL-MART Store #2060,,,09/14/2018,,,Bluegrass | Fayette County | 452111,Kentucky,203,07/12/2018,Closure,,,
Kentucky,WAL-MART Store #4523,,,09/14/2018,,,Kentuckiana Works | Jefferson County - Louisville | 452111,Kentucky,96,07/12/2018,Closure,,,
Kentucky,WAL-MART Store #3841,,,09/14/2018,,,Kentuckiana Works | Jefferson County - Louisville | 452111,Kentucky,92,07/12/2018,Closure,,,
Kentucky,Dean Milk Co,,,09/07/2018,,,Kentuckiana Works | Jefferson County - Louisville | 112990,Kentucky,76,07/05/2018,Closure,,,
Kentucky,American Greetings Corp-Bardstown,,,09/07/2018,,,Lincoln Trail | Nelson County | 511191,Kentucky,275,07/03/2018,Closure,,,
Kentucky,Magic Mart Store #650,,,10/01/2018,,,EKCEP | Perry County | 452210,Kentucky,29,07/02/2018,Closure,,,
Kentucky,Magic Mart Store #960,,,10/01/2018,,,EKCEP | Pike County | 452210,Kentucky,31,07/01/2018,Closure,,,
Kentucky,Savers,,,08/12/2018,,,Kentuckiana Works | Jefferson County - Louisville | 453310,Kentucky,59,06/14/2018,Closure,,,
Kentucky,DNR Group LLC-Innovairre,,,08/02/2018,,,Kentuckiana Works | Jefferson County - Louisville | 323114,Kentucky,54,06/05/2018,Layoff,,,
Kentucky,ALBAAD USA INC,,,08/31/2018,,,Bluegrass | Jessamine County | 423450,Kentucky,104,05/31/2018,Closure,,,
Kentucky,THE BOEING COMPANY-Lexington,,,07/13/2018,,,Bluegrass | Fayette County,Kentucky,99,05/21/2018,Layoff,,,
Kentucky,Prairie Farms-Fulton,,,06/30/2018,,,Western Kentucky | Fulton County | 311500,Kentucky,52,05/01/2018,Closure,,,
Kentucky,CONIFER REVENUE CYCLE SOLUTIONS LLC,,,04/30/2018,,,Kentuckiana Works | Jefferson County - Louisville | 523930,Kentucky,128,03/01/2018,Layoff,,,
Kentucky,Flextronics Americas LLC,,,09/01/2018,,,Kentuckiana Works | Jefferson County - Louisville | 493110,Kentucky,314,02/23/2018,Layoff,,,
Kentucky,GILT Distribution Center,,,09/28/2018,,,Kentuckiana Works | Bullitt County | 454111,Kentucky,250,02/12/2018,Closure,,,
Kentucky,Abm Industries Inc./ABM Aviation,,,03/07/2018,,,Northern Kentucky | Kenton County | 488119,Kentucky,65,01/18/2018,Layoff,,,
Kentucky,American Greetings Corp-Bardstown,,,03/16/2018,,,Lincoln Trail | Nelson County | 511191,Kentucky,150,01/11/2018,Layoff,,,
Kentucky,KES Kentucky Electric Steel,,,03/10/2018,,,TENCO | Boyd County | 331513,Kentucky,113,01/09/2018,Closure,,,
Kentucky,Hopkins County Coal Madisonville Office,,,02/14/2018,,,Western Kentucky | Hopkins County | 213113,Kentucky,427,12/18/2017,Closure,,,
Kentucky,THOROUGHFARE MINING LLC,,,02/14/2018,,,Western Kentucky | Hopkins County | 21,Kentucky,99,12/18/2017,Closure,,,
Kentucky,Clarcor Air Filtration-Campbellsville,,,02/12/2018,,,Cumberlands | Taylor County | 333413,Kentucky,119,12/13/2017,Closure,,,
Kentucky,Scott Archery,,,01/10/2018,,,Bluegrass | Powell County | 339920,Kentucky,88,11/07/2017,Closure,,,
Kentucky,Arriva Medical LLC,,,12/31/2017,,,Northern Kentucky | Boone | 423450,Kentucky,13,10/31/2017,Closure,,,
Kentucky,Baptist Health Plan Inc-Lexington,,,12/29/2017,,,Bluegrass | Fayette County | 621999,Kentucky,34,10/30/2017,Layoff,,,
Kentucky,Equality Boot Surface Mine,,,12/08/2017,,,Green River | Ohio County | 212111,Kentucky,61,10/11/2017,Layoff,,,
Kentucky,Armstrong Coal Prep & Dock Facility,,,12/08/2017,,,Green River | Ohio County | 311612,Kentucky,12,10/11/2017,Layoff,,,
Kentucky,LATA SHARP REMEDIATION SERVICES LLC,,,10/19/2017,,,Western Kentucky | McCracken County | 562112,Kentucky,0,08/17/2017,Layoff,,,
Kentucky,Booth Energy,,,09/30/2017,,,EKCEP | Martin County | 1,Kentucky,217,08/02/2017,Closure,,,
Kentucky,"Engineered Plastic Components, Inc.",,,10/18/2017,,,Green River | Daviess County | 333249,Kentucky,68,07/18/2017,Closure,,,
Kentucky,Kmart 04232-Lexington,,,09/24/2017,,,Bluegrass | Fayette County | 45211,Kentucky,73,07/18/2017,Closure,,,
Kentucky,BIMBO BAKERIES USA INC,,,09/08/2017,,,Green River | Daviess County | 311811,Kentucky,111,07/10/2017,Closure,,,
Kentucky,LEDVANCE LLC-Winchester,,,09/01/2017,,,Bluegrass | Clark County | 33511,Kentucky,54,06/28/2017,Closure,,,
Kentucky,Charter Commuications -Lexington,,,07/17/2017,,,Bluegrass | Fayette County | 517911,Kentucky,56,05/24/2017,Layoff,,,
Kentucky,Itron Inc.,,,12/31/2017,,,Northern Kentucky | Owen County | 238220,Kentucky,309,05/05/2017,Closure,,,
Kentucky,General Electric Company- Lexington Lamp Plant,,,06/23/2017,,,Bluegrass | Fayette County | 335110,Kentucky,127,04/27/2017,Closure,,,
Kentucky,AmerisourceBergen Drug Corporation,,,06/30/2017,,,Western Kentucky | McCracken County | 325412,Kentucky,76,04/20/2017,Closure,,,
Kentucky,Ann Taylor Distribution Services,,,06/09/2017,,,Kentuckiana Works | Jefferson County - Louisville | 44812,Kentucky,105,04/07/2017,Closure,,,
Kentucky,"Benore Logistic Systems, Inc.",,,04/23/2017,,,EKCEP | Knox County | 493110,Kentucky,82,04/07/2017,Layoff,,,
Kentucky,Dollar Express-Covington,,,06/30/2017,,,Northern Kentucky | Kenton County | 45231,Kentucky,11,04/04/2017,Closure,,,
Kentucky,Dollar Express Louisville(2),,,06/30/2017,,,Kentuckiana Works | Jefferson County - Louisville | 45231,Kentucky,9,04/04/2017,Closure,,,
Kentucky,Dollar Express Louisville(1),,,06/30/2017,,,Kentuckiana Works | Jefferson County - Louisville | 45231,Kentucky,9,04/04/2017,Closure,,,
Kentucky,Kelly Services-Kenton Co,,,06/02/2017,,,Northern Kentucky | Kenton County | 561320,Kentucky,36,04/03/2017,Closure,,,
Kentucky,General Electric Company Somerset Glass Plant Lighting,,,05/26/2017,,,Cumberlands | Pulaski County | 335110,Kentucky,63,04/03/2017,Closure,,,
Kentucky,Sypris Technologies,,,05/10/2017,,,Kentuckiana Works | Jefferson County - Louisville | 336390,Kentucky,,03/10/2017,Layoff,,,
Kentucky,Conduent Incorporated,,,04/12/2017,,,EKCEP | Knox County | 518210,Kentucky,62,02/13/2017,Layoff,,,
Kentucky,Nasty Gal Inc,,,04/10/2017,,,Kentuckiana Works | Bullitt County | 493110,Kentucky,70,02/13/2017,Closure,,,
Kentucky,Penske Vehicle Services Inc.,,,04/01/2017,,,South Central | Warren County | 532120,Kentucky,1,01/31/2017,Layoff,,,
Kentucky,ZOO PRINTING,,,06/30/2017,,,Kentuckiana Works | Jefferson County - Louisville | 323111,Kentucky,88,01/25/2017,Closure,,,
Kentucky,Toyota Motor Engineering & Manufacturing,,,01/03/2017,,,Northern Kentucky | Boone | 336111,Kentucky,648,12/12/2016,Closure,,,
Kentucky,Vantiv,,,03/31/2017,,,KentuckianaWorks | Jefferson | 522390,Kentucky,200,11/17/2016,Closure,,,
Kentucky,Experience Works,,,01/30/2017,,,EKCEP | Lee | 624310,Kentucky,31,11/07/2016,Closure,,,
Kentucky,Harman International Industries,,,01/09/2017,,,South Central | Simpson | 333430,Kentucky,215,11/07/2016,Layoff,,,
Kentucky,Meadowview Rehab & Wellness,,,11/27/2016,,,Kentuckianaworks | Jefferson | 6231,Kentucky,124,09/27/2016,Closure,,,
Kentucky,Glenview Healthcare & Rehabilitation Center,,,11/27/2016,,,Kentuckianaworks | Jefferson | 6231,Kentucky,83,09/27/2016,Closure,,,
Kentucky,Gerdau Ameristeel US Inc.-Calvert City Mill,,,11/15/2016,,,Western Kentucky | Marshall | 33111,Kentucky,138,09/15/2016,Closure,,,
Kentucky,Alpha Natural Resources - Sidney Coal Company LLC,,,12/16/2016,,,EKCEP | Pike | 21,Kentucky,117,09/08/2016,Layoff,,,
Kentucky,St. Catherine College,,,07/31/2016,,,Lincoln Trail | Washington | 611310,Kentucky,120,06/10/2016,Closure,,,
Kentucky,Spurlock Mining LLC,,,08/07/2016,,,EKCEP | Floyd | 212112,Kentucky,203,06/09/2016,Closure,,,
Kentucky,Federal-Mogul Motorparts,,,08/01/2016,,,TENCO | Mason | 423130,Kentucky,110,06/06/2016,Closure,,,
Kentucky,General Product's,,,07/01/2016,,,South Central | Logan | 441310,Kentucky,47,06/03/2016,Closure,,,
Kentucky,Kindred Nursing and Rehabilitation,,,08/01/2016,,,Kentuckianaworks | Jefferson | 6231,Kentucky,152,06/01/2016,Closure,,,
Kentucky,Tantus Tobacco LLC,,,08/01/2016,,,Cumberlands | Russell | 312230,Kentucky,87,05/31/2016,Layoff,,,
Kentucky,Affinity Apparel,,,07/25/2016,,,TENCO | Montgomery | 448190,Kentucky,,05/27/2016,Layoff,,,
Kentucky,"ADP Benefits KY, Inc.",,,07/22/2016,,,Kentuckianaworks | Jefferson,Kentucky,110,05/24/2016,Closure,,,
Kentucky,Whayne Supply Company,,,07/15/2016,,,Cumberlands | Whitley | 423810,Kentucky,,05/13/2016,Layoff,,,
Kentucky,Remington Outdoor Company,,,07/29/2016,,,Western Kentucky | Graves | 332994,Kentucky,189,05/06/2016,Closure,,,
Kentucky,Armstrong Coal- Parkway underground mine,,,06/22/2016,,,Western Kentucky | Muhlenberg | 212,Kentucky,86,04/29/2016,Closure,,,
Kentucky,Armstrong Coal- Parkway Preparation Plant,,,06/22/2016,,,Western Kentucky | Muhlenberg | 212,Kentucky,20,04/29/2016,Closure,,,
Kentucky,KeyTronicEMS,,,06/22/2016,,,Bluegrass | Mercer | 334419,Kentucky,73,04/28/2016,Closure,,,
Kentucky,IPSCO Tubluars (KY) Inc.,,,06/22/2016,,,Northern Kentucky | Campbell | 425120,Kentucky,113,04/26/2016,Layoff,,,
Kentucky,Johnson Controls Inc.,,,06/30/2016,,,Kentuckianaworks | Shelby | 336390,Kentucky,122,04/21/2016,Closure,,,
Kentucky,Dana Commercial Vehicle Manufacturing LLC,,,06/30/2016,,,South Central | Barren | 336350,Kentucky,191,04/19/2016,Closure,,,
Kentucky,"Verso Corporation Wickliffe Mill , Beaver Dam Woodyard & Eddyville Woodyard",,,06/04/2016,,,Western Kentucky | Ballard | 322121,Kentucky,425,04/08/2016,Closure,,,
Kentucky,IPSCO Tubluars (KY) Inc.,,,05/31/2016,,,Northern Kentucky | Campbell | 425120,Kentucky,6,04/05/2016,Layoff,,,
Kentucky,"Sodexo,Inc.",,,05/27/2016,,,Kentuckianaworks | Jefferson | 722310,Kentucky,215,04/04/2016,Closure,,,
Kentucky,Lexmark International Inc,,,05/25/2016,,,Bluegrass | Fayette | 33318,Kentucky,143,03/23/2016,Layoff,,,
Kentucky,Firstsource Group USA-REVISED,,,05/19/2016,,,Kentuckianaworks | Jefferson | 561110,Kentucky,282,03/21/2016,Closure,,,
Kentucky,Innotrac L.P.'s Facility,,,05/11/2016,,,Northern Kentucky | Boone | 541614,Kentucky,338,03/09/2016,Closure,,,
Kentucky,Carmeuse Lime & Stone -Maysville Operation,,,03/11/2016,,,TENCO | Mason | 212312,Kentucky,76,03/07/2016,Layoff,,,
Kentucky,Convergys Corporation,,,04/30/2016,,,Northern Kentucky | Kenton | 541613,Kentucky,94,03/03/2016,Closure,,,
Kentucky,IPSCO Tubulars (KY) Inc.,,,04/29/2016,,,Northern Kentucky | Campbell | 425120,Kentucky,6,03/02/2016,Layoff,,,
Kentucky,Delta Air Lines,,,05/01/2016,,,Northern Kentucky | Boone | 488119,Kentucky,305,02/25/2016,Layoff,,,
Kentucky,Hearth & Home Technologies,,,05/15/2016,,,Bluegrass | Bourbon | 333414,Kentucky,229,02/22/2016,Closure,,,
Kentucky,Hopkins County Coal LLC,,,04/05/2016,,,Western Kentucky | Hopkins | 212112,Kentucky,253,02/05/2016,Closure,,,
Kentucky,Warrior Coal LLC,,,04/05/2016,,,Western Kentucky | Hopkins | 212112,Kentucky,150,02/05/2016,Closure,,,
Kentucky,Pine Branch Mining LLC,,,04/01/2016,,,EKCEP | Perry | 212399,Kentucky,156,02/01/2016,Layoff,,,
Kentucky,Novitex Government Solutions London,,,03/11/2016,,,Cumberlands | Laurel | 518210,Kentucky,64,01/26/2016,Layoff,,,
Kentucky,Belden Monticello,,,08/01/2016,,,Cumberlands | Wayne | 33142,Kentucky,230,01/15/2016,Closure,,,
Kentucky,"IPSCO Tubulars, (KY) Inc.",,,03/09/2016,,,Northern Kentucky | Campbell | 425120,Kentucky,126,01/13/2016,Layoff,,,
Kentucky,SKF USA Inc. Automotive Vehicle Service Market,,,05/01/2016,,,Northern Kentucky | Boone | 332991,Kentucky,179,01/11/2016,Closure,,,
Kentucky,"Kentucky Association of Electric Cooperatives, Inc. (KAEC)",,,02/28/2016,,,Kentuckianaworks | Jefferson | 335311,Kentucky,94,12/29/2015,Layoff,,,
Kentucky,Century Aluminum of Kentucky  (EXTENSION OF CONDITIONAL WARN),,,12/02/2015,,,Green River | Hancock | 331313,Kentucky,225,12/02/2015,Layoff,,,
Kentucky,Blue Diamond Mining Buckeye Mine Complex,,,01/19/2016,,,EKCEP | Perry/Leslie | 212111,Kentucky,159,11/19/2015,Closure,,,
Kentucky,Sebree Mining LLC,,,01/06/2016,,,Green River | Webster | 212111,Kentucky,140,11/06/2015,Closure,,,
Kentucky,Adair County Hospital District- Westlake Regional Hospital,,,01/04/2016,,,"Cumberlands | Adair,Metcalf, Russell | 622110",Kentucky,153,11/04/2015,Closure,,,
Kentucky,Armstrong Coal-Midway Mine,,,12/31/2015,,,Green River | Ohio | 212111,Kentucky,65,11/02/2015,Closure,,,
Kentucky,Armstrong Coal-Parkway Mine- Central City,,,12/31/2015,,,Western Kentucky | Muhlenberg | 212111,Kentucky,52,11/02/2015,Closure,,,
Kentucky,Armstrong Coal-Midway Preparation Plant,,,12/31/2015,,,Green River | Ohio | 212111,Kentucky,10,11/02/2015,Closure,,,
Kentucky,Armstrong Coal-Parkway Preparation Plant- Central City,,,12/31/2015,,,Western Kentucky | Muhlenberg | 212111,Kentucky,6,11/02/2015,Closure,,,
Kentucky,Joy Global - Salyersville Operations,,,12/28/2015,,,EKCEP | Magoffin | 333131,Kentucky,57,11/02/2015,Closure,,,
Kentucky,"Arch Coal, Inc./Cumberland River Coal Company",,,12/30/2015,,,EKCEP | Letcher | 212111,Kentucky,8,10/30/2015,Layoff,,,
Kentucky,Century Aluminum Sebree LLC,,,12/29/2015,,,Green River | Henderson | 331313,Kentucky,148,10/30/2015,Layoff,,,
Kentucky,STEIN INC. -Ashland KY Facility,,,12/20/2015,,,TENCO | Boyd | 327992,Kentucky,53,10/27/2015,Layoff,,,
Kentucky,CSX Transportation Inc.,,,10/20/2015,,,Cumberlands | Whitley | 488510,Kentucky,225,10/20/2015,Closure,,,
Kentucky,"Lexington Metal Systems, LLC",,,12/19/2015,,,TENCO | Montgomery | 336370,Kentucky,100,10/19/2015,Layoff,,,
Kentucky,AK Steel Corporation -Ashland Works,,,12/18/2015,,,TENCO | Boyd | 331110,Kentucky,733,10/16/2015,Layoff,,,
Kentucky,Envoy Air,,,11/16/2015,,,Kentuckianaworks | Jefferson | 48111,Kentucky,78,09/23/2015,Layoff,,,
Kentucky,Wickliffe Paper Company LLC-Verso Corp,,,11/01/2015,,,Western Kentucky | Ballard | 322121,Kentucky,310,09/01/2015,Layoff,,,
Kentucky,RHINO CAM Mining LLC,,,10/30/2015,,,"EKCEP | Letcher , Pike | 212112",Kentucky,92,08/31/2015,Layoff,,,
Kentucky,Century Aluminum of Kentucky -Hawesville,,,10/24/2015,,,Green River | Hancock | 331313,Kentucky,624,08/31/2015,Closure,,,
Kentucky,Coyne Textile Services,,,10/31/2015,,,Cumberlands | Laurel | 812332,Kentucky,,08/17/2015,Closure,,,
Kentucky,HAECO Airframe Services,,,09/30/2015,,,Northern Kentucky | Kenton | 488190,Kentucky,99,07/30/2015,Layoff,,,
Kentucky,United Recovery Systems,,,09/13/2015,,,Northern Kentucky | Kenton | 561440,Kentucky,78,07/15/2015,Closure,,,
Kentucky,"CareCall, Inc",,,09/13/2015,,,Northern Kentucky | Kenton | 561422,Kentucky,18,07/15/2015,Closure,,,
Kentucky,"IPSCO Tubulars, (KY) Inc.",,,07/06/2015,,,Northern Kentucky | Campbell | 425120,Kentucky,24,07/13/2015,Layoff,,,
Kentucky,MillBranch Coal Corporation-North Fork Coal Corporation -Pigeon Creek Processing- Maxxim Shared Services -Panther Mine No. 1-Stillhouse No. 1 Mine,,,09/06/2015,,,"EKCEP | Harlan,Letcher, (Appalachia VA) | 21211",Kentucky,292,07/08/2015,Closure,,,
Kentucky,RR Donnelley,,,09/05/2015,,,Bluegrass | Scott | 32311,Kentucky,91,07/07/2015,Closure,,,
Kentucky,"IPSCO Tubulars, (KY) Inc.",,,07/10/2015,,,Northern Kentucky | Campbell | 332312,Kentucky,7,07/07/2015,Layoff,,,
Kentucky,Anthem Inc.,,,07/25/2015,,,Kentuckianaworks | Jefferson | 524114,Kentucky,57,06/24/2015,Closure,,,
Kentucky,Discover Home Loans or Discover,,,08/15/2015,,,Kentuckianaworks | Jefferson | 522310,Kentucky,187,06/22/2015,Closure,,,
Kentucky,"IPSCO Tubulars, (KY) Inc.",,,06/21/2015,,,Northern Kentucky | Campbell | 332312,Kentucky,46,06/19/2015,Layoff,,,
Kentucky,"Straight Creek Coal Mining, Inc",,,08/12/2015,,,EKCEP | Bell | 211111,Kentucky,70,06/16/2015,Closure,,,
Kentucky,Chegg,,,11/01/2015,,,Kentuckianaworks | Bullitt | 564614,Kentucky,31,06/10/2015,Closure,,,
Kentucky,"Aramark Healthcare Support Services (""Aramark"") at Kentucky One Health",,,08/09/2015,,,"Kentuckianaworks | Jefferson, Bullitt, Shelby | 561720",Kentucky,169,06/09/2015,Closure,,,
Kentucky,Bechtel Parsons Blue Grass Project,,,07/31/2015-10/30/2015,,,Bluegrass | Madison | 541330,Kentucky,20,06/05/2015,Layoff,,,
Kentucky,RHINO CAM Mining LLC,,,08/01/2015,,,"EKCEP | Letcher , Pike | 212112",Kentucky,58,06/02/2015,Layoff,,,
Kentucky,ResCare,,,07/31/2015,,,Kentuckianaworks | Jefferson | 623210,Kentucky,75,06/01/2015,Layoff,,,
Kentucky,"Brake Parts Inc., LLC",,,07/31/2015,,,Bluegrass | Lincoln | 336340,Kentucky,,05/28/2015,Closure,,,
Kentucky,Joy Global - Salyersville Operations,,,07/24/2015,,,EKCEP | Magoffin | 333131,Kentucky,38,05/28/2015,Layoff,,,
Kentucky,"LATA Environmental Services of Kentucky, LLC",,,07/25/2015,,,"Western Kentucky | Ballard, McCracken | 334512",Kentucky,,05/21/2015,Layoff,,,
Kentucky,Gourmet Express LLC,,,06/26/2015,,,Western Kentucky | Muhlenberg | 454390,Kentucky,77,05/18/2015,Closure,,,
Kentucky,Lee Adjustment Center,,,07/13/2015,,,EKCEP | Lee | 921190,Kentucky,154,05/14/2015,Layoff,,,
Kentucky,"IPSCO Tubulars, (KY) Inc.",,,07/08/2015,,,Northern Kentucky | Campbell | 332312,Kentucky,115,05/12/2015,Layoff,,,
Kentucky,"IPSCO Tubulars, (KY) Inc.",,,07/07/2015,,,Northern Kentucky | Campbell | 332312,Kentucky,36,05/12/2015,Layoff,,,
Kentucky,"Highland Mining Company, LLC",,,05/15/2015,,,Green River | Union | 212112,Kentucky,37,04/20/2015,Closure,,,
Kentucky,"Heritage Coal Company, LLC",,,04/04/2015,,,Green River | Union | 213113,Kentucky,2,04/20/2015,Closure,,,
Kentucky,"IPSCO Tubulars, (KY) Inc.",,,06/07/2015,,,Northern Kentucky | Campbell | 332312,Kentucky,115,04/13/2015,Layoff,,,
Kentucky,"Quality Manufacturing, Inc.",,,06/29/2015,,,Bluegrass | Clark | 334118,Kentucky,62,04/10/2015,Layoff,,,
Kentucky,"Quality Manufacturing, Inc.",,,06/29/2015,,,Bluegrass | Clark | 334118,Kentucky,4,04/10/2015,Layoff,,,
Kentucky,DAL Global Services,,,04/30/2015,,,Northern Kentucky | Boone | 481111,Kentucky,63,04/08/2015,Layoff,,,
Kentucky,Gourmet Express LLC,,,05/30/2015,,,Western Kentucky | Muhlenberg | 454390,Kentucky,98,03/30/2015,Closure,,,
Kentucky,"Universal Well Services, Inc.",,,03/25/2015,,,EKCEP | Floyd | 213112,Kentucky,73,03/25/2015,Closure,,,
Kentucky,Fort Dearborn Company,,,05/15/2015,,,Barren River | Warren | 322220,Kentucky,60,03/20/2015,Layoff,,,
Kentucky,"Heritage Coal Company, LLC",,,04/04/2015,,,Green River | Union | 213113,Kentucky,2,02/17/2015,Closure,,,
Kentucky,"Licking River Mining, LLC",,,03/13/2015,,,EKCEP | Morgan | 212112,Kentucky,127,02/10/2015,Closure,,,
Kentucky,"Licking River Resources, Inc.",,,03/13/2015,,,EKCEP | Morgan | 212111,Kentucky,8,02/10/2015,Closure,,,
Kentucky,"S. M. & J., Inc.",,,03/13/2015,,,TENCO | Boyd | 122102,Kentucky,3,02/10/2015,Closure,,,
Kentucky,"Highland Mining Company, LLC",,,04/05/2015,,,Western Kentucky | Union | 212112,Kentucky,62,02/06/2015,Closure,,,
Kentucky,"DynCorp International LLC, U.S. Air Force's 160th SOAR",,,03/31/2015,,,Western Kentucky | Christian | 928110,Kentucky,296,02/04/2015,Layoff,,,
Kentucky,"Dodge Hill Mining Company, LLC (""Dodge Hill"")",,,,,,Green River | Union | 21211,Kentucky,135,02/03/2015,Layoff,,No,
Kentucky,"Hospital of Fulton, Inc. d/b/a Parkway Regional Hospital",,,03/31/2015,,,Western Kentucky | Fulton | 622110,Kentucky,165,01/30/2015,Closure,,,
Kentucky,"Hospital of Fulton, Inc., Hillview Medical Clinic",,,03/31/2015,,,Western Kentucky | Fulton | 621111,Kentucky,18,01/30/2015,Closure,,,
Kentucky,"Fox Knob Coal Company, Inc.",,,02/13/2015,,,EKCEP | Harlan | 212111,Kentucky,86,01/30/2015,Closure,,,
Kentucky,"JAD Coal Company, Inc.",,,02/13/2015,,,EKCEP | Harlan | 212399,Kentucky,9,01/30/2015,Closure,,,
Kentucky,"Morgan, Lewis & Bockius LLP",,,04/03/2015-06/30/2015,,,Bluegrass | Fayette | 541110,Kentucky,76,01/28/2015,Closure,,,
Kentucky,"Avantor Performance Materials, Inc.",,,03/01/2015,,,Bluegrass | Bourbon | 325411,Kentucky,150,01/16/2015,Layoff,,,
Kentucky,ShopKo Hometown #718,,,04/15/2015,,,Cumberlands | Casey | 452990,Kentucky,24,01/08/2015,Closure,,,
Kentucky,ShopKo Hometown #730,,,04/15/2015,,,Lincoln Trail | Larue | 452990,Kentucky,22,01/08/2015,Closure,,,
Kentucky,ShopKo Hometown #721,,,04/15/2015,,,Barren River | Hart | 452990,Kentucky,20,01/08/2015,Closure,,,
Kentucky,Market Day LLC,,,03/07/2015,,,Kentuckianaworks | Jefferson | 561499,Kentucky,25,01/08/2015,Layoff,,,
Kentucky,Your Community Bank,,,03/13/2015,,,Lincoln Trail | Hardin | 522110,Kentucky,52,01/07/2015,Layoff,,,
Kentucky,"Morgan, Lewis & Bockius LLP",,,03/06/2015,,,Bluegrass | Fayette | 541110,Kentucky,24,01/06/2015,Closure,,,
Kentucky,"Fox Knob Coal Company, Inc.",,,01/23/2015,,,EKCEP | Harlan | 212111,Kentucky,86,01/06/2015,Closure,,,
Kentucky,"JAD Coal Company, Inc.",,,01/23/2015,,,EKCEP | Harlan | 212399,Kentucky,9,01/06/2015,Closure,,,
Kentucky,"TECO Coal Coal LLC, & Subsidiaries",,,02/12/2015,,,"EKCEP | Pike, Perry, Whitley, Knox | 212112",Kentucky,,12/30/2014,Closure,,,
Kentucky,Kentucky Fuel Corporation (KFC),,,02/09/2015,,,EKCEP | Pike | 325199,Kentucky,52,12/17/2014,Closure,,No,
Kentucky,"Sykes Enterprise, Incorporated",,,02/27/2015,,,Lincoln Trail | Nelson | 561422,Kentucky,173,12/16/2014,,,No,
Kentucky,"Akima Support Operations (ASO) 407th FSB, ASC, Logistics Readiness Center (LRC)",,,02/14/2015,,,Lincoln Trail | Hardin | 561210,Kentucky,200,12/16/2014,Layoff,,No,
Kentucky,"Highland Mining Company, LLC (""Highland"")",,,,,,Green River | Union | 21211,Kentucky,483,12/08/2014,Layoff,,Yes,
Kentucky,"Heritage Coal Company, LLC (""Heritage"")",,,,,,Green River | Union | 21211,Kentucky,66,12/08/2014,Layoff,,Yes,
Kentucky,"KentuckyOne Health - Jewish Hospital Aramark Healthcare Support Services (""Aramark"")",,,01/31/2015,,,KentuckianaWorks | Jefferson | 561720,Kentucky,144,12/03/2014,Closure,,No,
Kentucky,Lexington Fayette County Health Dept. (LFCHD) HealthFirst Bluegrass Unit,,,01/31/2015,,,Bluegrass | Fayette | 624190,Kentucky,125,12/03/2014,Closure,,No,
Kentucky,"Cumberland River Coal Company Complex ""CRCC Complex""",,,,,,EKCEP | Letcher | 212111,Kentucky,,11/21/2014,Closure,,Yes,
Kentucky,"TECO Coal Corporations (TECO Diversified, Inc.)",,,,,,"EKCEP / Cumberlands | Pike, Perry, Whitley, Knox | 212112",Kentucky,656,10/27/2014,Closure,,No,
Kentucky,"Creation Technologies Kentucky, Inc. (""the Company"")",,,01/31/2015,,,Bluegrass | Fayette | 333242,Kentucky,204,10/02/2014,Closure,,No,
Kentucky,"Wolverine Services, LLC (an Akima Company)",,,11/30/2014,,,Lincoln Trail | Hardin | 561210,Kentucky,199,10/01/2014,Layoff,,No,
Kentucky,"Cumberland River Coal Company Complex ""CRCC Complex""",,,09/19/2014,,,EKCEP | Letcher | 212111,Kentucky,213,09/19/2014,Closure,,Yes,
Kentucky,"Bluegrass Family Health, Inc., (""BFH"")",,,12/31/2014,,,Bluegrass | Fayette | 621491,Kentucky,61,09/05/2014,Layoff,,No,
Kentucky,United States Enrichment Corporation (USEC),,,9/29/2014-10/12/2014,,,Western Kentucky | Ballard | 325199,Kentucky,375,07/31/2014,Layoff,,Yes,
Kentucky,Federal - Mogul Corporation,,,,,,Tenco | Mason | 541614,Kentucky,157,07/31/2014,Closure,,No,
Kentucky,Joy Global - Salyersville Operations,,,09/22/2014,,,EKCEP | Magoffin | 423810,Kentucky,73,07/27/2014,Layoff,,No,
Kentucky,"Cumberland River Coal Company Complex ""CRCC Complex""",,,09/19/2014,,,EKCEP | Letcher | 212111,Kentucky,,07/22/2014,Closure,,Yes,
Kentucky,BAE Systems,,,6/30/2014-7/11/2014,,,EKCEP | Jackson | 315210,Kentucky,150,06/26/2014,,,No,
Kentucky,"Harlan-Cumberland Coal Company, LLC",,,08/18/2014,,,EKCEP | Harlan | 213113,Kentucky,92,06/19/2014,Layoff,,No,
Kentucky,"Sodexo, Inc.",,,06/30/2014,,,Bluegrass | Fayette | 722310,Kentucky,57,06/09/2014,Closure,,No,
Kentucky,Regal Beloit,,,08/22/2014,,,Bluegrass | Clark / Montgomery | 336320,Kentucky,242,06/05/2014,Closure,,Yes,
Kentucky,"Aphena Pharma Solutions, LLC",,,07/29/2014-09/30/2014,,,Barren River | Barren | 325412,Kentucky,54,05/29/2014,Closure,,No,
Kentucky,"Carl Zeiss Vision, Inc.",,,07/28/2024,,,Northern Kentucky | Boone | 333314,Kentucky,67,05/29/2014,Closure,,No,
Kentucky,"Nielsen Company (US), LLC",,,07/31/2014,,,Lincoln Trail | Hardin | 561422,Kentucky,237,05/06/2014,Closure,,No,
Kentucky,United States Enrichment Corporation (USEC),,,06/27/2014,,,Western Kentucky | Ballard | 325199,Kentucky,85,04/29/2014,Layoff,,Yes,
Kentucky,Big Rivers Electric Corp. Coleman Station,,,05/01/2014,,,Green River | Hancock | 221121,Kentucky,96,04/07/2014,Layoff,,Yes,
Kentucky,"Union Underwear Co., Inc. d/b/a Fruit of the Loom",,,06/08/2014,,,Cumberlands | Russell | 315220/315240,Kentucky,601,04/04/2014,Closure,,No,
Kentucky,Cenveo,,,06/04/2014,,,Greater Louisville | Shelby | 322230,Kentucky,,04/04/2014,Closure,,No,
Kentucky,"General Dynamics Information Technology, Inc.",,,05/09/2014,,,Cumberlands | Laurel | 541611,Kentucky,271,03/07/2014,Layoff,,No,
Kentucky,"Brake Parts, Inc., LLC.",,,04/18/2014,,,Bluegrass | Lincoln | 336340,Kentucky,,02/27/2014,Layoff,,No,
Kentucky,United States Enrichment Corporation (USEC),,,04/11/2014,,,Western Kentucky | Ballard | 325199,Kentucky,360,02/20/2014,Layoff,,Yes,
Kentucky,"HDA, Inc. and N-Store Merchandising, Inc.",,,02/03/2014,,,Statewide | Statewide | 425120,Kentucky,,02/11/2014,Layoff,,No,
Kentucky,Time Warner Cable (TWC),,,03/18/2014,,,Greater Louisville | Jefferson | 561422,Kentucky,97,01/21/2014,Layoff,,No,
Kentucky,"Motorola Solutions, Inc.",,,03/28/2014,,,Greater Louisville | Jefferson | 811211,Kentucky,,01/09/2014,Closure,,No,
Kentucky,"Arch Coal, Inc., Flint Ridge",,,,,,EKCEP | Breathitt | 322221,Kentucky,131,01/07/2014,Closure,,No,
Kentucky,Boeing,,,03/04/2014,,,Statewide | Statewide | 561110,Kentucky,49,01/04/2014,Closure,,No,
Kentucky,Unilever Owensboro Plant,,,03/01/2014,,,Green River | Daviess | 311412,Kentucky,113,12/20/2013,Layoff,,,
Kentucky,North American Stainless (NAS) Facility HARSCO Metals & Minerals Plant #4 and #68,,,02/25/2014,,,"Northern Kentucky | Gallatin | 423510, 423830, 331111",Kentucky,67,12/20/2013,Closure,,,
Kentucky,United State Enrichment Corporation (USEC),,,2/14/2014-2/28/2014,,,Western Kentucky | Ballard | 325199,Kentucky,110,12/17/2013,Layoff,,Yes,
Kentucky,"Centrury Aluminum of Kentucky ""CAC"" ""Owensboro Facility""",,,03/31/2014-04/14/2014,,,Green River | Daviess/ Hancock | 560000,Kentucky,22,12/17/2013,Layoff,,No,
Kentucky,"Century Aluminum of Kentucky GP ""Hawesville Smelter""",,,03/31/2014-04/14/2014,,,Green River | Hancock | 331319,Kentucky,,12/17/2013,Layoff,,Yes,
Kentucky,"American Ambulette & Ambulance Swervice, Inc. (""AAA"")",,,12/06/2013,,,Bluegrass | Nicholas | 621910,Kentucky,,12/11/2013,Closure,,,
Kentucky,Big Rivers Electric Corporation,,,02/01/2014,,,Green River | Henderson | 221121,Kentucky,188,12/05/2013,Layoff,,Yes,
Kentucky,United State Enrichment Corporation (USEC),,,01/21/2014-01/31/2014,,,Western Kentucky | Ballard | 325199,Kentucky,40,11/20/2013,Layoff,,Yes,
Kentucky,"DynCorp International, LLC ""DI""",,,12/13/2013,,,Western Kentucky | Christian,Kentucky,,11/12/2013,Layoff,,No,
Kentucky,"Pacific Pulmonary Services ""PPS""",,,01/03/2014,,,Bluegrass | Fayette | 561422,Kentucky,101,11/06/2013,Layoff,,No,
Kentucky,"Century Aluminum Sebree, LLC ""Sebree Smelter""",,,01/31/2014,,,Green River | Henderson | 331319,Kentucky,,11/04/2013,Layoff,,Yes,
Kentucky,Bank of America Consumer Banking - Legacy Asset Servicing Unit,,,12/22/2013,,,Greater Louisville | Jefferson,Kentucky,55,10/25/2013,Layoff,,No,
Kentucky,"Laboratory Partners, Inc. Kilbourne Medical Laboratories",,,12/23/2013,,,Greater Louisville | Jefferson | 621511,Kentucky,,10/24/2013,"Layoff, Closure",,No,
Kentucky,"Laboratory Partners, Inc. Kilbourne Medical Laboratories",,,12/23/2013,,,Bluegrass | Fayette | 621511,Kentucky,,10/24/2013,"Layoff, Closure",,No,
Kentucky,"Century Aluminum of Kentucky GP ""Hawesville Smelter""",,,12/20/2013-01/03/2014,,,Green River | Hancock | 331319,Kentucky,686,10/21/2013,Layoff,,Yes,
Kentucky,"Century Aluminum Company ""Owensboro Facility""",,,12/20/2013-01/03/2014,,,Green River | Daviess | 560000,Kentucky,27,10/21/2013,Layoff,,Yes,
Kentucky,McCoy Elkhorn Coal Corporation,,,10/16/2013,,,EKCEP | Pike | 212112,Kentucky,,10/16/2013,Layoff,,,
Kentucky,Bledsoe Coal Corporation,,,12/16/2013,,,EKCEP | Harlan/Leslie | 212112,Kentucky,,10/15/2013,Closure,,No,
Kentucky,Discover Home Loans,,,12/12/2013,,,Greater Louisville | Jefferson | 522310,Kentucky,142,10/15/2013,Layoff,,,
Kentucky,"Motorola Solutions, Inc.",,,12/01/2013,,,Greater Louisville | Jefferson | 811211,Kentucky,42,10/08/2013,Closure,,No,
Kentucky,GECOM Corporation,,,03/31/2014,,,Bluegrass | Franklin | 336370,Kentucky,5,10/02/2013,Layoff,,,
Kentucky,"Borden Dairy Company of Madisonville, LLC d/b/a Goldenrod Dairy",,,11/29/2013-12/12/2013,,,Western Kentucky | Hopkins | 424430,Kentucky,,09/30/2013,Closure,,,
Kentucky,"Excel Mining, LLC Van Lear Mine and Pontiki Preparation Plant",,,12/02/2013,,,EKCEP | Martin | 212112,Kentucky,125,09/27/2013,Closure,,,
Kentucky,Marion Adjustment Center,,,08/31/2013-10/31/2013,,,Lincoln Trail | Marion | 624310,Kentucky,117,08/30/2013,Closure,,,
Kentucky,"Corizon, Inc.",,,09/30/2013,,,Greater Louisville | Jefferson | 561210,Kentucky,94,08/26/2013,Layoff,,,
Kentucky,"Arch Coal, Inc. ICG Hazard, LLC Flint Ridge Complex",,,,,,EKCEP | Breathitt | 322221,Kentucky,3,08/23/2013,Closure,,No,
Kentucky,"Century Aluminum of Kentucky GP ""Hawesville Smelter""",,,10/18/2013,,,Green River | Hancock | 331319,Kentucky,679,08/16/2013,Layoff,,Yes,
Kentucky,"Century Aluminum Company ""Owensboro Facility""",,,10/18/2013,,,Green River | Daviess | 560000,Kentucky,22,08/16/2013,Layoff,,Yes,
Kentucky,"Aramark Healthcare Support Services, LLC",,,10/17/2013,,,Greater Louisville | Jefferson | 722310,Kentucky,241,08/15/2013,Closure,,No,
Kentucky,United State Enrichment Corporation (USEC),,,10/14/2013-10/25/2013,,,Western Kentucky | Ballard | 325199,Kentucky,100,08/09/2013,Layoff,,Yes,
Kentucky,"JCIM US, LLC",,,08/13/2013,,,Greater Louisville | Jefferson | 326199,Kentucky,20,07/31/2013,Closure,,Yes,
Kentucky,"Motorola Solutions, Inc.",,,09/27/2013-12/27/2013,,,Greater Louisville | Jefferson | 811211,Kentucky,42,07/30/2013,Closure,,No,
Kentucky,"NE Opco, Inc. d/b/a National Envelope Corporation",,,8/1/2013-9/30/2013,,,Greater Louisville | Shelby | 322230,Kentucky,89,07/24/2013,Closure,,No,
Kentucky,"Lightyear Network Solutions, LLC",,,09/13/2013,,,"Greater Louisville | Jefferson | 517210, 517911, 517919",Kentucky,75,07/11/2013,Closure,,,
Kentucky,"Centene Management Corporation, dba Kentucky Spirit Health Plan",,,08/08/2013-12/31/2013,,,Bluegrass | Fayette | 621999,Kentucky,145,07/08/2013,Closure,,No,
Kentucky,"Motorola Solutions, Inc.",,,08/23/2013-10/25/2013,,,Greater Louisville | Jefferson | 811211,Kentucky,56,07/02/2013,Closure,,No,
Kentucky,Marion Adjustment Center,,,08/31/2013,,,Lincoln Trail | Marion | 624310,Kentucky,167,07/02/2013,Closure,,No,
Kentucky,"NE Opco, Inc. d/b/a National Envelope Corporation",,,08/06/2013-08/20/2013,,,Greater Louisville | Shelby | 322230,Kentucky,89,06/07/2013,Closure,,,
Kentucky,United State Enrichment Corporation (USEC),,,08/05/2013-08/13/2013,,,Western Kentucky | Ballard | 325199,Kentucky,160,05/31/2013,Layoff,,Yes,
Kentucky,"Motorola Solutions, Inc.",,,07/26/2013,,,Greater Louisville | Jefferson | 811211,Kentucky,56,05/21/2013,Closure,,No,
Kentucky,"Motorola Solutions, Inc.",,,06/30/2013,,,"Northern Kentucky | Boone | 334118, 334220, 425110, 541511, 551114, 811212",Kentucky,60,05/21/2013,Closure,,No,
Kentucky,"LATA Environmental Services of Kentucky, LLC",,,07/03/2013-07/02/2014,,,Western Kentucky | Ballard | 334512,Kentucky,145,05/07/2013,Layoff,,Yes,
Kentucky,"Centene Management Corporation, dba Kentucky Spirit Health Plan",,,07/05/2013-12/31/2013,,,Bluegrass | Fayette | 621999,Kentucky,145,05/06/2013,Closure,,No,
Kentucky,"JCIM US, LLC",,,02/04/2013-07/05/2013,,,Greater Louisville | Jefferson | 326199,Kentucky,347,05/06/2013,Closure,,Yes,
Kentucky,"Motorola Solutions, Inc. Repair and Order Management",,,06/30/2013,,,"Northern Kentucky | Boone | 334118, 334220, 425110, 541511, 551114, 811212",Kentucky,50,04/25/2013,Closure,,No,
Kentucky,"Century Aluminum of Kentucky GP ""Hawesville Smelter""",,,08/06/2013-08/20/2013,,,Green River | Hancock | 331313,Kentucky,693,04/16/2013,Layoff,,Yes,
Kentucky,"Century Aluminum Company ""Owensboro Facility""",,,08/06/2013-08/20/2013,,,Green River | Daviess | 561110,Kentucky,17,04/16/2013,Layoff,,Yes,
Kentucky,"Xerox Business Solutions CS DHS I-94 Unit, Xerox Federal Solutions, LLC",,,06/14/2013,,,Cumberlands | Laurel | 518210,Kentucky,124,04/15/2013,Layoff,,,
Kentucky,GECOM Corporation,,,07/01/2013-09/01/2013,,,Bluegrass | Franklin | 336370,Kentucky,85,04/11/2013,Layoff,,No,
Kentucky,"Gannett Driect Marketing Services, Inc.",,,06/12/2013,,,Greater Louisville | Jefferson | 541613,Kentucky,59,04/09/2013,Closure,,No,
Kentucky,"3M, dba Ceradyne ACO (Ceradyne, Inc.)",,,06/10/2013,,,Bluegrass | Fayette | 327420,Kentucky,93,04/08/2013,Layoff,,No,
Kentucky,"Serco, Inc.",,,,,,Cumberlands | Whitley | 332992,Kentucky,250,03/06/2013,Layoff,,No,
Kentucky,Joy Global,,,10/5/2013-10/25/2013,,,Bluegrass | Bourbon | 333131,Kentucky,147,03/01/2013,Closure,,,
Kentucky,"Fetter Printing Company, Fettergroup",,,05/03/2013-06/15/2013,,,"Greater Louisville | Jefferson | 551112, 323110",Kentucky,54,02/28/2013,Closure,,No,
Kentucky,"Gunderson Rail Service LLC, dba Greenbrair Rail Services",,,04/30/2013,,,Lincoln Trail | Hardin | 336510,Kentucky,58,02/28/2013,Closure,,No,
Kentucky,"JCIM US, LLC",,,02/04/2013-05/05/2013,,,Greater Louisville | Jefferson | 326199,Kentucky,347,02/19/2013,Closure,,No,
Kentucky,Conifer Health Solutions,,,04/01/2013,,,Barren River | Warren | 621610,Kentucky,54,01/30/2013,Closure,,No,
Kentucky,Community Alternatives KY Madisonville,,,03/31/2013,,,Western Kentucky | Hopkins | 624190,Kentucky,70,01/22/2013,Closure,,No,
Kentucky,The Boeing Company,,,03/22/2013,,,Statewide,Kentucky,2,01/18/2013,Closure,,No,
Kentucky,"Gap, Inc.",,,04/15/2013,,,Northern Kentucky | 493110,Kentucky,363,01/16/2013,Closure,,No,
Kentucky,"Leggett & Platt, Incorporated",,,03/08/2013,,,Green River | 332618,Kentucky,71,01/08/2013,Closure,,No,
Kentucky,Alpha Natural Resources North Fork Coal Corporation,,,03/05/2013-03/19/2013,,,EKCEP | 212111,Kentucky,267,01/07/2013,Closure,,No,
Kentucky,The Boeing Company,,,03/04/2013,,,Statewide | 561110,Kentucky,49,01/04/2013,Closure,,No,
Kentucky,"Arch Coal, Inc. Knott County and Raven Complexes",,,,,,EKCEP | 322221,Kentucky,259,12/26/2012,Closure,,No,
Kentucky,Caterpillar Global Minning LLC Caterpillar Global Mining Field Services LLC,,,02/09/2013,,,TENCO | 551114,Kentucky,23,12/11/2012,Closure,,No,
Kentucky,"Johnson Controls Interior Mfg., US, LLC",,,02/04/2013,,,Greater Louisville | 326199,Kentucky,392,12/07/2012,Closure,,Yes,
Kentucky,"Oxford Resource Partners - Kentucky, LLC",,,02/04/2013,,,Western Kentucky | 212111,Kentucky,35,12/06/2012,Closure,,No,
Kentucky,"Oxford Resource Partners - Kentucky, LLC",,,02/04/2012,,,Western Kentucky | 212111,Kentucky,35,12/06/2012,Closure,,No,
Kentucky,Masonite Corporation,,,12/14/2012-01/28/2013,,,Greater Louisville | 321911,Kentucky,72,11/29/2012,Closure,,No,
Kentucky,"Patriot Coal Company, L.P.",,,12/31/2012-01/14/2013,,,Green River | 212111,Kentucky,88,11/01/2012,Closure,,No,
Kentucky,Redwing Shoe Company,,,12/31/2012,,,Bluegrass | 316219,Kentucky,68,10/29/2012,Closure,,No,
Kentucky,Stillhouse Mining LLC Mine No. 2 aka Perkins Branch Mine Mine No. 1,,,12/28/2012,,,EKCEP | 212111,Kentucky,86,10/29/2012,Closure,,No,
Kentucky,"Brake Parts Inc., LLC",,,12/28/2012,,,Bluegrass | 336340,Kentucky,75,10/29/2012,Layoff,,No,
Kentucky,"Solae, LLC dba Dupont Soy Polymer",,,12/31/2012,,,Greater Louisville | 325520,Kentucky,51,10/25/2012,Closure,,Yes,
Kentucky,Hostess Brands,,,,,,Statewide | 424490,Kentucky,,10/18/2012,Tentative Closure,,Yes,
Kentucky,Comair,,,,,,Northern Kentucky | 481111,Kentucky,48,10/15/2012,Closure,,Yes,
Kentucky,Pemco World Air Services,,,10/31/2012,,,Northern Kentucky | 336413,Kentucky,55,10/12/2012,Closure,,No,
Kentucky,"Arch Coal, Inc. Knott County and Raven Complexes",,,,,,EKCEP | 322221,Kentucky,259,09/26/2012,Closure,,No,
Kentucky,Regional Elite Airline Services Blue Grass Airport,,,11/12/2012,,,Bluegrass | 633413,Kentucky,50,09/10/2012,Closure,,No,
Kentucky,CSC,,,,,,Cumberlands | 561320,Kentucky,,09/04/2012,Closure,,No,
Kentucky,Lexmark International Inc.,,,10/31/2012-11/13/2012,,,Bluegrass | 333313,Kentucky,350,08/28/2012,Layoff,,No,
Kentucky,Joy Global,,,10/26/2012,,,Lincoln Trail | 333131,Kentucky,45,08/28/2012,Layoff,,No,
Kentucky,"Arch Coal, Inc. ICG Hazard, LLC Rowdy Gap Mine",,,08/31/2012-12/31/2012,,,EKCEP | 322221,Kentucky,38,08/21/2012,Closure,,No,
Kentucky,"Arch Coal, Inc. Knott County and Raven Complexes",,,,,,EKCEP | 322221,Kentucky,259,08/21/2012,Closure,,No,
Kentucky,"Arch Coal, Inc. Flint Ridge Complex",,,,,,EKCEP | 322221,Kentucky,131,08/21/2012,Closure,,No,
Kentucky,"Trim Masters, Inc.",,,10/22/2012,,,Bluegrass | 423120,Kentucky,54,08/20/2012,Layoff,,No,
Kentucky,Comair,,,,,,Northern Kentucky | 481111,Kentucky,4,08/20/2012,Closure,,Yes,
Kentucky,Pemco World Air Services,,,10/09/2012,,,Northern Kentucky | 336413,Kentucky,64,08/09/2012,Closure,,No,
Kentucky,"Arch Coal, Inc. Knott County and Raven Complexes",,,,,,EKCEP | 322221,Kentucky,259,07/31/2012,Closure,,No,
Kentucky,Comair,,,,,,Northern Kentucky | 481111,Kentucky,"1,194",07/30/2012,Closure,,Yes,
Kentucky,"MV Transportation, Inc.",,,09/30/2012,,,Greater Louisville | 485210,Kentucky,217,07/27/2012,Closure,,Yes,
Kentucky,Kentucky Fuel Corp.,,,09/15/2012,,,EKCEP | 212111,Kentucky,99,07/16/2012,Closure,,No,
Kentucky,Lipari Foods - IK LLC,,,09/15/2012,,,Statewide | 425120,Kentucky,3,07/16/2012,Closure,,No,
Kentucky,Sapphire Coal Company - Advantage Mine Site,,,07/20/2012,,,EKCEP | 212111,Kentucky,163,07/12/2012,Closure,,No,
Kentucky,"Xanodyne Pharmaceuticals, Inc.",,,08/20/2012-3/31/2013,,,Northern Kentucky | 424210,Kentucky,114,07/10/2012,Layoff,,No,
Kentucky,"Arch Coal, Inc. ICG Hazard, LLC Rowdy Gap Mine",,,08/20/2012-08/31/2012,,,EKCEP | 322221,Kentucky,49,07/03/2012,Closure,,No,
Kentucky,Intertape Polymer Corporation,,,12/31/2012,,,Bluegrass | 322221,Kentucky,55,06/27/2012,Closure,,No,
Kentucky,Emerson Power Transmission Solutions,,,8/15/2013-12/31/2013,,,TENCO | 332111,Kentucky,161,06/25/2012,Closure,,No,
Kentucky,"Arch Coal, Inc. ICG Knott, LLC Knott County and Raven Complexes",,,08/20/2012-12/31/2013,,,EKCEP | 213113,Kentucky,259,06/20/2012,Closure,,No,
Kentucky,"Arch Coal, Inc. ICG Hazard, LLC Flint Ridge Complex",,,08/20/2012-12/31/2013,,,EKCEP | 213113,Kentucky,131,06/20/2012,Closure,,No,
Kentucky,"Arch Coal, Inc. ICG Hazard, LLC Rowdy Gap Mine",,,08/20/2012,,,EKCEP | 213113,Kentucky,49,06/20/2012,Closure,,No,
Kentucky,"Arch Coal, Inc. Prestonsburg Office",,,08/20/2012,,,EKCEP | 213113,Kentucky,4,06/20/2012,Layoff,,No,
Kentucky,Sapphire Coal Company - Advantage Mine Site,,,06/16/2012-07/13/2012,,,EKCEP | 212111,Kentucky,163,06/15/2012,Closure,,No,
Kentucky,First Data Technologies First Data Merchant Service,,,07/20/2012-12/31/2013,,,Greater Louisville | 522320,Kentucky,344,06/13/2012,Layoff,,No,
Kentucky,Joy Global,,,07/20/2012,,,Lincoln Trail | 333131,Kentucky,37,06/11/2012,Layoff,,No,
Kentucky,Alpha Natural Resources,,,08/07/2012,,,EKCEP | 212111,Kentucky,416,06/08/2012,Closure,,No,
Kentucky,Long Fork Coap Company,,,08/07/2012,,,EKCEP | 212111,Kentucky,20,06/08/2012,Closure,,Yes,
Kentucky,Multi Packaging Solutions,,,06/08/2012-06/29/2012,,,Greater Louisville | 323110,Kentucky,4,06/07/2012,Closure,,Yes,
Kentucky,Sapphire Coal Company - Advantage Mine Site,,,06/20/2012,,,EKCEP | 212111,Kentucky,163,06/07/2012,Closure,,No,
Kentucky,ASTAR Air Cargo,,,08/04/2012-08/18/2012,,,Northern Kentucky | 481112,Kentucky,238,06/05/2012,Layoff,,No,
Kentucky,Ferry-Morse Seed Company,,,05/18/2012-12/31/2012,,,Western Kentucky | 424910,Kentucky,,05/30/2012,Closure,,Yes,
Kentucky,"RG Steel, LLC Wheeling Corrugating",,,06/04/2012,,,Greater Louisville | 331221,Kentucky,24,05/30/2012,,,Yes,
Kentucky,"Wolverine Services, LLC",,,06/30/2012,,,Lincoln Trail | 561210,Kentucky,179,05/21/2012,,,No,
Kentucky,Lipari Foods,,,06/05/2012-07/15/2012,,,Statewide | 425120,Kentucky,5,05/10/2012,Layoff,,No,
Kentucky,Hostess Brands,,,,,,Cumberlands | 424490,Kentucky,26,05/08/2012,Closure,,Yes,
Kentucky,Corrections Corporation of America Otter Creek Correctional Facility,,,07/01/2012-08/15/2012,,,EKCEP | 922140,Kentucky,156,05/07/2012,Layoff,,No,
Kentucky,US Foods,,,,,,Western Kentucky | 424410,Kentucky,148,05/03/2012,Layoff,,No,
Kentucky,Baker Hughes Incorporated,,,06/29/2012,,,EKCEP | 333132,Kentucky,63,05/01/2012,Closure,,No,
Kentucky,Ohio County Coal Company & Bluegrass Office Grand Eagle Mining Preparation Plant,,,06/19/2012-07/03/2012,,,Green River | 212111,Kentucky,196,04/22/2012,,,No,
Kentucky,Ohio County Coal Company & Bluegrass Office Grand Eagle Mining Preparation Plant,,,06/19/2012-07/03/2012,,,Green River | 212111,Kentucky,196,04/20/2012,Closure,,No,
Kentucky,AAR Precision Systems,,,06/19/2012,,,Lincoln Trail | 333500,Kentucky,61,04/20/2012,Closure,,No,
Kentucky,Sapphire Coal Company - Advantage Mine Site,,,06/16/2012,,,EKCEP | 212111,Kentucky,163,04/18/2012,Closure,,No,
Kentucky,"PPG Industries, Inc.",,,06/29/2012,,,Greater Louisville | 424950,Kentucky,52,04/16/2012,Closure,,No,
Kentucky,Light House Home Products,,,03/30/2012-04/27/2012,,,Bluegrass | 453998,Kentucky,99,04/12/2012,Layoff,,Yes,
Kentucky,Multi Packaging Solutions,,,06/08/2012,,,Greater Louisville | 323110,Kentucky,83,04/09/2012,Closure,,Yes,
Kentucky,"Xerox Commerical Services, LLC",,,06/04/2012,,,EKCEP | 423420,Kentucky,140,04/02/2012,Layoff,,No,
Kentucky,Tru Seal Technologies,,,05/01/2012,,,EKCEP | 444190,Kentucky,217,03/26/2012,Closure,,Yes,
Kentucky,Oxford Resource Partners,,,04/05/2012,,,Western Kentucky | 212111,Kentucky,121,03/22/2012,Layoff,,No,
Kentucky,UPS SCS Hebron Building K Facility,,,03/14/2012,,,"Northern Kentucky | 493110, 541614",Kentucky,109,02/29/2012,Closure,,No,
Kentucky,"Sykes Enterprises, Incorporated",,,04/30/2012,,,Greater Louisville | 561422,Kentucky,113,02/21/2012,Closure,,No,
Kentucky,"QuadGraphics, Incorporated",,,04/20/2012,,,BRADD,Kentucky,115,02/21/2012,Layoff,,No,
Kentucky,Tru Seal Technologies,,,05/07/2012,,,EKCEP | 332321,Kentucky,217,02/17/2012,Closure,,Yes,
Kentucky,Xinergy Corporation - Straight Creek Mine Facility,,,02/16/2012,,,EKCEP | 213113,Kentucky,109,02/17/2012,Layoff,,,
Kentucky,HK Logistics A Dematic Company HK Logistics Kentucky Sortation Center (KYSC),,,07/23/2012,,,Northern Kentucky | 333922,Kentucky,177,02/15/2012,Layoff,,No,
Kentucky,American Woodmark Corporation,,,04/30/2012,,,EKCEP | 337110,Kentucky,157,02/03/2012,Closure,,No,
Kentucky,Stillhouse Mining LLC Mine No. 2 aka Perkins Branch Mine Mine No. 1,,,04/03/2012,,,EKCEP | 212111,Kentucky,77,02/03/2012,Layoff,,No,
Kentucky,"Alpha Natural Resources d/b/a Enterprise Mining Company, LLC",,,04/03/2012,,,EKCEP | 212111,Kentucky,52,02/03/2012,Layoff,,No,
Kentucky,CSC,,,03/22/2012,,,Cumberlands | 561320,Kentucky,,01/23/2012,Layoff,,No,
Kentucky,UPS SCS Hebron Building K Facility,,,03/19/2012-04/01/2012,,,Northern Kentucky,Kentucky,542,01/18/2012,Closure,,No,
Kentucky,Clarcor Air Filtration Products,,,03/12/2012-03/19/2012,,,Cumberlands | 333999,Kentucky,71,01/09/2012,Closure,,No,
Kentucky,CSC,,,02/29/2012,,,EKCEP | 561320,Kentucky,,12/28/2011,Layoff,,No,
Kentucky,American Woodmark Corporation,,,04/30/2012,,,EKCEP | 337110,Kentucky,157,12/19/2011,Closure,,No,
Kentucky,"US Foods, Inc.",,,02/03/2012 - 07/13/2012,,,Western Kentucky,Kentucky,148,12/06/2011,Closure,,No,
Kentucky,"LATA Evironmental Services of Kentucky, LLC",,,01/20/2012-06/30/2012,,,Western Kentucky | 562910,Kentucky,95,11/21/2011,Layoff,,Yes,
Kentucky,Berry Plastics Corporation,,,12/23/2011-01/31/2012,,,Western Kentucky | 326199,Kentucky,124,11/16/2011,Closure,,No,
Kentucky,Leggett & Platt,,,12/19/2011,,,"Bluegrass | 331222, 332618",Kentucky,68,10/20/2011,Closure,,No,
Kentucky,Emerson Power Transmission Solutions,,,,,,TENCO | 332111,Kentucky,76,09/19/2011,Layoff,,No,
Kentucky,"Skyes Enterprises, Incorporated",,,10/31/2011,,,561422,Kentucky,28,09/13/2011,Layoff,,,
Kentucky,"Flextronics Americas, LLC",,,,,,Greater Louisville | 334418,Kentucky,83,09/12/2011,Layoff,,No,
Kentucky,"Kentucky Easter Seal Society, Inc., dba Cardinal Hill Specialty Hospital",,,10/29/2011,,,Northern Kentucky | 623110,Kentucky,92,08/29/2011,Closure,,No,
Kentucky,"Video Monitoring Services of America, LP",,,08/29/2011,,,Greater Louisville | 561621,Kentucky,,08/29/2011,Closure,,No,
Kentucky,Sykes Enterprises,,,10/01/2011-12/31/2011,,,EKCEP | 561422,Kentucky,157,08/02/2011,Layoff,,No,
Kentucky,CSC Applied Technology Group Contract Field Teams,,,08/31/2011,,,Western Kentucky,Kentucky,107,07/06/2011,Layoff,,No,
Kentucky,"Suiza Dairy Group, LLC d/b/a Louis Trauth Dairy",,,08/26/2011,,,Northern Kentucky,Kentucky,108,06/28/2011,Closure,,Yes,
Kentucky,"Trim Masters, Inc.",,,08/26/2011,,,Bluegrass | 336399,Kentucky,134,06/27/2011,Layoff,,No,
Kentucky,"Flextronics Americas, LLC",,,08/31/2011,,,Statewide | 517911,Kentucky,6,06/03/2011,Layoff,,No,
Kentucky,Sykes Enterprises,,,07/31/2011,,,Green River | 561422,Kentucky,96,06/02/2011,Closure,,No,
Kentucky,Kmart Store #4830,,,08/14/2011,,,Northern Kentucky | 452112,Kentucky,75,05/10/2011,Closure,,,
Kentucky,Dematic Corporation,,,05/20/2011-07/15/2011,,,Northern Kentucky | 33392,Kentucky,78,04/29/2011,Closure,,No,
Kentucky,Sykes Enterprises,,,06/30/2011,,,Green River | 561422,Kentucky,96,04/28/2011,Closure,,No,
Kentucky,"Skyes Enterprises, Incorporated",,,06/10/2011,,,Green River | 561422,Kentucky,76,04/28/2011,Layoff,,No,
Kentucky,First Data Technologies/First Data Merchant Service,,,05/02/2011-12/31/2011,,,Greater Louisville | 522320,Kentucky,157,04/21/2011,Layoff,,No,
Kentucky,Sumitomo Electric Wiring Systems Edmonton Plant 4,,,04/25/2011,,,Barren River | 336322,Kentucky,57,04/21/2011,Layoff,,No,
Kentucky,"LATA Evironmental Services of Kentucky, LLC",,,06/10/2011-09/30/2011,,,Western Kentucky | 562910,Kentucky,325,04/12/2011,Layoff,,Yes,
Kentucky,Sykes Enterprises,,,05/31/2011,,,Green River | 561422,Kentucky,76,03/30/2011,Layoff,,No,
Kentucky,Multi Packaging Solutions,,,04/26/2011,,,Greater Louisville | 323110,Kentucky,69,02/28/2011,Layoff,,Yes,
Kentucky,"Mahle Engine Components USA, Inc.",,,09/30/2011,,,Barren River | 336311,Kentucky,93,02/17/2011,Closure,,Yes,
Kentucky,"Sykes Enterprises, Inc.",,,04/16/2011,,,Greater Louisville | 561422,Kentucky,100,02/15/2011,Layoff,,No,
Kentucky,Dematic Corporation,,,04/19/2011,,,Northern Kentucky | 33392,Kentucky,90,02/08/2011,Closure,,No,
Kentucky,Hewlett-Packard,,,01/31/2011,,,Bluegrass,Kentucky,195,02/03/2011,Layoff,,No,
Kentucky,Fosbel Ceramic Technologies,,,04/01/2011,,,TENCO | 238140,Kentucky,64,01/14/2011,Layoff,,No,
Kentucky,AK Steel Corporation,,,02/28/2011,,,TENCO | 331111,Kentucky,266,12/28/2010,Closure,,Yes,
Kentucky,Aegon Insurance Group,,,01/31/2011,,,Greater Louisville,Kentucky,245,12/15/2010,Closure,,,
Kentucky,"Martin-Brower, LLC",,,02/26/2011,,,Greater Louisville | 484122,Kentucky,88,12/13/2010,Closure,,,
Kentucky,CSC Applied Technology Group,,,01/29/2011,,,Western Kentucky,Kentucky,486,12/01/2010,Layoff,,,
Kentucky,"Sumitomo Electric Wiring Systems, Inc.",,,01/14/2011-04/01/2011,,,Barren River,Kentucky,80,11/12/2010,Closure,,,
Kentucky,Philips Electronic North America Corp.,,,02/18/2011,,,Bluegrass | 336321,Kentucky,,11/04/2010,Closure,,Yes,
Kentucky,Teleservices Direct,,,12/31/2010,,,Barren River | 561422,Kentucky,158,11/02/2010,Closure,,No,
Kentucky,Practice Therapeutics,,,12/31/2010,,,Lincoln Trail | 621492,Kentucky,53,11/02/2010,Closure,,No,
Kentucky,"Sumitomo Electric Wiring Systems, Inc.",,,01/14/2011-04/01/2011,,,Barren River,Kentucky,80,11/01/2010,Closure,,No,
Kentucky,"Jack Cooper Transport Co., Inc.",,,12/16/2010,,,Greater Louisville | 484230,Kentucky,195,09/30/2010,Layoff,,Yes,
Kentucky,"Xanodyne Pharmaceuticals, Inc.",,,11/21/2010-03/15/2011,,,Statewide | 424210,Kentucky,8,09/21/2010,Layoff,,No,
Kentucky,"Elan Home Systems, LLC",,,11/12/2010-05/15/2011,,,Bluegrass | 811211,Kentucky,33,09/17/2010,Layoff,,,
Kentucky,United Coal Company dba Sapphire Coal Company,,,11/15/2010,,,EKCEP | 2121,Kentucky,160,09/16/2010,Closure,,No,
Kentucky,Fortis Plastics,,,11/16/2010,,,Green River | 326199,Kentucky,60,09/14/2010,Closure,,No,
Kentucky,PROCARENT,,,08/06/2010,,,Western Kentucky | 621910,Kentucky,54,08/06/2010,Closure,,No,
Kentucky,ACS Government Solutions,,,09/06/2010,,,Statewide | 514513,Kentucky,286,07/17/2010,Closure,,,
Kentucky,National Tobacco Co.,,,09/17/2010,,,Greater Louisville | 312229,Kentucky,37,07/16/2010,Closure,,Yes,
Kentucky,"Butler America, LLC",,,08/29/2013,,,Statewide | 811198,Kentucky,18,07/06/2010,Layoff,,No,
Kentucky,GE Energy Motors and Controls,,,10/30/2010,,,Green River | 333518,Kentucky,88,06/29/2010,Closure,,Yes,
Kentucky,Red Wing Shoes,,,09/20/2010,,,Bluegrass | 316219,Kentucky,101,05/25/2010,Closure,,No,
Kentucky,Overhead Door Corporation,,,07/02/2010-12/17/2010,,,Northern Kentucky | 332321,Kentucky,68,05/05/2010,Closure,,Yes,
Kentucky,ABB,,,06/30/2010,,,Bluegrass | 334416,Kentucky,1,05/03/2010,Layoff,,No,
Kentucky,CSC,,,07/02/2010,,,Cumberlands | 928120,Kentucky,61,04/30/2010,Layoff,,No,
Kentucky,ACS Government Solutions,,,06/22/2010,,,Cumberlands Bluegrass | 514513,Kentucky,286,04/26/2010,Closure,,,
Kentucky,"Mitsuba Bardstown, Inc.",,,05/28/2010,,,"Lincoln Trail | 335312, 336399",Kentucky,,04/09/2010,Layoff,,,
Kentucky,CSX Transportation,,,04/13/2010,,,TENCO | 551114,Kentucky,146,04/06/2010,Layoff,,Yes,
Kentucky,Biggs,,,,,,Northern Kentucky | 445110,Kentucky,111,03/29/2010,Closure,,,
Kentucky,Regional Elite Airline Services,,,05/18/2010,,,Northern Kentucky,Kentucky,839,03/17/2010,Closure,,,
Kentucky,Jackson Plastics,,,04/30/2010,,,Bluegrass | 326199,Kentucky,96,03/02/2010,Closure,,,
Kentucky,Sonoco Corrflex,,,03/29/2010,,,Northern Kentucky | 322211,Kentucky,72,02/25/2010,Layoff,,,
Kentucky,TFE Logistics Group,,,04/01/2010,,,Northern Kentucky | 561320,Kentucky,92,02/04/2010,Layoff,,No,
Kentucky,"Patriot Industries, Inc.",,,02/03/2010-02/17/2010,,,Cumberlands | 314912,Kentucky,84,02/03/2010,Layoff,,,
Kentucky,ArvinMeritor,,,04/01/2010,,,Northern Kentucky,Kentucky,6,01/29/2010,Closure,,,
Kentucky,Kuhlman Electric Corporation,,,05/31/2010,,,Bluegrass | 334416,Kentucky,1,01/22/2010,Layoff,,Yes,
Kentucky,Kuhlman Electric Corporation,,,05/03/2010,,,Bluegrass | 334416,Kentucky,3,01/22/2010,Layoff,,Yes,
Kentucky,"Verizon North, Inc.",,,03/27/2010-04/16/2010,,,Bluegrass | 517212,Kentucky,241,01/20/2010,Closure,,Yes,
Kentucky,Modine Manufacturing Company,,,02/05/2010-03/12/2010,,,Bluegrass | 423730,Kentucky,50,01/11/2010,Closure,,,
Kentucky,Modine Manufacturing Company,,,01/08/2010,,,Bluegrass | 423730,Kentucky,1,01/11/2010,Closure,,,
Kentucky,ArvinMeritor,,,03/12/2010 - 04/15/2010,,,Northern Kentucky,Kentucky,6,01/08/2010,Closure,,No,
Kentucky,ASTAR Air Cargo,,,03/06/2010-07/01/2010,,,Northern Kentucky | 481112,Kentucky,303,01/05/2010,Layoff,,Yes,
Kentucky,"Western Kentucky Navigation, Inc.",,,03/06/2010,,,Western Kentucky | 483211,Kentucky,161,01/02/2010,Closure,,No,
Kentucky,FKI Logistex,,,01/01/2010-09/30/2010,,,Bluegrass | 333922,Kentucky,200,12/17/2009,Closure,,No,
Kentucky,TRANE Climate Solutions,,,03/31/2010,,,Bluegrass | 333415,Kentucky,70,12/10/2009,Layoff,,Yes,
Kentucky,Carhartt,,,03/12/2010,,,Barren River,Kentucky,64,12/07/2009,Closure,,,
Kentucky,Carhartt,,,03/12/2010,,,Barren River,Kentucky,30,12/07/2009,Closure,,,
Kentucky,Exel,,,01/31/2010,,,Greater Louisville | 493111,Kentucky,86,11/26/2009,Closure,,,
Kentucky,ArvinMeritor,,,07/31/2009,,,Northern Kentucky | 3363,Kentucky,41,11/23/2009,Closure,,Yes,
Kentucky,Red Wing Shoes,,,02/28/2010,,,Bluegrass | 316219,Kentucky,202,11/20/2009,Closure,,No,
Kentucky,"CDG Management, LLC and Civic Development Group, LLC - Pikeville Call Center",,,11/22/2009,,,EKCEP | 561422,Kentucky,36,11/17/2009,Closure,,,
Kentucky,Modine Manufacturing Company,,,01/08/2010,,,Bluegrass | 423730,Kentucky,13,11/09/2009,Closure,,,
Kentucky,"Daramic, LLC",,,01/03/2010,,,GRADD | 325211,Kentucky,180,11/09/2009,Layoff,,,
Kentucky,ArvinMeritor,,,12/31/2009,,,Northern Kentucky | 3363,Kentucky,8,11/02/2009,Closure,,No,
Kentucky,National Tobacco,,,12/31/2009,,,Greater Louisville | 312229,Kentucky,5,10/30/2009,Layoff,,No,
Kentucky,GECOM Corporation,,,12/15/2009,,,Bluegrass | 332510,Kentucky,160,10/21/2009,Layoff,,,
Kentucky,"Miller Bros. Coal, LLC",,,12/26/2009-01/08/2010,,,EKCEP | 212112,Kentucky,225,10/20/2009,Layoff,,,
Kentucky,Kuhlman Elctric Corporation,,,06/01/2010,,,Bluegrass | 334416,Kentucky,5,10/15/2009,Layoff,,Yes,
Kentucky,Kuhlman Elctric Corporation,,,05/03/2010,,,Bluegrass | 334416,Kentucky,2,10/15/2009,Layoff,,Yes,
Kentucky,Kuhlman Elctric Corporation,,,04/01/2010,,,Bluegrass | 334416,Kentucky,3,10/15/2009,Layoff,,Yes,
Kentucky,Kuhlman Elctric Corporation,,,01/01/2010,,,Bluegrass | 334416,Kentucky,1,10/15/2009,Layoff,,Yes,
Kentucky,"Faurecia Automotive Seating, Inc. International Industrial Park",,,06/21/2010-07/04/2010,,,Northern Kentucky | 336360,Kentucky,68,10/14/2009,Closure,,No,
Kentucky,GECOM Corporation,,,03/30/2009,,,Bluegrass | 332510,Kentucky,160,10/14/2009,Layoff,,,
Kentucky,The HON Company,,,12/11/2009,,,Green River | 33721,Kentucky,144,10/13/2009,Closure,,Yes,
Kentucky,Mestek Inc.,,,11/16/2009,,,Northern Kentucky | 332322,Kentucky,63,10/01/2009,Closure,,Yes,
Kentucky,Kuhlman Elctric Corporation,,,04/01/2010,,,Bluegrass | 334416,Kentucky,2,09/30/2009,Layoff,,Yes,
Kentucky,Kuhlman Elctric Corporation,,,03/01/2010,,,Bluegrass | 334416,Kentucky,3,09/30/2009,Layoff,,Yes,
Kentucky,Kuhlman Elctric Corporation,,,01/18/2010,,,Bluegrass | 334416,Kentucky,2,09/30/2009,Layoff,,Yes,
Kentucky,Kuhlman Elctric Corporation,,,01/01/2010,,,Bluegrass | 334416,Kentucky,1,09/30/2009,Layoff,,Yes,
Kentucky,ArvinMeritor,,,07/31/2009,,,Northern Kentucky | 3363,Kentucky,,09/28/2009,Closure,,Yes,
Kentucky,ArvinMeritor,,,07/31/2009,,,Northern Kentucky | 3363,Kentucky,,09/28/2009,Closure,,Yes,
Kentucky,Progress Rail Raceland Corp.,,,11/20/2009,,,TENCO | 336510,Kentucky,95,09/24/2009,Layoff,,Yes,
Kentucky,ArvinMeritor,,,11/20/2009-11/27/2009,,,Northern Kentucky | 3363,Kentucky,15,09/21/2009,Closure,,Yes,
Kentucky,Buckhorn Inc.,,,11/30/2009-12/14/2009,,,Greater Louisville,Kentucky,88,09/15/2009,Closure,,No,
Kentucky,Kuhlman Elctric Corporation,,,01/01/2010,,,Bluegrass | 334416,Kentucky,1,09/03/2009,Layoff,,Yes,
Kentucky,Kuhlman Elctric Corporation,,,11/02/2009,,,Bluegrass | 334416,Kentucky,1,09/03/2009,Layoff,,Yes,
Kentucky,Kuhlman Elctric Corporation,,,11/02/2009,,,Bluegrass | 334416,Kentucky,1,09/03/2009,Layoff,,Yes,
Kentucky,ArvinMeritor,,,07/31/2009,,,Northern Kentucky | 3363,Kentucky,,08/25/2009,Closure,,Yes,
Kentucky,ArvinMeritor,,,07/31/2009-09/04/2009,,,Northern Kentucky | 3363,Kentucky,72,08/24/2009,Closure,,Yes,
Kentucky,"Roller Coater, Inc.",,,10/09/2024,,,GRADD | 33261,Kentucky,88,08/07/2009,Layoff,,Yes,
Kentucky,"Hitachi Cable Indiana, Inc.",,,08/28/2009,,,Cumberlands,Kentucky,81,08/06/2009,Closure,,No,
Kentucky,"Gardiner Point Innkeepers, Inc.",,,09/30/2009,,,Greater Louisville | 721110,Kentucky,60,08/05/2009,Closure,,,
Kentucky,Exel,,,09/30/2009,,,Northern Kentucky | 493111,Kentucky,54,08/03/2009,Closure,,,
Kentucky,Clarcor Air Filtration Products,,,08/14/2009-10/10/2009,,,Cumberlands | 333999,Kentucky,86,07/28/2009,Layoff,,,
Kentucky,ArvinMeritor,,,10/02/2009,,,Northern Kentucky | 3363,Kentucky,83,07/27/2009,Closure,,Yes,
Kentucky,ArvinMeritor,,,07/31/2009-09/04/2009,,,Northern Kentucky | 3363,Kentucky,83,07/24/2009,Closure,,Yes,
Kentucky,Kuhlman Elctric Corporation,,,09/22/2009,,,Bluegrass | 334416,Kentucky,1,07/24/2009,Layoff,,Yes,
Kentucky,Kuhlman Elctric Corporation,,,09/07/2009,,,Bluegrass | 334416,Kentucky,1,07/20/2009,Layoff,,Yes,
Kentucky,National Tobacco,,,09/17/2009,,,Greater Louisville | 312229,Kentucky,75,07/17/2009,Partial Closure,,Yes,
Kentucky,ArvinMeritor,,,07/31/2009-09/04/2009,,,Northern Kentucky | 3363,Kentucky,88,07/09/2009,Closure,,Yes,
Kentucky,ArvinMeritor,,,09/18/2009,,,Northern Kentucky | 3363,Kentucky,95,07/08/2009,Closure,,Yes,
Kentucky,ArvinMeritor,,,09/11/2009,,,Northern Kentucky | 3363,Kentucky,88,07/08/2009,Closure,,Yes,
Kentucky,ArvinMeritor,,,09/11/2009,,,Northern Kentucky | 3363,Kentucky,88,07/08/2009,Closure,,Yes,
Kentucky,ArvinMeritor,,,05/15/2009,,,Northern Kentucky | 3363,Kentucky,105,06/23/2009,Closure,,Yes,
Kentucky,Occidental Chemical Corporation (OxyChem),,,08/17/2009,,,Greater Louisville | 3261,Kentucky,55,06/16/2009,Layoff,,Yes,
Kentucky,ArvinMeritor,,,08/07/2009,,,Northern Kentucky | 3363,Kentucky,1,06/01/2009,Closure,,,
Kentucky,ArvinMeritor,,,08/07/2009,,,Northern Kentucky | 3363,Kentucky,1,06/01/2009,Closure,,,
Kentucky,Kuhlman Elctric Corporation,,,08/03/2009,,,Bluegrass | 334416,Kentucky,11,05/28/2009,Layoff,,Yes,
Kentucky,Martinrea International Inc.,,,07/31/2009,,,Greater Louisville | 336399,Kentucky,262,05/27/2009,Closure,,Yes,
Kentucky,Komatsu Renam North America,,,09/30/2009,,,Bluegrass | 333120,Kentucky,117,05/20/2009,Closure,,,
Kentucky,"Appalachian Fuels, LLC",,,05/19/2009,,,TENCO | 213113,Kentucky,,05/19/2009,Closure,,No,
Kentucky,"Appalachian Fuels, LLC",,,05/19/2009,,,TENCO/EKCEP | 213113,Kentucky,,05/19/2009,Closure,,No,
Kentucky,ArvinMeritor,,,07/31/2009,,,Northern Kentucky | 3363,Kentucky,158,05/15/2009,Closure,,Yes,
Kentucky,CDG Management,,,05/29/2009,,,West Kentucky | 561422,Kentucky,16,05/15/2009,Closure,,,
Kentucky,Carmeuse Lime and Stone,,,05/08/2009,,,Northern Kentucky | 212312,Kentucky,48,05/15/2009,Layoff,,,
Kentucky,AK Steel Corporation,,,07/28/2009-08/11/2009,,,TENCO | 331111,Kentucky,750,05/13/2009,Layoff,,Yes,
Kentucky,Premier Elkhorn Coal Company,,,,,,EKCEP | 21211,Kentucky,58,05/08/2009,Layoff,,,
Kentucky,"CONSOL of Kentucky, Inc.",,,07/01/2009,,,EKCEP | 212112,Kentucky,,05/04/2009,Closure,,No,
Kentucky,"Trace Die Cast, Inc.",,,05/11/2009,,,Barren River | 336399,Kentucky,135,05/04/2009,Layoff,,,
Kentucky,Wintech,,,07/01/2009-09/14/2009,,,Bluegrass | 3261,Kentucky,167,05/01/2009,Layoff,,No,
Kentucky,"S-R of Kentucky, Inc.",,,05/25/2009-06/30/2009,,,Barren River,Kentucky,194,04/13/2009,Layoff,,No,
Kentucky,Toyota Boshoku,,,07/03/2009,,,Lincoln Trail | 551114,Kentucky,316,04/07/2009,Closure,,No,
Kentucky,Trim Masters Incorporated,,,06/05/2009,,,Bluegrass | 336399,Kentucky,56,04/06/2009,Layoff,,No,
Kentucky,ACS Business Process Solutions',,,06/01/2009,,,Bluegrass | 541511,Kentucky,160,04/06/2009,Layoff,,No,
Kentucky,Betts USA,,,04/01/2009-09/30/2009,,,Northern Kentucky | 326199,Kentucky,114,04/03/2009,Closure,,No,
Kentucky,"Noble International, LTD.",,,05/29/2009,,,Greater Louisville | 336399,Kentucky,79,04/01/2009,Layoff,,,
Kentucky,"Sun Microsystems, Inc.",,,05/30/2009-06/13/2009,,,Greater Louisville | 334111,Kentucky,2,03/31/2009,Layoff,,,
Kentucky,Ilevel by Weyerhaeuser,,,05/09/2024,,,EKCEP | 321113,Kentucky,165,03/16/2009,Closure,,No,
Kentucky,Jones Plastics & Engineering,,,03/29/2009,,,Greater Louisville | 326199,Kentucky,1,03/11/2009,Layoff,,Yes,
Kentucky,Kuhlman Elctric Corporation,,,05/04/2009,,,Bluegrass | 541330,Kentucky,73,03/09/2009,Layoff,,,
Kentucky,"Ainak, Inc.",,,05/31/2009-10/31/2009,,,Bluegrass | 326220,Kentucky,137,03/05/2009,Layoff,,,
Kentucky,Ayrshire Electronics,,,05/01/2009,,,EKCEP | 339999,Kentucky,76,03/04/2009,Layoff,,,
Kentucky,"Webasto Roof Systems, Inc.",,,04/20/2009-07/15/2009,,,West Kentucky,Kentucky,57,02/19/2009,Closure,,No,
Kentucky,AGC,,,02/26/2009,,,Lincoln Trail | 327215,Kentucky,140,02/06/2009,Layoff,,No,
Kentucky,"Specialty Vehicle Acquasition Corporation, dba ASC, Inc.",,,02/05/2009,,,Bluegrass,Kentucky,,02/04/2009,Layoff,,,
Kentucky,SKF,,,03/31/2009,,,Barren River | 561990,Kentucky,95,02/02/2009,Layoff,,,
Kentucky,Occidental Chemical Corporation (OxyChem),,,03/30/2009,,,Greater Louisville | 424690,Kentucky,60,02/02/2009,Layoff,,Yes,
Kentucky,GECOM Corporation,,,03/30/2009,,,Bluegrass,Kentucky,150,01/29/2009,Layoff,,No,
Kentucky,"JL French Automotive Casting, Inc.",,,01/30/2009-02/13/2009,,,Barren River | 331521,Kentucky,180,01/26/2009,Layoff,,,
Kentucky,Circuit City,,,03/21/2009,,,Statewide | 443112,Kentucky,,01/16/2009,Closure,,,
Kentucky,"Martinrea Heavy Stamping, Inc.",,,03/09/2009,,,Greater Louisville,Kentucky,2,01/12/2009,Layoff,,Yes,
Kentucky,Flextronics - Global Services,,,02/18/2009,,,Greater Louisville | 811213,Kentucky,150,01/07/2009,Layoff,,Yes,
Kentucky,Progress Rail Services,,,12/18/2008,,,TENCO,Kentucky,64,12/18/2008,Layoff,,,
Kentucky,Martinrea Heavy Stamping,,,02/16/2009,,,Greater Louisville | 336399,Kentucky,47,12/11/2008,Layoff,,Yes,
Kentucky,DHL Express,,,01/23/2009,,,Northern Kentucky,Kentucky,50,12/03/2008,Layoffs,,Yes,
Kentucky,"Sunspring America, Inc.",,,02/01/2009,,,Green River,Kentucky,77,12/02/2008,Layoff,,,
Kentucky,Cintas (Perry Manufacturing),,,01/31/2009,,,EKCEP | 31525,Kentucky,150,12/02/2008,Closure,,,
Kentucky,Cintas,,,01/31/2009,,,TENCO | 31252,Kentucky,148,12/02/2008,Closure,,,
Kentucky,"Leggett & Platt, Incorporated",,,01/15/2009,,,Greater Louisville | 332510,Kentucky,154,11/19/2008,Closure,,Yes,
Kentucky,"GSI Commerce Solutions, Inc.",,,01/17/2009-01/18/2009,,,Greater Louisville | 49311,Kentucky,36,11/17/2008,Layoff,,No,
Kentucky,"Holley Performance Products, Inc.",,,01/09/2009-01/23/2009,,,Barren River | 336322,Kentucky,,11/10/2008,Layoff,,,
Kentucky,"Holley Performance Products, Inc.",,,11/1/2008-12/31/2008,,,Barren River | 336322,Kentucky,,11/07/2008,,,,
Kentucky,Martinrea Heavy Stamping,,,01/05/2009,,,Greater Louisville | 336399,Kentucky,64,11/07/2008,Layoff,,,
Kentucky,"GSI Commerce Solutions, Inc.",,,01/01/2009 - 01/03/2009,,,Greater Louisville | 454111,Kentucky,61,11/03/2008,Layoff,,No,
Kentucky,"Worthington Industries, Inc.",,,05/31/2009,,,Greater Louisville | 331111,Kentucky,49,11/03/2008,Closure,,,
Kentucky,Target,,,02/07/2008,,,Greater Louisville | 452111,Kentucky,57,11/03/2008,Closure,,,
Kentucky,Jones Plastics & Engineering,,,01/01/2009,,,Greater Louisville | 326199,Kentucky,183,10/31/2008,Layoff,,Yes,
Kentucky,Intertec,,,01/02/2009-05/01/2009,,,Lincoln Trail | 336399,Kentucky,157,10/29/2008,Closure,,No,
Kentucky,Greif Corrugated Containers,,,12/27/2008,,,Greater Louisville | 322211,Kentucky,46,10/27/2008,Closure,,Yes,
Kentucky,Stock Building Supply,,,12/25/2008,,,Greater Louisville | 444190,Kentucky,57,10/27/2008,Layoff,,,
Kentucky,"Clayton Homes and CMH Manufacturing, Inc.",,,10/16/2008-12/14/2008,,,Lincoln Trail,Kentucky,170,10/20/2008,Closure,,No,
Kentucky,American Standard,,,10/17/2008-10/31/2008,,,EKCEP,Kentucky,8,10/15/2008,Closure,,,
Kentucky,"Leggett & Platt, Incorporated",,,12/14/2008,,,Greater Louisville,Kentucky,86,10/15/2008,Layoff,,Yes,
Kentucky,IAP World Services,,,09/30/2008,,,Northern Kentucky | 561499,Kentucky,207,09/22/2008,"Layoff, Closure",,No,
Kentucky,American Beverage Corporation,,,11/10/2008,,,Western Kentucky | 311421,Kentucky,96,09/09/2008,Layoff,,No,
Kentucky,"Johnson Controls, Inc.",,,07/27/2009,,,Western Kentucky | 331521,Kentucky,,09/05/2008,Closure,,Yes,
Kentucky,"Miartinrea Heavy Stamping, Inc.",,,11/10/2008,,,Greater Louisville | 336399,Kentucky,47,09/05/2008,Layoff,,Yes,
Kentucky,TFE Logistics Group,,,11/01/2008,,,Northern Kentucky | 561320,Kentucky,595,08/27/2008,Layoff,,No,
Kentucky,"CDG Management, LLC",,,10/26/2008,,,EKCEP,Kentucky,75,08/22/2008,Closure,,No,
Kentucky,"Atlantis Plastics, Inc.",,,10/31/2008,,,Green River | 325211,Kentucky,152,08/19/2008,,,No,
Kentucky,"Atlantis Plastics, Inc.",,,10/31/2008,,,Green River | 326199,Kentucky,152,08/19/2008,,,No,
Kentucky,Martinrea,,,10/01/2008,,,Greater Louisville | 336399,Kentucky,57,08/08/2008,Layoff,,Yes,
Kentucky,Rayloc,,,10/13/2008-10/31/2008,,,Green River,Kentucky,,08/07/2008,Layoff,,No,
Kentucky,American Standard Brands,,,10/01/2008-10/15/2008,,,EKCEP | 332913,Kentucky,48,08/01/2008,Closure,,No,
Kentucky,Martinrea,,,10/01/2008,,,Greater Louisville,Kentucky,57,08/01/2008,Layoff,,Yes,
Kentucky,Walgreens OptionCare Home Care,,,10/06/2008-12/03/2008,,,Greater Louisville | 621610,Kentucky,106,07/18/2008,Layoff,,,
Kentucky,Panasonic Motor Company,,,09/30/2008-03/31/2009,,,Bluegrass | 339999,Kentucky,51,07/18/2008,Closure,,No,
Kentucky,"Dakkota Integrated Systems, LLC",,,07/14/2008-07/27/2008,,,Greater Louisville | 336399,Kentucky,85,07/18/2008,Layoff,,Yes,
Kentucky,Panasonic Motor Company,,,09/30/2008,,,Bluegrass | 339999,Kentucky,51,07/18/2008,Closure,,No,
Kentucky,Dana Holding Corporation,,,07/21/2008,,,Lincoln Trail | 423120,Kentucky,260,07/15/2008,Layoff,,No,
Kentucky,Republic Airways Holdings,,,09/10/2008,,,Greater Louisville & Northern Kentucky | 481111,Kentucky,,07/14/2008,Layoff,,No,
Kentucky,"Johnson Controls, Inc.",,,07/07/2008,,,Greater Louisville | 336399,Kentucky,114,07/07/2008,Layoff,,Yes,
Kentucky,"Dawahare's of Lexington, LLC",,,,,,Statewide | 44814,Kentucky,450,07/07/2008,Closure,,No,
Kentucky,"Akebono Brake Springfield Plant (AMTEC Brake, LLC dba Akebone Brake)",,,08/31/2008,,,Lincoln Trail | 326299,Kentucky,140,06/30/2008,Closure,,No,
Kentucky,RCS Transportation LLC,,,08/01/2008,,,Greater Louisville | 488210,Kentucky,104,06/30/2008,Layoff,,Yes,
Kentucky,"Allied Automotive Group (Allied Systems, LTD.)",,,08/25/2008,,,Greater Louisville | 4842,Kentucky,73,06/25/2008,Layoff,,Yes,
Kentucky,"Benson International, LLC",,,08/07/2008,,,West Kentucky | 336212,Kentucky,87,06/09/2008,Closure,,No,
Kentucky,"Minnesota/Owensboro Executive Inn, LLC",,,06/09/2008,,,Green River,Kentucky,72,06/06/2008,,,No,
Kentucky,CA Gardiner Veneer,,,,,,Greater Louisville,Kentucky,60,06/06/2008,Closure,,,
Kentucky,The Home Depot,,,08/05/2008,,,Bluegrass | 444110,Kentucky,78,06/04/2008,Closure,,No,
Kentucky,Fort Knox National Company,,,08/01/2008,,,Lincoln Trail | 522320,Kentucky,79,06/03/2008,Layoff,,No,
Kentucky,"D-J, Inc. dba Nypro Kentucky",,,07/28/2008-09/30/2008,,,Greater Louisville,Kentucky,178,05/30/2008,Closure,,No,
Kentucky,Ford Motor Company Louisville Assembly Plant,,,07/21/2008,,,Greater Louisville | 336112,Kentucky,756,05/23/2008,Layoff,,Yes,
Kentucky,Home Depot,,,,,,Bluegrass | 444110,Kentucky,,05/01/2008,Closure,,No,
Kentucky,Lear Corporation,,,06/19/2008,,,Greater Louisville,Kentucky,124,04/30/2008,Layoff,,Yes,
Kentucky,Johnson Controls @ AK Steel,,,06/18/2008,,,TENCO | 331111,Kentucky,50,04/25/2008,Layoff,,No,
Kentucky,A.O. Smith,,,06/14/2008-06/28/2008,,,Barren River,Kentucky,220,04/15/2008,Closure,,No,
Kentucky,Sumitomo Electric Wiring System,,,06/08/2024,,,Barren River | 334419,Kentucky,100,04/01/2008,,,No,
Kentucky,RCS Transportation LLC,,,05/31/2008,,,Greater Louisville | 488210,Kentucky,191,03/31/2008,Layoff,,Yes,
Kentucky,Novelis Corp.,,,06/08/2024,,,Greater Louisville | 331319,Kentucky,105,03/28/2008,Closure,,No,
Kentucky,DANA,,,05/31/2008,,,Barren River | 336399,Kentucky,100,03/24/2008,Layoff,,No,
Kentucky,"Dillard's, Inc.",,,05/02/2008,,,Greater Louisville,Kentucky,89,03/07/2008,,,No,
Kentucky,"SkyWest Airlines, Inc.",,,06/08/2024,,,Bluegrass,Kentucky,15,02/15/2008,Layoff,,No,
Kentucky,The Apparel Group LTD,,,05/02/2008,,,Greater Louisville | 315223,Kentucky,91,02/08/2008,Layoff,,No,
Kentucky,Bendix,,,03/31/2008,,,Bluegrass | 336211,Kentucky,3,01/31/2008,Layoff,,No,
Kentucky,DuPont Performance Elastomer,,,12/31/2007-02/1/2008,,,Greater Louisville | 325998,Kentucky,223,01/25/2008,Closure,,Yes,
Kentucky,"Senior Care, Inc. & Gateway at Norton Healthcare Pavillion",,,03/16/2008,,,Greater Louisville | 62139,Kentucky,91,01/18/2008,,,No,
Kentucky,"Dillard's, Inc.",,,03/16/2008,,,Bluegrass,Kentucky,121,01/17/2008,,,No,
Kentucky,"CDG Management, LLC",,,01/19/2008,,,Western Kentucky,Kentucky,57,01/17/2008,Closure,,No,
Kentucky,"KMMC, LLC dba Vision No. 9 Mine",,,01/11/2008,,,Green River,Kentucky,108,01/17/2008,,,No,
Kentucky,MultiServ - A HARSCO Company,,,03/14/2008,,,Northern Kentucky | 327992,Kentucky,95,01/16/2008,Closure,,,
Kentucky,Jones Plastic & Engineering,,,11/18/2007-12/16/2007,,,Lincoln Trail | 326199,Kentucky,260,11/20/2007,Closure,,,
Kentucky,Bendix,,,01/18/2008,,,Bluegrass,Kentucky,4,11/19/2007,Layoff,,,
Kentucky,"Caterpillar Logistics Services, Inc.",,,01/01/2008,,,Greater Louisville,Kentucky,38,10/30/2007,Closure,,,
Kentucky,"Nyloncraft, Inc.",,,12/23/2007-02/29/2008,,,Barren River,Kentucky,71,10/23/2007,Closure,,No,
Kentucky,"ATS Light Alloy Wheels Kentucky, LLC",,,12/18/2007,,,Northern Kentucky,Kentucky,180,10/18/2007,Closure,,,
Kentucky,"Oarsman Sportswear Parent - Paramount Apparel International, Inc.",,,12/18/2007,,,Northern Kentucky,Kentucky,85,10/18/2007,Closure,,,
Kentucky,"Sun Microsystems, Inc.",,,11/26/2007-12/01/2007,,,Greater Louisville,Kentucky,1,09/26/2007,Closure,,,
Kentucky,Logan's Roadhouse,,,,,,Barren River,Kentucky,92,09/05/2007,Layoff,,,
Kentucky,Transcraft Corporation,,,10/31/2007,,,TENCO,Kentucky,110,08/24/2007,Layoff,,Yes,
Kentucky,"Flynn Enterprises, LLC",,,10/01/2007,,,Western Kentucky,Kentucky,254,08/06/2007,Closure,,,
Kentucky,"TT Acquisition Company, LLC dba Clover Technologies Group",,,06/29/2007,,,Greater Louisville | 325910,Kentucky,75,04/26/2007,Closure,,,
Kentucky,D-J Inc.,,,12/31/2006,,,EKCEP | Perry | 3089,Kentucky,50,08/25/2006,Closure,,No,
Kentucky,Macy's Central,,,03/21/2006,,,Green River | Daviess | 5311,Kentucky,49,02/13/2006,Closure,,,
Kentucky,Enterprise Management Services Corporation,,,03/31/2006,,,Greater Louisville | Jefferson | 7382,Kentucky,5,02/02/2006,Layoff,,,
Kentucky,Central Parking Corporation,,,03/31/2006,,,Greater Louisville | Jefferson | 7521,Kentucky,20,02/01/2006,Closure,,,
Kentucky,Carhartt,,,03/31/2006,,,Green River | Webster,Kentucky,90,01/18/2006,Closure,,,
Kentucky,Carhartt,,,03/31/2006,,,Barren River | Barren,Kentucky,82,01/18/2006,Closure,,,
Kentucky,Carhartt,,,03/31/2006,,,TENCO | Rowan,Kentucky,71,01/18/2006,Closure,,,
Kentucky,D&K Healthcare,,,03/03/2006,,,Bluegrass | Fayette | 5122,Kentucky,75,01/17/2006,Closure,,,
Kentucky,Fruit of the Loom - Jamestown Sewing Department,,,01/27/2006,,,Cumberlands | Russell | 2254,Kentucky,100,01/03/2006,Closure,,,
Kentucky,Kellwood Company,,,02/10/2006,,,Barren River | Butler | 2339,Kentucky,83,12/21/2005,Closure,,,
Kentucky,Crane Plumbing,,,02/14/2005,,,Cumberlands | Pulaski | 3431,Kentucky,169,12/19/2005,Closure,,,
Kentucky,American National Rubber,,,02/05/2006,,,EKCEP | Lawrence | 3053,Kentucky,63,12/09/2005,Closure,,,
Kentucky,LeSportsac,,,01/30/2006,,,Cumberlands | McCreary | 3161,Kentucky,177,12/07/2005,Closure,,,
Kentucky,Michael's Cooperage Company of Kentucky,,,12/23/2005,,,Northern Kentucky | Boone | 3412,Kentucky,42,11/14/2005,Layoff,,,
Kentucky,"Comair, Inc.",,,01/02/2006,,,Northern Kentucky | Kenton | 4512,Kentucky,315,11/04/2005,Closure,,,
Kentucky,Financial Service Solutions,,,,,,Greater Louisville | Jefferson | 7311,Kentucky,200,11/23/2004,,,,
Kentucky,CDG Management Corbin call Center,,,,,,Cumberlands | Whitley | 7371,Kentucky,115,11/03/2004,,,,
Kentucky,CDG Management Providence Call Center,,,,,,Barren River | Simpson | 7371,Kentucky,69,11/03/2004,,,,
Kentucky,"Flynn Enterprises, Inc.",,,,,,Western KY | Muhlenberg | 2339,Kentucky,110,10/22/2004,,,,
Kentucky,Saint Gobain Ceramics Corhart Refractories,,,,,,Greater Louisville | Jefferson | 3297,Kentucky,150,10/12/2004,,,,
Kentucky,Shire US Inc.,,,,,,Northern KY | Campbell | 2834,Kentucky,102,10/12/2004,,,,
Kentucky,Charter Communications Video Call Center,,,,,,Greater Louisville | Jefferson | 4899,Kentucky,162,09/21/2004,,,,
Kentucky,"Nexans Magnet Wire USA, Inc.",,,,,,Greater Louisville | Oldham | 3496,Kentucky,123,09/09/2004,,,,
Kentucky,"Flynn Enterprises, LLC (Allegre, Kentucky Plant Closing)",,,,,,Western KY | Todd | 2339,Kentucky,155,09/02/2004,,,,
Kentucky,Crittenden Health Systems Crittenden County Convalescent Center,,,,,,Northern KY | Crittenden | 8051,Kentucky,150,08/30/2004,,,,
Kentucky,Crittenden Health Systems Salem Springlake Care Center,,,,,,Western KY | Livingston | 8051,Kentucky,100,08/30/2004,,,,
Kentucky,"Chelsea Industries, Inc.",,,,,,Western KY | Trigg | 3496,Kentucky,54,08/24/2004,,,,
Kentucky,Pegasus Satellite Television,,,,,,Greater Louisville | Jefferson | 4841,Kentucky,259,08/04/2004,,,,
Kentucky,L'Oreal USA,,,,,,Northern KY | Boone | 9999,Kentucky,70,07/27/2004,,,,
Kentucky,The Federal Reserve Bank of St. Louis,,,,,,Greater Louisville | Jefferson | 6011,Kentucky,115,07/14/2004,,,,
Kentucky,CS International Somerset Division,,,,,,Cumberlands | Pulaski | 2392,Kentucky,150,07/07/2004,,,,
Kentucky,Star Fire Mining,,,,,,EKCEP | Perry | 1241,Kentucky,106,07/07/2004,,,,
Kentucky,Continental Tire North America Incorporated Mayfield Plant,,,,,,Western KY | Graves | 5099,Kentucky,915,07/02/2004,,,,
Kentucky,Brown & Williamson Tobacco Corporation,,,,,,Greater Louisville | Jefferson | 2111,Kentucky,242,07/01/2004,,,,
Kentucky,Brown & Williamson Tobacco Corporation,,,,,,Nationwide | 2111,Kentucky,100,07/01/2004,,,,
Kentucky,Brown & Williamson Tobacco Corporation Sales and Marketing Office,,,,,,Northern KY | Kenton | 2111,Kentucky,58,07/01/2004,,,,
Kentucky,Brown & Williamson Tobacco Corporation Sales and Marketing Office,,,,,,Greater Louisville | Jefferson | 2111,Kentucky,33,07/01/2004,,,,
Kentucky,Venture Industries Corp.,,,,,,Western KY | Christian | 3714,Kentucky,96,06/30/2004,,,,
Kentucky,Robert Bosch Tool,,,,,,Lincoln Trail | Grayson | 3425,Kentucky,155,05/17/2004,,,,
Kentucky,Walker Paducah Corp.,,,,,,Western KY | McCraken | 4492,Kentucky,71,05/04/2004,,,,
Kentucky,Temple InLand Louisville West Box Plant,,,,,,Greater Louisville | Jefferson | 2653,Kentucky,126,05/03/2004,,,,
Kentucky,Continental Tire North America,,,,,,Western KY | Graves | 5099,Kentucky,198,04/30/2004,,,,
Kentucky,Winn Dixie Logistics,,,,,,Greater Louisville | Jefferson | 4226,Kentucky,160,04/30/2004,,,,
Kentucky,American Bag,,,,,,McCreary | 3714,Kentucky,86,04/27/2004,,,,
Kentucky,Michaels Stores Inc.,,,,,,Bluegrass | Fayette | 5099,Kentucky,142,04/19/2004,,,,
Kentucky,"Dana Corporation Torque Traction Intergration Technologies, Inc.",,,,,,Northern KY | Grant | 3999,Kentucky,146,03/22/2004,,,,
Kentucky,Osram Sylvania Lexington Distribution Center,,,,,,Bluegrass | Fayette | 5063,Kentucky,3,03/08/2004,,,,
Kentucky,"Jockey International, Inc.",,,,,,Mason | 5999,Kentucky,219,03/02/2004,,,,
Kentucky,"Auburn Hosiery Mills, Inc.",,,,,,Logan | 2251,Kentucky,200,03/02/2004,,,,
Kentucky,Jockey International,,,,,,Nicholas | 5999,Kentucky,137,03/02/2004,,,,
Kentucky,Jockey International,,,,,,Montgomery | 5999,Kentucky,74,03/02/2004,,,,
Kentucky,Sears Roebuck and Company National Support and Inquiry Center,,,,,,Greater Louisville | Jefferson | 7389,Kentucky,88,02/26/2004,,,,
Kentucky,Sanmina - SCI,,,,,,Bluegrass | Madison | 3999,Kentucky,139,02/20/2004,,,,
Kentucky,"Mayfield Cap Company, Inc.",,,,,,Graves | 2353,Kentucky,74,02/17/2004,,,,
Kentucky,"Sykes Enterprises, Inc.",,,,,,Pike | 7389,Kentucky,341,02/10/2004,,,,
Kentucky,Bank of America,,,,,,Greater Louisville | Jefferson | 6162,Kentucky,250,02/06/2004,,,,
Kentucky,Louisville/Saydah Home Fashions,,,,,,Henry | 2392,Kentucky,100,02/06/2004,,,,
Kentucky,Sears Roebuck and Company Customer Network Center,,,,,,Greater Louisville | Jefferson | 7389,Kentucky,157,02/02/2004,,,,
Kentucky,King Provision,,,,,,Greater Louisville | Jefferson | 5141,Kentucky,123,01/28/2004,,,,
Kentucky,"WNA Hopple Plastics, Inc.",,,,,,Northern KY | Boone | 2295,Kentucky,141,01/26/2004,,,,
Kentucky,Providian Financial Corporation,,,,,,Greater Louisville | Jefferson | 6141,Kentucky,316,01/21/2004,,,,
Kentucky,Amerisourcebergen Corp. Louisville Distribution Center,,,,,,Greater Louisville | Jefferson | 4225,Kentucky,91,01/21/2004,,,,
Kentucky,Humana Inc. and Humana Insurance Company Louisville Telemarketing Unit,,,,,,Greater Louisville | Jefferson | 6321,Kentucky,107,01/19/2004,,,,
Kentucky,Hoover Wire Products A Legget & Platt Division,,,,,,Bluegrass | Scott | 2515,Kentucky,147,01/15/2004,,,,
Kentucky,Plaid Clothing Company,,,,,,Northern KY | Kenton | 2329,Kentucky,70,01/07/2004,,,,
Kentucky,Appalachian Regional Healthcare,,,01/07/2003,,,EKCEP,Kentucky,125,01/10/2003,Layoff,,,
Kentucky,"Kentucky Electrical Steel, Inc.",,,12/29/2002-01/26/2003,,,TENCO | Boyd,Kentucky,311,01/03/2003,Closure,,,
Kentucky,International Paper Company,,,03/31/2003,,,Western Kentucky | Christian,Kentucky,300,01/02/2003,Closure,,,
Kentucky,"Collis, Inc. Subsidiary of SSW Holding Company",,,,,,Lincoln Trail | Hardin,Kentucky,70,02/01/2002,Layoff,,,
Kentucky,"GE Financial Assurance Holdings, Inc.",,,,,,Greater Louisville | Jefferson,Kentucky,41,01/31/2002,Layoff,,,
Kentucky,HMX Tailored (Plaid Cloth),,,,,,Cumberlands | Pulaski County,Kentucky,285,01/30/2002,Layoff,,,
Kentucky,Tyco Electronics (AMP Inc.),,,,,,Bluegrass | Scott,Kentucky,145,01/17/2002,Layoff,,,
Kentucky,Accuride Corporation,,,,,,Green River | Henderson,Kentucky,325,01/11/2002,Layoff,,,
Kentucky,"Donaldson Company, Inc",,,,,,Bluegrass | Jessamine,Kentucky,87,01/07/2002,Layoff,,,
Kentucky,Providian Financial Corporation,,,,,,Greater Louisville | Jefferson,Kentucky,203,01/04/2002,Layoff,,,
Kentucky,Woodwork of Mid-America,,,,,,Barren River | Warren,Kentucky,110,01/01/2002,Layoff,,,
Kentucky,Inoac Packaging Group,,,,,,Lincoln Trail | Grayson,Kentucky,72,01/01/2002,Layoff,,,
Kentucky,Woodwork Mid-America,,,02/25/2002,,,"Barren River | Warren | 2431, 2434, 3993",Kentucky,145,12/27/2001,Layoff,,No,
Kentucky,Inoac Packaging Group,,,10/01/2001,,,Lincoln Trail | Grayson | 3089,Kentucky,72,12/21/2001,Layoff,,Yes,
Kentucky,A.O. Smith Electrical Products Co.,,,,,,Barren River | Allen,Kentucky,150,12/10/2001,,,,
Kentucky,A. O. Smith,,,02/04/2002,,,Barren River | Allen | 3621,Kentucky,756,12/06/2001,Layoff,,No,
Kentucky,Donnelly Corporation,,,,,,TENCO | Montgomery,Kentucky,122,12/06/2001,,,,
Kentucky,Donnelly Corporation,,,01/03/2002-04/15/2002,,,TENCO | Montgomery | 3231,Kentucky,122,12/04/2001,Layoff,,No,
Kentucky,"Sumitomo Electric Wiring Systems, Inc.",,,,,,Barren River | Butler & Metcalfe,Kentucky,926,12/03/2001,,,,
Kentucky,"Carlton Cards Retail, Inc.",,,,,,Greater Louisville | Shelby,Kentucky,85,12/03/2001,,,,
Kentucky,"Sumitomo Electric Wiring Systems, Inc.",,,02/01/2002-09/01/2002,,,"Barren River | Warren, Butler, Metcalfe | 3679",Kentucky,926,11/30/2001,Layoff,,No,
Kentucky,"BSC Acquisition Sub, LLC",,,01/26/2001,,,Greater Louisville | Jefferson | 2677,Kentucky,59,11/30/2001,Layoff,,No,
Kentucky,"BSC Acquisition Sub, LLC",,,01/26/2001,,,Greater Louisville | Jefferson,Kentucky,59,11/30/2001,Layoff,,,
Kentucky,Carlton Cards - American Greetings,,,01/30/2002,,,Greater Louisville | Shelby | 2771,Kentucky,85,11/19/2001,Layoff,,No,
Kentucky,"Hayes Lemmerz International, Inc.",,,,,,Barren River | Warren | 3714,Kentucky,235,11/19/2001,Layoff,,,
Kentucky,Health Associates of Kentucky Inc.,,,,,,Bluegrass | Fayette | 8099,Kentucky,161,11/15/2001,Layoff,,,
Kentucky,OshKosh B' Gosh,,,,,,Bluegrass | Clinton | 2361,Kentucky,96,11/08/2001,Layoff,,,
Kentucky,"Spherion Atlantic Enterprises, LLC",,,,,,Green River | Henderson | 7363,Kentucky,103,11/01/2001,Layoff,,,
Kentucky,New World Pasta Company,,,,,,Greater Louisville | Jefferson | 2098,Kentucky,89,11/01/2001,,,,
Kentucky,Hayes Lemmerz - Somerset,,,,,,Cumberlands | Pulaski | 3714,Kentucky,90,10/31/2001,Layoff,,,
Kentucky,American Racing Equipment,,,,,,Gallatin | 3714,Kentucky,200,10/30/2001,Layoff,,,
Kentucky,Spherion Atlantic,,,,,,Green River | Henderson,Kentucky,103,10/29/2001,,,,
Kentucky,Dana Corporation - Elizabethtown,,,,,,Lincoln Trail | Hardin | 3714,Kentucky,50,10/27/2001,,,,
Kentucky,Peabody Coal Company Camp No. 11 Mine,,,,,,Union | 1222,Kentucky,106,10/23/2001,Layoff,,,
Kentucky,Whitehall Furniture,,,,,,Green River | Daviess | 2521,Kentucky,115,10/12/2001,Layoff,,,
Kentucky,CPS Plus Mark - American Greetings,,,,,,Green River | Henderson | 2621,Kentucky,202,10/05/2001,Layoff,,,
Kentucky,"KEY Industries, Inc.",,,,,,Barren River | Monroe | 2325,Kentucky,134,10/05/2001,Layoff,,,
Kentucky,"Ca One Services, Inc. Covington/Cincinnati Airport",,,,,,Northern KY | Kenton | 5811,Kentucky,11,10/01/2001,Layoff,,No,
Kentucky,New World Pasta Company,,,,,,Greater Louisville | Jefferson | 2098,Kentucky,89,09/28/2001,Layoff,,No,
Kentucky,EAS Mine of Aero Energy,,,,,,EKCEP | Perry | 1222,Kentucky,140,09/21/2001,Layoff,,,
Kentucky,Landis Gardner,,,,,,Northern KY | Boone | 3541,Kentucky,90,09/04/2001,,,,
Kentucky,"Interlake Material Handling, Inc.",,,,,,"Greater Louisville | Bullitt, Jefferson | 3535",Kentucky,105,08/10/2001,Layoff,,,
Kentucky,Cingular Wireless,,,,,,Greater Louisville | Jefferson | 4812,Kentucky,140,07/30/2001,Layoff,,,
Kentucky,"Collis, Inc.",,,,,,Lincoln Trail | Hardin | 3496,Kentucky,80,07/30/2001,Layoff,,,
Kentucky,"Techno Trim, Inc.",,,,,,TENCO | Mason | 3714,Kentucky,356,07/16/2001,Layoff,,,
Kentucky,American Greetings,,,08/20/2001-02/28/2002,,,"Cumberlands | Whitley, Knox",Kentucky,545,06/20/2001,Layoff,,,
Kentucky,American Greetings,,,08/20/2001-02/28/2002,,,Cumberlands,Kentucky,545,06/20/2001,,,No,
Kentucky,Waukesha Cherry-Burrell,,,,,,Greater Louisville | Jefferson | 3556,Kentucky,110,06/20/2001,Layoff,,No,
Kentucky,SPX/Marley Cooling Tower Co.,,,,,,Greater Louisville | Jefferson | 1711,Kentucky,210,05/29/2001,Layoff,,,
Kentucky,Garan Manufacturing Corp.,,,,,,Hickman,Kentucky,133,05/29/2001,Layoff,,,
Kentucky,"Comair, Inc.",,,,,,Northern KY | Kenton,Kentucky,"1,662",05/21/2001,Layoff,,,
Kentucky,Parker-Hannifin Corporation,,,,,,Northern KY | Madison,Kentucky,108,05/18/2001,Layoff,,,
Kentucky,"Perm Cast Foundry, Subsidiary of Grede Foundries, Inc.",,,,,,Northern KY | Harrison | 3321,Kentucky,290,05/16/2001,Layoff,,,
Kentucky,Brown and Williamson Tobacco,,,,,,Greater Louisville | Jefferson,Kentucky,25,05/16/2001,Layoff,,,
Kentucky,CCL Container Corporation,,,,,,Northern KY | Carroll | 3499,Kentucky,111,04/30/2001,Layoff,,,
Kentucky,Mattel Inc. Distribution Center,,,,,,Northern KY | Boone | 3944,Kentucky,50,04/26/2001,,,,
Kentucky,American Greetings,,,,,,Cumberlands | Statewide,Kentucky,450,04/09/2001,Layoff,,Yes,
Kentucky,Mattel-Murray,,,,,,Western KY | Calloway,Kentucky,980,04/06/2001,Layoff,,,
Kentucky,Newport Steel Corporation,,,,,,Northern KY | Campbell,Kentucky,300,04/03/2001,Layoff,,,
Kentucky,"Quebecor World Metroweb, LP",,,,,,Northern KY | Kenton,Kentucky,152,04/03/2001,Layoff,,,
Kentucky,Alcoa Automotive Castings,,,03/01/2024,,,,Kentucky,48,04/02/2001,,,Yes,
Kentucky,Ingersoll-Rand Company,,,,,,Western KY | Graves,Kentucky,328,04/02/2001,Layoff,,,
Kentucky,Supervalu Distribution Center,,,,,,"Western KY | Muhlenberg, Hopkins | 5141",Kentucky,175,03/29/2001,Layoff,,,
Kentucky,Washington Mutual,,,,,,Greater Louisville | Jefferson,Kentucky,300,03/26/2001,Layoff,,,
Kentucky,CMS Hartzell,,,,,,Bluegrass | Madison,Kentucky,155,03/14/2001,Layoff,,,
Kentucky,Darwin Networks,,,,,,Greater Louisville | Jefferson | 5734,Kentucky,115,03/14/2001,,,,
Kentucky,Department of the Army Headquarters,,,,,,"Meade, Hardin, Bullitt",Kentucky,195,03/08/2001,Layoff,,,
Kentucky,"Lexmark International, Inc.",,,,,,Bluegrass | Fayette,Kentucky,375,02/20/2001,Layoff,,,
Kentucky,"ATC Distribution Group, Inc.",,,,,,Greater Louisville | Jefferson | 3714,Kentucky,120,02/15/2001,Layoff,,,
Kentucky,"Hill's Pet Nutrition, Inc.",,,,,,Barren River | Warren | 2047,Kentucky,80,02/15/2001,Layoff,,,
Kentucky,Intertec Systems,,,,,,Lincoln Trail | Nelson | 3714,Kentucky,59,02/15/2001,Layoff,,,
Kentucky,"Fatbrain.com, LLC",,,,,,Northern KY | Kenton | 2731,Kentucky,60,02/08/2001,,,,
Kentucky,Createc Corporation,,,,,,Bluegrass | Mercer,Kentucky,28,02/06/2001,Closure,,,
Kentucky,"ShopKo Stores, Inc.",,,,,,Western KY | McCracken | 5311,Kentucky,80,02/01/2001,Closure,,,
Kentucky,Heilig-Meyers Mt. Sterling Distribution Center,,,,,,TENCO | Montgomery | 5311,Kentucky,84,01/31/2001,Closure,,,
Kentucky,"Donaldson Company, Inc.",,,,,,Greater Louisville | Jefferson | 3564,Kentucky,71,01/31/2001,Closure,,,
Kentucky,"Kerry, Inc.",,,,,,Lincoln Trail | Washington | 2023,Kentucky,63,01/29/2001,Closure,,,
Kentucky,JC Penny Store,,,,,,Campbell,Kentucky,82,01/24/2001,Closure,,,
Kentucky,"Collis, Inc.",,,,,,Lincoln Trail | Hardin,Kentucky,13,01/24/2001,Layoff,,,
Kentucky,"V.F. Workwear, Inc. Russellville, KY Facility",,,,,,Cumberlands | Logan | 7389,Kentucky,96,01/18/2001,Layoff,,No,
Kentucky,"Montgomory Ward Harrodsburg Park, Lexington, KY Facility",,,,,,Bluegrass | Fayette,Kentucky,130,01/17/2001,Closure,,No,
Kentucky,"Baskin Robbins Owensboro, KY - Facility",,,,,,Green River | Daviess | 2024,Kentucky,114,01/17/2001,Closure,,Yes,
Kentucky,OshKosh B' Gosh,,,,,,Cumberlands | Casey | 2361,Kentucky,148,01/04/2001,Layoff,,Yes,
Kentucky,Accuride,,,02/02/2001,,,Green River | Henderson,Kentucky,18,01/01/2001,,,No,
Kentucky,Hewlett-Packard (VeriFone),,,,,,Greater Louisville | Jefferson,Kentucky,80,12/14/2000,Layoff,,,
Kentucky,"VF Workwear, Inc. (VF Imagewear)",,,,,,Logan,Kentucky,63,12/14/2000,Layoff,,No,
Kentucky,The Earthgrains Company,,,,,,Greater Louisville | Jefferson,Kentucky,114,12/04/2000,Closure,,Yes,
Kentucky,Stearns Technical Textiles Co.,,,,,,Laurel,Kentucky,90,11/17/2000,Closure,,Yes,
Kentucky,Darwin Networks,,,,,,Greater Louisville | Jefferson,Kentucky,131,11/15/2000,,,,
Kentucky,"Arch Chemicals, Inc.",,,,,,Meade,Kentucky,125,11/14/2000,Layoff,,Yes,
Kentucky,Parker Chapin LLP (Burruss Co.),,,,,,Wayne,Kentucky,72,11/14/2000,Closure,,Yes,
Kentucky,American Greetings,,,,,,Kenton,Kentucky,153,10/09/2000,Closure,,No,
Kentucky,WaxWorks Video Works,,,,,,Daviess,Kentucky,100,09/26/2000,Layoff,,,
Kentucky,Kentucky/West Virginia Gas,,,,,,Floyd,Kentucky,110,09/19/2000,,,,
Kentucky,"United Plastics Group, Inc.",,,,,,Graves,Kentucky,50,09/19/2000,Closure,,No,
Kentucky,Matsushita Home Appliance Co.,,,,,,Bluegrass | Boyle,Kentucky,480,09/12/2000,Layoff,,No,
Kentucky,AFL Truck & Industrial Group,,,,,,Shelby,Kentucky,184,09/12/2000,Closure,,No,
Kentucky,Perry County Coal Corporation,,,,,,Perry & Leslie,Kentucky,200,09/11/2000,,,,
Kentucky,Grocery Supply Co. of Paducah,,,,,,McCracken,Kentucky,48,09/01/2000,Closure,,,
Kentucky,Peabody Coal Company,,,,,,Union,Kentucky,316,08/24/2000,Closure,,Yes,
Kentucky,Dana - Spicer Heavy Axle & Brake,,,,,,Barren River | Barren,Kentucky,230,08/23/2000,Layoff,,,
Kentucky,Bird Vinyl Products,,,,,,Lincoln Trail | Nelson,Kentucky,191,08/15/2000,Closure,,Yes,
Kentucky,Kmart Corporation,,,,,,Taylor,Kentucky,67,08/08/2000,Closure,,No,
Kentucky,CSX Transportation,,,,,,Greenup,Kentucky,53,08/08/2000,Closure,,Yes,
Kentucky,Genlyte Thomas,,,,,,Western Kentucky | Christian,Kentucky,50,07/25/2000,Closure,,Yes,
Kentucky,APAC Customer Services,,,,,,Northern Kentucky | Kenton,Kentucky,59,07/24/2000,Layoff,,,
Kentucky,"Dillard's, Inc.",,,,,,Greater Louisville | Jefferson,Kentucky,141,07/05/2000,Closure,,No,
Kentucky,"Circuit City Stores, Inc.",,,,,,Jefferson,Kentucky,100,06/28/2000,,,,
Kentucky,Fontaine Trailer Company,,,,,,Caldwell,Kentucky,9,06/01/2000,,,,
Kentucky,Heckett MultiServ,,,,,,Boyd,Kentucky,,05/30/2000,,,,
Kentucky,United States Enrichment Corp.,,,,,,McCracken,Kentucky,271,05/10/2000,,,,
Kentucky,Johns Manville Corp.,,,,,,Boone,Kentucky,70,05/02/2000,,,,
Kentucky,Clark Material Handling Co.,,,,,,Fayette,Kentucky,27,05/02/2000,,,,
Kentucky,"Crothall Healthcare, Inc.",,,,,,Jefferson,Kentucky,350,04/21/2000,,,,
Kentucky,"Gibson Greetings, Inc.",,,,,,Kenton,Kentucky,,04/18/2000,,,,
Kentucky,Celestica Corporation,,,,,,Wolfe,Kentucky,218,04/07/2000,,,,
Kentucky,Green River Steel,,,,,,Daviess,Kentucky,169,04/07/2000,,,,
Kentucky,Landstar,,,,,,Hopkins,Kentucky,178,04/03/2000,,,,
Kentucky,"Parsons Telecom, Inc.",,,,,,Statewide,Kentucky,112,04/03/2000,,,,
Kentucky,"Star-Kist Foods, Inc.",,,,,,Campbell,Kentucky,260,03/29/2000,,,,
Kentucky,Fruit of the Loom,,,,,,Franklin,Kentucky,300,03/14/2000,,,,
Kentucky,"Conco, Inc.",,,,,,Jefferson,Kentucky,120,03/14/2000,,,,
Kentucky,US Airways Louisville,,,,,,Jefferson,Kentucky,59,03/07/2000,,,,
Kentucky,Wallace,,,,,,Marion,Kentucky,59,03/07/2000,,,,
Kentucky,US Airways Lexington,,,,,,Fayette,Kentucky,26,03/07/2000,,,,
Kentucky,Tyco Electronics Corporation,,,,,,Crittenden,Kentucky,305,02/21/2000,,,,
Kentucky,Genicom Corporation,,,,,,Jefferson,Kentucky,259,02/21/2000,,,,
Kentucky,United States Enrichment Corp.,,,,,,McCracken,Kentucky,450,02/07/2000,,,,
Kentucky,Qwik Tool & Manufacturing Co.,,,,,,Fayette,Kentucky,130,02/07/2000,,,,
Kentucky,"Millstone Coffee, Inc.",,,,,,Henderson,Kentucky,94,02/07/2000,,,,
Kentucky,Clarion Manufacturing Corporation,,,,,,Boone,Kentucky,108,02/01/2000,,,,
Kentucky,ABTCO,,,,,,Christian,Kentucky,63,02/01/2000,,,,
Kentucky,Tecumseh Products Company,,,,,,Pulaski,Kentucky,604,01/25/2000,,,,
Kentucky,"MHI Machine Tool U.S.A., Inc.",,,,,,Christian,Kentucky,60,01/07/2000,,,,
Kentucky,CertainTeed Corporation,,,,,,Hardin,Kentucky,56,01/04/2000,,,,
Kentucky,Philip Morris,,,,,,Jefferson,Kentucky,260,01/01/2000,,,,
Kentucky,"Ardco, Inc.",,,,,,Todd,Kentucky,335,12/21/1999,Closure,,,
Kentucky,"Collis, Incl.",,,,,,Hardin,Kentucky,34,12/08/1999,,,,
Kentucky,Phelps Dodge,,,,,,Christian,Kentucky,11,12/06/1999,Closure,,,
Kentucky,ILSCO,,,,,,Montgomery,Kentucky,,12/06/1999,Relocation,,,
Kentucky,"Moen, Hoov-R-Line",,,,,,Webster,Kentucky,30,11/22/1999,Relocation,,,
Kentucky,Samuels,,,,,,Fayette,Kentucky,31,11/16/1999,Closure,,,
Kentucky,Jockey International Inc.,,,,,,Nicholas,Kentucky,326,11/03/1999,Closure,,,
Kentucky,Tecumseh Products Co.,,,,,,Pulaski,Kentucky,430,10/27/1999,Layoff,,,
Kentucky,White Swan Meta,,,,,,Hopkins,Kentucky,60,10/22/1999,Closure,,,
Kentucky,Levi Strauss & Co.,,,,,,Boone,Kentucky,226,10/05/1999,Closure,,,
Kentucky,Bird Vinyl Products - rescinded,,,,,,Nelson,Kentucky,203,10/05/1999,Closure,,,
Kentucky,Pike County Coal Corp.,,,,,,Pike,Kentucky,56,10/05/1999,Closure,,,
Kentucky,Ikerd-Bandy Co./CC Coal Co.,,,,,,Bell,Kentucky,140,09/22/1999,Closure,,,
Kentucky,"Hechinger Inv. Company, Inc.",,,,,,Jefferson/Boone,Kentucky,227,09/20/1999,Closure,,,
Kentucky,"Kentucky Apparel, LLP",,,,,,Warren,Kentucky,100,09/20/1999,Closure,,,
Kentucky,"Kentucky Apparel, LLP",,,,,,Monroe,Kentucky,221,09/03/1999,Closure,,,
Kentucky,Accuride Corp.,,,,,,Henderson,Kentucky,203,09/03/1999,Closure,,,
Kentucky,IXC Communications,,,,,,Jefferson,Kentucky,48,09/03/1999,Relocation,,,
Kentucky,"Addington Mining, Inc.",,,,,,Breathitt,Kentucky,6,09/03/1999,Layoff,,,
Kentucky,Island Creek Coal Company,,,,,,Union,Kentucky,,09/03/1999,Closure,,,
Kentucky,CompuCom Systems,,,,,,Kenton,Kentucky,370,08/10/1999,Closure,,,
Kentucky,Nine West (Vanceburg and Hebron),,,,,,Lewis/Boone,Kentucky,309,08/10/1999,Closure,,,
Kentucky,"Kentucky Sportsservice, Inc.",,,,,,Jefferson,Kentucky,96,07/30/1999,,,,
Kentucky,"Preston Trucking Co., Inc.","Lexington, Louisville",,,,,,Kentucky,,07/30/1999,Closure,,,
Kentucky,Copeland Mine and Haz4West Mine,,,,,,Leslie,Kentucky,187,07/06/1999,Layoff,,,
Kentucky,Field Packing Co.,,,,,,Daviess,Kentucky,,06/16/1999,Closure,,,
Kentucky,Hechinger Co.,,,,,,Jefferson,Kentucky,129,06/14/1999,Closure,,,
Kentucky,"Moen, Inc.",,,,,,Webster,Kentucky,,05/24/1999,Layoff,,,
Kentucky,SuperValu,,,,,,Muhlenberg,Kentucky,,05/24/1999,Layoff,,,
Kentucky,United Magazine Company,,,,,,Adair/Jefferson,Kentucky,,05/24/1999,Layoff,,,
Kentucky,Union Underwear Co.,,,,,,Taylor,Kentucky,200,05/17/1999,Layoff,,,
Kentucky,Green River Steel,,,,,,Daviess,Kentucky,184,05/17/1999,Closure,,,
Kentucky,"Equitable Bag Co., Inc.",,,,,,Boone,Kentucky,320,05/12/1999,Closure,,,
Kentucky,Brake Parts,,,,,,Boone/Kenton,Kentucky,102,04/13/1999,Closure,,,
Kentucky,Batesville Casket Company,,,,,,Taylor,Kentucky,212,04/06/1999,Closure,,,
Kentucky,"TechnoTrim, Inc.",,,,,,Barren,Kentucky,583,03/23/1999,Closure,,,
Kentucky,Genlyte Thomas,,,,,,Christian,Kentucky,150,03/23/1999,Closure,,,
Kentucky,The J. Peterman Company,,,,,,Fayette,Kentucky,230,03/08/1999,Closure,,,
Kentucky,"The Apparel Group, Ltd.",,,,,,Jefferson,Kentucky,170,03/01/1999,Closure,,,
Kentucky,Intertec Systems,,,,,,Nelson,Kentucky,121,03/01/1999,Layoff,,,
Kentucky,Cooper Bussmann,,,,,,Hardin,Kentucky,200,02/17/1999,Closure,,,
Kentucky,Paducah Gaseous Diffusion Plant,,,,,,McCraken,Kentucky,,02/17/1999,Layoff,,,
Kentucky,Trinity Fitting & Flange Group,,,,,,Harrison,Kentucky,90,02/09/1999,Closure,,,
Kentucky,Taylor Farms,Louisville,,,,,Jefferson,Kentucky,115,02/04/1999,Layoff,,,
Kentucky,Kentucky Apparel/Gamaliel,,,,,,Monroe,Kentucky,142,02/02/1999,Closure,,,
Kentucky,Matsushita,,,,,,Clark,Kentucky,65,01/20/1999,Closure,,,
Kentucky,Union Underwear/Jamestown,,,,,,Russell,Kentucky,86,01/16/1999,Layoff,,,
Kentucky,Mountain Coals Corporation Star Fire Mine Buckhorn Processing Plant,,,,,,Perry,Kentucky,89,01/01/1999,Layoff,,,
Kentucky,"Kentucky Apparel, L.L.P.",,,,,,Warren,Kentucky,61,01/01/1999,Layoff,,,
Kentucky,Armour Rood Ingredients Co.,Springfield,,,,,,Kentucky,25,01/01/1999,Closure,,,
Kentucky,National-Standard Company,Corbin,,,,,Knox,Kentucky,104,11/18/1998,Layoff,,,
Kentucky,Red Kap Industries,Tompkinsville,,,,,Monroe,Kentucky,146,11/16/1998,Closure,,,
Kentucky,"Bizwill, Inc. (Martiki Coal)",,,,,,Martin,Kentucky,151,11/13/1998,Closure,,,
Kentucky,"Nine West Group, Inc.",Vanceburg,,,,,,Kentucky,171,11/12/1998,Layoff,,,
Kentucky,"Harley Hotels, Inc.",Lexington,,,,,Fayette,Kentucky,79,11/12/1998,Closure,,,
Kentucky,Kentucky Apparel Summer Shade Plant Fountain Run Plant,,,,,,"Metcalfe, Monroe",Kentucky,197,11/08/1998,Closure,,,
Kentucky,OshKosh B'Gosh,Liberty,,,,,Casey,Kentucky,162,11/05/1998,Closure,,,
Kentucky,Gamble Brothers (Burruss Co.),Louisville,,,,,,Kentucky,132,10/30/1998,,,,
Kentucky,PIMA,Louisville,,,,,Jefferson,Kentucky,104,10/08/1998,Closure,,,
Kentucky,Tecumseh Products,Somerset,,,,,Pilaski,Kentucky,200,10/02/1998,Layoff,,,
Kentucky,Speedway SuperAmerica LLC (SSA) and Ashland INC,Ashland,,,,,Boyd,Kentucky,88,10/02/1998,Closure,,,
Kentucky,Commonwealth General Corp..,Louisville,,,,,Jefferson,Kentucky,360,10/01/1998,,,,
